gain,ratio,threshold
-0.11023216213590639,1.5313395110577366,-20.0
-0.11023216213590639,1.5313395110577364,-20.0
-0.1102329398897883,1.5292120197188135,-20.000000000000004
-0.11023293988978829,1.5292120197188135,-20.0
-0.11023293988978827,1.529212019718813,-20.0
-0.11023293988978829,1.529212019718813,-20.0
-0.11023293988978831,1.5292120197188133,-20.000000000000004
-0.11023293988978829,1.529212019718813,-20.0
-0.12405129492932987,1.528123060355657,-20.0
-0.12405129492932987,1.5281230603556568,-20.000000000000004
-0.12405129492932988,1.5281230603556573,-20.0
-0.1254040794022055,1.5225030507157356,-20.0
-0.1254040801820389,1.5225047004235048,-20.0
-0.12684286767579062,1.5197244813100856,-20.0
-0.1284933585024709,1.524711800730484,-19.999999999999996
-0.12942838191366204,1.5266195020865654,-20.0
-0.12942838191366207,1.5266195020865656,-20.0
-0.12684286767579064,1.5197244813100856,-20.000000000000007
-0.12684286767579064,1.5197244813100856,-20.000000000000007
-0.12684286767579064,1.5197244813100859,-20.000000000000007
-0.12684286767579064,1.5197244813100856,-20.000000000000007
-0.12684286767579064,1.5197244813100856,-20.000000000000007
-0.12684286767579064,1.5197244813100859,-20.000000000000007
-0.12684286767579067,1.5197244813100859,-20.000000000000007
-0.12684286767579064,1.5197244813100856,-20.000000000000007
-0.1254040794022055,1.5225030507157356,-20.000000000000007
-0.12540407940220547,1.5225030507157356,-20.000000000000007
-0.1240512949293299,1.5281230603556568,-20.000000000000007
-0.12405129492932987,1.5281230603556573,-20.000000000000007
-0.12405129492932987,1.5281230603556573,-20.000000000000007
-0.11023310443464365,1.5300533484745644,-20.000000000000007
-0.11023310443464365,1.5300533484745646,-20.000000000000007
-0.11095734796566889,1.5311353815265418,-20.000000000000007
-0.11095734796566889,1.5311353815265416,-20.000000000000007
-0.11095734796566889,1.5311353815265414,-20.000000000000007
-0.11095734796566889,1.5311353815265414,-20.000000000000007
-0.1109573479656689,1.5311353815265414,-20.000000000000007
-0.11095734796566889,1.5311353815265414,-20.000000000000007
-0.11095734796566889,1.5311353815265414,-20.000000000000007
-0.11095734796566892,1.5311353815265416,-20.000000000000007
-0.1109573479656689,1.5311353815265416,-20.000000000000007
-0.1109573479656689,1.5311353815265414,-20.000000000000007
-0.11095734796566889,1.5311353815265414,-20.000000000000007
-0.11095734796566889,1.5311353815265414,-20.000000000000007
-0.1109573479656689,1.5311353815265414,-20.000000000000007
-0.11023216213590639,1.5313395110577368,-20.000000000000007
-0.1102321621359064,1.531339511057737,-20.000000000000007
-0.1102321621359064,1.531339511057737,-20.000000000000007
-0.1102329398897883,1.5292120197188135,-20.000000000000007
-0.1102329398897883,1.5292120197188135,-20.000000000000007
-0.11023293988978833,1.5292120197188135,-20.000000000000007
-0.11023293988978831,1.5292120197188135,-20.000000000000007
-0.11023293988978831,1.5292120197188133,-20.000000000000007
-0.1240512949293299,1.5281230603556568,-20.000000000000007
-0.12405129492932987,1.5281230603556573,-20.000000000000007
-0.12540407940220547,1.5225030507157353,-20.000000000000007
-0.1254040794022055,1.5225030507157353,-20.000000000000007
-0.12684286767579067,1.5197244813100856,-20.000000000000007
-0.12962373824809628,1.5255562980702628,-20.000000000000007
-0.1316233486773816,1.512553191202664,-20.000000000000007
-0.13225188883939853,1.505849498802996,-20.000000000000007
-0.13496593015556188,1.490400499773179,-20.000000000000007
-0.134987587169906,1.490284182800638,-20.000000000000007
-0.13505647193701795,1.4933154606281194,-20.000000000000007
-0.13523645424514372,1.4956132648969094,-20.000000000000007
-0.1352364542451437,1.4956132648969094,-20.000000000000007
-0.13541503259313709,1.4948226663941324,-20.000000000000007
-0.1352364542451437,1.4956132648969092,-20.000000000000007
-0.1350079976204999,1.4901723146345818,-20.000000000000007
-0.13496593015556188,1.490400499773179,-20.000000000000007
-0.13162334867738157,1.512553191202664,-20.000000000000007
-0.13160506288298884,1.5132325960306732,-20.000000000000007
-0.12942838191366207,1.5266195020865654,-20.000000000000007
-0.12540408018203894,1.5225047004235046,-20.000000000000007
-0.12405129492932988,1.528123060355657,-20.000000000000007
-0.12405129492932988,1.528123060355657,-20.000000000000007
-0.12405129492932987,1.5281230603556573,-20.000000000000007
-0.1247755384603551,1.5292050934076342,-20.000000000000007
-0.1247755384603551,1.5292050934076347,-20.000000000000007
-0.11240583658738619,1.5333027470460343,-20.000000000000007
-0.11240583658738619,1.5333027470460343,-20.000000000000007
-0.11095734796566889,1.5311353815265414,-20.000000000000007
-0.11095734796566889,1.5311353815265416,-20.000000000000007
-0.1109573479656689,1.5311353815265414,-20.000000000000007
-0.1109573479656689,1.5311353815265414,-20.000000000000007
-0.11095734796566889,1.5311353815265414,-20.000000000000007
-0.11095734796566889,1.5311353815265416,-20.000000000000007
-0.11095734796566889,1.5311353815265416,-20.000000000000007
-0.11095734796566889,1.5311353815265414,-20.000000000000007
-0.11023310443464367,1.5300533484745644,-20.000000000000007
-0.11023216213590639,1.5313395110577366,-20.000000000000007
-0.1240512949293299,1.528123060355657,-20.000000000000007
-0.12405129492932988,1.5281230603556573,-20.000000000000007
-0.12540407940220547,1.5225030507157356,-20.000000000000007
-0.12540408018203894,1.5225047004235046,-20.000000000000007
-0.12684286767579067,1.5197244813100856,-20.000000000000007
-0.12684286767579067,1.5197244813100856,-20.000000000000007
-0.12962373824809628,1.525556298070263,-20.000000000000007
-0.13160506288298884,1.5132325960306732,-20.000000000000007
-0.13162334867738157,1.512553191202664,-20.000000000000007
-0.13162334867738157,1.5125531912026635,-20.000000000000007
-0.13162334867738157,1.5125531912026637,-20.000000000000007
-0.13160506288298887,1.5132325960306732,-20.000000000000007
-0.1296237382480963,1.525556298070263,-20.000000000000007
-0.12962373824809628,1.525556298070263,-20.000000000000007
-0.1284933585024709,1.5247118007304845,-20.000000000000007
-0.12684286767579067,1.5197244813100859,-20.000000000000007
-0.12540407940220547,1.5225030507157353,-20.000000000000007
-0.12540407940220547,1.5225030507157356,-20.000000000000007
-0.1240512949293299,1.528123060355657,-20.000000000000007
-0.1240512949293299,1.5281230603556573,-20.000000000000007
-0.12405129492932988,1.5281230603556573,-20.000000000000007
-0.12540407940220547,1.522503050715735,-20.000000000000007
-0.1254040794022055,1.5225030507157356,-20.000000000000007
-0.12684286767579067,1.5197244813100856,-20.000000000000007
-0.1284933585024709,1.5247118007304845,-20.000000000000007
-0.12684286767579064,1.5197244813100856,-20.000000000000007
-0.12540407940220547,1.5225030507157356,-20.000000000000007
-0.1254040794022055,1.5225030507157353,-20.000000000000007
-0.12405129492932988,1.5281230603556573,-20.000000000000007
-0.12540407940220547,1.5225030507157356,-20.000000000000007
-0.12612832293323067,1.5235850837677127,-20.000000000000007
-0.12612832293323067,1.5235850837677125,-20.000000000000007
-0.12477553846035512,1.5292050934076342,-20.000000000000007
-0.1260286681481934,1.5324146913745378,-20.000000000000007
-0.11240583658738618,1.5333027470460343,-20.000000000000007
-0.11240583658738618,1.5333027470460345,-20.000000000000007
-0.11095734796566889,1.5311353815265416,-20.000000000000007
-0.11095734796566889,1.5311353815265414,-20.000000000000007
-0.11240583658738619,1.5333027470460345,-20.000000000000007
-0.1124058365873862,1.5333027470460343,-20.000000000000007
-0.11240583658738619,1.5333027470460343,-20.000000000000007
-0.11240583658738619,1.5333027470460345,-20.000000000000007
-0.11240583658738618,1.5333027470460345,-20.000000000000007
-0.11023293988978831,1.5292120197188135,-20.000000000000007
-0.12405129492932988,1.528123060355657,-20.000000000000007
-0.12540407940220547,1.522503050715735,-20.000000000000007
-0.12540407940220547,1.5225030507157356,-20.000000000000007
-0.12540408018203894,1.5225047004235046,-20.000000000000007
-0.12540407940220547,1.5225030507157356,-20.000000000000007
-0.12540407940220547,1.522503050715735,-20.000000000000007
-0.1254040794022055,1.522503050715735,-20.000000000000007
-0.1254040794022055,1.5225030507157356,-20.000000000000007
-0.12540407940220547,1.5225030507157353,-20.000000000000007
-0.12540407940220547,1.5225030507157353,-20.000000000000007
-0.12405129492932987,1.5281230603556573,-20.000000000000007
-0.12405129492932987,1.5281230603556568,-20.000000000000007
-0.12540407940220547,1.5225030507157353,-20.000000000000007
-0.12684286767579064,1.5197244813100856,-20.000000000000007
-0.1296237382480963,1.5255562980702628,-20.000000000000007
-0.1296237382480963,1.525556298070263,-20.000000000000007
-0.12962373824809628,1.525556298070263,-20.000000000000007
-0.12962373824809628,1.525556298070263,-20.000000000000007
-0.12962373824809628,1.5255562980702633,-20.000000000000007
-0.1296237382480963,1.525556298070263,-20.000000000000007
-0.1296237382480963,1.525556298070263,-20.000000000000007
-0.12684286767579064,1.5197244813100854,-20.000000000000007
-0.1254040794022055,1.5225030507157356,-20.000000000000007
-0.1254040794022055,1.5225030507157356,-20.000000000000007
-0.1254040794022055,1.5225030507157353,-20.000000000000007
-0.12684286767579067,1.5197244813100854,-20.000000000000007
-0.12942838191366207,1.5266195020865654,-20.000000000000007
-0.1296237382480963,1.5255562980702628,-20.000000000000007
-0.1316233486773816,1.5125531912026635,-20.000000000000007
-0.13162334867738157,1.5125531912026637,-20.000000000000007
-0.13225188883939853,1.505849498802996,-20.000000000000007
-0.13496593015556185,1.490400499773179,-20.000000000000007
-0.13496593015556188,1.4904004997731792,-20.000000000000007
-0.13496593015556188,1.490400499773179,-20.000000000000007
-0.13496593015556185,1.4904004997731792,-20.000000000000007
-0.13477851668463556,1.493063189381522,-20.000000000000007
-0.13162334867738157,1.5125531912026637,-20.000000000000007
-0.13162334867738154,1.5125531912026637,-20.000000000000007
-0.13162334867738157,1.512553191202664,-20.000000000000007
-0.13496593015556188,1.490400499773179,-20.000000000000007
-0.13496974848001755,1.490732776495604,-20.000000000000007
-0.13500799762049986,1.4901723146345818,-20.000000000000007
-0.13503577658727478,1.4898840518799976,-20.000000000000007
-0.1341954040298954,1.493917266852032,-20.000000000000007
-0.13136931143642383,1.5152803898427867,-20.000000000000007
-0.12684286767579064,1.5197244813100856,-20.000000000000007
-0.12540407940220547,1.5225030507157356,-20.000000000000007
-0.12405129492932987,1.5281230603556573,-20.000000000000007
-0.12405129492932988,1.5281230603556568,-20.000000000000007
-0.12405129492932987,1.528123060355657,-20.000000000000007
-0.1240512949293299,1.528123060355657,-20.000000000000007
-0.12405129492932988,1.5281230603556573,-20.000000000000007
-0.12405129492932988,1.5281230603556573,-20.000000000000007
-0.12405129492932988,1.5281230603556573,-20.000000000000007
-0.1254040794022055,1.5225030507157353,-20.000000000000007
-0.1254040794022055,1.5225030507157356,-20.000000000000007
-0.1254040801820389,1.5225047004235046,-20.000000000000007
-0.12684286767579064,1.5197244813100856,-20.000000000000007
-0.12684286767579064,1.5197244813100859,-20.000000000000007
-0.12962373824809628,1.525556298070263,-20.000000000000007
-0.13162334867738157,1.512553191202664,-20.000000000000007
-0.13225188883939853,1.505849498802996,-20.000000000000007
-0.13434189990028766,1.4942024153350568,-20.000000000000007
-0.13225188883939853,1.5058494988029962,-20.000000000000007
-0.13496593015556188,1.4904004997731795,-20.000000000000007
-0.13477851668463559,1.493063189381522,-20.000000000000007
-0.13496593015556185,1.490400499773179,-20.000000000000007
-0.13500799762049986,1.4901723146345818,-20.000000000000007
-0.13496593015556185,1.4904004997731792,-20.000000000000007
-0.13225188883939853,1.5058494988029958,-20.000000000000007
-0.13160506288298884,1.5132325960306732,-20.000000000000007
-0.12684286767579064,1.5197244813100856,-20.000000000000007
-0.12612832293323067,1.5235850837677125,-20.000000000000007
-0.12477553846035512,1.5292050934076344,-20.000000000000007
-0.11095734796566889,1.5311353815265416,-20.000000000000007
-0.1109573479656689,1.5311353815265416,-20.000000000000007
-0.11240583658738618,1.5333027470460345,-20.000000000000007
-0.11240583658738618,1.5333027470460343,-20.000000000000007
-0.11240583658738618,1.5333027470460343,-20.000000000000007
-0.11095734796566889,1.5311353815265416,-20.000000000000007
-0.11095734796566889,1.5311353815265414,-20.000000000000007
-0.11095734796566889,1.5311353815265414,-20.000000000000007
-0.11240583658738619,1.5333027470460345,-20.000000000000007
-0.1124058365873862,1.5333027470460345,-20.000000000000007
-0.11160983668258677,1.5394053130640604,-20.000000000000007
-0.1257308357213163,1.539254732950738,-20.000000000000007
-0.1257308294826488,1.5392437174190678,-20.000000000000007
-0.1257308294826488,1.539243717419068,-20.000000000000007
-0.12793961775427448,1.5305380631712828,-20.000000000000007
-0.12793961775427445,1.530538063171283,-20.000000000000007
-0.12684286767579067,1.5197244813100856,-20.000000000000007
-0.12684286767579067,1.5197244813100856,-20.000000000000007
-0.12540407940220547,1.5225030507157356,-20.000000000000007
-0.12405129492932988,1.5281230603556573,-20.000000000000007
-0.12405129492932988,1.5281230603556573,-20.000000000000007
-0.12405129492932987,1.5281230603556573,-20.000000000000007
-0.12405129492932988,1.5281230603556573,-20.000000000000007
-0.12540407940220547,1.5225030507157356,-20.000000000000007
-0.12540407940220547,1.5225030507157353,-20.000000000000007
-0.12540407940220547,1.5225030507157353,-20.000000000000007
-0.1254040801820389,1.5225047004235046,-20.000000000000007
-0.12684286767579067,1.5197244813100859,-20.000000000000007
-0.12684286767579067,1.5197244813100859,-20.000000000000007
-0.1284933585024709,1.5247118007304847,-20.000000000000007
-0.1296237382480963,1.525556298070263,-20.000000000000007
-0.12942838191366207,1.5266195020865654,-20.000000000000007
-0.12942838191366207,1.5266195020865652,-20.000000000000007
-0.12684286767579067,1.5197244813100856,-20.000000000000007
-0.12942838191366207,1.5266195020865656,-20.000000000000007
-0.12942838191366207,1.5266195020865656,-20.000000000000007
-0.12962373824809628,1.525556298070263,-20.000000000000007
-0.13160506288298884,1.5132325960306732,-20.000000000000007
-0.1316233486773816,1.512553191202664,-20.000000000000007
-0.13162334867738157,1.5125531912026637,-20.000000000000007
-0.1316233486773816,1.512553191202664,-20.000000000000007
-0.1316233486773816,1.512553191202664,-20.000000000000007
-0.12962373824809628,1.525556298070263,-20.000000000000007
-0.12942838191366204,1.5266195020865654,-20.000000000000007
-0.1284933585024709,1.5247118007304845,-20.000000000000007
-0.1254040794022055,1.5225030507157353,-20.000000000000007
-0.1247755384603551,1.5292050934076342,-20.000000000000007
-0.1247755384603551,1.5292050934076344,-20.000000000000007
-0.1109573479656689,1.5311353815265416,-20.000000000000007
-0.11240583658738618,1.5333027470460345,-20.000000000000007
-0.11240583658738619,1.5333027470460343,-20.000000000000007
-0.1109573479656689,1.5311353815265416,-20.000000000000007
-0.11095734796566889,1.5311353815265414,-20.000000000000007
-0.11095734796566892,1.5311353815265414,-20.000000000000007
-0.1124058365873862,1.5333027470460345,-20.000000000000007
-0.11240583658738619,1.5333027470460343,-20.000000000000007
-0.11240583658738618,1.5333027470460345,-20.000000000000007
-0.11240583658738619,1.5333027470460343,-20.000000000000007
-0.11240583658738618,1.5333027470460345,-20.000000000000007
-0.12489405858600164,1.531160375428648,-20.000000000000007
-0.12722507951032647,1.5344098673747553,-20.000000000000007
-0.1280959965837955,1.5229324295692201,-20.000000000000007
-0.12962373824809628,1.525556298070263,-20.000000000000007
-0.1296237382480963,1.5255562980702628,-20.000000000000007
-0.12942838191366207,1.5266195020865654,-20.000000000000007
-0.12684286767579067,1.5197244813100856,-20.000000000000007
-0.12684286767579067,1.5197244813100856,-20.000000000000007
-0.12684286767579067,1.5197244813100859,-20.000000000000007
-0.12684286767579067,1.5197244813100856,-20.000000000000007
-0.1254040794022055,1.522503050715735,-20.000000000000007
-0.1254040794022055,1.5225030507157356,-20.000000000000007
-0.12405129492932988,1.5281230603556573,-20.000000000000007
-0.12405129492932988,1.528123060355657,-20.000000000000007
-0.12405129492932987,1.528123060355657,-20.000000000000007
-0.12540407940220547,1.5225030507157353,-20.000000000000007
-0.1254040801820389,1.5225047004235046,-20.000000000000007
-0.12684286767579067,1.5197244813100856,-20.000000000000007
-0.12684286767579067,1.5197244813100859,-20.000000000000007
-0.12962373824809628,1.525556298070263,-20.000000000000007
-0.12962373824809628,1.5255562980702628,-20.000000000000007
-0.12962373824809628,1.525556298070263,-20.000000000000007
-0.1254040801820389,1.5225047004235046,-20.000000000000007
-0.12540407940220547,1.522503050715735,-20.000000000000007
-0.12477553846035512,1.5292050934076342,-20.000000000000007
-0.12405129492932988,1.5281230603556573,-20.000000000000007
-0.12540407940220547,1.5225030507157356,-20.000000000000007
-0.12942838191366204,1.5266195020865656,-20.000000000000007
-0.13162334867738157,1.512553191202664,-20.000000000000007
-0.13162334867738157,1.512553191202664,-20.000000000000007
-0.13162334867738157,1.512553191202664,-20.000000000000007
-0.1316233486773816,1.5125531912026637,-20.000000000000007
-0.13162334867738157,1.5125531912026637,-20.000000000000007
-0.13162334867738157,1.512553191202664,-20.000000000000007
-0.1316233486773816,1.512553191202664,-20.000000000000007
-0.13162334867738157,1.512553191202664,-20.000000000000007
-0.13160506288298884,1.5132325960306734,-20.000000000000007
-0.1316233486773816,1.5125531912026637,-20.000000000000007
-0.13162334867738157,1.5125531912026637,-20.000000000000007
-0.1316233486773816,1.512553191202664,-20.000000000000007
-0.1316233486773816,1.5125531912026637,-20.000000000000007
-0.13162334867738157,1.5125531912026642,-20.000000000000007
-0.13160506288298884,1.5132325960306732,-20.000000000000007
-0.12962373824809628,1.525556298070263,-20.000000000000007
-0.1296237382480963,1.5255562980702628,-20.000000000000007
-0.12684286767579064,1.5197244813100859,-20.000000000000007
-0.12684286767579067,1.5197244813100856,-20.000000000000007
-0.13160506288298884,1.513232596030673,-20.000000000000007
-0.13496593015556188,1.490400499773179,-20.000000000000007
-0.13523645424514372,1.4956132648969094,-20.000000000000007
-0.1362648890948696,1.4776041952523142,-20.000000000000007
-0.13559501490126286,1.4971204706629226,-20.000000000000007
-0.13496593015556185,1.490400499773179,-20.000000000000007
-0.1316233486773816,1.512553191202664,-20.000000000000007
-0.1284933585024709,1.5247118007304847,-20.000000000000007
-0.1254040794022055,1.522503050715735,-20.000000000000007
-0.1240512949293299,1.528123060355657,-20.000000000000007
-0.12405129492932988,1.5281230603556573,-20.000000000000007
-0.12540407940220547,1.5225030507157353,-20.000000000000007
-0.1254040801820389,1.5225047004235048,-20.000000000000007
-0.12684286767579064,1.5197244813100856,-20.000000000000007
-0.1296237382480963,1.5255562980702628,-20.000000000000007
-0.1284933585024709,1.5247118007304847,-20.000000000000007
-0.12684286767579064,1.5197244813100856,-20.000000000000007
-0.12540407940220547,1.5225030507157356,-20.000000000000007
-0.1254040794022055,1.5225030507157356,-20.000000000000007
-0.1254040794022055,1.5225030507157356,-20.000000000000007
-0.1259329639993517,1.5246273162151232,-20.000000000000007
-0.12809599658379553,1.5229324295692201,-20.000000000000007
-0.1316233486773816,1.5125531912026635,-20.000000000000007
-0.13496974848001755,1.4907327764956038,-20.000000000000007
-0.13523645424514372,1.4956132648969094,-20.000000000000007
-0.13500799762049986,1.4901723146345818,-20.000000000000007
-0.13496593015556188,1.490400499773179,-20.000000000000007
-0.13496593015556185,1.4904004997731792,-20.000000000000007
-0.13496974848001755,1.490732776495604,-20.000000000000007
-0.1352364542451437,1.4956132648969094,-20.000000000000007
-0.13500799762049986,1.4901723146345816,-20.000000000000007
-0.13477851668463559,1.4930631893815218,-20.000000000000007
-0.13160506288298887,1.5132325960306732,-20.000000000000007
-0.12962373824809628,1.525556298070263,-20.000000000000007
-0.13085358821817872,1.508353785429793,-20.000000000000007
-0.13502592417162232,1.5052987353294092,-20.000000000000007
-0.13517229201935854,1.508478118708559,-20.000000000000007
-0.13548266325810887,1.510385455395212,-20.000000000000007
-0.13517229201935854,1.5084781187085592,-20.000000000000007
-0.1350259241716223,1.5052987353294092,-20.000000000000007
-0.13103589494983794,1.5232912541189418,-20.000000000000007
-0.12884376093108105,1.5347904776452892,-20.000000000000007
-0.12884376093108107,1.5347904776452894,-20.000000000000007
-0.13103589494983797,1.523291254118942,-20.000000000000007
-0.134838510700696,1.5079614249377522,-20.000000000000007
-0.13695133526891742,1.4199074454912577,-20.000000000000007
-0.17282343672578382,1.5938334632912752,-20.000000000000007
-0.2046848233590407,1.7442442470352897,-20.000000000000007
-0.25484181585944143,1.7686168378818954,-20.000000000000007
-0.30083455531499464,1.5489744544843096,-20.000000000000007
-0.3363013541260964,1.5009109637509448,-20.000000000000007
-0.37228357135429485,1.4943214029827445,-20.000000000000007
-0.3828940628533279,1.4989909658380889,-20.000000000000007
-0.40293320408488525,1.4963413478762728,-20.000000000000007
-0.4028087162188702,1.4963113026471009,-20.000000000000007
-0.387732105581318,1.500030631151856,-20.000000000000007
-0.39281078423177934,1.5039916402395144,-20.000000000000007
-0.36917940858048814,1.4986629945158303,-20.000000000000007
-0.3533889828482826,1.5008004868402245,-20.000000000000007
-0.3364383176334147,1.5010743917059688,-20.000000000000007
-0.3104544854362721,1.5029940108138866,-20.000000000000007
-0.2918235813715346,1.5874257299971324,-20.000000000000007
-0.2668245749408452,1.7631411635042233,-20.000000000000007
-0.2532688923353968,1.7578024270239831,-20.000000000000007
-0.23914845731120107,1.8911858233795016,-20.000000000000007
-0.2106765637514194,1.8287123508592724,-20.000000000000007
-0.20438912631107453,1.7467571198479008,-20.000000000000007
-0.18226034594502283,1.575240624019803,-20.000000000000007
-0.17950911580190798,1.5810607140359074,-20.000000000000007
-0.17716407672167847,1.5760687284044748,-20.000000000000007
-0.15098649128259778,1.3992341320455806,-20.000000000000007
-0.16015086704143033,1.4658572207674503,-20.000000000000007
-0.151885716309857,1.402262875380409,-20.000000000000007
-0.16226514651890211,1.479978094344565,-20.000000000000007
-0.151885716309857,1.402262875380409,-20.000000000000007
-0.17337853243457832,1.5519365666422187,-20.000000000000007
-0.16015086704143036,1.4658572207674505,-20.000000000000007
-0.16015086704143033,1.4658572207674503,-20.000000000000007
-0.179509115801908,1.5810607140359072,-20.000000000000007
-0.17716407672167844,1.5760687284044748,-20.000000000000007
-0.17716407672167847,1.5760687284044745,-20.000000000000007
-0.18837473412143405,1.573377960684116,-20.000000000000007
-0.17917386072802038,1.5901780441278879,-20.000000000000007
-0.17248818165189622,1.6029507933832556,-20.000000000000007
-0.17506089947291542,1.570818104861102,-20.000000000000007
-0.1606803905821065,1.5278905854883735,-20.000000000000007
-0.16696030971326425,1.5639589047489204,-20.000000000000007
-0.17230075206441223,1.5935067427276295,-20.000000000000007
-0.15917973565243243,1.5149770990087175,-20.000000000000007
-0.1669603097132642,1.5639589047489202,-20.000000000000007
-0.1703340981760395,1.5849866947369586,-20.000000000000007
-0.17917386072802036,1.5901780441278879,-20.000000000000007
-0.18888897604606414,1.5748627885679043,-20.000000000000007
-0.22088539733767873,1.9311452890383747,-20.000000000000007
-0.2568330433392154,1.7714910356285514,-20.000000000000007
-0.2909864358299067,1.5839273016702227,-20.000000000000007
-0.3179667630369377,1.4970899085288836,-20.000000000000007
-0.34132553122210924,1.4984192882051621,-20.000000000000007
-0.35785699388438386,1.4998773025065988,-20.000000000000007
-0.3744593085951897,1.4904717119801862,-20.000000000000007
-0.3788067192674562,1.4995029946227354,-20.000000000000007
-0.3716938068827961,1.496928801428554,-20.000000000000007
-0.3539475696016855,1.499680190761621,-20.000000000000007
-0.32809576997054835,1.4992963643100743,-20.000000000000007
-0.3129569535463593,1.5036455782190041,-20.000000000000007
-0.30042643755987564,1.5533940379186733,-20.000000000000007
-0.28402558979585685,1.5506902601257062,-20.000000000000007
-0.2563927361230956,1.7641773193596846,-20.000000000000007
-0.219816355261127,1.9254145073810727,-20.000000000000007
-0.17510106245462623,1.5664045252620538,-20.000000000000007
-0.15890037786961225,1.5140226726475716,-20.000000000000007
-0.13559501490126286,1.4971204706629226,-20.000000000000007
-0.13559501490126288,1.4971204706629226,-20.000000000000007
-0.13559501490126286,1.4971204706629226,-20.000000000000007
-0.13523645424514372,1.4956132648969094,-20.000000000000007
-0.13559501490126286,1.4971204706629224,-20.000000000000007
-0.14975414285615304,1.4356134548649337,-20.000000000000007
-0.14975415741304388,1.4356391577721637,-20.000000000000007
-0.16015086704143033,1.4658572207674505,-20.000000000000007
-0.14975415741304388,1.4356391577721637,-20.000000000000007
-0.1489623238983579,1.441250436214657,-20.000000000000007
-0.1497541574130439,1.4356391577721639,-20.000000000000007
-0.1627002308005726,1.4821412217524914,-20.000000000000007
-0.17917386072802038,1.5901780441278879,-20.000000000000007
-0.18067000068203443,1.5594198148107747,-20.000000000000007
-0.179509115801908,1.5810607140359072,-20.000000000000007
-0.17917386072802038,1.5901780441278879,-20.000000000000007
-0.17337853243457835,1.5519365666422187,-20.000000000000007
-0.16491224342351887,1.4962079272044329,-20.000000000000007
-0.16175363895024922,1.4767475548411564,-20.000000000000007
-0.1509864912825978,1.3992341320455806,-20.000000000000007
-0.1617536389502492,1.4767475548411564,-20.000000000000007
-0.14975414285615304,1.4356134548649337,-20.000000000000007
-0.16270023080057264,1.4821412217524914,-20.000000000000007
-0.14975415741304388,1.4356391577721634,-20.000000000000007
-0.16175363895024925,1.4767475548411564,-20.000000000000007
-0.18067000068203443,1.5594198148107745,-20.000000000000007
-0.18837473412143407,1.573377960684116,-20.000000000000007
-0.24331565227769242,1.8314426881179227,-20.000000000000007
-0.2911941062217188,1.5877170694326266,-20.000000000000007
-0.32779544108622705,1.4992430344162408,-20.000000000000007
-0.36114180489533265,1.4986204033741193,-20.000000000000007
-0.3650299395854603,1.502175299410743,-20.000000000000007
-0.3715774318189923,1.4979787358119936,-20.000000000000007
-0.3845548105042842,1.5003939227014023,-20.000000000000007
-0.38289406285332794,1.4989909658380889,-20.000000000000007
-0.3887647470475655,1.4972392932328136,-20.000000000000007
-0.3709230123969478,1.4976285557737903,-20.000000000000007
-0.34314791133220807,1.499467229550473,-20.000000000000007
-0.31829543196254073,1.497144827798164,-20.000000000000007
-0.2875314298916252,1.553581700605224,-20.000000000000007
-0.2648358141067279,1.760182020911433,-20.000000000000007
-0.23595500071689002,1.9215763779110158,-20.000000000000007
-0.2194162957036321,1.9349444952642607,-20.000000000000007
-0.18842511370101278,1.5738540301251946,-20.000000000000007
-0.1811061921972143,1.5615965088310684,-20.000000000000007
-0.16226514651890211,1.479978094344565,-20.000000000000007
-0.13559501490126286,1.4971204706629226,-20.000000000000007
-0.1363431436907083,1.4690918166037121,-20.000000000000007
-0.13505647193701792,1.4933154606281194,-20.000000000000007
-0.13523645424514372,1.4956132648969094,-20.000000000000007
-0.13766089245675406,1.4109848407592602,-20.000000000000007
-0.13634314369070832,1.4690918166037121,-20.000000000000007
-0.13766089245675403,1.4109848407592605,-20.000000000000007
-0.13766089245675403,1.4109848407592605,-20.000000000000007
-0.137660892456754,1.4109848407592605,-20.000000000000007
-0.13766089245675406,1.4109848407592602,-20.000000000000007
-0.13766089245675406,1.4109848407592607,-20.000000000000007
-0.13766089245675406,1.4109848407592605,-20.000000000000007
-0.13766089245675406,1.4109848407592602,-20.000000000000007
-0.13774689261824094,1.4138227263361494,-20.000000000000007
-0.1489623238983579,1.441250436214657,-20.000000000000007
-0.14975414285615307,1.435613454864934,-20.000000000000007
-0.14975414285615307,1.4356134548649337,-20.000000000000007
-0.14975397272249139,1.435700930846816,-20.000000000000007
-0.14849302182516144,1.4731912638912992,-20.000000000000007
-0.14956704378807442,1.4816374407249464,-20.000000000000007
-0.14956704378807442,1.4816374407249464,-20.000000000000007
-0.14956704378807442,1.4816374407249462,-20.000000000000007
-0.1383658590250871,1.4276429064929173,-20.000000000000007
-0.1495116141371251,1.4836989924470354,-20.000000000000007
-0.16491224342351887,1.4962079272044326,-20.000000000000007
-0.18250173051842533,1.5731434678747531,-20.000000000000007
-0.22700039482394935,1.931983712679078,-20.000000000000007
-0.25563855517631207,1.7661148040979742,-20.000000000000007
-0.2871166501006802,1.5498945121053427,-20.000000000000007
-0.3100546605138705,1.5028397862358656,-20.000000000000007
-0.3214403928558387,1.4988399258078584,-20.000000000000007
-0.33289809153070005,1.4971627032665398,-20.000000000000007
-0.3486235286584091,1.5007792869812386,-20.000000000000007
-0.3579270871658728,1.500136946603828,-20.000000000000007
-0.3609487328230098,1.4997644896246598,-20.000000000000007
-0.3548610364443286,1.50046154038621,-20.000000000000007
-0.3295429993096188,1.496952338922659,-20.000000000000007
-0.304905052023723,1.505661875178614,-20.000000000000007
-0.27976695182039985,1.5259922515416309,-20.000000000000007
-0.2484189620322711,1.770475116928055,-20.000000000000007
-0.21173042344573,1.8478756848573854,-20.000000000000007
-0.19316194813994036,1.6117989308347909,-20.000000000000007
-0.18226034594502277,1.575240624019803,-20.000000000000007
-0.17825534106184449,1.5837285229747722,-20.000000000000007
-0.1509864912825978,1.3992341320455806,-20.000000000000007
-0.1352076196438386,1.495979456678732,-20.000000000000007
-0.1363431436907083,1.4690918166037124,-20.000000000000007
-0.13500799762049986,1.4901723146345816,-20.000000000000007
-0.13626488909486958,1.477604195252314,-20.000000000000007
-0.13559501490126286,1.4971204706629224,-20.000000000000007
-0.13559501490126286,1.4971204706629224,-20.000000000000007
-0.13559501490126288,1.4971204706629224,-20.000000000000007
-0.13766089245675406,1.4109848407592605,-20.000000000000007
-0.1363431436907083,1.469091816603712,-20.000000000000007
-0.13766033188648455,1.4110074467856226,-20.000000000000007
-0.1363431436907083,1.4690918166037121,-20.000000000000007
-0.13634314369070832,1.4690918166037121,-20.000000000000007
-0.13559501490126288,1.4971204706629224,-20.000000000000007
-0.13559501490126286,1.4971204706629226,-20.000000000000007
-0.13559501490126288,1.4971204706629226,-20.000000000000007
-0.13626488909486958,1.477604195252314,-20.000000000000007
-0.13766089245675403,1.4109848407592605,-20.000000000000007
-0.13766033188648452,1.4110074467856224,-20.000000000000007
-0.13686489255195464,1.4170874067772863,-20.000000000000007
-0.1382798588636003,1.4248050209160281,-20.000000000000007
-0.13827985886360028,1.4248050209160283,-20.000000000000007
-0.13827985886360028,1.4248050209160281,-20.000000000000007
-0.13626719740184534,1.4902681766755492,-20.000000000000007
-0.15102879854631793,1.4468251869807613,-20.000000000000007
-0.17542972117740843,1.5709628390265231,-20.000000000000007
-0.200597933235482,1.7432292693718763,-20.000000000000007
-0.25343712749256075,1.759527146874755,-20.000000000000007
-0.285587080344336,1.5632803966587596,-20.000000000000007
-0.3179522567621638,1.4998066853287966,-20.000000000000007
-0.3487501180293201,1.5010117486246983,-20.000000000000007
-0.3541032745430152,1.4998982824363996,-20.000000000000007
-0.36629191271445494,1.500986808570671,-20.000000000000007
-0.36294915401912586,1.4976987593206794,-20.000000000000007
-0.3523467360598567,1.499940981957793,-20.000000000000007
-0.3536397391999955,1.4984136305915607,-20.000000000000007
-0.3372478884271491,1.5008680690747764,-20.000000000000007
-0.3252125618254666,1.4993006496975676,-20.000000000000007
-0.3081905089560865,1.5093013509780795,-20.000000000000007
-0.2801598476979634,1.4819241385848267,-20.000000000000007
-0.24894779568029934,1.7654260612210055,-20.000000000000007
-0.2204517092827924,1.9350526994791253,-20.000000000000007
-0.18220996636544406,1.5747645545787243,-20.000000000000007
-0.16759542777032854,1.5582124814948661,-20.000000000000007
-0.13766089245675403,1.4109848407592605,-20.000000000000007
-0.13510141308817403,1.4966141899032055,-20.000000000000007
-0.13484361666012967,1.490359616932491,-20.000000000000007
-0.13505647193701795,1.4933154606281192,-20.000000000000007
-0.13634314369070832,1.469091816603712,-20.000000000000007
-0.13766089245675406,1.41098484075926,-20.000000000000007
-0.14969871320520375,1.437675006587023,-20.000000000000007
-0.14947303603690426,1.4401127615108216,-20.000000000000007
-0.1377468926182409,1.4138227263361496,-20.000000000000007
-0.14969871320520375,1.4376750065870232,-20.000000000000007
-0.14947306268121344,1.4401096667703466,-20.000000000000007
-0.14969871320520373,1.4376750065870232,-20.000000000000007
-0.14969871320520373,1.4376750065870232,-20.000000000000007
-0.14969871320520373,1.437675006587023,-20.000000000000007
-0.1494730360369043,1.4401127615108216,-20.000000000000007
-0.1489623238983579,1.441250436214657,-20.000000000000007
-0.13774689261824094,1.4138227263361494,-20.000000000000007
-0.13766089245675406,1.4109848407592605,-20.000000000000007
-0.1377468926182409,1.4138227263361494,-20.000000000000007
-0.13626488909486958,1.4776041952523142,-20.000000000000007
-0.13766089245675403,1.4109848407592605,-20.000000000000007
-0.13552422097192307,1.4980251333747934,-20.000000000000007
-0.1362745899628907,1.469869201926487,-20.000000000000007
-0.1353876019519644,1.4982772609475223,-20.000000000000007
-0.13375776826318883,1.5007426577068994,-20.000000000000007
-0.13766089245675403,1.4109848407592605,-20.000000000000007
-0.16270023080057264,1.4821412217524916,-20.000000000000007
-0.18837473412143407,1.573377960684116,-20.000000000000007
-0.22745693797728467,1.9260292721451286,-20.000000000000007
-0.25634200795797024,1.7685735016033912,-20.000000000000007
-0.2851737895803543,1.535504724456564,-20.000000000000007
-0.3202941469480811,1.4999482428837172,-20.000000000000007
-0.3378552548177013,1.4995258625127823,-20.000000000000007
-0.36200415952762754,1.4992286842863254,-20.000000000000007
-0.36222153800092005,1.500041635981562,-20.000000000000007
-0.3573031244961632,1.5001394893905031,-20.000000000000007
-0.3569252526946529,1.4987940732425815,-20.000000000000007
-0.3385731400153774,1.5002201500271966,-20.000000000000007
-0.33007164389101235,1.4963689872593187,-20.000000000000007
-0.31359437367213805,1.5056681752911174,-20.000000000000007
-0.281479852749596,1.5255570079449206,-20.000000000000007
-0.25046604937110756,1.6944530197012417,-20.000000000000007
-0.21173096932913646,1.8478864443445635,-20.000000000000007
-0.17510106245462626,1.566404525262054,-20.000000000000007
-0.15890037786961225,1.5140226726475712,-20.000000000000007
-0.1382798588636003,1.4248050209160281,-20.000000000000007
-0.13548266325810884,1.5103854553952125,-20.000000000000007
-0.1350259241716223,1.5052987353294094,-20.000000000000007
-0.1352364542451437,1.4956132648969092,-20.000000000000007
-0.1352364542451437,1.4956132648969094,-20.000000000000007
-0.13634314369070832,1.469091816603712,-20.000000000000007
-0.13774689261824094,1.4138227263361496,-20.000000000000007
-0.13766089245675406,1.41098484075926,-20.000000000000007
-0.1377468926182409,1.4138227263361496,-20.000000000000007
-0.14896232389835787,1.4412504362146568,-20.000000000000007
-0.14969871320520373,1.4376750065870232,-20.000000000000007
-0.14969871320520375,1.4376750065870232,-20.000000000000007
-0.14975414285615307,1.4356134548649337,-20.000000000000007
-0.14975414285615307,1.435613454864934,-20.000000000000007
-0.1509864912825978,1.3992341320455808,-20.000000000000007
-0.15188571630985698,1.4022628753804087,-20.000000000000007
-0.16015086704143036,1.4658572207674503,-20.000000000000007
-0.16015086704143033,1.4658572207674503,-20.000000000000007
-0.16015086704143036,1.4658572207674505,-20.000000000000007
-0.16015086704143033,1.4658572207674505,-20.000000000000007
-0.16015086704143033,1.4658572207674505,-20.000000000000007
-0.151885716309857,1.402262875380409,-20.000000000000007
-0.1601508670414304,1.4658572207674507,-20.000000000000007
-0.1509864912825978,1.3992341320455806,-20.000000000000007
-0.14975415741304388,1.4356391577721637,-20.000000000000007
-0.1742675836248365,1.5596310191219989,-20.000000000000007
-0.1822603459450228,1.5752406240198031,-20.000000000000007
-0.22018468209631764,1.930135979578288,-20.000000000000007
-0.2532096570972713,1.749266009732264,-20.000000000000007
-0.2911941062217188,1.5877170694326264,-20.000000000000007
-0.31562914969316774,1.4957628780877734,-20.000000000000007
-0.3400093142921532,1.4990727639464165,-20.000000000000007
-0.3511812764005935,1.5002575562679525,-20.000000000000007
-0.3648396888205431,1.502565777427295,-20.000000000000007
-0.3634605160513635,1.5037196859405058,-20.000000000000007
-0.35462432617630546,1.5003771671712758,-20.000000000000007
-0.35344785364424813,1.5011870803113496,-20.000000000000007
-0.333001365832083,1.4971235551607258,-20.000000000000007
-0.32687232512230213,1.4984745361382468,-20.000000000000007
-0.307576303871034,1.509276746359918,-20.000000000000007
-0.2808229532297681,1.5098305105304692,-20.000000000000007
-0.24983746969752976,1.735072632605674,-20.000000000000007
-0.21922162412794235,1.9329791594168275,-20.000000000000007
-0.1894245325731731,1.5791548760255547,-20.000000000000007
-0.1811061921972143,1.5615965088310684,-20.000000000000007
-0.18226034594502277,1.5752406240198031,-20.000000000000007
-0.17825534106184446,1.5837285229747722,-20.000000000000007
-0.17933485877093763,1.5832655028315092,-20.000000000000007
-0.17426758362483646,1.559631019121999,-20.000000000000007
-0.15098649128259778,1.3992341320455806,-20.000000000000007
-0.14975414285615304,1.4356134548649337,-20.000000000000007
-0.1363431436907083,1.4690918166037121,-20.000000000000007
-0.1360729657172006,1.4831686616984474,-20.000000000000007
-0.13559501490126286,1.4971204706629224,-20.000000000000007
-0.13559501490126286,1.4971204706629224,-20.000000000000007
-0.13634314369070832,1.469091816603712,-20.000000000000007
-0.13559501490126286,1.4971204706629226,-20.000000000000007
-0.14969871320520375,1.4376750065870232,-20.000000000000007
-0.13766089245675403,1.4109848407592605,-20.000000000000007
-0.14975414285615307,1.435613454864934,-20.000000000000007
-0.14969871320520375,1.4376750065870232,-20.000000000000007
-0.1489623238983579,1.4412504362146568,-20.000000000000007
-0.15280423597603293,1.4087123965335242,-20.000000000000007
-0.14975414285615307,1.435613454864934,-20.000000000000007
-0.1617536389502492,1.4767475548411566,-20.000000000000007
-0.16015086704143036,1.4658572207674507,-20.000000000000007
-0.16226514651890211,1.4799780943445653,-20.000000000000007
-0.1617536389502492,1.4767475548411564,-20.000000000000007
-0.16175363895024922,1.4767475548411566,-20.000000000000007
-0.14975414285615304,1.435613454864934,-20.000000000000007
-0.15098649128259778,1.3992341320455806,-20.000000000000007
-0.17716407672167844,1.5760687284044748,-20.000000000000007
-0.18837473412143407,1.573377960684116,-20.000000000000007
-0.22700039482394935,1.9319837126790782,-20.000000000000007
-0.2549335022414257,1.771860896925751,-20.000000000000007
-0.2831728282521033,1.5185764883075428,-20.000000000000007
-0.31218822155953874,1.503296834176717,-20.000000000000007
-0.32892787399421203,1.4987011661432237,-20.000000000000007
-0.3459021764259511,1.4966973688458312,-20.000000000000007
-0.34467926109628244,1.497410469008538,-20.000000000000007
-0.33850072455237606,1.5002155388184057,-20.000000000000007
-0.33910013016152857,1.4995973545761512,-20.000000000000007
-0.3199664540165185,1.5001703541225777,-20.000000000000007
-0.32154011034232755,1.4989305631499419,-20.000000000000007
-0.301561190920104,1.5393647665325947,-20.000000000000007
-0.275377182707844,1.578807338126714,-20.000000000000007
-0.24233012893262867,1.8479407891859199,-20.000000000000007
-0.18837473412143407,1.5733779606841163,-20.000000000000007
-0.17359964367809977,1.5552621540346743,-20.000000000000007
-0.13541503259313706,1.4948226663941326,-20.000000000000007
-0.13496593015556185,1.490400499773179,-20.000000000000007
-0.13160506288298884,1.5132325960306732,-20.000000000000007
-0.1296237382480963,1.5255562980702628,-20.000000000000007
-0.13160506288298887,1.5132325960306732,-20.000000000000007
-0.1322518888393985,1.5058494988029958,-20.000000000000007
-0.13523645424514372,1.4956132648969094,-20.000000000000007
-0.13766089245675403,1.4109848407592605,-20.000000000000007
-0.1509864912825978,1.3992341320455806,-20.000000000000007
-0.16015086704143033,1.4658572207674505,-20.000000000000007
-0.14975414285615304,1.435613454864934,-20.000000000000007
-0.1377468926182409,1.4138227263361496,-20.000000000000007
-0.13559501490126286,1.4971204706629224,-20.000000000000007
-0.13496593015556188,1.4904004997731792,-20.000000000000007
-0.13162334867738157,1.5125531912026637,-20.000000000000007
-0.12684286767579067,1.5197244813100859,-20.000000000000007
-0.12540408018203894,1.5225047004235046,-20.000000000000007
-0.1254040794022055,1.5225030507157356,-20.000000000000007
-0.12540407940220547,1.5225030507157356,-20.000000000000007
-0.12540407940220547,1.5225030507157353,-20.000000000000007
-0.1254040794022055,1.5225030507157356,-20.000000000000007
-0.1254040794022055,1.5225030507157353,-20.000000000000007
-0.12540407940220547,1.5225030507157356,-20.000000000000007
-0.12540407940220547,1.5225030507157353,-20.000000000000007
-0.12540407940220547,1.5225030507157353,-20.000000000000007
-0.12540407940220547,1.5225030507157356,-20.000000000000007
-0.13496593015556185,1.4904004997731792,-20.000000000000007
-0.17259283802865877,1.5472393109831908,-20.000000000000007
-0.21249249546208399,1.848023879502905,-20.000000000000007
-0.25710890044973356,1.7713330893575052,-20.000000000000007
-0.2946971488274946,1.5967186902438684,-20.000000000000007
-0.31897167280568917,1.4970103752772232,-20.000000000000007
-0.342009710289089,1.4973190763753366,-20.000000000000007
-0.3573031244961632,1.5001394893905031,-20.000000000000007
-0.37051646173336855,1.4960182743078938,-20.000000000000007
-0.3678098458937202,1.5001420715068963,-20.000000000000007
-0.36153124386874586,1.4982394570619118,-20.000000000000007
-0.3545284220814196,1.500498310997185,-20.000000000000007
-0.3440696209704999,1.4986768332256348,-20.000000000000007
-0.339611348590688,1.4990262108171908,-20.000000000000007
-0.3207124438446932,1.500011767067249,-20.000000000000007
-0.3015181773222477,1.541231991990173,-20.000000000000007
-0.25684788577906387,1.770951248791684,-20.000000000000007
-0.2328234428818111,1.922427873465795,-20.000000000000007
-0.19423673284494153,1.624687955567506,-20.000000000000007
-0.1822603459450228,1.575240624019803,-20.000000000000007
-0.17917386072802036,1.5901780441278879,-20.000000000000007
-0.16226514651890211,1.4799780943445655,-20.000000000000007
-0.16226514651890211,1.479978094344565,-20.000000000000007
-0.1601508670414304,1.4658572207674503,-20.000000000000007
-0.1622651465189021,1.4799780943445648,-20.000000000000007
-0.16270023080057264,1.4821412217524914,-20.000000000000007
-0.16491224342351885,1.4962079272044326,-20.000000000000007
-0.1649122434235189,1.4962079272044324,-20.000000000000007
-0.1622651465189021,1.4799780943445648,-20.000000000000007
-0.1509864912825978,1.3992341320455806,-20.000000000000007
-0.14947306268121344,1.4401096667703466,-20.000000000000007
-0.14969871320520373,1.4376750065870232,-20.000000000000007
-0.13766089245675406,1.4109848407592605,-20.000000000000007
-0.13774689261824094,1.4138227263361498,-20.000000000000007
-0.1489623238983579,1.441250436214657,-20.000000000000007
-0.13766089245675406,1.4109848407592602,-20.000000000000007
-0.14975414285615307,1.435613454864934,-20.000000000000007
-0.13766089245675406,1.4109848407592605,-20.000000000000007
-0.14975415741304388,1.4356391577721637,-20.000000000000007
-0.1377468926182409,1.4138227263361496,-20.000000000000007
-0.1484375331668154,1.4752551951951105,-20.000000000000007
-0.13836585902508713,1.4276429064929173,-20.000000000000007
-0.1382798588636003,1.4248050209160286,-20.000000000000007
-0.13827985886360028,1.4248050209160281,-20.000000000000007
-0.13548266325810882,1.510385455395212,-20.000000000000007
-0.14975414285615307,1.4356134548649337,-20.000000000000007
-0.1742675836248365,1.5596310191219989,-20.000000000000007
-0.18837473412143407,1.573377960684116,-20.000000000000007
-0.21973920250494972,1.9377011394222408,-20.000000000000007
-0.24814112531457128,1.7856141230658023,-20.000000000000007
-0.275377182707844,1.578807338126714,-20.000000000000007
-0.2949120811582512,1.5912232586901425,-20.000000000000007
-0.3188688598658175,1.4967033327159995,-20.000000000000007
-0.33891529763059713,1.5001062819315956,-20.000000000000007
-0.3420499818463595,1.4977883328875292,-20.000000000000007
-0.34875011802932004,1.5010117486246988,-20.000000000000007
-0.34327876803833857,1.500298362723372,-20.000000000000007
-0.33546532537328905,1.5007129522127525,-20.000000000000007
-0.3252058725537277,1.4997045117975873,-20.000000000000007
-0.3090336352353068,1.5068264433831877,-20.000000000000007
-0.2799303887599006,1.5136879349395191,-20.000000000000007
-0.24541972912931204,1.80947879465272,-20.000000000000007
-0.20052713059800215,1.7437632542726695,-20.000000000000007
-0.1723007520644122,1.5935067427276293,-20.000000000000007
-0.15890037786961222,1.5140226726475714,-20.000000000000007
-0.13766089245675406,1.4109848407592602,-20.000000000000007
-0.13774689261824094,1.4138227263361491,-20.000000000000007
-0.13559501490126288,1.4971204706629224,-20.000000000000007
-0.13634314369070832,1.4690918166037121,-20.000000000000007
-0.1360729657172006,1.4831686616984472,-20.000000000000007
-0.14896232389835787,1.441250436214657,-20.000000000000007
-0.14896232389835787,1.4412504362146572,-20.000000000000007
-0.14975414285615307,1.4356134548649337,-20.000000000000007
-0.13774689261824094,1.4138227263361496,-20.000000000000007
-0.13766033188648452,1.4110074467856226,-20.000000000000007
-0.14969871320520373,1.4376750065870232,-20.000000000000007
-0.14969871320520373,1.4376750065870232,-20.000000000000007
-0.17259283802865874,1.5472393109831908,-20.000000000000007
-0.17259283802865874,1.5472393109831906,-20.000000000000007
-0.17825534106184449,1.5837285229747724,-20.000000000000007
-0.17825534106184446,1.5837285229747722,-20.000000000000007
-0.17933485877093766,1.5832655028315092,-20.000000000000007
-0.17917386072802038,1.5901780441278879,-20.000000000000007
-0.17716407672167844,1.5760687284044748,-20.000000000000007
-0.17548244831557921,1.5669961652094957,-20.000000000000007
-0.17548244831557921,1.566996165209496,-20.000000000000007
-0.1723599823635926,1.5450335733037925,-20.000000000000007
-0.17426758362483646,1.5596310191219986,-20.000000000000007
-0.1742675836248365,1.5596310191219986,-20.000000000000007
-0.16270023080057264,1.4821412217524916,-20.000000000000007
-0.17917386072802038,1.5901780441278879,-20.000000000000007
-0.18837473412143407,1.573377960684116,-20.000000000000007
-0.22062846119588841,1.9240573197414905,-20.000000000000007
-0.24969522456923443,1.7343075389569034,-20.000000000000007
-0.2828105754745732,1.5373170997394179,-20.000000000000007
-0.30293599728813997,1.526291607550899,-20.000000000000007
-0.32711879233471064,1.4991540702179538,-20.000000000000007
-0.3460574121171316,1.4958327082030016,-20.000000000000007
-0.36469251858918555,1.4995097491673903,-20.000000000000007
-0.3621821995890918,1.49752485882489,-20.000000000000007
-0.36209379380391477,1.4976957320025786,-20.000000000000007
-0.3533716045038203,1.5008730755873667,-20.000000000000007
-0.33943219154129767,1.498943110868438,-20.000000000000007
-0.3312241193613758,1.4983386762584536,-20.000000000000007
-0.31332788406709294,1.5038671342578023,-20.000000000000007
-0.28280340227417533,1.512832080374423,-20.000000000000007
-0.25326889233539673,1.7578024270239831,-20.000000000000007
-0.2196570342500176,1.9384732617866103,-20.000000000000007
-0.18888897604606417,1.574862788567904,-20.000000000000007
-0.18226034594502277,1.5752406240198031,-20.000000000000007
-0.1627002308005726,1.4821412217524914,-20.000000000000007
-0.16015086704143036,1.4658572207674503,-20.000000000000007
-0.13766089245675406,1.4109848407592605,-20.000000000000007
-0.13774689261824094,1.4138227263361496,-20.000000000000007
-0.1363431436907083,1.469091816603712,-20.000000000000007
-0.1377468926182409,1.4138227263361496,-20.000000000000007
-0.13766089245675406,1.4109848407592605,-20.000000000000007
-0.13766089245675403,1.4109848407592605,-20.000000000000007
-0.13634314369070832,1.4690918166037121,-20.000000000000007
-0.13766089245675406,1.4109848407592605,-20.000000000000007
-0.13766089245675406,1.4109848407592605,-20.000000000000007
-0.1489623238983579,1.441250436214657,-20.000000000000007
-0.14969871320520375,1.437675006587023,-20.000000000000007
-0.14975414285615304,1.4356134548649337,-20.000000000000007
-0.15280423597603293,1.4087123965335244,-20.000000000000007
-0.14975415741304388,1.4356391577721634,-20.000000000000007
-0.16226514651890211,1.479978094344565,-20.000000000000007
-0.16015086704143036,1.4658572207674503,-20.000000000000007
-0.16226514651890211,1.4799780943445655,-20.000000000000007
-0.15148125907664828,1.4023480959233525,-20.000000000000007
-0.14849304262071983,1.4732279823301986,-20.000000000000007
-0.14956704378807442,1.4816374407249464,-20.000000000000007
-0.1495116141371251,1.4836989924470354,-20.000000000000007
-0.13836585902508713,1.4276429064929175,-20.000000000000007
-0.13827985886360028,1.4248050209160281,-20.000000000000007
-0.15098676968313507,1.3990909895297734,-20.000000000000007
-0.1771640767216785,1.5760687284044745,-20.000000000000007
-0.18837473412143407,1.5733779606841163,-20.000000000000007
-0.2208853973376787,1.9311452890383745,-20.000000000000007
-0.24894779568029934,1.7654260612210053,-20.000000000000007
-0.27904186158521965,1.465820985743795,-20.000000000000007
-0.30456763304201795,1.506569932821053,-20.000000000000007
-0.32725373109674843,1.5002448085017188,-20.000000000000007
-0.35070702324613345,1.498530771169424,-20.000000000000007
-0.35345001828315953,1.5008563050744907,-20.000000000000007
-0.3518693388769202,1.4990414870906221,-20.000000000000007
-0.3460897794256466,1.496041455203636,-20.000000000000007
-0.3294188469422363,1.4978339644349514,-20.000000000000007
-0.32038084847226606,1.499979012100762,-20.000000000000007
-0.3037239134557702,1.5135562713169848,-20.000000000000007
-0.27537718270784395,1.578807338126714,-20.000000000000007
-0.24431076490960954,1.8291243725315853,-20.000000000000007
-0.20117245829941957,1.7057620812394534,-20.000000000000007
-0.1822603459450228,1.575240624019803,-20.000000000000007
-0.16491224342351885,1.4962079272044329,-20.000000000000007
-0.14969871320520373,1.437675006587023,-20.000000000000007
-0.13766089245675406,1.4109848407592602,-20.000000000000007
-0.1350079976204999,1.4901723146345818,-20.000000000000007
-0.13559501490126286,1.4971204706629226,-20.000000000000007
-0.13500799762049986,1.4901723146345818,-20.000000000000007
-0.13766033188648452,1.4110074467856224,-20.000000000000007
-0.1363431436907083,1.4690918166037121,-20.000000000000007
-0.13766089245675403,1.4109848407592605,-20.000000000000007
-0.13559501490126286,1.4971204706629226,-20.000000000000007
-0.13559501490126286,1.4971204706629226,-20.000000000000007
-0.13559501490126288,1.4971204706629226,-20.000000000000007
-0.14975414285615307,1.435613454864934,-20.000000000000007
-0.14975414285615307,1.4356134548649337,-20.000000000000007
-0.1497541574130439,1.4356391577721637,-20.000000000000007
-0.1497541574130439,1.4356391577721639,-20.000000000000007
-0.13774689261824094,1.4138227263361496,-20.000000000000007
-0.15280423597603293,1.4087123965335242,-20.000000000000007
-0.15188571630985698,1.402262875380409,-20.000000000000007
-0.16226514651890211,1.4799780943445653,-20.000000000000007
-0.14975415741304388,1.4356391577721634,-20.000000000000007
-0.14961452095757002,1.4408829749123404,-20.000000000000007
-0.1377468926182409,1.4138227263361496,-20.000000000000007
-0.14969871320520375,1.4376750065870232,-20.000000000000007
-0.1377468926182409,1.4138227263361496,-20.000000000000007
-0.13766033188648452,1.4110074467856226,-20.000000000000007
-0.1489623238983579,1.441250436214657,-20.000000000000007
-0.17917386072802036,1.5901780441278877,-20.000000000000007
-0.2013109492445595,1.7056980742635646,-20.000000000000007
-0.2495054676988277,1.7506184474221236,-20.000000000000007
-0.2844883477018021,1.5579081829715888,-20.000000000000007
-0.31295695354635933,1.503645578219004,-20.000000000000007
-0.3393128471398306,1.5000734951267651,-20.000000000000007
-0.35458741154203993,1.5003056499582912,-20.000000000000007
-0.36640307111497,1.501732736540108,-20.000000000000007
-0.36224021631147635,1.5000842830410355,-20.000000000000007
-0.3524247276893616,1.500431393488379,-20.000000000000007
-0.34824705768957426,1.4999872456797911,-20.000000000000007
-0.3317485840637598,1.4981221782861,-20.000000000000007
-0.3295255867052864,1.4968187051019735,-20.000000000000007
-0.3101345563504115,1.503307278261724,-20.000000000000007
-0.28403279802377335,1.5373608288343514,-20.000000000000007
-0.24839724581557182,1.7826858814747113,-20.000000000000007
-0.212492495462084,1.8480238795029051,-20.000000000000007
-0.18226034594502277,1.5752406240198034,-20.000000000000007
-0.16015086704143033,1.4658572207674503,-20.000000000000007
-0.1377468926182409,1.4138227263361496,-20.000000000000007
-0.13626488909486958,1.4776041952523142,-20.000000000000007
-0.1363431436907083,1.4690918166037121,-20.000000000000007
-0.13766089245675406,1.4109848407592605,-20.000000000000007
-0.1489623238983579,1.441250436214657,-20.000000000000007
-0.14975414285615307,1.435613454864934,-20.000000000000007
-0.14975414285615304,1.4356134548649342,-20.000000000000007
-0.14975414285615307,1.435613454864934,-20.000000000000007
-0.1377468926182409,1.4138227263361496,-20.000000000000007
-0.14969871320520375,1.4376750065870232,-20.000000000000007
-0.1377468926182409,1.4138227263361494,-20.000000000000007
-0.13774689261824094,1.4138227263361494,-20.000000000000007
-0.14969871320520375,1.437675006587023,-20.000000000000007
-0.13766089245675403,1.4109848407592605,-20.000000000000007
-0.14975414285615304,1.4356134548649337,-20.000000000000007
-0.13766089245675403,1.4109848407592605,-20.000000000000007
-0.14975414285615307,1.435613454864934,-20.000000000000007
-0.13766089245675406,1.4109848407592605,-20.000000000000007
-0.13774689261824094,1.4138227263361494,-20.000000000000007
-0.13766089245675406,1.4109848407592605,-20.000000000000007
-0.13766089245675406,1.4109848407592602,-20.000000000000007
-0.13774689261824094,1.4138227263361496,-20.000000000000007
-0.1377468926182409,1.4138227263361494,-20.000000000000007
-0.1377468926182409,1.4138227263361496,-20.000000000000007
-0.13766089245675403,1.4109848407592602,-20.000000000000007
-0.14975414285615304,1.435613454864934,-20.000000000000007
-0.16270023080057264,1.4821412217524914,-20.000000000000007
-0.18226034594502277,1.575240624019803,-20.000000000000007
-0.21827512813214567,1.9327711581825628,-20.000000000000007
-0.24983746969752973,1.7350726326056742,-20.000000000000007
-0.2790858188465218,1.462985422426233,-20.000000000000007
-0.3066654342002938,1.5117348087957339,-20.000000000000007
-0.33125754919830014,1.4985585175742981,-20.000000000000007
-0.35491033623078705,1.5001408255307238,-20.000000000000007
-0.35903153450907127,1.4974173570601954,-20.000000000000007
-0.36232568105232216,1.500869234919993,-20.000000000000007
-0.3582966226616593,1.5002011533051216,-20.000000000000007
-0.34134644897060096,1.4985472518577074,-20.000000000000007
-0.33371703923468526,1.497617194555302,-20.000000000000007
-0.3135524233203112,1.505618583994675,-20.000000000000007
-0.28098335050850076,1.5094406173762565,-20.000000000000007
-0.2500036796922421,1.7348115636756964,-20.000000000000007
-0.2129563632659695,1.85535961505459,-20.000000000000007
-0.18842511370101273,1.5738540301251946,-20.000000000000007
-0.179509115801908,1.5810607140359074,-20.000000000000007
-0.17259283802865877,1.5472393109831908,-20.000000000000007
-0.151885716309857,1.4022628753804087,-20.000000000000007
-0.13766089245675406,1.4109848407592602,-20.000000000000007
-0.13774689261824094,1.4138227263361494,-20.000000000000007
-0.1360729657172006,1.4831686616984472,-20.000000000000007
-0.13766089245675403,1.4109848407592605,-20.000000000000007
-0.1363431436907083,1.4690918166037121,-20.000000000000007
-0.13766089245675406,1.4109848407592602,-20.000000000000007
-0.1377468926182409,1.4138227263361496,-20.000000000000007
-0.14975414285615307,1.435613454864934,-20.000000000000007
-0.1497541574130439,1.4356391577721637,-20.000000000000007
-0.16015086704143033,1.4658572207674503,-20.000000000000007
-0.16226514651890211,1.479978094344565,-20.000000000000007
-0.1622651465189021,1.479978094344565,-20.000000000000007
-0.17337853243457832,1.5519365666422185,-20.000000000000007
-0.17259283802865877,1.5472393109831906,-20.000000000000007
-0.17337853243457832,1.5519365666422187,-20.000000000000007
-0.17337853243457835,1.5519365666422185,-20.000000000000007
-0.1742675836248365,1.5596310191219989,-20.000000000000007
-0.17548244831557921,1.5669961652094957,-20.000000000000007
-0.17694296547815702,1.572743141012019,-20.000000000000007
-0.1735996436780998,1.5552621540346743,-20.000000000000007
-0.1742675836248365,1.5596310191219986,-20.000000000000007
-0.17259283802865877,1.5472393109831908,-20.000000000000007
-0.16491224342351887,1.4962079272044329,-20.000000000000007
-0.17917386072802038,1.5901780441278877,-20.000000000000007
-0.18250173051842536,1.573143467874753,-20.000000000000007
-0.22012880248147473,1.9322960553211452,-20.000000000000007
-0.25355597833257104,1.7629044258157507,-20.000000000000007
-0.2819998194639856,1.531590950092849,-20.000000000000007
-0.30757630387103396,1.5092767463599177,-20.000000000000007
-0.32833886469015716,1.4979423265260825,-20.000000000000007
-0.3411796692312036,1.49809084364205,-20.000000000000007
-0.35407291093203674,1.499173257543284,-20.000000000000007
-0.3499995006599824,1.5012335291989856,-20.000000000000007
-0.34202746888358476,1.4980065761690073,-20.000000000000007
-0.3385454897129965,1.500283054299457,-20.000000000000007
-0.32401150509728877,1.5002282030545357,-20.000000000000007
-0.31280367254792,1.5016564574410483,-20.000000000000007
-0.2869198409365515,1.5494559971188626,-20.000000000000007
-0.25354922465006957,1.7668554769849827,-20.000000000000007
-0.21851335106583325,1.936339667920196,-20.000000000000007
-0.18837473412143407,1.5733779606841163,-20.000000000000007
-0.17426758362483646,1.5596310191219986,-20.000000000000007
-0.14975414285615307,1.435613454864934,-20.000000000000007
-0.13541503259313706,1.4948226663941324,-20.000000000000007
-0.13496593015556185,1.490400499773179,-20.000000000000007
-0.12962373824809628,1.525556298070263,-20.000000000000007
-0.1296237382480963,1.5255562980702628,-20.000000000000007
-0.13496593015556188,1.490400499773179,-20.000000000000007
-0.13523645424514372,1.4956132648969096,-20.000000000000007
-0.13766089245675403,1.41098484075926,-20.000000000000007
-0.13766089245675406,1.4109848407592605,-20.000000000000007
-0.14969871320520375,1.437675006587023,-20.000000000000007
-0.13774689261824094,1.4138227263361494,-20.000000000000007
-0.14969871320520375,1.4376750065870232,-20.000000000000007
-0.14947306268121344,1.4401096667703468,-20.000000000000007
-0.13774689261824094,1.4138227263361494,-20.000000000000007
-0.1489623238983579,1.4412504362146568,-20.000000000000007
-0.14975414285615304,1.435613454864934,-20.000000000000007
-0.14975414285615304,1.435613454864934,-20.000000000000007
-0.15098676968313507,1.3990909895297732,-20.000000000000007
-0.14975414285615304,1.4356134548649337,-20.000000000000007
-0.1509864912825978,1.3992341320455806,-20.000000000000007
-0.14969871320520375,1.4376750065870232,-20.000000000000007
-0.16015086704143036,1.4658572207674507,-20.000000000000007
-0.15023762373094235,1.4399096467933743,-20.000000000000007
-0.15890037786961225,1.5140226726475716,-20.000000000000007
-0.1669603097132642,1.5639589047489204,-20.000000000000007
-0.15051641496476997,1.4437806381826714,-20.000000000000007
-0.1754824483155792,1.5669961652094957,-20.000000000000007
-0.17716407672167847,1.5760687284044748,-20.000000000000007
-0.18837473412143405,1.5733779606841163,-20.000000000000007
-0.2124874347329898,1.8569242044846714,-20.000000000000007
-0.24753611064781528,1.7981305890838026,-20.000000000000007
-0.27534510165993753,1.5791338225699154,-20.000000000000007
-0.2955257358596084,1.590654831089676,-20.000000000000007
-0.31865023985707586,1.4959219857936565,-20.000000000000007
-0.33362095044642315,1.4969289902669403,-20.000000000000007
-0.3375271449209783,1.4999705472484655,-20.000000000000007
-0.33916815469112604,1.4998456936535816,-20.000000000000007
-0.3385731400153774,1.5002201500271966,-20.000000000000007
-0.3351124291015188,1.5003769578598676,-20.000000000000007
-0.327815662430097,1.4990926620356866,-20.000000000000007
-0.3177193107826377,1.4992608016833002,-20.000000000000007
-0.2828129453558975,1.5368170392956846,-20.000000000000007
-0.2551297537596604,1.769783133776441,-20.000000000000007
-0.2298747365570338,1.9210853728673367,-20.000000000000007
-0.1894245325731731,1.5791548760255547,-20.000000000000007
-0.18842511370101273,1.5738540301251946,-20.000000000000007
-0.17716407672167844,1.5760687284044745,-20.000000000000007
-0.1622651465189021,1.479978094344565,-20.000000000000007
-0.14975415741304388,1.4356391577721634,-20.000000000000007
-0.14975414285615307,1.4356134548649337,-20.000000000000007
-0.14969871320520375,1.437675006587023,-20.000000000000007
-0.15098649128259778,1.3992341320455803,-20.000000000000007
-0.1509864912825978,1.3992341320455806,-20.000000000000007
-0.14975414285615304,1.435613454864934,-20.000000000000007
-0.15188571630985698,1.402262875380409,-20.000000000000007
-0.14975415741304388,1.4356391577721637,-20.000000000000007
-0.1622651465189021,1.479978094344565,-20.000000000000007
-0.16015086704143033,1.4658572207674505,-20.000000000000007
-0.17716407672167847,1.5760687284044745,-20.000000000000007
-0.16491224342351887,1.4962079272044329,-20.000000000000007
-0.17917386072802038,1.5901780441278879,-20.000000000000007
-0.17716407672167847,1.576068728404475,-20.000000000000007
-0.17359964367809982,1.5552621540346743,-20.000000000000007
-0.17716407672167847,1.5760687284044748,-20.000000000000007
-0.151885716309857,1.4022628753804085,-20.000000000000007
-0.1735996436780998,1.5552621540346743,-20.000000000000007
-0.1509864912825978,1.3992341320455803,-20.000000000000007
-0.1723599823635926,1.5450335733037925,-20.000000000000007
-0.16491224342351887,1.4962079272044329,-20.000000000000007
-0.17426758362483646,1.5596310191219986,-20.000000000000007
-0.17716407672167847,1.5760687284044745,-20.000000000000007
-0.18226034594502277,1.575240624019803,-20.000000000000007
-0.18885818653230285,1.5776548930151268,-20.000000000000007
-0.20620692767240612,1.769504898465426,-20.000000000000007
-0.2498423142178034,1.7249884684594285,-20.000000000000007
-0.28015056852487374,1.5049249248193286,-20.000000000000007
-0.3094661644252116,1.5055564388929947,-20.000000000000007
-0.33859473791672223,1.5002867207923647,-20.000000000000007
-0.3544907503751048,1.499535901557113,-20.000000000000007
-0.3699102698755452,1.5007572535806661,-20.000000000000007
-0.36780984589372023,1.5001420715068963,-20.000000000000007
-0.36067187411392015,1.4998904707383514,-20.000000000000007
-0.35391778690325654,1.4996084911737904,-20.000000000000007
-0.3400371469212165,1.4992064625139854,-20.000000000000007
-0.3373881963334286,1.4999276361849145,-20.000000000000007
-0.3172859290804434,1.497194604773684,-20.000000000000007
-0.29456314098232295,1.5961779166524657,-20.000000000000007
-0.25276036444532335,1.7515370979857023,-20.000000000000007
-0.22134068625890166,1.9334849539060501,-20.000000000000007
-0.18842511370101275,1.5738540301251946,-20.000000000000007
-0.17917386072802038,1.5901780441278877,-20.000000000000007
-0.1735996436780998,1.5552621540346743,-20.000000000000007
-0.15280423597603293,1.4087123965335244,-20.000000000000007
-0.1622651465189021,1.4799780943445653,-20.000000000000007
-0.16015086704143036,1.4658572207674503,-20.000000000000007
-0.16226514651890211,1.4799780943445655,-20.000000000000007
-0.1617536389502492,1.4767475548411564,-20.000000000000007
-0.16015086704143033,1.4658572207674505,-20.000000000000007
-0.16175363895024922,1.4767475548411566,-20.000000000000007
-0.14975414285615307,1.435613454864934,-20.000000000000007
-0.15188571630985698,1.402262875380409,-20.000000000000007
-0.14969871320520373,1.4376750065870232,-20.000000000000007
-0.14975414285615307,1.435613454864934,-20.000000000000007
-0.15098649128259778,1.3992341320455806,-20.000000000000007
-0.16015086704143036,1.4658572207674505,-20.000000000000007
-0.1627002308005726,1.4821412217524914,-20.000000000000007
-0.1735996436780998,1.5552621540346743,-20.000000000000007
-0.17716407672167844,1.5760687284044748,-20.000000000000007
-0.1742675836248365,1.559631019121999,-20.000000000000007
-0.18226034594502277,1.575240624019803,-20.000000000000007
-0.17716407672167844,1.5760687284044748,-20.000000000000007
-0.1822099663654441,1.5747645545787243,-20.000000000000007
-0.18110619219721427,1.5615965088310686,-20.000000000000007
-0.16768033915436406,1.563602720968417,-20.000000000000007
-0.17232681240826253,1.5925309241278376,-20.000000000000007
-0.15890037786961222,1.5140226726475712,-20.000000000000007
-0.17337853243457835,1.5519365666422185,-20.000000000000007
-0.1804043718668858,1.561176753585045,-20.000000000000007
-0.1822603459450228,1.5752406240198031,-20.000000000000007
-0.21248743473298976,1.8569242044846712,-20.000000000000007
-0.24753611064781528,1.7981305890838024,-20.000000000000007
-0.27491770877798427,1.5884110753766927,-20.000000000000007
-0.29888468807246327,1.567487737402928,-20.000000000000007
-0.31940691285908895,1.4957131621134487,-20.000000000000007
-0.3411409982576943,1.498403615767315,-20.000000000000007
-0.3429107872488204,1.4990114136350203,-20.000000000000007
-0.3461605597403943,1.4945736682496193,-20.000000000000007
-0.3429258208994953,1.4997233138177037,-20.000000000000007
-0.3317077072156153,1.4980680247423521,-20.000000000000007
-0.32589352057747695,1.5003357642617403,-20.000000000000007
-0.31220239573125746,1.5047653445325466,-20.000000000000007
-0.28260285718799083,1.5369009995485783,-20.000000000000007
-0.2560112268535011,1.7674513249488972,-20.000000000000007
-0.22745291741602414,1.9252796186882062,-20.000000000000007
-0.20438912631107453,1.746757119847901,-20.000000000000007
-0.18250173051842536,1.5731434678747531,-20.000000000000007
-0.17917386072802038,1.5901780441278879,-20.000000000000007
-0.1742675836248365,1.559631019121999,-20.000000000000007
-0.1377468926182409,1.4138227263361498,-20.000000000000007
-0.14975414285615307,1.435613454864934,-20.000000000000007
-0.13559501490126286,1.4971204706629226,-20.000000000000007
-0.13766033188648452,1.4110074467856224,-20.000000000000007
-0.13559501490126286,1.4971204706629229,-20.000000000000007
-0.13766033188648452,1.4110074467856226,-20.000000000000007
-0.1363431436907083,1.4690918166037121,-20.000000000000007
-0.13766089245675406,1.4109848407592602,-20.000000000000007
-0.13766089245675403,1.4109848407592602,-20.000000000000007
-0.14896232389835787,1.441250436214657,-20.000000000000007
-0.14969871320520375,1.437675006587023,-20.000000000000007
-0.14975414285615307,1.435613454864934,-20.000000000000007
-0.1509864912825978,1.3992341320455806,-20.000000000000007
-0.15098649128259778,1.3992341320455803,-20.000000000000007
-0.16226514651890211,1.4799780943445653,-20.000000000000007
-0.16015086704143033,1.4658572207674503,-20.000000000000007
-0.16226514651890211,1.4799780943445653,-20.000000000000007
-0.15098649128259778,1.3992341320455806,-20.000000000000007
-0.1509864912825978,1.3992341320455803,-20.000000000000007
-0.14975415741304388,1.4356391577721634,-20.000000000000007
-0.1495670437880744,1.4816374407249462,-20.000000000000007
-0.1495670437880744,1.4816374407249464,-20.000000000000007
-0.13634545199768405,1.4817557980269471,-20.000000000000007
-0.14975414285615307,1.4356134548649337,-20.000000000000007
-0.17933485877093763,1.5832655028315092,-20.000000000000007
-0.20438912631107456,1.7467571198479008,-20.000000000000007
-0.25340372956592244,1.765039044558267,-20.000000000000007
-0.2820252662088928,1.5353191536026751,-20.000000000000007
-0.3090336352353068,1.5068264433831875,-20.000000000000007
-0.33129402353596393,1.4983922474369868,-20.000000000000007
-0.341712472079045,1.497545793784146,-20.000000000000007
-0.35641635761675616,1.500163018996369,-20.000000000000007
-0.3548964186409028,1.5004317715352617,-20.000000000000007
-0.35088984783593496,1.5001896161864754,-20.000000000000007
-0.3461510227836139,1.4944136187708936,-20.000000000000007
-0.3354323469978525,1.5008543098193101,-20.000000000000007
-0.3261410358414334,1.499742093082344,-20.000000000000007
-0.3112812025117426,1.5005384043896532,-20.000000000000007
-0.28259153082215493,1.536951531280118,-20.000000000000007
-0.2537674919060297,1.767702045284412,-20.000000000000007
-0.22163643964983373,1.9348203193043676,-20.000000000000007
-0.1894245325731731,1.5791548760255547,-20.000000000000007
-0.18226034594502277,1.575240624019803,-20.000000000000007
-0.17359964367809982,1.5552621540346743,-20.000000000000007
-0.16015086704143036,1.4658572207674503,-20.000000000000007
-0.13774689261824094,1.4138227263361496,-20.000000000000007
-0.14969871320520373,1.437675006587023,-20.000000000000007
-0.1363431436907083,1.469091816603712,-20.000000000000007
-0.14969871320520373,1.4376750065870232,-20.000000000000007
-0.13634314369070832,1.469091816603712,-20.000000000000007
-0.14975414285615307,1.435613454864934,-20.000000000000007
-0.14969871320520375,1.437675006587023,-20.000000000000007
-0.15280423597603296,1.4087123965335244,-20.000000000000007
-0.16015086704143033,1.4658572207674505,-20.000000000000007
-0.17235998236359257,1.5450335733037925,-20.000000000000007
-0.17426758362483646,1.5596310191219986,-20.000000000000007
-0.18067000068203443,1.5594198148107747,-20.000000000000007
-0.17510106557395994,1.5664100330278887,-20.000000000000007
-0.1751010624546262,1.5664045252620538,-20.000000000000007
-0.18160650863614658,1.5652904978856892,-20.000000000000007
-0.1751010624546262,1.566404525262054,-20.000000000000007
-0.1811118557375559,1.567072007968258,-20.000000000000007
-0.17388734112967547,1.556706883485759,-20.000000000000007
-0.17510106245462623,1.5664045252620538,-20.000000000000007
-0.17534244702802876,1.564307369117004,-20.000000000000007
-0.1703340981760395,1.5849866947369589,-20.000000000000007
-0.1723007520644122,1.5935067427276295,-20.000000000000007
-0.1675013959742941,1.5659485007450447,-20.000000000000007
-0.16226514651890211,1.4799780943445653,-20.000000000000007
-0.17950911580190798,1.5810607140359072,-20.000000000000007
-0.18226034594502277,1.575240624019803,-20.000000000000007
-0.2124874347329898,1.8569242044846717,-20.000000000000007
-0.24527764217723236,1.823694982129578,-20.000000000000007
-0.2670174255404718,1.764751658231838,-20.000000000000007
-0.29144975534589934,1.587901981580624,-20.000000000000007
-0.30757449516110086,1.5084658732536624,-20.000000000000007
-0.3264294021029476,1.4986951713553145,-20.000000000000007
-0.3270103681405484,1.4988660515764456,-20.000000000000007
-0.33177434056906857,1.497994941698242,-20.000000000000007
-0.3367845771643937,1.5008575391447287,-20.000000000000007
-0.33058562190311747,1.496039818922373,-20.000000000000007
-0.33020191699504775,1.496729235839141,-20.000000000000007
-0.31295695354635933,1.503645578219004,-20.000000000000007
-0.28742768842195043,1.570731805994942,-20.000000000000007
-0.25490900305913167,1.761889678854912,-20.000000000000007
-0.23195297720193025,1.9083333632408703,-20.000000000000007
-0.21088307696788916,1.8406422820217245,-20.000000000000007
-0.182064982787046,1.5720811476233034,-20.000000000000007
-0.17530329107123058,1.566361914990582,-20.000000000000007
-0.17230075206441223,1.593506742727629,-20.000000000000007
-0.17259283802865877,1.5472393109831906,-20.000000000000007
-0.14975414285615307,1.4356134548649337,-20.000000000000007
-0.14969871320520373,1.4376750065870232,-20.000000000000007
-0.14975414285615304,1.4356134548649337,-20.000000000000007
-0.14969871320520375,1.437675006587023,-20.000000000000007
-0.1489623238983579,1.441250436214657,-20.000000000000007
-0.14969871320520373,1.4376750065870232,-20.000000000000007
-0.13559501490126286,1.4971204706629224,-20.000000000000007
-0.13766089245675403,1.4109848407592605,-20.000000000000007
-0.13766089245675406,1.4109848407592602,-20.000000000000007
-0.15188571630985698,1.402262875380409,-20.000000000000007
-0.17548244831557921,1.566996165209496,-20.000000000000007
-0.17917386072802038,1.5901780441278879,-20.000000000000007
-0.18037490339096798,1.5624216849117094,-20.000000000000007
-0.17917386072802038,1.5901780441278874,-20.000000000000007
-0.18067000068203443,1.5594198148107745,-20.000000000000007
-0.17337853243457835,1.5519365666422185,-20.000000000000007
-0.179509115801908,1.5810607140359074,-20.000000000000007
-0.16226514651890211,1.4799780943445653,-20.000000000000007
-0.16015086704143036,1.4658572207674503,-20.000000000000007
-0.17259283802865874,1.5472393109831908,-20.000000000000007
-0.14969871320520373,1.4376750065870232,-20.000000000000007
-0.15051643991943994,1.443824700309351,-20.000000000000007
-0.16068039058210654,1.5278905854883735,-20.000000000000007
-0.18229113545878411,1.5724485195725806,-20.000000000000007
-0.21348347107761392,1.8491291362183488,-20.000000000000007
-0.2503836637376047,1.7099445186385254,-20.000000000000007
-0.2809152426829442,1.51018684252586,-20.000000000000007
-0.3085853945461734,1.5081659865607486,-20.000000000000007
-0.33122895719105283,1.4980606098126086,-20.000000000000007
-0.3441249066609473,1.4985260101777276,-20.000000000000007
-0.3590237537209462,1.4977055657698604,-20.000000000000007
-0.35542487169772036,1.5006298440223134,-20.000000000000007
-0.34859646715464354,1.500994633776127,-20.000000000000007
-0.3445687964225964,1.4974155214057991,-20.000000000000007
-0.3318980175351733,1.49795543084746,-20.000000000000007
-0.3265680441291726,1.4986162091597162,-20.000000000000007
-0.3087234174612784,1.5074575561331987,-20.000000000000007
-0.28533482667992965,1.562632877931525,-20.000000000000007
-0.2482266851950964,1.7872190292026695,-20.000000000000007
-0.2201245687657412,1.9315839867608926,-20.000000000000007
-0.18250173051842533,1.5731434678747531,-20.000000000000007
-0.17337853243457832,1.5519365666422187,-20.000000000000007
-0.14975414285615304,1.435613454864934,-20.000000000000007
-0.1377468926182409,1.4138227263361496,-20.000000000000007
-0.1377468926182409,1.4138227263361496,-20.000000000000007
-0.1377468926182409,1.4138227263361496,-20.000000000000007
-0.14975414285615307,1.435613454864934,-20.000000000000007
-0.14975414285615307,1.435613454864934,-20.000000000000007
-0.1497541574130439,1.4356391577721634,-20.000000000000007
-0.1601508670414304,1.4658572207674503,-20.000000000000007
-0.16226514651890211,1.4799780943445655,-20.000000000000007
-0.17426758362483646,1.5596310191219986,-20.000000000000007
-0.180374903390968,1.5624216849117096,-20.000000000000007
-0.179509115801908,1.5810607140359072,-20.000000000000007
-0.18250173051842536,1.5731434678747531,-20.000000000000007
-0.1822603459450228,1.575240624019803,-20.000000000000007
-0.18837473412143407,1.573377960684116,-20.000000000000007
-0.1822603459450228,1.5752406240198034,-20.000000000000007
-0.18226034594502277,1.5752406240198031,-20.000000000000007
-0.1822603459450228,1.575240624019803,-20.000000000000007
-0.1822603459450228,1.575240624019803,-20.000000000000007
-0.18226034594502277,1.575240624019803,-20.000000000000007
-0.1822603459450228,1.5752406240198031,-20.000000000000007
-0.17950911580190798,1.5810607140359072,-20.000000000000007
-0.17950911580190804,1.5810607140359072,-20.000000000000007
-0.1742675836248365,1.5596310191219986,-20.000000000000007
-0.16491224342351885,1.4962079272044329,-20.000000000000007
-0.17716407672167844,1.5760687284044745,-20.000000000000007
-0.17917386072802038,1.5901780441278877,-20.000000000000007
-0.18842511370101273,1.5738540301251949,-20.000000000000007
-0.21248743473298978,1.8569242044846712,-20.000000000000007
-0.24753611064781528,1.7981305890838026,-20.000000000000007
-0.27049275923450966,1.7044255040025562,-20.000000000000007
-0.2988846880724633,1.567487737402928,-20.000000000000007
-0.32118158386687656,1.5003185188025978,-20.000000000000007
-0.33851764534581524,1.500015205006336,-20.000000000000007
-0.34201438007793294,1.497727079928333,-20.000000000000007
-0.34442722105749835,1.4974622930022452,-20.000000000000007
-0.3393047193095793,1.5004671144373354,-20.000000000000007
-0.33585709607949954,1.4990520897717303,-20.000000000000007
-0.3267921356490131,1.4997294368184342,-20.000000000000007
-0.3121882215595388,1.5032968341767172,-20.000000000000007
-0.27949911503684455,1.4679593827854813,-20.000000000000007
-0.24812938511712437,1.7856504139612348,-20.000000000000007
-0.21248743473298976,1.8569242044846717,-20.000000000000007
-0.18226034594502277,1.5752406240198031,-20.000000000000007
-0.17694296547815702,1.572743141012019,-20.000000000000007
-0.14975414285615307,1.4356134548649342,-20.000000000000007
-0.13766089245675403,1.4109848407592605,-20.000000000000007
-0.13559501490126286,1.4971204706629226,-20.000000000000007
-0.1363431436907083,1.469091816603712,-20.000000000000007
-0.13559501490126288,1.4971204706629226,-20.000000000000007
-0.13766089245675406,1.4109848407592605,-20.000000000000007
-0.13559501490126288,1.4971204706629226,-20.000000000000007
-0.1363431436907083,1.4690918166037121,-20.000000000000007
-0.13607296571720057,1.4831686616984474,-20.000000000000007
-0.13766089245675403,1.4109848407592602,-20.000000000000007
-0.13766089245675403,1.4109848407592602,-20.000000000000007
-0.1489623238983579,1.4412504362146568,-20.000000000000007
-0.13774689261824094,1.4138227263361496,-20.000000000000007
-0.1377468926182409,1.4138227263361496,-20.000000000000007
-0.1489623238983579,1.441250436214657,-20.000000000000007
-0.14896232389835787,1.4412504362146568,-20.000000000000007
-0.1497541574130439,1.4356391577721637,-20.000000000000007
-0.14975414285615304,1.435613454864934,-20.000000000000007
-0.15748675287147956,1.4729437082436279,-20.000000000000007
-0.1514812590766483,1.4023480959233523,-20.000000000000007
-0.15623113343541903,1.497853378658344,-20.000000000000007
-0.1570510904732872,1.5036218935682937,-20.000000000000007
-0.15051641496476997,1.4437806381826714,-20.000000000000007
-0.14956704378807442,1.4816374407249464,-20.000000000000007
-0.13827985886360028,1.4248050209160281,-20.000000000000007
-0.14969871320520375,1.4376750065870232,-20.000000000000007
-0.17950911580190798,1.5810607140359072,-20.000000000000007
-0.20439732625967247,1.7465754343420863,-20.000000000000007
-0.2503836637376047,1.7099445186385254,-20.000000000000007
-0.28140973025684607,1.5238673842574229,-20.000000000000007
-0.30856442771691467,1.5082246721187522,-20.000000000000007
-0.3329793279525711,1.4973538176843337,-20.000000000000007
-0.3468435645330388,1.496382921796294,-20.000000000000007
-0.3654925524098931,1.502554354953439,-20.000000000000007
-0.36047714791739666,1.499601890135433,-20.000000000000007
-0.35339673728453613,1.5009973120133577,-20.000000000000007
-0.34842473469633234,1.500971541974236,-20.000000000000007
-0.3313476940455518,1.4984555249484113,-20.000000000000007
-0.324028111444297,1.5002707689463004,-20.000000000000007
-0.3094661644252115,1.5055564388929947,-20.000000000000007
-0.28033006028527413,1.5064790959876693,-20.000000000000007
-0.24817299145337954,1.7884181566579938,-20.000000000000007
-0.21067656375141944,1.8287123508592722,-20.000000000000007
-0.1822603459450228,1.575240624019803,-20.000000000000007
-0.179509115801908,1.5810607140359072,-20.000000000000007
-0.17259283802865874,1.547239310983191,-20.000000000000007
-0.16226514651890211,1.4799780943445655,-20.000000000000007
-0.1489623238983579,1.4412504362146568,-20.000000000000007
-0.14969871320520373,1.437675006587023,-20.000000000000007
-0.13559501490126286,1.4971204706629224,-20.000000000000007
-0.13559501490126286,1.4971204706629226,-20.000000000000007
-0.13523645424514372,1.4956132648969092,-20.000000000000007
-0.13496593015556185,1.4904004997731792,-20.000000000000007
-0.1352364542451437,1.4956132648969094,-20.000000000000007
-0.13523645424514372,1.4956132648969092,-20.000000000000007
-0.13766089245675406,1.4109848407592605,-20.000000000000007
-0.13626488909486958,1.4776041952523142,-20.000000000000007
-0.13766089245675403,1.4109848407592605,-20.000000000000007
-0.13559501490126288,1.4971204706629224,-20.000000000000007
-0.13766089245675403,1.4109848407592602,-20.000000000000007
-0.1377468926182409,1.4138227263361496,-20.000000000000007
-0.14975414285615304,1.435613454864934,-20.000000000000007
-0.16175363895024922,1.4767475548411566,-20.000000000000007
-0.13766089245675406,1.4109848407592605,-20.000000000000007
-0.1509864912825978,1.3992341320455803,-20.000000000000007
-0.13559501490126288,1.4971204706629224,-20.000000000000007
-0.13766089245675403,1.4109848407592605,-20.000000000000007
-0.13766089245675406,1.4109848407592605,-20.000000000000007
-0.13766089245675403,1.4109848407592605,-20.000000000000007
-0.14969871320520373,1.4376750065870232,-20.000000000000007
-0.16015086704143036,1.4658572207674505,-20.000000000000007
-0.17933485877093763,1.5832655028315092,-20.000000000000007
-0.18250173051842536,1.573143467874753,-20.000000000000007
-0.2126869079381141,1.8605267460668862,-20.000000000000007
-0.2488996822317046,1.7664111245118412,-20.000000000000007
-0.27904186158521965,1.4658209857437952,-20.000000000000007
-0.3066654342002938,1.511734808795734,-20.000000000000007
-0.3305874214543691,1.4965250261069176,-20.000000000000007
-0.35351828253680506,1.4997776007079242,-20.000000000000007
-0.35827275683408893,1.5013652482153321,-20.000000000000007
-0.3559631229717665,1.5012811620805855,-20.000000000000007
-0.3488213050321956,1.4995371793894656,-20.000000000000007
-0.33374895252193887,1.4971684985228042,-20.000000000000007
-0.32339983657077287,1.5000104028343726,-20.000000000000007
-0.3071482235334123,1.5109309658097099,-20.000000000000007
-0.2828967342021925,1.514305595287187,-20.000000000000007
-0.25070038717460824,1.7270423110216628,-20.000000000000007
-0.22117610000737897,1.9371965699065867,-20.000000000000007
-0.18888897604606417,1.5748627885679038,-20.000000000000007
-0.17694296547815702,1.572743141012019,-20.000000000000007
-0.1681741266977833,1.5621404891113435,-20.000000000000007
-0.15280423597603296,1.4087123965335242,-20.000000000000007
-0.16491224342351887,1.4962079272044329,-20.000000000000007
-0.17337853243457835,1.5519365666422185,-20.000000000000007
-0.15098649128259778,1.3992341320455803,-20.000000000000007
-0.16491224342351887,1.4962079272044329,-20.000000000000007
-0.14975414285615307,1.4356134548649337,-20.000000000000007
-0.14969871320520373,1.437675006587023,-20.000000000000007
-0.14975414285615307,1.4356134548649337,-20.000000000000007
-0.13766089245675403,1.4109848407592607,-20.000000000000007
-0.16015086704143036,1.4658572207674503,-20.000000000000007
-0.14969871320520373,1.4376750065870232,-20.000000000000007
-0.1617536389502492,1.4767475548411562,-20.000000000000007
-0.17426758362483646,1.5596310191219986,-20.000000000000007
-0.17259283802865877,1.5472393109831908,-20.000000000000007
-0.1811061921972143,1.5615965088310682,-20.000000000000007
-0.1742675836248365,1.5596310191219989,-20.000000000000007
-0.1755250001870543,1.5705965005358218,-20.000000000000007
-0.179509115801908,1.5810607140359074,-20.000000000000007
-0.1755250001870543,1.5705965005358218,-20.000000000000007
-0.18410010819579475,1.5863652361529126,-20.000000000000007
-0.18154410935381965,1.5691001756908358,-20.000000000000007
-0.18228861399733542,1.5713954407096158,-20.000000000000007
-0.17552500018705433,1.5705965005358218,-20.000000000000007
-0.17177189060232465,1.5964586619586683,-20.000000000000007
-0.1750608994729154,1.5708181048611023,-20.000000000000007
-0.18159448893339836,1.5695762451319146,-20.000000000000007
-0.21935380271132038,1.9315978700176233,-20.000000000000007
-0.24983746969752973,1.735072632605674,-20.000000000000007
-0.2809923069930125,1.5098901460884502,-20.000000000000007
-0.3082644234864066,1.5092640463390952,-20.000000000000007
-0.3334776580383756,1.4969251754514985,-20.000000000000007
-0.3459082940080654,1.496394835289641,-20.000000000000007
-0.36188958129754345,1.4986279918693282,-20.000000000000007
-0.35794097764029864,1.5002837202960615,-20.000000000000007
-0.35338232321694296,1.5004723266282989,-20.000000000000007
-0.35087536553291604,1.4983739943513266,-20.000000000000007
-0.33981328403541,1.4992775320504332,-20.000000000000007
-0.33552907780499674,1.4997148050588003,-20.000000000000007
-0.31906562435198893,1.493259112914178,-20.000000000000007
-0.2921165604075327,1.5863434101325167,-20.000000000000007
-0.2537715283888896,1.7682218800440646,-20.000000000000007
-0.22752520271182747,1.9264565813725265,-20.000000000000007
-0.1891192387649498,1.5756732257028956,-20.000000000000007
-0.18226034594502283,1.575240624019803,-20.000000000000007
-0.17917386072802036,1.5901780441278879,-20.000000000000007
-0.1754824483155792,1.566996165209496,-20.000000000000007
-0.17259283802865874,1.5472393109831906,-20.000000000000007
-0.1742675836248365,1.5596310191219989,-20.000000000000007
-0.16491224342351887,1.4962079272044329,-20.000000000000007
-0.17426758362483646,1.5596310191219989,-20.000000000000007
-0.16491224342351885,1.4962079272044326,-20.000000000000007
-0.17825534106184443,1.5837285229747722,-20.000000000000007
-0.17337853243457832,1.5519365666422185,-20.000000000000007
-0.16491224342351885,1.4962079272044329,-20.000000000000007
-0.1622651465189021,1.4799780943445655,-20.000000000000007
-0.13766089245675403,1.4109848407592605,-20.000000000000007
-0.14947303603690426,1.4401127615108213,-20.000000000000007
-0.13766089245675406,1.4109848407592605,-20.000000000000007
-0.14969871320520375,1.4376750065870232,-20.000000000000007
-0.13774689261824094,1.4138227263361496,-20.000000000000007
-0.15098649128259778,1.3992341320455803,-20.000000000000007
-0.1377468926182409,1.4138227263361496,-20.000000000000007
-0.14969871320520373,1.4376750065870232,-20.000000000000007
-0.1377468926182409,1.4138227263361496,-20.000000000000007
-0.13774689261824094,1.4138227263361496,-20.000000000000007
-0.1377468926182409,1.4138227263361496,-20.000000000000007
-0.13686489255195466,1.4170874067772863,-20.000000000000007
-0.1376608460566645,1.4110086978452283,-20.000000000000007
-0.1354785900580913,1.475971767944513,-20.000000000000007
-0.15188571630985698,1.4022628753804087,-20.000000000000007
-0.1742675836248365,1.5596310191219986,-20.000000000000007
-0.18837473412143407,1.573377960684116,-20.000000000000007
-0.21941629570363208,1.934944495264261,-20.000000000000007
-0.24814112531457128,1.7856141230658018,-20.000000000000007
-0.2784007816040445,1.4866653321274192,-20.000000000000007
-0.2985455206716977,1.570908099449909,-20.000000000000007
-0.3252232832688645,1.4988989969507285,-20.000000000000007
-0.3464127517565304,1.4946778027349454,-20.000000000000007
-0.35002540802882776,1.501527330073487,-20.000000000000007
-0.3569252526946529,1.4987940732425817,-20.000000000000007
-0.3508214828115627,1.5002901619420403,-20.000000000000007
-0.3430024611588852,1.4996826693632666,-20.000000000000007
-0.3351370464123321,1.500616228360451,-20.000000000000007
-0.3175618198700181,1.4998334669940097,-20.000000000000007
-0.2820252662088928,1.5353191536026751,-20.000000000000007
-0.24868610794838672,1.7572103173397444,-20.000000000000007
-0.20275435731641597,1.7645861734178356,-20.000000000000007
-0.17387595621134555,1.5599660941195896,-20.000000000000007
-0.1612371236811758,1.5066566137598731,-20.000000000000007
-0.14969871320520373,1.4376750065870232,-20.000000000000007
-0.14975414285615304,1.435613454864934,-20.000000000000007
-0.13634314369070832,1.469091816603712,-20.000000000000007
-0.13766089245675403,1.4109848407592605,-20.000000000000007
-0.13559501490126288,1.4971204706629226,-20.000000000000007
-0.13523645424514372,1.4956132648969094,-20.000000000000007
-0.1362648890948696,1.4776041952523142,-20.000000000000007
-0.13559501490126288,1.4971204706629226,-20.000000000000007
-0.13559501490126288,1.4971204706629226,-20.000000000000007
-0.13559501490126288,1.4971204706629226,-20.000000000000007
-0.1363431436907083,1.4690918166037121,-20.000000000000007
-0.14896232389835787,1.4412504362146568,-20.000000000000007
-0.16226514651890211,1.479978094344565,-20.000000000000007
-0.17337853243457835,1.5519365666422185,-20.000000000000007
-0.17917386072802038,1.5901780441278879,-20.000000000000007
-0.17825534106184446,1.5837285229747726,-20.000000000000007
-0.17950911580190798,1.5810607140359072,-20.000000000000007
-0.17933485877093766,1.5832655028315095,-20.000000000000007
-0.17933485877093766,1.5832655028315097,-20.000000000000007
-0.179509115801908,1.5810607140359072,-20.000000000000007
-0.17917386072802036,1.5901780441278879,-20.000000000000007
-0.17917386072802038,1.5901780441278874,-20.000000000000007
-0.17917386072802038,1.5901780441278879,-20.000000000000007
-0.1771640767216785,1.5760687284044745,-20.000000000000007
-0.17337853243457835,1.5519365666422185,-20.000000000000007
-0.17933485877093766,1.5832655028315092,-20.000000000000007
-0.1822099663654441,1.5747645545787246,-20.000000000000007
-0.21389354389140786,1.866560393576365,-20.000000000000007
-0.24840704630731453,1.7724473130020388,-20.000000000000007
-0.28448834770180204,1.557908182971589,-20.000000000000007
-0.31201784842440583,1.5042001719344675,-20.000000000000007
-0.33630135412609646,1.5009109637509446,-20.000000000000007
-0.3583671472235325,1.5003499320103333,-20.000000000000007
-0.3699247323740441,1.5012678314465269,-20.000000000000007
-0.3650312029481226,1.4993270438981696,-20.000000000000007
-0.36617043312091213,1.4997669719452376,-20.000000000000007
-0.3559587652625164,1.5010403400627537,-20.000000000000007
-0.3458776103242002,1.4975386772678503,-20.000000000000007
-0.33900995329338185,1.500701340834679,-20.000000000000007
-0.3174148789503076,1.4973556717416485,-20.000000000000007
-0.28317282825210344,1.5185764883075428,-20.000000000000007
-0.2502845554208488,1.7235141714337494,-20.000000000000007
-0.21941629570363208,1.9349444952642612,-20.000000000000007
-0.18842511370101273,1.5738540301251949,-20.000000000000007
-0.179509115801908,1.5810607140359074,-20.000000000000007
-0.16226514651890211,1.4799780943445653,-20.000000000000007
-0.14969871320520373,1.437675006587023,-20.000000000000007
-0.1363431436907083,1.4690918166037121,-20.000000000000007
-0.1363431436907083,1.469091816603712,-20.000000000000007
-0.13559501490126286,1.4971204706629226,-20.000000000000007
-0.13634314369070832,1.469091816603712,-20.000000000000007
-0.13634314369070832,1.469091816603712,-20.000000000000007
-0.13634314369070832,1.469091816603712,-20.000000000000007
-0.1363431436907083,1.4690918166037121,-20.000000000000007
-0.1363431436907083,1.4690918166037121,-20.000000000000007
-0.1363431436907083,1.469091816603712,-20.000000000000007
-0.13766089245675403,1.4109848407592605,-20.000000000000007
-0.13766089245675403,1.4109848407592605,-20.000000000000007
-0.13766089245675403,1.4109848407592605,-20.000000000000007
-0.14969871320520373,1.437675006587023,-20.000000000000007
-0.14975414285615304,1.4356134548649337,-20.000000000000007
-0.16015086704143036,1.4658572207674505,-20.000000000000007
-0.1509864912825978,1.3992341320455806,-20.000000000000007
-0.14975415741304388,1.4356391577721634,-20.000000000000007
-0.14969871320520373,1.4376750065870232,-20.000000000000007
-0.15098649128259778,1.3992341320455803,-20.000000000000007
-0.16226514651890211,1.479978094344565,-20.000000000000007
-0.16491224342351887,1.4962079272044326,-20.000000000000007
-0.15098649128259778,1.3992341320455806,-20.000000000000007
-0.1377468926182409,1.4138227263361496,-20.000000000000007
-0.14969871320520373,1.4376750065870232,-20.000000000000007
-0.17337853243457832,1.5519365666422182,-20.000000000000007
-0.18250173051842533,1.5731434678747531,-20.000000000000007
-0.21973920250494974,1.937701139422241,-20.000000000000007
-0.2502845554208488,1.7235141714337492,-20.000000000000007
-0.27908581884652184,1.462985422426233,-20.000000000000007
-0.30465091772599534,1.506796543700728,-20.000000000000007
-0.32782968601755974,1.50058408640448,-20.000000000000007
-0.34935053643293423,1.4979316343950282,-20.000000000000007
-0.3534478536442482,1.5011870803113496,-20.000000000000007
-0.3578918369398615,1.4995937068785676,-20.000000000000007
-0.3562199066723663,1.500039228842282,-20.000000000000007
-0.34616055974039417,1.4945736682496193,-20.000000000000007
-0.3417207321398037,1.4976895628999525,-20.000000000000007
-0.3220878806207385,1.4975889047291728,-20.000000000000007
-0.2853348266799296,1.5626328779315253,-20.000000000000007
-0.2505826962718505,1.7107245932979964,-20.000000000000007
-0.21247740178589644,1.8482623387946076,-20.000000000000007
-0.18888897604606417,1.5748627885679038,-20.000000000000007
-0.1822603459450228,1.575240624019803,-20.000000000000007
-0.17716407672167847,1.5760687284044748,-20.000000000000007
-0.1617536389502492,1.4767475548411564,-20.000000000000007
-0.13559501490126286,1.4971204706629226,-20.000000000000007
-0.13559501490126286,1.4971204706629226,-20.000000000000007
-0.1352364542451437,1.4956132648969094,-20.000000000000007
-0.13766089245675406,1.4109848407592605,-20.000000000000007
-0.13766089245675403,1.4109848407592605,-20.000000000000007
-0.13766089245675406,1.4109848407592602,-20.000000000000007
-0.13766089245675406,1.4109848407592605,-20.000000000000007
-0.13766089245675406,1.4109848407592605,-20.000000000000007
-0.13766033188648455,1.4110074467856228,-20.000000000000007
-0.1377468926182409,1.4138227263361496,-20.000000000000007
-0.13774689261824094,1.4138227263361496,-20.000000000000007
-0.14969871320520373,1.437675006587023,-20.000000000000007
-0.1509864912825978,1.3992341320455806,-20.000000000000007
-0.14975414285615307,1.435613454864934,-20.000000000000007
-0.16226514651890211,1.479978094344565,-20.000000000000007
-0.1497541574130439,1.4356391577721634,-20.000000000000007
-0.16226514651890211,1.479978094344565,-20.000000000000007
-0.16015086704143033,1.4658572207674503,-20.000000000000007
-0.16015086704143036,1.4658572207674503,-20.000000000000007
-0.15188571630985698,1.402262875380409,-20.000000000000007
-0.14975415741304388,1.4356391577721634,-20.000000000000007
-0.1509864912825978,1.3992341320455806,-20.000000000000007
-0.14969871320520375,1.437675006587023,-20.000000000000007
-0.17716407672167844,1.5760687284044748,-20.000000000000007
-0.18837473412143407,1.5733779606841163,-20.000000000000007
-0.226086228772898,1.9260914692851094,-20.000000000000007
-0.26377012238958314,1.7618815459474437,-20.000000000000007
-0.29145195086946407,1.5886240208932991,-20.000000000000007
-0.31835594970986403,1.4997251724813223,-20.000000000000007
-0.34135488898604865,1.4984637278436264,-20.000000000000007
-0.3562199066723663,1.500039228842282,-20.000000000000007
-0.3692907381219497,1.499720320745888,-20.000000000000007
-0.36308706103148625,1.498802231082282,-20.000000000000007
-0.3523667119645139,1.4999969759718201,-20.000000000000007
-0.34862236243873945,1.4996546955170869,-20.000000000000007
-0.3318269266157005,1.497812699732655,-20.000000000000007
-0.331364674456648,1.4993359513903477,-20.000000000000007
-0.3114072689528863,1.4993464598473931,-20.000000000000007
-0.2817879916501446,1.4999219417366931,-20.000000000000007
-0.24814112531457128,1.7856141230658018,-20.000000000000007
-0.2040443086596288,1.7471900021231153,-20.000000000000007
-0.17950911580190798,1.5810607140359072,-20.000000000000007
-0.1494730626812134,1.4401096667703466,-20.000000000000007
-0.1362648890948696,1.4776041952523142,-20.000000000000007
-0.1352364542451437,1.4956132648969092,-20.000000000000007
-0.1352364542451437,1.4956132648969092,-20.000000000000007
-0.13766089245675406,1.4109848407592602,-20.000000000000007
-0.14969871320520373,1.4376750065870232,-20.000000000000007
-0.16015086704143033,1.4658572207674505,-20.000000000000007
-0.17259283802865877,1.5472393109831906,-20.000000000000007
-0.17259283802865877,1.5472393109831906,-20.000000000000007
-0.17259283802865874,1.5472393109831906,-20.000000000000007
-0.16226514651890211,1.479978094344565,-20.000000000000007
-0.1754824483155792,1.566996165209496,-20.000000000000007
-0.1622651465189021,1.479978094344565,-20.000000000000007
-0.17716407672167844,1.5760687284044745,-20.000000000000007
-0.1627002308005726,1.4821412217524914,-20.000000000000007
-0.17259283802865877,1.5472393109831908,-20.000000000000007
-0.1617536389502492,1.4767475548411566,-20.000000000000007
-0.16015086704143036,1.4658572207674503,-20.000000000000007
-0.15188571630985698,1.4022628753804087,-20.000000000000007
-0.15098649128259778,1.3992341320455806,-20.000000000000007
-0.14975414285615304,1.4356134548649337,-20.000000000000007
-0.14975414285615307,1.4356134548649337,-20.000000000000007
-0.14969871320520373,1.437675006587023,-20.000000000000007
-0.14947306268121344,1.4401096667703468,-20.000000000000007
-0.13766089245675403,1.4109848407592605,-20.000000000000007
-0.13766089245675406,1.4109848407592605,-20.000000000000007
-0.16015086704143033,1.4658572207674503,-20.000000000000007
-0.17337853243457832,1.5519365666422187,-20.000000000000007
-0.18885818653230285,1.5776548930151268,-20.000000000000007
-0.2235040363655269,1.9310001143533557,-20.000000000000007
-0.25601354679299226,1.7676513319204754,-20.000000000000007
-0.28317282825210344,1.518576488307543,-20.000000000000007
-0.30219352685639306,1.5359103477589655,-20.000000000000007
-0.32783281347311605,1.500642219741135,-20.000000000000007
-0.3337471645446088,1.4976042936385467,-20.000000000000007
-0.3399618889084718,1.4988439024436868,-20.000000000000007
-0.35909028456082626,1.4968292525609466,-20.000000000000007
-0.35444616062014517,1.5000326709462177,-20.000000000000007
-0.35619364735726355,1.50085196837108,-20.000000000000007
-0.3443917336739265,1.4978991190850128,-20.000000000000007
-0.3198519945729382,1.499579889305142,-20.000000000000007
-0.2827925050766747,1.5294706218460614,-20.000000000000007
-0.2502845554208488,1.7235141714337494,-20.000000000000007
-0.2189194066326587,1.9363504851979807,-20.000000000000007
-0.18837473412143407,1.5733779606841165,-20.000000000000007
-0.17917386072802038,1.5901780441278877,-20.000000000000007
-0.14975414285615304,1.4356134548649337,-20.000000000000007
-0.13774689261824094,1.4138227263361494,-20.000000000000007
-0.13541503259313709,1.4948226663941326,-20.000000000000007
-0.13559501490126286,1.4971204706629226,-20.000000000000007
-0.13523645424514372,1.4956132648969092,-20.000000000000007
-0.13766089245675406,1.41098484075926,-20.000000000000007
-0.13634314369070832,1.469091816603712,-20.000000000000007
-0.13766089245675406,1.4109848407592605,-20.000000000000007
-0.14969871320520373,1.4376750065870232,-20.000000000000007
-0.14969871320520373,1.4376750065870232,-20.000000000000007
-0.15098676968313507,1.3990909895297732,-20.000000000000007
-0.16015086704143036,1.4658572207674505,-20.000000000000007
-0.1601508670414304,1.4658572207674503,-20.000000000000007
-0.16226514651890211,1.479978094344565,-20.000000000000007
-0.1627002308005726,1.4821412217524916,-20.000000000000007
-0.17259283802865877,1.5472393109831906,-20.000000000000007
-0.1725928380286588,1.5472393109831906,-20.000000000000007
-0.17337853243457832,1.5519365666422185,-20.000000000000007
-0.17337853243457835,1.5519365666422185,-20.000000000000007
-0.16491224342351885,1.4962079272044326,-20.000000000000007
-0.17716407672167847,1.5760687284044748,-20.000000000000007
-0.17259283802865877,1.547239310983191,-20.000000000000007
-0.17917386072802038,1.5901780441278879,-20.000000000000007
-0.1622651465189021,1.479978094344565,-20.000000000000007
-0.16015086704143036,1.4658572207674505,-20.000000000000007
-0.17548244831557921,1.566996165209496,-20.000000000000007
-0.18226034594502277,1.575240624019803,-20.000000000000007
-0.22144073765422823,1.9281315216308137,-20.000000000000007
-0.25357072868708763,1.7642628668894365,-20.000000000000007
-0.29418002889506933,1.5990615545974922,-20.000000000000007
-0.3193309818582106,1.4977378859690553,-20.000000000000007
-0.3352289985022522,1.500911799932248,-20.000000000000007
-0.3544277125716577,1.4994625791903302,-20.000000000000007
-0.3606726543047815,1.4984641873389415,-20.000000000000007
-0.3545302344305755,1.4997951526247104,-20.000000000000007
-0.3580006744748332,1.5009009881826385,-20.000000000000007
-0.35347024449810377,1.5000290114095864,-20.000000000000007
-0.34710322955572576,1.4984733436718947,-20.000000000000007
-0.3458776103242002,1.4975386772678505,-20.000000000000007
-0.32892624142306415,1.4985580220221215,-20.000000000000007
-0.286591885591037,1.560431182250201,-20.000000000000007
-0.2532803119563146,1.757648403858878,-20.000000000000007
-0.212492495462084,1.8480238795029051,-20.000000000000007
-0.18837473412143407,1.573377960684116,-20.000000000000007
-0.18226034594502283,1.5752406240198027,-20.000000000000007
-0.1627002308005726,1.4821412217524914,-20.000000000000007
-0.14975414285615307,1.435613454864934,-20.000000000000007
-0.13500799762049986,1.4901723146345818,-20.000000000000007
-0.13541503259313709,1.4948226663941326,-20.000000000000007
-0.13634314369070832,1.4690918166037121,-20.000000000000007
-0.15098649128259778,1.3992341320455806,-20.000000000000007
-0.16226514651890211,1.4799780943445653,-20.000000000000007
-0.15098649128259778,1.3992341320455806,-20.000000000000007
-0.1617536389502492,1.4767475548411566,-20.000000000000007
-0.15098649128259778,1.3992341320455806,-20.000000000000007
-0.16226514651890211,1.4799780943445653,-20.000000000000007
-0.1822603459450228,1.575240624019803,-20.000000000000007
-0.1822603459450228,1.575240624019803,-20.000000000000007
-0.18837473412143407,1.573377960684116,-20.000000000000007
-0.18226034594502277,1.575240624019803,-20.000000000000007
-0.17694296547815702,1.572743141012019,-20.000000000000007
-0.16175363895024922,1.4767475548411564,-20.000000000000007
-0.1489623238983579,1.4412504362146568,-20.000000000000007
-0.14969871320520373,1.437675006587023,-20.000000000000007
-0.1489623238983579,1.441250436214657,-20.000000000000007
-0.14947306268121344,1.4401096667703466,-20.000000000000007
-0.14969871320520375,1.4376750065870232,-20.000000000000007
-0.14975414285615304,1.435613454864934,-20.000000000000007
-0.14969871320520373,1.437675006587023,-20.000000000000007
-0.14969871320520373,1.4376750065870232,-20.000000000000007
-0.15098649128259778,1.3992341320455803,-20.000000000000007
-0.16015086704143036,1.4658572207674507,-20.000000000000007
-0.1622651465189021,1.479978094344565,-20.000000000000007
-0.16226514651890211,1.4799780943445655,-20.000000000000007
-0.14969871320520373,1.4376750065870232,-20.000000000000007
-0.1362648890948696,1.4776041952523142,-20.000000000000007
-0.13496593015556185,1.490400499773179,-20.000000000000007
-0.13162334867738157,1.5125531912026637,-20.000000000000007
-0.12942838191366207,1.5266195020865654,-20.000000000000007
-0.12684286767579064,1.5197244813100859,-20.000000000000007
-0.12942838191366204,1.5266195020865656,-20.000000000000007
-0.12962373824809628,1.525556298070263,-20.000000000000007
-0.1316233486773816,1.512553191202664,-20.000000000000007
-0.1316233486773816,1.512553191202664,-20.000000000000007
-0.13162334867738157,1.512553191202664,-20.000000000000007
-0.1316233486773816,1.512553191202664,-20.000000000000007
-0.13162334867738157,1.5125531912026637,-20.000000000000007
-0.13162334867738157,1.512553191202664,-20.000000000000007
-0.1296237382480963,1.5255562980702628,-20.000000000000007
-0.12540408018203894,1.5225047004235048,-20.000000000000007
-0.1247755384603551,1.5292050934076342,-20.000000000000007
-0.11095734796566892,1.5311353815265414,-20.000000000000007
-0.12405129492932987,1.5281230603556568,-20.000000000000007
-0.12684286767579064,1.5197244813100856,-20.000000000000007
-0.1316233486773816,1.5125531912026635,-20.000000000000007
-0.13162334867738157,1.512553191202664,-20.000000000000007
-0.13496593015556185,1.490400499773179,-20.000000000000007
-0.13523645424514372,1.4956132648969092,-20.000000000000007
-0.13559501490126288,1.4971204706629226,-20.000000000000007
-0.1489623238983579,1.4412504362146568,-20.000000000000007
-0.14975414285615304,1.435613454864934,-20.000000000000007
-0.13634314369070832,1.4690918166037121,-20.000000000000007
-0.1350079976204999,1.4901723146345818,-20.000000000000007
-0.13162334867738157,1.5125531912026637,-20.000000000000007
-0.13160506288298884,1.5132325960306732,-20.000000000000007
-0.12942838191366207,1.5266195020865654,-20.000000000000007
-0.1296237382480963,1.5255562980702628,-20.000000000000007
-0.1316233486773816,1.5125531912026637,-20.000000000000007
-0.134987587169906,1.490284182800638,-20.000000000000007
-0.13559501490126286,1.4971204706629224,-20.000000000000007
-0.13766089245675403,1.4109848407592605,-20.000000000000007
-0.1377468926182409,1.4138227263361496,-20.000000000000007
-0.13559501490126288,1.4971204706629224,-20.000000000000007
-0.13434189990028764,1.4942024153350566,-20.000000000000007
-0.12962373824809628,1.5255562980702628,-20.000000000000007
-0.1352364542451437,1.4956132648969092,-20.000000000000007
-0.16226514651890211,1.479978094344565,-20.000000000000007
-0.2189834011942548,1.9294106496791945,-20.000000000000007
-0.2537829480098075,1.7680678568789592,-20.000000000000007
-0.2827121407064563,1.5292872901106156,-20.000000000000007
-0.3092742469775259,1.5058506198337376,-20.000000000000007
-0.32271721267924164,1.49804562014471,-20.000000000000007
-0.3272386132941839,1.4990668076255922,-20.000000000000007
-0.3385032649004158,1.5002313579266715,-20.000000000000007
-0.34480503665819995,1.49699851890561,-20.000000000000007
-0.34482441352080473,1.4969997515043276,-20.000000000000007
-0.3487221175736024,1.5010160756963418,-20.000000000000007
-0.3333426965252804,1.4977060697253508,-20.000000000000007
-0.30926687090670857,1.5058506663872815,-20.000000000000007
-0.28155440352652206,1.5252758337700465,-20.000000000000007
-0.25516397246099193,1.7696946256570067,-20.000000000000007
-0.22938363417509905,1.9231452996968357,-20.000000000000007
-0.20138593308898806,1.7056697537896857,-20.000000000000007
-0.1822603459450228,1.575240624019803,-20.000000000000007
-0.17716407672167847,1.5760687284044745,-20.000000000000007
-0.1617536389502492,1.4767475548411566,-20.000000000000007
-0.14975414285615307,1.4356134548649337,-20.000000000000007
-0.13766089245675406,1.4109848407592605,-20.000000000000007
-0.1352364542451437,1.4956132648969092,-20.000000000000007
-0.1352364542451437,1.4956132648969092,-20.000000000000007
-0.1316195303529259,1.5122209144802388,-20.000000000000007
-0.1265247710170893,1.5228189892846349,-20.000000000000007
-0.12793961775427445,1.5305380631712828,-20.000000000000007
-0.12573082948264883,1.539243717419068,-20.000000000000007
-0.1257308294826488,1.539243717419068,-20.000000000000007
-0.1128832251434153,1.5463510788087147,-20.000000000000007
-0.12573082948264883,1.539243717419068,-20.000000000000007
-0.1257308294826488,1.539243717419068,-20.000000000000007
-0.12573082948264883,1.5392437174190685,-20.000000000000007
-0.12793961775427448,1.5305380631712828,-20.000000000000007
-0.13103589494983797,1.523291254118942,-20.000000000000007
-0.13548266325810884,1.510385455395212,-20.000000000000007
-0.1682457767542655,1.571380497409752,-20.000000000000007
-0.17230075206441223,1.5935067427276293,-20.000000000000007
-0.1751010624546262,1.5664045252620542,-20.000000000000007
-0.18106016915713552,1.5665756235237864,-20.000000000000007
-0.1750691443919082,1.5677190487190198,-20.000000000000007
-0.180374903390968,1.5624216849117094,-20.000000000000007
-0.16491224342351887,1.4962079272044326,-20.000000000000007
-0.1363431436907083,1.4690918166037121,-20.000000000000007
-0.13559501490126288,1.4971204706629224,-20.000000000000007
-0.1494730626812134,1.4401096667703466,-20.000000000000007
-0.18885818653230282,1.5776548930151266,-20.000000000000007
-0.23538467694061213,1.9234328870905961,-20.000000000000007
-0.27295372835359455,1.634354966901132,-20.000000000000007
-0.3024883728623807,1.5310345450788763,-20.000000000000007
-0.3195137306498265,1.496215206233119,-20.000000000000007
-0.3198528415532843,1.4990997769880936,-20.000000000000007
-0.3328474402008304,1.49725499590148,-20.000000000000007
-0.3394762597501529,1.4984556377404672,-20.000000000000007
-0.34680565384026846,1.4964684989821921,-20.000000000000007
-0.35337683968815325,1.5003436724315187,-20.000000000000007
-0.3393093809995281,1.499897230567101,-20.000000000000007
-0.3149820009588242,1.494263712172306,-20.000000000000007
-0.2838003182059311,1.5389603050621732,-20.000000000000007
-0.255257808258889,1.7696267741050193,-20.000000000000007
-0.23193210184063526,1.913614431844647,-20.000000000000007
-0.21228200431524838,1.8497804617679954,-20.000000000000007
-0.18885818653230282,1.5776548930151266,-20.000000000000007
-0.1822603459450228,1.575240624019803,-20.000000000000007
-0.17917386072802036,1.5901780441278879,-20.000000000000007
-0.1622651465189021,1.4799780943445653,-20.000000000000007
-0.14969871320520375,1.4376750065870232,-20.000000000000007
-0.13774689261824094,1.4138227263361496,-20.000000000000007
-0.13559501490126288,1.4971204706629226,-20.000000000000007
-0.13626488909486958,1.4776041952523142,-20.000000000000007
-0.1352364542451437,1.4956132648969094,-20.000000000000007
-0.13559501490126288,1.4971204706629224,-20.000000000000007
-0.1363431436907083,1.469091816603712,-20.000000000000007
-0.13766089245675403,1.4109848407592605,-20.000000000000007
-0.14896232389835787,1.441250436214657,-20.000000000000007
-0.14969871320520375,1.4376750065870232,-20.000000000000007
-0.14975414285615307,1.4356134548649342,-20.000000000000007
-0.14975415741304388,1.4356391577721634,-20.000000000000007
-0.14975415741304388,1.4356391577721637,-20.000000000000007
-0.15098649128259778,1.3992341320455806,-20.000000000000007
-0.14975415741304388,1.4356391577721637,-20.000000000000007
-0.1509864912825978,1.3992341320455806,-20.000000000000007
-0.1617536389502492,1.4767475548411566,-20.000000000000007
-0.16015086704143033,1.4658572207674503,-20.000000000000007
-0.17259283802865874,1.5472393109831908,-20.000000000000007
-0.16015086704143033,1.4658572207674503,-20.000000000000007
-0.17259283802865874,1.5472393109831906,-20.000000000000007
-0.14975414285615307,1.4356134548649337,-20.000000000000007
-0.14969871320520373,1.437675006587023,-20.000000000000007
-0.17337853243457838,1.551936566642219,-20.000000000000007
-0.17390331952689816,1.5575570362868376,-20.000000000000007
-0.22369678545683427,1.9181970588997488,-20.000000000000007
-0.25632535143058727,1.7645106905042565,-20.000000000000007
-0.2880864982412632,1.5734067062767982,-20.000000000000007
-0.31992923216443325,1.4998580804412915,-20.000000000000007
-0.3367578921658365,1.501037578554687,-20.000000000000007
-0.3413548889860487,1.4984637278436257,-20.000000000000007
-0.3489692330820144,1.5002716494800197,-20.000000000000007
-0.35735471236266764,1.5003539792256149,-20.000000000000007
-0.35891087867958316,1.498237952098207,-20.000000000000007
-0.36075277936361366,1.5001175385918943,-20.000000000000007
-0.34783554243506476,1.499729617854898,-20.000000000000007
-0.3234280599509668,1.5000692458784668,-20.000000000000007
-0.294442839944556,1.597998630571326,-20.000000000000007
-0.26621402361914653,1.765393696926374,-20.000000000000007
-0.23720287029821846,1.9056274053909243,-20.000000000000007
-0.20138593308898806,1.7056697537896857,-20.000000000000007
-0.18110619219721433,1.5615965088310682,-20.000000000000007
-0.15705109047328716,1.5036218935682935,-20.000000000000007
-0.13827929829333077,1.4248276269423903,-20.000000000000007
-0.13517229201935854,1.508478118708559,-20.000000000000007
-0.13505618703786867,1.489772183713942,-20.000000000000007
-0.13523645424514372,1.4956132648969094,-20.000000000000007
-0.13523645424514372,1.4956132648969094,-20.000000000000007
-0.13634314369070832,1.4690918166037124,-20.000000000000007
-0.1377468926182409,1.4138227263361494,-20.000000000000007
-0.1494730360369043,1.4401127615108211,-20.000000000000007
-0.16175363895024922,1.4767475548411564,-20.000000000000007
-0.16491224342351887,1.4962079272044329,-20.000000000000007
-0.17950911580190798,1.5810607140359072,-20.000000000000007
-0.18067000068203443,1.5594198148107745,-20.000000000000007
-0.18837473412143407,1.573377960684116,-20.000000000000007
-0.18837473412143407,1.573377960684116,-20.000000000000007
-0.18888897604606414,1.5748627885679038,-20.000000000000007
-0.18942453257317313,1.5791548760255547,-20.000000000000007
-0.18942453257317313,1.5791548760255547,-20.000000000000007
-0.1894245325731731,1.5791548760255545,-20.000000000000007
-0.1891192387649498,1.5756732257028956,-20.000000000000007
-0.18842511370101275,1.5738540301251949,-20.000000000000007
-0.18842511370101273,1.5738540301251946,-20.000000000000007
-0.18842511370101273,1.5738540301251946,-20.000000000000007
-0.18837473412143407,1.573377960684116,-20.000000000000007
-0.18226034594502277,1.5752406240198034,-20.000000000000007
-0.1754824483155792,1.566996165209496,-20.000000000000007
-0.17716407672167844,1.5760687284044748,-20.000000000000007
-0.17917386072802036,1.5901780441278877,-20.000000000000007
-0.19303815211615682,1.6120202560143866,-20.000000000000007
-0.23440823261138904,1.9331740021179953,-20.000000000000007
-0.2753733810848211,1.578791529778939,-20.000000000000007
-0.30130640372307715,1.5423403938790972,-20.000000000000007
-0.3226617619492321,1.4988800104425528,-20.000000000000007
-0.3210268442188102,1.5000686239271335,-20.000000000000007
-0.3298703634804513,1.4973898956418945,-20.000000000000007
-0.34201914958797786,1.497859351121437,-20.000000000000007
-0.34145646804867924,1.4987307868635842,-20.000000000000007
-0.3543833888698724,1.4992798244245251,-20.000000000000007
-0.3419749908859508,1.4974866891996557,-20.000000000000007
-0.3189079956525488,1.4979640572655541,-20.000000000000007
-0.29644619690488105,1.5919162772191613,-20.000000000000007
-0.2758418669648457,1.6182468139770492,-20.000000000000007
-0.2484747108950409,1.7786832186705115,-20.000000000000007
-0.22138700232139466,1.9286952633762897,-20.000000000000007
-0.18942453257317313,1.5791548760255547,-20.000000000000007
-0.1822603459450228,1.575240624019803,-20.000000000000007
-0.17337853243457835,1.5519365666422187,-20.000000000000007
-0.15098649128259778,1.3992341320455806,-20.000000000000007
-0.14961452095757002,1.4408829749123404,-20.000000000000007
-0.13766089245675403,1.4109848407592605,-20.000000000000007
-0.13766089245675406,1.4109848407592605,-20.000000000000007
-0.13766089245675403,1.4109848407592602,-20.000000000000007
-0.1363431436907083,1.4690918166037121,-20.000000000000007
-0.137660892456754,1.4109848407592602,-20.000000000000007
-0.13766089245675406,1.4109848407592605,-20.000000000000007
-0.13766089245675406,1.4109848407592605,-20.000000000000007
-0.13766089245675406,1.4109848407592605,-20.000000000000007
-0.1377468926182409,1.4138227263361496,-20.000000000000007
-0.13766033188648452,1.4110074467856228,-20.000000000000007
-0.1377468926182409,1.4138227263361496,-20.000000000000007
-0.13766089245675406,1.4109848407592605,-20.000000000000007
-0.14975415741304388,1.4356391577721637,-20.000000000000007
-0.16175363895024922,1.4767475548411566,-20.000000000000007
-0.1742675836248365,1.5596310191219986,-20.000000000000007
-0.17950911580190798,1.5810607140359076,-20.000000000000007
-0.180374903390968,1.5624216849117094,-20.000000000000007
-0.18837473412143405,1.5733779606841158,-20.000000000000007
-0.18226034594502277,1.575240624019803,-20.000000000000007
-0.18885818653230282,1.5776548930151266,-20.000000000000007
-0.17950911580190798,1.5810607140359072,-20.000000000000007
-0.17359964367809982,1.5552621540346743,-20.000000000000007
-0.17716407672167844,1.5760687284044743,-20.000000000000007
-0.16226514651890211,1.479978094344565,-20.000000000000007
-0.20620692767240614,1.7695048984654262,-20.000000000000007
-0.2502845554208488,1.7235141714337492,-20.000000000000007
-0.28953497724503485,1.5815938510317888,-20.000000000000007
-0.3303075429907801,1.496387585801441,-20.000000000000007
-0.3565617685763712,1.5004238890035886,-20.000000000000007
-0.3547822255510579,1.5003051731857897,-20.000000000000007
-0.3579072419970421,1.5002292823476173,-20.000000000000007
-0.37182938836685886,1.4964019699546838,-20.000000000000007
-0.3570341292700361,1.5010878648099248,-20.000000000000007
-0.36997555340433474,1.4995821056819114,-20.000000000000007
-0.35443623585869477,1.4989968369356061,-20.000000000000007
-0.3274512200628118,1.5003756124555419,-20.000000000000007
-0.3044054789285222,1.507684226676324,-20.000000000000007
-0.27904186158521965,1.465820985743795,-20.000000000000007
-0.2532688923353968,1.7578024270239831,-20.000000000000007
-0.2306016887745189,1.9140944014911363,-20.000000000000007
-0.21023380688351329,1.8304416245211914,-20.000000000000007
-0.18885818653230285,1.5776548930151266,-20.000000000000007
-0.1822603459450228,1.575240624019803,-20.000000000000007
-0.17950911580190798,1.5810607140359072,-20.000000000000007
-0.17337853243457832,1.5519365666422185,-20.000000000000007
-0.16175363895024922,1.4767475548411564,-20.000000000000007
-0.16015086704143033,1.4658572207674505,-20.000000000000007
-0.1497541574130439,1.4356391577721634,-20.000000000000007
-0.1627002308005726,1.4821412217524916,-20.000000000000007
-0.17259283802865877,1.5472393109831906,-20.000000000000007
-0.1627002308005726,1.4821412217524919,-20.000000000000007
-0.17917386072802038,1.5901780441278879,-20.000000000000007
-0.17716407672167844,1.5760687284044745,-20.000000000000007
-0.16015086704143033,1.4658572207674503,-20.000000000000007
-0.1627002308005726,1.4821412217524914,-20.000000000000007
-0.13559501490126286,1.4971204706629226,-20.000000000000007
-0.13766089245675406,1.4109848407592605,-20.000000000000007
-0.13559501490126288,1.4971204706629226,-20.000000000000007
-0.13766089245675406,1.4109848407592605,-20.000000000000007
-0.13634314369070832,1.469091816603712,-20.000000000000007
-0.1362745899628907,1.4698692019264867,-20.000000000000007
-0.13627458996289069,1.469869201926487,-20.000000000000007
-0.13627454356280116,1.4698930590124546,-20.000000000000007
-0.13485267364567563,1.4825327156738897,-20.000000000000007
-0.13548266325810887,1.510385455395212,-20.000000000000007
-0.13548266325810887,1.510385455395212,-20.000000000000007
-0.13517229201935854,1.5084781187085592,-20.000000000000007
-0.1497541574130439,1.4356391577721637,-20.000000000000007
-0.17259283802865877,1.5472393109831908,-20.000000000000007
-0.19209041430059665,1.6012310609863813,-20.000000000000007
-0.23193210184063523,1.9136144318446475,-20.000000000000007
-0.2572695114353212,1.771838883692051,-20.000000000000007
-0.29111812662746944,1.5855069760538312,-20.000000000000007
-0.31188909475537385,1.5031615126562898,-20.000000000000007
-0.32341747684356803,1.5003920786526532,-20.000000000000007
-0.3319791310030603,1.4972699889582617,-20.000000000000007
-0.34655453462230906,1.4947191674315683,-20.000000000000007
-0.3515974896878623,1.4996474506708641,-20.000000000000007
-0.35022302841236913,1.5040992753328455,-20.000000000000007
-0.33640191327422364,1.5008943188523727,-20.000000000000007
-0.30487667633814947,1.5053534247740101,-20.000000000000007
-0.27937114303749494,1.525713678077813,-20.000000000000007
-0.24458341729461525,1.8151781512632397,-20.000000000000007
-0.21173096932913643,1.8478864443445635,-20.000000000000007
-0.1751010624546262,1.5664045252620538,-20.000000000000007
-0.1675013959742941,1.565948500745045,-20.000000000000007
-0.14911574455970508,1.4865068301192619,-20.000000000000007
-0.13548266325810884,1.5103854553952125,-20.000000000000007
-0.1351238177028405,1.5053349727150214,-20.000000000000007
-0.13548266325810887,1.5103854553952123,-20.000000000000007
-0.13766089245675406,1.4109848407592605,-20.000000000000007
-0.14975414285615307,1.435613454864934,-20.000000000000007
-0.17259283802865877,1.5472393109831906,-20.000000000000007
-0.15098649128259778,1.3992341320455806,-20.000000000000007
-0.16015086704143036,1.4658572207674503,-20.000000000000007
-0.16015086704143036,1.4658572207674503,-20.000000000000007
-0.16226514651890211,1.479978094344565,-20.000000000000007
-0.16175363895024925,1.4767475548411566,-20.000000000000007
-0.17259283802865877,1.5472393109831906,-20.000000000000007
-0.16226514651890211,1.4799780943445653,-20.000000000000007
-0.17359964367809982,1.5552621540346738,-20.000000000000007
-0.17337853243457835,1.551936566642219,-20.000000000000007
-0.17716407672167844,1.5760687284044743,-20.000000000000007
-0.17825534106184449,1.5837285229747722,-20.000000000000007
-0.179509115801908,1.5810607140359072,-20.000000000000007
-0.17282343672578382,1.5938334632912752,-20.000000000000007
-0.17369143618241778,1.5598915751394435,-20.000000000000007
-0.17509931874705942,1.5663756026689182,-20.000000000000007
-0.17510106557395996,1.5664100330278892,-20.000000000000007
-0.18106147615797719,1.5665959385271795,-20.000000000000007
-0.173421512564583,1.5556575549672629,-20.000000000000007
-0.17177201680536935,1.5990902493924235,-20.000000000000007
-0.17510106245462623,1.5664045252620538,-20.000000000000007
-0.18111054873671428,1.5670516929648648,-20.000000000000007
-0.2108830769678891,1.8406422820217245,-20.000000000000007
-0.2504660493711075,1.6944530197012422,-20.000000000000007
-0.2706940184856579,1.710936561123293,-20.000000000000007
-0.2969975637426138,1.5884176391337548,-20.000000000000007
-0.31146648021384127,1.5007208993652792,-20.000000000000007
-0.32901710006830465,1.4963963793110555,-20.000000000000007
-0.33197856107478957,1.4975212577875532,-20.000000000000007
-0.34417625575220095,1.4979766213714323,-20.000000000000007
-0.3592174162571536,1.4970963869628646,-20.000000000000007
-0.3582966226616593,1.5002011533051216,-20.000000000000007
-0.3487221175736024,1.5010160756963415,-20.000000000000007
-0.3384875736849799,1.50025360704253,-20.000000000000007
-0.3038838134119746,1.513229247653649,-20.000000000000007
-0.2843950157737849,1.5564346680588255,-20.000000000000007
-0.27947897934756516,1.524612824585176,-20.000000000000007
-0.2504660493711075,1.6944530197012422,-20.000000000000007
-0.24991571688495082,1.713352094045662,-20.000000000000007
-0.22187224334523908,1.9254177131544248,-20.000000000000007
-0.2213254895147281,1.92861601787369,-20.000000000000007
-0.18160650863614658,1.5652904978856894,-20.000000000000007
-0.18111185573755592,1.5670720079682579,-20.000000000000007
-0.1804043718668858,1.561176753585045,-20.000000000000007
-0.16491224342351887,1.4962079272044329,-20.000000000000007
-0.16491224342351887,1.4962079272044329,-20.000000000000007
-0.1377468926182409,1.4138227263361494,-20.000000000000007
-0.1497541574130439,1.4356391577721634,-20.000000000000007
-0.14947306268121344,1.4401096667703466,-20.000000000000007
-0.1497541574130439,1.4356391577721637,-20.000000000000007
-0.15188571630985698,1.402262875380409,-20.000000000000007
-0.16015086704143033,1.4658572207674507,-20.000000000000007
-0.17337853243457835,1.5519365666422185,-20.000000000000007
-0.179509115801908,1.5810607140359074,-20.000000000000007
-0.17950911580190798,1.5810607140359074,-20.000000000000007
-0.1883243545418553,1.5729018912430375,-20.000000000000007
-0.1883243545418553,1.5729018912430375,-20.000000000000007
-0.18215363028809564,1.5702186650839225,-20.000000000000007
-0.1933749787493799,1.6787254915873147,-20.000000000000007
-0.18160449471629364,1.5653668616837884,-20.000000000000007
-0.186156397764155,1.6073691015322784,-20.000000000000007
-0.18206498278704603,1.5720811476233034,-20.000000000000007
-0.1810614761579772,1.5665959385271788,-20.000000000000007
-0.1751010624546262,1.566404525262054,-20.000000000000007
-0.17288411621543603,1.5613034517219715,-20.000000000000007
-0.1822099663654441,1.5747645545787246,-20.000000000000007
-0.1822603459450228,1.575240624019803,-20.000000000000007
-0.19075375606836634,1.5908960761778872,-20.000000000000007
-0.22959559270852004,1.9265005679165847,-20.000000000000007
-0.2532688923353968,1.7578024270239831,-20.000000000000007
-0.2801785066426561,1.4808622782670067,-20.000000000000007
-0.3015885813836082,1.5386762004219738,-20.000000000000007
-0.3136079893527563,1.5056791472122835,-20.000000000000007
-0.3224538619411505,1.4974244903473606,-20.000000000000007
-0.3395800960995626,1.499039408479345,-20.000000000000007
-0.3532676085809935,1.5005698648643968,-20.000000000000007
-0.35583001698771916,1.5005894992228717,-20.000000000000007
-0.3446099942432791,1.4972471072719165,-20.000000000000007
-0.32912239763822326,1.4961957536029138,-20.000000000000007
-0.3026326314068866,1.5322413444378429,-20.000000000000007
-0.29189214994868057,1.587776577704122,-20.000000000000007
-0.2803532329383976,1.5049414149407447,-20.000000000000007
-0.26215817619527193,1.7662790502181556,-20.000000000000007
-0.2536220334740542,1.7571569920026064,-20.000000000000007
-0.22994567150625358,1.919538769158157,-20.000000000000007
-0.24272730694058495,1.8331984741568825,-20.000000000000007
-0.2111594184849443,1.8412888220543397,-20.000000000000007
-0.21295636326596953,1.85535961505459,-20.000000000000007
-0.1930381521161568,1.6120202560143864,-20.000000000000007
-0.17694296547815702,1.572743141012019,-20.000000000000007
-0.17917386072802038,1.5901780441278877,-20.000000000000007
-0.13766089245675403,1.4109848407592605,-20.000000000000007
-0.13766089245675406,1.4109848407592605,-20.000000000000007
-0.1363431436907083,1.469091816603712,-20.000000000000007
-0.13766089245675406,1.4109848407592602,-20.000000000000007
-0.14975414285615307,1.4356134548649342,-20.000000000000007
-0.14975414285615307,1.435613454864934,-20.000000000000007
-0.16015086704143036,1.4658572207674503,-20.000000000000007
-0.1617536389502492,1.4767475548411568,-20.000000000000007
-0.16270023080057264,1.4821412217524914,-20.000000000000007
-0.17337853243457832,1.5519365666422185,-20.000000000000007
-0.1804043718668858,1.561176753585045,-20.000000000000007
-0.1804043718668858,1.5611767535850447,-20.000000000000007
-0.1822603459450228,1.5752406240198031,-20.000000000000007
-0.1822603459450228,1.575240624019803,-20.000000000000007
-0.17825534106184446,1.5837285229747722,-20.000000000000007
-0.17917386072802038,1.5901780441278877,-20.000000000000007
-0.1735996436780998,1.5552621540346743,-20.000000000000007
-0.17259283802865877,1.5472393109831908,-20.000000000000007
-0.16226514651890211,1.479978094344565,-20.000000000000007
-0.17917386072802036,1.5901780441278879,-20.000000000000007
-0.18832435454185534,1.5729018912430375,-20.000000000000007
-0.21463162400711894,1.8668584694969494,-20.000000000000007
-0.26185623638567834,1.7667921555326032,-20.000000000000007
-0.2873052309822628,1.570188072106489,-20.000000000000007
-0.3210980283776146,1.4971254658046762,-20.000000000000007
-0.3356179247983563,1.4994995620807088,-20.000000000000007
-0.34964442468702683,1.4994339976114592,-20.000000000000007
-0.3500386564055758,1.501256016032222,-20.000000000000007
-0.35909028456082626,1.4968292525609463,-20.000000000000007
-0.3681003791121131,1.4999499412854231,-20.000000000000007
-0.36637636396426915,1.5000861831747652,-20.000000000000007
-0.3623834948750434,1.4967774678969576,-20.000000000000007
-0.3432906189179785,1.499341190646175,-20.000000000000007
-0.31474461509509943,1.4948670752644495,-20.000000000000007
-0.2830692610102159,1.5195339392600882,-20.000000000000007
-0.2549506672202101,1.7719617873180042,-20.000000000000007
-0.23090645405062973,1.911544970233989,-20.000000000000007
-0.2062195057358958,1.7693061823890075,-20.000000000000007
-0.18842511370101275,1.5738540301251946,-20.000000000000007
-0.18226034594502277,1.575240624019803,-20.000000000000007
-0.17950911580190798,1.5810607140359072,-20.000000000000007
-0.1735996436780998,1.555262154034674,-20.000000000000007
-0.16226514651890211,1.4799780943445655,-20.000000000000007
-0.16015086704143036,1.4658572207674503,-20.000000000000007
-0.14975414285615307,1.435613454864934,-20.000000000000007
-0.1497541574130439,1.4356391577721637,-20.000000000000007
-0.14969871320520373,1.4376750065870232,-20.000000000000007
-0.14969871320520373,1.4376750065870232,-20.000000000000007
-0.13774689261824094,1.4138227263361496,-20.000000000000007
-0.14969871320520373,1.4376750065870232,-20.000000000000007
-0.13766089245675406,1.4109848407592605,-20.000000000000007
-0.14969871320520373,1.4376750065870232,-20.000000000000007
-0.13766089245675406,1.4109848407592605,-20.000000000000007
-0.14969871320520375,1.4376750065870232,-20.000000000000007
-0.13766089245675406,1.4109848407592605,-20.000000000000007
-0.1377468926182409,1.4138227263361496,-20.000000000000007
-0.13766089245675406,1.4109848407592605,-20.000000000000007
-0.13766089245675406,1.4109848407592605,-20.000000000000007
-0.13766089245675403,1.4109848407592605,-20.000000000000007
-0.14969871320520373,1.4376750065870232,-20.000000000000007
-0.16015086704143036,1.4658572207674503,-20.000000000000007
-0.17337853243457832,1.5519365666422185,-20.000000000000007
-0.17825534106184443,1.5837285229747722,-20.000000000000007
-0.17716407672167847,1.5760687284044748,-20.000000000000007
-0.180374903390968,1.5624216849117094,-20.000000000000007
-0.18110619219721427,1.5615965088310682,-20.000000000000007
-0.1894245325731731,1.5791548760255545,-20.000000000000007
-0.23106341340115905,1.9111892152082386,-20.000000000000007
-0.2572695114353212,1.7718388836920504,-20.000000000000007
-0.2941346794686155,1.5962431302748081,-20.000000000000007
-0.30974872444782503,1.5047213828259638,-20.000000000000007
-0.3227744142336105,1.4998050904685933,-20.000000000000007
-0.32784517875526353,1.5006881033421078,-20.000000000000007
-0.33405066238708314,1.4968086485777676,-20.000000000000007
-0.3498002864951019,1.500244446005809,-20.000000000000007
-0.3462542478930764,1.4959952062911184,-20.000000000000007
-0.34175389493041397,1.4968538210599793,-20.000000000000007
-0.31822074287890517,1.4979867210825224,-20.000000000000007
-0.2857609807639739,1.563548258660463,-20.000000000000007
-0.2534892485051921,1.7557448435651073,-20.000000000000007
-0.22586575302864215,1.923645815642917,-20.000000000000007
-0.18160650863614652,1.5652904978856892,-20.000000000000007
-0.17230075206441225,1.5935067427276293,-20.000000000000007
-0.14956706770296652,1.4816796669296808,-20.000000000000007
-0.13766089245675403,1.4109848407592607,-20.000000000000007
-0.13626488909486958,1.477604195252314,-20.000000000000007
-0.1352364542451437,1.4956132648969094,-20.000000000000007
-0.13559501490126288,1.4971204706629226,-20.000000000000007
-0.13541503259313706,1.4948226663941324,-20.000000000000007
-0.13766089245675403,1.4109848407592605,-20.000000000000007
-0.16175363895024922,1.4767475548411564,-20.000000000000007
-0.17259283802865877,1.547239310983191,-20.000000000000007
-0.17716407672167847,1.5760687284044748,-20.000000000000007
-0.17259283802865877,1.5472393109831908,-20.000000000000007
-0.14961452095757005,1.4408829749123406,-20.000000000000007
-0.14975415741304385,1.4356391577721637,-20.000000000000007
-0.13766033188648452,1.4110074467856226,-20.000000000000007
-0.16015086704143033,1.4658572207674505,-20.000000000000007
-0.16270023080057264,1.4821412217524916,-20.000000000000007
-0.16226514651890211,1.4799780943445655,-20.000000000000007
-0.17337853243457835,1.5519365666422187,-20.000000000000007
-0.16226514651890211,1.4799780943445653,-20.000000000000007
-0.16175363895024922,1.4767475548411564,-20.000000000000007
-0.15748675287147954,1.4729437082436276,-20.000000000000007
-0.15849767981066687,1.4928377700777622,-20.000000000000007
-0.15705111126884552,1.5036586120071933,-20.000000000000007
-0.1675013959742941,1.5659485007450447,-20.000000000000007
-0.15051641496476997,1.4437806381826717,-20.000000000000007
-0.1495116141371251,1.4836989924470356,-20.000000000000007
-0.17033410233515114,1.5849940384247387,-20.000000000000007
-0.17531052896531074,1.5656218925739698,-20.000000000000007
-0.2273349733273436,1.9193198109185883,-20.000000000000007
-0.2796505477078005,1.5205278537775686,-20.000000000000007
-0.30263291006736837,1.5319900558991009,-20.000000000000007
-0.32901710006830465,1.4963963793110557,-20.000000000000007
-0.3358167063545827,1.4997137908235687,-20.000000000000007
-0.34875011802932016,1.5010117486246983,-20.000000000000007
-0.34565269451703384,1.4964446780822405,-20.000000000000007
-0.3461510227836139,1.4944136187708938,-20.000000000000007
-0.35982136911569795,1.497545220381827,-20.000000000000007
-0.34372522195963795,1.4989783391257208,-20.000000000000007
-0.3418855463463882,1.4966599057508907,-20.000000000000007
-0.31982517038223557,1.4999916232952821,-20.000000000000007
-0.2873052309822628,1.5701880721064887,-20.000000000000007
-0.2568311526330456,1.7717844227302035,-20.000000000000007
-0.22610668672834544,1.9302216087355992,-20.000000000000007
-0.1894245325731731,1.5791548760255547,-20.000000000000007
-0.17950911580190798,1.5810607140359072,-20.000000000000007
-0.17337853243457835,1.5519365666422185,-20.000000000000007
-0.1509864912825978,1.3992341320455803,-20.000000000000007
-0.14896232389835787,1.441250436214657,-20.000000000000007
-0.13626488909486958,1.477604195252314,-20.000000000000007
-0.13634314369070832,1.4690918166037121,-20.000000000000007
-0.1363431436907083,1.469091816603712,-20.000000000000007
-0.13766089245675406,1.4109848407592605,-20.000000000000007
-0.13766089245675406,1.4109848407592605,-20.000000000000007
-0.13766089245675406,1.4109848407592605,-20.000000000000007
-0.1363431436907083,1.469091816603712,-20.000000000000007
-0.1377468926182409,1.4138227263361494,-20.000000000000007
-0.14975414285615307,1.435613454864934,-20.000000000000007
-0.16226514651890211,1.479978094344565,-20.000000000000007
-0.1742675836248365,1.5596310191219986,-20.000000000000007
-0.1754824483155792,1.566996165209496,-20.000000000000007
-0.1742675836248365,1.5596310191219986,-20.000000000000007
-0.16491224342351885,1.4962079272044329,-20.000000000000007
-0.17271059248784174,1.547567701554894,-20.000000000000007
-0.17259283802865877,1.5472393109831906,-20.000000000000007
-0.16491224342351887,1.4962079272044329,-20.000000000000007
-0.17694296547815702,1.5727431410120194,-20.000000000000007
-0.16491224342351887,1.4962079272044326,-20.000000000000007
-0.1754824483155792,1.566996165209496,-20.000000000000007
-0.1804043718668858,1.5611767535850447,-20.000000000000007
-0.17825534106184446,1.5837285229747724,-20.000000000000007
-0.18067000068203443,1.5594198148107745,-20.000000000000007
-0.180374903390968,1.5624216849117096,-20.000000000000007
-0.17917386072802038,1.5901780441278879,-20.000000000000007
-0.18885818653230285,1.5776548930151268,-20.000000000000007
-0.2276014464421608,1.9245423734898095,-20.000000000000007
-0.25601354679299226,1.7676513319204754,-20.000000000000007
-0.29422327624799866,1.59605247652306,-20.000000000000007
-0.3112397295858605,1.4996814048370226,-20.000000000000007
-0.3267921356490131,1.4997294368184342,-20.000000000000007
-0.33107671916065273,1.4980542496353308,-20.000000000000007
-0.3429686500613281,1.498821353708506,-20.000000000000007
-0.3544362358586947,1.4989968369356057,-20.000000000000007
-0.35342566710675327,1.5009037974482198,-20.000000000000007
-0.3489575487508138,1.4984284170494717,-20.000000000000007
-0.3263769278954498,1.4985381842505232,-20.000000000000007
-0.29594557443006414,1.591912671727449,-20.000000000000007
-0.26175657282751474,1.7656862319593811,-20.000000000000007
-0.23173800461227242,1.913286973414019,-20.000000000000007
-0.19885325672563564,1.6783739635447605,-20.000000000000007
-0.1822603459450228,1.5752406240198034,-20.000000000000007
-0.17337853243457832,1.5519365666422185,-20.000000000000007
-0.1497541574130439,1.4356391577721637,-20.000000000000007
-0.1362648890948696,1.4776041952523142,-20.000000000000007
-0.13500799762049986,1.4901723146345816,-20.000000000000007
-0.1352364542451437,1.4956132648969094,-20.000000000000007
-0.13523645424514372,1.4956132648969092,-20.000000000000007
-0.13766089245675406,1.4109848407592602,-20.000000000000007
-0.14969871320520375,1.437675006587023,-20.000000000000007
-0.1622651465189021,1.4799780943445653,-20.000000000000007
-0.16015086704143036,1.4658572207674503,-20.000000000000007
-0.17259283802865874,1.5472393109831906,-20.000000000000007
-0.14975414285615307,1.4356134548649337,-20.000000000000007
-0.14975414285615307,1.435613454864934,-20.000000000000007
-0.14969871320520378,1.4376750065870234,-20.000000000000007
-0.13766089245675406,1.4109848407592605,-20.000000000000007
-0.14969871320520375,1.437675006587023,-20.000000000000007
-0.13766089245675406,1.4109848407592602,-20.000000000000007
-0.1377468926182409,1.4138227263361494,-20.000000000000007
-0.13766089245675403,1.41098484075926,-20.000000000000007
-0.13766089245675406,1.4109848407592605,-20.000000000000007
-0.13766089245675406,1.4109848407592605,-20.000000000000007
-0.13766089245675403,1.4109848407592607,-20.000000000000007
-0.1489623238983579,1.4412504362146572,-20.000000000000007
-0.16015086704143036,1.4658572207674505,-20.000000000000007
-0.1497541574130439,1.4356391577721634,-20.000000000000007
-0.14961452095757005,1.4408829749123402,-20.000000000000007
-0.1754824483155792,1.5669961652094957,-20.000000000000007
-0.18226034594502277,1.575240624019803,-20.000000000000007
-0.22771094610446072,1.9193006230995664,-20.000000000000007
-0.28035323293839765,1.5049414149407447,-20.000000000000007
-0.30863502376351964,1.5073549291131614,-20.000000000000007
-0.33981656832017954,1.4987347891638574,-20.000000000000007
-0.35076526666609836,1.4993519060323428,-20.000000000000007
-0.3635581675742715,1.4993587768270833,-20.000000000000007
-0.3616575584880901,1.4978278897548631,-20.000000000000007
-0.36660449952498797,1.501458376439565,-20.000000000000007
-0.372790848846437,1.4931765518093185,-20.000000000000007
-0.368184968522418,1.4985053214082373,-20.000000000000007
-0.36320799909569257,1.4993963094179033,-20.000000000000007
-0.3454942939205859,1.4981427228777557,-20.000000000000007
-0.31550812906409614,1.4949157633151202,-20.000000000000007
-0.28339569269116516,1.5216054649451893,-20.000000000000007
-0.25524064328010465,1.7695258837127659,-20.000000000000007
-0.22992079293499196,1.9267144829893357,-20.000000000000007
-0.20404430865962883,1.7471900021231155,-20.000000000000007
-0.18837473412143407,1.573377960684116,-20.000000000000007
-0.1822603459450228,1.575240624019803,-20.000000000000007
-0.179509115801908,1.5810607140359072,-20.000000000000007
-0.17716407672167847,1.5760687284044748,-20.000000000000007
-0.17426758362483646,1.5596310191219986,-20.000000000000007
-0.17337853243457835,1.5519365666422185,-20.000000000000007
-0.16226514651890211,1.4799780943445653,-20.000000000000007
-0.17259283802865874,1.5472393109831906,-20.000000000000007
-0.17259283802865877,1.5472393109831908,-20.000000000000007
-0.1742675836248365,1.5596310191219989,-20.000000000000007
-0.1771640767216785,1.5760687284044748,-20.000000000000007
-0.16226514651890211,1.479978094344565,-20.000000000000007
-0.16175363895024922,1.4767475548411566,-20.000000000000007
-0.15188571630985698,1.4022628753804087,-20.000000000000007
-0.13766089245675403,1.4109848407592605,-20.000000000000007
-0.14975414285615304,1.4356134548649337,-20.000000000000007
-0.13559501490126286,1.4971204706629222,-20.000000000000007
-0.13766089245675403,1.4109848407592605,-20.000000000000007
-0.13559501490126286,1.4971204706629224,-20.000000000000007
-0.13766089245675403,1.4109848407592605,-20.000000000000007
-0.1362745899628907,1.4698692019264867,-20.000000000000007
-0.1354117843269244,1.4985215265898588,-20.000000000000007
-0.13406778545755843,1.5026642718838872,-20.000000000000007
-0.13548266325810884,1.510385455395212,-20.000000000000007
-0.13548266325810884,1.5103854553952123,-20.000000000000007
-0.13517229201935851,1.5084781187085587,-20.000000000000007
-0.14975415741304388,1.4356391577721634,-20.000000000000007
-0.17426758362483646,1.5596310191219986,-20.000000000000007
-0.18888897604606414,1.5748627885679038,-20.000000000000007
-0.2388920604892191,1.8949852356181969,-20.000000000000007
-0.26404433515631154,1.7598858800564576,-20.000000000000007
-0.2969625491075334,1.5865608776553706,-20.000000000000007
-0.3141783204805889,1.4995500924953125,-20.000000000000007
-0.33417193370417364,1.4969287660853172,-20.000000000000007
-0.3358539046260483,1.499745994839566,-20.000000000000007
-0.3447339484392165,1.4971531202819506,-20.000000000000007
-0.35023807789799527,1.5016562855210016,-20.000000000000007
-0.3410228478137136,1.4982953619220918,-20.000000000000007
-0.34098508291730306,1.498272167020154,-20.000000000000007
-0.32078986806413945,1.5002490095456311,-20.000000000000007
-0.300917365064162,1.5484444867998541,-20.000000000000007
-0.2646014558325994,1.7627589679718103,-20.000000000000007
-0.22966676414222983,1.9196183962526654,-20.000000000000007
-0.1888385964664855,1.5743867191268253,-20.000000000000007
-0.1811061921972143,1.5615965088310682,-20.000000000000007
-0.17950911580190804,1.5810607140359074,-20.000000000000007
-0.17716407672167844,1.5760687284044748,-20.000000000000007
-0.1601508670414304,1.4658572207674503,-20.000000000000007
-0.13559501490126286,1.4971204706629224,-20.000000000000007
-0.13559501490126288,1.4971204706629226,-20.000000000000007
-0.13559501490126286,1.4971204706629224,-20.000000000000007
-0.14896232389835787,1.441250436214657,-20.000000000000007
-0.14969871320520373,1.4376750065870232,-20.000000000000007
-0.14975414285615307,1.4356134548649337,-20.000000000000007
-0.1489623238983579,1.441250436214657,-20.000000000000007
-0.14975414285615304,1.4356134548649337,-20.000000000000007
-0.14975415741304388,1.4356391577721637,-20.000000000000007
-0.15280423597603293,1.4087123965335242,-20.000000000000007
-0.16270023080057264,1.4821412217524914,-20.000000000000007
-0.1509864912825978,1.3992341320455806,-20.000000000000007
-0.1509864912825978,1.3992341320455806,-20.000000000000007
-0.14961452095757005,1.4408829749123402,-20.000000000000007
-0.1377468926182409,1.4138227263361496,-20.000000000000007
-0.14896232389835787,1.441250436214657,-20.000000000000007
-0.14969871320520373,1.4376750065870232,-20.000000000000007
-0.14969871320520375,1.4376750065870234,-20.000000000000007
-0.1497539727224914,1.435700930846816,-20.000000000000007
-0.14849302182516144,1.4731912638912992,-20.000000000000007
-0.15051658509843163,1.4436931622007894,-20.000000000000007
-0.13836585902508713,1.4276429064929175,-20.000000000000007
-0.13827985886360028,1.4248050209160283,-20.000000000000007
-0.15890039346628101,1.5140502114767458,-20.000000000000007
-0.1750691443919082,1.5677190487190198,-20.000000000000007
-0.22187224334523903,1.9254177131544248,-20.000000000000007
-0.27930830545628293,1.5288868098711776,-20.000000000000007
-0.3017952245398245,1.536324028837703,-20.000000000000007
-0.3254281904889686,1.499572101746499,-20.000000000000007
-0.33186511036559213,1.4977681549028024,-20.000000000000007
-0.34215202678839035,1.4982106551334218,-20.000000000000007
-0.33987850408900694,1.4988466862252163,-20.000000000000007
-0.34415979504424354,1.4981121119828926,-20.000000000000007
-0.3578157765678652,1.499463902488194,-20.000000000000007
-0.3534477055246346,1.5011310030895515,-20.000000000000007
-0.3489692330820144,1.5002716494800197,-20.000000000000007
-0.331675995773887,1.4987401441083719,-20.000000000000007
-0.3019369754486786,1.535965416989518,-20.000000000000007
-0.26523415692589575,1.7639317048100187,-20.000000000000007
-0.23892787232527782,1.8845394154500719,-20.000000000000007
-0.19301630833170436,1.6718828761552997,-20.000000000000007
-0.17510106245462623,1.5664045252620538,-20.000000000000007
-0.1570510904732872,1.5036218935682937,-20.000000000000007
-0.1382798588636003,1.4248050209160283,-20.000000000000007
-0.1353026809499831,1.5080876511264223,-20.000000000000007
-0.13368888349607688,1.4977113798794184,-20.000000000000007
-0.13559501490126286,1.4971204706629224,-20.000000000000007
-0.13766089245675406,1.4109848407592602,-20.000000000000007
-0.1497541574130439,1.4356391577721637,-20.000000000000007
-0.1509864912825978,1.3992341320455806,-20.000000000000007
-0.16226514651890214,1.479978094344565,-20.000000000000007
-0.14975414285615307,1.4356134548649337,-20.000000000000007
-0.16226514651890211,1.4799780943445653,-20.000000000000007
-0.16015086704143036,1.4658572207674505,-20.000000000000007
-0.16015086704143033,1.4658572207674503,-20.000000000000007
-0.1622651465189021,1.4799780943445653,-20.000000000000007
-0.16015086704143033,1.4658572207674503,-20.000000000000007
-0.1617536389502492,1.4767475548411566,-20.000000000000007
-0.1509864912825978,1.3992341320455806,-20.000000000000007
-0.1497541574130439,1.4356391577721637,-20.000000000000007
-0.14975415741304388,1.4356391577721634,-20.000000000000007
-0.14975415741304388,1.4356391577721637,-20.000000000000007
-0.1509864912825978,1.3992341320455806,-20.000000000000007
-0.15849767981066687,1.492837770077762,-20.000000000000007
-0.15051643991943997,1.443824700309351,-20.000000000000007
-0.1606803749854378,1.527863046659199,-20.000000000000007
-0.1495116141371251,1.4836989924470356,-20.000000000000007
-0.13827985886360028,1.4248050209160281,-20.000000000000007
-0.14975415741304388,1.4356391577721637,-20.000000000000007
-0.17337853243457832,1.551936566642219,-20.000000000000007
-0.18888897604606414,1.574862788567904,-20.000000000000007
-0.2443107649096095,1.8291243725315858,-20.000000000000007
-0.2667565134828852,1.7618320179012812,-20.000000000000007
-0.29901223363289464,1.5663104992768058,-20.000000000000007
-0.31324367818862064,1.5031725465532944,-20.000000000000007
-0.3272537310967485,1.5002448085017188,-20.000000000000007
-0.33107671916065273,1.4980542496353308,-20.000000000000007
-0.33471612290571406,1.4983806786655154,-20.000000000000007
-0.34810869401975003,1.5004168231215975,-20.000000000000007
-0.34328824125456636,1.4992010540445406,-20.000000000000007
-0.3373440209563694,1.4997399081494953,-20.000000000000007
-0.3207352622828473,1.4990669615555094,-20.000000000000007
-0.29122033465216807,1.5874390995595853,-20.000000000000007
-0.2640142183788625,1.7622229661353819,-20.000000000000007
-0.24753611064781528,1.7981305890838026,-20.000000000000007
-0.21973920250494972,1.937701139422241,-20.000000000000007
-0.20139347992708184,1.7055505241438342,-20.000000000000007
-0.18842511370101273,1.5738540301251946,-20.000000000000007
-0.1822603459450228,1.5752406240198031,-20.000000000000007
-0.1822603459450228,1.5752406240198034,-20.000000000000007
-0.1791738607280204,1.5901780441278877,-20.000000000000007
-0.16491224342351887,1.4962079272044329,-20.000000000000007
-0.14975415741304388,1.4356391577721637,-20.000000000000007
-0.1489623238983579,1.441250436214657,-20.000000000000007
-0.13766089245675403,1.4109848407592605,-20.000000000000007
-0.13634314369070832,1.469091816603712,-20.000000000000007
-0.13541503259313709,1.4948226663941324,-20.000000000000007
-0.13496593015556185,1.490400499773179,-20.000000000000007
-0.1316233486773816,1.512553191202664,-20.000000000000007
-0.13160506288298887,1.5132325960306736,-20.000000000000007
-0.12962373824809628,1.525556298070263,-20.000000000000007
-0.1296237382480963,1.525556298070263,-20.000000000000007
-0.1296237382480963,1.5255562980702628,-20.000000000000007
-0.1296237382480963,1.5255562980702628,-20.000000000000007
-0.1296237382480963,1.5255562980702628,-20.000000000000007
-0.12962373824809628,1.525556298070263,-20.000000000000007
-0.12962373824809628,1.525556298070263,-20.000000000000007
-0.12684286767579064,1.5197244813100856,-20.000000000000007
-0.1254040801820389,1.5225047004235046,-20.000000000000007
-0.1254040801820389,1.5225047004235046,-20.000000000000007
-0.12540408018203894,1.5225047004235046,-20.000000000000007
-0.12684286767579067,1.5197244813100856,-20.000000000000007
-0.12684286767579064,1.5197244813100854,-20.000000000000007
-0.13559501490126286,1.4971204706629224,-20.000000000000007
-0.17950911580190804,1.5810607140359072,-20.000000000000007
-0.22163643964983376,1.9348203193043676,-20.000000000000007
-0.28095167809331567,1.509900364792004,-20.000000000000007
-0.31222982607999256,1.5043239002847122,-20.000000000000007
-0.3417124720790449,1.497545793784146,-20.000000000000007
-0.34958757603842777,1.4996359270640844,-20.000000000000007
-0.3674644264383119,1.5032213572752287,-20.000000000000007
-0.364771818226817,1.5027444245117207,-20.000000000000007
-0.36773395243857265,1.500781767767231,-20.000000000000007
-0.37706002178676284,1.4929118620035546,-20.000000000000007
-0.3718827995164338,1.4981378932820097,-20.000000000000007
-0.36808819392221076,1.5001064109571502,-20.000000000000007
-0.3613261393174036,1.497244414925293,-20.000000000000007
-0.33760941018597157,1.4993752458790075,-20.000000000000007
-0.312180665071393,1.5044081397250946,-20.000000000000007
-0.28477524082017275,1.5519229100790066,-20.000000000000007
-0.25483344883152953,1.7710535281901885,-20.000000000000007
-0.23582220684492958,1.9196801561505246,-20.000000000000007
-0.21249249546208399,1.8480238795029051,-20.000000000000007
-0.1888693859802468,1.5715946146796025,-20.000000000000007
-0.18220996636544406,1.5747645545787243,-20.000000000000007
-0.17917386072802038,1.5901780441278879,-20.000000000000007
-0.17337853243457835,1.5519365666422185,-20.000000000000007
-0.17259283802865877,1.5472393109831908,-20.000000000000007
-0.16226514651890211,1.4799780943445653,-20.000000000000007
-0.16491224342351885,1.4962079272044329,-20.000000000000007
-0.16175363895024922,1.4767475548411566,-20.000000000000007
-0.16491224342351887,1.4962079272044329,-20.000000000000007
-0.16175363895024922,1.4767475548411564,-20.000000000000007
-0.17426758362483646,1.5596310191219989,-20.000000000000007
-0.16491224342351887,1.4962079272044329,-20.000000000000007
-0.17917386072802036,1.5901780441278877,-20.000000000000007
-0.17337853243457835,1.5519365666422185,-20.000000000000007
-0.17917386072802038,1.5901780441278879,-20.000000000000007
-0.17359964367809982,1.5552621540346743,-20.000000000000007
-0.17694296547815702,1.572743141012019,-20.000000000000007
-0.17426758362483652,1.5596310191219986,-20.000000000000007
-0.17337853243457835,1.5519365666422185,-20.000000000000007
-0.16491224342351885,1.4962079272044329,-20.000000000000007
-0.16226514651890211,1.479978094344565,-20.000000000000007
-0.15098649128259783,1.3992341320455806,-20.000000000000007
-0.1509864912825978,1.3992341320455806,-20.000000000000007
-0.14975397272249139,1.435700930846816,-20.000000000000007
-0.13695089271344155,1.4199252923541754,-20.000000000000007
-0.17235998236359257,1.5450335733037925,-20.000000000000007
-0.17825534106184446,1.5837285229747722,-20.000000000000007
-0.19927599968825094,1.6820169922625399,-20.000000000000007
-0.23698195095870883,1.9139649273901296,-20.000000000000007
-0.2669733710599344,1.7645090506581802,-20.000000000000007
-0.3016919677366312,1.5371383086466872,-20.000000000000007
-0.31731813853279933,1.4974227974036565,-20.000000000000007
-0.3371545433881823,1.5002559606051025,-20.000000000000007
-0.3411551680587096,1.4982613382377576,-20.000000000000007
-0.3463728931819897,1.494076196972198,-20.000000000000007
-0.3577681794989785,1.4989891154684925,-20.000000000000007
-0.3501355165437631,1.5028973754222363,-20.000000000000007
-0.34809108399097044,1.5001622086353645,-20.000000000000007
-0.32506135653885687,1.499727796978237,-20.000000000000007
-0.2993982881129415,1.5637305362524427,-20.000000000000007
-0.26269022191224417,1.7637239959233142,-20.000000000000007
-0.2357761515717354,1.9139808551233313,-20.000000000000007
-0.19431274918884162,1.682756982840809,-20.000000000000007
-0.17510106245462623,1.5664045252620535,-20.000000000000007
-0.15890039346628104,1.514050211476746,-20.000000000000007
-0.13686533510743057,1.4170695599143688,-20.000000000000007
-0.13548267053655427,1.5103983068488276,-20.000000000000007
-0.13484361666012964,1.490359616932491,-20.000000000000007
-0.13523645424514372,1.4956132648969092,-20.000000000000007
-0.1352364542451437,1.4956132648969092,-20.000000000000007
-0.13634314369070832,1.4690918166037121,-20.000000000000007
-0.13766089245675403,1.4109848407592605,-20.000000000000007
-0.14969871320520373,1.4376750065870232,-20.000000000000007
-0.14969871320520375,1.4376750065870232,-20.000000000000007
-0.16015086704143036,1.4658572207674507,-20.000000000000007
-0.17259283802865877,1.547239310983191,-20.000000000000007
-0.17716407672167844,1.5760687284044748,-20.000000000000007
-0.17950911580190798,1.5810607140359072,-20.000000000000007
-0.18067109244884727,1.559441333785131,-20.000000000000007
-0.1822603459450228,1.5752406240198031,-20.000000000000007
-0.18226034594502277,1.5752406240198031,-20.000000000000007
-0.18220996636544406,1.5747645545787246,-20.000000000000007
-0.1822099663654441,1.5747645545787243,-20.000000000000007
-0.18220996636544412,1.5747645545787243,-20.000000000000007
-0.1811061921972143,1.5615965088310682,-20.000000000000007
-0.17950911580190798,1.5810607140359072,-20.000000000000007
-0.1729187157354297,1.5934671248005743,-20.000000000000007
-0.1734471362017082,1.5546731287777287,-20.000000000000007
-0.16815127601839047,1.568620912980145,-20.000000000000007
-0.1580801035695072,1.5082587093341726,-20.000000000000007
-0.1791738607280204,1.5901780441278879,-20.000000000000007
-0.18246257456162718,1.5751980137483312,-20.000000000000007
-0.2271079690125053,1.9296993061991712,-20.000000000000007
-0.27589105700599426,1.6170387434588507,-20.000000000000007
-0.29862789727212996,1.5721655572249156,-20.000000000000007
-0.32307296508001127,1.499797200177996,-20.000000000000007
-0.3340471245508439,1.4974614536739541,-20.000000000000007
-0.3497883250199171,1.500166308022721,-20.000000000000007
-0.3482254000741085,1.4999182412879821,-20.000000000000007
-0.3538226387090452,1.4993484328169069,-20.000000000000007
-0.36113971506519316,1.4969307804892686,-20.000000000000007
-0.3538010409945354,1.498894904713834,-20.000000000000007
-0.35236671196451397,1.4999969759718206,-20.000000000000007
-0.3389562408681555,1.5005027592016846,-20.000000000000007
-0.30889891619828647,1.5077598400660759,-20.000000000000007
-0.28235121169618665,1.5077373236686633,-20.000000000000007
-0.25493350224142575,1.771860896925751,-20.000000000000007
-0.2194162957036321,1.9349444952642607,-20.000000000000007
-0.2040443086596288,1.7471900021231153,-20.000000000000007
-0.18037490339096796,1.5624216849117094,-20.000000000000007
-0.17359964367809982,1.555262154034674,-20.000000000000007
-0.17716407672167844,1.5760687284044748,-20.000000000000007
-0.14975415741304388,1.4356391577721634,-20.000000000000007
-0.16015086704143033,1.4658572207674503,-20.000000000000007
-0.14975414285615304,1.435613454864934,-20.000000000000007
-0.1377468926182409,1.4138227263361498,-20.000000000000007
-0.14975414285615304,1.435613454864934,-20.000000000000007
-0.1497541574130439,1.4356391577721637,-20.000000000000007
-0.16015086704143036,1.4658572207674503,-20.000000000000007
-0.1622651465189021,1.479978094344565,-20.000000000000007
-0.16226514651890211,1.4799780943445653,-20.000000000000007
-0.16226514651890211,1.4799780943445653,-20.000000000000007
-0.17548244831557921,1.566996165209496,-20.000000000000007
-0.1771640767216785,1.5760687284044745,-20.000000000000007
-0.17825534106184449,1.5837285229747726,-20.000000000000007
-0.17950911580190798,1.5810607140359072,-20.000000000000007
-0.17950911580190804,1.5810607140359074,-20.000000000000007
-0.17825534106184446,1.5837285229747724,-20.000000000000007
-0.17950911580190798,1.5810607140359072,-20.000000000000007
-0.17716407672167847,1.5760687284044748,-20.000000000000007
-0.17825534106184443,1.5837285229747722,-20.000000000000007
-0.17917386072802038,1.5901780441278877,-20.000000000000007
-0.17426758362483646,1.5596310191219986,-20.000000000000007
-0.17694296547815702,1.572743141012019,-20.000000000000007
-0.16175363895024922,1.4767475548411566,-20.000000000000007
-0.1622651465189021,1.479978094344565,-20.000000000000007
-0.179509115801908,1.5810607140359074,-20.000000000000007
-0.18837473412143407,1.573377960684116,-20.000000000000007
-0.23099871432503813,1.9110800623980293,-20.000000000000007
-0.2590159056582865,1.7769500272745355,-20.000000000000007
-0.2913267590413062,1.584378138363094,-20.000000000000007
-0.30891123140916804,1.5077660068053518,-20.000000000000007
-0.3222874484862695,1.4983442314310502,-20.000000000000007
-0.32608363109140026,1.4996149214286538,-20.000000000000007
-0.3303298410985271,1.4963780707520284,-20.000000000000007
-0.3437577064916631,1.4985986683092702,-20.000000000000007
-0.3447337427906404,1.497196198898127,-20.000000000000007
-0.342012738236109,1.4978986851203677,-20.000000000000007
-0.3270560513314429,1.499789780359119,-20.000000000000007
-0.30237154092990814,1.535130647467577,-20.000000000000007
-0.27075084410344685,1.7124863796941334,-20.000000000000007
-0.24444734909700805,1.829751632775175,-20.000000000000007
-0.21297145694215708,1.8551211557628875,-20.000000000000007
-0.18888897604606414,1.5748627885679038,-20.000000000000007
-0.1822603459450228,1.5752406240198031,-20.000000000000007
-0.17950911580190798,1.5810607140359074,-20.000000000000007
-0.17917386072802036,1.5901780441278879,-20.000000000000007
-0.16015086704143033,1.4658572207674505,-20.000000000000007
-0.14961452095757005,1.4408829749123404,-20.000000000000007
-0.13774689261824094,1.4138227263361494,-20.000000000000007
-0.13634314369070832,1.469091816603712,-20.000000000000007
-0.1363431436907083,1.469091816603712,-20.000000000000007
-0.13766089245675406,1.4109848407592605,-20.000000000000007
-0.13774689261824094,1.4138227263361496,-20.000000000000007
-0.13774689261824094,1.4138227263361498,-20.000000000000007
-0.1497541574130439,1.4356391577721637,-20.000000000000007
-0.14975414285615304,1.4356134548649342,-20.000000000000007
-0.1509864912825978,1.3992341320455806,-20.000000000000007
-0.14975414285615304,1.4356134548649337,-20.000000000000007
-0.1622651465189021,1.479978094344565,-20.000000000000007
-0.14975415741304388,1.4356391577721637,-20.000000000000007
-0.16270023080057264,1.4821412217524916,-20.000000000000007
-0.17337853243457835,1.5519365666422182,-20.000000000000007
-0.17259283802865877,1.5472393109831906,-20.000000000000007
-0.1754297211774084,1.5709628390265231,-20.000000000000007
-0.17046475601922784,1.5860720442868579,-20.000000000000007
-0.17510106245462623,1.566404525262054,-20.000000000000007
-0.17230075206441223,1.5935067427276293,-20.000000000000007
-0.1703340981760395,1.5849866947369586,-20.000000000000007
-0.1675013959742941,1.5659485007450447,-20.000000000000007
-0.17825534106184446,1.5837285229747722,-20.000000000000007
-0.1894245325731731,1.5791548760255545,-20.000000000000007
-0.22732795586618176,1.9223263193176605,-20.000000000000007
-0.2801168150266809,1.5081261530810859,-20.000000000000007
-0.303285782381105,1.5204381626563317,-20.000000000000007
-0.32773680829430973,1.499396554626656,-20.000000000000007
-0.33737007030131894,1.5000813200684937,-20.000000000000007
-0.3461510227836139,1.4944136187708938,-20.000000000000007
-0.34387528478817453,1.4988314733965957,-20.000000000000007
-0.3482470576895742,1.4999872456797911,-20.000000000000007
-0.3519144373919654,1.4994519078605815,-20.000000000000007
-0.35042069718039764,1.503617834433839,-20.000000000000007
-0.3442117288481102,1.4978639283514914,-20.000000000000007
-0.33136499130967545,1.4986333461087562,-20.000000000000007
-0.30826442348640654,1.5092640463390956,-20.000000000000007
-0.28155428788372194,1.5250162078661567,-20.000000000000007
-0.2552945687623248,1.7683024173113586,-20.000000000000007
-0.23124166311434452,1.9066309764578495,-20.000000000000007
-0.21271814033228192,1.851791105316957,-20.000000000000007
-0.18842511370101278,1.5738540301251946,-20.000000000000007
-0.18226034594502277,1.575240624019803,-20.000000000000007
-0.17716407672167844,1.5760687284044745,-20.000000000000007
-0.17337853243457835,1.5519365666422187,-20.000000000000007
-0.16015086704143033,1.4658572207674505,-20.000000000000007
-0.16175363895024922,1.4767475548411566,-20.000000000000007
-0.1509864912825978,1.3992341320455806,-20.000000000000007
-0.14975414285615307,1.435613454864934,-20.000000000000007
-0.14975414285615307,1.435613454864934,-20.000000000000007
-0.14969871320520375,1.4376750065870232,-20.000000000000007
-0.13766089245675403,1.4109848407592605,-20.000000000000007
-0.14896232389835787,1.441250436214657,-20.000000000000007
-0.13559501490126286,1.4971204706629229,-20.000000000000007
-0.1377468926182409,1.4138227263361494,-20.000000000000007
-0.13626488909486958,1.4776041952523142,-20.000000000000007
-0.13766089245675403,1.4109848407592602,-20.000000000000007
-0.1363431436907083,1.469091816603712,-20.000000000000007
-0.13634314369070832,1.469091816603712,-20.000000000000007
-0.1363431436907083,1.469091816603712,-20.000000000000007
-0.13626488909486958,1.4776041952523142,-20.000000000000007
-0.13627458996289069,1.469869201926487,-20.000000000000007
-0.136196335367052,1.478381580575089,-20.000000000000007
-0.13406778545755843,1.502664271883887,-20.000000000000007
-0.13548266325810884,1.510385455395212,-20.000000000000007
-0.13548266325810884,1.5103854553952123,-20.000000000000007
-0.13517229201935851,1.508478118708559,-20.000000000000007
-0.14975415741304388,1.4356391577721634,-20.000000000000007
-0.1742675836248365,1.5596310191219986,-20.000000000000007
-0.19303815211615682,1.6120202560143866,-20.000000000000007
-0.24233012893262865,1.8479407891859196,-20.000000000000007
-0.2655447567858155,1.7640050352116354,-20.000000000000007
-0.2972737316330034,1.583514315684055,-20.000000000000007
-0.3128036725479201,1.5016564574410483,-20.000000000000007
-0.33151769083309346,1.4991086894864134,-20.000000000000007
-0.33302727389314646,1.4970704410452438,-20.000000000000007
-0.33857904670128625,1.5003089699082235,-20.000000000000007
-0.34799964239545295,1.499933571071234,-20.000000000000007
-0.336493890680299,1.5009144382773711,-20.000000000000007
-0.3355522501469375,1.5003947296198605,-20.000000000000007
-0.31554673464532235,1.4955281786636154,-20.000000000000007
-0.2975115224577339,1.5837350831575452,-20.000000000000007
-0.26443354651584017,1.7602609374540505,-20.000000000000007
-0.23926103075198196,1.8837082537608976,-20.000000000000007
-0.2002751479582084,1.73999562205153,-20.000000000000007
-0.1750993187470594,1.5663756026689182,-20.000000000000007
-0.16815127601839044,1.5686209129801447,-20.000000000000007
-0.14951164844979636,1.4837595778712196,-20.000000000000007
-0.13634545199768405,1.4817557980269473,-20.000000000000007
-0.134145556686638,1.4964745632501613,-20.000000000000007
-0.13766089245675403,1.4109848407592605,-20.000000000000007
-0.1489623238983579,1.441250436214657,-20.000000000000007
-0.16226514651890211,1.479978094344565,-20.000000000000007
-0.16015086704143033,1.4658572207674505,-20.000000000000007
-0.15098649128259778,1.3992341320455806,-20.000000000000007
-0.16015086704143036,1.4658572207674503,-20.000000000000007
-0.16491224342351887,1.4962079272044329,-20.000000000000007
-0.1622651465189021,1.4799780943445653,-20.000000000000007
-0.17694296547815705,1.572743141012019,-20.000000000000007
-0.16270023080057264,1.4821412217524914,-20.000000000000007
-0.17716407672167847,1.5760687284044745,-20.000000000000007
-0.17426758362483646,1.5596310191219986,-20.000000000000007
-0.17917386072802038,1.5901780441278879,-20.000000000000007
-0.180374903390968,1.5624216849117099,-20.000000000000007
-0.1806700006820344,1.5594198148107745,-20.000000000000007
-0.1754297211774084,1.570962839026523,-20.000000000000007
-0.17487637944398765,1.5707435858809555,-20.000000000000007
-0.18106016915713552,1.5665756235237862,-20.000000000000007
-0.17510106557396,1.5664100330278887,-20.000000000000007
-0.1751010624546262,1.566404525262054,-20.000000000000007
-0.1751010624546262,1.5664045252620538,-20.000000000000007
-0.17212649503344193,1.5957115315232313,-20.000000000000007
-0.1751010624546262,1.566404525262054,-20.000000000000007
-0.19602007226189508,1.700676311232154,-20.000000000000007
-0.22052344232654958,1.9237271384636405,-20.000000000000007
-0.2550738180617961,1.7604089623898296,-20.000000000000007
-0.2706946648376055,1.7110862402984544,-20.000000000000007
-0.29285866800552607,1.5875398118644668,-20.000000000000007
-0.3072398290564171,1.5094781150519188,-20.000000000000007
-0.3198198235517488,1.5000383772334869,-20.000000000000007
-0.3175308999616073,1.499775934305091,-20.000000000000007
-0.3154405218509903,1.4951969745455445,-20.000000000000007
-0.3176524648169393,1.4995386385844371,-20.000000000000007
-0.3047806955921354,1.5059165829948924,-20.000000000000007
-0.3008886196725528,1.5479376734836476,-20.000000000000007
-0.28400587407937683,1.5508900858620294,-20.000000000000007
-0.2652341569258957,1.763931704810019,-20.000000000000007
-0.2444468331072167,1.8145508910196502,-20.000000000000007
-0.2477049896874544,1.7812067663578974,-20.000000000000007
-0.22094130554641436,1.9269729367606057,-20.000000000000007
-0.20381752614241744,1.7749092074767703,-20.000000000000007
-0.21173096932913646,1.8478864443445637,-20.000000000000007
-0.1751010624546262,1.566404525262054,-20.000000000000007
-0.18106147615797719,1.5665959385271793,-20.000000000000007
-0.17177201680536935,1.5990902493924235,-20.000000000000007
-0.16491224342351887,1.4962079272044329,-20.000000000000007
-0.16226514651890211,1.479978094344565,-20.000000000000007
-0.14969871320520375,1.437675006587023,-20.000000000000007
-0.1497541574130439,1.4356391577721634,-20.000000000000007
-0.14975414285615304,1.435613454864934,-20.000000000000007
-0.16226514651890211,1.4799780943445653,-20.000000000000007
-0.1617536389502492,1.4767475548411566,-20.000000000000007
-0.17917386072802038,1.5901780441278879,-20.000000000000007
-0.17716407672167847,1.5760687284044748,-20.000000000000007
-0.17950911580190798,1.5810607140359074,-20.000000000000007
-0.18226034594502277,1.575240624019803,-20.000000000000007
-0.17950911580190804,1.5810607140359072,-20.000000000000007
-0.1822099663654441,1.5747645545787243,-20.000000000000007
-0.18245135093884662,1.5726673984336743,-20.000000000000007
-0.18845590321477407,1.5710619256779719,-20.000000000000007
-0.18208914079221106,1.567792899127401,-20.000000000000007
-0.21173042344573,1.8478756848573856,-20.000000000000007
-0.1934377411741443,1.6755000821038513,-20.000000000000007
-0.22062846119588841,1.9240573197414905,-20.000000000000007
-0.21173096932913643,1.8478864443445633,-20.000000000000007
-0.18206498278704597,1.5720811476233034,-20.000000000000007
-0.1810614761579772,1.5665959385271795,-20.000000000000007
-0.180374903390968,1.5624216849117096,-20.000000000000007
-0.1822603459450228,1.5752406240198031,-20.000000000000007
-0.18837473412143407,1.573377960684116,-20.000000000000007
-0.22725815115555775,1.9273187281239843,-20.000000000000007
-0.24814112531457125,1.7856141230658018,-20.000000000000007
-0.27796298571153877,1.506429966815415,-20.000000000000007
-0.2852671215083714,1.536978239369328,-20.000000000000007
-0.3072238382955851,1.510782051992201,-20.000000000000007
-0.3072823089882575,1.5098934644330881,-20.000000000000007
-0.30849770984698177,1.5081251170975156,-20.000000000000007
-0.3086102091548465,1.507760457836955,-20.000000000000007
-0.2962308331150285,1.5930388424887272,-20.000000000000007
-0.2884441748262085,1.5687298157866199,-20.000000000000007
-0.2655302701449732,1.766027902309911,-20.000000000000007
-0.24813719365432257,1.7858492133791994,-20.000000000000007
-0.21155502850780178,1.8379045872965152,-20.000000000000007
-0.18837473412143407,1.573377960684116,-20.000000000000007
-0.1804043718668858,1.561176753585045,-20.000000000000007
-0.18037490339096798,1.5624216849117096,-20.000000000000007
-0.1822603459450228,1.575240624019803,-20.000000000000007
-0.1822603459450228,1.575240624019803,-20.000000000000007
-0.18067000068203443,1.5594198148107747,-20.000000000000007
-0.16015086704143036,1.4658572207674505,-20.000000000000007
-0.14969871320520373,1.437675006587023,-20.000000000000007
-0.13766089245675406,1.4109848407592605,-20.000000000000007
-0.1377468926182409,1.4138227263361494,-20.000000000000007
-0.14975414285615304,1.4356134548649337,-20.000000000000007
-0.15098649128259778,1.3992341320455806,-20.000000000000007
-0.15098649128259778,1.3992341320455803,-20.000000000000007
-0.1509864912825978,1.3992341320455806,-20.000000000000007
-0.14975415741304388,1.4356391577721637,-20.000000000000007
-0.16226514651890211,1.4799780943445655,-20.000000000000007
-0.17359964367809977,1.5552621540346743,-20.000000000000007
-0.17337853243457835,1.5519365666422187,-20.000000000000007
-0.17716407672167847,1.5760687284044748,-20.000000000000007
-0.17337853243457835,1.5519365666422185,-20.000000000000007
-0.16270023080057264,1.4821412217524914,-20.000000000000007
-0.17426758362483646,1.5596310191219989,-20.000000000000007
-0.1754824483155792,1.5669961652094957,-20.000000000000007
-0.16886094927143705,1.5698775518625951,-20.000000000000007
-0.17027497952301293,1.5854067133777585,-20.000000000000007
-0.15917975124910116,1.5150046378378919,-20.000000000000007
-0.1606803749854378,1.5278630466591987,-20.000000000000007
-0.15705109047328716,1.5036218935682935,-20.000000000000007
-0.13827985886360028,1.4248050209160281,-20.000000000000007
-0.16698100259353477,1.556605408845693,-20.000000000000007
-0.18220996636544406,1.5747645545787243,-20.000000000000007
-0.21295636326596956,1.8553596150545901,-20.000000000000007
-0.2662282235412283,1.7647765266283328,-20.000000000000007
-0.2918921499486805,1.587776577704122,-20.000000000000007
-0.3232240293728317,1.4989657516427397,-20.000000000000007
-0.33873551753490644,1.5001364863524838,-20.000000000000007
-0.34198394553460465,1.4973172005885753,-20.000000000000007
-0.3375296852690181,1.4999863663567312,-20.000000000000007
-0.3319033211620752,1.4978841629902395,-20.000000000000007
-0.33553311768088284,1.500493550486358,-20.000000000000007
-0.33554599465615387,1.5006710554036635,-20.000000000000007
-0.3356548279422634,1.499403081377032,-20.000000000000007
-0.3294368142325649,1.4958238915191762,-20.000000000000007
-0.3085019766406503,1.5086757518799838,-20.000000000000007
-0.29481718225242004,1.5957878259132403,-20.000000000000007
-0.27552963855276336,1.575636613138193,-20.000000000000007
-0.2535975437797336,1.767748266302428,-20.000000000000007
-0.23246637703641987,1.9154094041285457,-20.000000000000007
-0.2182751281321456,1.9327711581825626,-20.000000000000007
-0.20117245829941954,1.705762081239453,-20.000000000000007
-0.18837473412143407,1.573377960684116,-20.000000000000007
-0.1822603459450228,1.5752406240198031,-20.000000000000007
-0.17716407672167847,1.5760687284044745,-20.000000000000007
-0.17716407672167847,1.5760687284044743,-20.000000000000007
-0.17426758362483652,1.5596310191219986,-20.000000000000007
-0.1627002308005726,1.4821412217524914,-20.000000000000007
-0.17359964367809982,1.5552621540346743,-20.000000000000007
-0.17337853243457832,1.5519365666422185,-20.000000000000007
-0.17259283802865877,1.5472393109831906,-20.000000000000007
-0.179509115801908,1.5810607140359074,-20.000000000000007
-0.1735996436780998,1.555262154034674,-20.000000000000007
-0.1822603459450228,1.575240624019803,-20.000000000000007
-0.17716407672167847,1.5760687284044748,-20.000000000000007
-0.179509115801908,1.5810607140359072,-20.000000000000007
-0.17548244831557921,1.5669961652094957,-20.000000000000007
-0.16491224342351885,1.4962079272044326,-20.000000000000007
-0.16226514651890211,1.4799780943445653,-20.000000000000007
-0.16015086704143036,1.4658572207674505,-20.000000000000007
-0.14975415741304388,1.4356391577721637,-20.000000000000007
-0.14975414285615307,1.435613454864934,-20.000000000000007
-0.14975414285615307,1.435613454864934,-20.000000000000007
-0.14975415741304388,1.4356391577721634,-20.000000000000007
-0.14969871320520375,1.4376750065870232,-20.000000000000007
-0.13774689261824094,1.4138227263361496,-20.000000000000007
-0.16015086704143036,1.4658572207674505,-20.000000000000007
-0.17716407672167847,1.5760687284044748,-20.000000000000007
-0.18885818653230285,1.5776548930151268,-20.000000000000007
-0.2208853973376787,1.931145289038375,-20.000000000000007
-0.24894779568029932,1.7654260612210058,-20.000000000000007
-0.2786779729120955,1.4793883314631036,-20.000000000000007
-0.29362113218062014,1.596886359387274,-20.000000000000007
-0.30453702287370077,1.5045202485069775,-20.000000000000007
-0.30478069559213533,1.5059165829948924,-20.000000000000007
-0.30240337139133655,1.534890077614775,-20.000000000000007
-0.3074330011748714,1.509255958864809,-20.000000000000007
-0.30328578238110504,1.5204381626563317,-20.000000000000007
-0.30387120911033905,1.5135173694098554,-20.000000000000007
-0.2911941062217188,1.5877170694326264,-20.000000000000007
-0.2762735475335049,1.614771735563339,-20.000000000000007
-0.24808288501394005,1.78784277766362,-20.000000000000007
-0.227651704237751,1.9239901627093505,-20.000000000000007
-0.18888897604606417,1.574862788567904,-20.000000000000007
-0.1822603459450228,1.5752406240198031,-20.000000000000007
-0.1735996436780998,1.5552621540346743,-20.000000000000007
-0.14969871320520375,1.437675006587023,-20.000000000000007
-0.14975414285615307,1.4356134548649342,-20.000000000000007
-0.13766089245675403,1.4109848407592605,-20.000000000000007
-0.13766089245675403,1.4109848407592605,-20.000000000000007
-0.1363431436907083,1.4690918166037121,-20.000000000000007
-0.1489623238983579,1.441250436214657,-20.000000000000007
-0.1362648890948696,1.477604195252314,-20.000000000000007
-0.14975414285615307,1.4356134548649337,-20.000000000000007
-0.1377468926182409,1.4138227263361496,-20.000000000000007
-0.1617536389502492,1.4767475548411566,-20.000000000000007
-0.15188571630985698,1.4022628753804087,-20.000000000000007
-0.17259283802865874,1.5472393109831906,-20.000000000000007
-0.17259283802865877,1.5472393109831906,-20.000000000000007
-0.16491224342351885,1.4962079272044324,-20.000000000000007
-0.176942965478157,1.572743141012019,-20.000000000000007
-0.1627002308005726,1.4821412217524914,-20.000000000000007
-0.176942965478157,1.572743141012019,-20.000000000000007
-0.1617536389502492,1.4767475548411568,-20.000000000000007
-0.17337853243457832,1.5519365666422185,-20.000000000000007
-0.15188571630985695,1.4022628753804087,-20.000000000000007
-0.16226514651890211,1.479978094344565,-20.000000000000007
-0.1497541574130439,1.4356391577721634,-20.000000000000007
-0.14849302182516147,1.473191263891299,-20.000000000000007
-0.1495116141371251,1.4836989924470356,-20.000000000000007
-0.13827985886360028,1.4248050209160281,-20.000000000000007
-0.15835977341567464,1.5091994044890424,-20.000000000000007
-0.18163938836346555,1.5687338372001345,-20.000000000000007
-0.2199089409860234,1.926001591715591,-20.000000000000007
-0.2637701223895831,1.7618815459474437,-20.000000000000007
-0.2844883477018021,1.557908182971589,-20.000000000000007
-0.3149866348915765,1.494272045524218,-20.000000000000007
-0.3303071531715404,1.496707761813034,-20.000000000000007
-0.336321972264206,1.5008060235013627,-20.000000000000007
-0.33456081354261274,1.4982343994263203,-20.000000000000007
-0.3305075302944981,1.4960023954915869,-20.000000000000007
-0.33177546003486114,1.498099421585001,-20.000000000000007
-0.32644437907983126,1.4988626102192066,-20.000000000000007
-0.3252158742299333,1.499568143953029,-20.000000000000007
-0.31123972958586055,1.4996814048370228,-20.000000000000007
-0.28498779787575723,1.5514713439135062,-20.000000000000007
-0.2560230792819769,1.767232864400826,-20.000000000000007
-0.22961690380174846,1.919822830656063,-20.000000000000007
-0.1931594325272424,1.6118386740500743,-20.000000000000007
-0.18250173051842533,1.573143467874753,-20.000000000000007
-0.179509115801908,1.5810607140359074,-20.000000000000007
-0.17716407672167847,1.5760687284044748,-20.000000000000007
-0.14975415741304388,1.4356391577721634,-20.000000000000007
-0.1377468926182409,1.4138227263361496,-20.000000000000007
-0.13766089245675406,1.4109848407592605,-20.000000000000007
-0.13766089245675406,1.4109848407592605,-20.000000000000007
-0.13774689261824094,1.4138227263361494,-20.000000000000007
-0.14975414285615307,1.4356134548649337,-20.000000000000007
-0.14896232389835787,1.441250436214657,-20.000000000000007
-0.16226514651890211,1.4799780943445653,-20.000000000000007
-0.17337853243457835,1.5519365666422187,-20.000000000000007
-0.179509115801908,1.5810607140359072,-20.000000000000007
-0.18842511370101275,1.5738540301251946,-20.000000000000007
-0.18040437186688577,1.561176753585045,-20.000000000000007
-0.18837473412143407,1.573377960684116,-20.000000000000007
-0.17825534106184446,1.5837285229747722,-20.000000000000007
-0.17426758362483646,1.5596310191219986,-20.000000000000007
-0.180374903390968,1.5624216849117094,-20.000000000000007
-0.18220996636544406,1.5747645545787243,-20.000000000000007
-0.1883243545418553,1.5729018912430375,-20.000000000000007
-0.18837473412143407,1.573377960684116,-20.000000000000007
-0.18832435454185537,1.5729018912430375,-20.000000000000007
-0.1822099663654441,1.5747645545787243,-20.000000000000007
-0.1822099663654441,1.5747645545787243,-20.000000000000007
-0.1793348587709377,1.5832655028315092,-20.000000000000007
-0.17259283802865877,1.5472393109831906,-20.000000000000007
-0.16226514651890211,1.4799780943445653,-20.000000000000007
-0.17917386072802036,1.5901780441278879,-20.000000000000007
-0.1822603459450228,1.575240624019803,-20.000000000000007
-0.22028223899943522,1.9396231885002952,-20.000000000000007
-0.24755077931477928,1.7988804440720867,-20.000000000000007
-0.2785478315136013,1.4857658922750325,-20.000000000000007
-0.29161447423409254,1.5860443445477999,-20.000000000000007
-0.307067220528348,1.5107490112832722,-20.000000000000007
-0.3087818309174258,1.5070674965634443,-20.000000000000007
-0.3101175824308194,1.503648195214882,-20.000000000000007
-0.31830822788387375,1.499662838088652,-20.000000000000007
-0.3119539245352151,1.5043070406779844,-20.000000000000007
-0.3209572738237645,1.4987915387499287,-20.000000000000007
-0.30291134777670425,1.5273607931624982,-20.000000000000007
-0.2915149764555207,1.5867565054124935,-20.000000000000007
-0.26635593286668163,1.7603067244530752,-20.000000000000007
-0.2478202009148385,1.7930908162604315,-20.000000000000007
-0.22595440670337322,1.9324083385227475,-20.000000000000007
-0.18942453257317315,1.5791548760255547,-20.000000000000007
-0.18226034594502277,1.5752406240198031,-20.000000000000007
-0.17359964367809982,1.555262154034674,-20.000000000000007
-0.16226514651890211,1.479978094344565,-20.000000000000007
-0.13766089245675403,1.4109848407592602,-20.000000000000007
-0.1377468926182409,1.4138227263361494,-20.000000000000007
-0.13559501490126286,1.4971204706629224,-20.000000000000007
-0.13607296571720057,1.4831686616984474,-20.000000000000007
-0.13559501490126286,1.4971204706629224,-20.000000000000007
-0.13766089245675403,1.4109848407592602,-20.000000000000007
-0.13766089245675403,1.4109848407592602,-20.000000000000007
-0.1627002308005726,1.4821412217524914,-20.000000000000007
-0.1509864912825978,1.3992341320455801,-20.000000000000007
-0.17259283802865874,1.5472393109831908,-20.000000000000007
-0.17259283802865877,1.5472393109831906,-20.000000000000007
-0.151885716309857,1.4022628753804087,-20.000000000000007
-0.16015086704143033,1.4658572207674503,-20.000000000000007
-0.13766089245675406,1.4109848407592602,-20.000000000000007
-0.14975414285615304,1.435613454864934,-20.000000000000007
-0.13559501490126286,1.4971204706629226,-20.000000000000007
-0.14896232389835787,1.441250436214657,-20.000000000000007
-0.1363431436907083,1.4690918166037121,-20.000000000000007
-0.1377468926182409,1.4138227263361494,-20.000000000000007
-0.16015086704143033,1.4658572207674503,-20.000000000000007
-0.16015086704143033,1.4658572207674503,-20.000000000000007
-0.17259283802865877,1.5472393109831908,-20.000000000000007
-0.1509864912825978,1.3992341320455806,-20.000000000000007
-0.179509115801908,1.5810607140359076,-20.000000000000007
-0.1884559032147741,1.5710619256779723,-20.000000000000007
-0.22125243991716959,1.9299786513414894,-20.000000000000007
-0.2666647076889057,1.7624571811618885,-20.000000000000007
-0.2902442769903578,1.583098188805192,-20.000000000000007
-0.3207213833353345,1.4987961154448852,-20.000000000000007
-0.33449216931593695,1.4980897452580808,-20.000000000000007
-0.33757618494166935,1.4999115649785069,-20.000000000000007
-0.33141867571268385,1.4992510088309219,-20.000000000000007
-0.3307413057314336,1.4962176620408552,-20.000000000000007
-0.33300369641528516,1.497058077467418,-20.000000000000007
-0.334492169315937,1.498089745258081,-20.000000000000007
-0.3359761013718854,1.5002112178483689,-20.000000000000007
-0.3259090572432559,1.500488041385513,-20.000000000000007
-0.30903363523530686,1.5068264433831877,-20.000000000000007
-0.2854070949168765,1.5627406503221375,-20.000000000000007
-0.2662565157033915,1.7638146125554253,-20.000000000000007
-0.24518585571662355,1.8229500814149215,-20.000000000000007
-0.2216364396498337,1.9348203193043672,-20.000000000000007
-0.19315943252724238,1.6118386740500745,-20.000000000000007
-0.18226034594502277,1.5752406240198031,-20.000000000000007
-0.18037490339096804,1.5624216849117092,-20.000000000000007
-0.17337853243457832,1.5519365666422187,-20.000000000000007
-0.1622651465189021,1.479978094344565,-20.000000000000007
-0.1627002308005726,1.4821412217524919,-20.000000000000007
-0.16015086704143036,1.4658572207674505,-20.000000000000007
-0.16175363895024922,1.4767475548411564,-20.000000000000007
-0.1497541574130439,1.4356391577721634,-20.000000000000007
-0.16015086704143033,1.4658572207674503,-20.000000000000007
-0.14896232389835787,1.4412504362146568,-20.000000000000007
-0.14975414285615307,1.4356134548649337,-20.000000000000007
-0.1377468926182409,1.4138227263361494,-20.000000000000007
-0.14975414285615304,1.4356134548649337,-20.000000000000007
-0.1377468926182409,1.4138227263361496,-20.000000000000007
-0.1377468926182409,1.4138227263361498,-20.000000000000007
-0.13766089245675403,1.4109848407592605,-20.000000000000007
-0.13634314369070832,1.4690918166037121,-20.000000000000007
-0.1363431436907083,1.469091816603712,-20.000000000000007
-0.13626488909486958,1.4776041952523142,-20.000000000000007
-0.136196335367052,1.4783815805750888,-20.000000000000007
-0.13538760195196436,1.4982772609475223,-20.000000000000007
-0.13406778545755843,1.5026642718838867,-20.000000000000007
-0.13548266325810887,1.5103854553952125,-20.000000000000007
-0.13548266325810884,1.510385455395212,-20.000000000000007
-0.13517229201935851,1.508478118708559,-20.000000000000007
-0.14969871320520375,1.437675006587023,-20.000000000000007
-0.1723599823635926,1.545033573303792,-20.000000000000007
-0.18885818653230285,1.5776548930151266,-20.000000000000007
-0.22959559270852004,1.9265005679165847,-20.000000000000007
-0.2535975437797336,1.7677482663024282,-20.000000000000007
-0.2831294950850029,1.5188264880622555,-20.000000000000007
-0.3041934312341449,1.5069367661856246,-20.000000000000007
-0.3220841413112812,1.4979188727703874,-20.000000000000007
-0.3251493166851987,1.49948780745855,-20.000000000000007
-0.32892282339824025,1.4966038663159442,-20.000000000000007
-0.33616925042365187,1.4999519497096523,-20.000000000000007
-0.32910273668463785,1.4981370328217987,-20.000000000000007
-0.32779707035544187,1.5005840987563306,-20.000000000000007
-0.3086940299905589,1.5084298940529348,-20.000000000000007
-0.2817766652843087,1.4999724734682327,-20.000000000000007
-0.25476782266342324,1.773624139428618,-20.000000000000007
-0.23193210184063523,1.9136144318446475,-20.000000000000007
-0.20336587397443143,1.7364901842809184,-20.000000000000007
-0.18226034594502277,1.575240624019803,-20.000000000000007
-0.17259283802865877,1.5472393109831908,-20.000000000000007
-0.13774689261824094,1.4138227263361494,-20.000000000000007
-0.1362648890948696,1.477604195252314,-20.000000000000007
-0.13523645424514372,1.4956132648969094,-20.000000000000007
-0.13559501490126288,1.4971204706629226,-20.000000000000007
-0.13541503259313706,1.4948226663941326,-20.000000000000007
-0.13766089245675406,1.4109848407592607,-20.000000000000007
-0.13774689261824094,1.4138227263361496,-20.000000000000007
-0.16226514651890211,1.479978094344565,-20.000000000000007
-0.1617536389502492,1.4767475548411566,-20.000000000000007
-0.1742675836248365,1.5596310191219986,-20.000000000000007
-0.16491224342351887,1.4962079272044329,-20.000000000000007
-0.17337853243457835,1.5519365666422185,-20.000000000000007
-0.16491224342351887,1.4962079272044329,-20.000000000000007
-0.16270023080057264,1.4821412217524919,-20.000000000000007
-0.16491224342351885,1.4962079272044329,-20.000000000000007
-0.16015086704143036,1.4658572207674505,-20.000000000000007
-0.16491224342351885,1.4962079272044326,-20.000000000000007
-0.15098649128259778,1.3992341320455803,-20.000000000000007
-0.16175363895024922,1.4767475548411564,-20.000000000000007
-0.14975415741304388,1.4356391577721637,-20.000000000000007
-0.15280423597603293,1.4087123965335244,-20.000000000000007
-0.15188571630985698,1.4022628753804087,-20.000000000000007
-0.1497541574130439,1.4356391577721637,-20.000000000000007
-0.14975414285615304,1.4356134548649342,-20.000000000000007
-0.14969871320520373,1.4376750065870232,-20.000000000000007
-0.17359964367809982,1.5552621540346743,-20.000000000000007
-0.18888897604606417,1.574862788567904,-20.000000000000007
-0.22586575302864215,1.9236458156429173,-20.000000000000007
-0.27872285999479984,1.5410216059235349,-20.000000000000007
-0.2928848964359754,1.5872618419914257,-20.000000000000007
-0.31951707177308125,1.4988454212664348,-20.000000000000007
-0.3307526407444852,1.4963468754152607,-20.000000000000007
-0.335465325373289,1.5007129522127522,-20.000000000000007
-0.33052305223733847,1.496515947700826,-20.000000000000007
-0.331148632301256,1.4984513358471787,-20.000000000000007
-0.3354323469978525,1.5008543098193101,-20.000000000000007
-0.3352733872835748,1.5006372910744035,-20.000000000000007
-0.3373675299532791,1.5000655009602282,-20.000000000000007
-0.3254129438003948,1.498992197413219,-20.000000000000007
-0.3075006154958341,1.5093331371492646,-20.000000000000007
-0.28766434571003946,1.571731324495604,-20.000000000000007
-0.2690901789198766,1.7392878025807181,-20.000000000000007
-0.24898120575934213,1.7636391831670082,-20.000000000000007
-0.2216540489387192,1.9345421167973809,-20.000000000000007
-0.18942453257317313,1.5791548760255547,-20.000000000000007
-0.18226034594502277,1.575240624019803,-20.000000000000007
-0.16226514651890211,1.479978094344565,-20.000000000000007
-0.1497541574130439,1.4356391577721634,-20.000000000000007
-0.13774689261824094,1.4138227263361494,-20.000000000000007
-0.14969871320520375,1.4376750065870232,-20.000000000000007
-0.14969871320520373,1.4376750065870232,-20.000000000000007
-0.16226514651890211,1.4799780943445653,-20.000000000000007
-0.1497541574130439,1.4356391577721637,-20.000000000000007
-0.17716407672167844,1.5760687284044748,-20.000000000000007
-0.1617536389502492,1.4767475548411566,-20.000000000000007
-0.17950911580190798,1.5810607140359076,-20.000000000000007
-0.180374903390968,1.5624216849117096,-20.000000000000007
-0.1822603459450228,1.5752406240198031,-20.000000000000007
-0.18837473412143407,1.573377960684116,-20.000000000000007
-0.18837473412143407,1.573377960684116,-20.000000000000007
-0.18885818653230285,1.577654893015127,-20.000000000000007
-0.18842511370101273,1.5738540301251946,-20.000000000000007
-0.20138593308898806,1.7056697537896859,-20.000000000000007
-0.1888693859802468,1.5715946146796025,-20.000000000000007
-0.2125139265846757,1.847581022060708,-20.000000000000007
-0.18886938598024677,1.5715946146796027,-20.000000000000007
-0.18915002827871114,1.5728811212556728,-20.000000000000007
-0.18832435454185534,1.5729018912430373,-20.000000000000007
-0.1804043718668858,1.5611767535850452,-20.000000000000007
-0.179509115801908,1.5810607140359072,-20.000000000000007
-0.17426758362483646,1.5596310191219989,-20.000000000000007
-0.1822603459450228,1.5752406240198031,-20.000000000000007
-0.18837473412143405,1.573377960684116,-20.000000000000007
-0.2208853973376787,1.931145289038375,-20.000000000000007
-0.24753611064781528,1.7981305890838024,-20.000000000000007
-0.2779634009078582,1.506401480561423,-20.000000000000007
-0.29161447423409254,1.5860443445478,-20.000000000000007
-0.3105607962946588,1.502511745261657,-20.000000000000007
-0.3122415512169062,1.5047538551714155,-20.000000000000007
-0.3155277845465664,1.495369217574641,-20.000000000000007
-0.32221169721344123,1.4979903304804516,-20.000000000000007
-0.3154440617992785,1.4958769647709915,-20.000000000000007
-0.3188109274288057,1.494603136469018,-20.000000000000007
-0.3069731232587979,1.5111878945510926,-20.000000000000007
-0.2810660703656179,1.506505128147514,-20.000000000000007
-0.259095520478599,1.7776670985598866,-20.000000000000007
-0.23461413157905422,1.9310863878357942,-20.000000000000007
-0.20705829646613283,1.7802697173622035,-20.000000000000007
-0.18888897604606417,1.5748627885679038,-20.000000000000007
-0.17917386072802036,1.5901780441278877,-20.000000000000007
-0.16015086704143033,1.4658572207674503,-20.000000000000007
-0.13559501490126286,1.4971204706629224,-20.000000000000007
-0.13496593015556185,1.490400499773179,-20.000000000000007
-0.13162334867738157,1.512553191202664,-20.000000000000007
-0.1322518888393985,1.505849498802996,-20.000000000000007
-0.13496593015556188,1.4904004997731792,-20.000000000000007
-0.1352364542451437,1.4956132648969094,-20.000000000000007
-0.13541503259313706,1.4948226663941324,-20.000000000000007
-0.1352364542451437,1.4956132648969092,-20.000000000000007
-0.13496593015556185,1.490400499773179,-20.000000000000007
-0.13162334867738157,1.512553191202664,-20.000000000000007
-0.12756711120681585,1.520806514362063,-20.000000000000007
-0.12612832293323067,1.5235850837677125,-20.000000000000007
-0.12477553846035513,1.5292050934076344,-20.000000000000007
-0.12405129492932987,1.5281230603556573,-20.000000000000007
-0.12405129492932987,1.5281230603556573,-20.000000000000007
-0.12405129492932987,1.5281230603556573,-20.000000000000007
-0.1240512949293299,1.5281230603556568,-20.000000000000007
-0.12405129492932988,1.5281230603556573,-20.000000000000007
-0.1254040794022055,1.5225030507157356,-20.000000000000007
-0.1322518888393985,1.5058494988029958,-20.000000000000007
-0.13496593015556185,1.490400499773179,-20.000000000000007
-0.1352364542451437,1.4956132648969094,-20.000000000000007
-0.13496974848001758,1.4907327764956038,-20.000000000000007
-0.1296237382480963,1.525556298070263,-20.000000000000007
-0.13766089245675403,1.4109848407592602,-20.000000000000007
-0.1806700006820344,1.5594198148107745,-20.000000000000007
-0.22138700232139466,1.92869526337629,-20.000000000000007
-0.28470544121095925,1.540773652016482,-20.000000000000007
-0.31639397569943034,1.4967174416503986,-20.000000000000007
-0.34962037992272854,1.4998453594847518,-20.000000000000007
-0.36184072170431547,1.4976885673051488,-20.000000000000007
-0.35542903051695085,1.500457120475028,-20.000000000000007
-0.35022399152291134,1.5016151614179098,-20.000000000000007
-0.3441544400324686,1.4978198242196028,-20.000000000000007
-0.3425121107868518,1.4976407911510041,-20.000000000000007
-0.34279926526721155,1.4980778692650265,-20.000000000000007
-0.33853863277567386,1.5007981358193687,-20.000000000000007
-0.3188553808753791,1.4940062603724267,-20.000000000000007
-0.30212152026981104,1.5362892984224137,-20.000000000000007
-0.2754587286881858,1.5929626478736312,-20.000000000000007
-0.24987554506512766,1.7371454736290528,-20.000000000000007
-0.22140461161028016,1.9284170608693036,-20.000000000000007
-0.1994410610532956,1.681721892023079,-20.000000000000007
-0.18837473412143407,1.573377960684116,-20.000000000000007
-0.179509115801908,1.5810607140359076,-20.000000000000007
-0.179509115801908,1.5810607140359072,-20.000000000000007
-0.17426758362483652,1.5596310191219989,-20.000000000000007
-0.17917386072802038,1.5901780441278877,-20.000000000000007
-0.16491224342351885,1.4962079272044329,-20.000000000000007
-0.17950911580190804,1.5810607140359074,-20.000000000000007
-0.16491224342351885,1.4962079272044329,-20.000000000000007
-0.18037490339096798,1.5624216849117094,-20.000000000000007
-0.17716407672167847,1.5760687284044748,-20.000000000000007
-0.17917386072802038,1.5901780441278879,-20.000000000000007
-0.17548244831557921,1.5669961652094957,-20.000000000000007
-0.17426758362483646,1.5596310191219986,-20.000000000000007
-0.17337853243457835,1.5519365666422185,-20.000000000000007
-0.1723599823635926,1.5450335733037925,-20.000000000000007
-0.17337853243457832,1.551936566642219,-20.000000000000007
-0.17259283802865877,1.547239310983191,-20.000000000000007
-0.1754824483155792,1.566996165209496,-20.000000000000007
-0.17337853243457832,1.5519365666422187,-20.000000000000007
-0.17716407672167844,1.5760687284044748,-20.000000000000007
-0.1674776733111456,1.5578840909231628,-20.000000000000007
-0.16915216767098415,1.5771485190521712,-20.000000000000007
-0.16058934268874936,1.5070618287154565,-20.000000000000007
-0.1666765404126867,1.5624244397937557,-20.000000000000007
-0.1575685960008543,1.5050281698307642,-20.000000000000007
-0.15051643991943994,1.443824700309351,-20.000000000000007
-0.15280423597603293,1.4087123965335242,-20.000000000000007
-0.179509115801908,1.5810607140359074,-20.000000000000007
-0.18837473412143407,1.573377960684116,-20.000000000000007
-0.2295955927085201,1.9265005679165847,-20.000000000000007
-0.2506585533997571,1.7267162509364218,-20.000000000000007
-0.2823139763716665,1.508692976825011,-20.000000000000007
-0.3043258873732406,1.5061705387306423,-20.000000000000007
-0.32199317510141506,1.4978552426374108,-20.000000000000007
-0.32377166194903406,1.500582277704701,-20.000000000000007
-0.3253777586920272,1.499222819603086,-20.000000000000007
-0.3362007134610052,1.5006609008546439,-20.000000000000007
-0.33276896585903076,1.497308010187703,-20.000000000000007
-0.33752760724035785,1.5004111502327375,-20.000000000000007
-0.322800197730498,1.4990231003582062,-20.000000000000007
-0.30169196773663126,1.5371383086466872,-20.000000000000007
-0.27552963855276336,1.575636613138193,-20.000000000000007
-0.24850050817507827,1.7781541308881685,-20.000000000000007
-0.22028223899943516,1.9396231885002952,-20.000000000000007
-0.1894245325731731,1.5791548760255547,-20.000000000000007
-0.1822603459450228,1.575240624019803,-20.000000000000007
-0.17337853243457835,1.5519365666422187,-20.000000000000007
-0.1509864912825978,1.3992341320455803,-20.000000000000007
-0.13766089245675403,1.4109848407592602,-20.000000000000007
-0.14896232389835787,1.4412504362146568,-20.000000000000007
-0.13766089245675406,1.4109848407592605,-20.000000000000007
-0.14975414285615307,1.4356134548649337,-20.000000000000007
-0.14975414285615304,1.4356134548649337,-20.000000000000007
-0.17259283802865877,1.5472393109831906,-20.000000000000007
-0.1742675836248365,1.5596310191219986,-20.000000000000007
-0.18067000068203443,1.5594198148107747,-20.000000000000007
-0.18226034594502277,1.575240624019803,-20.000000000000007
-0.18842511370101275,1.5738540301251949,-20.000000000000007
-0.18888897604606417,1.5748627885679038,-20.000000000000007
-0.19267268447527958,1.6078003855443996,-20.000000000000007
-0.1994335142152018,1.6818411216689304,-20.000000000000007
-0.1990107712525865,1.6781980929511513,-20.000000000000007
-0.19585034827272613,1.6385653706310408,-20.000000000000007
-0.18945532208693444,1.576362771578332,-20.000000000000007
-0.18883859646648543,1.5743867191268253,-20.000000000000007
-0.18832435454185534,1.5729018912430375,-20.000000000000007
-0.1822099663654441,1.5747645545787248,-20.000000000000007
-0.18220996636544406,1.5747645545787243,-20.000000000000007
-0.1883243545418553,1.5729018912430375,-20.000000000000007
-0.1806700006820344,1.5594198148107745,-20.000000000000007
-0.18220996636544406,1.5747645545787243,-20.000000000000007
-0.1822099663654441,1.5747645545787248,-20.000000000000007
-0.18268918681520463,1.5745107525415734,-20.000000000000007
-0.220866684129576,1.9276258294791235,-20.000000000000007
-0.2637823300321898,1.7613381458933837,-20.000000000000007
-0.29410026616634816,1.5976193200543345,-20.000000000000007
-0.32239021938093404,1.4972038982523073,-20.000000000000007
-0.3393192600026268,1.5001648486977972,-20.000000000000007
-0.3440787369147031,1.498633043999041,-20.000000000000007
-0.3385947379167223,1.5002867207923645,-20.000000000000007
-0.3328280833944991,1.4973378130441426,-20.000000000000007
-0.3395238906199452,1.4988457567061229,-20.000000000000007
-0.33636523436621524,1.5009810704268165,-20.000000000000007
-0.34323168302216733,1.4990555517456448,-20.000000000000007
-0.33527645265238415,1.5007787711481853,-20.000000000000007
-0.3198246193243094,1.499571098711813,-20.000000000000007
-0.2992984264933314,1.5654588936924587,-20.000000000000007
-0.28028189497775585,1.5127550105476848,-20.000000000000007
-0.2489812057593421,1.7636391831670084,-20.000000000000007
-0.22140461161028013,1.9284170608693036,-20.000000000000007
-0.19316194813994036,1.6117989308347906,-20.000000000000007
-0.18037490339096798,1.5624216849117094,-20.000000000000007
-0.17716407672167847,1.5760687284044745,-20.000000000000007
-0.14975414285615307,1.435613454864934,-20.000000000000007
-0.14969871320520373,1.4376750065870232,-20.000000000000007
-0.14975414285615307,1.435613454864934,-20.000000000000007
-0.13766089245675403,1.4109848407592605,-20.000000000000007
-0.16015086704143036,1.4658572207674507,-20.000000000000007
-0.16015086704143036,1.4658572207674505,-20.000000000000007
-0.1627002308005726,1.4821412217524916,-20.000000000000007
-0.17337853243457835,1.551936566642219,-20.000000000000007
-0.1742675836248365,1.5596310191219986,-20.000000000000007
-0.17337853243457835,1.5519365666422185,-20.000000000000007
-0.17917386072802038,1.5901780441278879,-20.000000000000007
-0.17950911580190798,1.5810607140359072,-20.000000000000007
-0.179509115801908,1.5810607140359074,-20.000000000000007
-0.17917386072802038,1.5901780441278879,-20.000000000000007
-0.18226034594502277,1.575240624019803,-20.000000000000007
-0.179509115801908,1.5810607140359074,-20.000000000000007
-0.1822099663654441,1.5747645545787243,-20.000000000000007
-0.1822099663654441,1.5747645545787243,-20.000000000000007
-0.1804043718668858,1.5611767535850452,-20.000000000000007
-0.17487636397729112,1.570751538242945,-20.000000000000007
-0.17291006738260514,1.5603254812247445,-20.000000000000007
-0.17509931874705942,1.5663756026689182,-20.000000000000007
-0.15831741715242023,1.5120699910805155,-20.000000000000007
-0.17716407672167847,1.5760687284044745,-20.000000000000007
-0.179509115801908,1.5810607140359072,-20.000000000000007
-0.18885818653230285,1.5776548930151266,-20.000000000000007
-0.22959559270852006,1.9265005679165847,-20.000000000000007
-0.25375436341010527,1.7681209896518113,-20.000000000000007
-0.2845968356926818,1.5319198581045177,-20.000000000000007
-0.30362848609905935,1.5141126902435111,-20.000000000000007
-0.32130010240848644,1.498589549344009,-20.000000000000007
-0.32323480797878695,1.4994422020152147,-20.000000000000007
-0.3219616058151404,1.496296890312019,-20.000000000000007
-0.3302584776349795,1.4965199543824184,-20.000000000000007
-0.32134359831910836,1.4974892924524281,-20.000000000000007
-0.3219957607650885,1.4963349015481844,-20.000000000000007
-0.3092742469775259,1.5058506198337374,-20.000000000000007
-0.2861467625785086,1.5660632206302456,-20.000000000000007
-0.26431937545628975,1.7619786514312283,-20.000000000000007
-0.2475199056439928,1.799261286842791,-20.000000000000007
-0.21998936254402723,1.931730724066448,-20.000000000000007
-0.18945532208693444,1.576362771578332,-20.000000000000007
-0.1822603459450228,1.575240624019803,-20.000000000000007
-0.1771640767216785,1.5760687284044748,-20.000000000000007
-0.17337853243457835,1.5519365666422187,-20.000000000000007
-0.16015086704143033,1.4658572207674503,-20.000000000000007
-0.16226514651890211,1.4799780943445653,-20.000000000000007
-0.1497541574130439,1.4356391577721637,-20.000000000000007
-0.17259283802865874,1.5472393109831908,-20.000000000000007
-0.15255365625659367,1.4066317404677333,-20.000000000000007
-0.17716407672167847,1.5760687284044748,-20.000000000000007
-0.18067000068203443,1.5594198148107745,-20.000000000000007
-0.17359964367809982,1.5552621540346738,-20.000000000000007
-0.18226034594502277,1.575240624019803,-20.000000000000007
-0.18067000068203443,1.5594198148107747,-20.000000000000007
-0.18250173051842533,1.5731434678747531,-20.000000000000007
-0.18250173051842533,1.5731434678747531,-20.000000000000007
-0.1822603459450228,1.575240624019803,-20.000000000000007
-0.1811061921972143,1.5615965088310682,-20.000000000000007
-0.17950911580190798,1.5810607140359072,-20.000000000000007
-0.1822603459450228,1.5752406240198034,-20.000000000000007
-0.1822603459450228,1.5752406240198031,-20.000000000000007
-0.20438912631107453,1.746757119847901,-20.000000000000007
-0.18888897604606417,1.574862788567904,-20.000000000000007
-0.20438912631107456,1.746757119847901,-20.000000000000007
-0.1891192387649498,1.5756732257028956,-20.000000000000007
-0.18888897604606414,1.5748627885679038,-20.000000000000007
-0.18226034594502283,1.575240624019803,-20.000000000000007
-0.1822603459450228,1.575240624019803,-20.000000000000007
-0.1888693859802468,1.5715946146796025,-20.000000000000007
-0.20947748724352672,1.827730051952656,-20.000000000000007
-0.25646114272233794,1.7611614629287273,-20.000000000000007
-0.2844883477018021,1.557908182971589,-20.000000000000007
-0.32377994103854113,1.5003794265231203,-20.000000000000007
-0.33960493572789185,1.4989348572461583,-20.000000000000007
-0.3501355165437632,1.5028973754222368,-20.000000000000007
-0.34842473469633234,1.500971541974236,-20.000000000000007
-0.3457084847597155,1.4963172101981832,-20.000000000000007
-0.3534837740883596,1.5013258237848048,-20.000000000000007
-0.3484247346963323,1.500971541974236,-20.000000000000007
-0.3503563703122779,1.5022084210309798,-20.000000000000007
-0.3417176421960254,1.4975839845457595,-20.000000000000007
-0.3179358025771882,1.4993748214792428,-20.000000000000007
-0.30131140554225383,1.541931758508894,-20.000000000000007
-0.2788208754399788,1.5418985752631802,-20.000000000000007
-0.24809981025892844,1.78652363276411,-20.000000000000007
-0.22138700232139463,1.9286952633762902,-20.000000000000007
-0.19267016886258168,1.6078401287596833,-20.000000000000007
-0.18226034594502277,1.575240624019803,-20.000000000000007
-0.179509115801908,1.5810607140359072,-20.000000000000007
-0.17917386072802038,1.5901780441278879,-20.000000000000007
-0.17337853243457835,1.5519365666422185,-20.000000000000007
-0.17359964367809982,1.555262154034674,-20.000000000000007
-0.17337853243457835,1.5519365666422187,-20.000000000000007
-0.16226514651890211,1.479978094344565,-20.000000000000007
-0.17337853243457832,1.5519365666422185,-20.000000000000007
-0.16175363895024922,1.4767475548411566,-20.000000000000007
-0.17259283802865877,1.5472393109831906,-20.000000000000007
-0.16491224342351885,1.4962079272044329,-20.000000000000007
-0.1627002308005726,1.4821412217524916,-20.000000000000007
-0.17716407672167844,1.5760687284044745,-20.000000000000007
-0.1622651465189021,1.479978094344565,-20.000000000000007
-0.17950911580190798,1.5810607140359074,-20.000000000000007
-0.16491224342351887,1.4962079272044329,-20.000000000000007
-0.17933485877093763,1.5832655028315092,-20.000000000000007
-0.1742675836248365,1.5596310191219986,-20.000000000000007
-0.17426758362483646,1.5596310191219986,-20.000000000000007
-0.1742675836248365,1.5596310191219989,-20.000000000000007
-0.1622651465189021,1.4799780943445653,-20.000000000000007
-0.16226514651890211,1.479978094344565,-20.000000000000007
-0.1497541574130439,1.4356391577721637,-20.000000000000007
-0.1497541574130439,1.4356391577721634,-20.000000000000007
-0.1377468926182409,1.4138227263361496,-20.000000000000007
-0.151885716309857,1.4022628753804087,-20.000000000000007
-0.17426758362483646,1.5596310191219989,-20.000000000000007
-0.18837473412143407,1.573377960684116,-20.000000000000007
-0.22595440670337322,1.9324083385227473,-20.000000000000007
-0.25092699487915726,1.7293448897710841,-20.000000000000007
-0.28235121169618665,1.5077373236686635,-20.000000000000007
-0.3044054789285222,1.5076842266763237,-20.000000000000007
-0.3148989845456726,1.4938607323888171,-20.000000000000007
-0.3163939756994304,1.4967174416503986,-20.000000000000007
-0.3149197272621738,1.4937406159514637,-20.000000000000007
-0.3229820491044157,1.5002307578809209,-20.000000000000007
-0.31860211838269525,1.4963427712375008,-20.000000000000007
-0.3181330221286636,1.4965319458440332,-20.000000000000007
-0.3034617781157109,1.5151169454334927,-20.000000000000007
-0.28081157347783475,1.5020368353923257,-20.000000000000007
-0.2537715283888896,1.7682218800440648,-20.000000000000007
-0.23852602668926598,1.895579502241499,-20.000000000000007
-0.20429629129942256,1.750957634344255,-20.000000000000007
-0.18842511370101275,1.5738540301251946,-20.000000000000007
-0.1822603459450228,1.575240624019803,-20.000000000000007
-0.17716407672167844,1.5760687284044748,-20.000000000000007
-0.17716407672167844,1.5760687284044745,-20.000000000000007
-0.16015086704143036,1.4658572207674503,-20.000000000000007
-0.16015086704143036,1.4658572207674505,-20.000000000000007
-0.14975414285615304,1.435613454864934,-20.000000000000007
-0.15098676968313507,1.3990909895297734,-20.000000000000007
-0.14975415741304388,1.4356391577721637,-20.000000000000007
-0.17259283802865874,1.5472393109831906,-20.000000000000007
-0.16491224342351887,1.4962079272044329,-20.000000000000007
-0.17917386072802036,1.5901780441278877,-20.000000000000007
-0.17950911580190798,1.5810607140359072,-20.000000000000007
-0.1822603459450228,1.575240624019803,-20.000000000000007
-0.18226034594502283,1.575240624019803,-20.000000000000007
-0.1822603459450228,1.575240624019803,-20.000000000000007
-0.1825017305184254,1.5731434678747527,-20.000000000000007
-0.18226034594502277,1.575240624019803,-20.000000000000007
-0.1822603459450228,1.575240624019803,-20.000000000000007
-0.18110619219721427,1.5615965088310684,-20.000000000000007
-0.18110619219721427,1.5615965088310684,-20.000000000000007
-0.17716407672167847,1.5760687284044748,-20.000000000000007
-0.16491224342351885,1.4962079272044326,-20.000000000000007
-0.1627002308005726,1.4821412217524914,-20.000000000000007
-0.14975415741304388,1.4356391577721634,-20.000000000000007
-0.1509867696831351,1.3990909895297734,-20.000000000000007
-0.14969871320520375,1.4376750065870232,-20.000000000000007
-0.16175363895024922,1.4767475548411564,-20.000000000000007
-0.18226034594502277,1.5752406240198034,-20.000000000000007
-0.20438912631107456,1.746757119847901,-20.000000000000007
-0.25526922787980694,1.769472750939914,-20.000000000000007
-0.2831635637008908,1.5447319037430844,-20.000000000000007
-0.3165228027292817,1.4976159526057429,-20.000000000000007
-0.33142099790841184,1.4993319721325382,-20.000000000000007
-0.33576309919874725,1.499810597402053,-20.000000000000007
-0.33329395982687815,1.4975048259654038,-20.000000000000007
-0.32590905724325603,1.500488041385513,-20.000000000000007
-0.33295412990832607,1.4971990586413064,-20.000000000000007
-0.32401530300366405,1.5007117259872187,-20.000000000000007
-0.33088559354776703,1.498153563871857,-20.000000000000007
-0.31796542071614,1.4988867396770624,-20.000000000000007
-0.3010114990833629,1.5482045376609714,-20.000000000000007
-0.2824059132426496,1.5317808526336032,-20.000000000000007
-0.2536602362144469,1.7672043906422132,-20.000000000000007
-0.2481131801133019,1.7867811117202235,-20.000000000000007
-0.21920149922635893,1.9332971051390984,-20.000000000000007
-0.20138593308898806,1.7056697537896859,-20.000000000000007
-0.18837473412143405,1.573377960684116,-20.000000000000007
-0.17716407672167844,1.5760687284044748,-20.000000000000007
-0.17259283802865877,1.5472393109831903,-20.000000000000007
-0.151885716309857,1.4022628753804087,-20.000000000000007
-0.14969871320520373,1.437675006587023,-20.000000000000007
-0.14969871320520373,1.437675006587023,-20.000000000000007
-0.14975414285615304,1.4356134548649337,-20.000000000000007
-0.14975414285615307,1.435613454864934,-20.000000000000007
-0.16491224342351887,1.4962079272044326,-20.000000000000007
-0.15098649128259778,1.3992341320455806,-20.000000000000007
-0.17337853243457832,1.5519365666422185,-20.000000000000007
-0.16491224342351885,1.4962079272044326,-20.000000000000007
-0.17337853243457835,1.5519365666422187,-20.000000000000007
-0.17548244831557924,1.566996165209496,-20.000000000000007
-0.17716407672167847,1.5760687284044745,-20.000000000000007
-0.17917386072802038,1.5901780441278879,-20.000000000000007
-0.17359964367809982,1.555262154034674,-20.000000000000007
-0.18067000068203443,1.5594198148107745,-20.000000000000007
-0.17716407672167847,1.5760687284044748,-20.000000000000007
-0.17950911580190798,1.5810607140359076,-20.000000000000007
-0.18067000068203443,1.5594198148107747,-20.000000000000007
-0.179509115801908,1.5810607140359072,-20.000000000000007
-0.1811061921972143,1.5615965088310682,-20.000000000000007
-0.179509115801908,1.5810607140359074,-20.000000000000007
-0.17426758362483646,1.5596310191219986,-20.000000000000007
-0.17548244831557921,1.5669961652094957,-20.000000000000007
-0.17716407672167847,1.5760687284044745,-20.000000000000007
-0.1822603459450228,1.5752406240198031,-20.000000000000007
-0.21248743473298978,1.8569242044846714,-20.000000000000007
-0.24233012893262862,1.8479407891859199,-20.000000000000007
-0.2784007816040446,1.4866653321274192,-20.000000000000007
-0.2925987416898979,1.5864909309556205,-20.000000000000007
-0.30876226180963207,1.5085291143702435,-20.000000000000007
-0.3134879542706846,1.504981688973449,-20.000000000000007
-0.3121797916738025,1.503490635242339,-20.000000000000007
-0.3227961592026062,1.499946616987818,-20.000000000000007
-0.32183953088781564,1.4993850407847817,-20.000000000000007
-0.32306933396432025,1.4997697319817842,-20.000000000000007
-0.3170746952234909,1.4984160758565879,-20.000000000000007
-0.30102068032237,1.5476996980544975,-20.000000000000007
-0.2808611661079955,1.5111300906342708,-20.000000000000007
-0.25034316536252954,1.7113441501340367,-20.000000000000007
-0.2345260817553485,1.929317365808271,-20.000000000000007
-0.1931594325272424,1.6118386740500745,-20.000000000000007
-0.1822099663654441,1.5747645545787246,-20.000000000000007
-0.17716407672167847,1.5760687284044743,-20.000000000000007
-0.16015086704143033,1.4658572207674505,-20.000000000000007
-0.14975415741304388,1.4356391577721637,-20.000000000000007
-0.14896232389835787,1.441250436214657,-20.000000000000007
-0.14975414285615307,1.4356134548649337,-20.000000000000007
-0.14961452095757005,1.4408829749123404,-20.000000000000007
-0.14969871320520375,1.437675006587023,-20.000000000000007
-0.1509864912825978,1.3992341320455806,-20.000000000000007
-0.14969871320520373,1.4376750065870232,-20.000000000000007
-0.16175363895024922,1.4767475548411566,-20.000000000000007
-0.14975414285615304,1.4356134548649337,-20.000000000000007
-0.1617536389502492,1.4767475548411566,-20.000000000000007
-0.1617536389502492,1.4767475548411566,-20.000000000000007
-0.16226514651890211,1.479978094344565,-20.000000000000007
-0.17259283802865874,1.5472393109831906,-20.000000000000007
-0.17917386072802038,1.5901780441278879,-20.000000000000007
-0.17933485877093766,1.5832655028315092,-20.000000000000007
-0.18040437186688582,1.5611767535850447,-20.000000000000007
-0.18226034594502283,1.575240624019803,-20.000000000000007
-0.17716407672167847,1.5760687284044745,-20.000000000000007
-0.1822603459450228,1.575240624019803,-20.000000000000007
-0.17950911580190798,1.5810607140359072,-20.000000000000007
-0.1822099663654441,1.5747645545787243,-20.000000000000007
-0.1755250001870543,1.570596500535822,-20.000000000000007
-0.17232681240826256,1.5925309241278376,-20.000000000000007
-0.17512808134374375,1.5652291860656904,-20.000000000000007
-0.18163938836346555,1.5687338372001345,-20.000000000000007
-0.21191483429797653,1.847948051940096,-20.000000000000007
-0.26450976529150344,1.7621367753841422,-20.000000000000007
-0.29382447361954006,1.5955589315019707,-20.000000000000007
-0.32274233095992944,1.4983715096673984,-20.000000000000007
-0.33719148405751204,1.5001584517994055,-20.000000000000007
-0.3390717166215403,1.5002711753868316,-20.000000000000007
-0.33170659054354895,1.498041858172527,-20.000000000000007
-0.3261207337922281,1.4996301037700541,-20.000000000000007
-0.3271481775298818,1.4999660413323506,-20.000000000000007
-0.322221369080594,1.498051317870408,-20.000000000000007
-0.32547072426127305,1.4979723572204366,-20.000000000000007
-0.30899643805763893,1.5084210718888114,-20.000000000000007
-0.2860532905729102,1.5569524753689992,-20.000000000000007
-0.25606497063453026,1.7672901528174136,-20.000000000000007
-0.22611557156566006,1.9301601326404512,-20.000000000000007
-0.18842511370101273,1.5738540301251949,-20.000000000000007
-0.17548244831557921,1.566996165209496,-20.000000000000007
-0.13634314369070832,1.4690918166037121,-20.000000000000007
-0.1363431436907083,1.469091816603712,-20.000000000000007
-0.13500799762049986,1.4901723146345816,-20.000000000000007
-0.13766089245675403,1.4109848407592605,-20.000000000000007
-0.14969871320520375,1.4376750065870234,-20.000000000000007
-0.15098649128259778,1.3992341320455803,-20.000000000000007
-0.1735996436780998,1.5552621540346743,-20.000000000000007
-0.17426758362483646,1.5596310191219986,-20.000000000000007
-0.1771640767216785,1.5760687284044748,-20.000000000000007
-0.17825534106184446,1.5837285229747722,-20.000000000000007
-0.17917386072802038,1.5901780441278879,-20.000000000000007
-0.17917386072802036,1.5901780441278877,-20.000000000000007
-0.17716407672167847,1.5760687284044745,-20.000000000000007
-0.17917386072802038,1.5901780441278877,-20.000000000000007
-0.17917386072802038,1.5901780441278877,-20.000000000000007
-0.17917386072802038,1.5901780441278877,-20.000000000000007
-0.1804043718668858,1.561176753585045,-20.000000000000007
-0.1791738607280204,1.5901780441278879,-20.000000000000007
-0.1822099663654441,1.5747645545787246,-20.000000000000007
-0.17917386072802038,1.5901780441278879,-20.000000000000007
-0.1750608994729154,1.570818104861102,-20.000000000000007
-0.1822603459450228,1.5752406240198031,-20.000000000000007
-0.1822603459450228,1.5752406240198031,-20.000000000000007
-0.1822603459450228,1.575240624019803,-20.000000000000007
-0.17950911580190798,1.5810607140359074,-20.000000000000007
-0.15098649128259778,1.3992341320455806,-20.000000000000007
-0.14969871320520375,1.4376750065870234,-20.000000000000007
-0.16226514651890211,1.4799780943445653,-20.000000000000007
-0.17950911580190798,1.5810607140359072,-20.000000000000007
-0.21973920250494972,1.9377011394222408,-20.000000000000007
-0.24814112531457128,1.785614123065802,-20.000000000000007
-0.2790418615852196,1.4658209857437952,-20.000000000000007
-0.29358124324537654,1.5962943958935378,-20.000000000000007
-0.31012954455586556,1.5018289581670698,-20.000000000000007
-0.3128681582018871,1.5034078731482226,-20.000000000000007
-0.31342804099175475,1.504299353145016,-20.000000000000007
-0.3224578137308497,1.4977488342388805,-20.000000000000007
-0.31826632130832194,1.4992556045419738,-20.000000000000007
-0.3194280081415366,1.4976777569836406,-20.000000000000007
-0.31239268686067834,1.505170662160098,-20.000000000000007
-0.29161093167823626,1.5863849752234176,-20.000000000000007
-0.27792611850089427,1.5660138959130407,-20.000000000000007
-0.25512975375966035,1.769783133776441,-20.000000000000007
-0.23114940283993615,1.9070958842938088,-20.000000000000007
-0.22149804046509497,1.9270698033146805,-20.000000000000007
-0.1931594325272424,1.6118386740500745,-20.000000000000007
-0.18883859646648551,1.5743867191268253,-20.000000000000007
-0.18245135093884668,1.5726673984336745,-20.000000000000007
-0.17950911580190798,1.5810607140359074,-20.000000000000007
-0.17917386072802038,1.5901780441278877,-20.000000000000007
-0.16015086704143033,1.4658572207674503,-20.000000000000007
-0.1617536389502492,1.4767475548411564,-20.000000000000007
-0.1489623238983579,1.441250436214657,-20.000000000000007
-0.14975415741304388,1.4356391577721634,-20.000000000000007
-0.14969871320520373,1.4376750065870232,-20.000000000000007
-0.14975414285615307,1.435613454864934,-20.000000000000007
-0.14975414285615307,1.4356134548649337,-20.000000000000007
-0.14975414285615307,1.435613454864934,-20.000000000000007
-0.14975414285615307,1.435613454864934,-20.000000000000007
-0.1489623238983579,1.441250436214657,-20.000000000000007
-0.151885716309857,1.4022628753804087,-20.000000000000007
-0.16226514651890211,1.479978094344565,-20.000000000000007
-0.16491224342351885,1.4962079272044329,-20.000000000000007
-0.18220996636544406,1.5747645545787243,-20.000000000000007
-0.17282343672578385,1.5938334632912752,-20.000000000000007
-0.1738842011303384,1.5568670379775074,-20.000000000000007
-0.17534245014736252,1.5643128768828385,-20.000000000000007
-0.17388734112967547,1.556706883485759,-20.000000000000007
-0.1751010624546262,1.5664045252620538,-20.000000000000007
-0.17510106245462623,1.5664045252620538,-20.000000000000007
-0.17212649503344188,1.5957115315232313,-20.000000000000007
-0.17950911580190798,1.5810607140359072,-20.000000000000007
-0.18226034594502277,1.5752406240198031,-20.000000000000007
-0.18942453257317315,1.5791548760255547,-20.000000000000007
-0.254676136281439,1.7703800803847622,-20.000000000000007
-0.282313999994121,1.5359676221961127,-20.000000000000007
-0.31556277513678255,1.4953879168490005,-20.000000000000007
-0.3312634355985812,1.498512916821575,-20.000000000000007
-0.33905828680122474,1.4999505033392013,-20.000000000000007
-0.3358389740508796,1.4995642426957825,-20.000000000000007
-0.33361596474075794,1.4968851497712492,-20.000000000000007
-0.33959863336586926,1.4989735914000002,-20.000000000000007
-0.33098466681060373,1.4985884248064627,-20.000000000000007
-0.33571738245030075,1.4994147924159729,-20.000000000000007
-0.3243838030552954,1.5005379194011643,-20.000000000000007
-0.3091292324657348,1.5070611719701974,-20.000000000000007
-0.29394299540233276,1.5968328545163266,-20.000000000000007
-0.2781316740169163,1.564243964619891,-20.000000000000007
-0.2502845554208489,1.7235141714337492,-20.000000000000007
-0.2276789068426293,1.9235024893208759,-20.000000000000007
-0.20438912631107456,1.746757119847901,-20.000000000000007
-0.18250173051842533,1.573143467874753,-20.000000000000007
-0.17825534106184446,1.5837285229747722,-20.000000000000007
-0.1617536389502492,1.4767475548411564,-20.000000000000007
-0.14975415741304388,1.4356391577721637,-20.000000000000007
-0.14969871320520375,1.437675006587023,-20.000000000000007
-0.1377468926182409,1.4138227263361496,-20.000000000000007
-0.16226514651890211,1.479978094344565,-20.000000000000007
-0.14975414285615307,1.435613454864934,-20.000000000000007
-0.17917386072802036,1.5901780441278879,-20.000000000000007
-0.17716407672167844,1.5760687284044748,-20.000000000000007
-0.17337853243457832,1.5519365666422185,-20.000000000000007
-0.17716407672167844,1.5760687284044748,-20.000000000000007
-0.1754824483155792,1.566996165209496,-20.000000000000007
-0.179509115801908,1.5810607140359072,-20.000000000000007
-0.1822603459450228,1.5752406240198031,-20.000000000000007
-0.1822603459450228,1.575240624019803,-20.000000000000007
-0.179509115801908,1.5810607140359074,-20.000000000000007
-0.18040437186688577,1.561176753585045,-20.000000000000007
-0.17917386072802038,1.5901780441278879,-20.000000000000007
-0.1804043718668858,1.561176753585045,-20.000000000000007
-0.179509115801908,1.5810607140359072,-20.000000000000007
-0.180374903390968,1.5624216849117094,-20.000000000000007
-0.17716407672167847,1.5760687284044748,-20.000000000000007
-0.1742675836248365,1.5596310191219986,-20.000000000000007
-0.15098649128259778,1.3992341320455803,-20.000000000000007
-0.15098649128259778,1.3992341320455806,-20.000000000000007
-0.1754824483155792,1.5669961652094957,-20.000000000000007
-0.1822603459450228,1.575240624019803,-20.000000000000007
-0.22725815115555778,1.9273187281239843,-20.000000000000007
-0.24965204629655047,1.7463127307456157,-20.000000000000007
-0.2790818393239959,1.462706444093735,-20.000000000000007
-0.29594557443006414,1.591912671727449,-20.000000000000007
-0.3146352793115471,1.4956303599468472,-20.000000000000007
-0.31812960377752886,1.4983357255099665,-20.000000000000007
-0.3230528187167617,1.4999281371037227,-20.000000000000007
-0.32774504344324906,1.4994699426576334,-20.000000000000007
-0.3208467414710963,1.4989054111263154,-20.000000000000007
-0.322317327663092,1.4980777350267231,-20.000000000000007
-0.3097901639843804,1.504672240209367,-20.000000000000007
-0.2877167412565339,1.565502169224775,-20.000000000000007
-0.2637778188907108,1.7622986664117049,-20.000000000000007
-0.23099871432503813,1.9110800623980295,-20.000000000000007
-0.20437906386028284,1.7469160927090361,-20.000000000000007
-0.1822603459450228,1.575240624019803,-20.000000000000007
-0.179509115801908,1.5810607140359072,-20.000000000000007
-0.17716407672167844,1.5760687284044748,-20.000000000000007
-0.14969871320520375,1.437675006587023,-20.000000000000007
-0.13766089245675406,1.4109848407592607,-20.000000000000007
-0.1362648890948696,1.4776041952523142,-20.000000000000007
-0.13634314369070832,1.469091816603712,-20.000000000000007
-0.14975414285615304,1.4356134548649337,-20.000000000000007
-0.1622651465189021,1.4799780943445653,-20.000000000000007
-0.16491224342351885,1.4962079272044329,-20.000000000000007
-0.17917386072802038,1.5901780441278879,-20.000000000000007
-0.17716407672167847,1.5760687284044743,-20.000000000000007
-0.18226034594502277,1.575240624019803,-20.000000000000007
-0.1822603459450228,1.575240624019803,-20.000000000000007
-0.18226034594502277,1.5752406240198034,-20.000000000000007
-0.1822603459450228,1.5752406240198031,-20.000000000000007
-0.18226034594502277,1.575240624019803,-20.000000000000007
-0.17950911580190798,1.5810607140359072,-20.000000000000007
-0.1822099663654441,1.5747645545787243,-20.000000000000007
-0.18220996636544406,1.5747645545787243,-20.000000000000007
-0.17291871573542972,1.5934671248005738,-20.000000000000007
-0.18150500954502896,1.5703657504290565,-20.000000000000007
-0.1734471362017082,1.5546731287777287,-20.000000000000007
-0.1751010624546262,1.5664045252620538,-20.000000000000007
-0.17230075206441225,1.5935067427276293,-20.000000000000007
-0.1682457767542655,1.5713804974097525,-20.000000000000007
-0.15705109047328716,1.5036218935682935,-20.000000000000007
-0.17033410233515117,1.5849940384247385,-20.000000000000007
-0.18172031908771807,1.56764816496198,-20.000000000000007
-0.22369678545683425,1.9181970588997488,-20.000000000000007
-0.28011681502668095,1.5081261530810859,-20.000000000000007
-0.2945192759688179,1.5983978185151526,-20.000000000000007
-0.3209337952484821,1.4986256802450784,-20.000000000000007
-0.33224930470352626,1.4969262792532374,-20.000000000000007
-0.3356669437919759,1.499381082954683,-20.000000000000007
-0.3313320326374212,1.4985059792244857,-20.000000000000007
-0.32704154504991023,1.4995654546163326,-20.000000000000007
-0.3254320534670119,1.4991395272865278,-20.000000000000007
-0.32199111309589495,1.4969040627682915,-20.000000000000007
-0.31889790755660957,1.4969986681311218,-20.000000000000007
-0.3087234174612784,1.5074575561331987,-20.000000000000007
-0.2843950157737849,1.5564346680588255,-20.000000000000007
-0.2621612193652906,1.7654869820179904,-20.000000000000007
-0.2528211144449155,1.7411105378414131,-20.000000000000007
-0.23111720540188913,1.9066990441602487,-20.000000000000007
-0.2202251457038187,1.9305132770558284,-20.000000000000007
-0.21247740178589644,1.8482623387946078,-20.000000000000007
-0.1822099663654441,1.5747645545787243,-20.000000000000007
-0.18220996636544406,1.5747645545787243,-20.000000000000007
-0.17950911580190798,1.5810607140359074,-20.000000000000007
-0.17548244831557921,1.566996165209496,-20.000000000000007
-0.17716407672167847,1.5760687284044748,-20.000000000000007
-0.17259283802865877,1.5472393109831906,-20.000000000000007
-0.17426758362483646,1.5596310191219986,-20.000000000000007
-0.16015086704143033,1.4658572207674505,-20.000000000000007
-0.17337853243457835,1.5519365666422185,-20.000000000000007
-0.16491224342351887,1.4962079272044326,-20.000000000000007
-0.17337853243457835,1.5519365666422187,-20.000000000000007
-0.1735996436780998,1.5552621540346743,-20.000000000000007
-0.16226514651890211,1.4799780943445655,-20.000000000000007
-0.16226514651890211,1.479978094344565,-20.000000000000007
-0.15098649128259778,1.3992341320455806,-20.000000000000007
-0.1509864912825978,1.3992341320455806,-20.000000000000007
-0.16015086704143033,1.4658572207674505,-20.000000000000007
-0.16175363895024922,1.4767475548411564,-20.000000000000007
-0.18040437186688577,1.5611767535850447,-20.000000000000007
-0.18837473412143407,1.5733779606841163,-20.000000000000007
-0.1888385964664855,1.574386719126825,-20.000000000000007
-0.18945532208693444,1.5763627715783317,-20.000000000000007
-0.1888078069527241,1.577178823574048,-20.000000000000007
-0.18220996636544406,1.5747645545787246,-20.000000000000007
-0.18067000068203443,1.5594198148107745,-20.000000000000007
-0.179509115801908,1.5810607140359074,-20.000000000000007
-0.1735996436780998,1.5552621540346743,-20.000000000000007
-0.18226034594502277,1.575240624019803,-20.000000000000007
-0.2108683643703081,1.8362072935113323,-20.000000000000007
-0.23889206048921907,1.8949852356181967,-20.000000000000007
-0.2779083968510076,1.5064756013616165,-20.000000000000007
-0.2851354307108087,1.5353985649857196,-20.000000000000007
-0.3016004704642556,1.5385559546246292,-20.000000000000007
-0.3023837474352577,1.537254178678452,-20.000000000000007
-0.30257501638645373,1.5345503841636654,-20.000000000000007
-0.3114679518732641,1.500469888810055,-20.000000000000007
-0.30922932026953504,1.5056189653859213,-20.000000000000007
-0.3119988285792968,1.503906975306875,-20.000000000000007
-0.30328578238110493,1.5204381626563317,-20.000000000000007
-0.28178077481156727,1.531225381633549,-20.000000000000007
-0.2564839668224078,1.7711593631281515,-20.000000000000007
-0.24523014811134558,1.818324023113926,-20.000000000000007
-0.21295636326596953,1.8553596150545901,-20.000000000000007
-0.18886938598024677,1.5715946146796027,-20.000000000000007
-0.179509115801908,1.5810607140359074,-20.000000000000007
-0.1622651465189021,1.479978094344565,-20.000000000000007
-0.1509864912825978,1.3992341320455808,-20.000000000000007
-0.13686433198168516,1.4171100128036485,-20.000000000000007
-0.13774689261824094,1.4138227263361494,-20.000000000000007
-0.13766089245675406,1.4109848407592605,-20.000000000000007
-0.1509864912825978,1.3992341320455803,-20.000000000000007
-0.16226514651890211,1.479978094344565,-20.000000000000007
-0.17337853243457835,1.5519365666422185,-20.000000000000007
-0.17694296547815705,1.5727431410120194,-20.000000000000007
-0.17259283802865877,1.5472393109831908,-20.000000000000007
-0.1735996436780998,1.5552621540346743,-20.000000000000007
-0.17337853243457835,1.5519365666422187,-20.000000000000007
-0.17716407672167847,1.5760687284044745,-20.000000000000007
-0.17694296547815702,1.572743141012019,-20.000000000000007
-0.17917386072802038,1.5901780441278879,-20.000000000000007
-0.17716407672167844,1.5760687284044745,-20.000000000000007
-0.17950911580190798,1.5810607140359072,-20.000000000000007
-0.17694296547815702,1.572743141012019,-20.000000000000007
-0.17426758362483646,1.5596310191219989,-20.000000000000007
-0.16226514651890211,1.479978094344565,-20.000000000000007
-0.1509867696831351,1.3990909895297734,-20.000000000000007
-0.1497541574130439,1.4356391577721637,-20.000000000000007
-0.14969871320520373,1.4376750065870232,-20.000000000000007
-0.14969871320520373,1.437675006587023,-20.000000000000007
-0.13634314369070832,1.469091816603712,-20.000000000000007
-0.16015086704143036,1.4658572207674505,-20.000000000000007
-0.1811061921972143,1.5615965088310684,-20.000000000000007
-0.2216364396498337,1.9348203193043674,-20.000000000000007
-0.2802170836056198,1.5080859965693252,-20.000000000000007
-0.30565592100164996,1.5073161216508655,-20.000000000000007
-0.3344724464347372,1.498058414455469,-20.000000000000007
-0.3394451008309167,1.498439115513159,-20.000000000000007
-0.3429003145948094,1.4995021317768782,-20.000000000000007
-0.3385385624038294,1.5001372427137978,-20.000000000000007
-0.3356738014895007,1.4994278413208257,-20.000000000000007
-0.3434739661354393,1.4991221877927936,-20.000000000000007
-0.3402582679532723,1.49891947677127,-20.000000000000007
-0.33955353977352254,1.4990778590311375,-20.000000000000007
-0.32628631459559637,1.4984151459025143,-20.000000000000007
-0.30877445484660837,1.507067543116988,-20.000000000000007
-0.28092918236810926,1.508353987964464,-20.000000000000007
-0.26196372901665393,1.7681328011044384,-20.000000000000007
-0.23354486185612483,1.92840498671272,-20.000000000000007
-0.21297145694215708,1.8551211557628873,-20.000000000000007
-0.18885818653230285,1.5776548930151266,-20.000000000000007
-0.17917386072802038,1.5901780441278877,-20.000000000000007
-0.1735996436780998,1.555262154034674,-20.000000000000007
-0.1489623238983579,1.441250436214657,-20.000000000000007
-0.14969871320520373,1.4376750065870234,-20.000000000000007
-0.1377468926182409,1.4138227263361496,-20.000000000000007
-0.13774689261824094,1.4138227263361496,-20.000000000000007
-0.14896232389835787,1.441250436214657,-20.000000000000007
-0.1489623238983579,1.441250436214657,-20.000000000000007
-0.15098676968313507,1.3990909895297734,-20.000000000000007
-0.1771640767216785,1.5760687284044748,-20.000000000000007
-0.179509115801908,1.5810607140359072,-20.000000000000007
-0.18226034594502283,1.575240624019803,-20.000000000000007
-0.1822603459450228,1.5752406240198031,-20.000000000000007
-0.18226034594502277,1.575240624019803,-20.000000000000007
-0.18842511370101273,1.5738540301251949,-20.000000000000007
-0.1822603459450228,1.5752406240198031,-20.000000000000007
-0.18837473412143405,1.573377960684116,-20.000000000000007
-0.18226034594502283,1.575240624019803,-20.000000000000007
-0.1822603459450228,1.575240624019803,-20.000000000000007
-0.18842511370101275,1.5738540301251946,-20.000000000000007
-0.1822603459450228,1.575240624019803,-20.000000000000007
-0.18226034594502277,1.575240624019803,-20.000000000000007
-0.1811061921972143,1.5615965088310684,-20.000000000000007
-0.17917386072802036,1.5901780441278877,-20.000000000000007
-0.17259283802865874,1.5472393109831908,-20.000000000000007
-0.17259283802865874,1.5472393109831908,-20.000000000000007
-0.179509115801908,1.5810607140359072,-20.000000000000007
-0.18837473412143405,1.573377960684116,-20.000000000000007
-0.23358586926747643,1.9295563077585554,-20.000000000000007
-0.24983746969752976,1.735072632605674,-20.000000000000007
-0.27702138131845955,1.5300788191826162,-20.000000000000007
-0.2797747492449717,1.480354157237672,-20.000000000000007
-0.2847649334366955,1.54844236727586,-20.000000000000007
-0.28602778758251635,1.5655035388086336,-20.000000000000007
-0.2956457490088646,1.5926551084486404,-20.000000000000007
-0.31014020866440095,1.5025404745059743,-20.000000000000007
-0.3113029236186474,1.5005729845761213,-20.000000000000007
-0.31361374247646395,1.505736453554661,-20.000000000000007
-0.3022434825152657,1.535726336582573,-20.000000000000007
-0.2808611661079955,1.511130090634271,-20.000000000000007
-0.2536395998721006,1.7640771185418005,-20.000000000000007
-0.2369398784898396,1.9092523350138695,-20.000000000000007
-0.21307067820478912,1.853923206526925,-20.000000000000007
-0.18886938598024677,1.5715946146796025,-20.000000000000007
-0.18220996636544406,1.5747645545787243,-20.000000000000007
-0.15098649128259778,1.3992341320455806,-20.000000000000007
-0.14969871320520373,1.4376750065870232,-20.000000000000007
-0.13559501490126286,1.4971204706629226,-20.000000000000007
-0.13559501490126286,1.4971204706629224,-20.000000000000007
-0.1362648890948696,1.4776041952523142,-20.000000000000007
-0.13559501490126288,1.4971204706629224,-20.000000000000007
-0.13559501490126288,1.4971204706629229,-20.000000000000007
-0.1363431436907083,1.4690918166037121,-20.000000000000007
-0.13766089245675406,1.4109848407592605,-20.000000000000007
-0.1497541574130439,1.4356391577721634,-20.000000000000007
-0.16491224342351887,1.4962079272044329,-20.000000000000007
-0.17337853243457832,1.5519365666422185,-20.000000000000007
-0.17426758362483646,1.5596310191219986,-20.000000000000007
-0.17359964367809985,1.555262154034674,-20.000000000000007
-0.16491224342351887,1.4962079272044326,-20.000000000000007
-0.16270023080057264,1.4821412217524914,-20.000000000000007
-0.16491224342351887,1.4962079272044329,-20.000000000000007
-0.14975414285615307,1.4356134548649337,-20.000000000000007
-0.16015086704143036,1.4658572207674503,-20.000000000000007
-0.151885716309857,1.402262875380409,-20.000000000000007
-0.1497541574130439,1.4356391577721634,-20.000000000000007
-0.1727105924878417,1.547567701554894,-20.000000000000007
-0.16270023080057264,1.4821412217524914,-20.000000000000007
-0.16015086704143033,1.4658572207674503,-20.000000000000007
-0.14969871320520373,1.437675006587023,-20.000000000000007
-0.1617536389502492,1.4767475548411566,-20.000000000000007
-0.18067109244884727,1.5594413337851312,-20.000000000000007
-0.2257978866590138,1.9278347012512822,-20.000000000000007
-0.25343781920482006,1.7605229699872051,-20.000000000000007
-0.2480724725479071,1.7744494735053655,-20.000000000000007
-0.22149804046509497,1.9270698033146805,-20.000000000000007
-0.17259283802865877,1.5472393109831908,-20.000000000000007
-0.13225188883939853,1.505849498802996,-20.000000000000007
-0.1254040801820389,1.5225047004235046,-20.000000000000007
-0.1254040794022055,1.5225030507157353,-20.000000000000007
-0.12540407940220547,1.5225030507157356,-20.000000000000007
-0.12540408018203894,1.5225047004235046,-20.000000000000007
-0.12684286767579067,1.5197244813100856,-20.000000000000007
-0.12684286767579064,1.5197244813100856,-20.000000000000007
-0.12684286767579064,1.5197244813100856,-20.000000000000007
-0.1284933585024709,1.5247118007304845,-20.000000000000007
-0.13162334867738157,1.5125531912026637,-20.000000000000007
-0.13496593015556188,1.490400499773179,-20.000000000000007
-0.13496593015556185,1.4904004997731792,-20.000000000000007
-0.13505647193701792,1.4933154606281192,-20.000000000000007
-0.13496593015556185,1.4904004997731795,-20.000000000000007
-0.13496593015556185,1.4904004997731792,-20.000000000000007
-0.13496593015556185,1.4904004997731792,-20.000000000000007
-0.13500799762049986,1.4901723146345818,-20.000000000000007
-0.13523645424514372,1.4956132648969094,-20.000000000000007
-0.1352364542451437,1.4956132648969092,-20.000000000000007
-0.1352364542451437,1.4956132648969094,-20.000000000000007
-0.13496593015556188,1.490400499773179,-20.000000000000007
-0.13225188883939853,1.505849498802996,-20.000000000000007
-0.1316233486773816,1.512553191202664,-20.000000000000007
-0.1296237382480963,1.525556298070263,-20.000000000000007
-0.1296237382480963,1.525556298070263,-20.000000000000007
-0.13160506288298884,1.5132325960306732,-20.000000000000007
-0.13160506288298887,1.5132325960306732,-20.000000000000007
-0.13162334867738157,1.5125531912026637,-20.000000000000007
-0.1316233486773816,1.512553191202664,-20.000000000000007
-0.1316233486773816,1.5125531912026637,-20.000000000000007
-0.13162334867738157,1.512553191202664,-20.000000000000007
-0.13034798177912152,1.5266383311222402,-20.000000000000007
-0.13015262544468725,1.5277015351385423,-20.000000000000007
-0.12756711120681588,1.520806514362063,-20.000000000000007
-0.12612832371306412,1.523586733475482,-20.000000000000007
-0.12593296399935167,1.5246273162151234,-20.000000000000007
-0.12738145262106898,1.5267946817346163,-20.000000000000007
-0.12738145262106898,1.5267946817346165,-20.000000000000007
-0.13496974848001758,1.490732776495604,-20.000000000000007
-0.14975414285615307,1.4356134548649337,-20.000000000000007
-0.18888897604606417,1.574862788567904,-20.000000000000007
-0.22088539733767876,1.931145289038375,-20.000000000000007
-0.21248743473298978,1.8569242044846712,-20.000000000000007
-0.18888897604606414,1.5748627885679038,-20.000000000000007
-0.16175363895024922,1.4767475548411566,-20.000000000000007
-0.13496593015556185,1.4904004997731792,-20.000000000000007
-0.12962373824809628,1.525556298070263,-20.000000000000007
-0.12684286767579067,1.5197244813100856,-20.000000000000007
-0.12942838191366207,1.5266195020865656,-20.000000000000007
-0.12962373824809628,1.525556298070263,-20.000000000000007
-0.1296237382480963,1.525556298070263,-20.000000000000007
-0.1296237382480963,1.525556298070263,-20.000000000000007
-0.1296237382480963,1.525556298070263,-20.000000000000007
-0.12849335850247093,1.5247118007304847,-20.000000000000007
-0.12684286767579067,1.519724481310086,-20.000000000000007
-0.12684286767579064,1.5197244813100856,-20.000000000000007
-0.12540407940220547,1.5225030507157356,-20.000000000000007
-0.12540407940220547,1.5225030507157356,-20.000000000000007
-0.12405129492932986,1.528123060355657,-20.000000000000007
-0.11095796117469545,1.5281665614318674,-20.000000000000007
-0.1240512949293299,1.528123060355657,-20.000000000000007
-0.1254040801820389,1.5225047004235046,-20.000000000000007
-0.1316233486773816,1.512553191202664,-20.000000000000007
-0.13496593015556185,1.490400499773179,-20.000000000000007
-0.13559501490126286,1.4971204706629226,-20.000000000000007
-0.13523645424514372,1.4956132648969094,-20.000000000000007
-0.13500799762049986,1.4901723146345818,-20.000000000000007
-0.13496593015556185,1.4904004997731792,-20.000000000000007
-0.13496593015556188,1.490400499773179,-20.000000000000007
-0.13225188883939853,1.505849498802996,-20.000000000000007
-0.13162334867738157,1.5125531912026637,-20.000000000000007
-0.13162334867738157,1.512553191202664,-20.000000000000007
-0.1296237382480963,1.525556298070263,-20.000000000000007
-0.1296237382480963,1.525556298070263,-20.000000000000007
-0.1284933585024709,1.5247118007304845,-20.000000000000007
-0.13015262544468728,1.5277015351385426,-20.000000000000007
-0.12684286767579064,1.5197244813100856,-20.000000000000007
-0.1316233486773816,1.512553191202664,-20.000000000000007
-0.13477851668463559,1.4930631893815218,-20.000000000000007
-0.13559501490126286,1.4971204706629226,-20.000000000000007
-0.13559501490126286,1.4971204706629226,-20.000000000000007
-0.13559501490126288,1.4971204706629226,-20.000000000000007
-0.13505647193701795,1.4933154606281194,-20.000000000000007
-0.13626488909486958,1.4776041952523142,-20.000000000000007
-0.17716407672167847,1.5760687284044748,-20.000000000000007
-0.21898340119425477,1.9294106496791945,-20.000000000000007
-0.24813719365432266,1.7858492133791992,-20.000000000000007
-0.24431076490960957,1.8291243725315853,-20.000000000000007
-0.21293270721359384,1.855155187607469,-20.000000000000007
-0.16270023080057264,1.4821412217524916,-20.000000000000007
-0.13496593015556185,1.4904004997731792,-20.000000000000007
-0.12684286767579064,1.5197244813100856,-20.000000000000007
-0.12684286767579064,1.5197244813100856,-20.000000000000007
-0.12684286767579064,1.5197244813100859,-20.000000000000007
-0.12942838191366207,1.5266195020865656,-20.000000000000007
-0.1296237382480963,1.525556298070263,-20.000000000000007
-0.1316233486773816,1.5125531912026637,-20.000000000000007
-0.13162334867738157,1.5125531912026637,-20.000000000000007
-0.13496593015556185,1.4904004997731792,-20.000000000000007
-0.13496593015556185,1.490400499773179,-20.000000000000007
-0.13496593015556188,1.4904004997731792,-20.000000000000007
-0.13496974848001758,1.490732776495604,-20.000000000000007
-0.1350079976204999,1.4901723146345818,-20.000000000000007
-0.1352364542451437,1.4956132648969096,-20.000000000000007
-0.13496593015556188,1.4904004997731792,-20.000000000000007
-0.13496593015556188,1.490400499773179,-20.000000000000007
-0.13477851668463556,1.493063189381522,-20.000000000000007
-0.13496974848001758,1.490732776495604,-20.000000000000007
-0.13500799762049986,1.4901723146345818,-20.000000000000007
-0.1363431436907083,1.4690918166037121,-20.000000000000007
-0.13634314369070832,1.4690918166037121,-20.000000000000007
-0.13634314369070832,1.4690918166037121,-20.000000000000007
-0.13634314369070832,1.4690918166037121,-20.000000000000007
-0.13634314369070832,1.469091816603712,-20.000000000000007
-0.13559501490126286,1.4971204706629224,-20.000000000000007
-0.1352364542451437,1.4956132648969094,-20.000000000000007
-0.13500799762049986,1.4901723146345818,-20.000000000000007
-0.13496593015556185,1.4904004997731792,-20.000000000000007
-0.13496593015556185,1.490400499773179,-20.000000000000007
-0.13162334867738157,1.512553191202664,-20.000000000000007
-0.13225188883939853,1.505849498802996,-20.000000000000007
-0.13160506288298887,1.5132325960306734,-20.000000000000007
-0.13034798177912152,1.5266383311222402,-20.000000000000007
-0.13015262544468725,1.5277015351385426,-20.000000000000007
-0.12756711120681585,1.520806514362063,-20.000000000000007
-0.12612832371306415,1.523586733475482,-20.000000000000007
-0.12612832293323067,1.5235850837677125,-20.000000000000007
-0.12612832293323067,1.5235850837677125,-20.000000000000007
-0.13496593015556188,1.490400499773179,-20.000000000000007
-0.1509867696831351,1.3990909895297732,-20.000000000000007
-0.18942453257317313,1.5791548760255547,-20.000000000000007
-0.2306016887745189,1.9140944014911363,-20.000000000000007
-0.2259544067033732,1.9324083385227473,-20.000000000000007
-0.19254888845149612,1.6080217107239951,-20.000000000000007
-0.15188571630985698,1.402262875380409,-20.000000000000007
-0.13162334867738157,1.512553191202664,-20.000000000000007
-0.12405129492932987,1.5281230603556568,-20.000000000000007
-0.11023293988978831,1.5292120197188135,-20.000000000000007
-0.1102329398897883,1.5292120197188135,-20.000000000000007
-0.11023293988978831,1.5292120197188135,-20.000000000000007
-0.11023293988978831,1.5292120197188135,-20.000000000000007
-0.12405129492932987,1.5281230603556573,-20.000000000000007
-0.12405129492932988,1.5281230603556573,-20.000000000000007
-0.12405129492932987,1.528123060355657,-20.000000000000007
-0.12540407940220547,1.522503050715735,-20.000000000000007
-0.1254040794022055,1.5225030507157356,-20.000000000000007
-0.12684286767579067,1.5197244813100856,-20.000000000000007
-0.12962373824809628,1.5255562980702626,-20.000000000000007
-0.13162334867738157,1.512553191202664,-20.000000000000007
-0.1322518888393985,1.5058494988029958,-20.000000000000007
-0.1322518888393985,1.5058494988029958,-20.000000000000007
-0.13496593015556185,1.490400499773179,-20.000000000000007
-0.13496593015556185,1.490400499773179,-20.000000000000007
-0.13496593015556185,1.4904004997731792,-20.000000000000007
-0.13500799762049986,1.4901723146345818,-20.000000000000007
-0.13496974848001758,1.4907327764956038,-20.000000000000007
-0.1352364542451437,1.4956132648969094,-20.000000000000007
-0.13559501490126286,1.4971204706629224,-20.000000000000007
-0.1350079976204999,1.4901723146345813,-20.000000000000007
-0.13559501490126286,1.4971204706629226,-20.000000000000007
-0.1352364542451437,1.4956132648969094,-20.000000000000007
-0.13541503259313709,1.4948226663941326,-20.000000000000007
-0.13626488909486958,1.4776041952523142,-20.000000000000007
-0.13541503259313706,1.4948226663941324,-20.000000000000007
-0.13559501490126288,1.4971204706629224,-20.000000000000007
-0.13523645424514372,1.4956132648969094,-20.000000000000007
-0.1352364542451437,1.4956132648969096,-20.000000000000007
-0.13505647193701792,1.4933154606281194,-20.000000000000007
-0.1352364542451437,1.4956132648969094,-20.000000000000007
-0.1352364542451437,1.4956132648969092,-20.000000000000007
-0.13496593015556188,1.4904004997731792,-20.000000000000007
-0.13496593015556188,1.4904004997731792,-20.000000000000007
-0.1316233486773816,1.5125531912026637,-20.000000000000007
-0.13774689261824094,1.4138227263361496,-20.000000000000007
-0.17917386072802038,1.5901780441278879,-20.000000000000007
-0.22061602805144592,1.9243142227981593,-20.000000000000007
-0.24969522456923443,1.7343075389569036,-20.000000000000007
-0.23626161517304012,1.9164835262217568,-20.000000000000007
-0.21297145694215705,1.8551211557628875,-20.000000000000007
-0.16491224342351887,1.4962079272044329,-20.000000000000007
-0.13162334867738157,1.5125531912026637,-20.000000000000007
-0.1254040801820389,1.5225047004235046,-20.000000000000007
-0.12540407940220547,1.5225030507157356,-20.000000000000007
-0.1254040801820389,1.5225047004235046,-20.000000000000007
-0.12684286767579064,1.5197244813100856,-20.000000000000007
-0.12684286767579064,1.5197244813100856,-20.000000000000007
-0.12684286767579064,1.5197244813100856,-20.000000000000007
-0.12684286767579067,1.5197244813100859,-20.000000000000007
-0.12684286767579067,1.5197244813100856,-20.000000000000007
-0.12684286767579064,1.5197244813100856,-20.000000000000007
-0.1284933585024709,1.5247118007304845,-20.000000000000007
-0.1296237382480963,1.525556298070263,-20.000000000000007
-0.1296237382480963,1.5255562980702628,-20.000000000000007
-0.13160506288298887,1.5132325960306732,-20.000000000000007
-0.13162334867738157,1.512553191202664,-20.000000000000007
-0.1322518888393985,1.505849498802996,-20.000000000000007
-0.13496593015556188,1.4904004997731792,-20.000000000000007
-0.13496593015556185,1.4904004997731792,-20.000000000000007
-0.13500799762049986,1.4901723146345818,-20.000000000000007
-0.134987587169906,1.490284182800638,-20.000000000000007
-0.13496593015556188,1.490400499773179,-20.000000000000007
-0.1322518888393985,1.505849498802996,-20.000000000000007
-0.13162334867738157,1.5125531912026635,-20.000000000000007
-0.1296237382480963,1.5255562980702628,-20.000000000000007
-0.12684286767579067,1.5197244813100856,-20.000000000000007
-0.12684286767579067,1.5197244813100856,-20.000000000000007
-0.12684286767579064,1.5197244813100859,-20.000000000000007
-0.12684286767579064,1.5197244813100856,-20.000000000000007
-0.12684286767579064,1.5197244813100856,-20.000000000000007
-0.12756711120681585,1.520806514362063,-20.000000000000007
-0.12756711120681585,1.520806514362063,-20.000000000000007
-0.12756711120681585,1.5208065143620628,-20.000000000000007
-0.12756711120681588,1.520806514362063,-20.000000000000007
-0.12756711120681588,1.5208065143620626,-20.000000000000007
-0.12756711120681585,1.520806514362063,-20.000000000000007
-0.12756711120681588,1.520806514362063,-20.000000000000007
-0.12612832293323067,1.5235850837677125,-20.000000000000007
-0.12612832293323067,1.5235850837677127,-20.000000000000007
-0.13496593015556188,1.4904004997731792,-20.000000000000007
-0.16015086704143036,1.4658572207674503,-20.000000000000007
-0.19071249072710514,1.5909698512377528,-20.000000000000007
-0.2306016887745189,1.9140944014911363,-20.000000000000007
-0.22765097951254284,1.9241020799037796,-20.000000000000007
-0.20117245829941954,1.7057620812394532,-20.000000000000007
-0.16226514651890211,1.4799780943445653,-20.000000000000007
-0.13225188883939853,1.5058494988029958,-20.000000000000007
-0.12405129492932988,1.5281230603556573,-20.000000000000007
-0.11023293988978833,1.5292120197188133,-20.000000000000007
-0.1102329398897883,1.5292120197188135,-20.000000000000007
-0.11023293988978833,1.5292120197188135,-20.000000000000007
-0.11023310443464368,1.5300533484745644,-20.000000000000007
-0.12477553846035512,1.5292050934076342,-20.000000000000007
-0.1245801795264761,1.5302473258550449,-20.000000000000007
-0.1261283229332307,1.5235850837677125,-20.000000000000007
-0.12611003453939318,1.5242435170268305,-20.000000000000007
-0.1280959965837955,1.5229324295692201,-20.000000000000007
-0.1301122303325565,1.5286861249343535,-20.000000000000007
-0.13154638457591009,1.5149175622233853,-20.000000000000007
-0.13154638457591009,1.5149175622233855,-20.000000000000007
-0.13160124455853314,1.5129003193082484,-20.000000000000007
-0.13160506288298884,1.5132325960306732,-20.000000000000007
-0.1322518888393985,1.505849498802996,-20.000000000000007
-0.13498758716990603,1.490284182800638,-20.000000000000007
-0.13559501490126286,1.4971204706629224,-20.000000000000007
-0.13559501490126286,1.4971204706629224,-20.000000000000007
-0.1363431436907083,1.469091816603712,-20.000000000000007
-0.13541503259313709,1.4948226663941324,-20.000000000000007
-0.13559501490126288,1.4971204706629224,-20.000000000000007
-0.13559501490126286,1.4971204706629224,-20.000000000000007
-0.13559501490126286,1.4971204706629226,-20.000000000000007
-0.13634314369070832,1.4690918166037121,-20.000000000000007
-0.1363431436907083,1.4690918166037124,-20.000000000000007
-0.13766089245675406,1.4109848407592605,-20.000000000000007
-0.13766089245675403,1.4109848407592605,-20.000000000000007
-0.13766089245675406,1.4109848407592602,-20.000000000000007
-0.1362648890948696,1.477604195252314,-20.000000000000007
-0.13634314369070832,1.469091816603712,-20.000000000000007
-0.13559501490126288,1.4971204706629224,-20.000000000000007
-0.13559501490126286,1.4971204706629226,-20.000000000000007
-0.1352364542451437,1.4956132648969094,-20.000000000000007
-0.13505647193701792,1.4933154606281196,-20.000000000000007
-0.13496593015556185,1.4904004997731792,-20.000000000000007
-0.13496593015556185,1.4904004997731792,-20.000000000000007
-0.14969871320520375,1.437675006587023,-20.000000000000007
-0.18220996636544406,1.5747645545787243,-20.000000000000007
-0.22966676414222983,1.9196183962526652,-20.000000000000007
-0.2508384379037726,1.7140156744144237,-20.000000000000007
-0.24336808301417076,1.8315248182011774,-20.000000000000007
-0.20437906386028284,1.7469160927090361,-20.000000000000007
-0.1497541574130439,1.4356391577721637,-20.000000000000007
-0.1316233486773816,1.5125531912026637,-20.000000000000007
-0.12684286767579064,1.5197244813100856,-20.000000000000007
-0.12684286767579067,1.5197244813100856,-20.000000000000007
-0.12942838191366207,1.5266195020865654,-20.000000000000007
-0.12684286767579067,1.5197244813100856,-20.000000000000007
-0.12684286767579067,1.5197244813100856,-20.000000000000007
-0.12684286767579067,1.5197244813100856,-20.000000000000007
-0.12684286767579064,1.5197244813100856,-20.000000000000007
-0.12684286767579064,1.5197244813100856,-20.000000000000007
-0.12684286767579062,1.5197244813100854,-20.000000000000007
-0.12684286767579064,1.5197244813100856,-20.000000000000007
-0.12684286767579067,1.5197244813100856,-20.000000000000007
-0.12684286767579067,1.5197244813100856,-20.000000000000007
-0.12684286767579064,1.5197244813100859,-20.000000000000007
-0.12684286767579067,1.519724481310086,-20.000000000000007
-0.1296237382480963,1.5255562980702628,-20.000000000000007
-0.13162334867738157,1.512553191202664,-20.000000000000007
-0.13496593015556185,1.4904004997731792,-20.000000000000007
-0.13523645424514372,1.4956132648969094,-20.000000000000007
-0.13559501490126286,1.4971204706629226,-20.000000000000007
-0.13559501490126286,1.4971204706629226,-20.000000000000007
-0.13559501490126286,1.4971204706629226,-20.000000000000007
-0.13766033188648452,1.4110074467856226,-20.000000000000007
-0.13634314369070832,1.469091816603712,-20.000000000000007
-0.13766089245675403,1.4109848407592605,-20.000000000000007
-0.1363431436907083,1.4690918166037121,-20.000000000000007
-0.13559501490126286,1.4971204706629226,-20.000000000000007
-0.1352364542451437,1.4956132648969094,-20.000000000000007
-0.13162334867738157,1.512553191202664,-20.000000000000007
-0.13496593015556185,1.4904004997731792,-20.000000000000007
-0.12962373824809628,1.525556298070263,-20.000000000000007
-0.13162334867738157,1.5125531912026637,-20.000000000000007
-0.13160124455853317,1.5129003193082486,-20.000000000000007
-0.13034416345466582,1.5263060543998155,-20.000000000000007
-0.13034416345466582,1.5263060543998153,-20.000000000000007
-0.12756711120681588,1.520806514362063,-20.000000000000007
-0.12756711120681588,1.5208065143620628,-20.000000000000007
-0.12612832293323067,1.5235850837677125,-20.000000000000007
-0.13496593015556188,1.4904004997731792,-20.000000000000007
-0.14975414285615307,1.4356134548649337,-20.000000000000007
-0.18885818653230282,1.5776548930151268,-20.000000000000007
-0.22595440670337325,1.9324083385227473,-20.000000000000007
-0.21973920250494974,1.937701139422241,-20.000000000000007
-0.18942453257317313,1.5791548760255547,-20.000000000000007
-0.15098649128259778,1.3992341320455806,-20.000000000000007
-0.13162334867738157,1.512553191202664,-20.000000000000007
-0.12405129492932988,1.528123060355657,-20.000000000000007
-0.11023310443464367,1.5300533484745644,-20.000000000000007
-0.12477553846035512,1.5292050934076344,-20.000000000000007
-0.12477553846035513,1.5292050934076347,-20.000000000000007
-0.127381452621069,1.5267946817346165,-20.000000000000007
-0.1259329639993517,1.5246273162151234,-20.000000000000007
-0.12593296399935167,1.5246273162151236,-20.000000000000007
-0.127381452621069,1.5267946817346165,-20.000000000000007
-0.12756711120681585,1.520806514362063,-20.000000000000007
-0.12754882281297833,1.5214649476211808,-20.000000000000007
-0.1259329647791851,1.5246289659228929,-20.000000000000007
-0.12612832371306415,1.523586733475482,-20.000000000000007
-0.1261283229332307,1.5235850837677125,-20.000000000000007
-0.12756711120681585,1.5208065143620628,-20.000000000000007
-0.13224807051494283,1.5055172220805708,-20.000000000000007
-0.13541503259313709,1.4948226663941324,-20.000000000000007
-0.13634314369070832,1.4690918166037121,-20.000000000000007
-0.13774689261824094,1.4138227263361496,-20.000000000000007
-0.13766089245675406,1.4109848407592605,-20.000000000000007
-0.1363431436907083,1.4690918166037121,-20.000000000000007
-0.13559501490126286,1.4971204706629226,-20.000000000000007
-0.13496593015556188,1.490400499773179,-20.000000000000007
-0.13496593015556185,1.490400499773179,-20.000000000000007
-0.13496593015556185,1.4904004997731795,-20.000000000000007
-0.13505647193701792,1.4933154606281192,-20.000000000000007
-0.1352364542451437,1.4956132648969094,-20.000000000000007
-0.13559501490126286,1.4971204706629226,-20.000000000000007
-0.13559501490126288,1.4971204706629224,-20.000000000000007
-0.13559501490126288,1.4971204706629224,-20.000000000000007
-0.13766033188648452,1.4110074467856224,-20.000000000000007
-0.1363431436907083,1.4690918166037121,-20.000000000000007
-0.1363431436907083,1.4690918166037121,-20.000000000000007
-0.13559501490126288,1.4971204706629226,-20.000000000000007
-0.13523645424514372,1.4956132648969094,-20.000000000000007
-0.13496974848001755,1.4907327764956042,-20.000000000000007
-0.13496593015556185,1.4904004997731792,-20.000000000000007
-0.1316233486773816,1.5125531912026642,-20.000000000000007
-0.13523645424514372,1.4956132648969092,-20.000000000000007
-0.16226514651890211,1.479978094344565,-20.000000000000007
-0.20733292481909757,1.778824274236428,-20.000000000000007
-0.23693987848983955,1.909252335013869,-20.000000000000007
-0.23024971023754492,1.9219094845707583,-20.000000000000007
-0.19431926352746381,1.624540405447776,-20.000000000000007
-0.1377468926182409,1.4138227263361496,-20.000000000000007
-0.12962373824809628,1.5255562980702628,-20.000000000000007
-0.12540407940220547,1.5225030507157356,-20.000000000000007
-0.12540407940220547,1.5225030507157356,-20.000000000000007
-0.12540407940220547,1.5225030507157356,-20.000000000000007
-0.1254040794022055,1.5225030507157353,-20.000000000000007
-0.12684286767579067,1.5197244813100856,-20.000000000000007
-0.12684286767579064,1.5197244813100859,-20.000000000000007
-0.12684286767579067,1.5197244813100856,-20.000000000000007
-0.12942838191366204,1.5266195020865654,-20.000000000000007
-0.12942838191366204,1.5266195020865654,-20.000000000000007
-0.12942838191366204,1.5266195020865654,-20.000000000000007
-0.12942838191366207,1.5266195020865656,-20.000000000000007
-0.12962373824809628,1.525556298070263,-20.000000000000007
-0.1296237382480963,1.525556298070263,-20.000000000000007
-0.1296237382480963,1.5255562980702628,-20.000000000000007
-0.1316233486773816,1.5125531912026637,-20.000000000000007
-0.13434189990028766,1.4942024153350568,-20.000000000000007
-0.13496593015556188,1.4904004997731792,-20.000000000000007
-0.13500799762049986,1.4901723146345818,-20.000000000000007
-0.13505647193701792,1.4933154606281194,-20.000000000000007
-0.13498758716990603,1.490284182800638,-20.000000000000007
-0.13496593015556185,1.490400499773179,-20.000000000000007
-0.13496593015556185,1.490400499773179,-20.000000000000007
-0.1322518888393985,1.5058494988029958,-20.000000000000007
-0.13162334867738157,1.512553191202664,-20.000000000000007
-0.1316233486773816,1.512553191202664,-20.000000000000007
-0.12962373824809628,1.525556298070263,-20.000000000000007
-0.1296237382480963,1.5255562980702628,-20.000000000000007
-0.13160506288298884,1.5132325960306736,-20.000000000000007
-0.12962373824809628,1.525556298070263,-20.000000000000007
-0.13160506288298884,1.5132325960306732,-20.000000000000007
-0.12962373824809628,1.525556298070263,-20.000000000000007
-0.12684286767579067,1.5197244813100856,-20.000000000000007
-0.1296237382480963,1.525556298070263,-20.000000000000007
-0.13160506288298884,1.5132325960306732,-20.000000000000007
-0.13225188883939853,1.505849498802996,-20.000000000000007
-0.13496593015556188,1.490400499773179,-20.000000000000007
-0.1316233486773816,1.512553191202664,-20.000000000000007
-0.1352364542451437,1.4956132648969092,-20.000000000000007
-0.15098649128259778,1.3992341320455806,-20.000000000000007
-0.18888897604606414,1.5748627885679038,-20.000000000000007
-0.22117610000737895,1.937196569906587,-20.000000000000007
-0.22088539733767873,1.9311452890383745,-20.000000000000007
-0.1930381521161568,1.6120202560143864,-20.000000000000007
-0.16015086704143036,1.4658572207674505,-20.000000000000007
-0.13496593015556188,1.4904004997731792,-20.000000000000007
-0.1254040801820389,1.5225047004235046,-20.000000000000007
-0.1254040794022055,1.5225030507157356,-20.000000000000007
-0.1254040794022055,1.5225030507157356,-20.000000000000007
-0.12540407940220547,1.522503050715735,-20.000000000000007
-0.12540407940220547,1.5225030507157353,-20.000000000000007
-0.12405129492932987,1.5281230603556573,-20.000000000000007
-0.12405129492932987,1.5281230603556573,-20.000000000000007
-0.12405129492932987,1.5281230603556573,-20.000000000000007
-0.12405129492932988,1.5281230603556573,-20.000000000000007
-0.1102329398897883,1.5292120197188133,-20.000000000000007
-0.1102329398897883,1.5292120197188135,-20.000000000000007
-0.12405129492932987,1.528123060355657,-20.000000000000007
-0.12540407940220547,1.5225030507157356,-20.000000000000007
-0.12684286767579064,1.5197244813100856,-20.000000000000007
-0.1296237382480963,1.525556298070263,-20.000000000000007
-0.13162334867738157,1.512553191202664,-20.000000000000007
-0.13225188883939853,1.5058494988029958,-20.000000000000007
-0.13496593015556188,1.490400499773179,-20.000000000000007
-0.13559501490126288,1.4971204706629229,-20.000000000000007
-0.13541503259313706,1.4948226663941326,-20.000000000000007
-0.13559501490126286,1.4971204706629226,-20.000000000000007
-0.13541503259313709,1.4948226663941326,-20.000000000000007
-0.13497852537538713,1.4887368411910322,-20.000000000000007
-0.13496593015556185,1.490400499773179,-20.000000000000007
-0.13225188883939853,1.5058494988029958,-20.000000000000007
-0.13225188883939853,1.505849498802996,-20.000000000000007
-0.13162334867738157,1.5125531912026637,-20.000000000000007
-0.13162334867738157,1.512553191202664,-20.000000000000007
-0.1316233486773816,1.512553191202664,-20.000000000000007
-0.1316233486773816,1.5125531912026637,-20.000000000000007
-0.13162334867738157,1.5125531912026637,-20.000000000000007
-0.1296237382480963,1.525556298070263,-20.000000000000007
-0.1296237382480963,1.525556298070263,-20.000000000000007
-0.13160506288298887,1.5132325960306734,-20.000000000000007
-0.13162334867738157,1.512553191202664,-20.000000000000007
-0.13160506288298884,1.5132325960306736,-20.000000000000007
-0.13162334867738157,1.5125531912026637,-20.000000000000007
-0.13559501490126288,1.4971204706629226,-20.000000000000007
-0.16270023080057264,1.4821412217524914,-20.000000000000007
-0.20620692767240614,1.769504898465426,-20.000000000000007
-0.2344298574576038,1.9279792844521224,-20.000000000000007
-0.22610668672834544,1.9302216087355992,-20.000000000000007
-0.18942453257317313,1.5791548760255545,-20.000000000000007
-0.13766089245675403,1.4109848407592607,-20.000000000000007
-0.12684286767579067,1.5197244813100856,-20.000000000000007
-0.1254040794022055,1.5225030507157356,-20.000000000000007
-0.1254040794022055,1.5225030507157356,-20.000000000000007
-0.12540408018203894,1.5225047004235046,-20.000000000000007
-0.12684286767579064,1.519724481310086,-20.000000000000007
-0.12942838191366207,1.5266195020865656,-20.000000000000007
-0.1296237382480963,1.525556298070263,-20.000000000000007
-0.1296237382480963,1.525556298070263,-20.000000000000007
-0.1296237382480963,1.5255562980702628,-20.000000000000007
-0.12849335850247093,1.524711800730485,-20.000000000000007
-0.12684286767579067,1.5197244813100856,-20.000000000000007
-0.12684286767579067,1.519724481310086,-20.000000000000007
-0.12942838191366207,1.5266195020865656,-20.000000000000007
-0.13160506288298887,1.5132325960306732,-20.000000000000007
-0.13225188883939853,1.505849498802996,-20.000000000000007
-0.13496593015556188,1.4904004997731792,-20.000000000000007
-0.1352364542451437,1.4956132648969096,-20.000000000000007
-0.13541503259313709,1.4948226663941326,-20.000000000000007
-0.13559501490126286,1.4971204706629226,-20.000000000000007
-0.1352364542451437,1.4956132648969092,-20.000000000000007
-0.13541503259313709,1.4948226663941324,-20.000000000000007
-0.1350079976204999,1.4901723146345818,-20.000000000000007
-0.1352364542451437,1.4956132648969094,-20.000000000000007
-0.1352364542451437,1.4956132648969096,-20.000000000000007
-0.13496593015556188,1.490400499773179,-20.000000000000007
-0.13496593015556185,1.490400499773179,-20.000000000000007
-0.1322518888393985,1.505849498802996,-20.000000000000007
-0.1316233486773816,1.5125531912026635,-20.000000000000007
-0.13162334867738157,1.512553191202664,-20.000000000000007
-0.13496593015556188,1.490400499773179,-20.000000000000007
-0.13496593015556185,1.490400499773179,-20.000000000000007
-0.13496593015556188,1.490400499773179,-20.000000000000007
-0.13496593015556188,1.490400499773179,-20.000000000000007
-0.13162334867738157,1.512553191202664,-20.000000000000007
-0.1296237382480963,1.525556298070263,-20.000000000000007
-0.12942838191366207,1.5266195020865654,-20.000000000000007
-0.12684286767579064,1.5197244813100856,-20.000000000000007
-0.12540407940220547,1.5225030507157356,-20.000000000000007
-0.13496593015556188,1.490400499773179,-20.000000000000007
-0.14975414285615304,1.435613454864934,-20.000000000000007
-0.18888897604606414,1.574862788567904,-20.000000000000007
-0.2259544067033732,1.9324083385227475,-20.000000000000007
-0.2196570342500176,1.93847326178661,-20.000000000000007
-0.1925488884514961,1.6080217107239956,-20.000000000000007
-0.16226514651890211,1.4799780943445653,-20.000000000000007
-0.13496593015556188,1.490400499773179,-20.000000000000007
-0.12684286767579064,1.5197244813100856,-20.000000000000007
-0.12540407940220547,1.5225030507157353,-20.000000000000007
-0.1254040794022055,1.5225030507157353,-20.000000000000007
-0.1254040794022055,1.5225030507157353,-20.000000000000007
-0.12684286767579067,1.5197244813100856,-20.000000000000007
-0.1296237382480963,1.5255562980702626,-20.000000000000007
-0.12962373824809628,1.525556298070263,-20.000000000000007
-0.12962373824809628,1.5255562980702626,-20.000000000000007
-0.12942838191366204,1.5266195020865654,-20.000000000000007
-0.12684286767579064,1.5197244813100856,-20.000000000000007
-0.12684286767579067,1.5197244813100856,-20.000000000000007
-0.12684286767579067,1.5197244813100859,-20.000000000000007
-0.12684286767579067,1.5197244813100856,-20.000000000000007
-0.12684286767579067,1.5197244813100856,-20.000000000000007
-0.12962373824809628,1.525556298070263,-20.000000000000007
-0.1322518888393985,1.505849498802996,-20.000000000000007
-0.13496593015556188,1.490400499773179,-20.000000000000007
-0.13559501490126288,1.4971204706629224,-20.000000000000007
-0.13559501490126288,1.4971204706629224,-20.000000000000007
-0.13559501490126286,1.4971204706629226,-20.000000000000007
-0.13523645424514372,1.4956132648969094,-20.000000000000007
-0.13500799762049986,1.4901723146345818,-20.000000000000007
-0.13496974848001755,1.490732776495604,-20.000000000000007
-0.13496593015556185,1.490400499773179,-20.000000000000007
-0.13496593015556185,1.4904004997731792,-20.000000000000007
-0.13225188883939853,1.5058494988029958,-20.000000000000007
-0.13496593015556188,1.4904004997731792,-20.000000000000007
-0.1322518888393985,1.5058494988029958,-20.000000000000007
-0.13496593015556188,1.490400499773179,-20.000000000000007
-0.13496593015556185,1.490400499773179,-20.000000000000007
-0.13496593015556185,1.4904004997731792,-20.000000000000007
-0.13496593015556185,1.4904004997731792,-20.000000000000007
-0.13162334867738157,1.512553191202664,-20.000000000000007
-0.1296237382480963,1.525556298070263,-20.000000000000007
-0.12684286767579067,1.5197244813100856,-20.000000000000007
-0.12540408018203894,1.5225047004235046,-20.000000000000007
-0.1254040794022055,1.5225030507157356,-20.000000000000007
-0.13496593015556188,1.490400499773179,-20.000000000000007
-0.16226514651890211,1.4799780943445653,-20.000000000000007
-0.21295636326596953,1.8553596150545901,-20.000000000000007
-0.24754391918501353,1.7983293885017668,-20.000000000000007
-0.23570267157110544,1.9231586283911632,-20.000000000000007
-0.20404430865962883,1.7471900021231153,-20.000000000000007
-0.14975415741304388,1.4356391577721634,-20.000000000000007
-0.13162334867738157,1.512553191202664,-20.000000000000007
-0.1284933585024709,1.5247118007304847,-20.000000000000007
-0.12942838191366204,1.5266195020865654,-20.000000000000007
-0.1296237382480963,1.5255562980702628,-20.000000000000007
-0.13162334867738157,1.5125531912026637,-20.000000000000007
-0.13225188883939853,1.5058494988029958,-20.000000000000007
-0.13162334867738157,1.5125531912026635,-20.000000000000007
-0.13160506288298884,1.513232596030673,-20.000000000000007
-0.12684286767579067,1.5197244813100856,-20.000000000000007
-0.12540407940220547,1.5225030507157356,-20.000000000000007
-0.12405129492932988,1.5281230603556573,-20.000000000000007
-0.12405129492932987,1.528123060355657,-20.000000000000007
-0.1240512949293299,1.528123060355657,-20.000000000000007
-0.12405129492932987,1.528123060355657,-20.000000000000007
-0.1240512949293299,1.5281230603556573,-20.000000000000007
-0.12540407940220547,1.5225030507157356,-20.000000000000007
-0.13162334867738157,1.5125531912026642,-20.000000000000007
-0.1497541574130439,1.4356391577721637,-20.000000000000007
-0.18250173051842536,1.5731434678747531,-20.000000000000007
-0.19303815211615682,1.6120202560143864,-20.000000000000007
-0.18885818653230285,1.577654893015127,-20.000000000000007
-0.17694296547815705,1.572743141012019,-20.000000000000007
-0.13559501490126286,1.4971204706629224,-20.000000000000007
-0.13162334867738157,1.512553191202664,-20.000000000000007
-0.1296237382480963,1.525556298070263,-20.000000000000007
-0.13162334867738157,1.512553191202664,-20.000000000000007
-0.13496593015556185,1.4904004997731792,-20.000000000000007
-0.13496593015556185,1.4904004997731792,-20.000000000000007
-0.13496593015556185,1.490400499773179,-20.000000000000007
-0.13162334867738157,1.5125531912026637,-20.000000000000007
-0.1296237382480963,1.525556298070263,-20.000000000000007
-0.12684286767579064,1.5197244813100859,-20.000000000000007
-0.12540407940220547,1.5225030507157356,-20.000000000000007
-0.12405129492932988,1.5281230603556573,-20.000000000000007
-0.12405129492932987,1.5281230603556573,-20.000000000000007
-0.12405129492932988,1.5281230603556573,-20.000000000000007
-0.12405129492932987,1.528123060355657,-20.000000000000007
-0.12405129492932988,1.528123060355657,-20.000000000000007
-0.1316233486773816,1.512553191202664,-20.000000000000007
-0.13766089245675406,1.4109848407592605,-20.000000000000007
-0.18885818653230285,1.5776548930151266,-20.000000000000007
-0.2208853973376787,1.931145289038375,-20.000000000000007
-0.21827512813214567,1.9327711581825626,-20.000000000000007
-0.19303815211615685,1.6120202560143864,-20.000000000000007
-0.16015086704143033,1.4658572207674503,-20.000000000000007
-0.13496593015556185,1.4904004997731792,-20.000000000000007
-0.1296237382480963,1.525556298070263,-20.000000000000007
-0.12684286767579067,1.5197244813100856,-20.000000000000007
-0.1284933585024709,1.524711800730485,-20.000000000000007
-0.12962373824809628,1.525556298070263,-20.000000000000007
-0.12962373824809628,1.5255562980702628,-20.000000000000007
-0.12942838191366204,1.5266195020865654,-20.000000000000007
-0.12684286767579064,1.5197244813100856,-20.000000000000007
-0.12540407940220547,1.5225030507157356,-20.000000000000007
-0.1254040794022055,1.5225030507157356,-20.000000000000007
-0.12405129492932987,1.528123060355657,-20.000000000000007
-0.1240512949293299,1.528123060355657,-20.000000000000007
-0.1240512949293299,1.5281230603556573,-20.000000000000007
-0.12405129492932987,1.5281230603556573,-20.000000000000007
-0.12405129492932987,1.5281230603556573,-20.000000000000007
-0.1254040794022055,1.5225030507157356,-20.000000000000007
-0.1296237382480963,1.525556298070263,-20.000000000000007
-0.16175363895024922,1.4767475548411564,-20.000000000000007
-0.1891192387649498,1.5756732257028956,-20.000000000000007
-0.21023380688351323,1.8304416245211912,-20.000000000000007
-0.20404430865962883,1.7471900021231153,-20.000000000000007
-0.17917386072802038,1.5901780441278879,-20.000000000000007
-0.13634314369070832,1.469091816603712,-20.000000000000007
-0.13225188883939853,1.505849498802996,-20.000000000000007
-0.1296237382480963,1.525556298070263,-20.000000000000007
-0.1254040801820389,1.5225047004235046,-20.000000000000007
-0.1240512949293299,1.5281230603556573,-20.000000000000007
-0.1254040801820389,1.5225047004235046,-20.000000000000007
-0.13162334867738157,1.5125531912026637,-20.000000000000007
-0.13496593015556185,1.490400499773179,-20.000000000000007
-0.13500799762049986,1.4901723146345816,-20.000000000000007
-0.1316233486773816,1.512553191202664,-20.000000000000007
-0.1296237382480963,1.5255562980702628,-20.000000000000007
-0.13225188883939853,1.5058494988029958,-20.000000000000007
-0.13497852537538713,1.4887368411910322,-20.000000000000007
-0.1352364542451437,1.4956132648969094,-20.000000000000007
-0.13496593015556185,1.490400499773179,-20.000000000000007
-0.13162334867738157,1.512553191202664,-20.000000000000007
-0.13162334867738157,1.5125531912026637,-20.000000000000007
-0.13496593015556188,1.4904004997731792,-20.000000000000007
-0.13500799762049986,1.4901723146345818,-20.000000000000007
-0.1352364542451437,1.4956132648969094,-20.000000000000007
-0.13541503259313709,1.4948226663941324,-20.000000000000007
-0.13559501490126288,1.4971204706629226,-20.000000000000007
-0.13541503259313709,1.4948226663941326,-20.000000000000007
-0.13541503259313709,1.4948226663941326,-20.000000000000007
-0.13496593015556185,1.4904004997731795,-20.000000000000007
-0.13162334867738157,1.512553191202664,-20.000000000000007
-0.1316233486773816,1.512553191202664,-20.000000000000007
-0.1296237382480963,1.525556298070263,-20.000000000000007
-0.12962373824809628,1.5255562980702628,-20.000000000000007
-0.12684286767579064,1.5197244813100856,-20.000000000000007
-0.12540407940220547,1.5225030507157356,-20.000000000000007
-0.12405129492932987,1.5281230603556573,-20.000000000000007
-0.1240512949293299,1.5281230603556575,-20.000000000000007
-0.11023216213590642,1.5313395110577368,-20.000000000000007
-0.11023216213590639,1.5313395110577368,-20.000000000000007
-0.1102329398897883,1.5292120197188133,-20.000000000000007
-0.11023310443464365,1.5300533484745646,-20.000000000000007
-0.12405129492932987,1.5281230603556573,-20.000000000000007
-0.13014880712023158,1.5273692584161178,-20.000000000000007
-0.1316195303529259,1.5122209144802388,-20.000000000000007
-0.13505647193701795,1.4933154606281194,-20.000000000000007
-0.13634314369070832,1.469091816603712,-20.000000000000007
-0.14947303603690426,1.4401127615108213,-20.000000000000007
-0.16015086704143033,1.4658572207674505,-20.000000000000007
-0.16015086704143036,1.4658572207674505,-20.000000000000007
-0.14969871320520373,1.4376750065870232,-20.000000000000007
-0.13634314369070832,1.469091816603712,-20.000000000000007
-0.1352364542451437,1.4956132648969094,-20.000000000000007
-0.13496974848001758,1.4907327764956038,-20.000000000000007
-0.13496593015556188,1.490400499773179,-20.000000000000007
-0.13160506288298887,1.5132325960306734,-20.000000000000007
-0.12942838191366204,1.5266195020865654,-20.000000000000007
-0.12684286767579067,1.5197244813100856,-20.000000000000007
-0.12684286767579067,1.519724481310086,-20.000000000000007
-0.13160506288298887,1.5132325960306734,-20.000000000000007
-0.1316233486773816,1.512553191202664,-20.000000000000007
-0.13225188883939853,1.5058494988029958,-20.000000000000007
-0.13496593015556188,1.490400499773179,-20.000000000000007
-0.13225188883939853,1.5058494988029958,-20.000000000000007
-0.13496593015556185,1.490400499773179,-20.000000000000007
-0.13496593015556188,1.4904004997731792,-20.000000000000007
-0.1322518888393985,1.505849498802996,-20.000000000000007
-0.13162334867738157,1.5125531912026637,-20.000000000000007
-0.13496593015556185,1.490400499773179,-20.000000000000007
-0.13500799762049986,1.4901723146345816,-20.000000000000007
-0.1350079976204999,1.4901723146345818,-20.000000000000007
-0.1350079976204999,1.4901723146345818,-20.000000000000007
-0.13225188883939853,1.5058494988029958,-20.000000000000007
-0.12962373824809628,1.5255562980702628,-20.000000000000007
-0.12962373824809628,1.5255562980702628,-20.000000000000007
-0.12962373824809628,1.525556298070263,-20.000000000000007
-0.12962373824809628,1.525556298070263,-20.000000000000007
-0.1316233486773816,1.5125531912026637,-20.000000000000007
-0.13162334867738157,1.5125531912026635,-20.000000000000007
-0.13160506288298887,1.5132325960306732,-20.000000000000007
-0.12962373824809628,1.5255562980702628,-20.000000000000007
-0.1254040801820389,1.5225047004235046,-20.000000000000007
-0.12540407940220547,1.5225030507157356,-20.000000000000007
-0.1254040794022055,1.522503050715735,-20.000000000000007
-0.12684286767579067,1.5197244813100856,-20.000000000000007
-0.12880055360960155,1.5278382294534176,-20.000000000000007
-0.13103589494983797,1.523291254118942,-20.000000000000007
-0.13162334867738157,1.512553191202664,-20.000000000000007
-0.1322518888393985,1.505849498802996,-20.000000000000007
-0.13496593015556188,1.490400499773179,-20.000000000000007
-0.13496593015556188,1.4904004997731792,-20.000000000000007
-0.13496593015556185,1.490400499773179,-20.000000000000007
-0.13162334867738157,1.512553191202664,-20.000000000000007
-0.13162334867738157,1.512553191202664,-20.000000000000007
-0.12962373824809628,1.5255562980702628,-20.000000000000007
-0.12684286767579064,1.5197244813100856,-20.000000000000007
-0.1254040794022055,1.5225030507157353,-20.000000000000007
-0.12405129492932988,1.528123060355657,-20.000000000000007
-0.1247755384603551,1.5292050934076342,-20.000000000000007
-0.12573083572131633,1.539254732950738,-20.000000000000007
-0.1272250722318811,1.5343970159211404,-20.000000000000007
-0.12722507223188106,1.5343970159211406,-20.000000000000007
-0.1272250737915479,1.5344003153366788,-20.000000000000007
-0.12793961775427445,1.530538063171283,-20.000000000000007
-0.12977878434227225,1.53669817900137,-20.000000000000007
-0.13103589494983797,1.523291254118942,-20.000000000000007
-0.1350259241716223,1.5052987353294094,-20.000000000000007
-0.1350259241716223,1.5052987353294092,-20.000000000000007
-0.13502592417162232,1.5052987353294094,-20.000000000000007
-0.13512381770284052,1.5053349727150216,-20.000000000000007
-0.1351238177028405,1.5053349727150214,-20.000000000000007
-0.14975414285615304,1.435613454864934,-20.000000000000007
-0.18226034594502277,1.575240624019803,-20.000000000000007
-0.22912020520509224,1.9262339835287354,-20.000000000000007
-0.279322378038063,1.4762063504497125,-20.000000000000007
-0.33480219946346185,1.4983051873004503,-20.000000000000007
-0.3647941975293897,1.498441530210701,-20.000000000000007
-0.4044660360469648,1.4937800489435622,-20.000000000000007
-0.4179152311942459,1.4955254951461119,-20.000000000000007
-0.4037296542785088,1.4972830163747795,-20.000000000000007
-0.40000345226167355,1.4960335559100115,-20.000000000000007
-0.38193745086900777,1.4988133565766333,-20.000000000000007
-0.3793342724614728,1.4998490613610287,-20.000000000000007
-0.4037296542785088,1.4972830163747797,-20.000000000000007
-0.4114682005159357,1.496246910534279,-20.000000000000007
-0.4070364050746556,1.4995321775411483,-20.000000000000007
-0.3891869986501289,1.4998285103793272,-20.000000000000007
-0.35345001828315953,1.500856305074491,-20.000000000000007
-0.31550812906409614,1.4949157633151202,-20.000000000000007
-0.27904186158521965,1.4658209857437954,-20.000000000000007
-0.23595500071689005,1.9215763779110162,-20.000000000000007
-0.20429629129942256,1.750957634344255,-20.000000000000007
-0.18226034594502277,1.5752406240198034,-20.000000000000007
-0.1735996436780998,1.5552621540346743,-20.000000000000007
-0.17825534106184443,1.5837285229747724,-20.000000000000007
-0.16270023080057264,1.4821412217524914,-20.000000000000007
-0.17917386072802038,1.5901780441278874,-20.000000000000007
-0.1811061921972143,1.5615965088310682,-20.000000000000007
-0.1822603459450228,1.5752406240198031,-20.000000000000007
-0.18888897604606414,1.5748627885679038,-20.000000000000007
-0.18888897604606414,1.574862788567904,-20.000000000000007
-0.19927599968825097,1.68201699226254,-20.000000000000007
-0.20117245829941957,1.7057620812394534,-20.000000000000007
-0.20587468808445006,1.7697390646642215,-20.000000000000007
-0.20587468808445003,1.769739064664222,-20.000000000000007
-0.2194162957036321,1.934944495264261,-20.000000000000007
-0.21248743473298976,1.8569242044846717,-20.000000000000007
-0.22700039482394935,1.9319837126790778,-20.000000000000007
-0.22029949326914813,1.9398441916845452,-20.000000000000007
-0.2276014464421608,1.9245423734898095,-20.000000000000007
-0.22903447707550287,1.9276403862238338,-20.000000000000007
-0.22595826031529195,1.9324263488581668,-20.000000000000007
-0.23106341340115905,1.9111892152082388,-20.000000000000007
-0.22117610000737897,1.937196569906587,-20.000000000000007
-0.22595826031529195,1.9324263488581668,-20.000000000000007
-0.18885818653230285,1.5776548930151268,-20.000000000000007
-0.18888897604606414,1.5748627885679038,-20.000000000000007
-0.18226034594502277,1.575240624019803,-20.000000000000007
-0.2040443086596288,1.7471900021231155,-20.000000000000007
-0.24753611064781528,1.7981305890838024,-20.000000000000007
-0.2909864358299067,1.5839273016702227,-20.000000000000007
-0.32039323908329315,1.4999261676747753,-20.000000000000007
-0.36519814387421745,1.4994051165992766,-20.000000000000007
-0.38752592983776857,1.4997140552809933,-20.000000000000007
-0.3770342549852157,1.4928029165439003,-20.000000000000007
-0.3816477884971136,1.4989001797387043,-20.000000000000007
-0.36746442643831195,1.5032213572752289,-20.000000000000007
-0.3736842669414812,1.4915586181715261,-20.000000000000007
-0.40011116240119216,1.4932614408589233,-20.000000000000007
-0.41275585615948,1.4979841301370085,-20.000000000000007
-0.41500122570282305,1.5058383272901987,-20.000000000000007
-0.40480408168982335,1.4967685237304433,-20.000000000000007
-0.38921130183428554,1.4997537378964054,-20.000000000000007
-0.3663230437627689,1.5016772222416228,-20.000000000000007
-0.3367968202569288,1.5007937645352367,-20.000000000000007
-0.3010028004312816,1.5476422714487985,-20.000000000000007
-0.2551501197597483,1.7691935568457864,-20.000000000000007
-0.21204973859417786,1.8497531531648241,-20.000000000000007
-0.1804043718668858,1.5611767535850447,-20.000000000000007
-0.16015086704143036,1.4658572207674503,-20.000000000000007
-0.14969871320520375,1.4376750065870232,-20.000000000000007
-0.16015086704143033,1.4658572207674505,-20.000000000000007
-0.17548244831557921,1.566996165209496,-20.000000000000007
-0.18067109244884727,1.559441333785131,-20.000000000000007
-0.18888897604606417,1.5748627885679038,-20.000000000000007
-0.19254888845149612,1.6080217107239951,-20.000000000000007
-0.21248743473298976,1.8569242044846717,-20.000000000000007
-0.2120497385941779,1.8497531531648241,-20.000000000000007
-0.21973920250494977,1.937701139422241,-20.000000000000007
-0.220833422543817,1.9385877750768732,-20.000000000000007
-0.2290706721347102,1.9266742771147654,-20.000000000000007
-0.24134438996361934,1.860874283923922,-20.000000000000007
-0.22990250993500239,1.9220397278085484,-20.000000000000007
-0.24990590710019292,1.7348956163668054,-20.000000000000007
-0.2278955192270484,1.9226731670986725,-20.000000000000007
-0.24800951600960278,1.779619769824212,-20.000000000000007
-0.22712916904445493,1.9236157752965164,-20.000000000000007
-0.23076257978529685,1.909452909820794,-20.000000000000007
-0.22905988580352987,1.9214814563051459,-20.000000000000007
-0.21067973247462143,1.8286101517840252,-20.000000000000007
-0.20437906386028282,1.746916092709036,-20.000000000000007
-0.17950911580190798,1.5810607140359072,-20.000000000000007
-0.20437906386028284,1.7469160927090361,-20.000000000000007
-0.22690136358073162,1.9260730098016332,-20.000000000000007
-0.2819252686870596,1.5318721242677227,-20.000000000000007
-0.34582232331778395,1.4962023832065965,-20.000000000000007
-0.3717075913486139,1.4969336114263279,-20.000000000000007
-0.4119258838507432,1.4973456357072448,-20.000000000000007
-0.42612948908586623,1.4203826969762021,-20.000000000000007
-0.40387054282155316,1.4935518777175183,-20.000000000000007
-0.3938858522112767,1.5018424445147063,-20.000000000000007
-0.3760585319369363,1.4944931331202103,-20.000000000000007
-0.362151981530775,1.4978095329433552,-20.000000000000007
-0.38341263610284354,1.5018811984671816,-20.000000000000007
-0.3878794160527221,1.5001830774201719,-20.000000000000007
-0.38794801884506014,1.4997842224412041,-20.000000000000007
-0.37091029038920276,1.495431840385245,-20.000000000000007
-0.3460897794256466,1.4960414552036363,-20.000000000000007
-0.3172859290804434,1.4971946047736842,-20.000000000000007
-0.28517378958035433,1.535504724456564,-20.000000000000007
-0.26404433515631154,1.7598858800564576,-20.000000000000007
-0.2369819509587088,1.91396492739013,-20.000000000000007
-0.2185133510658332,1.936339667920196,-20.000000000000007
-0.18837473412143407,1.573377960684116,-20.000000000000007
-0.1822603459450228,1.575240624019803,-20.000000000000007
-0.17933485877093763,1.5832655028315092,-20.000000000000007
-0.18067000068203443,1.5594198148107745,-20.000000000000007
-0.18250173051842536,1.5731434678747531,-20.000000000000007
-0.1822603459450228,1.575240624019803,-20.000000000000007
-0.19303815211615682,1.6120202560143864,-20.000000000000007
-0.2033658739744314,1.7364901842809184,-20.000000000000007
-0.21204973859417786,1.849753153164824,-20.000000000000007
-0.21973920250494972,1.9377011394222408,-20.000000000000007
-0.2194162957036321,1.934944495264261,-20.000000000000007
-0.22611557156566003,1.9301601326404512,-20.000000000000007
-0.2270638623481137,1.9284685443398901,-20.000000000000007
-0.2306888470536469,1.914346953530517,-20.000000000000007
-0.22971894604685542,1.9257870108468973,-20.000000000000007
-0.24745070868356128,1.7898376471194521,-20.000000000000007
-0.23452608175534848,1.9293173658082714,-20.000000000000007
-0.2507966041289214,1.7136896143291822,-20.000000000000007
-0.2394633775783383,1.8815281933709023,-20.000000000000007
-0.2523009722355093,1.734357697750076,-20.000000000000007
-0.24444683310721677,1.8145508910196502,-20.000000000000007
-0.22747948179221972,1.9178329122632696,-20.000000000000007
-0.21173096932913646,1.8478864443445637,-20.000000000000007
-0.18226034594502277,1.5752406240198031,-20.000000000000007
-0.18888897604606414,1.574862788567904,-20.000000000000007
-0.19415420216241916,1.6248355056872366,-20.000000000000007
-0.24839724581557182,1.7826858814747113,-20.000000000000007
-0.2957948323341103,1.5900668575557129,-20.000000000000007
-0.3241109630698314,1.501448363146835,-20.000000000000007
-0.3681252214211197,1.4987912936749503,-20.000000000000007
-0.3880122175930447,1.5015388709951525,-20.000000000000007
-0.3810871659787735,1.4994962202794468,-20.000000000000007
-0.3816021599877681,1.4981758151567746,-20.000000000000007
-0.3637970986941996,1.5012352180135151,-20.000000000000007
-0.36297800915604483,1.5017442382084982,-20.000000000000007
-0.3816017130782222,1.4986873050975278,-20.000000000000007
-0.3846855680686735,1.4996895146070672,-20.000000000000007
-0.3890531336769417,1.4992779213477554,-20.000000000000007
-0.36484149575960445,1.5028558613886231,-20.000000000000007
-0.3395520208123278,1.4988160691901018,-20.000000000000007
-0.30399121533857343,1.5121795265068445,-20.000000000000007
-0.2756214142256763,1.5963199221849158,-20.000000000000007
-0.24937635750008266,1.7544027737039827,-20.000000000000007
-0.22044999117975678,1.9343008877035892,-20.000000000000007
-0.18942453257317313,1.5791548760255545,-20.000000000000007
-0.17917386072802036,1.5901780441278879,-20.000000000000007
-0.17716407672167844,1.5760687284044748,-20.000000000000007
-0.14975414285615307,1.4356134548649337,-20.000000000000007
-0.17359964367809982,1.555262154034674,-20.000000000000007
-0.17917386072802038,1.5901780441278879,-20.000000000000007
-0.17917386072802036,1.5901780441278879,-20.000000000000007
-0.1894245325731731,1.5791548760255547,-20.000000000000007
-0.18837473412143405,1.5733779606841163,-20.000000000000007
-0.21248743473298976,1.8569242044846714,-20.000000000000007
-0.21248743473298976,1.8569242044846717,-20.000000000000007
-0.21965703425001756,1.93847326178661,-20.000000000000007
-0.2299569879941993,1.9257483738802672,-20.000000000000007
-0.22140461161028013,1.9284170608693036,-20.000000000000007
-0.2442179267786238,1.8280148344953953,-20.000000000000007
-0.2294331672454811,1.9227050061108057,-20.000000000000007
-0.2624635873684277,1.7641144968989235,-20.000000000000007
-0.23604703808890742,1.917608092557952,-20.000000000000007
-0.25591850706223956,1.7650215225375847,-20.000000000000007
-0.2434565320476105,1.8310137004212268,-20.000000000000007
-0.235504275510917,1.9188905410913628,-20.000000000000007
-0.2474182956865548,1.7916377967460435,-20.000000000000007
-0.21295636326596953,1.85535961505459,-20.000000000000007
-0.2062195057358958,1.7693061823890073,-20.000000000000007
-0.18067000068203443,1.5594198148107747,-20.000000000000007
-0.19431423230206796,1.6246198918783432,-20.000000000000007
-0.2319241103675097,1.9094552988336222,-20.000000000000007
-0.28282190184040923,1.5372665680078783,-20.000000000000007
-0.34146001146560145,1.4985061820670835,-20.000000000000007
-0.36546185306437307,1.5024794676919524,-20.000000000000007
-0.4044607691169124,1.4947754180251849,-20.000000000000007
-0.4181745508969387,1.5073492316550123,-20.000000000000007
-0.4035848310858544,1.4952416525702596,-20.000000000000007
-0.4031714050532644,1.4968400888347173,-20.000000000000007
-0.3818876831012542,1.4986070422394628,-20.000000000000007
-0.37732652628987595,1.4977596221932836,-20.000000000000007
-0.394332218278305,1.499873174491488,-20.000000000000007
-0.39701044554888143,1.498170482368053,-20.000000000000007
-0.39921151061008425,1.4959322211521418,-20.000000000000007
-0.3778130983919194,1.4971229008114255,-20.000000000000007
-0.3584681585288348,1.5001444837296094,-20.000000000000007
-0.3270099659356647,1.4989680088064143,-20.000000000000007
-0.2952921453964855,1.592977347531367,-20.000000000000007
-0.25686095260316055,1.7647339792099974,-20.000000000000007
-0.21173096932913646,1.8478864443445637,-20.000000000000007
-0.18180598392082675,1.568896711311794,-20.000000000000007
-0.17259283802865877,1.5472393109831908,-20.000000000000007
-0.18040437186688577,1.5611767535850447,-20.000000000000007
-0.17337853243457835,1.5519365666422187,-20.000000000000007
-0.1822603459450228,1.575240624019803,-20.000000000000007
-0.180374903390968,1.5624216849117094,-20.000000000000007
-0.18842511370101275,1.5738540301251946,-20.000000000000007
-0.18837473412143407,1.573377960684116,-20.000000000000007
-0.18911923876494982,1.5756732257028958,-20.000000000000007
-0.18888897604606417,1.5748627885679038,-20.000000000000007
-0.1894245325731731,1.5791548760255545,-20.000000000000007
-0.2011724582994196,1.705762081239453,-20.000000000000007
-0.19885325672563559,1.6783739635447605,-20.000000000000007
-0.21293270721359384,1.855155187607469,-20.000000000000007
-0.20621950573589576,1.7693061823890075,-20.000000000000007
-0.21922162412794233,1.9329791594168277,-20.000000000000007
-0.2062195057358958,1.7693061823890073,-20.000000000000007
-0.21249249546208399,1.8480238795029051,-20.000000000000007
-0.20438912631107456,1.7467571198479008,-20.000000000000007
-0.20139347992708181,1.7055505241438345,-20.000000000000007
-0.19316194813994036,1.6117989308347909,-20.000000000000007
-0.18942453257317315,1.5791548760255547,-20.000000000000007
-0.1888693859802468,1.5715946146796025,-20.000000000000007
-0.17506089947291542,1.570818104861102,-20.000000000000007
-0.179509115801908,1.5810607140359072,-20.000000000000007
-0.18226034594502277,1.5752406240198034,-20.000000000000007
-0.19303815211615682,1.6120202560143864,-20.000000000000007
-0.24451821561584366,1.8284025365562286,-20.000000000000007
-0.28697500443684704,1.5495357993911463,-20.000000000000007
-0.31796676303693766,1.4970899085288836,-20.000000000000007
-0.36202069735136394,1.4973115523594611,-20.000000000000007
-0.38455481050428425,1.5003939227014023,-20.000000000000007
-0.37698755118303884,1.4924424342599363,-20.000000000000007
-0.3815377947128517,1.4984810124318346,-20.000000000000007
-0.3661657255263929,1.5015175534852707,-20.000000000000007
-0.3717758777885207,1.496171821808318,-20.000000000000007
-0.39652069364350256,1.4987769353847873,-20.000000000000007
-0.4112387440798386,1.4972295798626283,-20.000000000000007
-0.4157939336057512,1.510023175716374,-20.000000000000007
-0.4112722436447683,1.4967986655448413,-20.000000000000007
-0.3979316927474921,1.4964338925759118,-20.000000000000007
-0.3770342549852157,1.4928029165439,-20.000000000000007
-0.3532676085809935,1.5005698648643968,-20.000000000000007
-0.3195893028054745,1.4995668775896143,-20.000000000000007
-0.2801168150266809,1.508126153081086,-20.000000000000007
-0.2298463649818323,1.9193688661135158,-20.000000000000007
-0.18837473412143407,1.573377960684116,-20.000000000000007
-0.16226514651890211,1.4799780943445655,-20.000000000000007
-0.16270023080057264,1.4821412217524914,-20.000000000000007
-0.1735996436780998,1.5552621540346743,-20.000000000000007
-0.1822603459450228,1.5752406240198031,-20.000000000000007
-0.18885818653230285,1.5776548930151266,-20.000000000000007
-0.20404430865962883,1.7471900021231153,-20.000000000000007
-0.21851335106583322,1.9363396679201959,-20.000000000000007
-0.22088539733767876,1.9311452890383747,-20.000000000000007
-0.23090645405062976,1.911544970233989,-20.000000000000007
-0.23099871432503813,1.9110800623980295,-20.000000000000007
-0.2342595466437729,1.9298998664915572,-20.000000000000007
-0.234408232611389,1.9331740021179944,-20.000000000000007
-0.23556987769914495,1.9212624066306714,-20.000000000000007
-0.23534366952926056,1.9222815660447605,-20.000000000000007
-0.2474947955921724,1.7990400987821107,-20.000000000000007
-0.23893642989249303,1.890735411420831,-20.000000000000007
-0.2502845554208488,1.7235141714337492,-20.000000000000007
-0.24325855430307525,1.8358089461398999,-20.000000000000007
-0.250352992823512,1.7233371551948806,-20.000000000000007
-0.24342720745096197,1.8363343133844166,-20.000000000000007
-0.23121410191605712,1.9072050371040186,-20.000000000000007
-0.21896327629267134,1.929728595401465,-20.000000000000007
-0.18837473412143407,1.5733779606841163,-20.000000000000007
-0.21295636326596956,1.85535961505459,-20.000000000000007
-0.2337975762396276,1.9272595965616262,-20.000000000000007
-0.2862183638629078,1.566104825853512,-20.000000000000007
-0.34708806918753266,1.4976886728086782,-20.000000000000007
-0.3699102698755452,1.5007572535806664,-20.000000000000007
-0.4093708654543577,1.5006987785838066,-20.000000000000007
-0.41860604053637784,1.5090667754291567,-20.000000000000007
-0.4007939473222359,1.493837326925735,-20.000000000000007
-0.39793169274749207,1.496433892575912,-20.000000000000007
-0.3700087145540455,1.5003597938702709,-20.000000000000007
-0.36759062051490266,1.5016324262277538,-20.000000000000007
-0.38330094920270913,1.503000426195462,-20.000000000000007
-0.39043347076993684,1.50174449719603,-20.000000000000007
-0.393830119140134,1.5005027472288621,-20.000000000000007
-0.3770342549852157,1.4928029165439,-20.000000000000007
-0.36075104722357626,1.4999714155790793,-20.000000000000007
-0.3317485840637598,1.4981221782860996,-20.000000000000007
-0.3036876705830253,1.5157237842560334,-20.000000000000007
-0.2809742554410886,1.5097022042812975,-20.000000000000007
-0.24756984838687413,1.7967833322649394,-20.000000000000007
-0.22779621270262712,1.9225032640540314,-20.000000000000007
-0.1891192387649498,1.5756732257028956,-20.000000000000007
-0.18226034594502277,1.575240624019803,-20.000000000000007
-0.17825534106184443,1.5837285229747722,-20.000000000000007
-0.17933485877093763,1.5832655028315092,-20.000000000000007
-0.17548244831557921,1.5669961652094955,-20.000000000000007
-0.1822603459450228,1.575240624019803,-20.000000000000007
-0.2040443086596288,1.7471900021231153,-20.000000000000007
-0.20429629129942256,1.750957634344255,-20.000000000000007
-0.23889206048921907,1.8949852356181967,-20.000000000000007
-0.22984345828266534,1.9266783470048334,-20.000000000000007
-0.2259544067033732,1.9324083385227475,-20.000000000000007
-0.2202822389994352,1.9396231885002952,-20.000000000000007
-0.21248743473298976,1.8569242044846717,-20.000000000000007
-0.2040443086596288,1.7471900021231157,-20.000000000000007
-0.21248743473298976,1.8569242044846717,-20.000000000000007
-0.2196570342500176,1.9384732617866098,-20.000000000000007
-0.21248743473298978,1.8569242044846714,-20.000000000000007
-0.23803140017504001,1.9000304872452123,-20.000000000000007
-0.2259544067033732,1.9324083385227477,-20.000000000000007
-0.23680819581554177,1.9141570200209543,-20.000000000000007
-0.2317380046122724,1.913286973414019,-20.000000000000007
-0.21248743473298978,1.8569242044846717,-20.000000000000007
-0.18942453257317313,1.5791548760255547,-20.000000000000007
-0.1804043718668858,1.561176753585045,-20.000000000000007
-0.1822603459450228,1.575240624019803,-20.000000000000007
-0.1894245325731731,1.5791548760255547,-20.000000000000007
-0.24753611064781528,1.7981305890838024,-20.000000000000007
-0.29495920399092856,1.5913305422685435,-20.000000000000007
-0.321654091908445,1.499237317828331,-20.000000000000007
-0.36812522142111975,1.4987912936749503,-20.000000000000007
-0.38393068173005235,1.4993021176859858,-20.000000000000007
-0.37220316084393146,1.4979103756784244,-20.000000000000007
-0.37116673933005284,1.4941661461111013,-20.000000000000007
-0.3533732139338171,1.500224128014148,-20.000000000000007
-0.35343623770026233,1.500446971267354,-20.000000000000007
-0.37231314202088606,1.496797255561068,-20.000000000000007
-0.3770600217867628,1.4929118620035546,-20.000000000000007
-0.37280275667558005,1.4938429160264972,-20.000000000000007
-0.35466190529364594,1.4996671434888176,-20.000000000000007
-0.32107407076933486,1.5002422758698062,-20.000000000000007
-0.2942232762479987,1.59605247652306,-20.000000000000007
-0.2476500478873066,1.7962154489931232,-20.000000000000007
-0.22595440670337322,1.9324083385227473,-20.000000000000007
-0.18837473412143407,1.573377960684116,-20.000000000000007
-0.17917386072802038,1.5901780441278879,-20.000000000000007
-0.17917386072802038,1.5901780441278877,-20.000000000000007
-0.15098649128259778,1.3992341320455806,-20.000000000000007
-0.15098649128259778,1.3992341320455806,-20.000000000000007
-0.16270023080057264,1.4821412217524914,-20.000000000000007
-0.17716407672167847,1.5760687284044748,-20.000000000000007
-0.18067000068203443,1.5594198148107745,-20.000000000000007
-0.1822603459450228,1.575240624019803,-20.000000000000007
-0.1822603459450228,1.5752406240198027,-20.000000000000007
-0.17917386072802038,1.5901780441278879,-20.000000000000007
-0.18842511370101278,1.5738540301251946,-20.000000000000007
-0.18226034594502277,1.575240624019803,-20.000000000000007
-0.1891192387649498,1.5756732257028958,-20.000000000000007
-0.1894245325731731,1.5791548760255547,-20.000000000000007
-0.18837473412143402,1.573377960684116,-20.000000000000007
-0.19303815211615682,1.6120202560143864,-20.000000000000007
-0.18837473412143407,1.5733779606841163,-20.000000000000007
-0.18888897604606417,1.574862788567904,-20.000000000000007
-0.18837473412143407,1.573377960684116,-20.000000000000007
-0.18842511370101273,1.5738540301251946,-20.000000000000007
-0.18226034594502277,1.575240624019803,-20.000000000000007
-0.18837473412143407,1.573377960684116,-20.000000000000007
-0.18110619219721427,1.5615965088310682,-20.000000000000007
-0.17426758362483646,1.5596310191219986,-20.000000000000007
-0.17917386072802038,1.5901780441278877,-20.000000000000007
-0.18837473412143407,1.573377960684116,-20.000000000000007
-0.2309987143250381,1.9110800623980295,-20.000000000000007
-0.2825609583945268,1.5327591841214576,-20.000000000000007
-0.3393128471398306,1.5000734951267651,-20.000000000000007
-0.36402159597450784,1.5013251645438148,-20.000000000000007
-0.40498465095258324,1.499361264231094,-20.000000000000007
-0.4169791429204954,1.517277560154018,-20.000000000000007
-0.40282169498677467,1.4958521776843416,-20.000000000000007
-0.393830119140134,1.5005027472288623,-20.000000000000007
-0.3717758777885207,1.4961718218083178,-20.000000000000007
-0.36629191271445494,1.500986808570671,-20.000000000000007
-0.3889108058863019,1.4975521983299829,-20.000000000000007
-0.391730897076595,1.5042719444784796,-20.000000000000007
-0.3934830692154727,1.5017039193613193,-20.000000000000007
-0.37709854195185777,1.4937545105790313,-20.000000000000007
-0.3488386352697542,1.5000396638064142,-20.000000000000007
-0.31737766956337243,1.4979907145204343,-20.000000000000007
-0.2807672738371604,1.5036825731342283,-20.000000000000007
-0.24850050817507824,1.7781541308881688,-20.000000000000007
-0.21066988369819167,1.8301398010403205,-20.000000000000007
-0.19303815211615677,1.6120202560143866,-20.000000000000007
-0.18226034594502277,1.575240624019803,-20.000000000000007
-0.18888897604606417,1.574862788567904,-20.000000000000007
-0.18067000068203443,1.5594198148107747,-20.000000000000007
-0.1894245325731731,1.5791548760255547,-20.000000000000007
-0.18226034594502277,1.575240624019803,-20.000000000000007
-0.2040443086596288,1.7471900021231153,-20.000000000000007
-0.18942453257317313,1.5791548760255547,-20.000000000000007
-0.21112736531608323,1.8393954016667315,-20.000000000000007
-0.2067134788146871,1.7807025996374182,-20.000000000000007
-0.21248743473298978,1.8569242044846717,-20.000000000000007
-0.21973920250494972,1.937701139422241,-20.000000000000007
-0.21248743473298978,1.8569242044846717,-20.000000000000007
-0.22171818828939022,1.9373289534703142,-20.000000000000007
-0.21297145694215708,1.8551211557628873,-20.000000000000007
-0.2216364396498337,1.9348203193043672,-20.000000000000007
-0.21898048682672566,1.9298461703898886,-20.000000000000007
-0.22174008971653103,1.9250330291812479,-20.000000000000007
-0.21948619802340802,1.922358562997812,-20.000000000000007
-0.22052344232654955,1.9237271384636405,-20.000000000000007
-0.21130768048311468,1.844232656139606,-20.000000000000007
-0.2086591739645731,1.8219049272644188,-20.000000000000007
-0.182064982787046,1.5720811476233032,-20.000000000000007
-0.17510106245462623,1.566404525262054,-20.000000000000007
-0.179509115801908,1.5810607140359072,-20.000000000000007
-0.18110619219721427,1.5615965088310682,-20.000000000000007
-0.18942453257317315,1.5791548760255547,-20.000000000000007
-0.24451821561584364,1.8284025365562286,-20.000000000000007
-0.28993789859628794,1.5758427781829636,-20.000000000000007
-0.3186544163687774,1.496127932785908,-20.000000000000007
-0.3611001058302093,1.4976115594494714,-20.000000000000007
-0.3819846867991957,1.5008323083278912,-20.000000000000007
-0.37030414226703806,1.499792619202254,-20.000000000000007
-0.3722854509478382,1.4944032144150174,-20.000000000000007
-0.36075104722357626,1.4999714155790793,-20.000000000000007
-0.366165725526393,1.501517553485271,-20.000000000000007
-0.38784585994986814,1.500870240101973,-20.000000000000007
-0.40349486202707235,1.497226312285433,-20.000000000000007
-0.40439236271262846,1.4941969581360022,-20.000000000000007
-0.40197318623218087,1.494323092287781,-20.000000000000007
-0.3845548105042842,1.5003939227014018,-20.000000000000007
-0.36457341492067613,1.5024250952930394,-20.000000000000007
-0.3379808008100581,1.499962403455093,-20.000000000000007
-0.30253045147243823,1.5334268900973882,-20.000000000000007
-0.2568226467947818,1.769172987102204,-20.000000000000007
-0.21248743473298978,1.8569242044846717,-20.000000000000007
-0.18110619219721427,1.5615965088310682,-20.000000000000007
-0.151885716309857,1.402262875380409,-20.000000000000007
-0.14975414285615307,1.435613454864934,-20.000000000000007
-0.16015086704143036,1.4658572207674505,-20.000000000000007
-0.17716407672167844,1.5760687284044745,-20.000000000000007
-0.1822603459450228,1.575240624019803,-20.000000000000007
-0.18842511370101273,1.5738540301251949,-20.000000000000007
-0.1894245325731731,1.5791548760255545,-20.000000000000007
-0.18942453257317315,1.5791548760255547,-20.000000000000007
-0.19303815211615682,1.6120202560143864,-20.000000000000007
-0.20404430865962883,1.7471900021231153,-20.000000000000007
-0.20705829646613283,1.7802697173622037,-20.000000000000007
-0.21922162412794235,1.9329791594168277,-20.000000000000007
-0.2292402388574692,1.9267234306339882,-20.000000000000007
-0.22041728821468373,1.9348175495022777,-20.000000000000007
-0.23230485468548795,1.911299779674403,-20.000000000000007
-0.22002378361213587,1.9319658740432952,-20.000000000000007
-0.221404212855449,1.9288128383647134,-20.000000000000007
-0.22092905039895405,1.938085515847724,-20.000000000000007
-0.21295636326596953,1.85535961505459,-20.000000000000007
-0.22012880248147473,1.9322960553211452,-20.000000000000007
-0.18915002827871116,1.5728811212556728,-20.000000000000007
-0.18220996636544412,1.5747645545787243,-20.000000000000007
-0.17825534106184446,1.5837285229747722,-20.000000000000007
-0.1888693859802468,1.5715946146796025,-20.000000000000007
-0.2310673450614077,1.9069034785636467,-20.000000000000007
-0.28551481210738916,1.5631726242681472,-20.000000000000007
-0.3480910839909704,1.5001622086353645,-20.000000000000007
-0.37128002271169963,1.496556412406858,-20.000000000000007
-0.41192588385074314,1.497345635707245,-20.000000000000007
-0.4216289236429618,1.4576177159381392,-20.000000000000007
-0.4039867371589577,1.492949732508892,-20.000000000000007
-0.40080361842661416,1.4956504271997706,-20.000000000000007
-0.37906736452452794,1.4988826047056754,-20.000000000000007
-0.37095755430674626,1.493752859265967,-20.000000000000007
-0.392306603718163,1.5058819723078263,-20.000000000000007
-0.3999562652552029,1.4947196150412176,-20.000000000000007
-0.4009535469938271,1.4958016266892666,-20.000000000000007
-0.3821124249459931,1.5003696198786285,-20.000000000000007
-0.35795725276414436,1.5004881815881441,-20.000000000000007
-0.32619822989550773,1.500308320419398,-20.000000000000007
-0.29675456765965874,1.5879403257816478,-20.000000000000007
-0.2689145148419332,1.7307917784395808,-20.000000000000007
-0.24338853031189456,1.837601697632469,-20.000000000000007
-0.21973920250494974,1.9377011394222408,-20.000000000000007
-0.18837473412143407,1.573377960684116,-20.000000000000007
-0.18226034594502277,1.575240624019803,-20.000000000000007
-0.17917386072802038,1.5901780441278879,-20.000000000000007
-0.18037490339096798,1.5624216849117096,-20.000000000000007
-0.18226034594502277,1.575240624019803,-20.000000000000007
-0.18837473412143405,1.573377960684116,-20.000000000000007
-0.19254888845149615,1.608021710723995,-20.000000000000007
-0.2040443086596288,1.7471900021231153,-20.000000000000007
-0.20473650305093238,1.7580889424488189,-20.000000000000007
-0.21248743473298978,1.8569242044846717,-20.000000000000007
-0.21354432849926214,1.8745224789689288,-20.000000000000007
-0.21941629570363208,1.934944495264261,-20.000000000000007
-0.2208853973376787,1.9311452890383751,-20.000000000000007
-0.22992079293499199,1.9267144829893357,-20.000000000000007
-0.22903447707550284,1.9276403862238338,-20.000000000000007
-0.24812938511712437,1.7856504139612346,-20.000000000000007
-0.234408232611389,1.9331740021179948,-20.000000000000007
-0.25326889233539673,1.757802427023983,-20.000000000000007
-0.2412992099234868,1.863325709603576,-20.000000000000007
-0.2502845554208489,1.7235141714337492,-20.000000000000007
-0.24352941008181261,1.8371727099357726,-20.000000000000007
-0.2263860616675012,1.9313937377440498,-20.000000000000007
-0.21248743473298976,1.8569242044846717,-20.000000000000007
-0.1804043718668858,1.5611767535850447,-20.000000000000007
-0.18888897604606414,1.5748627885679038,-20.000000000000007
-0.1930381521161568,1.6120202560143864,-20.000000000000007
-0.2495054676988277,1.7506184474221234,-20.000000000000007
-0.3019660543653012,1.536777629580358,-20.000000000000007
-0.33042159087931555,1.4964490045741936,-20.000000000000007
-0.37608473622504207,1.4948554933313285,-20.000000000000007
-0.40009205557216176,1.4947060872234703,-20.000000000000007
-0.387732105581318,1.500030631151856,-20.000000000000007
-0.3878440849189916,1.5002141264935784,-20.000000000000007
-0.3730487426236888,1.493256745104616,-20.000000000000007
-0.37278542991385033,1.4932819519758085,-20.000000000000007
-0.40184289692527797,1.4969712264222717,-20.000000000000007
-0.41218618763824827,1.4972931722711813,-20.000000000000007
-0.41595847215746196,1.519479437367409,-20.000000000000007
-0.40484421471293286,1.4987508846637239,-20.000000000000007
-0.38273721041579667,1.50281978239208,-20.000000000000007
-0.3574837979316732,1.501901791989191,-20.000000000000007
-0.3191183849011486,1.4935553759220404,-20.000000000000007
-0.2935812432453765,1.5962943958935376,-20.000000000000007
-0.2502845554208489,1.7235141714337496,-20.000000000000007
-0.23090645405062973,1.911544970233989,-20.000000000000007
-0.19303815211615682,1.6120202560143864,-20.000000000000007
-0.18226034594502277,1.575240624019803,-20.000000000000007
-0.1811061921972143,1.5615965088310682,-20.000000000000007
-0.17359964367809982,1.5552621540346743,-20.000000000000007
-0.18226034594502277,1.5752406240198031,-20.000000000000007
-0.17933485877093766,1.5832655028315095,-20.000000000000007
-0.18885818653230282,1.5776548930151266,-20.000000000000007
-0.18837473412143407,1.573377960684116,-20.000000000000007
-0.2040443086596288,1.7471900021231155,-20.000000000000007
-0.21276096579532144,1.8568777380279777,-20.000000000000007
-0.21922162412794238,1.9329791594168277,-20.000000000000007
-0.22772843991301128,1.9230621957348464,-20.000000000000007
-0.2203653073121267,1.9351127532832417,-20.000000000000007
-0.23427543873942852,1.9312777803575032,-20.000000000000007
-0.22140461161028013,1.9284170608693036,-20.000000000000007
-0.24891162466595634,1.7668985033956406,-20.000000000000007
-0.2308724109417939,1.9105996704921688,-20.000000000000007
-0.24800862654458086,1.7798463758880032,-20.000000000000007
-0.233695498902016,1.925416740078337,-20.000000000000007
-0.2290706721347102,1.9266742771147654,-20.000000000000007
-0.2335858692674764,1.9295563077585558,-20.000000000000007
-0.20438912631107456,1.7467571198479008,-20.000000000000007
-0.19303815211615682,1.6120202560143864,-20.000000000000007
-0.180374903390968,1.5624216849117094,-20.000000000000007
-0.19316194813994036,1.6117989308347909,-20.000000000000007
-0.23106734506140772,1.906903478563647,-20.000000000000007
-0.2822484057017066,1.5366983250831803,-20.000000000000007
-0.3395800960995625,1.4990394084793448,-20.000000000000007
-0.3614746811198115,1.498609955849195,-20.000000000000007
-0.4033726963750626,1.4970422799726608,-20.000000000000007
-0.4152506264440766,1.5059835772902905,-20.000000000000007
-0.39990585506716175,1.4935404204622795,-20.000000000000007
-0.3982505248541114,1.4964929751767844,-20.000000000000007
-0.3782639129538072,1.496731782282321,-20.000000000000007
-0.3769086071819481,1.4920946990854365,-20.000000000000007
-0.39899262709074995,1.4950660309310901,-20.000000000000007
-0.4035157701413717,1.49851330560857,-20.000000000000007
-0.404202515966418,1.4929299322699732,-20.000000000000007
-0.3874785778315396,1.4996801891830815,-20.000000000000007
-0.3636506440899935,1.502210432621207,-20.000000000000007
-0.3287143984024383,1.4965429505399641,-20.000000000000007
-0.28804813937171764,1.573300546805953,-20.000000000000007
-0.2499059071001929,1.7348956163668057,-20.000000000000007
-0.19315943252724238,1.6118386740500745,-20.000000000000007
-0.18220996636544412,1.5747645545787243,-20.000000000000007
-0.14975415741304388,1.4356391577721637,-20.000000000000007
-0.17716407672167844,1.5760687284044748,-20.000000000000007
-0.17271059248784168,1.547567701554894,-20.000000000000007
-0.18837473412143405,1.5733779606841163,-20.000000000000007
-0.1822603459450228,1.575240624019803,-20.000000000000007
-0.19927599968825094,1.68201699226254,-20.000000000000007
-0.1930381521161568,1.6120202560143866,-20.000000000000007
-0.21248743473298978,1.8569242044846714,-20.000000000000007
-0.21023380688351329,1.8304416245211912,-20.000000000000007
-0.21248743473298978,1.8569242044846717,-20.000000000000007
-0.21827512813214564,1.9327711581825626,-20.000000000000007
-0.21900879081636257,1.9322315181967094,-20.000000000000007
-0.2209292477617999,1.9374414169331244,-20.000000000000007
-0.21922162412794235,1.9329791594168275,-20.000000000000007
-0.22146526432565103,1.9306074444407773,-20.000000000000007
-0.2141045161954746,1.8730889483331912,-20.000000000000007
-0.22097598155507103,1.9364734773868677,-20.000000000000007
-0.2129563632659695,1.8553596150545903,-20.000000000000007
-0.2193538027113204,1.9315978700176233,-20.000000000000007
-0.21297145694215708,1.8551211557628875,-20.000000000000007
-0.2124874347329898,1.856924204484672,-20.000000000000007
-0.20117245829941957,1.7057620812394534,-20.000000000000007
-0.18837473412143407,1.573377960684116,-20.000000000000007
-0.18226034594502277,1.575240624019803,-20.000000000000007
-0.18837473412143407,1.573377960684116,-20.000000000000007
-0.2040443086596288,1.7471900021231155,-20.000000000000007
-0.24894779568029934,1.7654260612210053,-20.000000000000007
-0.2992599492840616,1.563841822766749,-20.000000000000007
-0.32705219333625435,1.5000760491849014,-20.000000000000007
-0.3722956004475374,1.4956377437669928,-20.000000000000007
-0.39257584517669813,1.5040748809190956,-20.000000000000007
-0.3815377947128517,1.4984810124318348,-20.000000000000007
-0.3829985042560061,1.497812852157527,-20.000000000000007
-0.36746442643831195,1.5032213572752289,-20.000000000000007
-0.3717758777885207,1.4961718218083178,-20.000000000000007
-0.3965206936435026,1.4987769353847873,-20.000000000000007
-0.4100935649151762,1.4968339322623074,-20.000000000000007
-0.4144214147978721,1.5038006128554442,-20.000000000000007
-0.40449713093050316,1.4953075635593391,-20.000000000000007
-0.390471886274886,1.501911516596439,-20.000000000000007
-0.36773395243857265,1.5007817677672315,-20.000000000000007
-0.34042738938098427,1.4985512034351298,-20.000000000000007
-0.307576303871034,1.5092767463599177,-20.000000000000007
-0.26456008800822733,1.7622864259984372,-20.000000000000007
-0.22097598155507106,1.9364734773868675,-20.000000000000007
-0.1822603459450228,1.5752406240198031,-20.000000000000007
-0.16175363895024922,1.4767475548411564,-20.000000000000007
-0.16491224342351887,1.4962079272044329,-20.000000000000007
-0.17359964367809982,1.5552621540346743,-20.000000000000007
-0.18885818653230282,1.5776548930151266,-20.000000000000007
-0.1894245325731731,1.5791548760255545,-20.000000000000007
-0.21941629570363208,1.934944495264261,-20.000000000000007
-0.22725815115555778,1.9273187281239843,-20.000000000000007
-0.23193210184063523,1.913614431844647,-20.000000000000007
-0.24352941008181267,1.8371727099357726,-20.000000000000007
-0.24154441301630342,1.8595951610927486,-20.000000000000007
-0.24753253530646155,1.798998389883567,-20.000000000000007
-0.2481371936543226,1.785849213379199,-20.000000000000007
-0.24949591577899324,1.7509205082859358,-20.000000000000007
-0.24949591577899324,1.7509205082859363,-20.000000000000007
-0.25515546662272803,1.7670831900290067,-20.000000000000007
-0.24886318830133228,1.766858937832961,-20.000000000000007
-0.2571346133128012,1.7686331456100712,-20.000000000000007
-0.24808288501394007,1.7878427776636203,-20.000000000000007
-0.25515546662272803,1.7670831900290072,-20.000000000000007
-0.2474947955921724,1.7990400987821111,-20.000000000000007
-0.231962224401849,1.9093801704435067,-20.000000000000007
-0.21315583647109385,1.8589621566368049,-20.000000000000007
-0.18226034594502277,1.575240624019803,-20.000000000000007
-0.21129602756202667,1.834716479141116,-20.000000000000007
-0.23305863453794,1.9193362522791806,-20.000000000000007
-0.285587080344336,1.5632803966587598,-20.000000000000007
-0.3453012425950818,1.4968435665048458,-20.000000000000007
-0.3675906205149026,1.5016324262277536,-20.000000000000007
-0.4049323353715092,1.499354348889428,-20.000000000000007
-0.41895352255374985,1.4979991861952322,-20.000000000000007
-0.40399062664321456,1.4914855510465876,-20.000000000000007
-0.4035848310858544,1.4952416525702596,-20.000000000000007
-0.3828940628533279,1.498990965838089,-20.000000000000007
-0.3844510689371303,1.4982344480076049,-20.000000000000007
-0.4034948620270723,1.4972263122854328,-20.000000000000007
-0.42124619692339876,1.4607128679033792,-20.000000000000007
-0.42118841321524536,1.4603045291113566,-20.000000000000007
-0.42057566533020396,1.469694873352133,-20.000000000000007
-0.4038680853064463,1.4923228234903876,-20.000000000000007
-0.37128002271169963,1.4965564124068578,-20.000000000000007
-0.35085412529080473,1.5002748198738254,-20.000000000000007
-0.307158243402049,1.50958646789031,-20.000000000000007
-0.2807866153310694,1.5114112648091447,-20.000000000000007
-0.24382110599936813,1.822101632374892,-20.000000000000007
-0.21173042344573004,1.8478756848573856,-20.000000000000007
-0.18888897604606417,1.5748627885679038,-20.000000000000007
-0.1822603459450228,1.5752406240198031,-20.000000000000007
-0.18226034594502277,1.575240624019803,-20.000000000000007
-0.18226034594502277,1.575240624019803,-20.000000000000007
-0.1888889760460642,1.574862788567904,-20.000000000000007
-0.18842511370101273,1.5738540301251949,-20.000000000000007
-0.21204973859417786,1.8497531531648241,-20.000000000000007
-0.1891192387649498,1.5756732257028956,-20.000000000000007
-0.21248743473298978,1.8569242044846717,-20.000000000000007
-0.1894245325731731,1.5791548760255547,-20.000000000000007
-0.20429629129942256,1.750957634344255,-20.000000000000007
-0.2040443086596288,1.7471900021231153,-20.000000000000007
-0.2011724582994196,1.7057620812394534,-20.000000000000007
-0.22725815115555775,1.9273187281239843,-20.000000000000007
-0.2120497385941779,1.8497531531648241,-20.000000000000007
-0.2327863050039776,1.9217446600094164,-20.000000000000007
-0.22006030841091515,1.9312845573093957,-20.000000000000007
-0.244226772884211,1.820545100854921,-20.000000000000007
-0.22132548951472808,1.9286160178736897,-20.000000000000007
-0.23649003800490165,1.9114501057498519,-20.000000000000007
-0.2206284611958884,1.9240573197414903,-20.000000000000007
-0.17229944610334846,1.5934882636461813,-20.000000000000007
-0.18885818653230282,1.5776548930151266,-20.000000000000007
-0.17716407672167844,1.5760687284044748,-20.000000000000007
-0.2040443086596288,1.7471900021231153,-20.000000000000007
-0.24755077931477928,1.7988804440720867,-20.000000000000007
-0.29243380847748157,1.5849758108195904,-20.000000000000007
-0.32105824156399676,1.5001330446677097,-20.000000000000007
-0.36383725033583253,1.4973874255393922,-20.000000000000007
-0.3844510689371303,1.4982344480076049,-20.000000000000007
-0.3725595538880242,1.4942038132791202,-20.000000000000007
-0.37759351126786583,1.4931505730589636,-20.000000000000007
-0.36506257759690663,1.5019356875175045,-20.000000000000007
-0.36681554555580764,1.5026960848099822,-20.000000000000007
-0.38921130183428565,1.4997537378964056,-20.000000000000007
-0.401973186232181,1.4943230922877808,-20.000000000000007
-0.393830119140134,1.5005027472288623,-20.000000000000007
-0.382645778183696,1.5024532460070124,-20.000000000000007
-0.34902577999058204,1.5001045733592016,-20.000000000000007
-0.32098138329242143,1.4976903012908855,-20.000000000000007
-0.2802424863224308,1.5048217717977546,-20.000000000000007
-0.2483833636756159,1.7719962250136727,-20.000000000000007
-0.20460674253608638,1.7456863669336564,-20.000000000000007
-0.17950911580190798,1.5810607140359072,-20.000000000000007
-0.16226514651890211,1.479978094344565,-20.000000000000007
-0.14969871320520375,1.437675006587023,-20.000000000000007
-0.15098649128259778,1.3992341320455803,-20.000000000000007
-0.17716407672167847,1.5760687284044748,-20.000000000000007
-0.18885818653230285,1.5776548930151268,-20.000000000000007
-0.2120497385941779,1.8497531531648241,-20.000000000000007
-0.2505240863301698,1.7228946145977089,-20.000000000000007
-0.2502845554208488,1.7235141714337492,-20.000000000000007
-0.2851354307108087,1.5353985649857194,-20.000000000000007
-0.27968509614870407,1.4821026690178438,-20.000000000000007
-0.3036284860990594,1.514112690243511,-20.000000000000007
-0.2939715456893637,1.596787277259077,-20.000000000000007
-0.3027151364848777,1.5330537195647622,-20.000000000000007
-0.30076683906330304,1.5504493503517687,-20.000000000000007
-0.28127643280744324,1.5237124216229059,-20.000000000000007
-0.3037484095024841,1.5141798822576962,-20.000000000000007
-0.2800306833007945,1.515134797379843,-20.000000000000007
-0.302312266586385,1.537208109264627,-20.000000000000007
-0.281990862979474,1.5311414213806551,-20.000000000000007
-0.2879690937648286,1.5702396206583946,-20.000000000000007
-0.2788664205721324,1.5416662315085434,-20.000000000000007
-0.26196372901665393,1.7681328011044384,-20.000000000000007
-0.23427543873942852,1.9312777803575032,-20.000000000000007
-0.19316194813994034,1.6117989308347909,-20.000000000000007
-0.21297145694215708,1.8551211557628875,-20.000000000000007
-0.22074843486607681,1.9388141677702546,-20.000000000000007
-0.27906172702971976,1.5406771997287494,-20.000000000000007
-0.3299616143222451,1.4975260621269808,-20.000000000000007
-0.3589130952261578,1.4988691769512927,-20.000000000000007
-0.4032589917208942,1.496754255871877,-20.000000000000007
-0.416920278103253,1.5156802663242297,-20.000000000000007
-0.40385668524635043,1.4997995334737237,-20.000000000000007
-0.3968854728864127,1.4987018501369647,-20.000000000000007
-0.3792863633942247,1.4985370599556822,-20.000000000000007
-0.37278542991385033,1.4932819519758085,-20.000000000000007
-0.3995687767426967,1.4961216330747285,-20.000000000000007
-0.4028314650650134,1.4975174469120889,-20.000000000000007
-0.40358949007075606,1.4992216185820633,-20.000000000000007
-0.37928770327804306,1.4987050540374733,-20.000000000000007
-0.3507863465874521,1.4985459254181688,-20.000000000000007
-0.316495387051163,1.4967308033201527,-20.000000000000007
-0.2790418615852196,1.4658209857437952,-20.000000000000007
-0.24941685587515777,1.7530031422084709,-20.000000000000007
-0.2111273653160832,1.8393954016667315,-20.000000000000007
-0.19303815211615682,1.6120202560143866,-20.000000000000007
-0.1811061921972143,1.5615965088310686,-20.000000000000007
-0.1883747341214341,1.573377960684116,-20.000000000000007
-0.180374903390968,1.5624216849117096,-20.000000000000007
-0.18837473412143407,1.573377960684116,-20.000000000000007
-0.18837473412143407,1.573377960684116,-20.000000000000007
-0.1891192387649498,1.5756732257028956,-20.000000000000007
-0.19415420216241913,1.6248355056872366,-20.000000000000007
-0.20336587397443143,1.7364901842809184,-20.000000000000007
-0.21354432849926214,1.8745224789689292,-20.000000000000007
-0.21248743473298978,1.8569242044846714,-20.000000000000007
-0.22725815115555775,1.9273187281239845,-20.000000000000007
-0.2272581511555578,1.9273187281239843,-20.000000000000007
-0.2343092326264949,1.9311415577316968,-20.000000000000007
-0.22992079293499196,1.9267144829893357,-20.000000000000007
-0.234408232611389,1.9331740021179948,-20.000000000000007
-0.22765097951254284,1.9241020799037796,-20.000000000000007
-0.229920792934992,1.9267144829893357,-20.000000000000007
-0.22705973696424195,1.930828071785425,-20.000000000000007
-0.22171818828939022,1.9373289534703138,-20.000000000000007
-0.23684107118879072,1.9143939150868263,-20.000000000000007
-0.2277284399130113,1.923062195734846,-20.000000000000007
-0.220147146048528,1.9414399986101936,-20.000000000000007
-0.18888897604606417,1.5748627885679038,-20.000000000000007
-0.18226034594502277,1.5752406240198031,-20.000000000000007
-0.180374903390968,1.5624216849117096,-20.000000000000007
-0.1941542021624192,1.6248355056872368,-20.000000000000007
-0.2443107649096095,1.8291243725315856,-20.000000000000007
-0.28739973909406236,1.5520020262216159,-20.000000000000007
-0.32102380408283115,1.5003498843865928,-20.000000000000007
-0.3678558954156428,1.4996849154379863,-20.000000000000007
-0.38905313367694166,1.4992779213477556,-20.000000000000007
-0.37785993596802386,1.49621992178606,-20.000000000000007
-0.3803373207759316,1.4992666834827812,-20.000000000000007
-0.36229567995016637,1.5003332398893445,-20.000000000000007
-0.3629780091560449,1.5017442382084984,-20.000000000000007
-0.3874323207114573,1.4992984024991411,-20.000000000000007
-0.3926550849621131,1.502394970334235,-20.000000000000007
-0.4035196596256285,1.4970491241462656,-20.000000000000007
-0.3904334707699369,1.50174449719603,-20.000000000000007
-0.3703914015345963,1.497281609869145,-20.000000000000007
-0.35002221777897347,1.5009627737301754,-20.000000000000007
-0.31342804099175475,1.5042993531450157,-20.000000000000007
-0.28260285718799083,1.5369009995485783,-20.000000000000007
-0.2443107649096095,1.8291243725315858,-20.000000000000007
-0.19927599968825094,1.68201699226254,-20.000000000000007
-0.17825534106184446,1.5837285229747724,-20.000000000000007
-0.15188571630985698,1.4022628753804087,-20.000000000000007
-0.14969871320520375,1.4376750065870234,-20.000000000000007
-0.1509864912825978,1.3992341320455806,-20.000000000000007
-0.17694296547815702,1.572743141012019,-20.000000000000007
-0.17917386072802038,1.5901780441278879,-20.000000000000007
-0.1822603459450228,1.575240624019803,-20.000000000000007
-0.18226034594502277,1.5752406240198034,-20.000000000000007
-0.18837473412143402,1.573377960684116,-20.000000000000007
-0.18842511370101273,1.5738540301251949,-20.000000000000007
-0.18837473412143407,1.573377960684116,-20.000000000000007
-0.18837473412143402,1.573377960684116,-20.000000000000007
-0.18837473412143407,1.573377960684116,-20.000000000000007
-0.18888897604606417,1.5748627885679038,-20.000000000000007
-0.18842511370101273,1.5738540301251946,-20.000000000000007
-0.21204973859417786,1.8497531531648241,-20.000000000000007
-0.2011724582994196,1.7057620812394532,-20.000000000000007
-0.2306016887745189,1.9140944014911363,-20.000000000000007
-0.2204431975307916,1.928813683017232,-20.000000000000007
-0.23577615157173537,1.9139808551233317,-20.000000000000007
-0.2271860468460981,1.9204048324940466,-20.000000000000007
-0.21173096932913646,1.8478864443445637,-20.000000000000007
-0.20027416536807688,1.7399762549746094,-20.000000000000007
-0.179509115801908,1.5810607140359074,-20.000000000000007
-0.2043891263110746,1.746757119847901,-20.000000000000007
-0.22943316724548107,1.9227050061108053,-20.000000000000007
-0.2859741591518499,1.5657933033163327,-20.000000000000007
-0.34327876803833857,1.500298362723372,-20.000000000000007
-0.366323043762769,1.5016772222416226,-20.000000000000007
-0.40399062664321467,1.4914855510465874,-20.000000000000007
-0.4131120717914658,1.4988762027907383,-20.000000000000007
-0.393830119140134,1.5005027472288623,-20.000000000000007
-0.3925586871514285,1.50270518897086,-20.000000000000007
-0.3699102698755452,1.5007572535806664,-20.000000000000007
-0.37065988775694003,1.4942784458338607,-20.000000000000007
-0.3847959426391043,1.5008205899447276,-20.000000000000007
-0.39428392982208965,1.49976118753363,-20.000000000000007
-0.393830119140134,1.5005027472288621,-20.000000000000007
-0.3775935112678659,1.4931505730589634,-20.000000000000007
-0.3565896914549084,1.5003986037405086,-20.000000000000007
-0.32201934334253246,1.4960093740194327,-20.000000000000007
-0.295322463598413,1.5931109883083292,-20.000000000000007
-0.26165148767233376,1.7647756256400065,-20.000000000000007
-0.23173455060000442,1.9071977993656832,-20.000000000000007
-0.21088242190780138,1.8406293706371104,-20.000000000000007
-0.17542972117740843,1.570962839026523,-20.000000000000007
-0.17950911580190798,1.5810607140359072,-20.000000000000007
-0.17259283802865874,1.5472393109831906,-20.000000000000007
-0.17259283802865874,1.5472393109831906,-20.000000000000007
-0.17337853243457838,1.5519365666422185,-20.000000000000007
-0.17950911580190804,1.5810607140359076,-20.000000000000007
-0.1822603459450228,1.575240624019803,-20.000000000000007
-0.18885818653230282,1.5776548930151268,-20.000000000000007
-0.18888897604606414,1.574862788567904,-20.000000000000007
-0.19885325672563559,1.6783739635447605,-20.000000000000007
-0.18888897604606414,1.5748627885679038,-20.000000000000007
-0.19312068279867922,1.6118727058946558,-20.000000000000007
-0.18911923876494982,1.5756732257028956,-20.000000000000007
-0.20437906386028287,1.7469160927090361,-20.000000000000007
-0.20622519007179574,1.7691642400984764,-20.000000000000007
-0.21975688847745659,1.9301206503524302,-20.000000000000007
-0.22694016458334337,1.923943932832951,-20.000000000000007
-0.2311631728138493,1.90594059415703,-20.000000000000007
-0.23104894066734633,1.9062717349328506,-20.000000000000007
-0.23716499547778624,1.9034434248714716,-20.000000000000007
-0.23273476470731286,1.911654530187046,-20.000000000000007
-0.22694016458334343,1.923943932832951,-20.000000000000007
-0.22062846119588841,1.9240573197414905,-20.000000000000007
-0.18842511370101275,1.5738540301251946,-20.000000000000007
-0.19303815211615682,1.6120202560143866,-20.000000000000007
-0.19885325672563564,1.6783739635447605,-20.000000000000007
-0.24233012893262865,1.8479407891859196,-20.000000000000007
-0.2845968356926818,1.531919858104518,-20.000000000000007
-0.31539685493954817,1.4945939491003692,-20.000000000000007
-0.35806618629986153,1.5008569340824323,-20.000000000000007
-0.37906836943739153,1.4990086002670187,-20.000000000000007
-0.36795679744678456,1.5020714555773846,-20.000000000000007
-0.36789481547282604,1.5025607226220914,-20.000000000000007
-0.35046812551282425,1.5004214922764278,-20.000000000000007
-0.3483848485229989,1.5009014491926758,-20.000000000000007
-0.3650565125073308,1.500913920168533,-20.000000000000007
-0.37240905373539446,1.4949610047982456,-20.000000000000007
-0.3695135991167471,1.4999510810446022,-20.000000000000007
-0.35048105316914546,1.5003027772612763,-20.000000000000007
-0.32079484427472327,1.4998503233901477,-20.000000000000007
-0.28046137474821714,1.5046881431273893,-20.000000000000007
-0.2495592216826777,1.7407840412999755,-20.000000000000007
-0.21299288806474873,1.8546782983206902,-20.000000000000007
-0.1888693859802468,1.5715946146796025,-20.000000000000007
-0.18245135093884662,1.5726673984336745,-20.000000000000007
-0.17825534106184446,1.5837285229747722,-20.000000000000007
-0.17917386072802038,1.5901780441278879,-20.000000000000007
-0.17259283802865874,1.5472393109831906,-20.000000000000007
-0.17337853243457835,1.5519365666422187,-20.000000000000007
-0.18067000068203443,1.5594198148107747,-20.000000000000007
-0.1822603459450228,1.575240624019803,-20.000000000000007
-0.18885818653230285,1.5776548930151268,-20.000000000000007
-0.1894245325731731,1.5791548760255547,-20.000000000000007
-0.18911923876494985,1.5756732257028956,-20.000000000000007
-0.19303815211615682,1.6120202560143864,-20.000000000000007
-0.20404430865962883,1.7471900021231153,-20.000000000000007
-0.21297145694215705,1.8551211557628875,-20.000000000000007
-0.21922162412794233,1.9329791594168277,-20.000000000000007
-0.23604703808890742,1.9176080925579517,-20.000000000000007
-0.2308944110178645,1.9102555121816274,-20.000000000000007
-0.25363890815984125,1.7630812954293502,-20.000000000000007
-0.244226772884211,1.8205451008549207,-20.000000000000007
-0.25650117917607346,1.7613539883076843,-20.000000000000007
-0.24781892692694568,1.7792916262672178,-20.000000000000007
-0.25362203347405415,1.7571569920026067,-20.000000000000007
-0.24912237621217412,1.7426063882047869,-20.000000000000007
-0.22586189941672344,1.923627805307498,-20.000000000000007
-0.220866684129576,1.9276258294791233,-20.000000000000007
-0.1883243545418553,1.5729018912430375,-20.000000000000007
-0.23129143656838377,1.9072411730885201,-20.000000000000007
-0.2560249731724666,1.765513258458527,-20.000000000000007
-0.31982517038223557,1.4999916232952821,-20.000000000000007
-0.37466213098997087,1.4898822777618956,-20.000000000000007
-0.3995853415746645,1.493695670110097,-20.000000000000007
-0.43555475246750425,1.4045762031157059,-20.000000000000007
-0.44368350493696784,1.4386948882499162,-20.000000000000007
-0.42057566533020385,1.4696948733521324,-20.000000000000007
-0.42057566533020396,1.4696948733521324,-20.000000000000007
-0.38891080588630184,1.4975521983299829,-20.000000000000007
-0.3819846867991957,1.5008323083278912,-20.000000000000007
-0.3749851779013628,1.489764341314634,-20.000000000000007
-0.3706579966283604,1.500759231303636,-20.000000000000007
-0.3547944841427825,1.5002817463187792,-20.000000000000007
-0.324015303003664,1.5007117259872187,-20.000000000000007
-0.29684279401815894,1.5898217193019768,-20.000000000000007
-0.24983746969752976,1.735072632605674,-20.000000000000007
-0.21896327629267134,1.929728595401465,-20.000000000000007
-0.1822603459450228,1.575240624019803,-20.000000000000007
-0.17716407672167844,1.5760687284044745,-20.000000000000007
-0.17235998236359257,1.5450335733037923,-20.000000000000007
-0.17716407672167847,1.5760687284044745,-20.000000000000007
-0.179509115801908,1.5810607140359072,-20.000000000000007
-0.1822603459450228,1.5752406240198031,-20.000000000000007
-0.18837473412143405,1.5733779606841163,-20.000000000000007
-0.1894245325731731,1.5791548760255547,-20.000000000000007
-0.1956903181330773,1.6387809844399341,-20.000000000000007
-0.20404430865962883,1.7471900021231155,-20.000000000000007
-0.21931127683429325,1.934614313986411,-20.000000000000007
-0.20587468808445003,1.7697390646642217,-20.000000000000007
-0.23595500071689002,1.9215763779110162,-20.000000000000007
-0.21898340119425475,1.9294106496791947,-20.000000000000007
-0.2367711454090255,1.9128423119551072,-20.000000000000007
-0.22140461161028013,1.9284170608693036,-20.000000000000007
-0.2277199689722938,1.9244174719367486,-20.000000000000007
-0.22938363417509908,1.9231452996968357,-20.000000000000007
-0.22750269087006333,1.9258898153188775,-20.000000000000007
-0.23303083295599547,1.9188598227086482,-20.000000000000007
-0.2298647693758937,1.9200006097443119,-20.000000000000007
-0.2389707920831772,1.8907242618470605,-20.000000000000007
-0.23220204157502775,1.911265755254309,-20.000000000000007
-0.23452608175534845,1.9293173658082714,-20.000000000000007
-0.20437906386028282,1.7469160927090361,-20.000000000000007
-0.18915002827871114,1.5728811212556728,-20.000000000000007
-0.17933485877093763,1.5832655028315092,-20.000000000000007
-0.18837473412143407,1.5733779606841163,-20.000000000000007
-0.21248743473298976,1.8569242044846717,-20.000000000000007
-0.2537543634101053,1.7681209896518113,-20.000000000000007
-0.30776745121695326,1.5111449464988782,-20.000000000000007
-0.3333970153964414,1.497512173639665,-20.000000000000007
-0.3726769590468132,1.4939637618027053,-20.000000000000007
-0.4003163777798632,1.494779948969245,-20.000000000000007
-0.3925758451766981,1.5040748809190956,-20.000000000000007
-0.40259668204160576,1.4964071082352075,-20.000000000000007
-0.3913156373956483,1.5027686708816335,-20.000000000000007
-0.3887647470475655,1.4972392932328138,-20.000000000000007
-0.40083248415627065,1.4952362705525029,-20.000000000000007
-0.40204743118442715,1.4969517226277593,-20.000000000000007
-0.39005844640025233,1.5024695226242442,-20.000000000000007
-0.3710298520473916,1.493930383446808,-20.000000000000007
-0.34033514227438844,1.4994831542826654,-20.000000000000007
-0.3085853617769224,1.508523244878021,-20.000000000000007
-0.2779629857115387,1.5064299668154149,-20.000000000000007
-0.2361475777249521,1.9207959698853627,-20.000000000000007
-0.18942453257317313,1.5791548760255547,-20.000000000000007
-0.17426758362483646,1.5596310191219989,-20.000000000000007
-0.1377468926182409,1.4138227263361496,-20.000000000000007
-0.13626488909486958,1.477604195252314,-20.000000000000007
-0.1377468926182409,1.4138227263361494,-20.000000000000007
-0.15098649128259778,1.3992341320455806,-20.000000000000007
-0.17933485877093766,1.5832655028315092,-20.000000000000007
-0.18067000068203443,1.5594198148107745,-20.000000000000007
-0.18842511370101275,1.5738540301251949,-20.000000000000007
-0.18888897604606414,1.574862788567904,-20.000000000000007
-0.19071249072710514,1.5909698512377526,-20.000000000000007
-0.2011724582994196,1.7057620812394532,-20.000000000000007
-0.2011724582994196,1.705762081239453,-20.000000000000007
-0.2040443086596288,1.7471900021231155,-20.000000000000007
-0.20587468808445003,1.7697390646642217,-20.000000000000007
-0.21998936254402718,1.9317307240664479,-20.000000000000007
-0.22092905039895402,1.938085515847724,-20.000000000000007
-0.24528069041616826,1.818031955811097,-20.000000000000007
-0.23217204391713633,1.9093987389532423,-20.000000000000007
-0.2547372038032126,1.7565613409799141,-20.000000000000007
-0.24444683310721674,1.81455089101965,-20.000000000000007
-0.25507381806179613,1.7604089623898294,-20.000000000000007
-0.2483882445881166,1.7665614680448694,-20.000000000000007
-0.2271860468460981,1.9204048324940461,-20.000000000000007
-0.22052344232654955,1.9237271384636403,-20.000000000000007
-0.1883243545418553,1.5729018912430373,-20.000000000000007
-0.23124166311434455,1.9066309764578495,-20.000000000000007
-0.2572449058057629,1.7694488291823114,-20.000000000000007
-0.3237334145448997,1.5001465119190285,-20.000000000000007
-0.3816477884971135,1.498900179738704,-20.000000000000007
-0.40351965962562863,1.4970491241462656,-20.000000000000007
-0.43915133849862403,1.4296437168096954,-20.000000000000007
-0.44646377386777625,1.4349963004191766,-20.000000000000007
-0.42935393275174283,1.411530514111162,-20.000000000000007
-0.42935393275174283,1.411530514111162,-20.000000000000007
-0.4045037208479827,1.4967225628077798,-20.000000000000007
-0.4028104046882352,1.4970764647215549,-20.000000000000007
-0.40349097254281546,1.4986904937477374,-20.000000000000007
-0.4100935649151761,1.4968339322623074,-20.000000000000007
-0.3916287455248345,1.5034883926839786,-20.000000000000007
-0.3813849806319468,1.4992378804840945,-20.000000000000007
-0.35156787913604004,1.4989733252109385,-20.000000000000007
-0.31926983138977827,1.4974998865942606,-20.000000000000007
-0.301514915473936,1.5398351126385097,-20.000000000000007
-0.266295105046211,1.76435471404676,-20.000000000000007
-0.25364289037929116,1.7674676440813537,-20.000000000000007
-0.2321525415825807,1.9102495330611602,-20.000000000000007
-0.2129928880647487,1.8546782983206904,-20.000000000000007
-0.18911923876494982,1.5756732257028958,-20.000000000000007
-0.1883747341214341,1.573377960684116,-20.000000000000007
-0.179509115801908,1.5810607140359072,-20.000000000000007
-0.1822603459450228,1.575240624019803,-20.000000000000007
-0.1811061921972143,1.5615965088310682,-20.000000000000007
-0.18888897604606417,1.5748627885679038,-20.000000000000007
-0.20404430865962883,1.7471900021231153,-20.000000000000007
-0.20404430865962883,1.7471900021231155,-20.000000000000007
-0.21248743473298978,1.8569242044846717,-20.000000000000007
-0.20473650305093238,1.7580889424488184,-20.000000000000007
-0.21155502850780183,1.8379045872965154,-20.000000000000007
-0.22140461161028013,1.9284170608693034,-20.000000000000007
-0.2361475777249521,1.9207959698853627,-20.000000000000007
-0.23684107118879077,1.914393915086826,-20.000000000000007
-0.24874625585157883,1.7701760576307424,-20.000000000000007
-0.22963178776772736,1.9255344588075163,-20.000000000000007
-0.2474533007199361,1.7895322353368992,-20.000000000000007
-0.23354486185612477,1.9284049867127204,-20.000000000000007
-0.24894779568029932,1.7654260612210055,-20.000000000000007
-0.2443107649096095,1.8291243725315856,-20.000000000000007
-0.21315583647109382,1.8589621566368049,-20.000000000000007
-0.201385933088988,1.705669753789686,-20.000000000000007
-0.17917386072802038,1.5901780441278877,-20.000000000000007
-0.1894245325731731,1.5791548760255547,-20.000000000000007
-0.22088539733767873,1.931145289038375,-20.000000000000007
-0.26276927440766196,1.76256091626998,-20.000000000000007
-0.3135993511133965,1.5036198554774676,-20.000000000000007
-0.3387473579328269,1.5010446825853583,-20.000000000000007
-0.3777845230202461,1.4963590130733493,-20.000000000000007
-0.40307901337692165,1.4957596939858981,-20.000000000000007
-0.39264623151309447,1.5038421485159432,-20.000000000000007
-0.4034656328300477,1.499104163455638,-20.000000000000007
-0.3874874323203363,1.5005915382145858,-20.000000000000007
-0.3844997412122003,1.4999068163832519,-20.000000000000007
-0.38799517244866527,1.5019714355558071,-20.000000000000007
-0.3828656618502452,1.4990423004844868,-20.000000000000007
-0.3730487426236888,1.4932567451046161,-20.000000000000007
-0.34328215774142545,1.4989299652668797,-20.000000000000007
-0.3128036725479201,1.5016564574410483,-20.000000000000007
-0.26135443540382497,1.766130487910003,-20.000000000000007
-0.2092937314513679,1.8276705962545594,-20.000000000000007
-0.17230075622352387,1.5935140864154091,-20.000000000000007
-0.14956710201563778,1.4817402523538648,-20.000000000000007
-0.15938704384410576,1.488234994167261,-20.000000000000007
-0.1822603459450228,1.5752406240198031,-20.000000000000007
-0.18842511370101273,1.5738540301251949,-20.000000000000007
-0.21248743473298978,1.8569242044846717,-20.000000000000007
-0.21248743473298976,1.8569242044846717,-20.000000000000007
-0.1930381521161568,1.6120202560143864,-20.000000000000007
-0.20587468808445003,1.7697390646642215,-20.000000000000007
-0.18885818653230285,1.5776548930151266,-20.000000000000007
-0.19885325672563559,1.6783739635447605,-20.000000000000007
-0.19303815211615682,1.6120202560143866,-20.000000000000007
-0.21204973859417786,1.8497531531648241,-20.000000000000007
-0.21922162412794233,1.9329791594168273,-20.000000000000007
-0.2290706721347102,1.926674277114765,-20.000000000000007
-0.23469157176883945,1.9263484134105657,-20.000000000000007
-0.24808288501394007,1.78784277766362,-20.000000000000007
-0.24336808301417076,1.8315248182011774,-20.000000000000007
-0.25079660412892135,1.713689614329182,-20.000000000000007
-0.24745070868356128,1.7898376471194526,-20.000000000000007
-0.24390681190370447,1.8264406470756789,-20.000000000000007
-0.253446315295166,1.76251384613054,-20.000000000000007
-0.24415167927822612,1.8228823810574406,-20.000000000000007
-0.25883335490374737,1.776830249232452,-20.000000000000007
-0.2552234907786554,1.76546605164748,-20.000000000000007
-0.25607260058987125,1.765410224663522,-20.000000000000007
-0.25607260058987125,1.765410224663522,-20.000000000000007
-0.25722825343749156,1.7711698024552043,-20.000000000000007
-0.28260871445195557,1.5311553222287395,-20.000000000000007
-0.3155627751367825,1.4953879168490005,-20.000000000000007
-0.3719055753643097,1.4948734172483875,-20.000000000000007
-0.3938557655873873,1.5008508299496464,-20.000000000000007
-0.4317442757356493,1.4046112338548633,-20.000000000000007
-0.44358246009882774,1.439247683223842,-20.000000000000007
-0.4201918607508576,1.4752384581258726,-20.000000000000007
-0.4214195511671927,1.4580390281861677,-20.000000000000007
-0.39982381697942765,1.4954691811433576,-20.000000000000007
-0.3926462315130944,1.5038421485159432,-20.000000000000007
-0.39131563739564823,1.5027686708816337,-20.000000000000007
-0.39002739960644267,1.5014181836080134,-20.000000000000007
-0.36997083544452936,1.5011695986529574,-20.000000000000007
-0.345311521709597,1.4976263437446942,-20.000000000000007
-0.309172295290577,1.5066940584817146,-20.000000000000007
-0.25682402761985557,1.77130664625896,-20.000000000000007
-0.22096168538854577,1.9359203816877502,-20.000000000000007
-0.17825534106184449,1.5837285229747722,-20.000000000000007
-0.1509864912825978,1.3992341320455803,-20.000000000000007
-0.13766089245675406,1.4109848407592602,-20.000000000000007
-0.1509864912825978,1.3992341320455803,-20.000000000000007
-0.1742675836248365,1.5596310191219986,-20.000000000000007
-0.1822603459450228,1.575240624019803,-20.000000000000007
-0.18885818653230285,1.5776548930151266,-20.000000000000007
-0.18942453257317313,1.5791548760255547,-20.000000000000007
-0.21851335106583322,1.936339667920196,-20.000000000000007
-0.21204973859417786,1.849753153164824,-20.000000000000007
-0.2290344770755029,1.9276403862238336,-20.000000000000007
-0.21973920250494977,1.937701139422241,-20.000000000000007
-0.23684107118879072,1.9143939150868259,-20.000000000000007
-0.22903447707550287,1.9276403862238338,-20.000000000000007
-0.2452776421772323,1.8236949821295778,-20.000000000000007
-0.23278630500397762,1.9217446600094166,-20.000000000000007
-0.23600487970838782,1.917412464131956,-20.000000000000007
-0.23551189058443658,1.919305109296039,-20.000000000000007
-0.23305863453794007,1.9193362522791801,-20.000000000000007
-0.23931831692640207,1.8852581027069224,-20.000000000000007
-0.23627546092076898,1.9125746720860466,-20.000000000000007
-0.24551266636413052,1.8100655499018425,-20.000000000000007
-0.23501322128369703,1.922048924073205,-20.000000000000007
-0.2371649954777863,1.9034434248714713,-20.000000000000007
-0.19939141523199574,1.7296016868114208,-20.000000000000007
-0.18157572120194104,1.568086274176802,-20.000000000000007
-0.17548244831557921,1.566996165209496,-20.000000000000007
-0.1888889760460642,1.5748627885679038,-20.000000000000007
-0.22595826031529193,1.9324263488581668,-20.000000000000007
-0.2761574960680847,1.5583051352751105,-20.000000000000007
-0.3213141374485974,1.4999490249297456,-20.000000000000007
-0.34413797932451107,1.4979553148310636,-20.000000000000007
-0.38458176635686564,1.499457906712795,-20.000000000000007
-0.41020899501581176,1.4967812834147158,-20.000000000000007
-0.40386419582218946,1.4937870049526922,-20.000000000000007
-0.4131120717914658,1.4988762027907383,-20.000000000000007
-0.40282169498677467,1.4958521776843416,-20.000000000000007
-0.4034948620270723,1.4972263122854328,-20.000000000000007
-0.4131120717914658,1.498876202790738,-20.000000000000007
-0.4145731417259787,1.504185080648945,-20.000000000000007
-0.40439236271262835,1.4941969581360022,-20.000000000000007
-0.38651570715316164,1.5013573836094483,-20.000000000000007
-0.35841431353192404,1.4995491990150827,-20.000000000000007
-0.3243357852513711,1.4998810098341884,-20.000000000000007
-0.2822484057017066,1.5366983250831803,-20.000000000000007
-0.24368022622945004,1.8225306200715878,-20.000000000000007
-0.18885818653230285,1.5776548930151266,-20.000000000000007
-0.16175363895024922,1.4767475548411568,-20.000000000000007
-0.13766033188648455,1.4110074467856224,-20.000000000000007
-0.13559501490126286,1.4971204706629226,-20.000000000000007
-0.13766089245675403,1.4109848407592602,-20.000000000000007
-0.14975414285615307,1.4356134548649337,-20.000000000000007
-0.17716407672167844,1.5760687284044748,-20.000000000000007
-0.17933485877093766,1.5832655028315092,-20.000000000000007
-0.18837473412143407,1.573377960684116,-20.000000000000007
-0.18842511370101275,1.5738540301251946,-20.000000000000007
-0.1891192387649498,1.5756732257028958,-20.000000000000007
-0.19316194813994036,1.6117989308347909,-20.000000000000007
-0.19316194813994036,1.6117989308347909,-20.000000000000007
-0.20438912631107453,1.7467571198479008,-20.000000000000007
-0.1894245325731731,1.5791548760255547,-20.000000000000007
-0.20463104650007657,1.7506837249301759,-20.000000000000007
-0.20138593308898806,1.7056697537896859,-20.000000000000007
-0.22610668672834547,1.930221608735599,-20.000000000000007
-0.2129563632659695,1.85535961505459,-20.000000000000007
-0.2319241103675097,1.9094552988336222,-20.000000000000007
-0.2203670254151623,1.9358645650587782,-20.000000000000007
-0.23215254158258072,1.9102495330611604,-20.000000000000007
-0.22752199740143997,1.9203991270763117,-20.000000000000007
-0.21307067820478912,1.8539232065269253,-20.000000000000007
-0.20441558865906206,1.7462347759751364,-20.000000000000007
-0.18220996636544406,1.5747645545787243,-20.000000000000007
-0.2204517092827924,1.9350526994791253,-20.000000000000007
-0.2503836637376047,1.7099445186385251,-20.000000000000007
-0.3094661644252115,1.5055564388929945,-20.000000000000007
-0.370649084724327,1.4943118482691773,-20.000000000000007
-0.39803602113930797,1.4964092269565543,-20.000000000000007
-0.4347931705114798,1.402987296415199,-20.000000000000007
-0.4456204384632224,1.438768155769133,-20.000000000000007
-0.42939979586098076,1.411149387470859,-20.000000000000007
-0.42920269250468757,1.4131236036743449,-20.000000000000007
-0.4119258838507432,1.4973456357072448,-20.000000000000007
-0.40345407134443023,1.4985746155557254,-20.000000000000007
-0.4108950157907192,1.4969671508467854,-20.000000000000007
-0.40414127103253733,1.4918962605912118,-20.000000000000007
-0.4033751538901695,1.498271334199792,-20.000000000000007
-0.3816021599877682,1.4981758151567743,-20.000000000000007
-0.35389640164461894,1.4994122599596655,-20.000000000000007
-0.3252014143043215,1.4995668856626965,-20.000000000000007
-0.28316356370089074,1.5447319037430844,-20.000000000000007
-0.2563746316399771,1.7681466942019595,-20.000000000000007
-0.2203653073121267,1.9351127532832417,-20.000000000000007
-0.19901831809068027,1.6780788633052999,-20.000000000000007
-0.17950911580190798,1.5810607140359072,-20.000000000000007
-0.1742675836248365,1.5596310191219989,-20.000000000000007
-0.16015086704143033,1.4658572207674503,-20.000000000000007
-0.17259283802865877,1.5472393109831906,-20.000000000000007
-0.17917386072802038,1.5901780441278879,-20.000000000000007
-0.18226034594502277,1.575240624019803,-20.000000000000007
-0.18842511370101273,1.5738540301251946,-20.000000000000007
-0.18842511370101273,1.5738540301251944,-20.000000000000007
-0.18842511370101275,1.5738540301251946,-20.000000000000007
-0.1894245325731731,1.5791548760255545,-20.000000000000007
-0.18885818653230285,1.5776548930151266,-20.000000000000007
-0.21297145694215708,1.8551211557628873,-20.000000000000007
-0.20621950573589576,1.7693061823890068,-20.000000000000007
-0.23442985745760378,1.927979284452122,-20.000000000000007
-0.22784574577300917,1.9220629704680015,-20.000000000000007
-0.23372330048396053,1.9258931696488695,-20.000000000000007
-0.22899518854702022,1.9205561705070902,-20.000000000000007
-0.22187224334523903,1.9254177131544246,-20.000000000000007
-0.2296667641422298,1.9196183962526652,-20.000000000000007
-0.23215254158258075,1.9102495330611604,-20.000000000000007
-0.23228871252324332,1.9115086751246577,-20.000000000000007
-0.19641960146766618,1.7029779364700155,-20.000000000000007
-0.18106147927731095,1.566601446293014,-20.000000000000007
-0.1622651465189021,1.479978094344565,-20.000000000000007
-0.18837473412143407,1.5733779606841163,-20.000000000000007
-0.21973920250494974,1.937701139422241,-20.000000000000007
-0.2667565134828852,1.7618320179012812,-20.000000000000007
-0.31982185481477254,1.4974919633951238,-20.000000000000007
-0.3419217827205211,1.4975576865647333,-20.000000000000007
-0.38212134598057657,1.500768866281934,-20.000000000000007
-0.40384786461532224,1.4942430276836018,-20.000000000000007
-0.39656841132662773,1.4982872737051538,-20.000000000000007
-0.40386808530644636,1.4923228234903874,-20.000000000000007
-0.39233269655507325,1.5035430567114143,-20.000000000000007
-0.3922723921003185,1.5034236961002772,-20.000000000000007
-0.41285297096202445,1.4977885338169055,-20.000000000000007
-0.4100935649151761,1.4968339322623074,-20.000000000000007
-0.4003781667125527,1.4931670353552728,-20.000000000000007
-0.36943939218138083,1.501042423735168,-20.000000000000007
-0.3311471161607803,1.4986663027318228,-20.000000000000007
-0.3019369754486786,1.535965416989518,-20.000000000000007
-0.28037748088435255,1.5076961034151128,-20.000000000000007
-0.25682264679478173,1.769172987102204,-20.000000000000007
-0.2322024019230621,1.9100450986577626,-20.000000000000007
-0.20865851890448534,1.821892015879805,-20.000000000000007
-0.17330044017406698,1.5623307958978898,-20.000000000000007
-0.16270023080057258,1.4821412217524914,-20.000000000000007
-0.16226514651890211,1.479978094344565,-20.000000000000007
-0.17716407672167844,1.5760687284044745,-20.000000000000007
-0.18226034594502283,1.575240624019803,-20.000000000000007
-0.18837473412143405,1.5733779606841165,-20.000000000000007
-0.18842511370101273,1.5738540301251949,-20.000000000000007
-0.1822603459450228,1.5752406240198031,-20.000000000000007
-0.1822603459450228,1.575240624019803,-20.000000000000007
-0.18837473412143407,1.573377960684116,-20.000000000000007
-0.18888897604606417,1.5748627885679038,-20.000000000000007
-0.20438912631107453,1.746757119847901,-20.000000000000007
-0.2050813207023781,1.7576560601736042,-20.000000000000007
-0.2301999367835057,1.9212992879400874,-20.000000000000007
-0.22092905039895405,1.9380855158477241,-20.000000000000007
-0.2480419290066092,1.7778196201976209,-20.000000000000007
-0.23123143754839212,1.906367903384428,-20.000000000000007
-0.24989147641239964,1.720316611236751,-20.000000000000007
-0.24331565227769245,1.8314426881179227,-20.000000000000007
-0.24745330071993613,1.789532235336899,-20.000000000000007
-0.24336808301417076,1.8315248182011774,-20.000000000000007
-0.21911557977763282,1.9280293602799903,-20.000000000000007
-0.20704571840264321,1.7804684334386223,-20.000000000000007
-0.18250173051842533,1.573143467874753,-20.000000000000007
-0.2308724109417939,1.9105996704921688,-20.000000000000007
-0.2615399820184875,1.7656502199588053,-20.000000000000007
-0.32111634249783233,1.497493177800502,-20.000000000000007
-0.37701110244529634,1.4927630265779332,-20.000000000000007
-0.396566228897766,1.4978984796426567,-20.000000000000007
-0.42939979586098076,1.411149387470859,-20.000000000000007
-0.44316633213833423,1.4443340720638551,-20.000000000000007
-0.42468873368243437,1.4334749744817021,-20.000000000000007
-0.4254753488766856,1.4320037029681671,-20.000000000000007
-0.4028314650650133,1.4975174469120887,-20.000000000000007
-0.3908391223180555,1.502195826045476,-20.000000000000007
-0.39178566750834487,1.5026478023637517,-20.000000000000007
-0.38421862542486696,1.4997148049535802,-20.000000000000007
-0.369903732791781,1.4991845951371863,-20.000000000000007
-0.3396708702957529,1.499840177326175,-20.000000000000007
-0.3023842193969529,1.533098215522312,-20.000000000000007
-0.2502845554208489,1.7235141714337492,-20.000000000000007
-0.2040443086596288,1.7471900021231153,-20.000000000000007
-0.17716407672167844,1.5760687284044748,-20.000000000000007
-0.13766089245675406,1.4109848407592605,-20.000000000000007
-0.13766089245675406,1.4109848407592605,-20.000000000000007
-0.1497541574130439,1.4356391577721634,-20.000000000000007
-0.17825534106184443,1.5837285229747726,-20.000000000000007
-0.18226034594502277,1.5752406240198031,-20.000000000000007
-0.18888897604606417,1.5748627885679038,-20.000000000000007
-0.18885818653230282,1.5776548930151268,-20.000000000000007
-0.2011724582994196,1.7057620812394532,-20.000000000000007
-0.1988532567256356,1.6783739635447605,-20.000000000000007
-0.21827512813214564,1.9327711581825626,-20.000000000000007
-0.20404430865962883,1.7471900021231155,-20.000000000000007
-0.2208853973376787,1.931145289038375,-20.000000000000007
-0.2129647768889294,1.8565486059439356,-20.000000000000007
-0.22165404893871926,1.934542116797381,-20.000000000000007
-0.22165404893871923,1.9345421167973804,-20.000000000000007
-0.227600147499598,1.9254564404188774,-20.000000000000007
-0.23068884705364692,1.9143469535305173,-20.000000000000007
-0.22938363417509905,1.9231452996968357,-20.000000000000007
-0.23024971023754492,1.921909484570758,-20.000000000000007
-0.22905988580352987,1.9214814563051459,-20.000000000000007
-0.2311815772079107,1.906572337787826,-20.000000000000007
-0.2296667641422298,1.9196183962526654,-20.000000000000007
-0.2337991139411946,1.9254550686946255,-20.000000000000007
-0.21106683276004792,1.8407017377198212,-20.000000000000007
-0.18254761494311053,1.5745835488650148,-20.000000000000007
-0.179509115801908,1.5810607140359072,-20.000000000000007
-0.18942453257317313,1.5791548760255545,-20.000000000000007
-0.22117610000737895,1.9371965699065867,-20.000000000000007
-0.27552963855276336,1.575636613138193,-20.000000000000007
-0.3226873205445931,1.4985047039049078,-20.000000000000007
-0.3448327800125811,1.4971473366729904,-20.000000000000007
-0.3880756697154987,1.4997857322207926,-20.000000000000007
-0.41466782936193425,1.5042940127311448,-20.000000000000007
-0.4108950157907193,1.4969671508467854,-20.000000000000007
-0.4184319913310187,1.5138488833497872,-20.000000000000007
-0.4049846509525832,1.4993612642310938,-20.000000000000007
-0.40420644808156947,1.491714367868617,-20.000000000000007
-0.4135047025906466,1.500366205684525,-20.000000000000007
-0.41510362322704697,1.5058677298664251,-20.000000000000007
-0.40917096847474604,1.50104749700126,-20.000000000000007
-0.3925586871514286,1.5027051889708605,-20.000000000000007
-0.36700177017065816,1.5027388188229143,-20.000000000000007
-0.333545626403719,1.496614603650057,-20.000000000000007
-0.2914781792999133,1.5883460510202574,-20.000000000000007
-0.2485222243917775,1.7659433663415127,-20.000000000000007
-0.18414640105824293,1.5866587783201722,-20.000000000000007
-0.16015086704143036,1.4658572207674505,-20.000000000000007
-0.13766089245675406,1.4109848407592605,-20.000000000000007
-0.13559501490126288,1.4971204706629226,-20.000000000000007
-0.14969871320520373,1.4376750065870232,-20.000000000000007
-0.17359964367809982,1.5552621540346743,-20.000000000000007
-0.1822603459450228,1.575240624019803,-20.000000000000007
-0.18226034594502277,1.575240624019803,-20.000000000000007
-0.19209041430059667,1.6012310609863811,-20.000000000000007
-0.20336587397443143,1.7364901842809188,-20.000000000000007
-0.2040443086596288,1.7471900021231155,-20.000000000000007
-0.21296477688892934,1.8565486059439356,-20.000000000000007
-0.2104660726045838,1.8304689331243629,-20.000000000000007
-0.2122334945163089,1.8448357713475056,-20.000000000000007
-0.21249249546208399,1.8480238795029047,-20.000000000000007
-0.21922162412794233,1.9329791594168275,-20.000000000000007
-0.21898340119425477,1.9294106496791947,-20.000000000000007
-0.23214306894581238,1.914793117210755,-20.000000000000007
-0.22138700232139463,1.9286952633762897,-20.000000000000007
-0.24445825285810688,1.8275298935859101,-20.000000000000007
-0.22943316724548113,1.9227050061108053,-20.000000000000007
-0.24418078890079026,1.8273316210390167,-20.000000000000007
-0.2311771762179048,1.908050239235021,-20.000000000000007
-0.22009438141336607,1.932060905344298,-20.000000000000007
-0.2050687426388885,1.7578547762500234,-20.000000000000007
-0.18837473412143405,1.573377960684116,-20.000000000000007
-0.23298737972703853,1.9187360882047741,-20.000000000000007
-0.26456008800822733,1.762286425998437,-20.000000000000007
-0.32779544108622705,1.4992430344162408,-20.000000000000007
-0.39043347076993695,1.50174449719603,-20.000000000000007
-0.4124320968702427,1.4977414133364297,-20.000000000000007
-0.445750276311551,1.4403693333417005,-20.000000000000007
-0.45629253470261943,1.382302004261081,-20.000000000000007
-0.4345037225937809,1.402881442217881,-20.000000000000007
-0.4341652219181116,1.4020400559390727,-20.000000000000007
-0.4129638871267779,1.4983408592421557,-20.000000000000007
-0.4131120717914658,1.498876202790738,-20.000000000000007
-0.4181251078973187,1.5090662852791998,-20.000000000000007
-0.41786755471232084,1.516833363093462,-20.000000000000007
-0.40513877872790016,1.499768269290838,-20.000000000000007
-0.3807975999812949,1.5002604132910495,-20.000000000000007
-0.34958663660855693,1.4993586098547842,-20.000000000000007
-0.3136079893527562,1.5056791472122837,-20.000000000000007
-0.28254819645281115,1.5335650591429195,-20.000000000000007
-0.2537113277819543,1.7672906278424851,-20.000000000000007
-0.23192411036750973,1.9094552988336222,-20.000000000000007
-0.20704571840264321,1.7804684334386225,-20.000000000000007
-0.18837473412143407,1.5733779606841163,-20.000000000000007
-0.1822603459450228,1.575240624019803,-20.000000000000007
-0.18067000068203443,1.5594198148107745,-20.000000000000007
-0.180374903390968,1.5624216849117096,-20.000000000000007
-0.18842511370101275,1.5738540301251949,-20.000000000000007
-0.18837473412143405,1.573377960684116,-20.000000000000007
-0.1894245325731731,1.5791548760255547,-20.000000000000007
-0.2011724582994196,1.705762081239453,-20.000000000000007
-0.1988532567256356,1.6783739635447605,-20.000000000000007
-0.21046607260458378,1.8304689331243627,-20.000000000000007
-0.20587468808445003,1.7697390646642217,-20.000000000000007
-0.21898340119425475,1.9294106496791947,-20.000000000000007
-0.22611171795374135,1.9301421223050317,-20.000000000000007
-0.2343092326264949,1.9311415577316968,-20.000000000000007
-0.234408232611389,1.9331740021179946,-20.000000000000007
-0.24753611064781525,1.7981305890838026,-20.000000000000007
-0.24233012893262862,1.8479407891859196,-20.000000000000007
-0.24950546769882767,1.7506184474221234,-20.000000000000007
-0.2474947955921724,1.7990400987821107,-20.000000000000007
-0.26455810268226704,1.7629302717530586,-20.000000000000007
-0.2503431653625295,1.7113441501340372,-20.000000000000007
-0.24442914323554268,1.8230806536043342,-20.000000000000007
-0.2257978866590138,1.9278347012512822,-20.000000000000007
-0.18837473412143407,1.573377960684116,-20.000000000000007
-0.21827512813214567,1.9327711581825628,-20.000000000000007
-0.23278630500397757,1.9217446600094166,-20.000000000000007
-0.27908581884652184,1.4629854224262329,-20.000000000000007
-0.32873504933109593,1.4984794875803134,-20.000000000000007
-0.35073966572537546,1.498515429101209,-20.000000000000007
-0.39293323153363224,1.5014024038294662,-20.000000000000007
-0.4146678293619343,1.5042940127311448,-20.000000000000007
-0.40499124087006283,1.5007762634795345,-20.000000000000007
-0.4186176476422514,1.5076136260865662,-20.000000000000007
-0.41285297096202445,1.4977885338169055,-20.000000000000007
-0.42057566533020396,1.4696948733521324,-20.000000000000007
-0.4386662888589025,1.4315071652765863,-20.000000000000007
-0.43111147722815935,1.4062418305917017,-20.000000000000007
-0.42527556562278357,1.432735515849576,-20.000000000000007
-0.3829985042560061,1.497812852157527,-20.000000000000007
-0.3340293696646186,1.4977539382196088,-20.000000000000007
-0.28032299392205723,1.507794639341816,-20.000000000000007
-0.20140419548837765,1.7053290954227358,-20.000000000000007
-0.17917386072802038,1.5901780441278877,-20.000000000000007
-0.17716407672167847,1.5760687284044743,-20.000000000000007
-0.1735996436780998,1.5552621540346743,-20.000000000000007
-0.2130706782047891,1.8539232065269253,-20.000000000000007
-0.21973920250494972,1.937701139422241,-20.000000000000007
-0.2182751281321456,1.9327711581825624,-20.000000000000007
-0.2259544067033732,1.9324083385227473,-20.000000000000007
-0.18250173051842533,1.5731434678747531,-20.000000000000007
-0.20404430865962883,1.7471900021231155,-20.000000000000007
-0.18885818653230285,1.5776548930151268,-20.000000000000007
-0.21204973859417792,1.8497531531648241,-20.000000000000007
-0.21248743473298976,1.8569242044846717,-20.000000000000007
-0.21248743473298976,1.8569242044846717,-20.000000000000007
-0.21248743473298978,1.8569242044846717,-20.000000000000007
-0.227299416496819,1.9272449530641196,-20.000000000000007
-0.22907067213471016,1.9266742771147654,-20.000000000000007
-0.24812420006958286,1.7869332679653114,-20.000000000000007
-0.24431076490960957,1.8291243725315858,-20.000000000000007
-0.23538467694061216,1.9234328870905963,-20.000000000000007
-0.23698195095870883,1.91396492739013,-20.000000000000007
-0.21247740178589644,1.8482623387946076,-20.000000000000007
-0.2422383424720198,1.8471958884712636,-20.000000000000007
-0.22784574577300917,1.922062970468001,-20.000000000000007
-0.24810362819346737,1.7870831725840362,-20.000000000000007
-0.2483694492375584,1.7748582861937368,-20.000000000000007
-0.24741829568655477,1.7916377967460435,-20.000000000000007
-0.24840704630731456,1.772447313002039,-20.000000000000007
-0.26977416761131073,1.72954402659355,-20.000000000000007
-0.30263429432045996,1.5320876941985633,-20.000000000000007
-0.32244825079099393,1.4984415716808117,-20.000000000000007
-0.3227760882455946,1.4991579402902484,-20.000000000000007
-0.27854783151360124,1.4857658922750325,-20.000000000000007
-0.21023380688351326,1.8304416245211914,-20.000000000000007
-0.13559501490126286,1.4971204706629226,-20.000000000000007
-0.1240512949293299,1.5281230603556573,-20.000000000000007
-0.12405129492932987,1.528123060355657,-20.000000000000007
-0.12405129492932988,1.5281230603556573,-20.000000000000007
-0.12540407940220547,1.5225030507157356,-20.000000000000007
-0.1254040794022055,1.5225030507157356,-20.000000000000007
-0.12540407940220547,1.5225030507157353,-20.000000000000007
-0.12540407940220547,1.5225030507157356,-20.000000000000007
-0.12684286767579067,1.5197244813100856,-20.000000000000007
-0.12684286767579067,1.5197244813100856,-20.000000000000007
-0.1296237382480963,1.525556298070263,-20.000000000000007
-0.1296237382480963,1.5255562980702628,-20.000000000000007
-0.1316233486773816,1.5125531912026637,-20.000000000000007
-0.13496593015556185,1.490400499773179,-20.000000000000007
-0.13496593015556188,1.4904004997731792,-20.000000000000007
-0.1352364542451437,1.4956132648969094,-20.000000000000007
-0.13559501490126286,1.4971204706629222,-20.000000000000007
-0.1377468926182409,1.4138227263361498,-20.000000000000007
-0.14969871320520373,1.437675006587023,-20.000000000000007
-0.14975414285615307,1.435613454864934,-20.000000000000007
-0.13774689261824094,1.4138227263361494,-20.000000000000007
-0.13766089245675406,1.4109848407592605,-20.000000000000007
-0.13634314369070832,1.469091816603712,-20.000000000000007
-0.1363431436907083,1.4690918166037124,-20.000000000000007
-0.13559501490126286,1.4971204706629222,-20.000000000000007
-0.13559501490126286,1.4971204706629222,-20.000000000000007
-0.13541503259313709,1.4948226663941324,-20.000000000000007
-0.13541503259313709,1.4948226663941324,-20.000000000000007
-0.13541503259313706,1.4948226663941326,-20.000000000000007
-0.13559501490126286,1.4971204706629222,-20.000000000000007
-0.13559501490126288,1.4971204706629226,-20.000000000000007
-0.13559501490126288,1.4971204706629229,-20.000000000000007
-0.13559501490126288,1.4971204706629224,-20.000000000000007
-0.13559501490126288,1.4971204706629226,-20.000000000000007
-0.13559501490126286,1.4971204706629224,-20.000000000000007
-0.13559501490126286,1.4971204706629226,-20.000000000000007
-0.1362648890948696,1.4776041952523142,-20.000000000000007
-0.13541503259313709,1.4948226663941324,-20.000000000000007
-0.14969871320520375,1.4376750065870232,-20.000000000000007
-0.180374903390968,1.5624216849117094,-20.000000000000007
-0.21827512813214567,1.9327711581825628,-20.000000000000007
-0.24839724581557182,1.782685881474711,-20.000000000000007
-0.24431076490960957,1.8291243725315856,-20.000000000000007
-0.21248743473298976,1.8569242044846717,-20.000000000000007
-0.17259283802865877,1.5472393109831906,-20.000000000000007
-0.13162334867738157,1.512553191202664,-20.000000000000007
-0.1254040794022055,1.5225030507157353,-20.000000000000007
-0.12405129492932987,1.528123060355657,-20.000000000000007
-0.12405129492932987,1.5281230603556573,-20.000000000000007
-0.12405129492932988,1.528123060355657,-20.000000000000007
-0.1254040794022055,1.5225030507157353,-20.000000000000007
-0.12540407940220547,1.5225030507157353,-20.000000000000007
-0.12684286767579067,1.5197244813100856,-20.000000000000007
-0.12942838191366207,1.5266195020865654,-20.000000000000007
-0.1296237382480963,1.525556298070263,-20.000000000000007
-0.1316233486773816,1.512553191202664,-20.000000000000007
-0.1322518888393985,1.5058494988029958,-20.000000000000007
-0.13496593015556188,1.490400499773179,-20.000000000000007
-0.13496593015556185,1.4904004997731792,-20.000000000000007
-0.13496593015556185,1.4904004997731792,-20.000000000000007
-0.134987587169906,1.490284182800638,-20.000000000000007
-0.1352364542451437,1.4956132648969094,-20.000000000000007
-0.13559501490126288,1.4971204706629226,-20.000000000000007
-0.13559501490126286,1.4971204706629224,-20.000000000000007
-0.13559501490126288,1.4971204706629224,-20.000000000000007
-0.1352364542451437,1.4956132648969094,-20.000000000000007
-0.13505647193701795,1.4933154606281194,-20.000000000000007
-0.13500799762049986,1.4901723146345818,-20.000000000000007
-0.13500799762049986,1.4901723146345818,-20.000000000000007
-0.1350079976204999,1.4901723146345818,-20.000000000000007
-0.1352364542451437,1.4956132648969096,-20.000000000000007
-0.13523645424514372,1.4956132648969092,-20.000000000000007
-0.13541503259313709,1.4948226663941324,-20.000000000000007
-0.13523645424514372,1.4956132648969094,-20.000000000000007
-0.1350079976204999,1.4901723146345818,-20.000000000000007
-0.13496593015556185,1.490400499773179,-20.000000000000007
-0.13496593015556188,1.4904004997731795,-20.000000000000007
-0.13225188883939853,1.5058494988029962,-20.000000000000007
-0.1316233486773816,1.5125531912026637,-20.000000000000007
-0.13162334867738157,1.512553191202664,-20.000000000000007
-0.13162334867738157,1.512553191202664,-20.000000000000007
-0.1316233486773816,1.512553191202664,-20.000000000000007
-0.1316233486773816,1.512553191202664,-20.000000000000007
-0.14975414285615307,1.4356134548649337,-20.000000000000007
-0.20506874263888847,1.7578547762500234,-20.000000000000007
-0.27073219016268535,1.7130376665355702,-20.000000000000007
-0.3076137290525032,1.5100234210589019,-20.000000000000007
-0.29909685524382196,1.5672370040285748,-20.000000000000007
-0.2550159657932863,1.766458010046581,-20.000000000000007
-0.18250173051842536,1.5731434678747531,-20.000000000000007
-0.13496593015556185,1.4904004997731792,-20.000000000000007
-0.12405129492932987,1.528123060355657,-20.000000000000007
-0.1240512949293299,1.528123060355657,-20.000000000000007
-0.12405129492932987,1.5281230603556573,-20.000000000000007
-0.1240512949293299,1.5281230603556573,-20.000000000000007
-0.1240512949293299,1.5281230603556573,-20.000000000000007
-0.1254040794022055,1.5225030507157353,-20.000000000000007
-0.12540407940220547,1.5225030507157356,-20.000000000000007
-0.12684286767579067,1.5197244813100856,-20.000000000000007
-0.12942838191366207,1.5266195020865658,-20.000000000000007
-0.12962373824809628,1.525556298070263,-20.000000000000007
-0.1296237382480963,1.5255562980702628,-20.000000000000007
-0.13160506288298884,1.5132325960306732,-20.000000000000007
-0.13162334867738157,1.512553191202664,-20.000000000000007
-0.13162334867738157,1.512553191202664,-20.000000000000007
-0.13434189990028766,1.4942024153350566,-20.000000000000007
-0.13498758716990603,1.490284182800638,-20.000000000000007
-0.13523645424514372,1.4956132648969092,-20.000000000000007
-0.13559501490126286,1.4971204706629224,-20.000000000000007
-0.13559501490126286,1.4971204706629226,-20.000000000000007
-0.13500799762049986,1.4901723146345818,-20.000000000000007
-0.13496593015556185,1.490400499773179,-20.000000000000007
-0.13162334867738157,1.5125531912026635,-20.000000000000007
-0.1316233486773816,1.5125531912026635,-20.000000000000007
-0.13160506288298884,1.5132325960306734,-20.000000000000007
-0.13160506288298884,1.5132325960306732,-20.000000000000007
-0.13162334867738157,1.512553191202664,-20.000000000000007
-0.13162334867738157,1.512553191202664,-20.000000000000007
-0.13162334867738157,1.5125531912026637,-20.000000000000007
-0.1316233486773816,1.5125531912026637,-20.000000000000007
-0.1316233486773816,1.5125531912026637,-20.000000000000007
-0.13162334867738157,1.512553191202664,-20.000000000000007
-0.13160506288298884,1.5132325960306732,-20.000000000000007
-0.13160506288298884,1.5132325960306734,-20.000000000000007
-0.13160506288298884,1.5132325960306732,-20.000000000000007
-0.13162334867738157,1.5125531912026637,-20.000000000000007
-0.13162334867738157,1.512553191202664,-20.000000000000007
-0.1316233486773816,1.5125531912026637,-20.000000000000007
-0.14896232389835787,1.4412504362146568,-20.000000000000007
-0.1822603459450228,1.5752406240198031,-20.000000000000007
-0.22959559270852004,1.9265005679165847,-20.000000000000007
-0.2568330433392154,1.7714910356285514,-20.000000000000007
-0.2489477956802993,1.7654260612210055,-20.000000000000007
-0.2194162957036321,1.9349444952642612,-20.000000000000007
-0.17337853243457835,1.5519365666422185,-20.000000000000007
-0.13162334867738157,1.512553191202664,-20.000000000000007
-0.1254040794022055,1.5225030507157353,-20.000000000000007
-0.12405129492932988,1.5281230603556568,-20.000000000000007
-0.12405129492932987,1.5281230603556568,-20.000000000000007
-0.1240512949293299,1.5281230603556573,-20.000000000000007
-0.1254040794022055,1.5225030507157356,-20.000000000000007
-0.1254040794022055,1.522503050715735,-20.000000000000007
-0.1254040801820389,1.5225047004235046,-20.000000000000007
-0.12684286767579067,1.5197244813100856,-20.000000000000007
-0.12684286767579064,1.5197244813100856,-20.000000000000007
-0.12684286767579067,1.519724481310086,-20.000000000000007
-0.12684286767579067,1.5197244813100856,-20.000000000000007
-0.12849335850247093,1.5247118007304845,-20.000000000000007
-0.12942838191366207,1.5266195020865654,-20.000000000000007
-0.12942838191366207,1.5266195020865654,-20.000000000000007
-0.13160506288298884,1.5132325960306732,-20.000000000000007
-0.13496593015556185,1.490400499773179,-20.000000000000007
-0.13500799762049986,1.4901723146345818,-20.000000000000007
-0.13541503259313706,1.4948226663941326,-20.000000000000007
-0.1352364542451437,1.4956132648969094,-20.000000000000007
-0.13496593015556188,1.490400499773179,-20.000000000000007
-0.13496593015556185,1.4904004997731792,-20.000000000000007
-0.1322518888393985,1.5058494988029958,-20.000000000000007
-0.13225188883939853,1.5058494988029958,-20.000000000000007
-0.1322518888393985,1.5058494988029958,-20.000000000000007
-0.1316233486773816,1.5125531912026635,-20.000000000000007
-0.13162334867738157,1.512553191202664,-20.000000000000007
-0.13162334867738157,1.5125531912026637,-20.000000000000007
-0.1316233486773816,1.5125531912026637,-20.000000000000007
-0.13162334867738157,1.5125531912026637,-20.000000000000007
-0.13162334867738157,1.5125531912026637,-20.000000000000007
-0.13162334867738157,1.512553191202664,-20.000000000000007
-0.1322518888393985,1.5058494988029958,-20.000000000000007
-0.13225188883939853,1.5058494988029958,-20.000000000000007
-0.13225188883939853,1.5058494988029962,-20.000000000000007
-0.13162334867738157,1.5125531912026637,-20.000000000000007
-0.13162334867738157,1.512553191202664,-20.000000000000007
-0.1296237382480963,1.525556298070263,-20.000000000000007
-0.14975414285615307,1.4356134548649337,-20.000000000000007
-0.20620692767240612,1.7695048984654265,-20.000000000000007
-0.2689896652457868,1.7367194218239126,-20.000000000000007
-0.30483653022033674,1.5054126349958048,-20.000000000000007
-0.2938244736195401,1.595558931501971,-20.000000000000007
-0.24976122642209925,1.7254546685575554,-20.000000000000007
-0.1822603459450228,1.575240624019803,-20.000000000000007
-0.13162334867738157,1.5125531912026637,-20.000000000000007
-0.12405129492932987,1.5281230603556573,-20.000000000000007
-0.1240512949293299,1.5281230603556573,-20.000000000000007
-0.12405129492932987,1.528123060355657,-20.000000000000007
-0.12405129492932988,1.528123060355657,-20.000000000000007
-0.1254040794022055,1.5225030507157356,-20.000000000000007
-0.1254040801820389,1.5225047004235046,-20.000000000000007
-0.12684286767579064,1.5197244813100856,-20.000000000000007
-0.12942838191366204,1.5266195020865656,-20.000000000000007
-0.12962373824809628,1.5255562980702628,-20.000000000000007
-0.1296237382480963,1.525556298070263,-20.000000000000007
-0.12942838191366207,1.5266195020865654,-20.000000000000007
-0.12684286767579067,1.5197244813100856,-20.000000000000007
-0.12849335850247093,1.5247118007304845,-20.000000000000007
-0.12962373824809628,1.525556298070263,-20.000000000000007
-0.13162334867738157,1.5125531912026637,-20.000000000000007
-0.13496593015556188,1.4904004997731792,-20.000000000000007
-0.13496593015556185,1.490400499773179,-20.000000000000007
-0.13500799762049986,1.4901723146345816,-20.000000000000007
-0.13496593015556188,1.4904004997731792,-20.000000000000007
-0.13496593015556185,1.4904004997731792,-20.000000000000007
-0.13477851668463556,1.493063189381522,-20.000000000000007
-0.1316233486773816,1.512553191202664,-20.000000000000007
-0.1316233486773816,1.512553191202664,-20.000000000000007
-0.1296237382480963,1.525556298070263,-20.000000000000007
-0.1296237382480963,1.525556298070263,-20.000000000000007
-0.1296237382480963,1.525556298070263,-20.000000000000007
-0.12962373824809628,1.525556298070263,-20.000000000000007
-0.12942838191366207,1.5266195020865654,-20.000000000000007
-0.12942838191366204,1.5266195020865654,-20.000000000000007
-0.12962373824809628,1.5255562980702628,-20.000000000000007
-0.12942838191366204,1.5266195020865654,-20.000000000000007
-0.12962373824809628,1.5255562980702626,-20.000000000000007
-0.12962373824809628,1.5255562980702628,-20.000000000000007
-0.12962373824809628,1.5255562980702626,-20.000000000000007
-0.12962373824809628,1.5255562980702628,-20.000000000000007
-0.1296237382480963,1.525556298070263,-20.000000000000007
-0.12684286767579067,1.5197244813100859,-20.000000000000007
-0.13766089245675406,1.4109848407592602,-20.000000000000007
-0.18837473412143407,1.5733779606841163,-20.000000000000007
-0.2378795448343607,1.902127751689123,-20.000000000000007
-0.26635593286668163,1.7603067244530752,-20.000000000000007
-0.25375436341010527,1.7681209896518113,-20.000000000000007
-0.2208853973376787,1.931145289038375,-20.000000000000007
-0.17426758362483646,1.5596310191219986,-20.000000000000007
-0.1322518888393985,1.5058494988029958,-20.000000000000007
-0.1254040794022055,1.5225030507157356,-20.000000000000007
-0.12405129492932988,1.5281230603556573,-20.000000000000007
-0.12405129492932987,1.5281230603556568,-20.000000000000007
-0.12405129492932988,1.528123060355657,-20.000000000000007
-0.1254040794022055,1.5225030507157356,-20.000000000000007
-0.1254040794022055,1.5225030507157356,-20.000000000000007
-0.1254040801820389,1.5225047004235048,-20.000000000000007
-0.12684286767579064,1.5197244813100856,-20.000000000000007
-0.12942838191366207,1.5266195020865654,-20.000000000000007
-0.1296237382480963,1.5255562980702626,-20.000000000000007
-0.1296237382480963,1.5255562980702628,-20.000000000000007
-0.13160506288298887,1.5132325960306732,-20.000000000000007
-0.13160506288298884,1.5132325960306732,-20.000000000000007
-0.13160506288298884,1.5132325960306734,-20.000000000000007
-0.1316233486773816,1.512553191202664,-20.000000000000007
-0.13496593015556185,1.4904004997731792,-20.000000000000007
-0.1350079976204999,1.4901723146345816,-20.000000000000007
-0.1352364542451437,1.4956132648969092,-20.000000000000007
-0.13523645424514372,1.4956132648969094,-20.000000000000007
-0.13496593015556185,1.490400499773179,-20.000000000000007
-0.13496593015556185,1.4904004997731795,-20.000000000000007
-0.13162334867738157,1.512553191202664,-20.000000000000007
-0.1316233486773816,1.512553191202664,-20.000000000000007
-0.1316233486773816,1.512553191202664,-20.000000000000007
-0.12962373824809628,1.525556298070263,-20.000000000000007
-0.12962373824809628,1.5255562980702628,-20.000000000000007
-0.12962373824809628,1.525556298070263,-20.000000000000007
-0.12942838191366204,1.5266195020865654,-20.000000000000007
-0.12962373824809628,1.5255562980702628,-20.000000000000007
-0.12962373824809628,1.5255562980702628,-20.000000000000007
-0.12962373824809628,1.525556298070263,-20.000000000000007
-0.12962373824809628,1.5255562980702628,-20.000000000000007
-0.12942838191366207,1.5266195020865656,-20.000000000000007
-0.12962373824809628,1.525556298070263,-20.000000000000007
-0.12962373824809625,1.5255562980702628,-20.000000000000007
-0.12942838191366204,1.5266195020865654,-20.000000000000007
-0.1284933585024709,1.5247118007304847,-20.000000000000007
-0.1377468926182409,1.4138227263361496,-20.000000000000007
-0.2129563632659695,1.8553596150545897,-20.000000000000007
-0.28015056852487374,1.5049249248193284,-20.000000000000007
-0.3134569033908726,1.5044050371811046,-20.000000000000007
-0.30458345399411885,1.504572607331342,-20.000000000000007
-0.25506359321069094,1.7663549762515758,-20.000000000000007
-0.18226034594502277,1.575240624019803,-20.000000000000007
-0.13225188883939853,1.5058494988029958,-20.000000000000007
-0.12405129492932987,1.5281230603556573,-20.000000000000007
-0.12405129492932987,1.528123060355657,-20.000000000000007
-0.12405129492932987,1.528123060355657,-20.000000000000007
-0.12405129492932988,1.5281230603556573,-20.000000000000007
-0.1240512949293299,1.528123060355657,-20.000000000000007
-0.12540407940220547,1.5225030507157353,-20.000000000000007
-0.1254040794022055,1.5225030507157353,-20.000000000000007
-0.12540407940220547,1.5225030507157353,-20.000000000000007
-0.12540407940220547,1.5225030507157356,-20.000000000000007
-0.12684286767579064,1.5197244813100856,-20.000000000000007
-0.12684286767579067,1.5197244813100856,-20.000000000000007
-0.12684286767579067,1.519724481310086,-20.000000000000007
-0.1296237382480963,1.525556298070263,-20.000000000000007
-0.12962373824809628,1.525556298070263,-20.000000000000007
-0.13160506288298887,1.5132325960306736,-20.000000000000007
-0.13434189990028766,1.4942024153350568,-20.000000000000007
-0.13496593015556185,1.4904004997731792,-20.000000000000007
-0.13500799762049986,1.4901723146345818,-20.000000000000007
-0.13500799762049986,1.4901723146345818,-20.000000000000007
-0.13496593015556185,1.4904004997731795,-20.000000000000007
-0.13496593015556185,1.490400499773179,-20.000000000000007
-0.13225188883939853,1.5058494988029958,-20.000000000000007
-0.13162334867738157,1.512553191202664,-20.000000000000007
-0.13162334867738157,1.5125531912026637,-20.000000000000007
-0.12962373824809628,1.525556298070263,-20.000000000000007
-0.12962373824809628,1.5255562980702628,-20.000000000000007
-0.12942838191366207,1.5266195020865654,-20.000000000000007
-0.12849335850247093,1.5247118007304847,-20.000000000000007
-0.12942838191366207,1.5266195020865654,-20.000000000000007
-0.12684286767579067,1.5197244813100859,-20.000000000000007
-0.12684286767579064,1.5197244813100859,-20.000000000000007
-0.12684286767579064,1.5197244813100859,-20.000000000000007
-0.12684286767579064,1.5197244813100856,-20.000000000000007
-0.12684286767579067,1.5197244813100856,-20.000000000000007
-0.12684286767579067,1.5197244813100854,-20.000000000000007
-0.12684286767579064,1.5197244813100856,-20.000000000000007
-0.12540407940220547,1.5225030507157353,-20.000000000000007
-0.13634314369070832,1.4690918166037121,-20.000000000000007
-0.18226034594502277,1.575240624019803,-20.000000000000007
-0.234408232611389,1.9331740021179948,-20.000000000000007
-0.26495244430603804,1.7608238424898721,-20.000000000000007
-0.25052408633016987,1.7228946145977089,-20.000000000000007
-0.21973920250494974,1.937701139422241,-20.000000000000007
-0.17337853243457835,1.551936566642219,-20.000000000000007
-0.13162334867738157,1.5125531912026637,-20.000000000000007
-0.12405129492932988,1.528123060355657,-20.000000000000007
-0.1240512949293299,1.5281230603556573,-20.000000000000007
-0.12405129492932987,1.5281230603556573,-20.000000000000007
-0.12405129492932987,1.528123060355657,-20.000000000000007
-0.12405129492932987,1.5281230603556573,-20.000000000000007
-0.12540407940220547,1.5225030507157353,-20.000000000000007
-0.12540407940220547,1.5225030507157356,-20.000000000000007
-0.1254040794022055,1.5225030507157356,-20.000000000000007
-0.1254040794022055,1.522503050715735,-20.000000000000007
-0.12540407940220547,1.5225030507157353,-20.000000000000007
-0.1254040801820389,1.5225047004235046,-20.000000000000007
-0.12684286767579067,1.5197244813100856,-20.000000000000007
-0.1296237382480963,1.525556298070263,-20.000000000000007
-0.13160506288298884,1.5132325960306736,-20.000000000000007
-0.13225188883939853,1.5058494988029958,-20.000000000000007
-0.13523645424514372,1.4956132648969094,-20.000000000000007
-0.13559501490126286,1.4971204706629222,-20.000000000000007
-0.13766089245675406,1.4109848407592605,-20.000000000000007
-0.13766089245675406,1.4109848407592605,-20.000000000000007
-0.13559501490126286,1.4971204706629226,-20.000000000000007
-0.13559501490126286,1.4971204706629226,-20.000000000000007
-0.1352364542451437,1.4956132648969094,-20.000000000000007
-0.13559501490126286,1.4971204706629224,-20.000000000000007
-0.13634314369070832,1.4690918166037121,-20.000000000000007
-0.13634314369070832,1.469091816603712,-20.000000000000007
-0.13766033188648455,1.4110074467856226,-20.000000000000007
-0.1362648890948696,1.4776041952523142,-20.000000000000007
-0.13559501490126286,1.4971204706629226,-20.000000000000007
-0.1352364542451437,1.4956132648969094,-20.000000000000007
-0.13500799762049986,1.4901723146345818,-20.000000000000007
-0.1350079976204999,1.4901723146345818,-20.000000000000007
-0.13496593015556185,1.4904004997731792,-20.000000000000007
-0.1316233486773816,1.5125531912026637,-20.000000000000007
-0.13160506288298887,1.5132325960306732,-20.000000000000007
-0.12962373824809628,1.525556298070263,-20.000000000000007
-0.12962373824809628,1.5255562980702628,-20.000000000000007
-0.12962373824809628,1.5255562980702628,-20.000000000000007
-0.14975414285615304,1.4356134548649337,-20.000000000000007
-0.22165404893871926,1.9345421167973809,-20.000000000000007
-0.293790256217931,1.597344178844185,-20.000000000000007
-0.36082539306677347,1.4982333457053005,-20.000000000000007
-0.3921822865706847,1.502676379015897,-20.000000000000007
-0.41688926776665647,1.5212048853447036,-20.000000000000007
-0.42067281412048907,1.4577043614476057,-20.000000000000007
-0.41089708221935706,1.495363483729814,-20.000000000000007
-0.40923390337267246,1.5005311159953543,-20.000000000000007
-0.39254283723176475,1.502975925118803,-20.000000000000007
-0.3806192558757704,1.4995756018307658,-20.000000000000007
-0.38162637800761495,1.4990922765165395,-20.000000000000007
-0.37102985204739153,1.493930383446808,-20.000000000000007
-0.35806618629986153,1.5008569340824323,-20.000000000000007
-0.3433908167432795,1.499010886563287,-20.000000000000007
-0.32280019773049795,1.4990231003582062,-20.000000000000007
-0.30313309036037966,1.5189052101050358,-20.000000000000007
-0.2790418615852196,1.465820985743795,-20.000000000000007
-0.25493350224142575,1.7718608969257512,-20.000000000000007
-0.234408232611389,1.9331740021179948,-20.000000000000007
-0.21973920250494972,1.9377011394222408,-20.000000000000007
-0.21891940663265871,1.9363504851979805,-20.000000000000007
-0.21851335106583322,1.9363396679201963,-20.000000000000007
-0.2196570342500176,1.9384732617866098,-20.000000000000007
-0.22088539733767873,1.931145289038375,-20.000000000000007
-0.2202822389994352,1.9396231885002952,-20.000000000000007
-0.22725815115555775,1.9273187281239843,-20.000000000000007
-0.23366014502314347,1.9309227346713125,-20.000000000000007
-0.234408232611389,1.9331740021179948,-20.000000000000007
-0.2502845554208488,1.7235141714337492,-20.000000000000007
-0.24451821561584366,1.8284025365562289,-20.000000000000007
-0.2640640657871061,1.7599132362164822,-20.000000000000007
-0.2502845554208488,1.7235141714337494,-20.000000000000007
-0.2670174255404718,1.764751658231838,-20.000000000000007
-0.25654177983930115,1.7706195191653704,-20.000000000000007
-0.2617254469455973,1.7661793459212416,-20.000000000000007
-0.2564328321041169,1.7690949981230637,-20.000000000000007
-0.2554054582827691,1.7680451672476833,-20.000000000000007
-0.2568330433392154,1.7714910356285514,-20.000000000000007
-0.25530866743603187,1.7679087453312383,-20.000000000000007
-0.2626558156609708,1.766253925710282,-20.000000000000007
-0.25683304333921547,1.7714910356285514,-20.000000000000007
-0.26675651348288526,1.7618320179012814,-20.000000000000007
-0.255308667436032,1.7679087453312388,-20.000000000000007
-0.24983746969752976,1.7350726326056742,-20.000000000000007
-0.2194162957036321,1.934944495264261,-20.000000000000007
-0.24352941008181264,1.8371727099357729,-20.000000000000007
-0.24753611064781528,1.7981305890838026,-20.000000000000007
-0.2943932088751053,1.5946848216936949,-20.000000000000007
-0.3224533312007285,1.4985284785857518,-20.000000000000007
-0.3578524914997845,1.5001962788280137,-20.000000000000007
-0.3816123557250916,1.4993669028284402,-20.000000000000007
-0.3845043241525107,1.5005548585703066,-20.000000000000007
-0.4007878754091174,1.494912714325542,-20.000000000000007
-0.3999058550671617,1.4935404204622793,-20.000000000000007
-0.4038148497818602,1.4934947072900853,-20.000000000000007
-0.41593586504604607,1.5115808465942004,-20.000000000000007
-0.4150954204190599,1.5060276255044165,-20.000000000000007
-0.40420644808156936,1.4917143678686169,-20.000000000000007
-0.3891859245595406,1.499774433889721,-20.000000000000007
-0.36780984589372023,1.5001420715068963,-20.000000000000007
-0.34489621860167574,1.497065973385465,-20.000000000000007
-0.31756181987001814,1.4998334669940097,-20.000000000000007
-0.2819252686870595,1.531872124267723,-20.000000000000007
-0.2451996689063063,1.8154730044879912,-20.000000000000007
-0.18915002827871114,1.572881121255673,-20.000000000000007
-0.15188571630985698,1.4022628753804087,-20.000000000000007
-0.13766089245675406,1.4109848407592602,-20.000000000000007
-0.14969871320520375,1.437675006587023,-20.000000000000007
-0.16226514651890211,1.4799780943445653,-20.000000000000007
-0.18067000068203443,1.5594198148107745,-20.000000000000007
-0.1822603459450228,1.5752406240198031,-20.000000000000007
-0.18842511370101275,1.5738540301251949,-20.000000000000007
-0.18837473412143407,1.573377960684116,-20.000000000000007
-0.20404430865962883,1.7471900021231157,-20.000000000000007
-0.19312068279867917,1.611872705894656,-20.000000000000007
-0.21297145694215708,1.8551211557628873,-20.000000000000007
-0.20621950573589576,1.7693061823890075,-20.000000000000007
-0.22138700232139463,1.92869526337629,-20.000000000000007
-0.221404212855449,1.9288128383647136,-20.000000000000007
-0.23215254158258072,1.9102495330611602,-20.000000000000007
-0.235504275510917,1.918890541091363,-20.000000000000007
-0.24804881662550365,1.7764579604747823,-20.000000000000007
-0.2503836637376046,1.7099445186385251,-20.000000000000007
-0.2562229566357804,1.7644807497697315,-20.000000000000007
-0.26894542373519664,1.7353491755139352,-20.000000000000007
-0.2762572881687932,1.609383143088623,-20.000000000000007
-0.2828105754745732,1.5373170997394179,-20.000000000000007
-0.28011681502668095,1.5081261530810859,-20.000000000000007
-0.26523415692589575,1.7639317048100187,-20.000000000000007
-0.2501749801147055,1.7007594263643186,-20.000000000000007
-0.27623757514923714,1.6097422061583706,-20.000000000000007
-0.3008345553149947,1.5489744544843096,-20.000000000000007
-0.36254702592094434,1.5011982983776904,-20.000000000000007
-0.39162874552483445,1.5034883926839786,-20.000000000000007
-0.4215498996764507,1.4562475448094603,-20.000000000000007
-0.4304133658506468,1.4061398927781537,-20.000000000000007
-0.4205055752005417,1.4730210231996899,-20.000000000000007
-0.4296975185912876,1.411282703710759,-20.000000000000007
-0.4194256593864786,1.47186789592986,-20.000000000000007
-0.41834404717474377,1.4876139879048569,-20.000000000000007
-0.42530768631222315,1.431972880241302,-20.000000000000007
-0.41411314982425107,1.5068791278148101,-20.000000000000007
-0.4026793378873949,1.4970072050879017,-20.000000000000007
-0.3793632941903099,1.4987316698222424,-20.000000000000007
-0.3607536463759312,1.498624485103235,-20.000000000000007
-0.33980333899829024,1.4998119785068733,-20.000000000000007
-0.3213750790150859,1.4991573227869188,-20.000000000000007
-0.3066578652994123,1.5118064236641413,-20.000000000000007
-0.27552963855276336,1.575636613138193,-20.000000000000007
-0.25687366382320964,1.7712959687337775,-20.000000000000007
-0.2182751281321456,1.932771158182563,-20.000000000000007
-0.1891192387649498,1.5756732257028958,-20.000000000000007
-0.18885818653230282,1.5776548930151266,-20.000000000000007
-0.17259283802865877,1.5472393109831908,-20.000000000000007
-0.18837473412143405,1.573377960684116,-20.000000000000007
-0.1822603459450228,1.575240624019803,-20.000000000000007
-0.18888897604606414,1.574862788567904,-20.000000000000007
-0.21204973859417786,1.8497531531648241,-20.000000000000007
-0.21941629570363208,1.934944495264261,-20.000000000000007
-0.22088539733767876,1.931145289038375,-20.000000000000007
-0.22595826031529193,1.9324263488581668,-20.000000000000007
-0.22725815115555775,1.9273187281239845,-20.000000000000007
-0.22725815115555775,1.9273187281239843,-20.000000000000007
-0.22725815115555775,1.9273187281239845,-20.000000000000007
-0.2259544067033732,1.9324083385227477,-20.000000000000007
-0.22701847162298072,1.93090184684529,-20.000000000000007
-0.22903447707550284,1.927640386223834,-20.000000000000007
-0.23538467694061213,1.9234328870905961,-20.000000000000007
-0.23680819581554177,1.9141570200209543,-20.000000000000007
-0.24233012893262865,1.8479407891859199,-20.000000000000007
-0.24537540645105818,1.824009921135028,-20.000000000000007
-0.2502845554208488,1.7235141714337494,-20.000000000000007
-0.24338853031189456,1.8376016976324692,-20.000000000000007
-0.2290706721347102,1.9266742771147654,-20.000000000000007
-0.21922162412794233,1.9329791594168275,-20.000000000000007
-0.22100492468319624,1.9329836950429968,-20.000000000000007
-0.25493350224142575,1.7718608969257508,-20.000000000000007
-0.2981143096927402,1.575301091446472,-20.000000000000007
-0.32460680233065553,1.4996181573884462,-20.000000000000007
-0.35830923487535493,1.501335254088039,-20.000000000000007
-0.3791895680634454,1.4987470953657775,-20.000000000000007
-0.38445106893713027,1.4982344480076049,-20.000000000000007
-0.39946948178580466,1.4948545347028923,-20.000000000000007
-0.3927883408203994,1.502394460118095,-20.000000000000007
-0.39990585506716175,1.4935404204622795,-20.000000000000007
-0.4049323353715092,1.4993543488894279,-20.000000000000007
-0.4052959037280489,1.5003820322841657,-20.000000000000007
-0.4029092816544045,1.495766344721501,-20.000000000000007
-0.391992040484768,1.5041966128179332,-20.000000000000007
-0.37879844201786883,1.4987309348648565,-20.000000000000007
-0.3660360573893162,1.502010323015285,-20.000000000000007
-0.35014903248693396,1.502872984308259,-20.000000000000007
-0.32779544108622705,1.4992430344162408,-20.000000000000007
-0.3076137290525032,1.5100234210589016,-20.000000000000007
-0.2808478420363435,1.5108954631139344,-20.000000000000007
-0.262393815930697,1.7673548853530257,-20.000000000000007
-0.24339943407299336,1.835379958443204,-20.000000000000007
-0.21931127683429325,1.934614313986411,-20.000000000000007
-0.1956903181330773,1.6387809844399341,-20.000000000000007
-0.18837473412143407,1.573377960684116,-20.000000000000007
-0.1822603459450228,1.5752406240198031,-20.000000000000007
-0.1822603459450228,1.575240624019803,-20.000000000000007
-0.1822603459450228,1.575240624019803,-20.000000000000007
-0.18842511370101278,1.5738540301251949,-20.000000000000007
-0.18888897604606417,1.574862788567904,-20.000000000000007
-0.2040443086596288,1.7471900021231155,-20.000000000000007
-0.2050813207023781,1.7576560601736044,-20.000000000000007
-0.22001954989640238,1.9312538054830426,-20.000000000000007
-0.21297145694215705,1.8551211557628875,-20.000000000000007
-0.21922162412794233,1.9329791594168277,-20.000000000000007
-0.22041728821468373,1.934817549502278,-20.000000000000007
-0.21896327629267132,1.9297285954014647,-20.000000000000007
-0.23084463756382528,1.9096453155509563,-20.000000000000007
-0.2216536501838881,1.9349378942927906,-20.000000000000007
-0.24336808301417073,1.8315248182011774,-20.000000000000007
-0.22943340762913828,1.9237554963275068,-20.000000000000007
-0.24228414046516566,1.8424421284482944,-20.000000000000007
-0.2274529174160241,1.9252796186882062,-20.000000000000007
-0.18945532208693444,1.576362771578332,-20.000000000000007
-0.2141410409942538,1.872407631599291,-20.000000000000007
-0.23807769362236328,1.8960180128803064,-20.000000000000007
-0.29588018539630906,1.592299549068172,-20.000000000000007
-0.36114180489533265,1.4986204033741193,-20.000000000000007
-0.3913156373956483,1.5027686708816337,-20.000000000000007
-0.42057566533020396,1.4696948733521324,-20.000000000000007
-0.4292026925046877,1.4131236036743449,-20.000000000000007
-0.4168645708965859,1.5163805579080654,-20.000000000000007
-0.42035720850973235,1.4723648662483408,-20.000000000000007
-0.4131120717914658,1.498876202790738,-20.000000000000007
-0.41574987054704593,1.5088454558680917,-20.000000000000007
-0.42118841321524536,1.4603045291113563,-20.000000000000007
-0.41891397875978853,1.4992526409005595,-20.000000000000007
-0.4120042800513369,1.4970736597367587,-20.000000000000007
-0.3978399835553797,1.4965495529829542,-20.000000000000007
-0.37753555385181425,1.4932946148073056,-20.000000000000007
-0.3573031244961633,1.5001394893905033,-20.000000000000007
-0.3334726101237318,1.4968597415024691,-20.000000000000007
-0.30240337139133655,1.534890077614775,-20.000000000000007
-0.25848360902990564,1.7742685871436386,-20.000000000000007
-0.21939372147519295,1.9217736305607285,-20.000000000000007
-0.1717707263110021,1.5990919572095588,-20.000000000000007
-0.14969871320520373,1.437675006587023,-20.000000000000007
-0.14961452095757005,1.4408829749123404,-20.000000000000007
-0.16226514651890211,1.4799780943445653,-20.000000000000007
-0.17917386072802038,1.5901780441278879,-20.000000000000007
-0.18226034594502283,1.575240624019803,-20.000000000000007
-0.1822603459450228,1.5752406240198031,-20.000000000000007
-0.1894245325731731,1.5791548760255547,-20.000000000000007
-0.21276096579532142,1.8568777380279782,-20.000000000000007
-0.20491625933733343,1.757951160413065,-20.000000000000007
-0.22963178776772739,1.9255344588075163,-20.000000000000007
-0.2201245687657412,1.9315839867608926,-20.000000000000007
-0.24342720745096197,1.8363343133844168,-20.000000000000007
-0.23435863085067832,1.9269011950070363,-20.000000000000007
-0.24891462929920594,1.7569423915944675,-20.000000000000007
-0.24876015072881427,1.762382685023747,-20.000000000000007
-0.255063593210691,1.7663549762515758,-20.000000000000007
-0.2627017225058674,1.7647622562865761,-20.000000000000007
-0.2660994400277077,1.7615783679407122,-20.000000000000007
-0.28024248632243076,1.5048217717977546,-20.000000000000007
-0.2802424863224308,1.5048217717977548,-20.000000000000007
-0.28391254215135964,1.549416570949266,-20.000000000000007
-0.2775886576356349,1.5676246431819254,-20.000000000000007
-0.25306093785676187,1.7448217373348838,-20.000000000000007
-0.22779621270262712,1.9225032640540316,-20.000000000000007
-0.23914845731120105,1.8911858233795011,-20.000000000000007
-0.24812938511712435,1.7856504139612348,-20.000000000000007
-0.28691984093655143,1.5494559971188626,-20.000000000000007
-0.3121882215595388,1.5032968341767172,-20.000000000000007
-0.3452562452309321,1.4975007829506433,-20.000000000000007
-0.367430486884858,1.5007066442598864,-20.000000000000007
-0.37249886695746126,1.4948171032456334,-20.000000000000007
-0.38784585994986814,1.500870240101973,-20.000000000000007
-0.38492697961131567,1.5010826406461388,-20.000000000000007
-0.387732105581318,1.5000306311518563,-20.000000000000007
-0.39793169274749207,1.4964338925759118,-20.000000000000007
-0.40351577014137174,1.49851330560857,-20.000000000000007
-0.3938557655873873,1.5008508299496464,-20.000000000000007
-0.39162874552483445,1.5034883926839786,-20.000000000000007
-0.38531567485108065,1.5015842813017624,-20.000000000000007
-0.37466213098997087,1.4898822777618954,-20.000000000000007
-0.3663230437627689,1.5016772222416226,-20.000000000000007
-0.35555957616160333,1.5002401410955128,-20.000000000000007
-0.3264443790798313,1.4988626102192069,-20.000000000000007
-0.31277528566887414,1.5052773691166723,-20.000000000000007
-0.2802424863224308,1.5048217717977548,-20.000000000000007
-0.26415371413938693,1.7596556714021896,-20.000000000000007
-0.24850050817507827,1.7781541308881685,-20.000000000000007
-0.2324663770364199,1.9154094041285457,-20.000000000000007
-0.22959559270852006,1.9265005679165847,-20.000000000000007
-0.22760144644216082,1.9245423734898097,-20.000000000000007
-0.22735754456642124,1.9266740001345566,-20.000000000000007
-0.2290840101458849,1.9272000926378037,-20.000000000000007
-0.23099871432503813,1.9110800623980293,-20.000000000000007
-0.2335858692674764,1.9295563077585558,-20.000000000000007
-0.24352941008181264,1.8371727099357726,-20.000000000000007
-0.24753611064781528,1.7981305890838026,-20.000000000000007
-0.25065855339975707,1.726716250936422,-20.000000000000007
-0.2502845554208489,1.7235141714337494,-20.000000000000007
-0.2568311526330456,1.771784422730203,-20.000000000000007
-0.2535224095574237,1.763370077571991,-20.000000000000007
-0.25666855326715,1.7687842849762672,-20.000000000000007
-0.2547128787837196,1.7675989419475429,-20.000000000000007
-0.2557784679527673,1.7612589185757614,-20.000000000000007
-0.25594077585591557,1.761408324951169,-20.000000000000007
-0.2644335465158401,1.7602609374540503,-20.000000000000007
-0.26168221096523897,1.7653273846136397,-20.000000000000007
-0.25507381806179613,1.7604089623898296,-20.000000000000007
-0.23074417539123543,1.9088211661899979,-20.000000000000007
-0.23130874399674273,1.9068819647396105,-20.000000000000007
-0.24840704630731456,1.7724473130020388,-20.000000000000007
-0.2861467625785085,1.5660632206302456,-20.000000000000007
-0.3509539192436177,1.500043291441637,-20.000000000000007
-0.37051646173336855,1.4960182743078938,-20.000000000000007
-0.4049846509525832,1.499361264231094,-20.000000000000007
-0.42138539881668935,1.4579097880568521,-20.000000000000007
-0.4157939336057511,1.510023175716374,-20.000000000000007
-0.4211219474264712,1.459955625014826,-20.000000000000007
-0.41192588385074325,1.4973456357072448,-20.000000000000007
-0.38996709515168787,1.5012988229968762,-20.000000000000007
-0.38445175791997255,1.49876904215115,-20.000000000000007
-0.36365064408999354,1.502210432621207,-20.000000000000007
-0.33953304865890743,1.4988743411171919,-20.000000000000007
-0.3239968812941811,1.499837384882743,-20.000000000000007
-0.29902509188403986,1.5678429960582045,-20.000000000000007
-0.29866370624879945,1.5712575073414008,-20.000000000000007
-0.2801168150266809,1.508126153081086,-20.000000000000007
-0.28391254215135964,1.549416570949266,-20.000000000000007
-0.27947897934756516,1.5246128245851762,-20.000000000000007
-0.28147985274959597,1.5255570079449206,-20.000000000000007
-0.2802424863224308,1.5048217717977548,-20.000000000000007
-0.279371143037495,1.5257136780778136,-20.000000000000007
-0.2779083968510076,1.5064756013616165,-20.000000000000007
-0.24950546769882764,1.7506184474221236,-20.000000000000007
-0.24950546769882764,1.7506184474221236,-20.000000000000007
-0.22595826031529193,1.9324263488581666,-20.000000000000007
-0.22088539733767873,1.931145289038375,-20.000000000000007
-0.21851335106583322,1.9363396679201959,-20.000000000000007
-0.22992079293499196,1.9267144829893352,-20.000000000000007
-0.23282344288181106,1.9224278734657947,-20.000000000000007
-0.255257808258889,1.7696267741050196,-20.000000000000007
-0.24882742306032143,1.766771405799542,-20.000000000000007
-0.2551619721882241,1.7689750962977149,-20.000000000000007
-0.25272593427915796,1.7476371303680351,-20.000000000000007
-0.2502845554208489,1.7235141714337492,-20.000000000000007
-0.2568022072953923,1.771567341452104,-20.000000000000007
-0.2520857115623823,1.7455739038596287,-20.000000000000007
-0.24895018619471665,1.7662155009686171,-20.000000000000007
-0.24741829568655477,1.7916377967460435,-20.000000000000007
-0.2549620868411279,1.771807764152899,-20.000000000000007
-0.24983746969752973,1.7350726326056742,-20.000000000000007
-0.28005464163610644,1.5197104204676382,-20.000000000000007
-0.25494663073735013,1.7714419525583518,-20.000000000000007
-0.2321686837448253,1.9100406376109058,-20.000000000000007
-0.23105831140587874,1.9119066750835791,-20.000000000000007
-0.2260701808405271,1.9325934351458511,-20.000000000000007
-0.2573676823272988,1.7719506638762563,-20.000000000000007
-0.3023842193969529,1.5330982155223123,-20.000000000000007
-0.32887255403105914,1.498677909972541,-20.000000000000007
-0.36317340896619327,1.4997598452397802,-20.000000000000007
-0.38177253211600304,1.4983942122789868,-20.000000000000007
-0.3820343023369638,1.5014203264087795,-20.000000000000007
-0.39656622889776594,1.4978984796426564,-20.000000000000007
-0.39656622889776605,1.4978984796426564,-20.000000000000007
-0.4028216949867746,1.4958521776843416,-20.000000000000007
-0.4145731417259787,1.5041850806489454,-20.000000000000007
-0.41192588385074314,1.497345635707245,-20.000000000000007
-0.39203092109537657,1.504309044174851,-20.000000000000007
-0.37470925054084914,1.489949036346534,-20.000000000000007
-0.34411196529255483,1.4984933146071409,-20.000000000000007
-0.30927424697752603,1.5058506198337376,-20.000000000000007
-0.28090866114867413,1.510432907168365,-20.000000000000007
-0.23921723231675665,1.8858422373125803,-20.000000000000007
-0.21911557977763285,1.9280293602799903,-20.000000000000007
-0.2321525415825807,1.91024953306116,-20.000000000000007
-0.21103652537830947,1.8268393899515725,-20.000000000000007
-0.24741829568655477,1.7916377967460433,-20.000000000000007
-0.2343092326264949,1.931141557731697,-20.000000000000007
-0.21248743473298978,1.8569242044846714,-20.000000000000007
-0.22765097951254282,1.9241020799037796,-20.000000000000007
-0.18885818653230282,1.577654893015127,-20.000000000000007
-0.1930381521161568,1.6120202560143866,-20.000000000000007
-0.18250173051842533,1.573143467874753,-20.000000000000007
-0.18837473412143407,1.573377960684116,-20.000000000000007
-0.18837473412143407,1.5733779606841163,-20.000000000000007
-0.18842511370101273,1.573854030125195,-20.000000000000007
-0.18842511370101273,1.5738540301251949,-20.000000000000007
-0.1894245325731731,1.5791548760255545,-20.000000000000007
-0.19316194813994034,1.6117989308347909,-20.000000000000007
-0.20621950573589576,1.7693061823890073,-20.000000000000007
-0.21297145694215708,1.855121155762887,-20.000000000000007
-0.22091889527795547,1.9376860594183722,-20.000000000000007
-0.2216540489387192,1.9345421167973806,-20.000000000000007
-0.22165404893871926,1.9345421167973806,-20.000000000000007
-0.2290706721347102,1.9266742771147651,-20.000000000000007
-0.22140461161028016,1.9284170608693036,-20.000000000000007
-0.22704578554908228,1.9295504101736776,-20.000000000000007
-0.21411960987166218,1.8728504890414883,-20.000000000000007
-0.2115701221839894,1.8376661280048125,-20.000000000000007
-0.21898340119425475,1.9294106496791943,-20.000000000000007
-0.24983746969752973,1.735072632605674,-20.000000000000007
-0.2961166170200971,1.591847147614372,-20.000000000000007
-0.3533967372845361,1.5009973120133575,-20.000000000000007
-0.3816477884971135,1.4989001797387043,-20.000000000000007
-0.4104988202429223,1.49625514569567,-20.000000000000007
-0.4168645708965859,1.5163805579080651,-20.000000000000007
-0.4034579608286872,1.4971104340934207,-20.000000000000007
-0.4035196596256286,1.4970491241462653,-20.000000000000007
-0.3911231558521962,1.503709005380313,-20.000000000000007
-0.38188300064553227,1.5001020895040384,-20.000000000000007
-0.38459589986313303,1.5003306358339246,-20.000000000000007
-0.3719055753643096,1.4948734172483877,-20.000000000000007
-0.36108592700262193,1.4989802253468971,-20.000000000000007
-0.34404850572919016,1.4984503036808872,-20.000000000000007
-0.321928539849787,1.4959613270164125,-20.000000000000007
-0.3015762558074406,1.5389990622252376,-20.000000000000007
-0.2796505477078005,1.5205278537775686,-20.000000000000007
-0.2480488166255036,1.7764579604747819,-20.000000000000007
-0.22646905843047488,1.923997372221255,-20.000000000000007
-0.20151001609147665,1.70520820416318,-20.000000000000007
-0.18837473412143407,1.573377960684116,-20.000000000000007
-0.18886938598024683,1.5715946146796025,-20.000000000000007
-0.18842511370101275,1.5738540301251946,-20.000000000000007
-0.19303815211615682,1.6120202560143866,-20.000000000000007
-0.20117245829941957,1.7057620812394532,-20.000000000000007
-0.20404430865962883,1.7471900021231155,-20.000000000000007
-0.2194162957036321,1.934944495264261,-20.000000000000007
-0.21204973859417786,1.8497531531648237,-20.000000000000007
-0.23366014502314347,1.9309227346713125,-20.000000000000007
-0.21965703425001754,1.9384732617866098,-20.000000000000007
-0.24451821561584364,1.8284025365562284,-20.000000000000007
-0.23097115312675073,1.9116541230441981,-20.000000000000007
-0.24813754997321755,1.7864819238655663,-20.000000000000007
-0.24812151419325107,1.7875744627012848,-20.000000000000007
-0.2502845554208488,1.7235141714337492,-20.000000000000007
-0.25522349077865536,1.76546605164748,-20.000000000000007
-0.2561983192929955,1.765653406895029,-20.000000000000007
-0.2665216849367007,1.7638664030218854,-20.000000000000007
-0.2645097652915035,1.7621367753841422,-20.000000000000007
-0.27965054770780057,1.5205278537775686,-20.000000000000007
-0.27872285999479984,1.5410216059235347,-20.000000000000007
-0.2801168150266809,1.5081261530810863,-20.000000000000007
-0.25615404899355426,1.7618598337232063,-20.000000000000007
-0.2491223762121741,1.7426063882047864,-20.000000000000007
-0.2129563632659695,1.85535961505459,-20.000000000000007
-0.24338853031189459,1.837601697632469,-20.000000000000007
-0.24975166384454112,1.7402675372883702,-20.000000000000007
-0.2963502258905384,1.5898740274257863,-20.000000000000007
-0.32245373799353033,1.4985674364106436,-20.000000000000007
-0.35509554727337334,1.4994042229852722,-20.000000000000007
-0.3772505134227332,1.496312551298765,-20.000000000000007
-0.38247717046110696,1.5041332660194568,-20.000000000000007
-0.3991290185943031,1.4937210302869257,-20.000000000000007
-0.393830119140134,1.5005027472288621,-20.000000000000007
-0.40020287159330453,1.493145780451881,-20.000000000000007
-0.4070133410458314,1.4995248557923944,-20.000000000000007
-0.40419592604893845,1.491514933021533,-20.000000000000007
-0.396566228897766,1.4978984796426569,-20.000000000000007
-0.3818636505734553,1.499573036302417,-20.000000000000007
-0.3636506440899935,1.502210432621207,-20.000000000000007
-0.3442846324381039,1.4982971074724354,-20.000000000000007
-0.3186153246588819,1.4997621493726556,-20.000000000000007
-0.2839125421513597,1.5494165709492658,-20.000000000000007
-0.2482215095055562,1.768583693794501,-20.000000000000007
-0.186156397764155,1.6073691015322789,-20.000000000000007
-0.1598601006853327,1.5220990833458006,-20.000000000000007
-0.13774689261824094,1.4138227263361496,-20.000000000000007
-0.14975414285615307,1.435613454864934,-20.000000000000007
-0.16226514651890211,1.479978094344565,-20.000000000000007
-0.17950911580190804,1.5810607140359074,-20.000000000000007
-0.1822603459450228,1.575240624019803,-20.000000000000007
-0.18842511370101275,1.5738540301251946,-20.000000000000007
-0.18842511370101275,1.5738540301251946,-20.000000000000007
-0.20587468808445003,1.7697390646642215,-20.000000000000007
-0.19316194813994036,1.6117989308347906,-20.000000000000007
-0.22001954989640235,1.931253805483043,-20.000000000000007
-0.21157012218398938,1.8376661280048128,-20.000000000000007
-0.2293836341750991,1.9231452996968357,-20.000000000000007
-0.22779621270262718,1.9225032640540314,-20.000000000000007
-0.23921723231675668,1.88584223731258,-20.000000000000007
-0.24428826346562454,1.82350964130103,-20.000000000000007
-0.24943089781598235,1.742551314292125,-20.000000000000007
-0.2531774717466425,1.7517233077134053,-20.000000000000007
-0.25659724360796343,1.7689479140404267,-20.000000000000007
-0.2643076028307691,1.7611714937375622,-20.000000000000007
-0.2662334868970442,1.7637881934694122,-20.000000000000007
-0.27977935347906735,1.522914844703762,-20.000000000000007
-0.2667028227630229,1.7631502318302434,-20.000000000000007
-0.25684144695431277,1.7692386154005737,-20.000000000000007
-0.23372332381397753,1.926055282265616,-20.000000000000007
-0.256796933931714,1.7718729308496377,-20.000000000000007
-0.28040688778592177,1.5047866790540922,-20.000000000000007
-0.3395800960995625,1.4990394084793448,-20.000000000000007
-0.36759062051490266,1.5016324262277536,-20.000000000000007
-0.3980360211393079,1.4964092269565548,-20.000000000000007
-0.4034579608286871,1.497110434093421,-20.000000000000007
-0.38773210558131804,1.5000306311518563,-20.000000000000007
-0.3942839298220896,1.4997611875336299,-20.000000000000007
-0.3878440849189915,1.5002141264935784,-20.000000000000007
-0.39181564151128867,1.5039955726762306,-20.000000000000007
-0.40296394745850156,1.496110275615305,-20.000000000000007
-0.39268305687267774,1.502512700233589,-20.000000000000007
-0.3848913330349596,1.500721929875241,-20.000000000000007
-0.36640307111496995,1.501732736540108,-20.000000000000007
-0.3511757969334362,1.4994659986016416,-20.000000000000007
-0.3261410358414334,1.499742093082344,-20.000000000000007
-0.3038964177136101,1.5129411258974421,-20.000000000000007
-0.2803774808843525,1.5076961034151126,-20.000000000000007
-0.24415167927822606,1.8228823810574408,-20.000000000000007
-0.2234964546948729,1.9273765816711648,-20.000000000000007
-0.18837473412143405,1.5733779606841163,-20.000000000000007
-0.18220996636544406,1.5747645545787246,-20.000000000000007
-0.18888897604606414,1.5748627885679038,-20.000000000000007
-0.18226034594502277,1.5752406240198031,-20.000000000000007
-0.1894245325731731,1.5791548760255545,-20.000000000000007
-0.19927599968825094,1.68201699226254,-20.000000000000007
-0.20587468808445003,1.7697390646642217,-20.000000000000007
-0.21941629570363208,1.934944495264261,-20.000000000000007
-0.2290840101458849,1.9272000926378032,-20.000000000000007
-0.22725815115555775,1.9273187281239843,-20.000000000000007
-0.22903447707550284,1.9276403862238336,-20.000000000000007
-0.23173800461227237,1.9132869734140188,-20.000000000000007
-0.23440823261138902,1.9331740021179948,-20.000000000000007
-0.24236774062426175,1.8474141940916824,-20.000000000000007
-0.243427207450962,1.8363343133844166,-20.000000000000007
-0.24774000141440608,1.7936586995322483,-20.000000000000007
-0.24741829568655482,1.7916377967460435,-20.000000000000007
-0.24902189350397036,1.7544765488976222,-20.000000000000007
-0.24851030866682103,1.7679155624154963,-20.000000000000007
-0.2503769394288294,1.7117268178571732,-20.000000000000007
-0.2526613287830495,1.745043410470449,-20.000000000000007
-0.2567680763253224,1.7672276585766953,-20.000000000000007
-0.25368467742912215,1.7599049580047685,-20.000000000000007
-0.24368022622945004,1.8225306200715878,-20.000000000000007
-0.22772843991301128,1.9230621957348462,-20.000000000000007
-0.23889206048921907,1.8949852356181969,-20.000000000000007
-0.2568706436582775,1.7716222922252909,-20.000000000000007
-0.3044973574094767,1.5071316866766935,-20.000000000000007
-0.3310814922215798,1.4980988823104728,-20.000000000000007
-0.36298179469500313,1.497661327595871,-20.000000000000007
-0.38446004079085927,1.499717432285772,-20.000000000000007
-0.38891080588630195,1.4975521983299827,-20.000000000000007
-0.40345407134443023,1.4985746155557254,-20.000000000000007
-0.40196189593364146,1.4955473793249943,-20.000000000000007
-0.40417873579055347,1.4935751566298747,-20.000000000000007
-0.41383693217074025,1.5045253487955286,-20.000000000000007
-0.4115258542518495,1.4961365154935842,-20.000000000000007
-0.40081155966546905,1.4966036725479654,-20.000000000000007
-0.37938861993106177,1.4992087280662796,-20.000000000000007
-0.3535543559192509,1.4989496135824993,-20.000000000000007
-0.3310396326403848,1.4988989804211839,-20.000000000000007
-0.30248837286238067,1.5310345450788763,-20.000000000000007
-0.27914544614590814,1.4625375266331022,-20.000000000000007
-0.2520857115623823,1.7455739038596283,-20.000000000000007
-0.22903447707550284,1.9276403862238336,-20.000000000000007
-0.20587468808445003,1.7697390646642215,-20.000000000000007
-0.18842511370101275,1.5738540301251946,-20.000000000000007
-0.18888897604606414,1.5748627885679038,-20.000000000000007
-0.18888897604606417,1.5748627885679038,-20.000000000000007
-0.20117245829941957,1.7057620812394534,-20.000000000000007
-0.18942453257317313,1.5791548760255545,-20.000000000000007
-0.1894245325731731,1.5791548760255545,-20.000000000000007
-0.18250173051842533,1.5731434678747531,-20.000000000000007
-0.1888581865323028,1.5776548930151268,-20.000000000000007
-0.18885818653230285,1.5776548930151268,-20.000000000000007
-0.19303815211615677,1.6120202560143864,-20.000000000000007
-0.20404430865962883,1.7471900021231155,-20.000000000000007
-0.2106378140228562,1.828746382703854,-20.000000000000007
-0.2129327072135938,1.855155187607469,-20.000000000000007
-0.22012456876574124,1.9315839867608926,-20.000000000000007
-0.22140461161028013,1.9284170608693034,-20.000000000000007
-0.2290706721347102,1.9266742771147656,-20.000000000000007
-0.2306016887745189,1.914094401491136,-20.000000000000007
-0.23375482557561206,1.9265346717318745,-20.000000000000007
-0.23193210184063529,1.9136144318446473,-20.000000000000007
-0.23591399330553836,1.9204250568651806,-20.000000000000007
-0.23699119081519596,1.9122139944243504,-20.000000000000007
-0.2327863050039776,1.9217446600094164,-20.000000000000007
-0.22733561155602627,1.926278843955051,-20.000000000000007
-0.22036530731212672,1.9351127532832417,-20.000000000000007
-0.2532505830810147,1.7569284632389912,-20.000000000000007
-0.2857609807639739,1.563548258660463,-20.000000000000007
-0.3468435645330388,1.496382921796294,-20.000000000000007
-0.3720795458389847,1.4949673826337637,-20.000000000000007
-0.40386808530644625,1.4923228234903876,-20.000000000000007
-0.41285297096202445,1.4977885338169055,-20.000000000000007
-0.4034579608286872,1.497110434093421,-20.000000000000007
-0.4100935649151761,1.4968339322623077,-20.000000000000007
-0.402897991355865,1.4969906317587145,-20.000000000000007
-0.404398952630108,1.495611957384443,-20.000000000000007
-0.4145731417259787,1.5041850806489456,-20.000000000000007
-0.41127224364476833,1.4967986655448413,-20.000000000000007
-0.4028216949867746,1.4958521776843414,-20.000000000000007
-0.384595899863133,1.5003306358339246,-20.000000000000007
-0.36773395243857265,1.5007817677672313,-20.000000000000007
-0.3499862350448537,1.5017735732961004,-20.000000000000007
-0.3270212884341443,1.4990630687351707,-20.000000000000007
-0.29763330665746673,1.5818953357954955,-20.000000000000007
-0.25979422933849694,1.776500173239354,-20.000000000000007
-0.22088539733767873,1.9311452890383747,-20.000000000000007
-0.18226034594502283,1.575240624019803,-20.000000000000007
-0.16175363895024922,1.4767475548411564,-20.000000000000007
-0.16226514651890211,1.4799780943445655,-20.000000000000007
-0.1649122434235189,1.4962079272044329,-20.000000000000007
-0.18226034594502277,1.5752406240198031,-20.000000000000007
-0.1822603459450228,1.5752406240198031,-20.000000000000007
-0.18888897604606417,1.574862788567904,-20.000000000000007
-0.18911923876494982,1.575673225702896,-20.000000000000007
-0.2111273653160832,1.839395401666732,-20.000000000000007
-0.2040443086596288,1.7471900021231155,-20.000000000000007
-0.21248743473298976,1.8569242044846717,-20.000000000000007
-0.21248743473298978,1.8569242044846717,-20.000000000000007
-0.22100492468319624,1.9329836950429968,-20.000000000000007
-0.24527764217723233,1.823694982129578,-20.000000000000007
-0.2261117179537413,1.9301421223050317,-20.000000000000007
-0.23173800461227242,1.913286973414019,-20.000000000000007
-0.21921870976041324,1.9334146801275214,-20.000000000000007
-0.2202251457038187,1.9305132770558284,-20.000000000000007
-0.23310917684276272,1.919044184976351,-20.000000000000007
-0.24806073235046014,1.774485764400798,-20.000000000000007
-0.24943532662004755,1.7309624250282616,-20.000000000000007
-0.2533822100622079,1.7534457925091358,-20.000000000000007
-0.24966256585970895,1.7246644416135954,-20.000000000000007
-0.24904793493685984,1.7443056449977388,-20.000000000000007
-0.24967204733458956,1.7460961489440674,-20.000000000000007
-0.25276036444532335,1.7515370979857023,-20.000000000000007
-0.2786779729120955,1.4793883314631036,-20.000000000000007
-0.3021215202698111,1.5362892984224137,-20.000000000000007
-0.3225407077276166,1.4986823559742195,-20.000000000000007
-0.35393894169836815,1.499561387441888,-20.000000000000007
-0.3740615568572747,1.4933541707025417,-20.000000000000007
-0.37895606971814727,1.4999654639492828,-20.000000000000007
-0.3925586871514286,1.50270518897086,-20.000000000000007
-0.39218277429151394,1.5047390218032284,-20.000000000000007
-0.3979316927474921,1.4964338925759118,-20.000000000000007
-0.40386808530644625,1.4923228234903876,-20.000000000000007
-0.4100935649151762,1.4968339322623077,-20.000000000000007
-0.40439236271262835,1.4941969581360022,-20.000000000000007
-0.4035196596256285,1.4970491241462656,-20.000000000000007
-0.3976864960233152,1.497308153148107,-20.000000000000007
-0.3826827018022925,1.502646101821653,-20.000000000000007
-0.36365064408999354,1.502210432621207,-20.000000000000007
-0.3459104103297967,1.4962001550576665,-20.000000000000007
-0.3156291496931677,1.4957628780877734,-20.000000000000007
-0.3015762558074405,1.5389990622252376,-20.000000000000007
-0.2763494667231559,1.605988911425451,-20.000000000000007
-0.2499295517799976,1.7223894522601297,-20.000000000000007
-0.23698195095870883,1.91396492739013,-20.000000000000007
-0.19209041430059667,1.6012310609863811,-20.000000000000007
-0.2011724582994196,1.7057620812394532,-20.000000000000007
-0.18837473412143405,1.5733779606841163,-20.000000000000007
-0.2011724582994196,1.705762081239453,-20.000000000000007
-0.20587468808445006,1.7697390646642217,-20.000000000000007
-0.2264420219301188,1.9314772808878922,-20.000000000000007
-0.2209064721413755,1.937225141609074,-20.000000000000007
-0.23205591066668435,1.914540565171374,-20.000000000000007
-0.22907067213471016,1.9266742771147656,-20.000000000000007
-0.23893642989249306,1.8907354114208315,-20.000000000000007
-0.23469157176883945,1.9263484134105655,-20.000000000000007
-0.2441516792782261,1.8228823810574408,-20.000000000000007
-0.24745070868356125,1.7898376471194521,-20.000000000000007
-0.2490244855403452,1.754171137115069,-20.000000000000007
-0.254935809768568,1.7643516975393148,-20.000000000000007
-0.25646651051084834,1.767660828040789,-20.000000000000007
-0.2796505477078005,1.5205278537775686,-20.000000000000007
-0.2794258240158509,1.5230811353673013,-20.000000000000007
-0.28402558979585685,1.5506902601257058,-20.000000000000007
-0.2661191530472637,1.7612193048709655,-20.000000000000007
-0.2477049896874544,1.7812067663578977,-20.000000000000007
-0.23001393624079636,1.9199660783855554,-20.000000000000007
-0.2490244855403452,1.7541711371150692,-20.000000000000007
-0.2844883477018021,1.5579081829715888,-20.000000000000007
-0.3501432630679566,1.5029817911774783,-20.000000000000007
-0.3719004112422989,1.494803812208842,-20.000000000000007
-0.40446076911691237,1.4947754180251849,-20.000000000000007
-0.4178136864828721,1.518409261021481,-20.000000000000007
-0.40529590372804886,1.5003820322841652,-20.000000000000007
-0.415103623227047,1.5058677298664251,-20.000000000000007
-0.40386808530644625,1.4923228234903876,-20.000000000000007
-0.393830119140134,1.5005027472288621,-20.000000000000007
-0.4034948620270723,1.497226312285433,-20.000000000000007
-0.3926290734878249,1.5024724565677077,-20.000000000000007
-0.3769547629561766,1.4919886032912786,-20.000000000000007
-0.3679559110036173,1.500022568024538,-20.000000000000007
-0.3418855463463881,1.4966599057508907,-20.000000000000007
-0.3354218284606624,1.5008974946168074,-20.000000000000007
-0.31295695354635933,1.503645578219004,-20.000000000000007
-0.303326762368314,1.5204584913047283,-20.000000000000007
-0.28439501577378495,1.5564346680588255,-20.000000000000007
-0.28011681502668095,1.508126153081086,-20.000000000000007
-0.2706940184856579,1.710936561123293,-20.000000000000007
-0.2569073101267979,1.7681523864679836,-20.000000000000007
-0.25493350224142575,1.771860896925751,-20.000000000000007
-0.24451821561584364,1.8284025365562284,-20.000000000000007
-0.24338853031189456,1.8376016976324687,-20.000000000000007
-0.22088539733767873,1.931145289038375,-20.000000000000007
-0.22725815115555778,1.9273187281239845,-20.000000000000007
-0.2196570342500176,1.9384732617866098,-20.000000000000007
-0.22760144644216082,1.9245423734898095,-20.000000000000007
-0.21851335106583325,1.936339667920196,-20.000000000000007
-0.24352941008181264,1.8371727099357726,-20.000000000000007
-0.22725815115555775,1.9273187281239843,-20.000000000000007
-0.2368081958155418,1.9141570200209543,-20.000000000000007
-0.24754391918501356,1.7983293885017668,-20.000000000000007
-0.23106341340115907,1.9111892152082388,-20.000000000000007
-0.24839724581557182,1.7826858814747113,-20.000000000000007
-0.23440823261138902,1.9331740021179948,-20.000000000000007
-0.24527764217723236,1.8236949821295778,-20.000000000000007
-0.23803140017504001,1.900030487245212,-20.000000000000007
-0.25375436341010527,1.768120989651811,-20.000000000000007
-0.24753611064781525,1.7981305890838024,-20.000000000000007
-0.2502845554208488,1.7235141714337494,-20.000000000000007
-0.23538467694061213,1.9234328870905966,-20.000000000000007
-0.1894245325731731,1.5791548760255547,-20.000000000000007
-0.21228200431524835,1.8497804617679954,-20.000000000000007
-0.2182751281321456,1.9327711581825628,-20.000000000000007
-0.25524064328010465,1.7695258837127656,-20.000000000000007
-0.30217276596814807,1.536233019736141,-20.000000000000007
-0.3276839449097821,1.5009277925570372,-20.000000000000007
-0.36051574359636285,1.4984207071315612,-20.000000000000007
-0.3807310569565173,1.5000495795144306,-20.000000000000007
-0.38203430233696384,1.5014203264087795,-20.000000000000007
-0.39386020576402353,1.501494361793922,-20.000000000000007
-0.3920309210953765,1.504309044174851,-20.000000000000007
-0.3927329177330481,1.5025827713436717,-20.000000000000007
-0.4003781667125529,1.4931670353552726,-20.000000000000007
-0.3938557655873873,1.5008508299496468,-20.000000000000007
-0.3744593085951898,1.4904717119801865,-20.000000000000007
-0.3511329393997466,1.4994649219840508,-20.000000000000007
-0.3239547831233015,1.5003889039149965,-20.000000000000007
-0.2828105754745732,1.5373170997394179,-20.000000000000007
-0.2546761362814389,1.7703800803847625,-20.000000000000007
-0.2293836341750991,1.9231452996968357,-20.000000000000007
-0.19315943252724238,1.6118386740500747,-20.000000000000007
-0.2199068318615049,1.9318782741861784,-20.000000000000007
-0.1894553220869344,1.5763627715783317,-20.000000000000007
-0.21732120298811813,1.9087448011210408,-20.000000000000007
-0.21248743473298978,1.8569242044846717,-20.000000000000007
-0.18888897604606417,1.5748627885679038,-20.000000000000007
-0.20404430865962883,1.7471900021231153,-20.000000000000007
-0.1811061921972143,1.5615965088310682,-20.000000000000007
-0.18837473412143407,1.573377960684116,-20.000000000000007
-0.18040437186688574,1.561176753585045,-20.000000000000007
-0.18837473412143402,1.573377960684116,-20.000000000000007
-0.1884251137010127,1.573854030125195,-20.000000000000007
-0.1894245325731731,1.5791548760255547,-20.000000000000007
-0.2013109492445595,1.7056980742635646,-20.000000000000007
-0.21249249546208404,1.848023879502905,-20.000000000000007
-0.21898340119425475,1.9294106496791947,-20.000000000000007
-0.22090705246742534,1.9383112836801752,-20.000000000000007
-0.22033260434705365,1.935629415081931,-20.000000000000007
-0.22094156048696237,1.9362383274100203,-20.000000000000007
-0.2129563632659695,1.85535961505459,-20.000000000000007
-0.21221840084012134,1.845074230639208,-20.000000000000007
-0.21295636326596953,1.85535961505459,-20.000000000000007
-0.1888889760460642,1.5748627885679038,-20.000000000000007
-0.22081329764223362,1.9389057207991436,-20.000000000000007
-0.20437906386028284,1.746916092709036,-20.000000000000007
-0.21898340119425475,1.9294106496791947,-20.000000000000007
-0.22938363417509908,1.923145299696836,-20.000000000000007
-0.24948472107503603,1.7417384223272254,-20.000000000000007
-0.29927618564368685,1.5652021058156784,-20.000000000000007
-0.3496594903704433,1.499550385484513,-20.000000000000007
-0.3782742334969737,1.496333394176538,-20.000000000000007
-0.40917096847474604,1.5010474970012597,-20.000000000000007
-0.4159358650460461,1.5115808465942004,-20.000000000000007
-0.4007939473222359,1.4938373269257348,-20.000000000000007
-0.4034948620270723,1.497226312285433,-20.000000000000007
-0.3912009801099494,1.5029965702777892,-20.000000000000007
-0.3847959426391043,1.5008205899447278,-20.000000000000007
-0.39131563739564823,1.5027686708816337,-20.000000000000007
-0.3828940628533279,1.4989909658380889,-20.000000000000007
-0.3677892801912861,1.5002969781567637,-20.000000000000007
-0.35121189232018224,1.4994892932993948,-20.000000000000007
-0.3311413861714542,1.4985223540905686,-20.000000000000007
-0.3076137290525032,1.5100234210589014,-20.000000000000007
-0.2843950157737849,1.5564346680588252,-20.000000000000007
-0.25357072868708763,1.7642628668894367,-20.000000000000007
-0.23019993678350567,1.9212992879400872,-20.000000000000007
-0.20437906386028282,1.746916092709036,-20.000000000000007
-0.18880780695272412,1.5771788235740478,-20.000000000000007
-0.18888897604606414,1.574862788567904,-20.000000000000007
-0.18885818653230282,1.5776548930151268,-20.000000000000007
-0.19303815211615682,1.6120202560143864,-20.000000000000007
-0.19885325672563559,1.6783739635447605,-20.000000000000007
-0.2011724582994196,1.7057620812394534,-20.000000000000007
-0.21803438958576016,1.9292423916602135,-20.000000000000007
-0.20404430865962886,1.7471900021231157,-20.000000000000007
-0.2259544067033732,1.9324083385227473,-20.000000000000007
-0.2135443284992622,1.8745224789689292,-20.000000000000007
-0.22903447707550287,1.9276403862238338,-20.000000000000007
-0.22903447707550284,1.9276403862238336,-20.000000000000007
-0.23173800461227242,1.9132869734140188,-20.000000000000007
-0.2368081958155418,1.9141570200209543,-20.000000000000007
-0.23538467694061216,1.9234328870905961,-20.000000000000007
-0.24642495620091676,1.8117914653543075,-20.000000000000007
-0.2460863301670222,1.8164385723452239,-20.000000000000007
-0.250352992823512,1.7233371551948806,-20.000000000000007
-0.2496576274994783,1.7367185121486013,-20.000000000000007
-0.2545985885396255,1.769714936659704,-20.000000000000007
-0.2503836637376046,1.7099445186385251,-20.000000000000007
-0.2503836637376047,1.7099445186385254,-20.000000000000007
-0.2482245432525874,1.7764930818461981,-20.000000000000007
-0.2296667641422298,1.9196183962526652,-20.000000000000007
-0.2192014992263589,1.9332971051390981,-20.000000000000007
-0.24352941008181267,1.8371727099357726,-20.000000000000007
-0.256359786600684,1.7682458107812842,-20.000000000000007
-0.30869402999055895,1.5084298940529348,-20.000000000000007
-0.3355244599806788,1.499801983793629,-20.000000000000007
-0.3678558954156428,1.499684915437986,-20.000000000000007
-0.38874278199901335,1.4991688619121828,-20.000000000000007
-0.3916287455248345,1.5034883926839784,-20.000000000000007
-0.4038641958221894,1.493787004952692,-20.000000000000007
-0.40349486202707235,1.497226312285433,-20.000000000000007
-0.40498465095258324,1.4993612642310943,-20.000000000000007
-0.4181837451981558,1.5075813620726828,-20.000000000000007
-0.41781368648287215,1.518409261021481,-20.000000000000007
-0.40947274023023383,1.5008573530643274,-20.000000000000007
-0.39383011914013405,1.5005027472288623,-20.000000000000007
-0.3746621309899708,1.4898822777618956,-20.000000000000007
-0.3548964186409028,1.500431771535262,-20.000000000000007
-0.331053456191969,1.4984426691385666,-20.000000000000007
-0.3009081372138605,1.5485110437862435,-20.000000000000007
-0.25591002975288224,1.764468594102642,-20.000000000000007
-0.2193936122985116,1.9217714786632931,-20.000000000000007
-0.17950911580190798,1.5810607140359072,-20.000000000000007
-0.14975414285615307,1.435613454864934,-20.000000000000007
-0.14975414285615307,1.4356134548649337,-20.000000000000007
-0.16491224342351887,1.4962079272044329,-20.000000000000007
-0.17716407672167844,1.5760687284044743,-20.000000000000007
-0.18226034594502277,1.5752406240198031,-20.000000000000007
-0.17950911580190798,1.5810607140359076,-20.000000000000007
-0.18250173051842536,1.573143467874753,-20.000000000000007
-0.18842511370101273,1.573854030125195,-20.000000000000007
-0.18888897604606417,1.5748627885679043,-20.000000000000007
-0.2011724582994196,1.7057620812394534,-20.000000000000007
-0.19303815211615682,1.6120202560143866,-20.000000000000007
-0.21827512813214564,1.9327711581825628,-20.000000000000007
-0.20404430865962883,1.7471900021231153,-20.000000000000007
-0.22595440670337322,1.9324083385227473,-20.000000000000007
-0.21248743473298978,1.8569242044846717,-20.000000000000007
-0.23278630500397757,1.9217446600094166,-20.000000000000007
-0.2290344770755029,1.9276403862238336,-20.000000000000007
-0.23614757772495212,1.9207959698853627,-20.000000000000007
-0.23538467694061213,1.9234328870905961,-20.000000000000007
-0.24406813897134633,1.8320885388102743,-20.000000000000007
-0.24753611064781525,1.7981305890838026,-20.000000000000007
-0.24823806907364837,1.7865500278208692,-20.000000000000007
-0.2451245753003214,1.8178102846905113,-20.000000000000007
-0.2311631728138493,1.90594059415703,-20.000000000000007
-0.2666973363748439,1.7652218519100122,-20.000000000000007
-0.29187224229569564,1.5868060504229409,-20.000000000000007
-0.3573684879578801,1.5012459809788319,-20.000000000000007
-0.3844517579199725,1.49876904215115,-20.000000000000007
-0.4157939336057512,1.5100231757163738,-20.000000000000007
-0.41818374519815593,1.5075813620726832,-20.000000000000007
-0.4035196596256286,1.4970491241462656,-20.000000000000007
-0.404107591651014,1.4908779695077368,-20.000000000000007
-0.39385576558738733,1.5008508299496466,-20.000000000000007
-0.4006876695417841,1.4949075525006974,-20.000000000000007
-0.4119258838507432,1.497345635707245,-20.000000000000007
-0.4112722436447683,1.4967986655448413,-20.000000000000007
-0.4017665580552653,1.4959296109430924,-20.000000000000007
-0.3906855762334971,1.5028921958945594,-20.000000000000007
-0.3705164617333685,1.4960182743078938,-20.000000000000007
-0.36062909596077586,1.4995798483701293,-20.000000000000007
-0.33956321753897806,1.4987995359932802,-20.000000000000007
-0.32148460085186836,1.4984172354144003,-20.000000000000007
-0.2975115224577339,1.5837350831575454,-20.000000000000007
-0.2803774808843525,1.5076961034151126,-20.000000000000007
-0.26906902116139797,1.7400011676839242,-20.000000000000007
-0.24418078890079026,1.827331621039017,-20.000000000000007
-0.229920792934992,1.9267144829893357,-20.000000000000007
-0.20117245829941957,1.7057620812394532,-20.000000000000007
-0.18911923876494985,1.5756732257028956,-20.000000000000007
-0.18842511370101275,1.5738540301251949,-20.000000000000007
-0.2013719315045439,1.7093646228216675,-20.000000000000007
-0.2011724582994196,1.705762081239453,-20.000000000000007
-0.21248743473298978,1.8569242044846717,-20.000000000000007
-0.21931127683429322,1.934614313986411,-20.000000000000007
-0.2208853973376787,1.9311452890383747,-20.000000000000007
-0.22752520271182752,1.9264565813725267,-20.000000000000007
-0.22992079293499199,1.9267144829893357,-20.000000000000007
-0.23538467694061216,1.9234328870905961,-20.000000000000007
-0.24129053135211653,1.8632353394092718,-20.000000000000007
-0.24808288501394005,1.7878427776636199,-20.000000000000007
-0.24837144853553447,1.783214969257054,-20.000000000000007
-0.25034316536252954,1.711344150134037,-20.000000000000007
-0.2535224095574238,1.7633700775719912,-20.000000000000007
-0.2565972436079634,1.7689479140404272,-20.000000000000007
-0.2637701223895831,1.7618815459474437,-20.000000000000007
-0.27937114303749494,1.5257136780778136,-20.000000000000007
-0.2707694594424532,1.7115571455485508,-20.000000000000007
-0.2531774717466425,1.7517233077134053,-20.000000000000007
-0.2412905313521165,1.8632353394092718,-20.000000000000007
-0.2481293851171244,1.7856504139612346,-20.000000000000007
-0.26113855924715723,1.7671615564321421,-20.000000000000007
-0.30456763304201795,1.5065699328210527,-20.000000000000007
-0.330306595881991,1.496299542214137,-20.000000000000007
-0.3633423346658664,1.4982435358479873,-20.000000000000007
-0.3876242001585093,1.5007697170880818,-20.000000000000007
-0.3938602057640235,1.501494361793922,-20.000000000000007
-0.41127224364476833,1.4967986655448415,-20.000000000000007
-0.4068816327020163,1.499686099342767,-20.000000000000007
-0.41243209687024274,1.4977414133364295,-20.000000000000007
-0.41843199133101877,1.5138488833497876,-20.000000000000007
-0.41789239299218806,1.5197421264409798,-20.000000000000007
-0.40917096847474604,1.50104749700126,-20.000000000000007
-0.39912901859430305,1.4937210302869257,-20.000000000000007
-0.37582502033446985,1.491165683251561,-20.000000000000007
-0.35730312449616325,1.5001394893905031,-20.000000000000007
-0.34067687125667,1.4986269583340346,-20.000000000000007
-0.318078315196476,1.4967655697207969,-20.000000000000007
-0.3019660543653012,1.536777629580358,-20.000000000000007
-0.2794990589538231,1.4859690688632097,-20.000000000000007
-0.2536602362144469,1.767204390642213,-20.000000000000007
-0.23302451760487208,1.9194193016611527,-20.000000000000007
-0.21248743473298976,1.8569242044846714,-20.000000000000007
-0.18885818653230285,1.5776548930151268,-20.000000000000007
-0.1822603459450228,1.575240624019803,-20.000000000000007
-0.17917386072802036,1.5901780441278879,-20.000000000000007
-0.18226034594502277,1.575240624019803,-20.000000000000007
-0.18837473412143407,1.5733779606841163,-20.000000000000007
-0.18885818653230285,1.5776548930151266,-20.000000000000007
-0.19415420216241916,1.6248355056872366,-20.000000000000007
-0.18911923876494982,1.5756732257028956,-20.000000000000007
-0.21046607260458372,1.8304689331243629,-20.000000000000007
-0.21249249546208399,1.8480238795029051,-20.000000000000007
-0.21898340119425477,1.9294106496791947,-20.000000000000007
-0.220886347239792,1.9375430873313442,-20.000000000000007
-0.22779621270262715,1.9225032640540316,-20.000000000000007
-0.23022771016147434,1.9222536428812997,-20.000000000000007
-0.2433994340729934,1.835379958443204,-20.000000000000007
-0.23621945679252052,1.9162878977957616,-20.000000000000007
-0.2480255517895692,1.7785272309884936,-20.000000000000007
-0.23894033178909885,1.889065989028358,-20.000000000000007
-0.24829719006617526,1.7752185674814374,-20.000000000000007
-0.24322720324425268,1.8319538058978737,-20.000000000000007
-0.21901701162550485,1.9291648536559889,-20.000000000000007
-0.23129143656838372,1.9072411730885204,-20.000000000000007
-0.2483807716392411,1.772301636796226,-20.000000000000007
-0.2971208515099543,1.5878202981705969,-20.000000000000007
-0.3537536334901602,1.4996081777801482,-20.000000000000007
-0.3828940628533279,1.498990965838089,-20.000000000000007
-0.4160893256088708,1.5118513419479502,-20.000000000000007
-0.4260163889975703,1.4220244127862136,-20.000000000000007
-0.4178136864828722,1.5184092610214814,-20.000000000000007
-0.4242616837647285,1.4309897277192727,-20.000000000000007
-0.4178136864828722,1.518409261021481,-20.000000000000007
-0.41895352255374985,1.4979991861952322,-20.000000000000007
-0.42935393275174283,1.4115305141111616,-20.000000000000007
-0.42645037676844133,1.4196495551783987,-20.000000000000007
-0.41768365244144795,1.5173330455572003,-20.000000000000007
-0.40349486202707235,1.497226312285433,-20.000000000000007
-0.38416286296916713,1.4992085795765275,-20.000000000000007
-0.3636506440899935,1.5022104326212067,-20.000000000000007
-0.33989269237857334,1.49889630106598,-20.000000000000007
-0.3082644234864066,1.5092640463390954,-20.000000000000007
-0.2667028227630229,1.7631502318302434,-20.000000000000007
-0.22149804046509497,1.9270698033146807,-20.000000000000007
-0.180374903390968,1.5624216849117096,-20.000000000000007
-0.14975414285615307,1.4356134548649342,-20.000000000000007
-0.15098649128259778,1.3992341320455803,-20.000000000000007
-0.17259283802865877,1.5472393109831906,-20.000000000000007
-0.1822603459450228,1.575240624019803,-20.000000000000007
-0.18842511370101273,1.5738540301251949,-20.000000000000007
-0.18888897604606417,1.574862788567904,-20.000000000000007
-0.1894245325731731,1.5791548760255545,-20.000000000000007
-0.20491625933733346,1.757951160413065,-20.000000000000007
-0.20438912631107453,1.746757119847901,-20.000000000000007
-0.21297145694215708,1.8551211557628873,-20.000000000000007
-0.20508132070237814,1.7576560601736042,-20.000000000000007
-0.22009438141336607,1.932060905344298,-20.000000000000007
-0.2129563632659695,1.85535961505459,-20.000000000000007
-0.2271811682081116,1.9274693190730452,-20.000000000000007
-0.22577710864692627,1.9282151028335157,-20.000000000000007
-0.23474134522287865,1.9269586100412368,-20.000000000000007
-0.23474134522287865,1.9269586100412368,-20.000000000000007
-0.24633652360896532,1.8058295775241877,-20.000000000000007
-0.24897153861911722,1.7560557119280076,-20.000000000000007
-0.2498769686510683,1.722594219093288,-20.000000000000007
-0.2535075066154978,1.7636607932167516,-20.000000000000007
-0.2480419290066092,1.7778196201976209,-20.000000000000007
-0.23708075825975766,1.9088233473171732,-20.000000000000007
-0.2050687426388885,1.7578547762500234,-20.000000000000007
-0.23440823261138902,1.9331740021179948,-20.000000000000007
-0.2481242000695829,1.7869332679653116,-20.000000000000007
-0.29373953234188943,1.5964598558839993,-20.000000000000007
-0.3240565963095188,1.5005477960766336,-20.000000000000007
-0.3589210196336077,1.4991022927523097,-20.000000000000007
-0.379283234962417,1.499338933780308,-20.000000000000007
-0.38203430233696384,1.5014203264087798,-20.000000000000007
-0.39275007575831766,1.5039524632919072,-20.000000000000007
-0.3887647470475655,1.4972392932328138,-20.000000000000007
-0.3890531336769417,1.4992779213477554,-20.000000000000007
-0.3978608138812937,1.49757238383961,-20.000000000000007
-0.40349097254281546,1.4986904937477374,-20.000000000000007
-0.39265508496211315,1.5023949703342345,-20.000000000000007
-0.39131563739564823,1.5027686708816337,-20.000000000000007
-0.3777175234679769,1.4934490184648594,-20.000000000000007
-0.3661657255263929,1.5015175534852707,-20.000000000000007
-0.3487221175736024,1.5010160756963415,-20.000000000000007
-0.3318471567673821,1.497520657713216,-20.000000000000007
-0.3032797614171044,1.5210321658106545,-20.000000000000007
-0.28035490353657966,1.507894263925819,-20.000000000000007
-0.2526736177882782,1.750840150439579,-20.000000000000007
-0.22905988580352984,1.9214814563051459,-20.000000000000007
-0.2208853973376787,1.931145289038375,-20.000000000000007
-0.2040443086596288,1.7471900021231153,-20.000000000000007
-0.20404430865962883,1.7471900021231155,-20.000000000000007
-0.20404430865962886,1.7471900021231153,-20.000000000000007
-0.20404430865962883,1.7471900021231153,-20.000000000000007
-0.21023380688351329,1.8304416245211914,-20.000000000000007
-0.2124874347329898,1.8569242044846717,-20.000000000000007
-0.2185133510658332,1.936339667920196,-20.000000000000007
-0.22361595689076202,1.9311672006410399,-20.000000000000007
-0.22648741265525177,1.9290439783824922,-20.000000000000007
-0.23533499095789018,1.9221911958504567,-20.000000000000007
-0.23217594431906136,1.9150300122766268,-20.000000000000007
-0.24808377447896196,1.7876161715998287,-20.000000000000007
-0.24231997439650518,1.8451090692112224,-20.000000000000007
-0.24838077163924105,1.7723016367962259,-20.000000000000007
-0.24804103954158738,1.7780462262614123,-20.000000000000007
-0.2475672379594274,1.7876170952462198,-20.000000000000007
-0.2490244855403452,1.7541711371150692,-20.000000000000007
-0.2506231946469256,1.7093249618024848,-20.000000000000007
-0.24821928587549458,1.777731774864202,-20.000000000000007
-0.2460122840073165,1.8086753750631521,-20.000000000000007
-0.22187253272843058,1.9204197096956948,-20.000000000000007
-0.2134834710776139,1.8491291362183486,-20.000000000000007
-0.2484044542709397,1.7727527247845924,-20.000000000000007
-0.28250982179163836,1.534826745197063,-20.000000000000007
-0.34207859715200334,1.4979038763756136,-20.000000000000007
-0.365461853064373,1.5024794676919528,-20.000000000000007
-0.3927329177330481,1.5025827713436715,-20.000000000000007
-0.40052041918427966,1.4934251332862356,-20.000000000000007
-0.3878440849189916,1.5002141264935784,-20.000000000000007
-0.3918156415112887,1.5039955726762306,-20.000000000000007
-0.3743154351746764,1.4908008535622217,-20.000000000000007
-0.3719055753643097,1.4948734172483877,-20.000000000000007
-0.36777234136419873,1.4999767186698505,-20.000000000000007
-0.35975783991970584,1.4979276874431358,-20.000000000000007
-0.3447469639120938,1.4969521691672123,-20.000000000000007
-0.3240011904100601,1.5003983992326633,-20.000000000000007
-0.31030600464879055,1.5018041049957918,-20.000000000000007
-0.2879214246588281,1.5730996135501174,-20.000000000000007
-0.28154544704201045,1.524826305057853,-20.000000000000007
-0.2563266999575595,1.7687420527683995,-20.000000000000007
-0.2481352517390904,1.7884598655565378,-20.000000000000007
-0.24328632768104388,1.8367633010811124,-20.000000000000007
-0.22745291741602414,1.9252796186882064,-20.000000000000007
-0.23675168492553103,1.9119322969234305,-20.000000000000007
-0.2208853973376787,1.931145289038375,-20.000000000000007
-0.21941629570363214,1.934944495264261,-20.000000000000007
-0.20404430865962883,1.7471900021231153,-20.000000000000007
-0.1894245325731731,1.5791548760255543,-20.000000000000007
-0.20587468808445006,1.769739064664222,-20.000000000000007
-0.2040443086596288,1.7471900021231153,-20.000000000000007
-0.23282344288181112,1.922427873465795,-20.000000000000007
-0.2194162957036321,1.9349444952642607,-20.000000000000007
-0.23196923971846878,1.9142976453010254,-20.000000000000007
-0.22700039482394935,1.9319837126790778,-20.000000000000007
-0.22140461161028016,1.9284170608693036,-20.000000000000007
-0.2277284399130113,1.923062195734846,-20.000000000000007
-0.2235930828813522,1.9283065889082416,-20.000000000000007
-0.2328234428818111,1.9224278734657951,-20.000000000000007
-0.2290706721347102,1.9266742771147654,-20.000000000000007
-0.25347982382818024,1.7658952759997188,-20.000000000000007
-0.2317380046122724,1.913286973414019,-20.000000000000007
-0.24895973811455113,1.7659134401048047,-20.000000000000007
-0.2346107358593357,1.9294084716957218,-20.000000000000007
-0.22938363417509905,1.9231452996968357,-20.000000000000007
-0.2310673450614077,1.906903478563647,-20.000000000000007
-0.20508700503827806,1.757514117883073,-20.000000000000007
-0.21411960987166215,1.8728504890414885,-20.000000000000007
-0.21941629570363208,1.934944495264261,-20.000000000000007
-0.25326889233539673,1.757802427023983,-20.000000000000007
-0.28985846853151404,1.5753683835240215,-20.000000000000007
-0.3203808484722661,1.499979012100762,-20.000000000000007
-0.35584652856356186,1.5008650983433112,-20.000000000000007
-0.3772420799465137,1.4972823202120136,-20.000000000000007
-0.37746219453040875,1.4934240518527615,-20.000000000000007
-0.39002739960644267,1.5014181836080134,-20.000000000000007
-0.3878458599498681,1.500870240101973,-20.000000000000007
-0.3887647470475655,1.4972392932328136,-20.000000000000007
-0.4027600995177637,1.4956930630221819,-20.000000000000007
-0.39768649602331524,1.497308153148107,-20.000000000000007
-0.37701110244529634,1.4927630265779332,-20.000000000000007
-0.3636506440899936,1.5022104326212067,-20.000000000000007
-0.33121994511700803,1.4980072128977242,-20.000000000000007
-0.303285782381105,1.5204381626563317,-20.000000000000007
-0.280191365803607,1.5078449789062125,-20.000000000000007
-0.23452608175534848,1.9293173658082712,-20.000000000000007
-0.2206081675903379,1.9341782461378012,-20.000000000000007
-0.21911557977763285,1.9280293602799903,-20.000000000000007
-0.19902903365197608,1.6778574345842012,-20.000000000000007
-0.22172921539414445,1.9335355176097075,-20.000000000000007
-0.21248743473298976,1.8569242044846712,-20.000000000000007
-0.20404430865962883,1.7471900021231153,-20.000000000000007
-0.2196570342500176,1.93847326178661,-20.000000000000007
-0.18888897604606417,1.5748627885679038,-20.000000000000007
-0.21204973859417786,1.8497531531648246,-20.000000000000007
-0.20117245829941957,1.705762081239453,-20.000000000000007
-0.2042962912994226,1.750957634344255,-20.000000000000007
-0.21268690793811407,1.8605267460668862,-20.000000000000007
-0.21131112123821422,1.8344780198494133,-20.000000000000007
-0.22140461161028013,1.9284170608693034,-20.000000000000007
-0.21295636326596956,1.8553596150545901,-20.000000000000007
-0.22648238142985588,1.9291234648130597,-20.000000000000007
-0.2204517092827924,1.9350526994791255,-20.000000000000007
-0.22165365018388802,1.934937894292791,-20.000000000000007
-0.2319241103675097,1.9094552988336222,-20.000000000000007
-0.2370807582597576,1.908823347317173,-20.000000000000007
-0.24834576660585977,1.7744071982053709,-20.000000000000007
-0.2571346133128012,1.768633145610071,-20.000000000000007
-0.2548418158594415,1.7686168378818954,-20.000000000000007
-0.2797669518203999,1.5259922515416307,-20.000000000000007
-0.2789505387680826,1.5422474317025268,-20.000000000000007
-0.2708489190434185,1.7152176944935975,-20.000000000000007
-0.28023056887534203,1.514523961841914,-20.000000000000007
-0.2598419870530718,1.774515766542023,-20.000000000000007
-0.28059149327159716,1.510267635465585,-20.000000000000007
-0.2645600880082273,1.7622864259984372,-20.000000000000007
-0.24904336114876136,1.7522022919598264,-20.000000000000007
-0.2062251900717957,1.7691642400984764,-20.000000000000007
-0.16015086704143033,1.4658572207674503,-20.000000000000007
-0.13500799762049986,1.4901723146345816,-20.000000000000007
-0.13162334867738157,1.512553191202664,-20.000000000000007
-0.13496593015556185,1.4904004997731795,-20.000000000000007
-0.13541503259313706,1.4948226663941326,-20.000000000000007
-0.13766033188648452,1.4110074467856224,-20.000000000000007
-0.1489623238983579,1.441250436214657,-20.000000000000007
-0.14969871320520375,1.437675006587023,-20.000000000000007
-0.1489623238983579,1.4412504362146568,-20.000000000000007
-0.1363431436907083,1.469091816603712,-20.000000000000007
-0.13559501490126286,1.4971204706629226,-20.000000000000007
-0.13559501490126288,1.4971204706629226,-20.000000000000007
-0.13559501490126286,1.4971204706629226,-20.000000000000007
-0.1363431436907083,1.469091816603712,-20.000000000000007
-0.13766089245675403,1.4109848407592605,-20.000000000000007
-0.13766089245675406,1.4109848407592605,-20.000000000000007
-0.1489623238983579,1.4412504362146568,-20.000000000000007
-0.14896232389835787,1.441250436214657,-20.000000000000007
-0.1494730360369043,1.4401127615108213,-20.000000000000007
-0.14969871320520375,1.4376750065870232,-20.000000000000007
-0.1377468926182409,1.4138227263361496,-20.000000000000007
-0.13766089245675406,1.4109848407592605,-20.000000000000007
-0.13766089245675403,1.4109848407592602,-20.000000000000007
-0.1363431436907083,1.4690918166037121,-20.000000000000007
-0.1363431436907083,1.4690918166037121,-20.000000000000007
-0.1362648890948696,1.4776041952523142,-20.000000000000007
-0.1362648890948696,1.4776041952523142,-20.000000000000007
-0.1362648890948696,1.4776041952523142,-20.000000000000007
-0.1363431436907083,1.4690918166037121,-20.000000000000007
-0.13774689261824094,1.4138227263361496,-20.000000000000007
-0.1377468926182409,1.4138227263361496,-20.000000000000007
-0.13766089245675403,1.4109848407592605,-20.000000000000007
-0.1363431436907083,1.469091816603712,-20.000000000000007
-0.13559501490126286,1.4971204706629224,-20.000000000000007
-0.1352364542451437,1.4956132648969094,-20.000000000000007
-0.13523645424514372,1.4956132648969094,-20.000000000000007
-0.13559501490126286,1.4971204706629226,-20.000000000000007
-0.13559501490126286,1.4971204706629226,-20.000000000000007
-0.13559501490126286,1.4971204706629226,-20.000000000000007
-0.14975414285615307,1.4356134548649337,-20.000000000000007
-0.18885818653230282,1.5776548930151266,-20.000000000000007
-0.23115401600962326,1.907146398433995,-20.000000000000007
-0.25033868249001257,1.7125323496131353,-20.000000000000007
-0.24749479559217244,1.7990400987821107,-20.000000000000007
-0.20139347992708184,1.7055505241438342,-20.000000000000007
-0.16015086704143036,1.4658572207674503,-20.000000000000007
-0.13496593015556185,1.490400499773179,-20.000000000000007
-0.13160506288298884,1.5132325960306734,-20.000000000000007
-0.13162334867738157,1.512553191202664,-20.000000000000007
-0.13162334867738157,1.512553191202664,-20.000000000000007
-0.13496593015556188,1.4904004997731792,-20.000000000000007
-0.13496974848001758,1.490732776495604,-20.000000000000007
-0.13523645424514372,1.4956132648969092,-20.000000000000007
-0.13559501490126286,1.4971204706629226,-20.000000000000007
-0.13559501490126286,1.4971204706629226,-20.000000000000007
-0.1352364542451437,1.4956132648969094,-20.000000000000007
-0.13523645424514372,1.4956132648969094,-20.000000000000007
-0.13500799762049986,1.4901723146345818,-20.000000000000007
-0.13500799762049986,1.4901723146345818,-20.000000000000007
-0.13505647193701792,1.4933154606281192,-20.000000000000007
-0.13523645424514372,1.4956132648969092,-20.000000000000007
-0.13559501490126286,1.4971204706629226,-20.000000000000007
-0.13559501490126286,1.4971204706629226,-20.000000000000007
-0.13559501490126286,1.4971204706629224,-20.000000000000007
-0.13559501490126286,1.4971204706629229,-20.000000000000007
-0.13541503259313709,1.4948226663941329,-20.000000000000007
-0.13559501490126288,1.4971204706629226,-20.000000000000007
-0.13559501490126286,1.4971204706629226,-20.000000000000007
-0.13559501490126286,1.4971204706629226,-20.000000000000007
-0.13559501490126288,1.4971204706629226,-20.000000000000007
-0.13559501490126286,1.4971204706629226,-20.000000000000007
-0.1352364542451437,1.4956132648969094,-20.000000000000007
-0.13523645424514372,1.495613264896909,-20.000000000000007
-0.13559501490126288,1.4971204706629224,-20.000000000000007
-0.13626488909486958,1.4776041952523142,-20.000000000000007
-0.13634314369070832,1.469091816603712,-20.000000000000007
-0.13766089245675403,1.4109848407592605,-20.000000000000007
-0.13634314369070832,1.4690918166037121,-20.000000000000007
-0.13559501490126288,1.4971204706629226,-20.000000000000007
-0.13559501490126286,1.4971204706629226,-20.000000000000007
-0.13541503259313706,1.4948226663941324,-20.000000000000007
-0.13541503259313706,1.4948226663941324,-20.000000000000007
-0.13541503259313706,1.4948226663941326,-20.000000000000007
-0.13559501490126286,1.4971204706629226,-20.000000000000007
-0.14975414285615307,1.4356134548649337,-20.000000000000007
-0.18842511370101273,1.5738540301251949,-20.000000000000007
-0.2310673450614077,1.9069034785636467,-20.000000000000007
-0.24948472107503603,1.7417384223272254,-20.000000000000007
-0.2451925693676752,1.822601151098579,-20.000000000000007
-0.19585034827272613,1.6385653706310408,-20.000000000000007
-0.151885716309857,1.402262875380409,-20.000000000000007
-0.13496593015556185,1.490400499773179,-20.000000000000007
-0.1316233486773816,1.512553191202664,-20.000000000000007
-0.13496593015556185,1.490400499773179,-20.000000000000007
-0.13523645424514372,1.4956132648969094,-20.000000000000007
-0.13559501490126286,1.4971204706629226,-20.000000000000007
-0.13559501490126288,1.4971204706629226,-20.000000000000007
-0.13559501490126288,1.4971204706629224,-20.000000000000007
-0.13559501490126286,1.4971204706629226,-20.000000000000007
-0.13559501490126288,1.4971204706629224,-20.000000000000007
-0.13541503259313709,1.4948226663941324,-20.000000000000007
-0.1350079976204999,1.4901723146345818,-20.000000000000007
-0.13496593015556188,1.4904004997731795,-20.000000000000007
-0.13496593015556185,1.490400499773179,-20.000000000000007
-0.1322518888393985,1.505849498802996,-20.000000000000007
-0.13225188883939853,1.505849498802996,-20.000000000000007
-0.13496593015556188,1.4904004997731795,-20.000000000000007
-0.1352364542451437,1.4956132648969094,-20.000000000000007
-0.1352364542451437,1.4956132648969094,-20.000000000000007
-0.13559501490126286,1.4971204706629226,-20.000000000000007
-0.13523645424514372,1.4956132648969094,-20.000000000000007
-0.13523645424514372,1.4956132648969094,-20.000000000000007
-0.1352364542451437,1.4956132648969092,-20.000000000000007
-0.13523645424514372,1.4956132648969094,-20.000000000000007
-0.13541503259313706,1.4948226663941324,-20.000000000000007
-0.1352364542451437,1.4956132648969094,-20.000000000000007
-0.1352364542451437,1.4956132648969094,-20.000000000000007
-0.1352364542451437,1.4956132648969094,-20.000000000000007
-0.13523645424514372,1.4956132648969094,-20.000000000000007
-0.1362648890948696,1.4776041952523142,-20.000000000000007
-0.13523645424514372,1.4956132648969094,-20.000000000000007
-0.13496593015556188,1.4904004997731792,-20.000000000000007
-0.12962373824809628,1.5255562980702633,-20.000000000000007
-0.12540408018203894,1.5225047004235048,-20.000000000000007
-0.13162334867738157,1.512553191202664,-20.000000000000007
-0.1350079976204999,1.4901723146345818,-20.000000000000007
-0.13559501490126286,1.4971204706629226,-20.000000000000007
-0.1363431436907083,1.469091816603712,-20.000000000000007
-0.13500799762049986,1.4901723146345818,-20.000000000000007
-0.13766089245675403,1.4109848407592605,-20.000000000000007
-0.1894245325731731,1.5791548760255545,-20.000000000000007
-0.24847471089504092,1.7786832186705117,-20.000000000000007
-0.2765382839592563,1.611646186148894,-20.000000000000007
-0.2638218733712482,1.762541273985363,-20.000000000000007
-0.2203653073121267,1.9351127532832417,-20.000000000000007
-0.16491224342351885,1.4962079272044326,-20.000000000000007
-0.13496593015556188,1.4904004997731792,-20.000000000000007
-0.12962373824809628,1.525556298070263,-20.000000000000007
-0.1296237382480963,1.525556298070263,-20.000000000000007
-0.1316233486773816,1.512553191202664,-20.000000000000007
-0.13162334867738157,1.512553191202664,-20.000000000000007
-0.13496593015556185,1.490400499773179,-20.000000000000007
-0.1350079976204999,1.4901723146345818,-20.000000000000007
-0.13523645424514372,1.4956132648969094,-20.000000000000007
-0.13541503259313706,1.4948226663941326,-20.000000000000007
-0.13541503259313706,1.4948226663941324,-20.000000000000007
-0.1352364542451437,1.4956132648969094,-20.000000000000007
-0.1352364542451437,1.4956132648969094,-20.000000000000007
-0.13541503259313709,1.4948226663941329,-20.000000000000007
-0.13559501490126286,1.4971204706629226,-20.000000000000007
-0.1352364542451437,1.4956132648969094,-20.000000000000007
-0.13559501490126286,1.4971204706629226,-20.000000000000007
-0.13626488909486958,1.4776041952523142,-20.000000000000007
-0.13766089245675403,1.4109848407592605,-20.000000000000007
-0.13766089245675403,1.4109848407592602,-20.000000000000007
-0.13634314369070832,1.469091816603712,-20.000000000000007
-0.13559501490126288,1.4971204706629224,-20.000000000000007
-0.13523645424514372,1.4956132648969094,-20.000000000000007
-0.13523645424514372,1.4956132648969094,-20.000000000000007
-0.13559501490126288,1.4971204706629226,-20.000000000000007
-0.13559501490126288,1.4971204706629226,-20.000000000000007
-0.13559501490126288,1.4971204706629226,-20.000000000000007
-0.1352364542451437,1.4956132648969092,-20.000000000000007
-0.1352364542451437,1.4956132648969092,-20.000000000000007
-0.1363431436907083,1.469091816603712,-20.000000000000007
-0.137660892456754,1.4109848407592605,-20.000000000000007
-0.13766089245675406,1.4109848407592605,-20.000000000000007
-0.13766089245675403,1.4109848407592605,-20.000000000000007
-0.13559501490126286,1.4971204706629226,-20.000000000000007
-0.13541503259313709,1.4948226663941326,-20.000000000000007
-0.1352364542451437,1.4956132648969094,-20.000000000000007
-0.13523645424514372,1.4956132648969092,-20.000000000000007
-0.1352364542451437,1.4956132648969094,-20.000000000000007
-0.1352364542451437,1.4956132648969092,-20.000000000000007
-0.14969871320520375,1.4376750065870232,-20.000000000000007
-0.18888897604606417,1.574862788567904,-20.000000000000007
-0.23546211713039733,1.9186949126653676,-20.000000000000007
-0.2509269948791573,1.7293448897710837,-20.000000000000007
-0.2475472039734256,1.7997482448718514,-20.000000000000007
-0.19585537949812196,1.638485884200473,-20.000000000000007
-0.14975414285615304,1.4356134548649337,-20.000000000000007
-0.13496593015556185,1.4904004997731792,-20.000000000000007
-0.13162334867738157,1.5125531912026637,-20.000000000000007
-0.1316233486773816,1.5125531912026637,-20.000000000000007
-0.13496593015556185,1.4904004997731792,-20.000000000000007
-0.13496974848001758,1.4907327764956038,-20.000000000000007
-0.1352364542451437,1.4956132648969094,-20.000000000000007
-0.13559501490126286,1.4971204706629226,-20.000000000000007
-0.13559501490126288,1.4971204706629226,-20.000000000000007
-0.13559501490126286,1.4971204706629226,-20.000000000000007
-0.13559501490126286,1.4971204706629226,-20.000000000000007
-0.13523645424514372,1.4956132648969094,-20.000000000000007
-0.13541503259313706,1.4948226663941326,-20.000000000000007
-0.13523645424514372,1.4956132648969094,-20.000000000000007
-0.13559501490126288,1.4971204706629226,-20.000000000000007
-0.1352364542451437,1.4956132648969092,-20.000000000000007
-0.13559501490126286,1.4971204706629226,-20.000000000000007
-0.17917386072802038,1.5901780441278877,-20.000000000000007
-0.21896327629267132,1.9297285954014647,-20.000000000000007
-0.24525925773390972,1.8227732630955016,-20.000000000000007
-0.2487455686233619,1.7709263334737653,-20.000000000000007
-0.22081264453172947,1.938968176659107,-20.000000000000007
-0.179509115801908,1.5810607140359074,-20.000000000000007
-0.13559501490126286,1.4971204706629226,-20.000000000000007
-0.13496593015556185,1.490400499773179,-20.000000000000007
-0.13496593015556188,1.4904004997731792,-20.000000000000007
-0.13496974848001758,1.4907327764956042,-20.000000000000007
-0.13505647193701792,1.4933154606281196,-20.000000000000007
-0.13523645424514372,1.4956132648969092,-20.000000000000007
-0.13559501490126286,1.4971204706629226,-20.000000000000007
-0.13559501490126286,1.4971204706629226,-20.000000000000007
-0.13559501490126286,1.4971204706629226,-20.000000000000007
-0.13541503259313709,1.4948226663941326,-20.000000000000007
-0.1350079976204999,1.4901723146345818,-20.000000000000007
-0.13500799762049986,1.4901723146345818,-20.000000000000007
-0.13505647193701792,1.4933154606281194,-20.000000000000007
-0.13505647193701792,1.4933154606281196,-20.000000000000007
-0.13523645424514372,1.4956132648969094,-20.000000000000007
-0.1350079976204999,1.490172314634582,-20.000000000000007
-0.14975414285615304,1.435613454864934,-20.000000000000007
-0.1931594325272424,1.6118386740500747,-20.000000000000007
-0.2451925693676752,1.8226011510985791,-20.000000000000007
-0.26151030539202796,1.767346810094028,-20.000000000000007
-0.25000367969224213,1.7348115636756967,-20.000000000000007
-0.19316194813994036,1.6117989308347909,-20.000000000000007
-0.14969871320520373,1.437675006587023,-20.000000000000007
-0.1322518888393985,1.5058494988029958,-20.000000000000007
-0.12962373824809628,1.525556298070263,-20.000000000000007
-0.13160506288298884,1.5132325960306734,-20.000000000000007
-0.12962373824809628,1.525556298070263,-20.000000000000007
-0.12684286767579064,1.5197244813100856,-20.000000000000007
-0.13160506288298884,1.5132325960306732,-20.000000000000007
-0.1316233486773816,1.512553191202664,-20.000000000000007
-0.13496974848001758,1.490732776495604,-20.000000000000007
-0.13496593015556188,1.4904004997731792,-20.000000000000007
-0.13160506288298887,1.5132325960306734,-20.000000000000007
-0.1296237382480963,1.525556298070263,-20.000000000000007
-0.1296237382480963,1.525556298070263,-20.000000000000007
-0.1316233486773816,1.5125531912026637,-20.000000000000007
-0.13496593015556185,1.490400499773179,-20.000000000000007
-0.1316233486773816,1.5125531912026637,-20.000000000000007
-0.13496593015556188,1.4904004997731795,-20.000000000000007
-0.16226514651890211,1.4799780943445653,-20.000000000000007
-0.21247740178589644,1.8482623387946076,-20.000000000000007
-0.24751990564399284,1.7992612868427913,-20.000000000000007
-0.2475439191850135,1.798329388501767,-20.000000000000007
-0.212492495462084,1.848023879502905,-20.000000000000007
-0.16015086704143033,1.4658572207674503,-20.000000000000007
-0.13496593015556185,1.4904004997731795,-20.000000000000007
-0.13160506288298884,1.5132325960306734,-20.000000000000007
-0.1316233486773816,1.512553191202664,-20.000000000000007
-0.13162334867738157,1.5125531912026637,-20.000000000000007
-0.12684286767579067,1.5197244813100856,-20.000000000000007
-0.1296237382480963,1.525556298070263,-20.000000000000007
-0.13225188883939853,1.5058494988029958,-20.000000000000007
-0.13496593015556188,1.4904004997731792,-20.000000000000007
-0.13496593015556188,1.490400499773179,-20.000000000000007
-0.13162334867738157,1.512553191202664,-20.000000000000007
-0.12684286767579067,1.5197244813100856,-20.000000000000007
-0.13160506288298887,1.5132325960306734,-20.000000000000007
-0.1350079976204999,1.4901723146345818,-20.000000000000007
-0.14975414285615304,1.435613454864934,-20.000000000000007
-0.16175363895024922,1.4767475548411564,-20.000000000000007
-0.14975414285615304,1.435613454864934,-20.000000000000007
-0.14969871320520375,1.4376750065870234,-20.000000000000007
-0.13766089245675403,1.4109848407592605,-20.000000000000007
-0.1363431436907083,1.4690918166037121,-20.000000000000007
-0.14975414285615307,1.4356134548649337,-20.000000000000007
-0.1622651465189021,1.4799780943445653,-20.000000000000007
-0.16015086704143033,1.4658572207674505,-20.000000000000007
-0.16015086704143033,1.4658572207674503,-20.000000000000007
-0.13766089245675403,1.4109848407592602,-20.000000000000007
-0.1352364542451437,1.4956132648969094,-20.000000000000007
-0.13496593015556185,1.4904004997731792,-20.000000000000007
-0.13496593015556188,1.4904004997731792,-20.000000000000007
-0.13225188883939853,1.505849498802996,-20.000000000000007
-0.1316233486773816,1.512553191202664,-20.000000000000007
-0.13160506288298884,1.5132325960306734,-20.000000000000007
-0.12942838191366204,1.5266195020865656,-20.000000000000007
-0.12684286767579064,1.5197244813100859,-20.000000000000007
-0.12540407940220547,1.5225030507157356,-20.000000000000007
-0.12405129492932987,1.5281230603556573,-20.000000000000007
-0.12405129492932987,1.5281230603556573,-20.000000000000007
-0.12405129492932988,1.5281230603556573,-20.000000000000007
-0.12540408018203894,1.5225047004235046,-20.000000000000007
-0.12962373824809628,1.5255562980702628,-20.000000000000007
-0.13496593015556188,1.4904004997731792,-20.000000000000007
-0.13559501490126286,1.4971204706629226,-20.000000000000007
-0.1377468926182409,1.4138227263361496,-20.000000000000007
-0.15098649128259778,1.3992341320455806,-20.000000000000007
-0.16175363895024922,1.4767475548411566,-20.000000000000007
-0.1617536389502492,1.4767475548411564,-20.000000000000007
-0.1509864912825978,1.3992341320455806,-20.000000000000007
-0.14896232389835787,1.441250436214657,-20.000000000000007
-0.13559501490126288,1.4971204706629224,-20.000000000000007
-0.13505647193701792,1.4933154606281194,-20.000000000000007
-0.13496593015556185,1.490400499773179,-20.000000000000007
-0.13496593015556185,1.490400499773179,-20.000000000000007
-0.1322518888393985,1.505849498802996,-20.000000000000007
-0.13162334867738157,1.512553191202664,-20.000000000000007
-0.12962373824809628,1.525556298070263,-20.000000000000007
-0.12540408018203894,1.5225047004235048,-20.000000000000007
-0.12540407940220547,1.5225030507157353,-20.000000000000007
-0.12405129492932987,1.5281230603556573,-20.000000000000007
-0.1254040794022055,1.5225030507157353,-20.000000000000007
-0.12540408018203894,1.522504700423505,-20.000000000000007
-0.13162334867738157,1.512553191202664,-20.000000000000007
-0.13496593015556188,1.4904004997731792,-20.000000000000007
-0.13541503259313709,1.4948226663941326,-20.000000000000007
-0.13774689261824094,1.4138227263361496,-20.000000000000007
-0.14961452095757002,1.4408829749123404,-20.000000000000007
-0.16015086704143033,1.4658572207674505,-20.000000000000007
-0.16491224342351887,1.4962079272044326,-20.000000000000007
-0.17337853243457835,1.5519365666422185,-20.000000000000007
-0.17337853243457832,1.5519365666422185,-20.000000000000007
-0.1627002308005726,1.4821412217524914,-20.000000000000007
-0.1489623238983579,1.441250436214657,-20.000000000000007
-0.13559501490126286,1.4971204706629224,-20.000000000000007
-0.13498758716990603,1.490284182800638,-20.000000000000007
-0.13496593015556185,1.490400499773179,-20.000000000000007
-0.13434189990028764,1.4942024153350568,-20.000000000000007
-0.1322518888393985,1.505849498802996,-20.000000000000007
-0.13162334867738157,1.512553191202664,-20.000000000000007
-0.12962373824809628,1.525556298070263,-20.000000000000007
-0.1296237382480963,1.525556298070263,-20.000000000000007
-0.1296237382480963,1.525556298070263,-20.000000000000007
-0.12962373824809628,1.525556298070263,-20.000000000000007
-0.1316233486773816,1.5125531912026637,-20.000000000000007
-0.1349582935066505,1.4897359463283295,-20.000000000000007
-0.13523645424514372,1.4956132648969094,-20.000000000000007
-0.1350079976204999,1.4901723146345818,-20.000000000000007
-0.13523645424514372,1.4956132648969092,-20.000000000000007
-0.13766089245675406,1.4109848407592607,-20.000000000000007
-0.16015086704143033,1.4658572207674505,-20.000000000000007
-0.1754824483155792,1.566996165209496,-20.000000000000007
-0.17716407672167847,1.5760687284044748,-20.000000000000007
-0.17426758362483646,1.5596310191219989,-20.000000000000007
-0.1497541574130439,1.4356391577721634,-20.000000000000007
-0.13766089245675403,1.4109848407592605,-20.000000000000007
-0.1352364542451437,1.4956132648969092,-20.000000000000007
-0.13496593015556185,1.490400499773179,-20.000000000000007
-0.1316233486773816,1.5125531912026637,-20.000000000000007
-0.13162334867738157,1.5125531912026637,-20.000000000000007
-0.1316233486773816,1.512553191202664,-20.000000000000007
-0.1322518888393985,1.5058494988029958,-20.000000000000007
-0.1322518888393985,1.5058494988029958,-20.000000000000007
-0.13162334867738157,1.5125531912026637,-20.000000000000007
-0.13162334867738157,1.512553191202664,-20.000000000000007
-0.12962373824809628,1.5255562980702628,-20.000000000000007
-0.12684286767579064,1.5197244813100856,-20.000000000000007
-0.12684286767579067,1.5197244813100856,-20.000000000000007
-0.12684286767579064,1.5197244813100856,-20.000000000000007
-0.12684286767579064,1.519724481310086,-20.000000000000007
-0.12684286767579064,1.5197244813100859,-20.000000000000007
-0.14975414285615307,1.4356134548649337,-20.000000000000007
-0.22610759256986956,1.9325016497505667,-20.000000000000007
-0.30141740545830387,1.5417009825585575,-20.000000000000007
-0.3730487426236888,1.493256745104616,-20.000000000000007
-0.4101118295890799,1.496430714092568,-20.000000000000007
-0.4429996076485113,1.443326995301033,-20.000000000000007
-0.4506943971718018,1.4118098091549105,-20.000000000000007
-0.4432197161562041,1.4442310916114527,-20.000000000000007
-0.44321971615620404,1.4442310916114525,-20.000000000000007
-0.42933081653906446,1.4157020134423903,-20.000000000000007
-0.4174996617894521,1.5066815318327111,-20.000000000000007
-0.41996236129394926,1.4666853384376068,-20.000000000000007
-0.40923390337267246,1.5005311159953545,-20.000000000000007
-0.3943322182783051,1.499873174491488,-20.000000000000007
-0.36628848947311465,1.4993391446090014,-20.000000000000007
-0.3395896697085145,1.499888161455156,-20.000000000000007
-0.31120690709506654,1.4998640659606415,-20.000000000000007
-0.2779634009078582,1.506401480561423,-20.000000000000007
-0.24753611064781525,1.7981305890838026,-20.000000000000007
-0.20117245829941957,1.7057620812394532,-20.000000000000007
-0.18837473412143405,1.573377960684116,-20.000000000000007
-0.17950911580190798,1.5810607140359072,-20.000000000000007
-0.1822603459450228,1.575240624019803,-20.000000000000007
-0.1825017305184254,1.5731434678747531,-20.000000000000007
-0.1894245325731731,1.5791548760255547,-20.000000000000007
-0.20404430865962886,1.7471900021231153,-20.000000000000007
-0.21248743473298978,1.8569242044846717,-20.000000000000007
-0.23099871432503813,1.9110800623980295,-20.000000000000007
-0.22959559270852004,1.9265005679165847,-20.000000000000007
-0.2495054676988277,1.7506184474221234,-20.000000000000007
-0.24431076490960957,1.8291243725315858,-20.000000000000007
-0.26113855924715723,1.7671615564321421,-20.000000000000007
-0.2502845554208488,1.7235141714337492,-20.000000000000007
-0.27686892547354014,1.5332495441711376,-20.000000000000007
-0.2570717700453038,1.7713576571960261,-20.000000000000007
-0.2663559328666817,1.7603067244530752,-20.000000000000007
-0.26404892623071796,1.7598795023714362,-20.000000000000007
-0.26311686092271447,1.7633229437224207,-20.000000000000007
-0.26675651348288526,1.7618320179012812,-20.000000000000007
-0.2648358141067279,1.7601820209114332,-20.000000000000007
-0.2779715575107142,1.50586089147857,-20.000000000000007
-0.26657818754098117,1.7617140186301459,-20.000000000000007
-0.2753451016599375,1.5791338225699156,-20.000000000000007
-0.2443107649096095,1.8291243725315856,-20.000000000000007
-0.22959559270852006,1.9265005679165843,-20.000000000000007
-0.18885818653230285,1.5776548930151268,-20.000000000000007
-0.22903447707550284,1.9276403862238336,-20.000000000000007
-0.2535492246500696,1.7668554769849827,-20.000000000000007
-0.30970322821772656,1.5055559396463685,-20.000000000000007
-0.34138492195374215,1.4987926017427837,-20.000000000000007
-0.3787162830234586,1.4980753451176059,-20.000000000000007
-0.40385668524635043,1.4997995334737233,-20.000000000000007
-0.4053381467854825,1.5013583301981752,-20.000000000000007
-0.4185266789669743,1.5139578154319868,-20.000000000000007
-0.4176508834504771,1.5152942860756486,-20.000000000000007
-0.41836308914762665,1.510816079957321,-20.000000000000007
-0.42837561181833783,1.4276806079072213,-20.000000000000007
-0.425328445478336,1.4330151509482347,-20.000000000000007
-0.4150667719380019,1.5107358187045508,-20.000000000000007
-0.40203918613546213,1.497011377516163,-20.000000000000007
-0.37801125751271497,1.4971910562699304,-20.000000000000007
-0.35387913229162754,1.4989608649185713,-20.000000000000007
-0.32551725246603425,1.4984893661709882,-20.000000000000007
-0.2851354307108087,1.5353985649857194,-20.000000000000007
-0.24937635750008266,1.7544027737039827,-20.000000000000007
-0.20404430865962883,1.7471900021231153,-20.000000000000007
-0.17716407672167844,1.5760687284044748,-20.000000000000007
-0.1489623238983579,1.4412504362146568,-20.000000000000007
-0.13766089245675406,1.4109848407592602,-20.000000000000007
-0.1377468926182409,1.4138227263361496,-20.000000000000007
-0.151885716309857,1.402262875380409,-20.000000000000007
-0.17917386072802038,1.5901780441278879,-20.000000000000007
-0.179509115801908,1.5810607140359074,-20.000000000000007
-0.18842511370101278,1.5738540301251946,-20.000000000000007
-0.18842511370101273,1.5738540301251949,-20.000000000000007
-0.19303815211615682,1.6120202560143866,-20.000000000000007
-0.20117245829941957,1.7057620812394532,-20.000000000000007
-0.2040443086596288,1.7471900021231153,-20.000000000000007
-0.20587468808445003,1.7697390646642215,-20.000000000000007
-0.2040443086596288,1.7471900021231153,-20.000000000000007
-0.21248743473298978,1.8569242044846717,-20.000000000000007
-0.21268690793811412,1.860526746066886,-20.000000000000007
-0.2276014464421608,1.9245423734898097,-20.000000000000007
-0.22752520271182752,1.9264565813725267,-20.000000000000007
-0.2461083143214935,1.8161161492556017,-20.000000000000007
-0.23680819581554183,1.9141570200209541,-20.000000000000007
-0.2502845554208488,1.7235141714337496,-20.000000000000007
-0.24352941008181267,1.8371727099357726,-20.000000000000007
-0.23099871432503813,1.9110800623980295,-20.000000000000007
-0.21248743473298976,1.8569242044846719,-20.000000000000007
-0.20438912631107453,1.746757119847901,-20.000000000000007
-0.24983746969752973,1.735072632605674,-20.000000000000007
-0.30102068032236995,1.5476996980544975,-20.000000000000007
-0.3722854509478382,1.4944032144150174,-20.000000000000007
-0.404213037999049,1.4931293671170576,-20.000000000000007
-0.4391716054598654,1.4292727233241205,-20.000000000000007
-0.45257939691043614,1.3979964485572298,-20.000000000000007
-0.4386924958764253,1.4318355823356506,-20.000000000000007
-0.44226892750226326,1.4440091154848893,-20.000000000000007
-0.4271310437268542,1.4203607515285754,-20.000000000000007
-0.4180726867138,1.5054611306786705,-20.000000000000007
-0.4184878068045613,1.5051039809863336,-20.000000000000007
-0.4160824554062566,1.5095080842971453,-20.000000000000007
-0.4007441183700504,1.496572205295311,-20.000000000000007
-0.3822265612054764,1.5019247177367312,-20.000000000000007
-0.36069772929659016,1.4985714247651227,-20.000000000000007
-0.33641555639116916,1.5008646439111597,-20.000000000000007
-0.31751689944943423,1.497671199890224,-20.000000000000007
-0.2819728095429526,1.5051506434227453,-20.000000000000007
-0.2591663974601999,1.7765850537691925,-20.000000000000007
-0.23099871432503816,1.9110800623980295,-20.000000000000007
-0.21086836437030812,1.8362072935113323,-20.000000000000007
-0.18837473412143407,1.5733779606841163,-20.000000000000007
-0.17917386072802038,1.5901780441278879,-20.000000000000007
-0.17337853243457835,1.5519365666422185,-20.000000000000007
-0.1727105924878417,1.547567701554894,-20.000000000000007
-0.17950911580190798,1.5810607140359076,-20.000000000000007
-0.18226034594502277,1.575240624019803,-20.000000000000007
-0.18885818653230282,1.5776548930151266,-20.000000000000007
-0.18888897604606414,1.574862788567904,-20.000000000000007
-0.18885818653230285,1.5776548930151268,-20.000000000000007
-0.20336587397443143,1.7364901842809186,-20.000000000000007
-0.18888897604606414,1.5748627885679038,-20.000000000000007
-0.21973920250494974,1.9377011394222412,-20.000000000000007
-0.21248743473298976,1.8569242044846714,-20.000000000000007
-0.2347545023126958,1.9281064475977507,-20.000000000000007
-0.23173800461227242,1.9132869734140188,-20.000000000000007
-0.23427543873942852,1.9312777803575027,-20.000000000000007
-0.23694490055219258,1.9126502193242834,-20.000000000000007
-0.23007702164657623,1.9262378209855202,-20.000000000000007
-0.2389013003457062,1.8932343026524168,-20.000000000000007
-0.23429647240691143,1.929734783076458,-20.000000000000007
-0.23432972164530766,1.9312934373310124,-20.000000000000007
-0.20138593308898806,1.7056697537896857,-20.000000000000007
-0.18250173051842533,1.5731434678747531,-20.000000000000007
-0.17933485877093766,1.5832655028315092,-20.000000000000007
-0.20587468808445009,1.7697390646642217,-20.000000000000007
-0.25065855339975707,1.7267162509364218,-20.000000000000007
-0.3113961118758924,1.4997807214720082,-20.000000000000007
-0.33967925220548617,1.4996587372966625,-20.000000000000007
-0.3752466330804457,1.4934056867472312,-20.000000000000007
-0.4009741973081892,1.4958973720788251,-20.000000000000007
-0.4035278768605344,1.4979746326789494,-20.000000000000007
-0.4157939336057512,1.510023175716374,-20.000000000000007
-0.41285297096202445,1.4977885338169057,-20.000000000000007
-0.4131120717914658,1.4988762027907383,-20.000000000000007
-0.4212385201780514,1.4605036391538297,-20.000000000000007
-0.4265731519252687,1.418747743202221,-20.000000000000007
-0.42051765066138075,1.4719272153116887,-20.000000000000007
-0.4038641958221894,1.4937870049526918,-20.000000000000007
-0.38331410187347015,1.50255591476471,-20.000000000000007
-0.3491600189198971,1.498867928032717,-20.000000000000007
-0.3280000794792156,1.499132716028364,-20.000000000000007
-0.30389641771361003,1.5129411258974421,-20.000000000000007
-0.28199086297947396,1.5311414213806551,-20.000000000000007
-0.255163972460992,1.7696946256570065,-20.000000000000007
-0.2264823814298559,1.9291234648130595,-20.000000000000007
-0.18911923876494982,1.5756732257028956,-20.000000000000007
-0.17259283802865877,1.5472393109831906,-20.000000000000007
-0.17917386072802038,1.5901780441278879,-20.000000000000007
-0.17825534106184443,1.5837285229747722,-20.000000000000007
-0.18842511370101275,1.5738540301251949,-20.000000000000007
-0.1891192387649498,1.5756732257028956,-20.000000000000007
-0.1894245325731731,1.5791548760255547,-20.000000000000007
-0.18837473412143407,1.5733779606841163,-20.000000000000007
-0.18250173051842536,1.5731434678747531,-20.000000000000007
-0.18837473412143405,1.573377960684116,-20.000000000000007
-0.1891192387649498,1.5756732257028956,-20.000000000000007
-0.20621950573589576,1.7693061823890073,-20.000000000000007
-0.21245374573352077,1.8480579113474866,-20.000000000000007
-0.23595500071689005,1.9215763779110162,-20.000000000000007
-0.2290706721347102,1.9266742771147656,-20.000000000000007
-0.2502845554208488,1.7235141714337492,-20.000000000000007
-0.2458509835839837,1.8199895893211773,-20.000000000000007
-0.2552945687623248,1.7683024173113582,-20.000000000000007
-0.2534624779930245,1.7661585294388593,-20.000000000000007
-0.25481610299637375,1.771316781629329,-20.000000000000007
-0.2548161029963737,1.7713167816293292,-20.000000000000007
-0.23215632163021183,1.9097076288741353,-20.000000000000007
-0.221465264325651,1.9306074444407773,-20.000000000000007
-0.2062069276724061,1.7695048984654262,-20.000000000000007
-0.2548418158594415,1.7686168378818954,-20.000000000000007
-0.301685842551141,1.537563701954959,-20.000000000000007
-0.3699102698755452,1.5007572535806664,-20.000000000000007
-0.3998141458750494,1.4936560808693218,-20.000000000000007
-0.42811631862998195,1.423491092354493,-20.000000000000007
-0.43896043397334145,1.4280972412565358,-20.000000000000007
-0.4265731519252687,1.418747743202221,-20.000000000000007
-0.42965953927317463,1.4082260330654586,-20.000000000000007
-0.41996236129394915,1.4666853384376068,-20.000000000000007
-0.4151786059017254,1.5130566808901382,-20.000000000000007
-0.4174996617894522,1.5066815318327114,-20.000000000000007
-0.410897082219357,1.4953634837298138,-20.000000000000007
-0.394332218278305,1.499873174491488,-20.000000000000007
-0.3711458918153102,1.4922968048752163,-20.000000000000007
-0.3447056520732638,1.496452421689042,-20.000000000000007
-0.31280367254792,1.5016564574410483,-20.000000000000007
-0.28015984769796337,1.4819241385848267,-20.000000000000007
-0.24753611064781528,1.7981305890838026,-20.000000000000007
-0.21295636326596953,1.8553596150545903,-20.000000000000007
-0.18832435454185534,1.5729018912430373,-20.000000000000007
-0.179509115801908,1.5810607140359074,-20.000000000000007
-0.18226034594502277,1.5752406240198031,-20.000000000000007
-0.18837473412143407,1.573377960684116,-20.000000000000007
-0.19927599968825097,1.6820169922625399,-20.000000000000007
-0.2182751281321456,1.9327711581825628,-20.000000000000007
-0.21248743473298978,1.8569242044846717,-20.000000000000007
-0.22700039482394935,1.9319837126790782,-20.000000000000007
-0.21965703425001756,1.9384732617866098,-20.000000000000007
-0.23595500071689002,1.9215763779110158,-20.000000000000007
-0.22700039482394935,1.9319837126790778,-20.000000000000007
-0.24233012893262862,1.8479407891859196,-20.000000000000007
-0.2309987143250381,1.9110800623980295,-20.000000000000007
-0.2368081958155418,1.9141570200209546,-20.000000000000007
-0.24352941008181267,1.8371727099357729,-20.000000000000007
-0.24420046351354954,1.8315489022356717,-20.000000000000007
-0.24854362529582347,1.7789086625678867,-20.000000000000007
-0.2475199056439928,1.799261286842791,-20.000000000000007
-0.24837144853553447,1.7832149692570538,-20.000000000000007
-0.24445825285810685,1.8275298935859103,-20.000000000000007
-0.24777888585919566,1.7940003259587398,-20.000000000000007
-0.2474947955921724,1.7990400987821107,-20.000000000000007
-0.24741605425029634,1.792231896485593,-20.000000000000007
-0.22092905039895405,1.938085515847724,-20.000000000000007
-0.20138593308898806,1.7056697537896859,-20.000000000000007
-0.18226034594502277,1.5752406240198031,-20.000000000000007
-0.21973920250494972,1.937701139422241,-20.000000000000007
-0.2537543634101053,1.768120989651811,-20.000000000000007
-0.30974872444782503,1.5047213828259638,-20.000000000000007
-0.33974792122680364,1.499799252747827,-20.000000000000007
-0.3737152019591648,1.4923555961151154,-20.000000000000007
-0.4000320930743694,1.4955753063679174,-20.000000000000007
-0.4035278768605344,1.4979746326789494,-20.000000000000007
-0.4169791429204955,1.517277560154018,-20.000000000000007
-0.41447845409002304,1.504076148566746,-20.000000000000007
-0.41779229792618905,1.5177118522792306,-20.000000000000007
-0.4276778440224409,1.4243459545465225,-20.000000000000007
-0.4261883833418211,1.4232137346337992,-20.000000000000007
-0.4181745508969387,1.5073492316550121,-20.000000000000007
-0.40439236271262835,1.4941969581360024,-20.000000000000007
-0.3875259298377685,1.4997140552809936,-20.000000000000007
-0.3663704828503983,1.5015481910681565,-20.000000000000007
-0.34134651214523265,1.4985147194920736,-20.000000000000007
-0.3074330011748714,1.5092559588648091,-20.000000000000007
-0.2642882314432449,1.7623776127609647,-20.000000000000007
-0.21998936254402723,1.931730724066448,-20.000000000000007
-0.17917386072802038,1.5901780441278877,-20.000000000000007
-0.1489623238983579,1.4412504362146568,-20.000000000000007
-0.13559501490126286,1.4971204706629224,-20.000000000000007
-0.14969871320520373,1.437675006587023,-20.000000000000007
-0.17337853243457835,1.5519365666422185,-20.000000000000007
-0.18226034594502277,1.575240624019803,-20.000000000000007
-0.18837473412143405,1.573377960684116,-20.000000000000007
-0.1894245325731731,1.5791548760255547,-20.000000000000007
-0.2040443086596288,1.7471900021231153,-20.000000000000007
-0.2120497385941779,1.8497531531648241,-20.000000000000007
-0.21963480171859642,1.9347726813839259,-20.000000000000007
-0.2189194066326587,1.9363504851979803,-20.000000000000007
-0.22012456876574127,1.9315839867608924,-20.000000000000007
-0.22076855976766024,1.9384962220479847,-20.000000000000007
-0.2291202052050922,1.9262339835287352,-20.000000000000007
-0.22767890684262926,1.9235024893208759,-20.000000000000007
-0.24753253530646158,1.798998389883567,-20.000000000000007
-0.23196923971846883,1.9142976453010256,-20.000000000000007
-0.24983746969752973,1.7350726326056742,-20.000000000000007
-0.23689427279062228,1.9101123132129594,-20.000000000000007
-0.24890207274612192,1.7672005642594528,-20.000000000000007
-0.24237378348858468,1.8463345347353473,-20.000000000000007
-0.22138700232139463,1.92869526337629,-20.000000000000007
-0.2129563632659695,1.8553596150545901,-20.000000000000007
-0.19267016886258165,1.6078401287596833,-20.000000000000007
-0.25034316536252954,1.7113441501340372,-20.000000000000007
-0.29909685524382196,1.5672370040285748,-20.000000000000007
-0.3705164617333685,1.496018274307894,-20.000000000000007
-0.40349486202707235,1.497226312285433,-20.000000000000007
-0.43576391263362,1.4045214251123521,-20.000000000000007
-0.44582073660215166,1.4433430881120313,-20.000000000000007
-0.42942846864684747,1.4101466792497912,-20.000000000000007
-0.43049353441768634,1.4063706891959966,-20.000000000000007
-0.4169791429204954,1.5172775601540178,-20.000000000000007
-0.4100935649151762,1.4968339322623074,-20.000000000000007
-0.41200428005133694,1.4970736597367589,-20.000000000000007
-0.4034579608286871,1.4971104340934205,-20.000000000000007
-0.39068557623349703,1.5028921958945594,-20.000000000000007
-0.36592301240924996,1.501962525903127,-20.000000000000007
-0.3465410842338865,1.4945863517760398,-20.000000000000007
-0.31993457899492006,1.4998113265030868,-20.000000000000007
-0.2898871238686077,1.5811219801635357,-20.000000000000007
-0.2646747328815773,1.7635720933314978,-20.000000000000007
-0.23692544006869806,1.9117402042926064,-20.000000000000007
-0.22041728821468373,1.9348175495022781,-20.000000000000007
-0.2046411089508683,1.7505247520690406,-20.000000000000007
-0.18942453257317315,1.5791548760255547,-20.000000000000007
-0.18226034594502277,1.575240624019803,-20.000000000000007
-0.1804043718668858,1.5611767535850447,-20.000000000000007
-0.17259283802865877,1.5472393109831906,-20.000000000000007
-0.17716407672167844,1.5760687284044745,-20.000000000000007
-0.17950911580190798,1.5810607140359072,-20.000000000000007
-0.18226034594502277,1.575240624019803,-20.000000000000007
-0.1822603459450228,1.5752406240198034,-20.000000000000007
-0.1811061921972143,1.5615965088310682,-20.000000000000007
-0.18250173051842536,1.5731434678747531,-20.000000000000007
-0.18837473412143407,1.573377960684116,-20.000000000000007
-0.18942453257317313,1.5791548760255547,-20.000000000000007
-0.19569031813307733,1.6387809844399344,-20.000000000000007
-0.2182751281321456,1.9327711581825624,-20.000000000000007
-0.21248743473298978,1.8569242044846712,-20.000000000000007
-0.23090645405062973,1.9115449702339888,-20.000000000000007
-0.22028223899943516,1.9396231885002952,-20.000000000000007
-0.2317380046122724,1.913286973414019,-20.000000000000007
-0.22595826031529193,1.9324263488581668,-20.000000000000007
-0.22903447707550287,1.9276403862238338,-20.000000000000007
-0.22701847162298075,1.93090184684529,-20.000000000000007
-0.19303815211615682,1.6120202560143868,-20.000000000000007
-0.18885818653230282,1.5776548930151266,-20.000000000000007
-0.17917386072802038,1.5901780441278879,-20.000000000000007
-0.21248743473298976,1.8569242044846714,-20.000000000000007
-0.2494168558751578,1.7530031422084709,-20.000000000000007
-0.3071821076049665,1.5118522251275395,-20.000000000000007
-0.3395980516182479,1.499706721425643,-20.000000000000007
-0.3772199907419798,1.496622742110284,-20.000000000000007
-0.40302915258153743,1.4965819909037543,-20.000000000000007
-0.40263189477062605,1.495757824352766,-20.000000000000007
-0.4112929861094483,1.4966370846150499,-20.000000000000007
-0.40421303799904906,1.4931293671170576,-20.000000000000007
-0.4051612446894637,1.5015782036563379,-20.000000000000007
-0.4177922979261891,1.5177118522792308,-20.000000000000007
-0.4184319913310187,1.5138488833497876,-20.000000000000007
-0.40439895263010794,1.4956119573844426,-20.000000000000007
-0.3880272623996701,1.5001297690640412,-20.000000000000007
-0.35575141595087567,1.5005163042094618,-20.000000000000007
-0.31324367818862064,1.5031725465532944,-20.000000000000007
-0.27796340090785826,1.506401480561423,-20.000000000000007
-0.21248743473298976,1.8569242044846712,-20.000000000000007
-0.18226034594502277,1.5752406240198031,-20.000000000000007
-0.1754824483155792,1.5669961652094957,-20.000000000000007
-0.16226514651890211,1.479978094344565,-20.000000000000007
-0.18837473412143405,1.573377960684116,-20.000000000000007
-0.18837473412143405,1.573377960684116,-20.000000000000007
-0.2040443086596288,1.7471900021231155,-20.000000000000007
-0.2120497385941779,1.8497531531648241,-20.000000000000007
-0.18942453257317313,1.5791548760255545,-20.000000000000007
-0.21248743473298976,1.8569242044846714,-20.000000000000007
-0.2011724582994196,1.7057620812394532,-20.000000000000007
-0.2111273653160832,1.8393954016667315,-20.000000000000007
-0.21204973859417786,1.8497531531648241,-20.000000000000007
-0.20473650305093238,1.7580889424488189,-20.000000000000007
-0.2011724582994196,1.705762081239453,-20.000000000000007
-0.2108683643703081,1.836207293511332,-20.000000000000007
-0.2047365030509324,1.7580889424488186,-20.000000000000007
-0.2185133510658332,1.936339667920196,-20.000000000000007
-0.21248743473298978,1.8569242044846717,-20.000000000000007
-0.2194162957036321,1.9349444952642607,-20.000000000000007
-0.20473650305093238,1.7580889424488186,-20.000000000000007
-0.2040443086596288,1.7471900021231153,-20.000000000000007
-0.2011724582994196,1.7057620812394534,-20.000000000000007
-0.18842511370101273,1.5738540301251949,-20.000000000000007
-0.20404430865962883,1.7471900021231155,-20.000000000000007
-0.18842511370101275,1.5738540301251949,-20.000000000000007
-0.1894245325731731,1.5791548760255545,-20.000000000000007
-0.21112736531608323,1.8393954016667315,-20.000000000000007
-0.24950546769882764,1.7506184474221236,-20.000000000000007
-0.3025364335747392,1.5308401267774736,-20.000000000000007
-0.36132613931740365,1.4972444149252928,-20.000000000000007
-0.39383011914013405,1.5005027472288621,-20.000000000000007
-0.42440851444361,1.4294291282489648,-20.000000000000007
-0.4386662888589025,1.431507165276586,-20.000000000000007
-0.42057566533020396,1.4696948733521327,-20.000000000000007
-0.41812510789731866,1.5090662852791998,-20.000000000000007
-0.4035196596256286,1.4970491241462653,-20.000000000000007
-0.38921130183428565,1.4997537378964052,-20.000000000000007
-0.3982505248541113,1.4964929751767844,-20.000000000000007
-0.38436704565340807,1.4989195561798436,-20.000000000000007
-0.37207954583898467,1.4949673826337637,-20.000000000000007
-0.3447469639120938,1.496952169167212,-20.000000000000007
-0.31893361972833034,1.4965393251158434,-20.000000000000007
-0.2876643457100394,1.571731324495604,-20.000000000000007
-0.25313329554710273,1.7564251425380384,-20.000000000000007
-0.22779062337643435,1.923211091760339,-20.000000000000007
-0.18885818653230285,1.5776548930151266,-20.000000000000007
-0.18226034594502277,1.575240624019803,-20.000000000000007
-0.1791738607280204,1.5901780441278877,-20.000000000000007
-0.18226034594502277,1.575240624019803,-20.000000000000007
-0.18250173051842536,1.573143467874753,-20.000000000000007
-0.1941542021624192,1.6248355056872368,-20.000000000000007
-0.2040443086596288,1.7471900021231153,-20.000000000000007
-0.21023380688351329,1.8304416245211912,-20.000000000000007
-0.2196570342500176,1.9384732617866098,-20.000000000000007
-0.21023380688351329,1.8304416245211914,-20.000000000000007
-0.2259544067033732,1.9324083385227473,-20.000000000000007
-0.2040443086596288,1.7471900021231153,-20.000000000000007
-0.22016792406061553,1.94105959702796,-20.000000000000007
-0.21023380688351329,1.8304416245211914,-20.000000000000007
-0.2209292477617999,1.9374414169331242,-20.000000000000007
-0.2201245687657412,1.9315839867608924,-20.000000000000007
-0.22036530731212667,1.9351127532832417,-20.000000000000007
-0.2213870023213947,1.92869526337629,-20.000000000000007
-0.21898048682672566,1.9298461703898888,-20.000000000000007
-0.22085600080139556,1.9394481493155231,-20.000000000000007
-0.21307067820478912,1.853923206526925,-20.000000000000007
-0.22061602805144592,1.9243142227981591,-20.000000000000007
-0.20059793323548197,1.743229269371876,-20.000000000000007
-0.20059793323548203,1.743229269371876,-20.000000000000007
-0.17330044017406698,1.56233079589789,-20.000000000000007
-0.16491224342351887,1.4962079272044329,-20.000000000000007
-0.1617536389502492,1.4767475548411564,-20.000000000000007
-0.19569031813307733,1.6387809844399344,-20.000000000000007
-0.24753611064781528,1.7981305890838024,-20.000000000000007
-0.2917028801492418,1.586059592572505,-20.000000000000007
-0.31550812906409614,1.49491576331512,-20.000000000000007
-0.3379845021351284,1.4998962657850357,-20.000000000000007
-0.3534387136714272,1.5007084448653498,-20.000000000000007
-0.3545329780308282,1.4998912295076077,-20.000000000000007
-0.36497286549324226,1.501800571474788,-20.000000000000007
-0.365648863393905,1.5023528621186544,-20.000000000000007
-0.3716938068827961,1.496928801428554,-20.000000000000007
-0.38531567485108065,1.5015842813017624,-20.000000000000007
-0.3911231558521962,1.5037090053803128,-20.000000000000007
-0.387732105581318,1.5000306311518563,-20.000000000000007
-0.38138498063194676,1.4992378804840945,-20.000000000000007
-0.36759062051490266,1.5016324262277538,-20.000000000000007
-0.35088984783593485,1.5001896161864754,-20.000000000000007
-0.32723861329418397,1.4990668076255922,-20.000000000000007
-0.2911941062217189,1.5877170694326266,-20.000000000000007
-0.24983746969752973,1.7350726326056742,-20.000000000000007
-0.19303815211615682,1.6120202560143864,-20.000000000000007
-0.16226514651890211,1.479978094344565,-20.000000000000007
-0.13559501490126286,1.4971204706629226,-20.000000000000007
-0.13496974848001758,1.490732776495604,-20.000000000000007
-0.13559501490126286,1.4971204706629226,-20.000000000000007
-0.13559501490126286,1.4971204706629224,-20.000000000000007
-0.14975414285615307,1.4356134548649337,-20.000000000000007
-0.15098649128259778,1.3992341320455806,-20.000000000000007
-0.17917386072802038,1.5901780441278879,-20.000000000000007
-0.18226034594502277,1.5752406240198031,-20.000000000000007
-0.18885818653230285,1.5776548930151266,-20.000000000000007
-0.20404430865962883,1.7471900021231155,-20.000000000000007
-0.19935853037077328,1.6818694421428093,-20.000000000000007
-0.22733561155602625,1.9262788439550507,-20.000000000000007
-0.2201245687657412,1.9315839867608924,-20.000000000000007
-0.2495054676988277,1.7506184474221234,-20.000000000000007
-0.2475199056439928,1.7992612868427913,-20.000000000000007
-0.26376813706362284,1.7625253917020651,-20.000000000000007
-0.2571346133128012,1.7686331456100712,-20.000000000000007
-0.2761817758897315,1.6138523993466576,-20.000000000000007
-0.2771205916959165,1.5862687918582097,-20.000000000000007
-0.27869757006139995,1.5412398948221346,-20.000000000000007
-0.279371143037495,1.5257136780778133,-20.000000000000007
-0.2481682574744957,1.7779976210840762,-20.000000000000007
-0.23452608175534848,1.9293173658082714,-20.000000000000007
-0.19431423230206796,1.6246198918783434,-20.000000000000007
-0.24753253530646158,1.7989983898835675,-20.000000000000007
-0.2803774808843525,1.5076961034151126,-20.000000000000007
-0.33057098032114973,1.4957217610970284,-20.000000000000007
-0.35775958001571606,1.4989078707052195,-20.000000000000007
-0.37690860718194813,1.4920946990854367,-20.000000000000007
-0.38450432415251073,1.5005548585703061,-20.000000000000007
-0.3813849806319468,1.4992378804840945,-20.000000000000007
-0.39112315585219615,1.5037090053803128,-20.000000000000007
-0.3942839298220896,1.4997611875336299,-20.000000000000007
-0.40274880921922424,1.4969173500593953,-20.000000000000007
-0.4176836524414479,1.5173330455572003,-20.000000000000007
-0.4176836524414479,1.5173330455572003,-20.000000000000007
-0.4150954204190599,1.5060276255044165,-20.000000000000007
-0.40421303799904895,1.4931293671170573,-20.000000000000007
-0.39255868715142866,1.5027051889708603,-20.000000000000007
-0.3722719782529301,1.4945705134042389,-20.000000000000007
-0.35994974565364335,1.4971216446683866,-20.000000000000007
-0.33182154466123154,1.4975051136454285,-20.000000000000007
-0.3119988285792967,1.5039069753068748,-20.000000000000007
-0.28416817145477363,1.5463623922563108,-20.000000000000007
-0.24813754997321757,1.7864819238655665,-20.000000000000007
-0.22743500496688973,1.9256341159656227,-20.000000000000007
-0.1822603459450228,1.575240624019803,-20.000000000000007
-0.17917386072802036,1.5901780441278877,-20.000000000000007
-0.14969871320520373,1.437675006587023,-20.000000000000007
-0.1525536562565937,1.4066317404677338,-20.000000000000007
-0.1509864912825978,1.3992341320455806,-20.000000000000007
-0.17917386072802038,1.5901780441278879,-20.000000000000007
-0.18226034594502277,1.5752406240198031,-20.000000000000007
-0.18885818653230282,1.5776548930151268,-20.000000000000007
-0.2040443086596288,1.7471900021231155,-20.000000000000007
-0.21248743473298976,1.8569242044846717,-20.000000000000007
-0.2368081958155418,1.9141570200209543,-20.000000000000007
-0.23173800461227242,1.9132869734140188,-20.000000000000007
-0.25276036444532335,1.7515370979857021,-20.000000000000007
-0.2368081958155418,1.9141570200209541,-20.000000000000007
-0.25208571156238235,1.7455739038596283,-20.000000000000007
-0.24352941008181267,1.8371727099357726,-20.000000000000007
-0.24941685587515777,1.753003142208471,-20.000000000000007
-0.2485005081750783,1.7781541308881688,-20.000000000000007
-0.24812420006958288,1.7869332679653116,-20.000000000000007
-0.24814112531457128,1.7856141230658018,-20.000000000000007
-0.20404430865962883,1.7471900021231153,-20.000000000000007
-0.18942453257317313,1.5791548760255545,-20.000000000000007
-0.1754824483155792,1.566996165209496,-20.000000000000007
-0.20404430865962886,1.7471900021231157,-20.000000000000007
-0.24338853031189456,1.837601697632469,-20.000000000000007
-0.28339569269116516,1.5216054649451891,-20.000000000000007
-0.3090730473186497,1.507623797768365,-20.000000000000007
-0.32953015778260486,1.4981434793683852,-20.000000000000007
-0.34468755105065624,1.4967260032216954,-20.000000000000007
-0.3463650801810573,1.4964435366508797,-20.000000000000007
-0.35905105728176157,1.4971375635724675,-20.000000000000007
-0.36629191271445494,1.500986808570671,-20.000000000000007
-0.3770111024452963,1.4927630265779332,-20.000000000000007
-0.39383011914013405,1.5005027472288623,-20.000000000000007
-0.40079394732223594,1.493837326925735,-20.000000000000007
-0.39417960143027375,1.499785853152987,-20.000000000000007
-0.38463790832067424,1.5002138145313242,-20.000000000000007
-0.3719055753643097,1.4948734172483877,-20.000000000000007
-0.35706233241746155,1.5001963960145208,-20.000000000000007
-0.3455391986145288,1.497002128678108,-20.000000000000007
-0.32146352852576754,1.4982444701294553,-20.000000000000007
-0.3024033713913366,1.5348900776147751,-20.000000000000007
-0.27892161299125134,1.542440045318342,-20.000000000000007
-0.23487294991383262,1.924519794218358,-20.000000000000007
-0.20438912631107456,1.7467571198479008,-20.000000000000007
-0.17337853243457835,1.5519365666422187,-20.000000000000007
-0.1497541574130439,1.4356391577721634,-20.000000000000007
-0.13559501490126288,1.4971204706629224,-20.000000000000007
-0.13774689261824094,1.4138227263361496,-20.000000000000007
-0.14947306268121344,1.4401096667703466,-20.000000000000007
-0.17259283802865877,1.5472393109831906,-20.000000000000007
-0.17950911580190798,1.5810607140359072,-20.000000000000007
-0.1822603459450228,1.575240624019803,-20.000000000000007
-0.18885818653230285,1.5776548930151268,-20.000000000000007
-0.19577284881559967,1.6386334343202038,-20.000000000000007
-0.21971656199066836,1.9380588283597948,-20.000000000000007
-0.2126869079381141,1.8605267460668862,-20.000000000000007
-0.2368081958155418,1.9141570200209541,-20.000000000000007
-0.22088539733767873,1.931145289038375,-20.000000000000007
-0.24431076490960957,1.8291243725315856,-20.000000000000007
-0.22959559270852004,1.9265005679165847,-20.000000000000007
-0.24338853031189456,1.837601697632469,-20.000000000000007
-0.24233012893262865,1.8479407891859199,-20.000000000000007
-0.23684107118879075,1.914393915086826,-20.000000000000007
-0.24233012893262865,1.8479407891859196,-20.000000000000007
-0.19885325672563559,1.6783739635447605,-20.000000000000007
-0.18885818653230282,1.5776548930151266,-20.000000000000007
-0.17825534106184443,1.5837285229747724,-20.000000000000007
-0.21931127683429325,1.934614313986411,-20.000000000000007
-0.26676421787982646,1.7648000393284395,-20.000000000000007
-0.3261410358414334,1.4997420930823444,-20.000000000000007
-0.35349488286442,1.500885670193843,-20.000000000000007
-0.37255955388802425,1.4942038132791198,-20.000000000000007
-0.38289406285332794,1.4989909658380889,-20.000000000000007
-0.3749867121261724,1.4896946193561305,-20.000000000000007
-0.3803373207759315,1.499266683482781,-20.000000000000007
-0.3770342549852157,1.4928029165439003,-20.000000000000007
-0.37470925054084914,1.489949036346534,-20.000000000000007
-0.3832982795079211,1.503843905778452,-20.000000000000007
-0.382477170461107,1.5041332660194566,-20.000000000000007
-0.3716938068827961,1.4969288014285538,-20.000000000000007
-0.35564815643451203,1.5002068965141673,-20.000000000000007
-0.33384970488090804,1.497938585507372,-20.000000000000007
-0.3036876705830253,1.5157237842560336,-20.000000000000007
-0.2690690211613979,1.7400011676839244,-20.000000000000007
-0.23019993678350573,1.9212992879400872,-20.000000000000007
-0.18837473412143407,1.5733779606841158,-20.000000000000007
-0.1742675836248365,1.5596310191219986,-20.000000000000007
-0.1494730360369043,1.4401127615108211,-20.000000000000007
-0.17716407672167847,1.5760687284044748,-20.000000000000007
-0.179509115801908,1.5810607140359072,-20.000000000000007
-0.18842511370101275,1.5738540301251946,-20.000000000000007
-0.1894245325731731,1.5791548760255547,-20.000000000000007
-0.1894245325731731,1.5791548760255547,-20.000000000000007
-0.20587468808445009,1.769739064664222,-20.000000000000007
-0.2040443086596288,1.7471900021231155,-20.000000000000007
-0.22725815115555775,1.9273187281239843,-20.000000000000007
-0.21248743473298973,1.8569242044846714,-20.000000000000007
-0.23173800461227242,1.9132869734140188,-20.000000000000007
-0.2198223512704576,1.9349553125420453,-20.000000000000007
-0.22767890684262926,1.9235024893208759,-20.000000000000007
-0.22140461161028013,1.9284170608693036,-20.000000000000007
-0.22138700232139463,1.9286952633762897,-20.000000000000007
-0.22138700232139466,1.92869526337629,-20.000000000000007
-0.22075671695713014,1.9391214463097874,-20.000000000000007
-0.2261117179537413,1.9301421223050315,-20.000000000000007
-0.2208853973376787,1.9311452890383747,-20.000000000000007
-0.22959559270852006,1.9265005679165847,-20.000000000000007
-0.22595826031529193,1.9324263488581668,-20.000000000000007
-0.22117610000737897,1.937196569906587,-20.000000000000007
-0.18888897604606417,1.5748627885679038,-20.000000000000007
-0.18226034594502277,1.5752406240198031,-20.000000000000007
-0.16491224342351885,1.4962079272044326,-20.000000000000007
-0.1894245325731731,1.5791548760255547,-20.000000000000007
-0.24233012893262862,1.8479407891859196,-20.000000000000007
-0.28459683569268174,1.5319198581045175,-20.000000000000007
-0.31212691012861093,1.5034925899560858,-20.000000000000007
-0.3354672032953352,1.5001267869777761,-20.000000000000007
-0.34970484292435416,1.4999500809912838,-20.000000000000007
-0.35332075260512286,1.500179797268169,-20.000000000000007
-0.36632272663050425,1.501338287024671,-20.000000000000007
-0.3716938068827961,1.4969288014285542,-20.000000000000007
-0.38146352259640726,1.4991285454729462,-20.000000000000007
-0.393830119140134,1.5005027472288623,-20.000000000000007
-0.39964412990324405,1.4940097735596987,-20.000000000000007
-0.3920309210953765,1.5043090441748512,-20.000000000000007
-0.3828940628533279,1.498990965838089,-20.000000000000007
-0.36906946148875325,1.5001919097511611,-20.000000000000007
-0.35085412529080473,1.5002748198738254,-20.000000000000007
-0.32674910933393425,1.498689494604723,-20.000000000000007
-0.2928848964359753,1.5872618419914255,-20.000000000000007
-0.2503431653625295,1.711344150134037,-20.000000000000007
-0.20138593308898803,1.7056697537896857,-20.000000000000007
-0.16226514651890211,1.4799780943445653,-20.000000000000007
-0.13559501490126286,1.4971204706629226,-20.000000000000007
-0.134987587169906,1.4902841828006377,-20.000000000000007
-0.13559501490126286,1.4971204706629226,-20.000000000000007
-0.13766089245675406,1.4109848407592602,-20.000000000000007
-0.1509864912825978,1.3992341320455801,-20.000000000000007
-0.16015086704143033,1.4658572207674503,-20.000000000000007
-0.17825534106184443,1.5837285229747722,-20.000000000000007
-0.18037490339096798,1.5624216849117096,-20.000000000000007
-0.18837473412143407,1.573377960684116,-20.000000000000007
-0.19407852498107836,1.6210116389254265,-20.000000000000007
-0.20508132070237814,1.7576560601736042,-20.000000000000007
-0.22963178776772739,1.9255344588075163,-20.000000000000007
-0.22733561155602627,1.926278843955051,-20.000000000000007
-0.24874556862336183,1.7709263334737653,-20.000000000000007
-0.23692544006869806,1.9117402042926064,-20.000000000000007
-0.2502845554208488,1.7235141714337492,-20.000000000000007
-0.2432585543030753,1.8358089461399003,-20.000000000000007
-0.24804918561669193,1.7862182972330511,-20.000000000000007
-0.24519256936767514,1.8226011510985791,-20.000000000000007
-0.24445825285810685,1.82752989358591,-20.000000000000007
-0.24606122011520187,1.8162173842845437,-20.000000000000007
-0.20437906386028282,1.746916092709036,-20.000000000000007
-0.18942453257317313,1.5791548760255545,-20.000000000000007
-0.17950911580190804,1.5810607140359074,-20.000000000000007
-0.22140461161028016,1.9284170608693036,-20.000000000000007
-0.26669733637484383,1.7652218519100125,-20.000000000000007
-0.32404407118644163,1.4998413927683063,-20.000000000000007
-0.35242472768936167,1.5004313934883793,-20.000000000000007
-0.37093861523938415,1.4937563352639138,-20.000000000000007
-0.3803373207759315,1.4992666834827812,-20.000000000000007
-0.3715774318189922,1.4979787358119934,-20.000000000000007
-0.37759351126786583,1.4931505730589634,-20.000000000000007
-0.37771752346797693,1.4934490184648594,-20.000000000000007
-0.3819846867991957,1.5008323083278916,-20.000000000000007
-0.39265508496211315,1.5023949703342347,-20.000000000000007
-0.39656841132662773,1.498287273705154,-20.000000000000007
-0.38445106893713027,1.4982344480076046,-20.000000000000007
-0.3719055753643097,1.4948734172483875,-20.000000000000007
-0.3511431544541941,1.4994813406698564,-20.000000000000007
-0.33376608984405215,1.4972674389837508,-20.000000000000007
-0.3048365302203368,1.5054126349958046,-20.000000000000007
-0.28098335050850076,1.5094406173762565,-20.000000000000007
-0.24837144853553447,1.7832149692570538,-20.000000000000007
-0.2129928880647487,1.8546782983206904,-20.000000000000007
-0.1822099663654441,1.5747645545787246,-20.000000000000007
-0.14969871320520373,1.437675006587023,-20.000000000000007
-0.1489623238983579,1.441250436214657,-20.000000000000007
-0.13634314369070832,1.4690918166037121,-20.000000000000007
-0.1377468926182409,1.4138227263361498,-20.000000000000007
-0.151885716309857,1.402262875380409,-20.000000000000007
-0.16015086704143036,1.4658572207674503,-20.000000000000007
-0.17917386072802036,1.5901780441278877,-20.000000000000007
-0.1806700006820344,1.5594198148107745,-20.000000000000007
-0.18842511370101273,1.5738540301251946,-20.000000000000007
-0.1930381521161568,1.6120202560143864,-20.000000000000007
-0.20404430865962883,1.7471900021231155,-20.000000000000007
-0.22903447707550284,1.9276403862238336,-20.000000000000007
-0.22595440670337325,1.9324083385227475,-20.000000000000007
-0.2502845554208488,1.7235141714337492,-20.000000000000007
-0.2412992099234868,1.863325709603576,-20.000000000000007
-0.2572695114353212,1.7718388836920504,-20.000000000000007
-0.24895973811455108,1.7659134401048044,-20.000000000000007
-0.2567513371355951,1.7693366161663637,-20.000000000000007
-0.25515546662272803,1.7670831900290072,-20.000000000000007
-0.25476426811762787,1.7679516941568372,-20.000000000000007
-0.25506359321069094,1.766354976251576,-20.000000000000007
-0.2134834710776139,1.8491291362183488,-20.000000000000007
-0.20437906386028282,1.7469160927090361,-20.000000000000007
-0.17825534106184443,1.5837285229747724,-20.000000000000007
-0.20422406494602985,1.747052220087362,-20.000000000000007
-0.2412992099234868,1.863325709603576,-20.000000000000007
-0.280605263635427,1.4882392549076289,-20.000000000000007
-0.30684952852952047,1.5113498949978776,-20.000000000000007
-0.3290483334385536,1.4981570556615709,-20.000000000000007
-0.34420857233301494,1.4974920407168144,-20.000000000000007
-0.3493008991329392,1.4988891037192782,-20.000000000000007
-0.3597046198293233,1.496997611312165,-20.000000000000007
-0.3691772707970908,1.5006099953570071,-20.000000000000007
-0.37379589125998225,1.4914774365498418,-20.000000000000007
-0.3995853415746645,1.493695670110097,-20.000000000000007
-0.39385576558738733,1.5008508299496466,-20.000000000000007
-0.3829985042560062,1.4978128521575271,-20.000000000000007
-0.3778551270601438,1.4950340371418007,-20.000000000000007
-0.3412444030586521,1.498037654077721,-20.000000000000007
-0.32702202544579073,1.499017051627196,-20.000000000000007
-0.28804813937171764,1.573300546805953,-20.000000000000007
-0.2459851406697794,1.8110259997453961,-20.000000000000007
-0.22012880248147476,1.932296055321145,-20.000000000000007
-0.18220996636544406,1.5747645545787243,-20.000000000000007
-0.18220996636544406,1.5747645545787246,-20.000000000000007
-0.20437906386028282,1.7469160927090361,-20.000000000000007
-0.21112736531608317,1.8393954016667315,-20.000000000000007
-0.21248743473298978,1.8569242044846717,-20.000000000000007
-0.21023380688351326,1.8304416245211914,-20.000000000000007
-0.1894245325731731,1.5791548760255547,-20.000000000000007
-0.19303815211615682,1.6120202560143866,-20.000000000000007
-0.2040443086596288,1.7471900021231157,-20.000000000000007
-0.1925488884514961,1.6080217107239954,-20.000000000000007
-0.19303815211615682,1.6120202560143864,-20.000000000000007
-0.21248743473298976,1.8569242044846717,-20.000000000000007
-0.20438912631107453,1.7467571198479008,-20.000000000000007
-0.22014995838784898,1.9344048552784074,-20.000000000000007
-0.21127237150965103,1.8345120516939946,-20.000000000000007
-0.2189194066326587,1.9363504851979803,-20.000000000000007
-0.22044999117975678,1.9343008877035888,-20.000000000000007
-0.22014525807177526,1.9377119567000254,-20.000000000000007
-0.24338853031189459,1.837601697632469,-20.000000000000007
-0.21297145694215708,1.8551211557628875,-20.000000000000007
-0.22611171795374135,1.9301421223050317,-20.000000000000007
-0.22165404893871926,1.9345421167973809,-20.000000000000007
-0.21249249546208399,1.848023879502905,-20.000000000000007
-0.22126242425464532,1.9315727728415628,-20.000000000000007
-0.18885818653230282,1.5776548930151268,-20.000000000000007
-0.1931206827986792,1.611872705894656,-20.000000000000007
-0.22729941649681895,1.9272449530641191,-20.000000000000007
-0.2553258324148163,1.768009635723492,-20.000000000000007
-0.3100085411156226,1.5027754990022921,-20.000000000000007
-0.3341743231676435,1.4962687767606164,-20.000000000000007
-0.3557138176463833,1.5005017752229708,-20.000000000000007
-0.36770386246789805,1.500486910462356,-20.000000000000007
-0.3629491540191259,1.4976987593206792,-20.000000000000007
-0.367801773220438,1.4999820313923893,-20.000000000000007
-0.3681252214211197,1.4987912936749506,-20.000000000000007
-0.3666343575926941,1.5009656577438801,-20.000000000000007
-0.37486411678593856,1.4929899074146535,-20.000000000000007
-0.37370978302657815,1.4924609962816058,-20.000000000000007
-0.36426162558731223,1.4981687620273205,-20.000000000000007
-0.3518693388769202,1.499041487090622,-20.000000000000007
-0.3317759167769424,1.498109589387338,-20.000000000000007
-0.30692537902884287,1.510743723977898,-20.000000000000007
-0.278757928389648,1.4731592481629834,-20.000000000000007
-0.24352941008181267,1.8371727099357726,-20.000000000000007
-0.1930381521161568,1.6120202560143866,-20.000000000000007
-0.1822603459450228,1.5752406240198031,-20.000000000000007
-0.17426758362483646,1.5596310191219986,-20.000000000000007
-0.179509115801908,1.5810607140359072,-20.000000000000007
-0.18110619219721427,1.5615965088310682,-20.000000000000007
-0.1825017305184254,1.573143467874753,-20.000000000000007
-0.18885818653230285,1.577654893015127,-20.000000000000007
-0.18888897604606417,1.574862788567904,-20.000000000000007
-0.21204973859417786,1.8497531531648241,-20.000000000000007
-0.20404430865962883,1.7471900021231153,-20.000000000000007
-0.22765097951254282,1.9241020799037793,-20.000000000000007
-0.21204973859417786,1.8497531531648241,-20.000000000000007
-0.22700039482394932,1.931983712679078,-20.000000000000007
-0.21922874615177096,1.9347618641061413,-20.000000000000007
-0.22117610000737897,1.937196569906587,-20.000000000000007
-0.22903447707550284,1.9276403862238338,-20.000000000000007
-0.22117610000737897,1.937196569906587,-20.000000000000007
-0.23193210184063523,1.9136144318446473,-20.000000000000007
-0.2272581511555578,1.9273187281239845,-20.000000000000007
-0.22959559270852006,1.9265005679165847,-20.000000000000007
-0.23173800461227245,1.913286973414019,-20.000000000000007
-0.23479550972404745,1.9292577686435868,-20.000000000000007
-0.23680819581554177,1.9141570200209541,-20.000000000000007
-0.23680819581554177,1.9141570200209543,-20.000000000000007
-0.2194162957036321,1.934944495264261,-20.000000000000007
-0.2040443086596288,1.7471900021231155,-20.000000000000007
-0.1822603459450228,1.575240624019803,-20.000000000000007
-0.21112736531608323,1.839395401666732,-20.000000000000007
-0.2433885303118946,1.8376016976324687,-20.000000000000007
-0.2817879916501446,1.4999219417366931,-20.000000000000007
-0.3090730473186497,1.5076237977683653,-20.000000000000007
-0.3331179569409559,1.4970656413748646,-20.000000000000007
-0.3489575487508138,1.498428417049472,-20.000000000000007
-0.3498403576806691,1.5008116163796634,-20.000000000000007
-0.36275650084733135,1.497902635482874,-20.000000000000007
-0.3680742263580003,1.5000161096567404,-20.000000000000007
-0.37694535345342367,1.4926267009457224,-20.000000000000007
-0.3887647470475654,1.4972392932328138,-20.000000000000007
-0.3938602057640235,1.501494361793922,-20.000000000000007
-0.38663630137580807,1.5013978292749026,-20.000000000000007
-0.37694535345342367,1.4926267009457224,-20.000000000000007
-0.36241734737958986,1.4982639396776825,-20.000000000000007
-0.34256473841502666,1.4983720419117474,-20.000000000000007
-0.32375183625438264,1.5010208530235039,-20.000000000000007
-0.29436863963777404,1.5982980035699623,-20.000000000000007
-0.2608175217065899,1.7693121407995016,-20.000000000000007
-0.22140461161028013,1.9284170608693036,-20.000000000000007
-0.1822603459450228,1.575240624019803,-20.000000000000007
-0.14975415741304388,1.4356391577721637,-20.000000000000007
-0.13559501490126286,1.4971204706629226,-20.000000000000007
-0.13559501490126286,1.4971204706629226,-20.000000000000007
-0.1363431436907083,1.4690918166037121,-20.000000000000007
-0.14975414285615307,1.435613454864934,-20.000000000000007
-0.14975415741304388,1.4356391577721634,-20.000000000000007
-0.17426758362483646,1.559631019121999,-20.000000000000007
-0.17917386072802038,1.5901780441278877,-20.000000000000007
-0.1822603459450228,1.5752406240198031,-20.000000000000007
-0.18885818653230285,1.5776548930151266,-20.000000000000007
-0.18942453257317313,1.5791548760255547,-20.000000000000007
-0.2185133510658332,1.9363396679201963,-20.000000000000007
-0.21248743473298976,1.8569242044846714,-20.000000000000007
-0.2378795448343607,1.9021277516891226,-20.000000000000007
-0.2259544067033732,1.9324083385227475,-20.000000000000007
-0.2489477956802993,1.7654260612210053,-20.000000000000007
-0.23680819581554177,1.9141570200209541,-20.000000000000007
-0.2498374696975298,1.735072632605674,-20.000000000000007
-0.24850050817507824,1.7781541308881688,-20.000000000000007
-0.24970714029419092,1.7323353428829198,-20.000000000000007
-0.24966256585970897,1.7246644416135952,-20.000000000000007
-0.2002751479582084,1.7399956220515302,-20.000000000000007
-0.18206296886719303,1.572157511421402,-20.000000000000007
-0.17426758362483646,1.5596310191219989,-20.000000000000007
-0.22012456876574127,1.9315839867608928,-20.000000000000007
-0.2667642178798265,1.7648000393284393,-20.000000000000007
-0.32377166194903406,1.5005822777047009,-20.000000000000007
-0.3508214828115627,1.5002901619420403,-20.000000000000007
-0.3694393921813809,1.5010424237351683,-20.000000000000007
-0.37827423349697364,1.496333394176538,-20.000000000000007
-0.37095816943286336,1.4939512437152729,-20.000000000000007
-0.3777175234679768,1.4934490184648597,-20.000000000000007
-0.38158583310247796,1.4983484862644354,-20.000000000000007
-0.38445106893713027,1.4982344480076049,-20.000000000000007
-0.3999058550671617,1.4935404204622793,-20.000000000000007
-0.4027600995177637,1.4956930630221819,-20.000000000000007
-0.393830119140134,1.5005027472288623,-20.000000000000007
-0.3833141018734701,1.5025559147647098,-20.000000000000007
-0.3699102698755452,1.5007572535806661,-20.000000000000007
-0.3509539192436177,1.5000432914416368,-20.000000000000007
-0.3362378993148417,1.5009756252857134,-20.000000000000007
-0.3092742469775259,1.5058506198337374,-20.000000000000007
-0.2878229279914319,1.5732698110325467,-20.000000000000007
-0.25566094055508704,1.7606473690537876,-20.000000000000007
-0.2271860468460981,1.9204048324940464,-20.000000000000007
-0.20140419548837765,1.7053290954227356,-20.000000000000007
-0.17426758362483646,1.5596310191219986,-20.000000000000007
-0.17259283802865877,1.5472393109831906,-20.000000000000007
-0.14969871320520375,1.4376750065870232,-20.000000000000007
-0.16015086704143036,1.4658572207674503,-20.000000000000007
-0.16175363895024922,1.4767475548411566,-20.000000000000007
-0.17917386072802038,1.5901780441278879,-20.000000000000007
-0.18226034594502277,1.5752406240198031,-20.000000000000007
-0.18885818653230285,1.5776548930151266,-20.000000000000007
-0.19885325672563559,1.6783739635447605,-20.000000000000007
-0.2193112768342932,1.9346143139864105,-20.000000000000007
-0.24754391918501353,1.798329388501767,-20.000000000000007
-0.23885501008270277,1.8936705275523495,-20.000000000000007
-0.2646014558325994,1.7627589679718105,-20.000000000000007
-0.25352814295784415,1.7667880653171641,-20.000000000000007
-0.26902778031990393,1.7374124724922675,-20.000000000000007
-0.2569300826278887,1.7681585901332164,-20.000000000000007
-0.27872285999479984,1.5410216059235347,-20.000000000000007
-0.2584816606160614,1.7757925681255395,-20.000000000000007
-0.2566533054438862,1.7624957319651662,-20.000000000000007
-0.2566533054438862,1.7624957319651662,-20.000000000000007
-0.21990894098602337,1.9260015917155913,-20.000000000000007
-0.21896327629267132,1.9297285954014647,-20.000000000000007
-0.17950911580190804,1.5810607140359072,-20.000000000000007
-0.20404430865962883,1.7471900021231155,-20.000000000000007
-0.23246637703641987,1.9154094041285459,-20.000000000000007
-0.27883499269971623,1.4728625517255738,-20.000000000000007
-0.3021215202698111,1.5362892984224137,-20.000000000000007
-0.3237693236925165,1.5007552836166207,-20.000000000000007
-0.3398590997372736,1.4996111989579972,-20.000000000000007
-0.3430140023309247,1.498898527444627,-20.000000000000007
-0.3537499556981887,1.499333845772261,-20.000000000000007
-0.35908609055161195,1.4971281891869959,-20.000000000000007
-0.36814566381239155,1.5007415995501971,-20.000000000000007
-0.38436704565340807,1.4989195561798436,-20.000000000000007
-0.39134079059825216,1.5032504492269463,-20.000000000000007
-0.39173431989552543,1.504000211442579,-20.000000000000007
-0.3843551318780352,1.4988178778889254,-20.000000000000007
-0.3726098557442037,1.494308591393946,-20.000000000000007
-0.35865830476357835,1.499734483457657,-20.000000000000007
-0.34415979504424354,1.4981121119828926,-20.000000000000007
-0.32524062564810735,1.4996866582459423,-20.000000000000007
-0.3038964177136101,1.5129411258974423,-20.000000000000007
-0.2819998194639856,1.5315909500928488,-20.000000000000007
-0.2503836637376046,1.7099445186385254,-20.000000000000007
-0.23192411036750973,1.9094552988336226,-20.000000000000007
-0.19071249072710517,1.5909698512377526,-20.000000000000007
-0.1822603459450228,1.5752406240198031,-20.000000000000007
-0.17716407672167847,1.5760687284044743,-20.000000000000007
-0.176942965478157,1.5727431410120192,-20.000000000000007
-0.1754824483155792,1.566996165209496,-20.000000000000007
-0.17933485877093766,1.5832655028315097,-20.000000000000007
-0.18226034594502283,1.5752406240198031,-20.000000000000007
-0.18842511370101273,1.5738540301251949,-20.000000000000007
-0.19935853037077328,1.6818694421428098,-20.000000000000007
-0.21248743473298976,1.8569242044846717,-20.000000000000007
-0.2317380046122724,1.9132869734140185,-20.000000000000007
-0.2296317877677274,1.9255344588075163,-20.000000000000007
-0.25531493476241274,1.767712840380704,-20.000000000000007
-0.24749479559217244,1.7990400987821111,-20.000000000000007
-0.26621928697496244,1.7644053637674537,-20.000000000000007
-0.2535075066154978,1.7636607932167518,-20.000000000000007
-0.26373252889406357,1.7615571202527855,-20.000000000000007
-0.25694897402793193,1.7681609039689272,-20.000000000000007
-0.2546691796472853,1.7581784793614417,-20.000000000000007
-0.25466917964728536,1.7581784793614412,-20.000000000000007
-0.20120876532971135,1.7505922392484128,-20.000000000000007
-0.18569590761384674,1.6006511437488733,-20.000000000000007
-0.17716407672167844,1.5760687284044748,-20.000000000000007
-0.22140461161028013,1.9284170608693034,-20.000000000000007
-0.2789216129912514,1.542440045318342,-20.000000000000007
-0.3293998429613094,1.4959153884965275,-20.000000000000007
-0.355935695433681,1.500796517749281,-20.000000000000007
-0.3746621309899709,1.4898822777618956,-20.000000000000007
-0.38489133303495965,1.5007219298752408,-20.000000000000007
-0.3787987769888233,1.4987729333853044,-20.000000000000007
-0.38268270180229247,1.5026461018216528,-20.000000000000007
-0.38169676203700403,1.4990334879521314,-20.000000000000007
-0.3775935112678659,1.4931505730589634,-20.000000000000007
-0.3824771704611071,1.504133266019457,-20.000000000000007
-0.38164778849711356,1.4989001797387043,-20.000000000000007
-0.36681554555580764,1.5026960848099824,-20.000000000000007
-0.35014903248693396,1.5028729843082593,-20.000000000000007
-0.3293998429613095,1.4959153884965275,-20.000000000000007
-0.29704995386276734,1.5882000358297315,-20.000000000000007
-0.2637701223895831,1.7618815459474435,-20.000000000000007
-0.22938363417509905,1.9231452996968357,-20.000000000000007
-0.18837473412143407,1.5733779606841163,-20.000000000000007
-0.17950911580190804,1.5810607140359074,-20.000000000000007
-0.17259283802865877,1.5472393109831906,-20.000000000000007
-0.18040437186688574,1.561176753585045,-20.000000000000007
-0.1822603459450228,1.5752406240198031,-20.000000000000007
-0.1891192387649498,1.575673225702896,-20.000000000000007
-0.21204973859417786,1.8497531531648237,-20.000000000000007
-0.21204973859417786,1.8497531531648241,-20.000000000000007
-0.23479550972404745,1.9292577686435866,-20.000000000000007
-0.2208853973376787,1.9311452890383747,-20.000000000000007
-0.24444734909700808,1.829751632775175,-20.000000000000007
-0.2306016887745189,1.9140944014911363,-20.000000000000007
-0.23595500071689005,1.9215763779110162,-20.000000000000007
-0.23358586926747643,1.9295563077585558,-20.000000000000007
-0.24754391918501353,1.798329388501767,-20.000000000000007
-0.24329674385128575,1.8368567969178127,-20.000000000000007
-0.24837144853553444,1.7832149692570542,-20.000000000000007
-0.24895018619471665,1.7662155009686167,-20.000000000000007
-0.23897079208317717,1.8907242618470605,-20.000000000000007
-0.2474160542502964,1.792231896485593,-20.000000000000007
-0.22905988580352987,1.9214814563051457,-20.000000000000007
-0.23118157720791066,1.9065723377878263,-20.000000000000007
-0.2264619234744084,1.9249933253625697,-20.000000000000007
-0.22579788665901382,1.9278347012512822,-20.000000000000007
-0.20466757129885582,1.750002408196276,-20.000000000000007
-0.1888693859802468,1.5715946146796027,-20.000000000000007
-0.18110619219721427,1.5615965088310684,-20.000000000000007
-0.2040443086596288,1.7471900021231153,-20.000000000000007
-0.2343092326264949,1.9311415577316968,-20.000000000000007
-0.2790858188465218,1.462985422426233,-20.000000000000007
-0.3030801358032826,1.519378183676917,-20.000000000000007
-0.32648741881345356,1.4989087796230327,-20.000000000000007
-0.3419021257027538,1.4975756754962242,-20.000000000000007
-0.3454701120492683,1.4982308589032751,-20.000000000000007
-0.3622889503710167,1.497488069753027,-20.000000000000007
-0.36657326683838265,1.500821837258646,-20.000000000000007
-0.377824348106627,1.4956916763151809,-20.000000000000007
-0.3926722429873827,1.50376466228247,-20.000000000000007
-0.3978933143496174,1.4977944758149349,-20.000000000000007
-0.39226191146384576,1.5024731131332068,-20.000000000000007
-0.3793872800472436,1.4990407339844887,-20.000000000000007
-0.36294915401912586,1.4976987593206794,-20.000000000000007
-0.341753894930414,1.4968538210599796,-20.000000000000007
-0.31782841830244407,1.4971778682395442,-20.000000000000007
-0.28289673420219247,1.5143055952871867,-20.000000000000007
-0.24782020091483847,1.7930908162604315,-20.000000000000007
-0.19071249072710514,1.5909698512377526,-20.000000000000007
-0.1622651465189021,1.4799780943445653,-20.000000000000007
-0.13541503259313706,1.4948226663941324,-20.000000000000007
-0.13496593015556185,1.490400499773179,-20.000000000000007
-0.1352364542451437,1.4956132648969094,-20.000000000000007
-0.13559501490126286,1.4971204706629224,-20.000000000000007
-0.14969871320520375,1.4376750065870234,-20.000000000000007
-0.14975414285615304,1.4356134548649337,-20.000000000000007
-0.17426758362483646,1.5596310191219986,-20.000000000000007
-0.17950911580190798,1.5810607140359072,-20.000000000000007
-0.18250173051842536,1.5731434678747527,-20.000000000000007
-0.1894245325731731,1.5791548760255547,-20.000000000000007
-0.20404430865962878,1.7471900021231155,-20.000000000000007
-0.2317380046122724,1.913286973414019,-20.000000000000007
-0.23060168877451886,1.9140944014911363,-20.000000000000007
-0.25651025903673363,1.7704605559234612,-20.000000000000007
-0.24760873283166368,1.7971249586914313,-20.000000000000007
-0.2662334868970442,1.7637881934694122,-20.000000000000007
-0.25345918748583385,1.762768003899306,-20.000000000000007
-0.2622946268361942,1.7645666886945581,-20.000000000000007
-0.25648833083531153,1.7674001328476452,-20.000000000000007
-0.2545632570809644,1.758790766888353,-20.000000000000007
-0.25438391319647957,1.7601378152279383,-20.000000000000007
-0.20052713059800217,1.74376325427267,-20.000000000000007
-0.18206296886719306,1.5721575114214021,-20.000000000000007
-0.1754824483155792,1.5669961652094957,-20.000000000000007
-0.22140461161028013,1.9284170608693034,-20.000000000000007
-0.2708302590589479,1.7130723613333851,-20.000000000000007
-0.3247522763691948,1.5000915998141189,-20.000000000000007
-0.35008915372607796,1.502583857446515,-20.000000000000007
-0.3672442950230119,1.5028926809610832,-20.000000000000007
-0.37470925054084914,1.489949036346534,-20.000000000000007
-0.37135393844426295,1.4968691438646589,-20.000000000000007
-0.38164778849711356,1.4989001797387043,-20.000000000000007
-0.3844510689371302,1.4982344480076049,-20.000000000000007
-0.39043347076993684,1.50174449719603,-20.000000000000007
-0.40343951022949454,1.4970524949974147,-20.000000000000007
-0.40345407134443023,1.4985746155557254,-20.000000000000007
-0.3913156373956483,1.5027686708816337,-20.000000000000007
-0.37862003308868974,1.4991141532040468,-20.000000000000007
-0.35731705670792446,1.5005804025533684,-20.000000000000007
-0.33984109026386217,1.4985499063124867,-20.000000000000007
-0.31216590219080187,1.5044307690282288,-20.000000000000007
-0.29117844186992015,1.5865560855833862,-20.000000000000007
-0.25561284907180076,1.7668306975485646,-20.000000000000007
-0.23114940283993618,1.907095884293809,-20.000000000000007
-0.19431423230206799,1.6246198918783434,-20.000000000000007
-0.17426758362483646,1.5596310191219986,-20.000000000000007
-0.16226514651890211,1.4799780943445653,-20.000000000000007
-0.1377468926182409,1.4138227263361496,-20.000000000000007
-0.1489623238983579,1.441250436214657,-20.000000000000007
-0.14975415741304388,1.4356391577721637,-20.000000000000007
-0.16175363895024922,1.4767475548411564,-20.000000000000007
-0.17950911580190798,1.5810607140359074,-20.000000000000007
-0.18226034594502277,1.575240624019803,-20.000000000000007
-0.18942453257317313,1.5791548760255545,-20.000000000000007
-0.2040443086596288,1.7471900021231153,-20.000000000000007
-0.2111273653160832,1.839395401666732,-20.000000000000007
-0.22733561155602627,1.9262788439550507,-20.000000000000007
-0.22606632722860834,1.9325754248104319,-20.000000000000007
-0.2495054676988277,1.7506184474221234,-20.000000000000007
-0.23684107118879072,1.9143939150868263,-20.000000000000007
-0.25496208684112787,1.7718077641528993,-20.000000000000007
-0.24442642915523477,1.8276576358415726,-20.000000000000007
-0.2486051236755714,1.766122278968424,-20.000000000000007
-0.25034316536252954,1.7113441501340367,-20.000000000000007
-0.25052408633016987,1.7228946145977089,-20.000000000000007
-0.25606497063453026,1.7672901528174134,-20.000000000000007
-0.22938363417509905,1.9231452996968355,-20.000000000000007
-0.2129563632659695,1.8553596150545901,-20.000000000000007
-0.18226034594502283,1.5752406240198031,-20.000000000000007
-0.20587468808445003,1.7697390646642215,-20.000000000000007
-0.24144067112421885,1.8607073622458232,-20.000000000000007
-0.2831728282521034,1.5185764883075428,-20.000000000000007
-0.30889891619828647,1.5077598400660759,-20.000000000000007
-0.33170640003504637,1.4983980303742161,-20.000000000000007
-0.34632198452197827,1.4962552647550211,-20.000000000000007
-0.3481988630733159,1.5009544373594175,-20.000000000000007
-0.3622027053093373,1.4971898819969174,-20.000000000000007
-0.37114589181531016,1.4922968048752163,-20.000000000000007
-0.37938728004724354,1.4990407339844887,-20.000000000000007
-0.39921151061008425,1.4959322211521415,-20.000000000000007
-0.4028314650650134,1.4975174469120889,-20.000000000000007
-0.3891869986501289,1.4998285103793267,-20.000000000000007
-0.3839116962409387,1.498956858945984,-20.000000000000007
-0.3539566424714638,1.4994385278235813,-20.000000000000007
-0.3268012011327566,1.4995474853497006,-20.000000000000007
-0.28808649824126326,1.573406706276798,-20.000000000000007
-0.2382621803134116,1.8915699774047923,-20.000000000000007
-0.2005261480078706,1.7437438871957487,-20.000000000000007
-0.18106016915713555,1.566575623523786,-20.000000000000007
-0.1750691443919082,1.5677190487190196,-20.000000000000007
-0.2062195057358958,1.7693061823890073,-20.000000000000007
-0.2040443086596288,1.7471900021231155,-20.000000000000007
-0.2124874347329898,1.8569242044846717,-20.000000000000007
-0.21851335106583322,1.9363396679201959,-20.000000000000007
-0.19927599968825094,1.68201699226254,-20.000000000000007
-0.21248743473298976,1.8569242044846714,-20.000000000000007
-0.1894245325731731,1.5791548760255547,-20.000000000000007
-0.21851335106583322,1.9363396679201959,-20.000000000000007
-0.2040443086596288,1.7471900021231155,-20.000000000000007
-0.2185133510658332,1.9363396679201959,-20.000000000000007
-0.2186811836989711,1.9327819754603475,-20.000000000000007
-0.2261075925698695,1.9325016497505665,-20.000000000000007
-0.23205591066668435,1.9145405651713738,-20.000000000000007
-0.2502845554208489,1.7235141714337494,-20.000000000000007
-0.25680599442651053,1.7708939603750962,-20.000000000000007
-0.26906957848236146,1.7399248522787696,-20.000000000000007
-0.2666973363748439,1.7652218519100125,-20.000000000000007
-0.27995072782324193,1.5213638806799632,-20.000000000000007
-0.2662334868970442,1.763788193469412,-20.000000000000007
-0.2708495653953662,1.7153673736687591,-20.000000000000007
-0.2707343698946231,1.7149307290177265,-20.000000000000007
-0.2433994340729934,1.8353799584432042,-20.000000000000007
-0.2502845554208488,1.7235141714337492,-20.000000000000007
-0.2291907057870871,1.9271637242200184,-20.000000000000007
-0.2502845554208489,1.7235141714337492,-20.000000000000007
-0.2836349960515877,1.539311523190896,-20.000000000000007
-0.3220004632622589,1.4975655402011034,-20.000000000000007
-0.3500144497118813,1.5014116300691775,-20.000000000000007
-0.37714101882935064,1.4932064341010864,-20.000000000000007
-0.3875259298377685,1.4997140552809936,-20.000000000000007
-0.37771752346797693,1.4934490184648594,-20.000000000000007
-0.3782742334969737,1.496333394176538,-20.000000000000007
-0.3715774318189922,1.4979787358119936,-20.000000000000007
-0.36780984589372023,1.5001420715068967,-20.000000000000007
-0.37751874951350173,1.4928708542174356,-20.000000000000007
-0.37598351868628854,1.4908410875963354,-20.000000000000007
-0.36773395243857265,1.500781767767231,-20.000000000000007
-0.3543670984824118,1.4996779295302445,-20.000000000000007
-0.33644480030348833,1.5008046481651984,-20.000000000000007
-0.3094661644252116,1.5055564388929947,-20.000000000000007
-0.2803926365572984,1.5049720139965597,-20.000000000000007
-0.24749479559217247,1.7990400987821107,-20.000000000000007
-0.20437906386028284,1.7469160927090361,-20.000000000000007
-0.18250173051842533,1.573143467874753,-20.000000000000007
-0.17917386072802038,1.5901780441278879,-20.000000000000007
-0.1822603459450228,1.5752406240198034,-20.000000000000007
-0.18837473412143407,1.573377960684116,-20.000000000000007
-0.2011724582994196,1.705762081239453,-20.000000000000007
-0.21248743473298976,1.8569242044846717,-20.000000000000007
-0.2182751281321456,1.9327711581825628,-20.000000000000007
-0.23278630500397757,1.9217446600094166,-20.000000000000007
-0.22088539733767873,1.931145289038375,-20.000000000000007
-0.23787954483436072,1.9021277516891228,-20.000000000000007
-0.22117610000737897,1.9371965699065867,-20.000000000000007
-0.23538467694061216,1.9234328870905963,-20.000000000000007
-0.2260701808405271,1.9325934351458514,-20.000000000000007
-0.234408232611389,1.9331740021179948,-20.000000000000007
-0.22995698799419928,1.9257483738802672,-20.000000000000007
-0.23004414627332737,1.9260009259196482,-20.000000000000007
-0.23298737972703853,1.9187360882047746,-20.000000000000007
-0.22961690380174846,1.919822830656063,-20.000000000000007
-0.2344270817704544,1.927284921421973,-20.000000000000007
-0.22966676414222983,1.9196183962526654,-20.000000000000007
-0.23476005108754983,1.9246267303173612,-20.000000000000007
-0.22740323806188642,1.9197471201459866,-20.000000000000007
-0.22187224334523908,1.9254177131544248,-20.000000000000007
-0.18106016915713552,1.5665756235237864,-20.000000000000007
-0.17215255537729227,1.5947357129234394,-20.000000000000007
-0.16175363895024922,1.4767475548411566,-20.000000000000007
-0.19303815211615682,1.6120202560143864,-20.000000000000007
-0.2461083143214935,1.816116149255602,-20.000000000000007
-0.28697500443684704,1.5495357993911463,-20.000000000000007
-0.3132436781886206,1.5031725465532941,-20.000000000000007
-0.3345290209837294,1.4972558273449348,-20.000000000000007
-0.3482517321518487,1.5009356165056493,-20.000000000000007
-0.3503582301013012,1.5012752989426545,-20.000000000000007
-0.36150723364201726,1.4985902422961859,-20.000000000000007
-0.3636128492674749,1.5030490278277724,-20.000000000000007
-0.3701024762027799,1.5007635894109754,-20.000000000000007
-0.3844510689371303,1.4982344480076049,-20.000000000000007
-0.38793266905857443,1.4985197316029266,-20.000000000000007
-0.3846379083206742,1.5002138145313242,-20.000000000000007
-0.37880671926745624,1.4995029946227354,-20.000000000000007
-0.36773395243857265,1.500781767767231,-20.000000000000007
-0.3533570751670972,1.50100970488781,-20.000000000000007
-0.32925064657027425,1.4964363467324875,-20.000000000000007
-0.2928848964359753,1.5872618419914257,-20.000000000000007
-0.250352992823512,1.7233371551948804,-20.000000000000007
-0.19415420216241916,1.6248355056872368,-20.000000000000007
-0.16226514651890206,1.4799780943445653,-20.000000000000007
-0.13559501490126288,1.4971204706629224,-20.000000000000007
-0.13496593015556188,1.4904004997731792,-20.000000000000007
-0.13559501490126286,1.4971204706629226,-20.000000000000007
-0.13559501490126286,1.4971204706629226,-20.000000000000007
-0.14975414285615304,1.4356134548649337,-20.000000000000007
-0.16015086704143033,1.4658572207674505,-20.000000000000007
-0.17950911580190798,1.5810607140359072,-20.000000000000007
-0.18226034594502277,1.575240624019803,-20.000000000000007
-0.18885818653230282,1.5776548930151268,-20.000000000000007
-0.19303815211615685,1.6120202560143866,-20.000000000000007
-0.19316194813994036,1.6117989308347909,-20.000000000000007
-0.2204499911797568,1.9343008877035892,-20.000000000000007
-0.21297145694215708,1.8551211557628873,-20.000000000000007
-0.2475345743109568,1.8000111418310754,-20.000000000000007
-0.23354891224601432,1.9280030082317494,-20.000000000000007
-0.25675133713559517,1.769336616166364,-20.000000000000007
-0.2503431653625295,1.7113441501340372,-20.000000000000007
-0.26271942245039,1.7650799597765772,-20.000000000000007
-0.2657590791893447,1.7646848463965672,-20.000000000000007
-0.2640314587415459,1.7610876705366965,-20.000000000000007
-0.27872285999479984,1.5410216059235347,-20.000000000000007
-0.24746521644489267,1.7875600392629154,-20.000000000000007
-0.23372330048396053,1.9258931696488695,-20.000000000000007
-0.19585034827272613,1.6385653706310408,-20.000000000000007
-0.24442642915523488,1.8276576358415724,-20.000000000000007
-0.27995072782324193,1.521363880679963,-20.000000000000007
-0.3291400006782237,1.4960435569579107,-20.000000000000007
-0.3578736976891689,1.4995304542573757,-20.000000000000007
-0.37740439324350994,1.492680935824397,-20.000000000000007
-0.3887647470475655,1.4972392932328136,-20.000000000000007
-0.3832982795079211,1.5038439057784523,-20.000000000000007
-0.3923326965550732,1.5035430567114143,-20.000000000000007
-0.39912294668118464,1.4947964176867328,-20.000000000000007
-0.40296394745850145,1.4961102756153049,-20.000000000000007
-0.417792297926189,1.5177118522792308,-20.000000000000007
-0.4176836524414479,1.5173330455572,-20.000000000000007
-0.4145731417259787,1.5041850806489452,-20.000000000000007
-0.40358094160159763,1.4967058340325636,-20.000000000000007
-0.39120098010994947,1.5029965702777892,-20.000000000000007
-0.37067143647278494,1.4965180100139035,-20.000000000000007
-0.35866062762744494,1.4991605349814494,-20.000000000000007
-0.33127293593034013,1.4982436223495519,-20.000000000000007
-0.31144475910693653,1.5006863191788111,-20.000000000000007
-0.28259277855565523,1.5301904469223597,-20.000000000000007
-0.24751990564399282,1.7992612868427913,-20.000000000000007
-0.22611171795374133,1.9301421223050315,-20.000000000000007
-0.18226034594502277,1.575240624019803,-20.000000000000007
-0.179509115801908,1.5810607140359072,-20.000000000000007
-0.1497541574130439,1.4356391577721634,-20.000000000000007
-0.16015086704143036,1.4658572207674507,-20.000000000000007
-0.14975415741304388,1.4356391577721634,-20.000000000000007
-0.179509115801908,1.5810607140359072,-20.000000000000007
-0.18226034594502283,1.575240624019803,-20.000000000000007
-0.18888897604606414,1.5748627885679038,-20.000000000000007
-0.20422406494602988,1.7470522200873617,-20.000000000000007
-0.20404430865962883,1.7471900021231153,-20.000000000000007
-0.22165404893871923,1.9345421167973806,-20.000000000000007
-0.22963178776772739,1.925534458807516,-20.000000000000007
-0.2552692278798069,1.7694727509399142,-20.000000000000007
-0.24535612760376857,1.8235729726485461,-20.000000000000007
-0.25648396682240776,1.7711593631281515,-20.000000000000007
-0.24145807778638279,1.8573015816249572,-20.000000000000007
-0.24600036828235994,1.810647571137136,-20.000000000000007
-0.24847471089504092,1.7786832186705117,-20.000000000000007
-0.24949591577899322,1.7509205082859358,-20.000000000000007
-0.24964249437671598,1.746614791609428,-20.000000000000007
-0.21247740178589644,1.8482623387946078,-20.000000000000007
-0.18886938598024677,1.5715946146796025,-20.000000000000007
-0.17337853243457835,1.5519365666422185,-20.000000000000007
-0.2013719315045439,1.7093646228216675,-20.000000000000007
-0.24338853031189456,1.837601697632469,-20.000000000000007
-0.28464938821314867,1.5322274562314537,-20.000000000000007
-0.30889891619828647,1.507759840066076,-20.000000000000007
-0.3312241193613758,1.4983386762584536,-20.000000000000007
-0.34682185975389657,1.4975057534109917,-20.000000000000007
-0.34824432804509076,1.501304019157826,-20.000000000000007
-0.36087424716217575,1.4985901015653575,-20.000000000000007
-0.3670333877700512,1.5026955328561828,-20.000000000000007
-0.37703425498521564,1.4928029165439005,-20.000000000000007
-0.3982505248541114,1.4964929751767844,-20.000000000000007
-0.4033726963750626,1.497042279972661,-20.000000000000007
-0.397952523073406,1.4974567234325673,-20.000000000000007
-0.381993607833779,1.5012315547311965,-20.000000000000007
-0.36114180489533265,1.4986204033741193,-20.000000000000007
-0.33752968526901805,1.499986366356731,-20.000000000000007
-0.32611923454978003,1.5002657920913156,-20.000000000000007
-0.3072398290564171,1.5094781150519188,-20.000000000000007
-0.2918687769108567,1.586379943427437,-20.000000000000007
-0.26455810268226704,1.7629302717530588,-20.000000000000007
-0.23305863453794004,1.9193362522791804,-20.000000000000007
-0.19945177661459143,1.6815004633019806,-20.000000000000007
-0.17548244831557921,1.566996165209496,-20.000000000000007
-0.17694296547815702,1.5727431410120192,-20.000000000000007
-0.14969871320520373,1.437675006587023,-20.000000000000007
-0.17426758362483646,1.559631019121999,-20.000000000000007
-0.17337853243457835,1.5519365666422185,-20.000000000000007
-0.179509115801908,1.5810607140359074,-20.000000000000007
-0.18067000068203443,1.5594198148107745,-20.000000000000007
-0.18250173051842536,1.5731434678747531,-20.000000000000007
-0.1894245325731731,1.5791548760255547,-20.000000000000007
-0.21086836437030812,1.8362072935113323,-20.000000000000007
-0.23644740113158186,1.9186569643032416,-20.000000000000007
-0.23440823261138904,1.9331740021179948,-20.000000000000007
-0.26200294820494663,1.767375686221409,-20.000000000000007
-0.24937635750008263,1.754402773703983,-20.000000000000007
-0.276382026491314,1.6148011027896403,-20.000000000000007
-0.2549687421996301,1.7682105869051175,-20.000000000000007
-0.2645600880082273,1.762286425998437,-20.000000000000007
-0.26313182059752305,1.7639177204531706,-20.000000000000007
-0.2565972436079634,1.7689479140404272,-20.000000000000007
-0.2588364871047501,1.7784330169162264,-20.000000000000007
-0.22012880248147476,1.9322960553211455,-20.000000000000007
-0.20620692767240614,1.7695048984654262,-20.000000000000007
-0.18226034594502283,1.575240624019803,-20.000000000000007
-0.2290706721347102,1.9266742771147651,-20.000000000000007
-0.27995072782324193,1.521363880679963,-20.000000000000007
-0.3312257790238783,1.4980243831289601,-20.000000000000007
-0.3559264704265222,1.5005964201830686,-20.000000000000007
-0.37582502033446985,1.4911656832515612,-20.000000000000007
-0.3845548105042842,1.5003939227014023,-20.000000000000007
-0.3787984420178688,1.4987309348648565,-20.000000000000007
-0.3843924793361051,1.4986039183361362,-20.000000000000007
-0.38212348218264486,1.5007825535589467,-20.000000000000007
-0.38164044672272085,1.4984644345543132,-20.000000000000007
-0.38770984231146216,1.5005867865425158,-20.000000000000007
-0.3839949612666148,1.4989240116750562,-20.000000000000007
-0.3748641167859385,1.4929899074146535,-20.000000000000007
-0.36098034190272255,1.4974145191668595,-20.000000000000007
-0.3429332672473858,1.498482120441853,-20.000000000000007
-0.3163939756994304,1.4967174416503988,-20.000000000000007
-0.2823512116961867,1.5077373236686633,-20.000000000000007
-0.24745591114738283,1.7986984723556187,-20.000000000000007
-0.1894553220869344,1.576362771578332,-20.000000000000007
-0.17716407672167844,1.5760687284044748,-20.000000000000007
-0.1377468926182409,1.4138227263361496,-20.000000000000007
-0.17716407672167844,1.5760687284044745,-20.000000000000007
-0.180374903390968,1.5624216849117094,-20.000000000000007
-0.1891192387649498,1.5756732257028958,-20.000000000000007
-0.2040443086596288,1.7471900021231155,-20.000000000000007
-0.2040443086596288,1.7471900021231153,-20.000000000000007
-0.21931127683429322,1.934614313986411,-20.000000000000007
-0.20473650305093238,1.7580889424488189,-20.000000000000007
-0.22903447707550287,1.9276403862238338,-20.000000000000007
-0.21248743473298978,1.8569242044846717,-20.000000000000007
-0.22959559270852006,1.9265005679165847,-20.000000000000007
-0.22064996984692098,1.9418172621089975,-20.000000000000007
-0.2277284399130113,1.923062195734846,-20.000000000000007
-0.2261117179537413,1.9301421223050315,-20.000000000000007
-0.22611171795374133,1.9301421223050315,-20.000000000000007
-0.2270638623481137,1.92846854433989,-20.000000000000007
-0.2216540489387192,1.934542116797381,-20.000000000000007
-0.22766484657571898,1.925565593229087,-20.000000000000007
-0.22163643964983373,1.9348203193043674,-20.000000000000007
-0.22943316724548107,1.9227050061108053,-20.000000000000007
-0.22577710864692624,1.9282151028335157,-20.000000000000007
-0.22149804046509497,1.9270698033146803,-20.000000000000007
-0.18915002827871114,1.572881121255673,-20.000000000000007
-0.18220996636544412,1.5747645545787248,-20.000000000000007
-0.17917386072802038,1.5901780441278879,-20.000000000000007
-0.2111273653160832,1.8393954016667315,-20.000000000000007
-0.24839724581557182,1.782685881474711,-20.000000000000007
-0.29436267878593425,1.5950114516585256,-20.000000000000007
-0.315031321451485,1.4940271262594227,-20.000000000000007
-0.33408424444884577,1.4969453327257767,-20.000000000000007
-0.34787825978812376,1.4996592344697832,-20.000000000000007
-0.3494192060878663,1.4985351052202769,-20.000000000000007
-0.36113989609052843,1.4990775128894858,-20.000000000000007
-0.3648396888205431,1.502565777427295,-20.000000000000007
-0.37177587778852067,1.4961718218083178,-20.000000000000007
-0.386636301375808,1.5013978292749024,-20.000000000000007
-0.39059859419672593,1.5022426404497784,-20.000000000000007
-0.3877644873200008,1.5000248328276955,-20.000000000000007
-0.38164778849711356,1.4989001797387043,-20.000000000000007
-0.3687711295135732,1.4998132836247755,-20.000000000000007
-0.3541032745430152,1.4998982824363998,-20.000000000000007
-0.33224022005826304,1.4969535518710546,-20.000000000000007
-0.3017271056666276,1.5366598345327969,-20.000000000000007
-0.25539052076822744,1.7609735732978302,-20.000000000000007
-0.20468482335904073,1.7442442470352897,-20.000000000000007
-0.16175363895024922,1.4767475548411566,-20.000000000000007
-0.13523645424514372,1.4956132648969094,-20.000000000000007
-0.13496593015556188,1.4904004997731792,-20.000000000000007
-0.1352364542451437,1.4956132648969094,-20.000000000000007
-0.13766089245675403,1.4109848407592605,-20.000000000000007
-0.16015086704143036,1.4658572207674505,-20.000000000000007
-0.16226514651890211,1.4799780943445653,-20.000000000000007
-0.179509115801908,1.5810607140359072,-20.000000000000007
-0.1822603459450228,1.5752406240198031,-20.000000000000007
-0.18888897604606414,1.5748627885679038,-20.000000000000007
-0.20438912631107456,1.7467571198479008,-20.000000000000007
-0.21297145694215708,1.8551211557628873,-20.000000000000007
-0.22995698799419934,1.9257483738802672,-20.000000000000007
-0.22704578554908228,1.9295504101736778,-20.000000000000007
-0.24813754997321755,1.7864819238655663,-20.000000000000007
-0.234358546628667,1.9319323108778552,-20.000000000000007
-0.25269096362343396,1.7505768970004383,-20.000000000000007
-0.24608633016702222,1.8164385723452239,-20.000000000000007
-0.25000367969224213,1.7348115636756964,-20.000000000000007
-0.2483714485355345,1.7832149692570538,-20.000000000000007
-0.24445825285810688,1.82752989358591,-20.000000000000007
-0.2451925693676752,1.8226011510985791,-20.000000000000007
-0.19431423230206796,1.6246198918783432,-20.000000000000007
-0.18885818653230282,1.5776548930151266,-20.000000000000007
-0.17950911580190798,1.5810607140359072,-20.000000000000007
-0.22648741265525177,1.9290439783824922,-20.000000000000007
-0.28008603240144825,1.5143084170606893,-20.000000000000007
-0.32980478201899927,1.4962980879242322,-20.000000000000007
-0.3548964186409028,1.5004317715352617,-20.000000000000007
-0.3749867121261723,1.4896946193561305,-20.000000000000007
-0.38264094516596553,1.5025716827710967,-20.000000000000007
-0.3813849806319468,1.4992378804840945,-20.000000000000007
-0.3890531336769417,1.4992779213477556,-20.000000000000007
-0.3913156373956483,1.5027686708816337,-20.000000000000007
-0.40282169498677467,1.4958521776843416,-20.000000000000007
-0.4160893256088709,1.5118513419479505,-20.000000000000007
-0.4192483259125963,1.484128772891724,-20.000000000000007
-0.4158827886724674,1.5179559282292532,-20.000000000000007
-0.4091347849830681,1.500227797717645,-20.000000000000007
-0.3890043425530895,1.4983722141241866,-20.000000000000007
-0.37229560044753746,1.4956377437669928,-20.000000000000007
-0.34389461249032705,1.4989257042798652,-20.000000000000007
-0.31985094075801945,1.4996828280198846,-20.000000000000007
-0.2821249840629593,1.5268853483064393,-20.000000000000007
-0.24763384288348408,1.797346146752112,-20.000000000000007
-0.21297145694215708,1.8551211557628875,-20.000000000000007
-0.17716407672167847,1.5760687284044748,-20.000000000000007
-0.1627002308005726,1.4821412217524914,-20.000000000000007
-0.13766089245675406,1.4109848407592602,-20.000000000000007
-0.14975414285615307,1.4356134548649342,-20.000000000000007
-0.16491224342351887,1.4962079272044329,-20.000000000000007
-0.17259283802865874,1.5472393109831908,-20.000000000000007
-0.179509115801908,1.5810607140359074,-20.000000000000007
-0.18226034594502277,1.575240624019803,-20.000000000000007
-0.18885818653230285,1.5776548930151266,-20.000000000000007
-0.20473650305093238,1.7580889424488189,-20.000000000000007
-0.2189194066326587,1.9363504851979807,-20.000000000000007
-0.24451821561584366,1.8284025365562286,-20.000000000000007
-0.23614757772495212,1.9207959698853625,-20.000000000000007
-0.25895760316593863,1.7767394679029658,-20.000000000000007
-0.24965204629655044,1.7463127307456157,-20.000000000000007
-0.2649098445397927,1.762675353383997,-20.000000000000007
-0.2553258324148163,1.7680096357234925,-20.000000000000007
-0.260620567103525,1.7701708052196237,-20.000000000000007
-0.2571147578436706,1.7706399076862402,-20.000000000000007
-0.2549620868411279,1.7718077641528993,-20.000000000000007
-0.25356064427098746,1.7667014538198773,-20.000000000000007
-0.21247740178589644,1.848262338794608,-20.000000000000007
-0.19316194813994036,1.6117989308347909,-20.000000000000007
-0.17825534106184446,1.5837285229747722,-20.000000000000007
-0.21023380688351329,1.8304416245211914,-20.000000000000007
-0.24765004788730655,1.796215448993123,-20.000000000000007
-0.29098643582990674,1.5839273016702227,-20.000000000000007
-0.3146813602623819,1.4955814153165865,-20.000000000000007
-0.3375530339939099,1.500107992752039,-20.000000000000007
-0.35070702324613345,1.498530771169424,-20.000000000000007
-0.3511764041799862,1.4990562156687441,-20.000000000000007
-0.3649740379403229,1.501764874270815,-20.000000000000007
-0.37132778569015024,1.4969353122359759,-20.000000000000007
-0.38445106893713027,1.4982344480076049,-20.000000000000007
-0.41285297096202445,1.4977885338169055,-20.000000000000007
-0.41812339330353354,1.5048462113381198,-20.000000000000007
-0.4158827886724674,1.5179559282292534,-20.000000000000007
-0.41239421860554615,1.497649901376328,-20.000000000000007
-0.3787169529653679,1.498159342158501,-20.000000000000007
-0.34785186356351305,1.4996722675892387,-20.000000000000007
-0.3043258873732406,1.5061705387306423,-20.000000000000007
-0.24753611064781528,1.7981305890838024,-20.000000000000007
-0.20621950573589576,1.7693061823890073,-20.000000000000007
-0.1822603459450228,1.5752406240198031,-20.000000000000007
-0.18037490339096798,1.5624216849117094,-20.000000000000007
-0.20438912631107453,1.746757119847901,-20.000000000000007
-0.2011724582994196,1.705762081239453,-20.000000000000007
-0.21941629570363208,1.934944495264261,-20.000000000000007
-0.21973920250494974,1.937701139422241,-20.000000000000007
-0.1956903181330773,1.6387809844399341,-20.000000000000007
-0.22028223899943516,1.9396231885002952,-20.000000000000007
-0.21248743473298976,1.8569242044846714,-20.000000000000007
-0.21248743473298978,1.8569242044846717,-20.000000000000007
-0.22959559270852004,1.9265005679165845,-20.000000000000007
-0.2040443086596288,1.7471900021231157,-20.000000000000007
-0.2062195057358958,1.7693061823890075,-20.000000000000007
-0.23097115312675073,1.9116541230441988,-20.000000000000007
-0.21297145694215705,1.8551211557628877,-20.000000000000007
-0.24753611064781528,1.7981305890838026,-20.000000000000007
-0.24338853031189459,1.8376016976324687,-20.000000000000007
-0.2433885303118946,1.837601697632469,-20.000000000000007
-0.2505240863301698,1.7228946145977087,-20.000000000000007
-0.22733561155602627,1.9262788439550507,-20.000000000000007
-0.2495054676988277,1.7506184474221234,-20.000000000000007
-0.23090645405062976,1.911544970233989,-20.000000000000007
-0.2306016887745189,1.914094401491136,-20.000000000000007
-0.23358586926747643,1.9295563077585554,-20.000000000000007
-0.18837473412143405,1.573377960684116,-20.000000000000007
-0.20438912631107456,1.7467571198479008,-20.000000000000007
-0.23090645405062976,1.911544970233989,-20.000000000000007
-0.27895869537093865,1.541706842619674,-20.000000000000007
-0.3230431430999099,1.4984800674484027,-20.000000000000007
-0.34198394553460465,1.4973172005885753,-20.000000000000007
-0.35769078414961597,1.4982579125990383,-20.000000000000007
-0.3640903070337216,1.5014376598449681,-20.000000000000007
-0.3581656238850399,1.5004755960783376,-20.000000000000007
-0.3620371828742712,1.5001534578616234,-20.000000000000007
-0.35858546835298594,1.4990795853248375,-20.000000000000007
-0.3587109808876452,1.498145695013854,-20.000000000000007
-0.36603605738931627,1.5020103230152848,-20.000000000000007
-0.36948244613561765,1.5011154097927286,-20.000000000000007
-0.3640903070337215,1.5014376598449681,-20.000000000000007
-0.3578736976891689,1.4995304542573757,-20.000000000000007
-0.34565269451703384,1.4964446780822402,-20.000000000000007
-0.3254281904889686,1.499572101746499,-20.000000000000007
-0.3015762558074406,1.5389990622252379,-20.000000000000007
-0.26611915304726375,1.7612193048709655,-20.000000000000007
-0.23476005108754983,1.9246267303173614,-20.000000000000007
-0.21173096932913643,1.8478864443445635,-20.000000000000007
-0.19301630833170436,1.6718828761552995,-20.000000000000007
-0.20279075708190072,1.764371281991521,-20.000000000000007
-0.21088307696788913,1.8406422820217243,-20.000000000000007
-0.22164106841618955,1.9189519988593973,-20.000000000000007
-0.22187224334523908,1.9254177131544243,-20.000000000000007
-0.22899518854702028,1.92055617050709,-20.000000000000007
-0.23476005108754983,1.9246267303173614,-20.000000000000007
-0.22747948179221975,1.9178329122632696,-20.000000000000007
-0.24854930644740358,1.7614705114727944,-20.000000000000007
-0.2274032380618864,1.9197471201459864,-20.000000000000007
-0.2495654747121121,1.7295730389912143,-20.000000000000007
-0.22994567150625358,1.919538769158157,-20.000000000000007
-0.24368022622945001,1.822530620071588,-20.000000000000007
-0.2351945994286903,1.9202203048809974,-20.000000000000007
-0.23273476470731289,1.9116545301870458,-20.000000000000007
-0.2416839883848246,1.8501095798725973,-20.000000000000007
-0.23219404399320692,1.9090545806427013,-20.000000000000007
-0.24368022622945001,1.8225306200715883,-20.000000000000007
-0.2357761515717354,1.9139808551233315,-20.000000000000007
-0.24770498968745444,1.7812067663578977,-20.000000000000007
-0.24444683310721674,1.8145508910196502,-20.000000000000007
-0.24969682634711554,1.7251946129698057,-20.000000000000007
-0.24444683310721674,1.8145508910196502,-20.000000000000007
-0.23104894066734633,1.9062717349328504,-20.000000000000007
-0.21998936254402723,1.931730724066448,-20.000000000000007
-0.2328234428818111,1.922427873465795,-20.000000000000007
-0.24753611064781528,1.7981305890838026,-20.000000000000007
-0.2794793704340342,1.468697576712997,-20.000000000000007
-0.29570375136281807,1.5908402850246068,-20.000000000000007
-0.31245349933347777,1.5030380404308017,-20.000000000000007
-0.3255696369120871,1.4988944095607089,-20.000000000000007
-0.3287322726414161,1.4987435172978485,-20.000000000000007
-0.34292658861302167,1.4995271979172426,-20.000000000000007
-0.35347015920382147,1.5014286260495044,-20.000000000000007
-0.36361284926747484,1.5030490278277724,-20.000000000000007
-0.3831727694102415,1.503110499642135,-20.000000000000007
-0.38918592455954065,1.499774433889721,-20.000000000000007
-0.391992040484768,1.5041966128179332,-20.000000000000007
-0.3892113018342856,1.4997537378964052,-20.000000000000007
-0.3843670456534081,1.4989195561798438,-20.000000000000007
-0.3719004112422989,1.494803812208842,-20.000000000000007
-0.3634652058396858,1.5035768971246126,-20.000000000000007
-0.34000931429215314,1.4990727639464163,-20.000000000000007
-0.3226832532278502,1.4980645361338432,-20.000000000000007
-0.30179522453982444,1.536324028837703,-20.000000000000007
-0.28091524268294427,1.5101868425258598,-20.000000000000007
-0.2584535779041626,1.7754936138872344,-20.000000000000007
-0.2317380046122724,1.913286973414019,-20.000000000000007
-0.2124874347329898,1.8569242044846714,-20.000000000000007
-0.17950911580190804,1.5810607140359074,-20.000000000000007
-0.179509115801908,1.5810607140359074,-20.000000000000007
-0.15098649128259778,1.3992341320455806,-20.000000000000007
-0.17825534106184443,1.5837285229747722,-20.000000000000007
-0.1806700006820344,1.5594198148107745,-20.000000000000007
-0.18837473412143407,1.573377960684116,-20.000000000000007
-0.20621950573589581,1.7693061823890075,-20.000000000000007
-0.20621950573589581,1.7693061823890075,-20.000000000000007
-0.24329569218090882,1.8364921595962787,-20.000000000000007
-0.2310858726041662,1.91133261443741,-20.000000000000007
-0.25532028162539255,1.7656024735639244,-20.000000000000007
-0.2507225369786989,1.7155548975809345,-20.000000000000007
-0.2667028227630228,1.7631502318302434,-20.000000000000007
-0.2662334868970442,1.7637881934694122,-20.000000000000007
-0.27965054770780057,1.5205278537775686,-20.000000000000007
-0.28015056852487374,1.5049249248193286,-20.000000000000007
-0.28439501577378495,1.5564346680588252,-20.000000000000007
-0.2844883477018021,1.5579081829715888,-20.000000000000007
-0.28256991487903854,1.5332087128336516,-20.000000000000007
-0.2787310165976559,1.540481016840682,-20.000000000000007
-0.24339943407299341,1.835379958443204,-20.000000000000007
-0.27078230853055546,1.7139078657374642,-20.000000000000007
-0.2789505387680827,1.5422474317025265,-20.000000000000007
-0.31756181987001814,1.4998334669940097,-20.000000000000007
-0.3357630991987473,1.499810597402053,-20.000000000000007
-0.34820250590275503,1.5000005995906214,-20.000000000000007
-0.3497209223140686,1.500327615338963,-20.000000000000007
-0.34067529142785086,1.4985325434661654,-20.000000000000007
-0.34300246115888516,1.4996826693632663,-20.000000000000007
-0.3426422895090408,1.4989792613674788,-20.000000000000007
-0.3484159999444614,1.5009586123962828,-20.000000000000007
-0.365461853064373,1.5024794676919524,-20.000000000000007
-0.37255955388802425,1.4942038132791202,-20.000000000000007
-0.3813849806319468,1.4992378804840947,-20.000000000000007
-0.37771752346797693,1.4934490184648597,-20.000000000000007
-0.3746621309899708,1.4898822777618954,-20.000000000000007
-0.3619773454422665,1.4996452066027621,-20.000000000000007
-0.35458741154203993,1.5003056499582912,-20.000000000000007
-0.3338422882749984,1.4979008498467827,-20.000000000000007
-0.32396294300592565,1.4999626334469907,-20.000000000000007
-0.303326762368314,1.5204584913047285,-20.000000000000007
-0.28621836386290783,1.566104825853512,-20.000000000000007
-0.27965054770780057,1.5205278537775686,-20.000000000000007
-0.23358586926747643,1.9295563077585558,-20.000000000000007
-0.22595440670337322,1.9324083385227475,-20.000000000000007
-0.17950911580190798,1.5810607140359074,-20.000000000000007
-0.179509115801908,1.5810607140359072,-20.000000000000007
-0.16491224342351885,1.4962079272044329,-20.000000000000007
-0.18067000068203443,1.559419814810775,-20.000000000000007
-0.1822603459450228,1.575240624019803,-20.000000000000007
-0.18942453257317313,1.5791548760255547,-20.000000000000007
-0.21922162412794235,1.9329791594168277,-20.000000000000007
-0.22096168538854583,1.9359203816877502,-20.000000000000007
-0.2475199056439928,1.7992612868427913,-20.000000000000007
-0.2475199056439928,1.799261286842791,-20.000000000000007
-0.2640192510989392,1.7616310705907567,-20.000000000000007
-0.26456008800822733,1.762286425998437,-20.000000000000007
-0.2809832119256003,1.5101517329934913,-20.000000000000007
-0.28142764322586944,1.5247664416818103,-20.000000000000007
-0.28808649824126326,1.573406706276798,-20.000000000000007
-0.2862183638629078,1.566104825853512,-20.000000000000007
-0.3022600457550737,1.5358618250536407,-20.000000000000007
-0.29564574900886464,1.5926551084486407,-20.000000000000007
-0.292783533068369,1.5875191970723042,-20.000000000000007
-0.28011681502668095,1.5081261530810859,-20.000000000000007
-0.24231997439650518,1.8451090692112226,-20.000000000000007
-0.2534731303878119,1.765999245543531,-20.000000000000007
-0.24753611064781528,1.7981305890838026,-20.000000000000007
-0.27949911503684455,1.467959382785481,-20.000000000000007
-0.29835577583996964,1.5732098626427768,-20.000000000000007
-0.31336450009013783,1.5042615281230263,-20.000000000000007
-0.3258854164460578,1.5010259138617275,-20.000000000000007
-0.32799573090261275,1.5004781011940993,-20.000000000000007
-0.34043648683663635,1.4987011232372658,-20.000000000000007
-0.3487221175736024,1.5010160756963418,-20.000000000000007
-0.35449075037510486,1.4995359015571132,-20.000000000000007
-0.36943939218138083,1.5010424237351683,-20.000000000000007
-0.3716938068827961,1.496928801428554,-20.000000000000007
-0.37255955388802425,1.49420381327912,-20.000000000000007
-0.3715864145254033,1.4978776249927228,-20.000000000000007
-0.3719055753643097,1.4948734172483877,-20.000000000000007
-0.3650625775969067,1.5019356875175043,-20.000000000000007
-0.36561212111907593,1.5019017935944856,-20.000000000000007
-0.34708806918753277,1.4976886728086785,-20.000000000000007
-0.3391617418283299,1.4997543400825493,-20.000000000000007
-0.31554673464532235,1.4955281786636152,-20.000000000000007
-0.30083455531499464,1.5489744544843096,-20.000000000000007
-0.2814276432258695,1.5247664416818107,-20.000000000000007
-0.2388920604892191,1.8949852356181969,-20.000000000000007
-0.22725815115555778,1.9273187281239845,-20.000000000000007
-0.17917386072802038,1.5901780441278879,-20.000000000000007
-0.1791738607280204,1.5901780441278879,-20.000000000000007
-0.15098676968313507,1.3990909895297732,-20.000000000000007
-0.17917386072802038,1.5901780441278877,-20.000000000000007
-0.18226034594502277,1.5752406240198031,-20.000000000000007
-0.18885818653230282,1.5776548930151268,-20.000000000000007
-0.21297145694215705,1.8551211557628875,-20.000000000000007
-0.21297145694215705,1.8551211557628873,-20.000000000000007
-0.24397530084036056,1.8309790007740843,-20.000000000000007
-0.23258641068879682,1.915898851233798,-20.000000000000007
-0.2560249731724666,1.765513258458527,-20.000000000000007
-0.24948696251129446,1.7411443225876762,-20.000000000000007
-0.2760824618269203,1.6139819250177532,-20.000000000000007
-0.2628344847295875,1.7654332948875777,-20.000000000000007
-0.2799303887599007,1.5136879349395191,-20.000000000000007
-0.27954586796852793,1.521436881820604,-20.000000000000007
-0.2828105754745732,1.5373170997394179,-20.000000000000007
-0.2828105754745732,1.537317099739418,-20.000000000000007
-0.28035323293839765,1.5049414149407445,-20.000000000000007
-0.2787228599947999,1.5410216059235347,-20.000000000000007
-0.23807576957831403,1.8957806630478466,-20.000000000000007
-0.269830389703005,1.7295187732858661,-20.000000000000007
-0.27635790955737666,1.6147991334610237,-20.000000000000007
-0.3150119161980692,1.493886309280419,-20.000000000000007
-0.3332193549720232,1.4977888029400892,-20.000000000000007
-0.3484159999444615,1.5009586123962828,-20.000000000000007
-0.3533570751670972,1.5010097048878097,-20.000000000000007
-0.3460120535763745,1.4965218092780541,-20.000000000000007
-0.34842473469633234,1.5009715419742358,-20.000000000000007
-0.34654048819744226,1.4947542746897693,-20.000000000000007
-0.34887494842498773,1.5007448555520717,-20.000000000000007
-0.3585854683529859,1.4990795853248375,-20.000000000000007
-0.3636908050896276,1.5020779289279327,-20.000000000000007
-0.3613080255802617,1.498382246680452,-20.000000000000007
-0.35789183693986143,1.4995937068785676,-20.000000000000007
-0.3495875760384277,1.4996359270640844,-20.000000000000007
-0.3328714511327938,1.4971268443291335,-20.000000000000007
-0.3091391509722712,1.5060123200904287,-20.000000000000007
-0.28011681502668095,1.5081261530810859,-20.000000000000007
-0.24770498968745444,1.7812067663578977,-20.000000000000007
-0.22062846119588841,1.9240573197414905,-20.000000000000007
-0.19939141523199572,1.7296016868114208,-20.000000000000007
-0.21173042344573,1.8478756848573852,-20.000000000000007
-0.21248743473298976,1.8569242044846717,-20.000000000000007
-0.21973920250494972,1.937701139422241,-20.000000000000007
-0.21941629570363208,1.9349444952642607,-20.000000000000007
-0.2185133510658332,1.936339667920196,-20.000000000000007
-0.22016792406061556,1.94105959702796,-20.000000000000007
-0.21941629570363208,1.934944495264261,-20.000000000000007
-0.24144067112421888,1.8607073622458232,-20.000000000000007
-0.2235040363655269,1.9310001143533555,-20.000000000000007
-0.24965204629655047,1.7463127307456154,-20.000000000000007
-0.23246637703641987,1.9154094041285457,-20.000000000000007
-0.24894779568029934,1.7654260612210053,-20.000000000000007
-0.24611612285869172,1.8163149486735666,-20.000000000000007
-0.24810888453078228,1.787837359660509,-20.000000000000007
-0.25027783111207347,1.7252964706523972,-20.000000000000007
-0.2489146292992059,1.7569423915944673,-20.000000000000007
-0.2536395998721006,1.7640771185418007,-20.000000000000007
-0.2526613287830495,1.745043410470449,-20.000000000000007
-0.2602437719270617,1.7685715410328273,-20.000000000000007
-0.26062858392123733,1.764117142044033,-20.000000000000007
-0.2787228599947999,1.5410216059235347,-20.000000000000007
-0.26443354651584017,1.7602609374540505,-20.000000000000007
-0.2546237366083259,1.7638490147214088,-20.000000000000007
-0.23302451760487208,1.919419301661153,-20.000000000000007
-0.24765004788730655,1.7962154489931232,-20.000000000000007
-0.24814112531457122,1.785614123065802,-20.000000000000007
-0.2801051246410948,1.4811490945842523,-20.000000000000007
-0.29666674260669496,1.588892660125147,-20.000000000000007
-0.3134473008874672,1.5042564636860547,-20.000000000000007
-0.3270521933362543,1.5000760491849014,-20.000000000000007
-0.33051005313584775,1.4966634841946624,-20.000000000000007
-0.34590829400806533,1.496394835289641,-20.000000000000007
-0.35593569543368103,1.5007965177492808,-20.000000000000007
-0.36630635295520786,1.501544979676273,-20.000000000000007
-0.3863193957177245,1.5009528370584122,-20.000000000000007
-0.39207112573319014,1.5048307191748582,-20.000000000000007
-0.39912901859430305,1.4937210302869257,-20.000000000000007
-0.39417960143027375,1.4997858531529873,-20.000000000000007
-0.3913407905982521,1.5032504492269463,-20.000000000000007
-0.3813849806319468,1.4992378804840945,-20.000000000000007
-0.36948244613561765,1.5011154097927286,-20.000000000000007
-0.3468023759078921,1.4963054240582094,-20.000000000000007
-0.3289148509775347,1.4965153567918774,-20.000000000000007
-0.3038838134119745,1.513229247653649,-20.000000000000007
-0.2807866153310694,1.511411264809145,-20.000000000000007
-0.25722426276984617,1.7689534847095645,-20.000000000000007
-0.22903447707550284,1.9276403862238338,-20.000000000000007
-0.21248743473298976,1.8569242044846717,-20.000000000000007
-0.18226034594502277,1.575240624019803,-20.000000000000007
-0.1811061921972143,1.5615965088310682,-20.000000000000007
-0.17426758362483652,1.5596310191219986,-20.000000000000007
-0.1822603459450228,1.5752406240198031,-20.000000000000007
-0.18942453257317313,1.5791548760255545,-20.000000000000007
-0.21973920250494974,1.937701139422241,-20.000000000000007
-0.2343092326264949,1.9311415577316966,-20.000000000000007
-0.22907067213471016,1.9266742771147651,-20.000000000000007
-0.22012456876574127,1.9315839867608928,-20.000000000000007
-0.18842511370101278,1.5738540301251946,-20.000000000000007
-0.20438912631107456,1.7467571198479008,-20.000000000000007
-0.19267016886258165,1.6078401287596833,-20.000000000000007
-0.221404212855449,1.9288128383647138,-20.000000000000007
-0.220522896378157,1.9336673533666464,-20.000000000000007
-0.22910974614401128,1.9212770219017477,-20.000000000000007
-0.23445763083557242,1.928933639393334,-20.000000000000007
-0.24895018619471665,1.7662155009686171,-20.000000000000007
-0.26153998201848744,1.7656502199588053,-20.000000000000007
-0.24805643676794056,1.7755420123410834,-20.000000000000007
-0.24822669455309768,1.767300839790424,-20.000000000000007
-0.22716309140908017,1.928551184906833,-20.000000000000007
-0.24983746969752976,1.735072632605674,-20.000000000000007
-0.2814932375182839,1.5240357387947427,-20.000000000000007
-0.31649072174636117,1.4978964762349731,-20.000000000000007
-0.33842388313657557,1.5003663268173812,-20.000000000000007
-0.35347015920382147,1.5014286260495044,-20.000000000000007
-0.35644787833809105,1.5001356233059646,-20.000000000000007
-0.35191443739196543,1.4994519078605815,-20.000000000000007
-0.36130802558026165,1.4983822466804522,-20.000000000000007
-0.365461853064373,1.5024794676919526,-20.000000000000007
-0.3749867121261724,1.4896946193561302,-20.000000000000007
-0.39255868715142855,1.5027051889708603,-20.000000000000007
-0.4028216949867746,1.4958521776843414,-20.000000000000007
-0.4035196596256285,1.4970491241462653,-20.000000000000007
-0.4035848310858544,1.4952416525702594,-20.000000000000007
-0.39656622889776605,1.4978984796426567,-20.000000000000007
-0.3920309210953765,1.504309044174851,-20.000000000000007
-0.36746442643831195,1.5032213572752287,-20.000000000000007
-0.3588143316932607,1.4982861914690322,-20.000000000000007
-0.320645461907724,1.4992325953191135,-20.000000000000007
-0.30097702261458714,1.547877918531879,-20.000000000000007
-0.27610483232387384,1.612553868077144,-20.000000000000007
-0.24606263889216962,1.8070962120327667,-20.000000000000007
-0.23889206048921907,1.8949852356181969,-20.000000000000007
-0.18942453257317313,1.5791548760255547,-20.000000000000007
-0.2040443086596288,1.7471900021231157,-20.000000000000007
-0.1804043718668858,1.5611767535850447,-20.000000000000007
-0.18837473412143405,1.5733779606841165,-20.000000000000007
-0.18837473412143405,1.5733779606841163,-20.000000000000007
-0.21046607260458378,1.8304689331243629,-20.000000000000007
-0.21297145694215705,1.8551211557628875,-20.000000000000007
-0.22767890684262926,1.923502489320876,-20.000000000000007
-0.24753253530646158,1.7989983898835673,-20.000000000000007
-0.24397530084036062,1.8309790007740843,-20.000000000000007
-0.257068863995998,1.7711405639785482,-20.000000000000007
-0.2628392285213754,1.766062204947628,-20.000000000000007
-0.2788960518057873,1.5423459676292302,-20.000000000000007
-0.27989624086094667,1.5214624166066664,-20.000000000000007
-0.28742768842195043,1.5707318059949422,-20.000000000000007
-0.2843950157737849,1.5564346680588255,-20.000000000000007
-0.3022600457550737,1.5358618250536407,-20.000000000000007
-0.31201784842440594,1.5042001719344675,-20.000000000000007
-0.3022600457550737,1.5358618250536407,-20.000000000000007
-0.31359437367213805,1.5056681752911176,-20.000000000000007
-0.2809152426829442,1.5101868425258598,-20.000000000000007
-0.2563266999575595,1.7687420527684,-20.000000000000007
-0.25624615934498424,1.7683106701309903,-20.000000000000007
-0.25493350224142575,1.7718608969257508,-20.000000000000007
-0.2869750044368471,1.5495357993911463,-20.000000000000007
-0.3088989161982865,1.5077598400660759,-20.000000000000007
-0.32556665399638657,1.4986845122059511,-20.000000000000007
-0.3345122675945349,1.4973342968213617,-20.000000000000007
-0.3333705970662412,1.4976319306515535,-20.000000000000007
-0.3446099942432791,1.4972471072719165,-20.000000000000007
-0.3484247346963323,1.500971541974236,-20.000000000000007
-0.355935695433681,1.500796517749281,-20.000000000000007
-0.36991026987554515,1.5007572535806664,-20.000000000000007
-0.37379589125998225,1.4914774365498413,-20.000000000000007
-0.3769086071819481,1.4920946990854367,-20.000000000000007
-0.3758250203344698,1.4911656832515612,-20.000000000000007
-0.369044187639418,1.4998818355910513,-20.000000000000007
-0.3650299395854604,1.502175299410743,-20.000000000000007
-0.3421520267883904,1.4982106551334216,-20.000000000000007
-0.33431955424863957,1.4973903138446114,-20.000000000000007
-0.2977072512926068,1.5807711636260167,-20.000000000000007
-0.2828105754745732,1.5373170997394179,-20.000000000000007
-0.2566382211256999,1.7634746737325249,-20.000000000000007
-0.24601228400731645,1.8086753750631521,-20.000000000000007
-0.2435294100818127,1.8371727099357726,-20.000000000000007
-0.19927599968825097,1.68201699226254,-20.000000000000007
-0.20473650305093238,1.7580889424488186,-20.000000000000007
-0.1811061921972143,1.5615965088310684,-20.000000000000007
-0.18837473412143407,1.573377960684116,-20.000000000000007
-0.18837473412143407,1.5733779606841163,-20.000000000000007
-0.21276096579532144,1.8568777380279777,-20.000000000000007
-0.2199808001678391,1.9312878373276243,-20.000000000000007
-0.23090645405062973,1.9115449702339893,-20.000000000000007
-0.2495054676988277,1.7506184474221234,-20.000000000000007
-0.2483477659038358,1.7827638812686877,-20.000000000000007
-0.2653554350624671,1.7669455265133258,-20.000000000000007
-0.26700612032761784,1.7678584035846447,-20.000000000000007
-0.27993621859972284,1.5183478749566064,-20.000000000000007
-0.2803229939220572,1.5077946393418156,-20.000000000000007
-0.29145195086946407,1.588624020893299,-20.000000000000007
-0.2911941062217189,1.5877170694326264,-20.000000000000007
-0.30757630387103396,1.509276746359918,-20.000000000000007
-0.31964841274223776,1.4994535630531072,-20.000000000000007
-0.3092668709067085,1.5058506663872815,-20.000000000000007
-0.32099813607237104,1.4976588514289229,-20.000000000000007
-0.28831958847372885,1.5737907057255947,-20.000000000000007
-0.2789708254526113,1.540628406263732,-20.000000000000007
-0.2809764172693502,1.5082536399276858,-20.000000000000007
-0.2862183638629078,1.566104825853512,-20.000000000000007
-0.32925064657027425,1.4964363467324873,-20.000000000000007
-0.34889040717694986,1.5007159939601318,-20.000000000000007
-0.36453095799392204,1.5020222813899937,-20.000000000000007
-0.3694393921813808,1.5010424237351683,-20.000000000000007
-0.3620371828742712,1.5001534578616234,-20.000000000000007
-0.36506498858195174,1.501916716680805,-20.000000000000007
-0.36098220229936606,1.4993935632939102,-20.000000000000007
-0.36060415402804746,1.4996672443548296,-20.000000000000007
-0.367556883978087,1.5021341423322243,-20.000000000000007
-0.37051646173336855,1.496018274307894,-20.000000000000007
-0.3694393921813809,1.5010424237351683,-20.000000000000007
-0.36546185306437295,1.5024794676919524,-20.000000000000007
-0.35730312449616325,1.5001394893905033,-20.000000000000007
-0.33993974971336527,1.498899166583761,-20.000000000000007
-0.3150119161980692,1.493886309280419,-20.000000000000007
-0.2809086611486742,1.510432907168365,-20.000000000000007
-0.24781892692694568,1.779291626267218,-20.000000000000007
-0.21981635526112697,1.9254145073810724,-20.000000000000007
-0.18615639672437706,1.6073672656103333,-20.000000000000007
-0.20084991587527576,1.7469969015930156,-20.000000000000007
-0.2120497385941779,1.8497531531648241,-20.000000000000007
-0.21941629570363208,1.934944495264261,-20.000000000000007
-0.2196570342500176,1.9384732617866098,-20.000000000000007
-0.21941629570363214,1.934944495264261,-20.000000000000007
-0.2259544067033732,1.9324083385227473,-20.000000000000007
-0.22028223899943522,1.939623188500295,-20.000000000000007
-0.24451821561584366,1.8284025365562284,-20.000000000000007
-0.22725815115555778,1.9273187281239845,-20.000000000000007
-0.24987554506512769,1.7371454736290528,-20.000000000000007
-0.23595500071689005,1.9215763779110162,-20.000000000000007
-0.25000367969224213,1.7348115636756967,-20.000000000000007
-0.2488393654945732,1.767258784683341,-20.000000000000007
-0.24950546769882767,1.7506184474221236,-20.000000000000007
-0.2536428903792911,1.7674676440813537,-20.000000000000007
-0.24984455565406183,1.7243943687198786,-20.000000000000007
-0.2563524128206272,1.7660421090209657,-20.000000000000007
-0.25476426811762787,1.7679516941568374,-20.000000000000007
-0.2657087564726208,1.7645351957822728,-20.000000000000007
-0.26535781803849445,1.7655402183030815,-20.000000000000007
-0.2801168150266809,1.508126153081086,-20.000000000000007
-0.2775886576356349,1.5676246431819254,-20.000000000000007
-0.2621786338907749,1.7619334689343193,-20.000000000000007
-0.24874556862336183,1.7709263334737655,-20.000000000000007
-0.2560307117717766,1.7677522223127289,-20.000000000000007
-0.2571450098572349,1.7709511941364187,-20.000000000000007
-0.2926173299946784,1.5866558748438624,-20.000000000000007
-0.30677391376734775,1.5114988088153862,-20.000000000000007
-0.32306885494147697,1.5002641292805414,-20.000000000000007
-0.33650616169655734,1.5006414576600031,-20.000000000000007
-0.3407904741019585,1.4981510855331859,-20.000000000000007
-0.3553934750511347,1.5006184475007207,-20.000000000000007
-0.365648863393905,1.5023528621186546,-20.000000000000007
-0.37255955388802425,1.4942038132791202,-20.000000000000007
-0.39173431989552543,1.504000211442579,-20.000000000000007
-0.396566228897766,1.4978984796426567,-20.000000000000007
-0.4002028715933046,1.4931457804518808,-20.000000000000007
-0.3940752730384579,1.4998105187723443,-20.000000000000007
-0.38986534378445314,1.5013425742314979,-20.000000000000007
-0.37771752346797693,1.4934490184648597,-20.000000000000007
-0.36307662543039454,1.5016848436453718,-20.000000000000007
-0.34346714739100076,1.5004050257216288,-20.000000000000007
-0.3224149160999118,1.4968713473990716,-20.000000000000007
-0.30368767058302526,1.5157237842560336,-20.000000000000007
-0.2814797371067958,1.5252973820410298,-20.000000000000007
-0.2564853106703794,1.7677264563391588,-20.000000000000007
-0.2317380046122724,1.9132869734140188,-20.000000000000007
-0.20587468808445006,1.7697390646642215,-20.000000000000007
-0.180374903390968,1.5624216849117094,-20.000000000000007
-0.179509115801908,1.5810607140359074,-20.000000000000007
-0.16015086704143036,1.4658572207674503,-20.000000000000007
-0.180374903390968,1.5624216849117096,-20.000000000000007
-0.1822603459450228,1.5752406240198031,-20.000000000000007
-0.18888897604606414,1.574862788567904,-20.000000000000007
-0.21898340119425477,1.9294106496791947,-20.000000000000007
-0.2201245687657412,1.9315839867608924,-20.000000000000007
-0.2481088845307823,1.7878373596605095,-20.000000000000007
-0.24435451096602234,1.828642094738985,-20.000000000000007
-0.26427827030581397,1.7623250057011979,-20.000000000000007
-0.25734307669774037,1.7695606093665175,-20.000000000000007
-0.2804437795288265,1.5047081448976698,-20.000000000000007
-0.28022511930179994,1.5046437506444552,-20.000000000000007
-0.2861467625785086,1.5660632206302454,-20.000000000000007
-0.28576098076397394,1.5635482586604632,-20.000000000000007
-0.30103920601302403,1.5468891795845787,-20.000000000000007
-0.29704995386276734,1.5882000358297312,-20.000000000000007
-0.29611661702009706,1.5918471476143718,-20.000000000000007
-0.2843950157737849,1.5564346680588255,-20.000000000000007
-0.25052408633016987,1.7228946145977087,-20.000000000000007
-0.28105697529820567,1.5067667150525548,-20.000000000000007
-0.28098335050850076,1.5094406173762567,-20.000000000000007
-0.3247033332062538,1.5003077762787758,-20.000000000000007
-0.3421520267883904,1.498210655133422,-20.000000000000007
-0.355935695433681,1.5007965177492808,-20.000000000000007
-0.35974577615636844,1.4975541966542332,-20.000000000000007
-0.3534701592038215,1.5014286260495044,-20.000000000000007
-0.36059180247367845,1.4994174222527215,-20.000000000000007
-0.3630322026410231,1.5016451813636917,-20.000000000000007
-0.369044187639418,1.499881835591051,-20.000000000000007
-0.3874323207114573,1.4992984024991416,-20.000000000000007
-0.39191748977282803,1.5049510587481634,-20.000000000000007
-0.39652069364350256,1.4987769353847875,-20.000000000000007
-0.391992040484768,1.5041966128179332,-20.000000000000007
-0.39195255719288435,1.5040965379487896,-20.000000000000007
-0.38268270180229247,1.502646101821653,-20.000000000000007
-0.3803373207759316,1.4992666834827812,-20.000000000000007
-0.3606977556159688,1.4999172323373817,-20.000000000000007
-0.3482470129953703,1.5000307258871715,-20.000000000000007
-0.3230431430999099,1.4984800674484027,-20.000000000000007
-0.3049680624842603,1.5058010831173119,-20.000000000000007
-0.28558708034433605,1.5632803966587598,-20.000000000000007
-0.24527764217723236,1.8236949821295778,-20.000000000000007
-0.2290840101458849,1.9272000926378037,-20.000000000000007
-0.179509115801908,1.5810607140359072,-20.000000000000007
-0.17950911580190798,1.5810607140359074,-20.000000000000007
-0.17259283802865874,1.5472393109831906,-20.000000000000007
-0.18226034594502277,1.575240624019803,-20.000000000000007
-0.18837473412143405,1.5733779606841158,-20.000000000000007
-0.19303815211615677,1.6120202560143864,-20.000000000000007
-0.22140461161028013,1.9284170608693034,-20.000000000000007
-0.22611171795374133,1.9301421223050317,-20.000000000000007
-0.2502845554208488,1.7235141714337492,-20.000000000000007
-0.2475199056439928,1.7992612868427909,-20.000000000000007
-0.2778821416137839,1.5692139881278626,-20.000000000000007
-0.264328602380539,1.7623170544261268,-20.000000000000007
-0.2843016838457678,1.5549611531460616,-20.000000000000007
-0.28199981946398567,1.5315909500928488,-20.000000000000007
-0.29145195086946407,1.588624020893299,-20.000000000000007
-0.2911941062217188,1.5877170694326268,-20.000000000000007
-0.30219365988298036,1.5364794019594314,-20.000000000000007
-0.30176944672312994,1.5365596759207838,-20.000000000000007
-0.3009753816825688,1.5478856504334075,-20.000000000000007
-0.28980834291769153,1.581092351909641,-20.000000000000007
-0.24895018619471665,1.7662155009686171,-20.000000000000007
-0.26743120158830314,1.7588110840655822,-20.000000000000007
-0.2502845554208489,1.7235141714337494,-20.000000000000007
-0.2851737895803543,1.5355047244565643,-20.000000000000007
-0.3066578652994123,1.5118064236641413,-20.000000000000007
-0.32268114967386063,1.498743232224279,-20.000000000000007
-0.3354719600031144,1.500021857965256,-20.000000000000007
-0.33750811967999045,1.4997854314287136,-20.000000000000007
-0.3508771770534988,1.4986371884684213,-20.000000000000007
-0.35789183693986143,1.499593706878568,-20.000000000000007
-0.3660360573893162,1.502010323015285,-20.000000000000007
-0.3833009492027091,1.503000426195462,-20.000000000000007
-0.3879326690585744,1.4985197316029264,-20.000000000000007
-0.39233269655507325,1.5035430567114145,-20.000000000000007
-0.3890531336769417,1.4992779213477556,-20.000000000000007
-0.388830838776234,1.497201953277348,-20.000000000000007
-0.37880671926745624,1.4995029946227356,-20.000000000000007
-0.37785993596802386,1.4962199217860601,-20.000000000000007
-0.35921716359111977,1.4968385038738312,-20.000000000000007
-0.3508214828115627,1.5002901619420403,-20.000000000000007
-0.3288415705795653,1.4961121130087698,-20.000000000000007
-0.31355242332031125,1.505618583994675,-20.000000000000007
-0.29659658328306165,1.590843449729172,-20.000000000000007
-0.25375436341010527,1.768120989651811,-20.000000000000007
-0.24352941008181267,1.8371727099357729,-20.000000000000007
-0.18226034594502277,1.575240624019803,-20.000000000000007
-0.18037490339096804,1.5624216849117096,-20.000000000000007
-0.15921534466681125,1.4594263141425161,-20.000000000000007
-0.17917386072802038,1.5901780441278879,-20.000000000000007
-0.18226034594502277,1.5752406240198031,-20.000000000000007
-0.18888897604606414,1.574862788567904,-20.000000000000007
-0.21898340119425477,1.9294106496791947,-20.000000000000007
-0.22090647214137543,1.9372251416090736,-20.000000000000007
-0.2495054676988277,1.7506184474221236,-20.000000000000007
-0.24810799506576042,1.7880639657243003,-20.000000000000007
-0.2789469029246514,1.542221756419742,-20.000000000000007
-0.2646747328815773,1.763572093331498,-20.000000000000007
-0.28558708034433605,1.5632803966587598,-20.000000000000007
-0.2828105754745732,1.537317099739418,-20.000000000000007
-0.2952921453964856,1.592977347531367,-20.000000000000007
-0.2939412323938883,1.5973849164057103,-20.000000000000007
-0.30328578238110493,1.5204381626563317,-20.000000000000007
-0.3025071207080854,1.5335323154134946,-20.000000000000007
-0.2976141491392628,1.5825050174610304,-20.000000000000007
-0.2880864982412632,1.573406706276798,-20.000000000000007
-0.25065855339975707,1.7267162509364218,-20.000000000000007
-0.2816315896530719,1.518993943032604,-20.000000000000007
-0.28148428103377227,1.523586210082549,-20.000000000000007
-0.3264422702680585,1.499109752817048,-20.000000000000007
-0.34489621860167574,1.4970659733854652,-20.000000000000007
-0.36114347858035534,1.4985954886665471,-20.000000000000007
-0.36603605738931627,1.5020103230152848,-20.000000000000007
-0.3590793612713984,1.497190290811947,-20.000000000000007
-0.36365064408999354,1.502210432621207,-20.000000000000007
-0.36222153800092,1.500041635981562,-20.000000000000007
-0.361508103546217,1.4983624547355556,-20.000000000000007
-0.3694824461356177,1.5011154097927286,-20.000000000000007
-0.3712800227116997,1.4965564124068576,-20.000000000000007
-0.3694393921813809,1.501042423735168,-20.000000000000007
-0.3663063529552078,1.5015449796762728,-20.000000000000007
-0.35841431353192404,1.4995491990150827,-20.000000000000007
-0.3418855463463881,1.4966599057508907,-20.000000000000007
-0.31509465220423705,1.4942280719562917,-20.000000000000007
-0.2803692287519004,1.5049893190725436,-20.000000000000007
-0.24444683310721674,1.8145508910196502,-20.000000000000007
-0.219816355261127,1.9254145073810724,-20.000000000000007
-0.1861543817647462,1.6074417934864873,-20.000000000000007
-0.21948619802340805,1.922358562997812,-20.000000000000007
-0.22088539733767876,1.931145289038375,-20.000000000000007
-0.23090645405062976,1.911544970233989,-20.000000000000007
-0.2319692397184688,1.9142976453010256,-20.000000000000007
-0.2306016887745189,1.9140944014911363,-20.000000000000007
-0.24144067112421885,1.8607073622458232,-20.000000000000007
-0.234408232611389,1.9331740021179948,-20.000000000000007
-0.2553086674360319,1.7679087453312385,-20.000000000000007
-0.2458729677384549,1.8196671662315556,-20.000000000000007
-0.2674312015883032,1.7588110840655817,-20.000000000000007
-0.25276036444532335,1.7515370979857021,-20.000000000000007
-0.2653801958788796,1.765944105328857,-20.000000000000007
-0.2619637290166539,1.7681328011044384,-20.000000000000007
-0.2638091441500439,1.7627160490657263,-20.000000000000007
-0.2757764901159882,1.6188171218457246,-20.000000000000007
-0.26429340986220207,1.7623587395462441,-20.000000000000007
-0.2797669518203999,1.5259922515416307,-20.000000000000007
-0.27077512574470486,1.713021218084927,-20.000000000000007
-0.28086116610799555,1.511130090634271,-20.000000000000007
-0.28042778371532373,1.5046602407658711,-20.000000000000007
-0.28663326790731386,1.5687364498004044,-20.000000000000007
-0.28391254215135964,1.549416570949266,-20.000000000000007
-0.2801168150266809,1.5081261530810863,-20.000000000000007
-0.25515011975974833,1.7691935568457864,-20.000000000000007
-0.26404892623071796,1.7598795023714366,-20.000000000000007
-0.2627523210886698,1.7625191310530544,-20.000000000000007
-0.29579483233411025,1.5900668575557129,-20.000000000000007
-0.3097056597871251,1.5050844263574916,-20.000000000000007
-0.3278184386206481,1.500738052351701,-20.000000000000007
-0.34184562376458116,1.4974098014735255,-20.000000000000007
-0.34463291387294503,1.4975166019920212,-20.000000000000007
-0.36063236586736647,1.4993742671175014,-20.000000000000007
-0.3700087145540455,1.5003597938702713,-20.000000000000007
-0.3803781964604183,1.4993657834029932,-20.000000000000007
-0.40079394732223583,1.4938373269257348,-20.000000000000007
-0.4038680853064463,1.4923228234903876,-20.000000000000007
-0.40917096847474604,1.50104749700126,-20.000000000000007
-0.40485370671556486,1.4977910022249303,-20.000000000000007
-0.4034948620270724,1.497226312285433,-20.000000000000007
-0.39131563739564834,1.5027686708816337,-20.000000000000007
-0.3769875511830388,1.4924424342599365,-20.000000000000007
-0.3546243261763054,1.5003771671712758,-20.000000000000007
-0.3328714511327938,1.4971268443291337,-20.000000000000007
-0.31286943398502143,1.5045796759697254,-20.000000000000007
-0.29033278243174954,1.58306888950292,-20.000000000000007
-0.27889605180578736,1.54234596762923,-20.000000000000007
-0.24753611064781528,1.7981305890838026,-20.000000000000007
-0.2202822389994352,1.9396231885002952,-20.000000000000007
-0.18837473412143407,1.573377960684116,-20.000000000000007
-0.18226034594502277,1.575240624019803,-20.000000000000007
-0.17917386072802038,1.5901780441278879,-20.000000000000007
-0.18885818653230285,1.5776548930151268,-20.000000000000007
-0.21248743473298976,1.8569242044846717,-20.000000000000007
-0.24235616464673962,1.848211899768832,-20.000000000000007
-0.2502845554208488,1.7235141714337492,-20.000000000000007
-0.24950546769882767,1.7506184474221234,-20.000000000000007
-0.23205591066668435,1.914540565171374,-20.000000000000007
-0.20139347992708184,1.7055505241438342,-20.000000000000007
-0.2191828743993791,1.933013191261409,-20.000000000000007
-0.21157012218398935,1.8376661280048125,-20.000000000000007
-0.23270900570410014,1.9127280975840797,-20.000000000000007
-0.23124166311434452,1.9066309764578493,-20.000000000000007
-0.2433994340729934,1.835379958443204,-20.000000000000007
-0.24442642915523483,1.8276576358415726,-20.000000000000007
-0.25522999634415133,1.767357957916188,-20.000000000000007
-0.2789505387680827,1.5422474317025268,-20.000000000000007
-0.25681543431027437,1.7677360909035924,-20.000000000000007
-0.25675133713559517,1.769336616166364,-20.000000000000007
-0.24435451096602234,1.8286420947389848,-20.000000000000007
-0.26155068380272584,1.7668544436141962,-20.000000000000007
-0.29410026616634816,1.5976193200543345,-20.000000000000007
-0.33372597844101226,1.4973962650808295,-20.000000000000007
-0.35542487169772036,1.5006298440223138,-20.000000000000007
-0.3712800227116997,1.496556412406858,-20.000000000000007
-0.37598351868628854,1.4908410875963352,-20.000000000000007
-0.36906946148875325,1.5001919097511616,-20.000000000000007
-0.37876689713794387,1.498055321475186,-20.000000000000007
-0.3816021599877682,1.4981758151567743,-20.000000000000007
-0.3878440849189915,1.5002141264935784,-20.000000000000007
-0.4033726963750626,1.497042279972661,-20.000000000000007
-0.4051087562453109,1.500021178374497,-20.000000000000007
-0.40917096847474604,1.50104749700126,-20.000000000000007
-0.4068816327020164,1.499686099342767,-20.000000000000007
-0.40319256264927766,1.496284767127063,-20.000000000000007
-0.39656622889776605,1.4978984796426567,-20.000000000000007
-0.3705164617333685,1.496018274307894,-20.000000000000007
-0.36363270028505634,1.5027191470075651,-20.000000000000007
-0.3277941534983358,1.499183484789298,-20.000000000000007
-0.3150029955127862,1.4941883312827242,-20.000000000000007
-0.29244642683236544,1.589334194670804,-20.000000000000007
-0.2707050289214724,1.7151518288875338,-20.000000000000007
-0.25734888216776763,1.7718850355778861,-20.000000000000007
-0.21248743473298976,1.8569242044846717,-20.000000000000007
-0.21248743473298976,1.8569242044846714,-20.000000000000007
-0.1811061921972143,1.5615965088310682,-20.000000000000007
-0.18842511370101275,1.5738540301251949,-20.000000000000007
-0.18888897604606417,1.5748627885679043,-20.000000000000007
-0.22077670792232063,1.9408417713906316,-20.000000000000007
-0.22767890684262926,1.9235024893208763,-20.000000000000007
-0.24451821561584366,1.8284025365562289,-20.000000000000007
-0.2556785593969321,1.7659076481600178,-20.000000000000007
-0.2549620868411279,1.7718077641528993,-20.000000000000007
-0.2800445451975741,1.5164648654731383,-20.000000000000007
-0.2804142130863332,1.5059946187407798,-20.000000000000007
-0.28370307268380673,1.549202155225256,-20.000000000000007
-0.2853348266799296,1.562632877931525,-20.000000000000007
-0.3076137290525032,1.5100234210589016,-20.000000000000007
-0.3069072142304819,1.510881516314292,-20.000000000000007
-0.32400757973231664,1.5004428974643802,-20.000000000000007
-0.3311579879205308,1.498240350778231,-20.000000000000007
-0.32246073656607027,1.4978455330129132,-20.000000000000007
-0.33390469786493626,1.4978255428542635,-20.000000000000007
-0.3043309415874763,1.5063789873070077,-20.000000000000007
-0.28313243986603603,1.529721939948979,-20.000000000000007
-0.27803390902824304,1.513882360230642,-20.000000000000007
-0.2663559328666817,1.760306724453075,-20.000000000000007
-0.2871718136009758,1.5499743143776266,-20.000000000000007
-0.30824576277084204,1.5089639993842685,-20.000000000000007
-0.325524627649385,1.4987275967082079,-20.000000000000007
-0.335714039141617,1.4988499398363482,-20.000000000000007
-0.33833454227424375,1.5003583905083382,-20.000000000000007
-0.3538498703968367,1.4993610023674095,-20.000000000000007
-0.3615312438687458,1.4982394570619118,-20.000000000000007
-0.3713791166340299,1.4969799094608616,-20.000000000000007
-0.3876244033051198,1.4996709170013667,-20.000000000000007
-0.38891080588630195,1.4975521983299824,-20.000000000000007
-0.38773210558131804,1.5000306311518563,-20.000000000000007
-0.38169676203700403,1.4990334879521312,-20.000000000000007
-0.3694393921813809,1.5010424237351683,-20.000000000000007
-0.35592647042652226,1.5005964201830686,-20.000000000000007
-0.3278065143093716,1.4989913751691057,-20.000000000000007
-0.3092742469775259,1.5058506198337374,-20.000000000000007
-0.27940626637810734,1.5302987463512614,-20.000000000000007
-0.2624531060171076,1.7647461118302405,-20.000000000000007
-0.2548161029963737,1.771316781629329,-20.000000000000007
-0.2498374696975298,1.7350726326056742,-20.000000000000007
-0.24839724581557182,1.7826858814747113,-20.000000000000007
-0.2182751281321456,1.932771158182563,-20.000000000000007
-0.20404430865962883,1.7471900021231153,-20.000000000000007
-0.18226034594502277,1.575240624019803,-20.000000000000007
-0.18842511370101273,1.5738540301251946,-20.000000000000007
-0.18888897604606414,1.5748627885679038,-20.000000000000007
-0.22606632722860837,1.9325754248104319,-20.000000000000007
-0.2317380046122724,1.913286973414019,-20.000000000000007
-0.24850050817507824,1.7781541308881688,-20.000000000000007
-0.2637650896695065,1.7624734414920689,-20.000000000000007
-0.25727014479004495,1.7712270908717915,-20.000000000000007
-0.28092918236810926,1.508353987964464,-20.000000000000007
-0.2809291823681092,1.508353987964464,-20.000000000000007
-0.28547149177504727,1.5638563930895764,-20.000000000000007
-0.2879850630315014,1.5690346604319623,-20.000000000000007
-0.3100341374098379,1.5043318802934418,-20.000000000000007
-0.3094661644252116,1.5055564388929947,-20.000000000000007
-0.32929428313216713,1.4973940885109078,-20.000000000000007
-0.3375736445936296,1.4998957458702413,-20.000000000000007
-0.33030986549366914,1.4972696313836615,-20.000000000000007
-0.34592322616125215,1.496303134707422,-20.000000000000007
-0.32016380986825693,1.500078854202186,-20.000000000000007
-0.3013906075869798,1.5420604226049905,-20.000000000000007
-0.296771848086285,1.5900492433267406,-20.000000000000007
-0.30399121533857343,1.5121795265068443,-20.000000000000007
-0.3195381247414417,1.4989859498275055,-20.000000000000007
-0.3519144373919654,1.4994519078605815,-20.000000000000007
-0.3557065823355014,1.5005719892042748,-20.000000000000007
-0.3678098458937202,1.5001420715068963,-20.000000000000007
-0.37759351126786583,1.4931505730589636,-20.000000000000007
-0.39105387440980893,1.5041964375732708,-20.000000000000007
-0.4112722436447682,1.496798665544841,-20.000000000000007
-0.41243209687024274,1.4977414133364295,-20.000000000000007
-0.42620746580105673,1.42249172341378,-20.000000000000007
-0.4290195500515276,1.4134305654357395,-20.000000000000007
-0.4294284686468476,1.4101466792497912,-20.000000000000007
-0.4294823095821258,1.4094443724861114,-20.000000000000007
-0.4292026925046877,1.413123603674345,-20.000000000000007
-0.4251366415451552,1.429317720534915,-20.000000000000007
-0.4157218671182132,1.5082503094764514,-20.000000000000007
-0.3917343198955255,1.5040002114425792,-20.000000000000007
-0.35789183693986143,1.4995937068785676,-20.000000000000007
-0.31007614289426416,1.5036973378314789,-20.000000000000007
-0.2545632570809644,1.7587907668883527,-20.000000000000007
-0.20024469689215904,1.741221186301274,-20.000000000000007
-0.16758219243722314,1.5612201931625855,-20.000000000000007
-0.13627458996289069,1.4698692019264867,-20.000000000000007
-0.137660285486395,1.4110313038715903,-20.000000000000007
-0.137660285486395,1.4110313038715903,-20.000000000000007
-0.13627454356280114,1.4698930590124548,-20.000000000000007
-0.13619628896696245,1.4784054376610567,-20.000000000000007
-0.1348474813846749,1.4906680365689478,-20.000000000000007
-0.13085363461826827,1.5083299283438252,-20.000000000000007
-0.12959655351440094,1.5217356634353918,-20.000000000000007
-0.12959655351440097,1.5217356634353916,-20.000000000000007
-0.13085358821817872,1.508353785429793,-20.000000000000007
-0.13484361666012964,1.490359616932491,-20.000000000000007
-0.13484361666012964,1.490359616932491,-20.000000000000007
-0.13484366306021922,1.490335759846523,-20.000000000000007
-0.13484361666012967,1.4903596169324909,-20.000000000000007
-0.13484361666012967,1.490359616932491,-20.000000000000007
-0.13484361666012967,1.4903596169324909,-20.000000000000007
-0.13484361666012967,1.490359616932491,-20.000000000000007
-0.1314821747802852,1.5016262359441575,-20.000000000000007
-0.12959655351440094,1.5217356634353918,-20.000000000000007
-0.12959655351440097,1.521735663435392,-20.000000000000007
-0.1308536346182683,1.5083299283438252,-20.000000000000007
-0.13085358821817872,1.5083537854297933,-20.000000000000007
-0.13085358821817872,1.508353785429793,-20.000000000000007
-0.13085358821817875,1.5083537854297928,-20.000000000000007
-0.13085363461826827,1.5083299283438252,-20.000000000000007
-0.1295965071143114,1.5217595205213599,-20.000000000000007
-0.12775734130614708,1.515601054399042,-20.000000000000007
-0.1295965071143114,1.5217595205213599,-20.000000000000007
-0.12775734130614705,1.515601054399042,-20.000000000000007
-0.12775734130614708,1.5156010543990417,-20.000000000000007
-0.12959655351440097,1.521735663435392,-20.000000000000007
-0.13085358821817872,1.508353785429793,-20.000000000000007
-0.1295965071143114,1.5217595205213599,-20.000000000000007
-0.13085358821817872,1.5083537854297933,-20.000000000000007
-0.13085358821817875,1.5083537854297928,-20.000000000000007
-0.12696138780143723,1.5216797633310997,-20.000000000000007
-0.12775734130614708,1.515601054399042,-20.000000000000007
-0.1277573877062366,1.5155771973130738,-20.000000000000007
-0.12775734130614708,1.515601054399042,-20.000000000000007
-0.12880055360960152,1.5278382294534179,-20.000000000000007
-0.12775734130614708,1.5156010543990417,-20.000000000000007
-0.12775738770623662,1.5155771973130738,-20.000000000000007
-0.12704279656358708,1.5194616568566688,-20.000000000000007
-0.12704279656358708,1.5194616568566688,-20.000000000000007
-0.12704279656358708,1.5194616568566688,-20.000000000000007
-0.12704279812325397,1.5194649562722071,-20.000000000000007
-0.1286614837031202,1.5198518191652788,-20.000000000000007
-0.12696138780143723,1.5216797633310999,-20.000000000000007
-0.12775734130614708,1.515601054399042,-20.000000000000007
-0.12959650711431142,1.5217595205213597,-20.000000000000007
-0.12775734130614708,1.5156010543990415,-20.000000000000007
-0.12786553019841038,1.5259305280973368,-20.000000000000007
-0.12880055360960155,1.5278382294534179,-20.000000000000007
-0.1295965071143114,1.5217595205213597,-20.000000000000007
-0.12880055360960155,1.5278382294534179,-20.000000000000007
-0.12880055360960155,1.5278382294534176,-20.000000000000007
-0.13005763471346887,1.5144324943618508,-20.000000000000007
-0.13085358821817872,1.5083537854297928,-20.000000000000007
-0.12880055360960152,1.5278382294534179,-20.000000000000007
-0.12880055360960155,1.5278382294534176,-20.000000000000007
-0.12775734130614708,1.515601054399042,-20.000000000000007
-0.1269613878014372,1.5216797633310999,-20.000000000000007
-0.12652477101708928,1.5228189892846349,-20.000000000000007
-0.127042798123254,1.5194649562722073,-20.000000000000007
-0.12775734130614705,1.515601054399042,-20.000000000000007
-0.12696138780143723,1.5216797633310999,-20.000000000000007
-0.12696138780143723,1.5216797633310999,-20.000000000000007
-0.12696138780143723,1.5216797633310999,-20.000000000000007
-0.12704279812325397,1.5194649562722073,-20.000000000000007
-0.12704279656358708,1.5194616568566688,-20.000000000000007
-0.12704279656358708,1.5194616568566688,-20.000000000000007
-0.12704279656358708,1.5194616568566688,-20.000000000000007
-0.1270427965635871,1.5194616568566688,-20.000000000000007
-0.1256900120907115,1.52508166649659,-20.000000000000007
-0.12704279656358708,1.5194616568566686,-20.000000000000007
-0.12704279656358708,1.5194616568566688,-20.000000000000007
-0.1258102262745293,1.5266795917422615,-20.000000000000007
-0.12624684305887723,1.5255403657887268,-20.000000000000007
-0.12624684305887726,1.5255403657887268,-20.000000000000007
-0.12581022627452934,1.5266795917422615,-20.000000000000007
-0.12704279656358708,1.5194616568566686,-20.000000000000007
-0.12704279656358708,1.5194616568566686,-20.000000000000007
-0.12775734130614708,1.5156010543990417,-20.000000000000007
-0.1265247694574224,1.522815689869096,-20.000000000000007
-0.12652477101708928,1.5228189892846347,-20.000000000000007
-0.12696138780143723,1.5216797633310999,-20.000000000000007
-0.12624684305887726,1.5255403657887268,-20.000000000000007
-0.12624684305887726,1.5255403657887268,-20.000000000000007
-0.12704279656358708,1.5194616568566688,-20.000000000000007
-0.12624684305887723,1.5255403657887265,-20.000000000000007
-0.1256900120907115,1.52508166649659,-20.000000000000007
-0.1256900120907115,1.52508166649659,-20.000000000000007
-0.12569001209071148,1.52508166649659,-20.000000000000007
-0.12569001209071148,1.52508166649659,-20.000000000000007
-0.12489405858600165,1.5311603754286482,-20.000000000000007
-0.1256900120907115,1.5250816664965903,-20.000000000000007
-0.12704279656358708,1.5194616568566688,-20.000000000000007
-0.12569001209071148,1.52508166649659,-20.000000000000007
-0.1256900120907115,1.52508166649659,-20.000000000000007
-0.1256900120907115,1.52508166649659,-20.000000000000007
-0.12569001209071148,1.5250816664965903,-20.000000000000007
-0.12489405858600164,1.531160375428648,-20.000000000000007
-0.12489405858600164,1.531160375428648,-20.000000000000007
-0.12569001209071148,1.5250816664965903,-20.000000000000007
-0.1270427965635871,1.5194616568566688,-20.000000000000007
-0.12489405858600167,1.531160375428648,-20.000000000000007
-0.12704279656358708,1.5194616568566688,-20.000000000000007
-0.12624684305887723,1.5255403657887265,-20.000000000000007
-0.12581022627452934,1.5266795917422615,-20.000000000000007
-0.12624684305887726,1.5255403657887265,-20.000000000000007
-0.12569001209071148,1.52508166649659,-20.000000000000007
-0.12569001209071148,1.5250816664965903,-20.000000000000007
-0.12569001209071148,1.5250816664965903,-20.000000000000007
-0.12569001209071148,1.52508166649659,-20.000000000000007
-0.12569001209071148,1.52508166649659,-20.000000000000007
-0.12489405858600165,1.531160375428648,-20.000000000000007
-0.12489405858600164,1.5311603754286482,-20.000000000000007
-0.12489405858600167,1.531160375428648,-20.000000000000007
-0.12489405858600167,1.5311603754286482,-20.000000000000007
-0.12624684305887723,1.5255403657887268,-20.000000000000007
-0.12489405858600167,1.5311603754286482,-20.000000000000007
-0.12489405858600164,1.531160375428648,-20.000000000000007
-0.1256900120907115,1.5250816664965903,-20.000000000000007
-0.12489405858600164,1.5311603754286482,-20.000000000000007
-0.12489405858600164,1.531160375428648,-20.000000000000007
-0.12489405858600164,1.531160375428648,-20.000000000000007
-0.12489405858600164,1.531160375428648,-20.000000000000007
-0.12489405858600165,1.5311603754286482,-20.000000000000007
-0.12489405858600165,1.531160375428648,-20.000000000000007
-0.1256900120907115,1.52508166649659,-20.000000000000007
-0.12489405858600165,1.531160375428648,-20.000000000000007
-0.12624684305887723,1.5255403657887268,-20.000000000000007
-0.12489405858600165,1.531160375428648,-20.000000000000007
-0.1256900120907115,1.52508166649659,-20.000000000000007
-0.12569001209071148,1.5250816664965903,-20.000000000000007
-0.12489405858600164,1.5311603754286482,-20.000000000000007
-0.12569001209071146,1.5250816664965903,-20.000000000000007
-0.12569001209071148,1.52508166649659,-20.000000000000007
-0.1256900120907115,1.5250816664965903,-20.000000000000007
-0.1256900120907115,1.52508166649659,-20.000000000000007
-0.12569001209071148,1.52508166649659,-20.000000000000007
-0.12489405858600165,1.531160375428648,-20.000000000000007
-0.12489405858600165,1.531160375428648,-20.000000000000007
-0.12569001209071148,1.5250816664965903,-20.000000000000007
-0.12489405858600164,1.5311603754286482,-20.000000000000007
-0.12489405858600165,1.5311603754286482,-20.000000000000007
-0.12569001209071148,1.52508166649659,-20.000000000000007
-0.12569001209071148,1.52508166649659,-20.000000000000007
-0.1256900120907115,1.5250816664965905,-20.000000000000007
-0.12569001209071148,1.5250816664965903,-20.000000000000007
-0.12489405858600164,1.531160375428648,-20.000000000000007
-0.12569001209071148,1.5250816664965903,-20.000000000000007
-0.1256900120907115,1.5250816664965903,-20.000000000000007
-0.12569001209071148,1.52508166649659,-20.000000000000007
-0.12489405858600165,1.5311603754286482,-20.000000000000007
-0.12569001209071148,1.52508166649659,-20.000000000000007
-0.12612832293323067,1.5235850837677127,-20.000000000000007
-0.13523645424514372,1.4956132648969094,-20.000000000000007
-0.14969871320520375,1.437675006587023,-20.000000000000007
-0.16491224342351887,1.496207927204433,-20.000000000000007
-0.17950911580190798,1.5810607140359074,-20.000000000000007
-0.1622651465189021,1.4799780943445653,-20.000000000000007
-0.1509864912825978,1.3992341320455806,-20.000000000000007
-0.15188571630985698,1.402262875380409,-20.000000000000007
-0.1509864912825978,1.3992341320455806,-20.000000000000007
-0.14975415741304388,1.4356391577721639,-20.000000000000007
-0.14975415741304388,1.4356391577721637,-20.000000000000007
-0.14975414285615304,1.4356134548649337,-20.000000000000007
-0.14975414285615307,1.435613454864934,-20.000000000000007
-0.14969871320520375,1.437675006587023,-20.000000000000007
-0.14975414285615307,1.4356134548649337,-20.000000000000007
-0.14975414285615307,1.435613454864934,-20.000000000000007
-0.15280423597603296,1.4087123965335244,-20.000000000000007
-0.16270023080057264,1.4821412217524916,-20.000000000000007
-0.1742675836248365,1.5596310191219986,-20.000000000000007
-0.17825534106184446,1.5837285229747724,-20.000000000000007
-0.17917386072802038,1.5901780441278874,-20.000000000000007
-0.17933485877093763,1.5832655028315095,-20.000000000000007
-0.17917386072802038,1.5901780441278879,-20.000000000000007
-0.17716407672167847,1.5760687284044748,-20.000000000000007
-0.1754824483155792,1.566996165209496,-20.000000000000007
-0.17359964367809982,1.5552621540346743,-20.000000000000007
-0.17337853243457832,1.5519365666422187,-20.000000000000007
-0.16270023080057266,1.4821412217524914,-20.000000000000007
-0.1509864912825978,1.3992341320455806,-20.000000000000007
-0.13766089245675406,1.4109848407592602,-20.000000000000007
-0.1348194342851696,1.4901153512901542,-20.000000000000007
-0.1301122303325565,1.5286861249343533,-20.000000000000007
-0.12569001209071148,1.52508166649659,-20.000000000000007
-0.11160983668258675,1.5394053130640604,-20.000000000000007
-0.11240583658738618,1.5333027470460345,-20.000000000000007
-0.11240583658738618,1.5333027470460343,-20.000000000000007
-0.11240583658738616,1.5333027470460345,-20.000000000000007
-0.11240583658738618,1.5333027470460345,-20.000000000000007
-0.11240583658738618,1.5333027470460343,-20.000000000000007
-0.11240583658738618,1.5333027470460343,-20.000000000000007
-0.11240583658738618,1.5333027470460343,-20.000000000000007
-0.11240583658738619,1.5333027470460348,-20.000000000000007
-0.11240583658738618,1.5333027470460343,-20.000000000000007
-0.11240583658738619,1.5333027470460343,-20.000000000000007
-0.1109573479656689,1.5311353815265414,-20.000000000000007
-0.1254040794022055,1.5225030507157353,-20.000000000000007
-0.1322518888393985,1.505849498802996,-20.000000000000007
-0.13766089245675406,1.4109848407592605,-20.000000000000007
-0.17426758362483652,1.5596310191219986,-20.000000000000007
-0.179509115801908,1.5810607140359072,-20.000000000000007
-0.17917386072802036,1.5901780441278879,-20.000000000000007
-0.17337853243457832,1.5519365666422185,-20.000000000000007
-0.1617536389502492,1.4767475548411566,-20.000000000000007
-0.1509864912825978,1.3992341320455803,-20.000000000000007
-0.1509864912825978,1.3992341320455806,-20.000000000000007
-0.15188571630985698,1.4022628753804087,-20.000000000000007
-0.151885716309857,1.402262875380409,-20.000000000000007
-0.15098649128259778,1.3992341320455803,-20.000000000000007
-0.14975414285615304,1.435613454864934,-20.000000000000007
-0.14969871320520375,1.437675006587023,-20.000000000000007
-0.14969871320520375,1.4376750065870232,-20.000000000000007
-0.14975414285615304,1.4356134548649337,-20.000000000000007
-0.14975414285615307,1.435613454864934,-20.000000000000007
-0.14975414285615307,1.4356134548649337,-20.000000000000007
-0.14975414285615307,1.435613454864934,-20.000000000000007
-0.14975414285615307,1.435613454864934,-20.000000000000007
-0.14969871320520373,1.437675006587023,-20.000000000000007
-0.14969871320520375,1.437675006587023,-20.000000000000007
-0.14947306268121344,1.4401096667703468,-20.000000000000007
-0.13774689261824094,1.4138227263361494,-20.000000000000007
-0.13766089245675406,1.4109848407592605,-20.000000000000007
-0.13551162575209783,1.4996887919569402,-20.000000000000007
-0.13507723071321404,1.4963699242608688,-20.000000000000007
-0.13489691736579393,1.490263456841823,-20.000000000000007
-0.13136931143642386,1.5152803898427865,-20.000000000000007
-0.13011223033255653,1.5286861249343533,-20.000000000000007
-0.1273814534009024,1.526796331442386,-20.000000000000007
-0.12489405858600165,1.531160375428648,-20.000000000000007
-0.11288323138208281,1.5463620943403846,-20.000000000000007
-0.11160983668258677,1.5394053130640606,-20.000000000000007
-0.1124058365873862,1.5333027470460345,-20.000000000000007
-0.1109573479656689,1.5311353815265414,-20.000000000000007
-0.11240583658738619,1.5333027470460343,-20.000000000000007
-0.11240583658738619,1.5333027470460343,-20.000000000000007
-0.11240583658738619,1.5333027470460343,-20.000000000000007
-0.11240583658738618,1.5333027470460343,-20.000000000000007
-0.11240583658738618,1.5333027470460343,-20.000000000000007
-0.1109573479656689,1.5311353815265416,-20.000000000000007
-0.11095734796566889,1.5311353815265416,-20.000000000000007
-0.11023310443464365,1.5300533484745649,-20.000000000000007
-0.12405129492932987,1.528123060355657,-20.000000000000007
-0.13162334867738157,1.512553191202664,-20.000000000000007
-0.1352364542451437,1.4956132648969094,-20.000000000000007
-0.13774689261824094,1.4138227263361494,-20.000000000000007
-0.14975414285615307,1.435613454864934,-20.000000000000007
-0.13774689261824094,1.4138227263361494,-20.000000000000007
-0.13766089245675406,1.4109848407592605,-20.000000000000007
-0.13766033188648455,1.4110074467856226,-20.000000000000007
-0.1362745899628907,1.4698692019264867,-20.000000000000007
-0.13627458996289069,1.469869201926487,-20.000000000000007
-0.13627458996289069,1.469869201926487,-20.000000000000007
-0.136196335367052,1.478381580575089,-20.000000000000007
-0.1355242209719231,1.4980251333747934,-20.000000000000007
-0.1355242209719231,1.4980251333747934,-20.000000000000007
-0.13521384973317274,1.4961177966881398,-20.000000000000007
-0.13521384973317271,1.49611779668814,-20.000000000000007
-0.13505394683634653,1.4898994611030374,-20.000000000000007
-0.13495605330512833,1.4898632237174252,-20.000000000000007
-0.13505394683634653,1.4898994611030376,-20.000000000000007
-0.13505394683634653,1.4898994611030376,-20.000000000000007
-0.13521384973317274,1.4961177966881398,-20.000000000000007
-0.13521384973317274,1.4961177966881398,-20.000000000000007
-0.13521384973317271,1.49611779668814,-20.000000000000007
-0.13521384973317271,1.49611779668814,-20.000000000000007
-0.13505394683634653,1.4898994611030376,-20.000000000000007
-0.13502094116592733,1.4916749878512405,-20.000000000000007
-0.13494345808530306,1.4915268822995724,-20.000000000000007
-0.13494345808530306,1.4915268822995724,-20.000000000000007
-0.1349434580853031,1.4915268822995724,-20.000000000000007
-0.13136931143642383,1.5152803898427867,-20.000000000000007
-0.1301122303325565,1.5286861249343535,-20.000000000000007
-0.127381452621069,1.5267946817346163,-20.000000000000007
-0.1260286681481934,1.5324146913745378,-20.000000000000007
-0.11240583658738619,1.5333027470460343,-20.000000000000007
-0.11240583658738619,1.5333027470460345,-20.000000000000007
-0.11240583658738618,1.5333027470460343,-20.000000000000007
-0.11240583658738618,1.5333027470460343,-20.000000000000007
-0.11240583658738619,1.5333027470460345,-20.000000000000007
-0.1109573479656689,1.5311353815265414,-20.000000000000007
-0.11095734796566889,1.5311353815265416,-20.000000000000007
-0.11095734796566889,1.5311353815265414,-20.000000000000007
-0.11095734796566889,1.5311353815265416,-20.000000000000007
-0.11095734796566889,1.5311353815265414,-20.000000000000007
-0.11095734796566889,1.5311353815265414,-20.000000000000007
-0.1109573479656689,1.5311353815265414,-20.000000000000007
-0.1316233486773816,1.512553191202664,-20.000000000000007
-0.13766089245675406,1.4109848407592605,-20.000000000000007
-0.14975414285615307,1.4356134548649337,-20.000000000000007
-0.16226514651890211,1.479978094344565,-20.000000000000007
-0.13766033188648455,1.4110074467856224,-20.000000000000007
-0.13496593015556188,1.4904004997731792,-20.000000000000007
-0.13162334867738157,1.512553191202664,-20.000000000000007
-0.12962373824809628,1.525556298070263,-20.000000000000007
-0.1254040801820389,1.5225047004235046,-20.000000000000007
-0.1254040794022055,1.5225030507157356,-20.000000000000007
-0.12540408018203894,1.5225047004235046,-20.000000000000007
-0.12684286767579064,1.5197244813100859,-20.000000000000007
-0.13015262544468725,1.5277015351385423,-20.000000000000007
-0.13034416345466585,1.5263060543998153,-20.000000000000007
-0.13160124455853317,1.5129003193082484,-20.000000000000007
-0.13161953035292592,1.5122209144802388,-20.000000000000007
-0.1316195303529259,1.5122209144802388,-20.000000000000007
-0.13495605330512833,1.4898632237174252,-20.000000000000007
-0.13495605330512833,1.4898632237174254,-20.000000000000007
-0.13495605330512836,1.4898632237174252,-20.000000000000007
-0.13495605330512833,1.4898632237174252,-20.000000000000007
-0.13494345808530306,1.4915268822995724,-20.000000000000007
-0.13552422097192307,1.4980251333747931,-20.000000000000007
-0.14975414285615304,1.435613454864934,-20.000000000000007
-0.16015086704143036,1.4658572207674503,-20.000000000000007
-0.1622651465189021,1.4799780943445653,-20.000000000000007
-0.14975414285615307,1.4356134548649337,-20.000000000000007
-0.13559501490126286,1.4971204706629226,-20.000000000000007
-0.13496974848001755,1.4907327764956038,-20.000000000000007
-0.1316233486773816,1.512553191202664,-20.000000000000007
-0.12684286767579067,1.5197244813100859,-20.000000000000007
-0.12405129492932987,1.5281230603556568,-20.000000000000007
-0.12405129492932988,1.5281230603556573,-20.000000000000007
-0.11023310443464365,1.5300533484745646,-20.000000000000007
-0.11023310443464365,1.5300533484745644,-20.000000000000007
-0.11023310443464367,1.5300533484745644,-20.000000000000007
-0.11023310443464365,1.5300533484745644,-20.000000000000007
-0.11023310443464365,1.5300533484745646,-20.000000000000007
-0.11023310443464365,1.5300533484745646,-20.000000000000007
-0.1109573479656689,1.5311353815265414,-20.000000000000007
-0.11095734796566889,1.5311353815265414,-20.000000000000007
-0.1109573479656689,1.5311353815265414,-20.000000000000007
-0.11095734796566892,1.5311353815265414,-20.000000000000007
-0.11095734796566889,1.5311353815265418,-20.000000000000007
-0.11095734796566892,1.5311353815265414,-20.000000000000007
-0.1362648890948696,1.4776041952523142,-20.000000000000007
-0.2062195057358958,1.7693061823890073,-20.000000000000007
-0.2802999257341214,1.4985998332626567,-20.000000000000007
-0.34138492195374215,1.498792601742784,-20.000000000000007
-0.36608255862975764,1.4990199333794736,-20.000000000000007
-0.3894894400225952,1.5012591818515755,-20.000000000000007
-0.40346563283004766,1.4991041634556381,-20.000000000000007
-0.3970104455488815,1.498170482368053,-20.000000000000007
-0.4028930605340243,1.4976765615742487,-20.000000000000007
-0.4009117655328024,1.49660883437281,-20.000000000000007
-0.39697499094152333,1.498785950451814,-20.000000000000007
-0.4037296542785088,1.4972830163747797,-20.000000000000007
-0.4035525888723709,1.4991057403900516,-20.000000000000007
-0.39179622736289765,1.502476494953869,-20.000000000000007
-0.37940665598379614,1.5000969453374342,-20.000000000000007
-0.3606455728665236,1.498705159719369,-20.000000000000007
-0.3362467281666141,1.5009687356287613,-20.000000000000007
-0.3068495285295205,1.5113498949978779,-20.000000000000007
-0.2788349926997162,1.4728625517255738,-20.000000000000007
-0.24451821561584366,1.8284025365562286,-20.000000000000007
-0.2309987143250381,1.9110800623980295,-20.000000000000007
-0.21973920250494972,1.937701139422241,-20.000000000000007
-0.23358586926747643,1.9295563077585558,-20.000000000000007
-0.23852602668926604,1.895579502241499,-20.000000000000007
-0.24753611064781528,1.7981305890838024,-20.000000000000007
-0.24755077931477926,1.7988804440720867,-20.000000000000007
-0.24765004788730655,1.7962154489931232,-20.000000000000007
-0.2535975437797336,1.767748266302428,-20.000000000000007
-0.2502845554208488,1.7235141714337494,-20.000000000000007
-0.27867797291209545,1.4793883314631033,-20.000000000000007
-0.255638555176312,1.7661148040979742,-20.000000000000007
-0.28289673420219247,1.514305595287187,-20.000000000000007
-0.26495244430603804,1.7608238424898723,-20.000000000000007
-0.280605263635427,1.4882392549076287,-20.000000000000007
-0.27904186158521965,1.465820985743795,-20.000000000000007
-0.2791818901669404,1.4773595611279755,-20.000000000000007
-0.2801051246410948,1.4811490945842525,-20.000000000000007
-0.2794167396061624,1.494452975337591,-20.000000000000007
-0.2808115734778347,1.502036835392326,-20.000000000000007
-0.2795490577147397,1.4876925835306858,-20.000000000000007
-0.28375806325603753,1.5308654774563093,-20.000000000000007
-0.2813802440722107,1.4980270640091207,-20.000000000000007
-0.29365740876491464,1.5970468327975533,-20.000000000000007
-0.2935158101185392,1.5948043168820312,-20.000000000000007
-0.28760260905868323,1.565266548495281,-20.000000000000007
-0.2663991025611978,1.762895777224108,-20.000000000000007
-0.2784007816040446,1.4866653321274192,-20.000000000000007
-0.2648358141067279,1.760182020911433,-20.000000000000007
-0.2961067027701516,1.5917938009987194,-20.000000000000007
-0.3118890947553738,1.5031615126562896,-20.000000000000007
-0.33182692661570057,1.497812699732655,-20.000000000000007
-0.34710322955572576,1.4984733436718947,-20.000000000000007
-0.34996927529072713,1.5020624912109133,-20.000000000000007
-0.36383532206768554,1.4976750501893656,-20.000000000000007
-0.37491687937403767,1.4900087040772947,-20.000000000000007
-0.38445175791997255,1.49876904215115,-20.000000000000007
-0.4044692186122104,1.4948255101735486,-20.000000000000007
-0.4131120717914658,1.498876202790738,-20.000000000000007
-0.41572186711821313,1.5082503094764517,-20.000000000000007
-0.40693274350541514,1.5002402430317212,-20.000000000000007
-0.39410948218682984,1.5007723058932025,-20.000000000000007
-0.37513197280538535,1.48982503643395,-20.000000000000007
-0.35439319501540767,1.4991191705523759,-20.000000000000007
-0.32185452426605055,1.4973937616372501,-20.000000000000007
-0.28476493343669546,1.54844236727586,-20.000000000000007
-0.24755077931477928,1.7988804440720865,-20.000000000000007
-0.1926726844752796,1.6078003855443996,-20.000000000000007
-0.18226034594502277,1.5752406240198031,-20.000000000000007
-0.1723599823635926,1.5450335733037925,-20.000000000000007
-0.18040437186688574,1.5611767535850447,-20.000000000000007
-0.17716407672167844,1.5760687284044745,-20.000000000000007
-0.18226034594502277,1.575240624019803,-20.000000000000007
-0.1804043718668858,1.5611767535850447,-20.000000000000007
-0.18842511370101273,1.5738540301251946,-20.000000000000007
-0.1925488884514961,1.6080217107239954,-20.000000000000007
-0.21248743473298978,1.8569242044846717,-20.000000000000007
-0.23173800461227242,1.9132869734140185,-20.000000000000007
-0.2412992099234868,1.863325709603576,-20.000000000000007
-0.2640388307019912,1.7623331929712998,-20.000000000000007
-0.2568314081584688,1.7715262977224349,-20.000000000000007
-0.29183576805611766,1.5867651757425005,-20.000000000000007
-0.2805090691663113,1.5031709000561142,-20.000000000000007
-0.30335073745379837,1.5212488920887184,-20.000000000000007
-0.2928888138317707,1.5864557667094605,-20.000000000000007
-0.30259834715080663,1.5344449588475595,-20.000000000000007
-0.3033507374537984,1.5212488920887182,-20.000000000000007
-0.3024133787014056,1.5358220001021061,-20.000000000000007
-0.3072380203464839,1.5086672419456635,-20.000000000000007
-0.2804142130863332,1.5059946187407798,-20.000000000000007
-0.27590018108970904,1.6166523861583355,-20.000000000000007
-0.23173800461227242,1.9132869734140192,-20.000000000000007
-0.2653801958788796,1.7659441053288571,-20.000000000000007
-0.29909685524382196,1.5672370040285748,-20.000000000000007
-0.35088984783593485,1.5001896161864754,-20.000000000000007
-0.3734257985244649,1.491441683160557,-20.000000000000007
-0.39255868715142855,1.50270518897086,-20.000000000000007
-0.3949472493856799,1.499565492755457,-20.000000000000007
-0.387732105581318,1.5000306311518563,-20.000000000000007
-0.39656622889776605,1.4978984796426564,-20.000000000000007
-0.40079394732223594,1.493837326925735,-20.000000000000007
-0.4035196596256285,1.4970491241462653,-20.000000000000007
-0.4178136864828722,1.5184092610214812,-20.000000000000007
-0.4181837451981558,1.5075813620726828,-20.000000000000007
-0.4169791429204955,1.517277560154018,-20.000000000000007
-0.4049034731511031,1.4988162624274413,-20.000000000000007
-0.39383011914013405,1.500502747228862,-20.000000000000007
-0.37368429852473545,1.4916334564715268,-20.000000000000007
-0.3539315797035442,1.499866481282465,-20.000000000000007
-0.3202166357040972,1.5004094052328962,-20.000000000000007
-0.28356426561368697,1.5407763980067006,-20.000000000000007
-0.24611612285869172,1.8163149486735666,-20.000000000000007
-0.19316194813994034,1.6117989308347904,-20.000000000000007
-0.18226034594502283,1.575240624019803,-20.000000000000007
-0.1742675836248365,1.5596310191219989,-20.000000000000007
-0.1822603459450228,1.575240624019803,-20.000000000000007
-0.17917386072802038,1.5901780441278877,-20.000000000000007
-0.18226034594502277,1.575240624019803,-20.000000000000007
-0.18110619219721427,1.5615965088310682,-20.000000000000007
-0.18842511370101275,1.5738540301251946,-20.000000000000007
-0.19071249072710517,1.5909698512377528,-20.000000000000007
-0.21248743473298976,1.8569242044846717,-20.000000000000007
-0.22992079293499199,1.9267144829893355,-20.000000000000007
-0.23684107118879072,1.9143939150868259,-20.000000000000007
-0.26270137976907143,1.7649612190181854,-20.000000000000007
-0.2567531507682269,1.7714058379401538,-20.000000000000007
-0.2915950325965728,1.5869697076675464,-20.000000000000007
-0.28046428726364175,1.5061256320852192,-20.000000000000007
-0.3027154151453595,1.5328024310260204,-20.000000000000007
-0.2914306303207553,1.5875591681056491,-20.000000000000007
-0.30194698275874765,1.5368973394768486,-20.000000000000007
-0.30247126706970495,1.535908146364946,-20.000000000000007
-0.3021244845304337,1.5355978921442899,-20.000000000000007
-0.3059180145556343,1.5070912634853644,-20.000000000000007
-0.28049810695019767,1.5029866584530565,-20.000000000000007
-0.27657657423595244,1.6100293231422813,-20.000000000000007
-0.22706386234811374,1.9284685443398901,-20.000000000000007
-0.2475507793147793,1.7988804440720867,-20.000000000000007
-0.2502845554208489,1.7235141714337492,-20.000000000000007
-0.2935812432453765,1.5962943958935374,-20.000000000000007
-0.3127434769692857,1.502617373778759,-20.000000000000007
-0.33290442899335076,1.497166391430925,-20.000000000000007
-0.34608977942564656,1.496041455203636,-20.000000000000007
-0.34810869401975,1.5004168231215977,-20.000000000000007
-0.3631770056229943,1.5006142501903927,-20.000000000000007
-0.3722623228427,1.4941995335636682,-20.000000000000007
-0.3820343023369638,1.5014203264087795,-20.000000000000007
-0.4007939473222359,1.4938373269257348,-20.000000000000007
-0.4034948620270723,1.4972263122854328,-20.000000000000007
-0.4027600995177637,1.495693063022182,-20.000000000000007
-0.39188775303420764,1.5044193675123863,-20.000000000000007
-0.3813849806319468,1.4992378804840945,-20.000000000000007
-0.3623004123043972,1.5006249559002014,-20.000000000000007
-0.34325336575322113,1.5001810063225656,-20.000000000000007
-0.3101175824308194,1.503648195214882,-20.000000000000007
-0.28021708360561987,1.5080859965693252,-20.000000000000007
-0.2358222068449296,1.9196801561505243,-20.000000000000007
-0.18942453257317313,1.5791548760255547,-20.000000000000007
-0.1822603459450228,1.575240624019803,-20.000000000000007
-0.17359964367809982,1.555262154034674,-20.000000000000007
-0.1822603459450228,1.575240624019803,-20.000000000000007
-0.17716407672167844,1.5760687284044748,-20.000000000000007
-0.18226034594502277,1.5752406240198031,-20.000000000000007
-0.1804043718668858,1.5611767535850447,-20.000000000000007
-0.18842511370101275,1.5738540301251949,-20.000000000000007
-0.1894245325731731,1.5791548760255547,-20.000000000000007
-0.21248743473298976,1.8569242044846717,-20.000000000000007
-0.22908401014588486,1.9272000926378035,-20.000000000000007
-0.23570267157110544,1.923158628391163,-20.000000000000007
-0.2616633759731477,1.7677691244973874,-20.000000000000007
-0.2560307117717766,1.7677522223127284,-20.000000000000007
-0.29134311296082227,1.5861071055475153,-20.000000000000007
-0.280461781496341,1.5062934119605098,-20.000000000000007
-0.30157951765575225,1.540395941576901,-20.000000000000007
-0.2877228207730284,1.5684637336553242,-20.000000000000007
-0.30096003943447297,1.5485114542065674,-20.000000000000007
-0.30180523184989344,1.5372559513250337,-20.000000000000007
-0.30176944672313,1.5365596759207838,-20.000000000000007
-0.30482896131945536,1.505484249864212,-20.000000000000007
-0.2802170836056198,1.5080859965693252,-20.000000000000007
-0.270761615682778,1.714080211321476,-20.000000000000007
-0.23099871432503813,1.9110800623980295,-20.000000000000007
-0.2653801958788796,1.7659441053288571,-20.000000000000007
-0.29704995386276734,1.5882000358297315,-20.000000000000007
-0.34972937158191525,1.500478828741012,-20.000000000000007
-0.37065988775694003,1.4942784458338605,-20.000000000000007
-0.3878440849189915,1.5002141264935782,-20.000000000000007
-0.3887647470475654,1.4972392932328136,-20.000000000000007
-0.37771752346797693,1.4934490184648597,-20.000000000000007
-0.3846379083206741,1.5002138145313242,-20.000000000000007
-0.38489133303495965,1.5007219298752408,-20.000000000000007
-0.38773210558131804,1.500030631151856,-20.000000000000007
-0.40177605278731426,1.4945824905073848,-20.000000000000007
-0.3999058550671617,1.4935404204622795,-20.000000000000007
-0.390986482373869,1.503682886701777,-20.000000000000007
-0.3770111024452963,1.4927630265779335,-20.000000000000007
-0.35829662266165935,1.5002011533051218,-20.000000000000007
-0.3319657875025893,1.4975927891806404,-20.000000000000007
-0.3025413358676734,1.5336593934785088,-20.000000000000007
-0.2612860966500918,1.7638263203536773,-20.000000000000007
-0.22586189941672344,1.923627805307498,-20.000000000000007
-0.1861550876439796,1.6073432787630508,-20.000000000000007
-0.17510106557395994,1.5664100330278887,-20.000000000000007
-0.20156731890234342,1.7041464858470465,-20.000000000000007
-0.20404430865962883,1.7471900021231155,-20.000000000000007
-0.22903447707550287,1.9276403862238338,-20.000000000000007
-0.23090645405062976,1.911544970233989,-20.000000000000007
-0.23440823261138904,1.9331740021179948,-20.000000000000007
-0.24451821561584366,1.8284025365562284,-20.000000000000007
-0.23684107118879075,1.9143939150868263,-20.000000000000007
-0.2549335022414257,1.7718608969257512,-20.000000000000007
-0.24431076490960957,1.8291243725315853,-20.000000000000007
-0.25705296988577275,1.7712920288976561,-20.000000000000007
-0.24753611064781522,1.7981305890838024,-20.000000000000007
-0.25495066722021004,1.7719617873180038,-20.000000000000007
-0.2495054676988277,1.7506184474221234,-20.000000000000007
-0.2500036796922421,1.7348115636756967,-20.000000000000007
-0.2502845554208488,1.7235141714337492,-20.000000000000007
-0.249484721075036,1.7417384223272254,-20.000000000000007
-0.2532420772427509,1.7543170276109914,-20.000000000000007
-0.2498769686510683,1.7225942190932881,-20.000000000000007
-0.25482969230887376,1.7666456430477226,-20.000000000000007
-0.2503836637376047,1.7099445186385254,-20.000000000000007
-0.2527422623666913,1.742546790120402,-20.000000000000007
-0.22899518854702022,1.9205561705070902,-20.000000000000007
-0.21173042344572998,1.8478756848573852,-20.000000000000007
-0.18885818653230285,1.5776548930151266,-20.000000000000007
-0.22100492468319624,1.9329836950429966,-20.000000000000007
-0.2502845554208488,1.7235141714337496,-20.000000000000007
-0.2973637540128969,1.5825723717437468,-20.000000000000007
-0.3154123360548588,1.4946572017215616,-20.000000000000007
-0.33390823581672896,1.4972361330632056,-20.000000000000007
-0.34643596626071504,1.496441519865741,-20.000000000000007
-0.3483807369974171,1.5009045482139358,-20.000000000000007
-0.36379709869419974,1.5012352180135151,-20.000000000000007
-0.3705164617333685,1.496018274307894,-20.000000000000007
-0.3813849806319468,1.4992378804840945,-20.000000000000007
-0.39383011914013405,1.5005027472288621,-20.000000000000007
-0.3991290185943031,1.4937210302869255,-20.000000000000007
-0.3938557655873873,1.5008508299496466,-20.000000000000007
-0.3879326690585744,1.4985197316029264,-20.000000000000007
-0.3775187495135018,1.4928708542174354,-20.000000000000007
-0.3631219926305521,1.5016977314856643,-20.000000000000007
-0.3414843107993306,1.498391926025283,-20.000000000000007
-0.30858539454617334,1.5081659865607486,-20.000000000000007
-0.2636632939167519,1.7594969943333099,-20.000000000000007
-0.21173096932913643,1.8478864443445635,-20.000000000000007
-0.15890039346628104,1.514050211476746,-20.000000000000007
-0.13559501490126288,1.4971204706629226,-20.000000000000007
-0.1352364542451437,1.4956132648969096,-20.000000000000007
-0.1489623238983579,1.441250436214657,-20.000000000000007
-0.1617536389502492,1.4767475548411566,-20.000000000000007
-0.179509115801908,1.5810607140359072,-20.000000000000007
-0.17950911580190804,1.5810607140359072,-20.000000000000007
-0.18250173051842536,1.573143467874753,-20.000000000000007
-0.18888897604606414,1.5748627885679038,-20.000000000000007
-0.20404430865962883,1.7471900021231155,-20.000000000000007
-0.2215118615830844,1.93769782876964,-20.000000000000007
-0.2309711531267507,1.9116541230441981,-20.000000000000007
-0.2565640028177628,1.7702993837919778,-20.000000000000007
-0.254962086841128,1.7718077641528993,-20.000000000000007
-0.28602778758251635,1.5655035388086338,-20.000000000000007
-0.2798129078922822,1.5215556133234693,-20.000000000000007
-0.30102068032237,1.5476996980544975,-20.000000000000007
-0.28551481210738905,1.5631726242681472,-20.000000000000007
-0.3009753816825688,1.5478856504334075,-20.000000000000007
-0.29933914510636656,1.5645769770689053,-20.000000000000007
-0.3038964177136101,1.5129411258974421,-20.000000000000007
-0.3092668709067085,1.5058506663872815,-20.000000000000007
-0.28091775621608633,1.510171320263324,-20.000000000000007
-0.27965054770780057,1.5205278537775686,-20.000000000000007
-0.2277410903060523,1.9236513853463693,-20.000000000000007
-0.2645551533522055,1.7623413099094312,-20.000000000000007
-0.2962308331150285,1.5930388424887272,-20.000000000000007
-0.3509935813610566,1.5000308985671846,-20.000000000000007
-0.37470925054084914,1.489949036346534,-20.000000000000007
-0.39173431989552543,1.504000211442579,-20.000000000000007
-0.39217326851182444,1.5048453661505032,-20.000000000000007
-0.3843762175994,1.4980361258972403,-20.000000000000007
-0.39949775490703465,1.4937815030729376,-20.000000000000007
-0.4034948620270723,1.497226312285433,-20.000000000000007
-0.41296388712677795,1.4983408592421554,-20.000000000000007
-0.4216439904148958,1.455434926212857,-20.000000000000007
-0.42657315192526873,1.4187477432022209,-20.000000000000007
-0.42019186075085757,1.4752384581258724,-20.000000000000007
-0.4169791429204955,1.5172775601540178,-20.000000000000007
-0.4035848310858544,1.4952416525702592,-20.000000000000007
-0.39656622889776605,1.4978984796426567,-20.000000000000007
-0.37239329986521574,1.4945119835598129,-20.000000000000007
-0.35458741154204,1.5003056499582912,-20.000000000000007
-0.3289269268795685,1.4964945907006966,-20.000000000000007
-0.2964461969048811,1.591916277219161,-20.000000000000007
-0.2621612193652906,1.7654869820179901,-20.000000000000007
-0.2211531560729042,1.9296519483357535,-20.000000000000007
-0.19071249072710514,1.5909698512377526,-20.000000000000007
-0.1804043718668858,1.5611767535850447,-20.000000000000007
-0.180374903390968,1.5624216849117096,-20.000000000000007
-0.18226034594502277,1.575240624019803,-20.000000000000007
-0.18226034594502277,1.575240624019803,-20.000000000000007
-0.18837473412143407,1.573377960684116,-20.000000000000007
-0.18911923876494982,1.5756732257028958,-20.000000000000007
-0.2047365030509324,1.7580889424488189,-20.000000000000007
-0.22725815115555778,1.9273187281239843,-20.000000000000007
-0.23440823261138904,1.9331740021179948,-20.000000000000007
-0.26425355127547645,1.7617728091844502,-20.000000000000007
-0.25979422933849694,1.776500173239354,-20.000000000000007
-0.2963738476464894,1.592637488601137,-20.000000000000007
-0.2813286423311697,1.524502987886016,-20.000000000000007
-0.3048365302203368,1.5054126349958046,-20.000000000000007
-0.2928306559010464,1.5876264806507054,-20.000000000000007
-0.3044396688085097,1.5054783843852264,-20.000000000000007
-0.30458345399411885,1.504572607331342,-20.000000000000007
-0.3085644277169147,1.5082246721187522,-20.000000000000007
-0.313613742476464,1.505736453554661,-20.000000000000007
-0.2855148121073891,1.5631726242681474,-20.000000000000007
-0.2803532329383976,1.5049414149407445,-20.000000000000007
-0.22907067213471016,1.9266742771147651,-20.000000000000007
-0.24874625585157886,1.7701760576307426,-20.000000000000007
-0.24941685587515783,1.7530031422084709,-20.000000000000007
-0.2870039395066934,1.5498935715364712,-20.000000000000007
-0.30718210760496645,1.5118522251275397,-20.000000000000007
-0.3262305222000893,1.4997216446323598,-20.000000000000007
-0.3397200786954803,1.4996453940877963,-20.000000000000007
-0.34215094475324903,1.4981418489954983,-20.000000000000007
-0.35914549390882944,1.4976304716929174,-20.000000000000007
-0.36363270028505634,1.5027191470075651,-20.000000000000007
-0.3769086071819481,1.4920946990854365,-20.000000000000007
-0.3938557655873873,1.5008508299496464,-20.000000000000007
-0.4035848310858544,1.4952416525702594,-20.000000000000007
-0.4161129492981589,1.511810164803249,-20.000000000000007
-0.4119258838507431,1.497345635707245,-20.000000000000007
-0.40449713093050316,1.4953075635593394,-20.000000000000007
-0.39181564151128867,1.5039955726762306,-20.000000000000007
-0.34652703780901983,1.4946214590342406,-20.000000000000007
-0.3092668709067085,1.5058506663872815,-20.000000000000007
-0.24444683310721674,1.8145508910196502,-20.000000000000007
-0.18106147615797719,1.5665959385271793,-20.000000000000007
-0.1810614761579772,1.5665959385271793,-20.000000000000007
-0.22052344232654952,1.9237271384636405,-20.000000000000007
-0.24983746969752973,1.7350726326056742,-20.000000000000007
-0.27904186158521965,1.4658209857437952,-20.000000000000007
-0.2801598476979634,1.4819241385848265,-20.000000000000007
-0.2755296385527634,1.5756366131381927,-20.000000000000007
-0.2779083968510076,1.5064756013616163,-20.000000000000007
-0.2790418615852196,1.465820985743795,-20.000000000000007
-0.27686892547354014,1.5332495441711373,-20.000000000000007
-0.2845968356926818,1.5319198581045177,-20.000000000000007
-0.27904186158521965,1.465820985743795,-20.000000000000007
-0.27954905771473976,1.487692583530686,-20.000000000000007
-0.30264988293093603,1.5254772569751776,-20.000000000000007
-0.27975210284944646,1.5234909688892755,-20.000000000000007
-0.31009749000604947,1.5039480340165068,-20.000000000000007
-0.3022600457550737,1.5358618250536407,-20.000000000000007
-0.3072398290564171,1.5094781150519185,-20.000000000000007
-0.32943252716830407,1.4958663301578978,-20.000000000000007
-0.29532246359841297,1.5931109883083292,-20.000000000000007
-0.32700996593566467,1.4989680088064143,-20.000000000000007
-0.3087234174612784,1.5074575561331989,-20.000000000000007
-0.3209570953028318,1.4984279574447044,-20.000000000000007
-0.33433927712983935,1.4974216446472235,-20.000000000000007
-0.2825098217916384,1.5348267451970632,-20.000000000000007
-0.2842762823312001,1.5446230404210046,-20.000000000000007
-0.2845090432140105,1.5491439331960735,-20.000000000000007
-0.3024033713913366,1.534890077614775,-20.000000000000007
-0.3367968202569288,1.5007937645352365,-20.000000000000007
-0.34708806918753266,1.4976886728086785,-20.000000000000007
-0.33640191327422364,1.5008943188523727,-20.000000000000007
-0.3618836498844159,1.499643564921466,-20.000000000000007
-0.3838741559582202,1.499938508912251,-20.000000000000007
-0.3578736976891689,1.4995304542573757,-20.000000000000007
-0.3491681931014985,1.4989910231388253,-20.000000000000007
-0.35443013628585895,1.4997512518970275,-20.000000000000007
-0.3889108058863019,1.4975521983299827,-20.000000000000007
-0.4639338749619758,1.3472332067786723,-20.000000000000007
-0.5157218074748557,1.2831256824593757,-20.000000000000007
-0.5288278109234088,1.2133776724322043,-20.000000000000007
-0.524926065215417,1.2144990146010457,-20.000000000000007
-0.5191274596719528,1.2598133248599828,-20.000000000000007
-0.5235921128102574,1.2267241833894231,-20.000000000000007
-0.53049849150782,1.2039376218488713,-20.000000000000007
-0.532330411233653,1.2004385451167106,-20.000000000000007
-0.5323304112336531,1.2004385451167106,-20.000000000000007
-0.5323304112336531,1.2004385451167103,-20.000000000000007
-0.5279110239171593,1.2121225487555725,-20.000000000000007
-0.5093797705812422,1.359458132097366,-20.000000000000007
-0.5053837849916603,1.4161145466017013,-20.000000000000007
-0.5196212251200913,1.2594935084343841,-20.000000000000007
-0.5301155025692634,1.205664066981673,-20.000000000000007
-0.532330411233653,1.2004385451167106,-20.000000000000007
-0.5323304112336531,1.2004385451167103,-20.000000000000007
-0.529060228322083,1.2123914008227317,-20.000000000000007
-0.519127459671953,1.2598133248599828,-20.000000000000007
-0.508892745753395,1.3664230241247488,-20.000000000000007
-0.5109469047518173,1.3448934500078802,-20.000000000000007
-0.5279110239171594,1.2121225487555727,-20.000000000000007
-0.5304984915078199,1.2039376218488713,-20.000000000000007
-0.532330411233653,1.2004385451167106,-20.000000000000007
-0.53049849150782,1.2039376218488713,-20.000000000000007
-0.5288278109234089,1.2133776724322043,-20.000000000000007
-0.5193164182528639,1.2614282908431245,-20.000000000000007
-0.5109469047518174,1.3448934500078804,-20.000000000000007
-0.5207855488057339,1.2516961948959886,-20.000000000000007
-0.5301155025692634,1.205664066981673,-20.000000000000007
-0.5323304112336531,1.2004385451167106,-20.000000000000007
-0.5323304112336531,1.2004385451167106,-20.000000000000007
-0.53049849150782,1.2039376218488715,-20.000000000000007
-0.5288278109234088,1.2133776724322043,-20.000000000000007
-0.5109469047518174,1.3448934500078804,-20.000000000000007
-0.5053837849916603,1.4161145466017013,-20.000000000000007
-0.5053837849916604,1.416114546601701,-20.000000000000007
-0.5196212251200915,1.2594935084343841,-20.000000000000007
-0.5301155025692634,1.205664066981673,-20.000000000000007
-0.532330411233653,1.2004385451167106,-20.000000000000007
-0.532330411233653,1.2004385451167106,-20.000000000000007
-0.532330411233653,1.2004385451167106,-20.000000000000007
-0.5301155025692635,1.205664066981673,-20.000000000000007
-0.5157218074748557,1.2831256824593757,-20.000000000000007
-0.5051064680329467,1.419569294193178,-20.000000000000007
-0.5051064680329467,1.4195692941931781,-20.000000000000007
-0.5121339102829132,1.3354072225897573,-20.000000000000007
-0.5301155025692635,1.205664066981673,-20.000000000000007
-0.532330411233653,1.2004385451167106,-20.000000000000007
-0.532330411233653,1.2004385451167106,-20.000000000000007
-0.5304984915078199,1.2039376218488715,-20.000000000000007
-0.527795488214079,1.2124005322736184,-20.000000000000007
-0.5053837849916604,1.4161145466017013,-20.000000000000007
-0.5031896692861658,1.3992352022419925,-20.000000000000007
-0.5051179460114001,1.4176527345538452,-20.000000000000007
-0.5207855488057339,1.2516961948959888,-20.000000000000007
-0.5301155025692635,1.2056640669816727,-20.000000000000007
-0.5304984915078199,1.2039376218488715,-20.000000000000007
-0.529060228322083,1.2123914008227317,-20.000000000000007
-0.5157218074748557,1.2831256824593755,-20.000000000000007
-0.5042525376813354,1.410566313162296,-20.000000000000007
-0.5018280465710236,1.3931392460245569,-20.000000000000007
-0.5088927457533952,1.3664230241247486,-20.000000000000007
-0.5250663996218177,1.2139508466213076,-20.000000000000007
-0.5279110239171594,1.2121225487555725,-20.000000000000007
-0.5161827744283249,1.274213469869638,-20.000000000000007
-0.5003356101759777,1.389188817166178,-20.000000000000007
-0.4822287931459998,1.3700743183707422,-20.000000000000007
-0.48500332185284517,1.3539792118014353,-20.000000000000007
-0.5051064680329467,1.4195692941931781,-20.000000000000007
-0.519127459671953,1.2598133248599828,-20.000000000000007
-0.516182774428325,1.274213469869638,-20.000000000000007
-0.5031896692861658,1.3992352022419925,-20.000000000000007
-0.47847966643058115,1.3509523370295424,-20.000000000000007
-0.4725053898881518,1.3350645416853635,-20.000000000000007
-0.4842022454923105,1.3586575128104845,-20.000000000000007
-0.5051064680329467,1.4195692941931781,-20.000000000000007
-0.5088927457533952,1.3664230241247486,-20.000000000000007
-0.5043148457231501,1.4115430487866387,-20.000000000000007
-0.48265367265727627,1.3633754803819995,-20.000000000000007
-0.4769190585560743,1.340763784386852,-20.000000000000007
-0.484719889570285,1.3545348377124204,-20.000000000000007
-0.49316313840242637,1.384193239040067,-20.000000000000007
-0.48231893747234705,1.3688437324249965,-20.000000000000007
-0.46124612274080456,1.3683552353866086,-20.000000000000007
-0.4524892298389469,1.397164814443227,-20.000000000000007
-0.4617061214010887,1.365032367831447,-20.000000000000007
-0.4745033943804444,1.3396565300160304,-20.000000000000007
-0.4653647979654802,1.3474736860661032,-20.000000000000007
-0.4464068210721509,1.4355929560553073,-20.000000000000007
-0.44564788054195215,1.4384743285283044,-20.000000000000007
-0.4572466674123137,1.3898138268536,-20.000000000000007
-0.4639338749619758,1.3472332067786725,-20.000000000000007
-0.46124612274080456,1.3683552353866084,-20.000000000000007
-0.44512897937247603,1.4363428571289243,-20.000000000000007
-0.4442832114074854,1.436066372688503,-20.000000000000007
-0.4465980279128628,1.4351962181923916,-20.000000000000007
-0.44549681692717064,1.439077375377408,-20.000000000000007
-0.4363153481291884,1.408055388642253,-20.000000000000007
-0.42939979586098076,1.411149387470859,-20.000000000000007
-0.42948230958212574,1.4094443724861119,-20.000000000000007
-0.42118841321524536,1.4603045291113568,-20.000000000000007
-0.41590786161721344,1.51098570020256,-20.000000000000007
-0.41200428005133694,1.4970736597367587,-20.000000000000007
-0.4033726963750627,1.497042279972661,-20.000000000000007
-0.4033726963750627,1.497042279972661,-20.000000000000007
-0.4042064480815694,1.491714367868617,-20.000000000000007
-0.4029092816544045,1.495766344721501,-20.000000000000007
-0.4038148497818602,1.4934947072900853,-20.000000000000007
-0.40420644808156936,1.491714367868617,-20.000000000000007
-0.4002028715933046,1.493145780451881,-20.000000000000007
-0.39981414587504943,1.493656080869322,-20.000000000000007
-0.4027600995177637,1.495693063022182,-20.000000000000007
-0.40349486202707235,1.4972263122854328,-20.000000000000007
-0.4034948620270723,1.4972263122854328,-20.000000000000007
-0.39656622889776605,1.4978984796426567,-20.000000000000007
-0.39656622889776605,1.4978984796426564,-20.000000000000007
-0.3982505248541114,1.4964929751767841,-20.000000000000007
-0.3927329177330481,1.5025827713436715,-20.000000000000007
-0.39207112573319014,1.504830719174858,-20.000000000000007
-0.38459589986313303,1.5003306358339246,-20.000000000000007
-0.38138498063194676,1.4992378804840947,-20.000000000000007
-0.37498671212617235,1.4896946193561305,-20.000000000000007
-0.35404174079457157,1.499745116728546,-20.000000000000007
-0.33737007030131894,1.5000813200684937,-20.000000000000007
-0.3480910839909704,1.5001622086353645,-20.000000000000007
-0.36245194518394996,1.501146059415324,-20.000000000000007
-0.3625238855984155,1.501321296051334,-20.000000000000007
-0.3534478536442482,1.5011870803113494,-20.000000000000007
-0.35344785364424813,1.5011870803113494,-20.000000000000007
-0.3623256810523222,1.5008692349199928,-20.000000000000007
-0.369044187639418,1.499881835591051,-20.000000000000007
-0.36877112951357316,1.4998132836247753,-20.000000000000007
-0.357759580015716,1.4989078707052195,-20.000000000000007
-0.3508214828115627,1.5002901619420406,-20.000000000000007
-0.354430136285859,1.4997512518970275,-20.000000000000007
-0.3512241339342831,1.5002586328855432,-20.000000000000007
-0.3434450900784052,1.5004161193776362,-20.000000000000007
-0.34125815081056166,1.498149781177799,-20.000000000000007
-0.3441762557522009,1.497976621371432,-20.000000000000007
-0.34456879642259636,1.4974155214057994,-20.000000000000007
-0.34124440305865217,1.498037654077721,-20.000000000000007
-0.33750793226205167,1.5001531390768668,-20.000000000000007
-0.32538439686373155,1.4995070672482806,-20.000000000000007
-0.31591945738535504,1.4963549222475643,-20.000000000000007
-0.3230431430999099,1.498480067448403,-20.000000000000007
-0.33007164389101235,1.4963689872593187,-20.000000000000007
-0.32577405629644784,1.501430532865061,-20.000000000000007
-0.3276921611353778,1.499724053457199,-20.000000000000007
-0.33542182846066243,1.5008974946168074,-20.000000000000007
-0.33187985983061125,1.4979077146685706,-20.000000000000007
-0.32520587255372757,1.4997045117975876,-20.000000000000007
-0.3264422702680585,1.4991097528170483,-20.000000000000007
-0.3281330139331454,1.499293566549104,-20.000000000000007
-0.3293998429613095,1.4959153884965275,-20.000000000000007
-0.33855587493359873,1.500233636107284,-20.000000000000007
-0.3445687964225964,1.4974155214057994,-20.000000000000007
-0.3430024611588852,1.4996826693632668,-20.000000000000007
-0.3447470846238113,1.4968756560098266,-20.000000000000007
-0.355935695433681,1.500796517749281,-20.000000000000007
-0.36114180489533265,1.4986204033741193,-20.000000000000007
-0.3512241339342831,1.5002586328855432,-20.000000000000007
-0.3363013541260965,1.5009109637509446,-20.000000000000007
-0.33372597844101237,1.4973962650808297,-20.000000000000007
-0.34532989424421323,1.496651681358351,-20.000000000000007
-0.356447878338091,1.5001356233059646,-20.000000000000007
-0.3535446014929192,1.5005378479053553,-20.000000000000007
-0.3380118693579714,1.4999989080553722,-20.000000000000007
-0.3276921611353778,1.4997240534571987,-20.000000000000007
-0.32271737539636236,1.498061203274667,-20.000000000000007
-0.3233703781572958,1.4993874478237308,-20.000000000000007
-0.3223571534155806,1.4968683349567007,-20.000000000000007
-0.31247185283810786,1.5050742957890715,-20.000000000000007
-0.3024033713913366,1.534890077614775,-20.000000000000007
-0.3037779287163149,1.5145630957810028,-20.000000000000007
-0.32005594330714787,1.4997567446132252,-20.000000000000007
-0.3417415138561001,1.4974688094727902,-20.000000000000007
-0.35404174079457157,1.4997451167285458,-20.000000000000007
-0.3504206971803977,1.503617834433839,-20.000000000000007
-0.33725824007429733,1.5002917230910566,-20.000000000000007
-0.33058562190311747,1.4960398189223727,-20.000000000000007
-0.34000931429215325,1.4990727639464165,-20.000000000000007
-0.35326760858099343,1.5005698648643968,-20.000000000000007
-0.35054301239796215,1.5024653447781129,-20.000000000000007
-0.3395520208123278,1.4988160691901018,-20.000000000000007
-0.3345537345964583,1.4982848372481248,-20.000000000000007
-0.33737007030131894,1.500081320068494,-20.000000000000007
-0.33859473791672223,1.5002867207923645,-20.000000000000007
-0.33275391478936805,1.4973077990914607,-20.000000000000007
-0.3247033332062538,1.5003077762787755,-20.000000000000007
-0.32304314309990984,1.498480067448403,-20.000000000000007
-0.3288415705795653,1.4961121130087698,-20.000000000000007
-0.3307517042504976,1.4963420611367007,-20.000000000000007
-0.32201901790829096,1.495978207759519,-20.000000000000007
-0.31884889230375346,1.497234573131538,-20.000000000000007
-0.3329793279525711,1.4973538176843337,-20.000000000000007
-0.3456250585359691,1.4962859628708916,-20.000000000000007
-0.34482441352080473,1.4969997515043276,-20.000000000000007
-0.33245450230234885,1.4968679303063068,-20.000000000000007
-0.3179522567621639,1.4998066853287966,-20.000000000000007
-0.32224435758823605,1.4963577300683808,-20.000000000000007
-0.3375079322620517,1.500153139076867,-20.000000000000007
-0.33944510083091667,1.498439115513159,-20.000000000000007
-0.3329854797417541,1.4972000007619628,-20.000000000000007
-0.3233993293233917,1.4995358013934177,-20.000000000000007
-0.32271737539636236,1.498061203274667,-20.000000000000007
-0.33121994511700803,1.4980072128977242,-20.000000000000007
-0.33114065442232954,1.4987309214587354,-20.000000000000007
-0.32100932922884623,1.4976182249002754,-20.000000000000007
-0.3134569033908726,1.5044050371811044,-20.000000000000007
-0.32068100148037226,1.4990911774248241,-20.000000000000007
-0.336493890680299,1.5009144382773714,-20.000000000000007
-0.3432787680383385,1.5002983627233721,-20.000000000000007
-0.33595178327341413,1.50033176744772,-20.000000000000007
-0.3224890863303052,1.4976421641238178,-20.000000000000007
-0.32195281563010936,1.495785946438985,-20.000000000000007
-0.3340107762909207,1.4977705142242874,-20.000000000000007
-0.34375777623646897,1.4989502916857012,-20.000000000000007
-0.3413086269920074,1.4982530305170498,-20.000000000000007
-0.3303349039038771,1.4966296749318242,-20.000000000000007
-0.3261395618181406,1.4998341272982947,-20.000000000000007
-0.33401077629092074,1.4977705142242872,-20.000000000000007
-0.34293439352724375,1.4993336978443617,-20.000000000000007
-0.33944510083091667,1.4984391155131587,-20.000000000000007
-0.3239898640401626,1.4998350031606282,-20.000000000000007
-0.31359437367213805,1.5056681752911174,-20.000000000000007
-0.3187731953016461,1.4982953223848203,-20.000000000000007
-0.3320527883290367,1.4976032180623724,-20.000000000000007
-0.3385454897129965,1.5002830542994567,-20.000000000000007
-0.32925064657027425,1.4964363467324875,-20.000000000000007
-0.3170051190528038,1.4988373905125583,-20.000000000000007
-0.3150612178772483,1.4941611630090574,-20.000000000000007
-0.3241870323277435,1.4996747490068385,-20.000000000000007
-0.3314040917395575,1.499339951873719,-20.000000000000007
-0.32577405629644796,1.501430532865061,-20.000000000000007
-0.3135524233203112,1.505618583994675,-20.000000000000007
-0.3085644277169147,1.5082246721187522,-20.000000000000007
-0.3176524648169394,1.4995386385844371,-20.000000000000007
-0.32757119171926097,1.4989227099594873,-20.000000000000007
-0.3237334145448996,1.5001465119190287,-20.000000000000007
-0.31286943398502143,1.5045796759697252,-20.000000000000007
-0.30490505202372303,1.505661875178614,-20.000000000000007
-0.3114728242238435,1.5002357140496883,-20.000000000000007
-0.3239382505772503,1.5003058922574475,-20.000000000000007
-0.3268756991697872,1.4986929668569817,-20.000000000000007
-0.31533748210143725,1.4952847780075293,-20.000000000000007
-0.303285782381105,1.5204381626563315,-20.000000000000007
-0.30470319166721316,1.5060270850552284,-20.000000000000007
-0.31660071020176134,1.4979055488250568,-20.000000000000007
-0.3227173753963624,1.498061203274667,-20.000000000000007
-0.3188649664823935,1.4971875545872706,-20.000000000000007
-0.3086102091548465,1.5077604578369548,-20.000000000000007
-0.3082644234864066,1.5092640463390952,-20.000000000000007
-0.3166007102017613,1.4979055488250566,-20.000000000000007
-0.3220196687767739,1.496040540279346,-20.000000000000007
-0.31554673464532235,1.4955281786636152,-20.000000000000007
-0.30388381341197457,1.5132292476536489,-20.000000000000007
-0.3022600457550737,1.5358618250536409,-20.000000000000007
-0.31007614289426416,1.5036973378314786,-20.000000000000007
-0.31795225676216393,1.4998066853287964,-20.000000000000007
-0.3124718528381079,1.5050742957890715,-20.000000000000007
-0.29837569031649713,1.574087076020648,-20.000000000000007
-0.29161458899958015,1.587981435236426,-20.000000000000007
-0.2993391451063665,1.5645769770689055,-20.000000000000007
-0.3072398290564171,1.5094781150519188,-20.000000000000007
-0.30470319166721316,1.5060270850552286,-20.000000000000007
-0.2914519508694641,1.588624020893299,-20.000000000000007
-0.2851359330535148,1.5629778901250289,-20.000000000000007
-0.2918921499486805,1.5877765777041217,-20.000000000000007
-0.29850019966042474,1.5731659325515797,-20.000000000000007
-0.2952921453964855,1.592977347531367,-20.000000000000007
-0.2828219018404092,1.5372665680078783,-20.000000000000007
-0.28078661533106947,1.5114112648091447,-20.000000000000007
-0.285587080344336,1.5632803966587598,-20.000000000000007
-0.29532246359841297,1.5931109883083294,-20.000000000000007
-0.2911941062217188,1.5877170694326264,-20.000000000000007
-0.28059149327159716,1.510267635465585,-20.000000000000007
-0.2796505477078005,1.5205278537775686,-20.000000000000007
-0.2814097302568461,1.5238673842574229,-20.000000000000007
-0.28764557437185256,1.5727026620492435,-20.000000000000007
-0.2862183638629078,1.566104825853512,-20.000000000000007
-0.28024248632243076,1.5048217717977548,-20.000000000000007
-0.2796505477078005,1.5205278537775686,-20.000000000000007
-0.2809152426829442,1.51018684252586,-20.000000000000007
-0.285587080344336,1.5632803966587598,-20.000000000000007
-0.28400587407937683,1.5508900858620296,-20.000000000000007
-0.2797305031853531,1.5142987704774484,-20.000000000000007
-0.2803532329383976,1.5049414149407447,-20.000000000000007
-0.2977072512926068,1.5807711636260169,-20.000000000000007
-0.313613742476464,1.5057364535546607,-20.000000000000007
-0.3173012787369569,1.4993284359561527,-20.000000000000007
-0.30458345399411885,1.504572607331342,-20.000000000000007
-0.29564574900886464,1.5926551084486404,-20.000000000000007
-0.30258667562744185,1.5325552975248482,-20.000000000000007
-0.31469359519915896,1.4961619353338627,-20.000000000000007
-0.31660071020176134,1.4979055488250563,-20.000000000000007
-0.3071582434020491,1.50958646789031,-20.000000000000007
-0.29902509188403986,1.5678429960582048,-20.000000000000007
-0.3010028004312816,1.5476422714487987,-20.000000000000007
-0.3082644234864066,1.5092640463390954,-20.000000000000007
-0.30723982905641706,1.5094781150519185,-20.000000000000007
-0.2952921453964855,1.592977347531367,-20.000000000000007
-0.2904268880520161,1.5829522027775182,-20.000000000000007
-0.29469714882749454,1.5967186902438686,-20.000000000000007
-0.3026329100673684,1.5319900558991009,-20.000000000000007
-0.30250712070808533,1.5335323154134946,-20.000000000000007
-0.2862183638629078,1.566104825853512,-20.000000000000007
-0.2844883477018021,1.557908182971589,-20.000000000000007
-0.29392143141561916,1.5971422552553443,-20.000000000000007
-0.3009753816825688,1.5478856504334075,-20.000000000000007
-0.29732635078048963,1.5856948860895281,-20.000000000000007
-0.2859741591518499,1.5657933033163327,-20.000000000000007
-0.28608478625834244,1.5660072351777896,-20.000000000000007
-0.2976141491392628,1.5825050174610302,-20.000000000000007
-0.3044396688085097,1.5054783843852264,-20.000000000000007
-0.301039206013024,1.5468891795845787,-20.000000000000007
-0.2862183638629078,1.566104825853512,-20.000000000000007
-0.29234800112981213,1.5891748986103524,-20.000000000000007
-0.3021244845304337,1.5355978921442897,-20.000000000000007
-0.30483653022033674,1.5054126349958046,-20.000000000000007
-0.30179522453982444,1.536324028837703,-20.000000000000007
-0.2879214246588281,1.5730996135501174,-20.000000000000007
-0.292783533068369,1.587519197072304,-20.000000000000007
-0.3021497282911956,1.535626250743916,-20.000000000000007
-0.3009753816825688,1.5478856504334078,-20.000000000000007
-0.2924475995718836,1.5894719946323472,-20.000000000000007
-0.2902442769903578,1.5830981888051923,-20.000000000000007
-0.2993391451063665,1.5645769770689053,-20.000000000000007
-0.30538908022785993,1.507160554689812,-20.000000000000007
-0.30254133586767334,1.5336593934785088,-20.000000000000007
-0.29409948353850723,1.5976984666975411,-20.000000000000007
-0.29145195086946407,1.588624020893299,-20.000000000000007
-0.29690973868965004,1.5893699734772535,-20.000000000000007
-0.3022600457550737,1.5358618250536407,-20.000000000000007
-0.2944930748975251,1.5984844014181288,-20.000000000000007
-0.2880864982412632,1.5734067062767982,-20.000000000000007
-0.2952921453964856,1.5929773475313669,-20.000000000000007
-0.2993321078894243,1.5646418531780548,-20.000000000000007
-0.30097538168256877,1.5478856504334075,-20.000000000000007
-0.2862183638629078,1.5661048258535117,-20.000000000000007
-0.28409530427325347,1.552213949056858,-20.000000000000007
-0.2946971488274946,1.5967186902438686,-20.000000000000007
-0.3009753816825688,1.5478856504334078,-20.000000000000007
-0.2904363118517153,1.5827005901030375,-20.000000000000007
-0.28011681502668095,1.5081261530810859,-20.000000000000007
-0.27930830545628293,1.5288868098711776,-20.000000000000007
-0.2814097302568461,1.5238673842574233,-20.000000000000007
-0.28621836386290783,1.5661048258535117,-20.000000000000007
-0.28337758697331045,1.5449714654708666,-20.000000000000007
-0.27610483232387384,1.6125538680771445,-20.000000000000007
-0.26658848891324244,1.7605813432317967,-20.000000000000007
-0.2801168150266809,1.508126153081086,-20.000000000000007
-0.2819252686870595,1.531872124267723,-20.000000000000007
-0.2807866153310694,1.511411264809145,-20.000000000000007
-0.2787228599947999,1.541021605923535,-20.000000000000007
-0.27610103070085096,1.6125380597293693,-20.000000000000007
-0.28024248632243076,1.5048217717977548,-20.000000000000007
-0.2803532329383976,1.5049414149407447,-20.000000000000007
-0.27930830545628293,1.5288868098711776,-20.000000000000007
-0.27610103070085096,1.612538059729369,-20.000000000000007
-0.27869757006139995,1.5412398948221346,-20.000000000000007
-0.2706940184856579,1.7109365611232927,-20.000000000000007
-0.2504660493711075,1.694453019701242,-20.000000000000007
-0.219816355261127,1.9254145073810722,-20.000000000000007
-0.17011298693251806,1.5816611073445033,-20.000000000000007
-0.13517229201935851,1.5084781187085592,-20.000000000000007
-0.13502592417162232,1.5052987353294092,-20.000000000000007
-0.13103589494983797,1.5232912541189418,-20.000000000000007
-0.13103589494983794,1.523291254118942,-20.000000000000007
-0.12977878434227225,1.53669817900137,-20.000000000000007
-0.12793961775427448,1.5305380631712828,-20.000000000000007
-0.12722507223188106,1.5343970159211406,-20.000000000000007
-0.1257308294826488,1.5392437174190683,-20.000000000000007
-0.1257308294826488,1.5392437174190683,-20.000000000000007
-0.1272250722318811,1.5343970159211406,-20.000000000000007
-0.12793961775427448,1.5305380631712828,-20.000000000000007
-0.13103589494983797,1.5232912541189418,-20.000000000000007
-0.13103589494983797,1.523291254118942,-20.000000000000007
-0.12977878434227225,1.53669817900137,-20.000000000000007
-0.12793961775427445,1.530538063171283,-20.000000000000007
-0.12573082948264883,1.5392437174190683,-20.000000000000007
-0.12573082948264883,1.539243717419068,-20.000000000000007
-0.12573082948264883,1.539243717419068,-20.000000000000007
-0.12722507223188106,1.5343970159211406,-20.000000000000007
-0.12722507223188106,1.5343970159211406,-20.000000000000007
-0.1272250722318811,1.5343970159211406,-20.000000000000007
-0.12722507223188106,1.5343970159211406,-20.000000000000007
-0.12884376093108107,1.5347904776452892,-20.000000000000007
-0.13103589494983794,1.5232912541189418,-20.000000000000007
-0.13103589494983792,1.523291254118942,-20.000000000000007
-0.12977878434227225,1.53669817900137,-20.000000000000007
-0.12793961775427445,1.5305380631712828,-20.000000000000007
-0.12722507223188106,1.5343970159211406,-20.000000000000007
-0.12573082948264883,1.539243717419068,-20.000000000000007
-0.12573082948264883,1.539243717419068,-20.000000000000007
-0.1257308294826488,1.539243717419068,-20.000000000000007
-0.1257308294826488,1.539243717419068,-20.000000000000007
-0.1257308294826488,1.5392437174190683,-20.000000000000007
-0.12722507223188106,1.5343970159211404,-20.000000000000007
-0.12793961775427448,1.5305380631712828,-20.000000000000007
-0.12793961775427445,1.5305380631712828,-20.000000000000007
-0.1272250737915479,1.534400315336679,-20.000000000000007
-0.12722507223188106,1.5343970159211404,-20.000000000000007
-0.1257308294826488,1.539243717419068,-20.000000000000007
-0.12722507223188106,1.5343970159211406,-20.000000000000007
-0.12722507223188106,1.5343970159211406,-20.000000000000007
-0.12793961775427445,1.5305380631712828,-20.000000000000007
-0.12977878434227225,1.53669817900137,-20.000000000000007
-0.12977878434227225,1.5366981790013698,-20.000000000000007
-0.12793961775427445,1.5305380631712828,-20.000000000000007
-0.1272250722318811,1.5343970159211402,-20.000000000000007
-0.12722507223188106,1.5343970159211406,-20.000000000000007
-0.12722507223188106,1.5343970159211404,-20.000000000000007
-0.12722507223188106,1.5343970159211406,-20.000000000000007
-0.12793961775427445,1.5305380631712828,-20.000000000000007
-0.12977878434227222,1.5366981790013696,-20.000000000000007
-0.12977878434227225,1.53669817900137,-20.000000000000007
-0.12793961775427448,1.5305380631712828,-20.000000000000007
-0.12722507379154793,1.534400315336679,-20.000000000000007
-0.12722507223188106,1.5343970159211406,-20.000000000000007
-0.12722507223188106,1.5343970159211406,-20.000000000000007
-0.12793961775427448,1.5305380631712828,-20.000000000000007
-0.12977878434227225,1.53669817900137,-20.000000000000007
-0.12977878434227222,1.53669817900137,-20.000000000000007
-0.13103589494983794,1.5232912541189418,-20.000000000000007
-0.13103589494983797,1.5232912541189418,-20.000000000000007
-0.12977878434227222,1.53669817900137,-20.000000000000007
-0.12977878434227225,1.5366981790013698,-20.000000000000007
-0.12722507223188106,1.5343970159211404,-20.000000000000007
-0.12722507223188106,1.5343970159211404,-20.000000000000007
-0.12884376093108107,1.5347904776452892,-20.000000000000007
-0.12977878434227222,1.53669817900137,-20.000000000000007
-0.12977878434227225,1.53669817900137,-20.000000000000007
-0.12793961775427448,1.5305380631712828,-20.000000000000007
-0.12884376093108107,1.5347904776452892,-20.000000000000007
-0.12977878434227225,1.53669817900137,-20.000000000000007
-0.13502592417162232,1.5052987353294092,-20.000000000000007
-0.13634545199768405,1.4817557980269473,-20.000000000000007
-0.16930421010670238,1.5776091538352786,-20.000000000000007
-0.17534244702802876,1.5643073691170037,-20.000000000000007
-0.18106147615797719,1.566595938527179,-20.000000000000007
-0.23466077764106358,1.9230003114935412,-20.000000000000007
-0.3129569535463593,1.503645578219004,-20.000000000000007
-0.3916287455248345,1.5034883926839786,-20.000000000000007
-0.4612058431739949,1.3688590926865505,-20.000000000000007
-0.47180376139684904,1.3376600673721766,-20.000000000000007
-0.41860604053637784,1.5090667754291562,-20.000000000000007
-0.36363270028505623,1.5027191470075651,-20.000000000000007
-0.3461510227836139,1.4944136187708938,-20.000000000000007
-0.3874323207114573,1.4992984024991411,-20.000000000000007
-0.42468873368243437,1.433474974481702,-20.000000000000007
-0.4215498996764507,1.4562475448094603,-20.000000000000007
-0.39990585506716175,1.4935404204622795,-20.000000000000007
-0.3622956799501663,1.5003332398893445,-20.000000000000007
-0.3610557377656493,1.4994750662420668,-20.000000000000007
-0.3838741559582202,1.499938508912251,-20.000000000000007
-0.38793266905857443,1.4985197316029266,-20.000000000000007
-0.3687711295135732,1.4998132836247753,-20.000000000000007
-0.3303071531715404,1.4967077618130342,-20.000000000000007
-0.2883195884737289,1.5737907057255949,-20.000000000000007
-0.23826218031341162,1.8915699774047923,-20.000000000000007
-0.22094130554641436,1.9269729367606057,-20.000000000000007
-0.2567903473935127,1.7646164173900063,-20.000000000000007
-0.31425713974894587,1.5002370044836038,-20.000000000000007
-0.3769547629561766,1.4919886032912786,-20.000000000000007
-0.3787984420178688,1.4987309348648565,-20.000000000000007
-0.33336374918495687,1.497781834280346,-20.000000000000007
-0.2814276432258695,1.5247664416818107,-20.000000000000007
-0.2799303887599006,1.5136879349395194,-20.000000000000007
-0.330745242512047,1.4964066798636129,-20.000000000000007
-0.3610072404115518,1.4989665222844875,-20.000000000000007
-0.34647051114362853,1.4944963097307102,-20.000000000000007
-0.2809152426829442,1.5101868425258598,-20.000000000000007
-0.24822669455309765,1.7673008397904244,-20.000000000000007
-0.27947897934756516,1.524612824585176,-20.000000000000007
-0.30723982905641706,1.5094781150519188,-20.000000000000007
-0.3254037767238211,1.4994539523301513,-20.000000000000007
-0.28091524268294427,1.51018684252586,-20.000000000000007
-0.2612860966500918,1.7638263203536773,-20.000000000000007
-0.2801168150266809,1.5081261530810859,-20.000000000000007
-0.30538908022785993,1.5071605546898117,-20.000000000000007
-0.3186153246588819,1.4997621493726556,-20.000000000000007
-0.29623083311502846,1.5930388424887272,-20.000000000000007
-0.3015762558074405,1.5389990622252376,-20.000000000000007
-0.33075170425049766,1.4963420611367004,-20.000000000000007
-0.37598351868628854,1.4908410875963354,-20.000000000000007
-0.38264577818369594,1.5024532460070124,-20.000000000000007
-0.34410104663338803,1.4982722572441975,-20.000000000000007
-0.2880864982412632,1.5734067062767982,-20.000000000000007
-0.2311631728138493,1.9059405941570298,-20.000000000000007
-0.22052344232654952,1.9237271384636405,-20.000000000000007
-0.24382110599936807,1.8221016323748915,-20.000000000000007
-0.2549090030591316,1.761889678854912,-20.000000000000007
-0.2840255897958569,1.5506902601257058,-20.000000000000007
-0.3237334145448997,1.5001465119190285,-20.000000000000007
-0.33595178327341413,1.5003317674477197,-20.000000000000007
-0.30757630387103396,1.5092767463599177,-20.000000000000007
-0.2761010307008509,1.612538059729369,-20.000000000000007
-0.20120876532971135,1.7505922392484126,-20.000000000000007
-0.173421512564583,1.5556575549672629,-20.000000000000007
-0.255940752785843,1.7612792534112316,-20.000000000000007
-0.36071219631162443,1.5000850600036306,-20.000000000000007
-0.44351933765095963,1.4406815040165821,-20.000000000000007
-0.4728380459071637,1.3344192763904492,-20.000000000000007
-0.43555475246750425,1.4045762031157056,-20.000000000000007
-0.36229567995016637,1.500333239889344,-20.000000000000007
-0.3100761428942641,1.5036973378314789,-20.000000000000007
-0.3417415138561001,1.4974688094727902,-20.000000000000007
-0.4131120717914658,1.4988762027907383,-20.000000000000007
-0.4531086675251341,1.3926974435284731,-20.000000000000007
-0.4194430518816683,1.4882839640349266,-20.000000000000007
-0.35542487169772036,1.5006298440223134,-20.000000000000007
-0.3024033713913366,1.5348900776147751,-20.000000000000007
-0.30328578238110493,1.5204381626563317,-20.000000000000007
-0.36304668629250403,1.5016907658447674,-20.000000000000007
-0.38459589986313303,1.5003306358339248,-20.000000000000007
-0.3604415916717471,1.4997240188095904,-20.000000000000007
-0.3022600457550737,1.5358618250536409,-20.000000000000007
-0.255940752785843,1.7612792534112316,-20.000000000000007
-0.2970351522342021,1.5884777671827475,-20.000000000000007
-0.36265402702940275,1.5011702627098316,-20.000000000000007
-0.3913156373956483,1.5027686708816337,-20.000000000000007
-0.3700087145540455,1.500359793870271,-20.000000000000007
-0.32590519426521264,1.5009206158454846,-20.000000000000007
-0.2990250918840398,1.5678429960582048,-20.000000000000007
-0.31756181987001814,1.4998334669940094,-20.000000000000007
-0.359821369115698,1.4975452203818267,-20.000000000000007
-0.36361517476327926,1.5028702210165314,-20.000000000000007
-0.3186153246588819,1.4997621493726556,-20.000000000000007
-0.28558708034433605,1.5632803966587598,-20.000000000000007
-0.2929801151709951,1.587253273196303,-20.000000000000007
-0.3453012425950819,1.496843566504846,-20.000000000000007
-0.36222153800092,1.500041635981562,-20.000000000000007
-0.3242570415578098,1.4998143598744855,-20.000000000000007
-0.27873101659765587,1.540481016840682,-20.000000000000007
-0.28147985274959597,1.5255570079449203,-20.000000000000007
-0.3499862350448537,1.5017735732961004,-20.000000000000007
-0.38144271342347524,1.4992796408858404,-20.000000000000007
-0.37207954583898467,1.4949673826337635,-20.000000000000007
-0.31295695354635933,1.503645578219004,-20.000000000000007
-0.25634807655679664,1.7647460608830385,-20.000000000000007
-0.2958801853963091,1.5922995490681722,-20.000000000000007
-0.3499683655677911,1.5017949036483391,-20.000000000000007
-0.3650299395854604,1.5021752994107427,-20.000000000000007
-0.3305856219031175,1.4960398189223727,-20.000000000000007
-0.26443354651584017,1.7602609374540505,-20.000000000000007
-0.2213386027389144,1.928683381788174,-20.000000000000007
-0.2665884889132424,1.7605813432317967,-20.000000000000007
-0.3413464489706009,1.4985472518577074,-20.000000000000007
-0.3758937924806361,1.4907316327231883,-20.000000000000007
-0.36059180247367845,1.4994174222527212,-20.000000000000007
-0.29823962181020586,1.5752710767178981,-20.000000000000007
-0.2689454237351966,1.7353491755139356,-20.000000000000007
-0.324044152545002,1.4998491843332848,-20.000000000000007
-0.381696762037004,1.4990334879521314,-20.000000000000007
-0.4194430518816683,1.488283964034927,-20.000000000000007
-0.39047188627488594,1.5019115165964387,-20.000000000000007
-0.3175618198700181,1.4998334669940097,-20.000000000000007
-0.2945137142292329,1.5984260758474431,-20.000000000000007
-0.35054301239796204,1.5024653447781129,-20.000000000000007
-0.4281163186299819,1.4234910923544928,-20.000000000000007
-0.4423423475207046,1.443722542302891,-20.000000000000007
-0.4100935649151761,1.4968339322623074,-20.000000000000007
-0.3195893028054745,1.4995668775896145,-20.000000000000007
-0.2563253514305873,1.7645106905042567,-20.000000000000007
-0.30263263140688657,1.5322413444378427,-20.000000000000007
-0.36297800915604495,1.5017442382084982,-20.000000000000007
-0.384595899863133,1.5003306358339246,-20.000000000000007
-0.3420356248853191,1.4976378753116961,-20.000000000000007
-0.29392143141561916,1.5971422552553447,-20.000000000000007
-0.2798075674954213,1.514002074040039,-20.000000000000007
-0.32208937867346144,1.4962205945650346,-20.000000000000007
-0.41127224364476833,1.496798665544841,-20.000000000000007
-0.44316633213833423,1.4443340720638551,-20.000000000000007
-0.4178923929921881,1.5197421264409794,-20.000000000000007
-0.35593569543368103,1.500796517749281,-20.000000000000007
-0.25582876071088995,1.7613088506670547,-20.000000000000007
-0.2477049896874544,1.7812067663578977,-20.000000000000007
-0.313594373672138,1.5056681752911174,-20.000000000000007
-0.36998434417424086,1.5006727332137253,-20.000000000000007
-0.41895352255374985,1.4979991861952326,-20.000000000000007
-0.4102108239201816,1.4974966583467837,-20.000000000000007
-0.341712472079045,1.4975457937841459,-20.000000000000007
-0.2946921700458974,1.5968805478194323,-20.000000000000007
-0.26066284440864385,1.7646473134002432,-20.000000000000007
-0.2799303887599006,1.5136879349395196,-20.000000000000007
-0.31350915109394456,1.5055312013874298,-20.000000000000007
-0.2964461969048811,1.5919162772191608,-20.000000000000007
-0.25632535143058727,1.7645106905042565,-20.000000000000007
-0.22747948179221975,1.9178329122632694,-20.000000000000007
-0.24822239897057807,1.7683570877307098,-20.000000000000007
-0.3237334145448996,1.500146511919029,-20.000000000000007
-0.3548964186409028,1.500431771535262,-20.000000000000007
-0.3499900419967385,1.5017851782384442,-20.000000000000007
-0.3195893028054745,1.4995668775896145,-20.000000000000007
-0.2443342902748983,1.817569520463286,-20.000000000000007
-0.21173096932913643,1.8478864443445637,-20.000000000000007
-0.233774849358793,1.9243394428461453,-20.000000000000007
-0.28282190184040923,1.5372665680078783,-20.000000000000007
-0.3391380002542206,1.4998180911477204,-20.000000000000007
-0.3414600114656015,1.4985061820670835,-20.000000000000007
-0.3223571534155806,1.496868334956701,-20.000000000000007
-0.25462373660832593,1.763849014721409,-20.000000000000007
-0.17342151256458302,1.5556575549672629,-20.000000000000007
-0.14956704378807442,1.4816374407249462,-20.000000000000007
-0.17510106245462623,1.5664045252620538,-20.000000000000007
-0.26443354651584017,1.76026093745405,-20.000000000000007
-0.31953812474144166,1.4989859498275053,-20.000000000000007
-0.3446381821677059,1.497280166441734,-20.000000000000007
-0.34411196529255483,1.4984933146071406,-20.000000000000007
-0.29150498529450247,1.5881390989798,-20.000000000000007
-0.23627546092076895,1.9125746720860468,-20.000000000000007
-0.22062846119588841,1.92405731974149,-20.000000000000007
-0.23605069297327178,1.9135828619200246,-20.000000000000007
-0.30097538168256877,1.5478856504334078,-20.000000000000007
-0.35644787833809105,1.5001356233059644,-20.000000000000007
-0.3717758777885207,1.4961718218083178,-20.000000000000007
-0.33662317761692007,1.5013679567486766,-20.000000000000007
-0.2801505685248737,1.504924924819329,-20.000000000000007
-0.18106147615797719,1.5665959385271793,-20.000000000000007
-0.14951161413712508,1.4836989924470356,-20.000000000000007
-0.2002751479582084,1.7399956220515302,-20.000000000000007
-0.2395630150120816,1.8790513726661493,-20.000000000000007
-0.2831727514385098,1.5429047687795256,-20.000000000000007
-0.2904363118517153,1.582700590103038,-20.000000000000007
-0.25092489732216816,1.7039984111889388,-20.000000000000007
-0.2444468331072167,1.8145508910196502,-20.000000000000007
-0.24368022622945004,1.822530620071588,-20.000000000000007
-0.24996954547286626,1.7076515977428508,-20.000000000000007
-0.3074330011748713,1.509255958864809,-20.000000000000007
-0.321283622935787,1.4975906033984279,-20.000000000000007
-0.2840255897958569,1.550690260125706,-20.000000000000007
-0.2556609405550871,1.7606473690537876,-20.000000000000007
-0.18615639672437706,1.6073672656103333,-20.000000000000007
-0.18615639672437706,1.6073672656103333,-20.000000000000007
-0.2794258240158509,1.5230811353673013,-20.000000000000007
-0.3021497282911956,1.5356262507439158,-20.000000000000007
-0.3011481716518844,1.5452896733912576,-20.000000000000007
-0.28078661533106947,1.511411264809145,-20.000000000000007
-0.2504660493711075,1.694453019701242,-20.000000000000007
-0.28282190184040923,1.5372665680078788,-20.000000000000007
-0.3049680624842603,1.505801083117312,-20.000000000000007
-0.2915049852945024,1.5881390989798,-20.000000000000007
-0.25462373660832593,1.763849014721409,-20.000000000000007
-0.18106147615797719,1.5665959385271793,-20.000000000000007
-0.1495116141371251,1.4836989924470354,-20.000000000000007
-0.13827985886360028,1.4248050209160283,-20.000000000000007
-0.13626719740184534,1.4902681766755492,-20.000000000000007
-0.13502592417162232,1.5052987353294094,-20.000000000000007
-0.17288411621543606,1.5613034517219715,-20.000000000000007
-0.22586575302864217,1.9236458156429168,-20.000000000000007
-0.28011681502668095,1.5081261530810859,-20.000000000000007
-0.31494514945857416,1.4945122783989244,-20.000000000000007
-0.28337303316844376,1.5449463194670945,-20.000000000000007
-0.2530609378567619,1.7448217373348838,-20.000000000000007
-0.22899518854702022,1.92055617050709,-20.000000000000007
-0.23476005108754988,1.9246267303173612,-20.000000000000007
-0.29445299301849176,1.5988117548357343,-20.000000000000007
-0.33725824007429733,1.5002917230910569,-20.000000000000007
-0.33955202081232777,1.4988160691901018,-20.000000000000007
-0.2941260136020316,1.5979880880664705,-20.000000000000007
-0.2269582413823748,1.922862066999163,-20.000000000000007
-0.22062846119588841,1.9240573197414903,-20.000000000000007
-0.2669485297582125,1.7629212068466507,-20.000000000000007
-0.31968310087892915,1.499861218524721,-20.000000000000007
-0.3636506440899935,1.502210432621207,-20.000000000000007
-0.3501355165437631,1.5028973754222368,-20.000000000000007
-0.2919258820014539,1.5878844227343158,-20.000000000000007
-0.24915370036674314,1.7401525997321166,-20.000000000000007
-0.18106147615797719,1.566595938527179,-20.000000000000007
-0.1751010624546262,1.566404525262054,-20.000000000000007
-0.1751010624546262,1.5664045252620538,-20.000000000000007
-0.17288411621543603,1.5613034517219717,-20.000000000000007
-0.17388734112967547,1.556706883485759,-20.000000000000007
-0.1669603097132642,1.5639589047489204,-20.000000000000007
-0.209552732397143,1.8308587044099591,-20.000000000000007
-0.2549090030591316,1.7618896788549123,-20.000000000000007
-0.2663829358017068,1.762384314531559,-20.000000000000007
-0.25848360902990564,1.7742685871436383,-20.000000000000007
-0.2269401645833434,1.9239439328329508,-20.000000000000007
-0.1811118557375559,1.5670720079682579,-20.000000000000007
-0.18206498278704597,1.5720811476233032,-20.000000000000007
-0.23261521838584837,1.9111747152508258,-20.000000000000007
-0.28035323293839765,1.5049414149407447,-20.000000000000007
-0.2860847862583424,1.5660072351777896,-20.000000000000007
-0.2644335465158401,1.7602609374540503,-20.000000000000007
-0.2489518966293901,1.7485672935277126,-20.000000000000007
-0.229598499407687,1.919191087025267,-20.000000000000007
-0.26970401866921,1.7269373295611579,-20.000000000000007
-0.314145276435866,1.5013015909261216,-20.000000000000007
-0.3057452495897283,1.5076253147717793,-20.000000000000007
-0.2796505477078005,1.5205278537775686,-20.000000000000007
-0.20027514795820844,1.7399956220515302,-20.000000000000007
-0.17288411621543606,1.5613034517219715,-20.000000000000007
-0.220866684129576,1.9276258294791235,-20.000000000000007
-0.2825098217916384,1.5348267451970625,-20.000000000000007
-0.3220776134311763,1.4963120041608493,-20.000000000000007
-0.32475227636919474,1.5000915998141189,-20.000000000000007
-0.3100761428942641,1.5036973378314789,-20.000000000000007
-0.2504660493711075,1.694453019701242,-20.000000000000007
-0.2206284611958884,1.9240573197414905,-20.000000000000007
-0.18206498278704597,1.5720811476233032,-20.000000000000007
-0.20865917396457306,1.8219049272644185,-20.000000000000007
-0.2586053479830527,1.7736806779803178,-20.000000000000007
-0.25851169174180455,1.7745675413819437,-20.000000000000007
-0.23926103075198196,1.8837082537608976,-20.000000000000007
-0.20120876532971135,1.7505922392484128,-20.000000000000007
-0.15705109047328716,1.5036218935682937,-20.000000000000007
-0.17288411621543606,1.5613034517219717,-20.000000000000007
-0.24822239897057807,1.7683570877307098,-20.000000000000007
-0.2819252686870596,1.531872124267723,-20.000000000000007
-0.3092668709067085,1.5058506663872815,-20.000000000000007
-0.3164907217463612,1.4978964762349731,-20.000000000000007
-0.30478069559213533,1.5059165829948924,-20.000000000000007
-0.28011681502668095,1.5081261530810859,-20.000000000000007
-0.24368022622945007,1.822530620071588,-20.000000000000007
-0.18106147615797719,1.5665959385271795,-20.000000000000007
-0.18111185573755592,1.567072007968258,-20.000000000000007
-0.25046604937110756,1.694453019701242,-20.000000000000007
-0.3090336352353068,1.5068264433831875,-20.000000000000007
-0.3494163889273876,1.4985623486083546,-20.000000000000007
-0.347621461191777,1.4990339487704252,-20.000000000000007
-0.3025071207080854,1.5335323154134946,-20.000000000000007
-0.25340895211045505,1.7543464626275467,-20.000000000000007
-0.2216410684161896,1.9189519988593977,-20.000000000000007
-0.21939372147519295,1.9217736305607287,-20.000000000000007
-0.2833357978439236,1.5459019726234418,-20.000000000000007
-0.32099813607237104,1.4976588514289229,-20.000000000000007
-0.3210639062091024,1.4971287986638524,-20.000000000000007
-0.2914519508694641,1.5886240208932991,-20.000000000000007
-0.2258618994167234,1.923627805307498,-20.000000000000007
-0.21173096932913643,1.8478864443445637,-20.000000000000007
-0.26168574815974033,1.7653057969962165,-20.000000000000007
-0.3207509129672527,1.4988126114523814,-20.000000000000007
-0.35775958001571595,1.4989078707052195,-20.000000000000007
-0.33401077629092074,1.4977705142242872,-20.000000000000007
-0.27872285999479984,1.5410216059235347,-20.000000000000007
-0.21173096932913643,1.8478864443445637,-20.000000000000007
-0.1751010624546262,1.5664045252620542,-20.000000000000007
-0.23233021493386954,1.9103137227061984,-20.000000000000007
-0.28011681502668095,1.5081261530810859,-20.000000000000007
-0.2799303887599007,1.5136879349395194,-20.000000000000007
-0.24904793493685984,1.7443056449977385,-20.000000000000007
-0.18157571912238524,1.5680826023329122,-20.000000000000007
-0.18157571912238524,1.5680826023329122,-20.000000000000007
-0.2801168150266809,1.508126153081086,-20.000000000000007
-0.33764808184792755,1.4997684387831949,-20.000000000000007
-0.3558300169877191,1.5005894992228717,-20.000000000000007
-0.3364938906802989,1.5009144382773711,-20.000000000000007
-0.2617342198768136,1.7645494295952155,-20.000000000000007
-0.20027514795820842,1.73999562205153,-20.000000000000007
-0.22164106841618952,1.9189519988593975,-20.000000000000007
-0.27930830545628293,1.5288868098711776,-20.000000000000007
-0.3464249078976372,1.494424099833098,-20.000000000000007
-0.37227577142775753,1.4944246863007316,-20.000000000000007
-0.35344785364424813,1.5011870803113496,-20.000000000000007
-0.304905052023723,1.505661875178614,-20.000000000000007
-0.2490720213273209,1.744185551235172,-20.000000000000007
-0.22052344232654952,1.9237271384636405,-20.000000000000007
-0.2565981846719644,1.7632821483535674,-20.000000000000007
-0.3120178484244059,1.5042001719344675,-20.000000000000007
-0.2982396218102058,1.5752710767178981,-20.000000000000007
-0.2763494667231559,1.605988911425451,-20.000000000000007
-0.21173096932913643,1.8478864443445635,-20.000000000000007
-0.16750139597429406,1.5659485007450447,-20.000000000000007
-0.23074417539123543,1.9088211661899979,-20.000000000000007
-0.2786975700613999,1.5412398948221346,-20.000000000000007
-0.3022600457550737,1.5358618250536407,-20.000000000000007
-0.310140208664401,1.5025404745059743,-20.000000000000007
-0.26029665509690614,1.7653747284390904,-20.000000000000007
-0.21939372147519295,1.9217736305607287,-20.000000000000007
-0.18160650863614658,1.5652904978856894,-20.000000000000007
-0.2209413055464144,1.9269729367606057,-20.000000000000007
-0.2803692287519004,1.5049893190725436,-20.000000000000007
-0.32969726119826337,1.4962931072301304,-20.000000000000007
-0.32590519426521264,1.5009206158454844,-20.000000000000007
-0.2814097302568461,1.523867384257423,-20.000000000000007
-0.23826218031341156,1.8915699774047925,-20.000000000000007
-0.2351945994286903,1.9202203048809974,-20.000000000000007
-0.2587301694228207,1.7744805401325012,-20.000000000000007
-0.2803692287519004,1.5049893190725436,-20.000000000000007
-0.2567903473935127,1.7646164173900063,-20.000000000000007
-0.19301630833170436,1.6718828761553,-20.000000000000007
-0.18615639672437706,1.6073672656103335,-20.000000000000007
-0.2566382211256999,1.7634746737325249,-20.000000000000007
-0.32523479869610583,1.499280641245036,-20.000000000000007
-0.36094873282300977,1.4997644896246596,-20.000000000000007
-0.3420785971520033,1.4979038763756134,-20.000000000000007
-0.28147985274959597,1.5255570079449203,-20.000000000000007
-0.20120876532971133,1.7505922392484128,-20.000000000000007
-0.17510106245462626,1.566404525262054,-20.000000000000007
-0.219816355261127,1.9254145073810722,-20.000000000000007
-0.2559229741431293,1.7616069442333382,-20.000000000000007
-0.2825098217916384,1.534826745197063,-20.000000000000007
-0.2842583506786672,1.5552111529007746,-20.000000000000007
-0.2644335465158401,1.7602609374540505,-20.000000000000007
-0.23476005108754983,1.9246267303173612,-20.000000000000007
-0.18361747707950815,1.5838646708331456,-20.000000000000007
-0.16750139597429403,1.5659485007450447,-20.000000000000007
-0.182064982787046,1.5720811476233034,-20.000000000000007
-0.26443354651584017,1.7602609374540505,-20.000000000000007
-0.3220776134311763,1.496312004160849,-20.000000000000007
-0.3565804664477496,1.5001985061742964,-20.000000000000007
-0.3410318126326951,1.4982046269245857,-20.000000000000007
-0.2858135332844407,1.5638558567873995,-20.000000000000007
-0.229598499407687,1.919191087025267,-20.000000000000007
-0.19939141523199574,1.7296016868114208,-20.000000000000007
-0.1934390512943197,1.675525904873079,-20.000000000000007
-0.1861563967243771,1.6073672656103335,-20.000000000000007
-0.2027907570819007,1.764371281991521,-20.000000000000007
-0.1810614761579772,1.566595938527179,-20.000000000000007
-0.2002751479582084,1.7399956220515302,-20.000000000000007
-0.279371143037495,1.525713678077813,-20.000000000000007
-0.304905052023723,1.5056618751786137,-20.000000000000007
-0.3070421949341136,1.509894082739065,-20.000000000000007
-0.2797305031853531,1.5142987704774487,-20.000000000000007
-0.20279075708190072,1.7643712819915212,-20.000000000000007
-0.1751010624546262,1.5664045252620538,-20.000000000000007
-0.23104894066734627,1.9062717349328506,-20.000000000000007
-0.2827605767136566,1.535593585071942,-20.000000000000007
-0.3137573852124986,1.5046607220867074,-20.000000000000007
-0.3025866756274419,1.5325552975248484,-20.000000000000007
-0.24857298907910225,1.7619215994611608,-20.000000000000007
-0.182064982787046,1.5720811476233034,-20.000000000000007
-0.18206498278704597,1.5720811476233034,-20.000000000000007
-0.2444468331072167,1.8145508910196502,-20.000000000000007
-0.2794258240158509,1.5230811353673013,-20.000000000000007
-0.2661191530472637,1.7612193048709655,-20.000000000000007
-0.23195297720193025,1.9083333632408703,-20.000000000000007
-0.17510106245462623,1.5664045252620538,-20.000000000000007
-0.1703340981760395,1.5849866947369589,-20.000000000000007
-0.2117309693291365,1.8478864443445635,-20.000000000000007
-0.24770498968745444,1.7812067663578977,-20.000000000000007
-0.24458341729461527,1.8151781512632392,-20.000000000000007
-0.21939372147519295,1.9217736305607285,-20.000000000000007
-0.15890037786961222,1.5140226726475712,-20.000000000000007
-0.13827985886360028,1.4248050209160283,-20.000000000000007
-0.1751010624546262,1.566404525262054,-20.000000000000007
-0.18206498278704597,1.5720811476233034,-20.000000000000007
-0.2136168748443088,1.8659073978514424,-20.000000000000007
-0.22718604684609817,1.9204048324940464,-20.000000000000007
-0.22718604684609814,1.9204048324940464,-20.000000000000007
-0.2206284611958884,1.9240573197414905,-20.000000000000007
-0.20279075708190072,1.7643712819915207,-20.000000000000007
-0.17230075206441225,1.5935067427276293,-20.000000000000007
-0.16068037498543777,1.5278630466591987,-20.000000000000007
-0.2027907570819007,1.7643712819915212,-20.000000000000007
-0.26658848891324244,1.7605813432317965,-20.000000000000007
-0.29732635078048963,1.5856948860895277,-20.000000000000007
-0.2911941062217188,1.5877170694326266,-20.000000000000007
-0.24996954547286626,1.707651597742851,-20.000000000000007
-0.1751010624546262,1.566404525262054,-20.000000000000007
-0.17177201680536935,1.5990902493924237,-20.000000000000007
-0.2002751479582084,1.7399956220515302,-20.000000000000007
-0.2477049896874544,1.7812067663578974,-20.000000000000007
-0.2553777727010484,1.7588741725746628,-20.000000000000007
-0.2271860468460981,1.9204048324940464,-20.000000000000007
-0.17510106245462623,1.5664045252620538,-20.000000000000007
-0.1861563967243771,1.6073672656103335,-20.000000000000007
-0.25639273612309565,1.7641773193596846,-20.000000000000007
-0.31861532465888187,1.4997621493726556,-20.000000000000007
-0.33595178327341413,1.50033176744772,-20.000000000000007
-0.3043385104883578,1.5063073724386005,-20.000000000000007
-0.2447242970645333,1.8147491635665434,-20.000000000000007
-0.18361747707950815,1.5838646708331459,-20.000000000000007
-0.22132548951472808,1.92861601787369,-20.000000000000007
-0.25490900305913167,1.761889678854912,-20.000000000000007
-0.2775886576356349,1.5676246431819254,-20.000000000000007
-0.25062960234332526,1.698997203762813,-20.000000000000007
-0.20955273239714303,1.8308587044099591,-20.000000000000007
-0.22052344232654952,1.9237271384636405,-20.000000000000007
-0.24969682634711557,1.7251946129698057,-20.000000000000007
-0.2506615796083984,1.6995027953829276,-20.000000000000007
-0.24854930644740358,1.7614705114727944,-20.000000000000007
-0.1818059818412709,1.568893039467904,-20.000000000000007
-0.17033409817603948,1.5849866947369589,-20.000000000000007
-0.2271860468460981,1.9204048324940461,-20.000000000000007
-0.285587080344336,1.5632803966587598,-20.000000000000007
-0.3227173753963624,1.498061203274667,-20.000000000000007
-0.32656671494470974,1.4988593781182793,-20.000000000000007
-0.29409948353850723,1.5976984666975413,-20.000000000000004
-0.24969682634711554,1.7251946129698055,-20.0
-0.24541972912931204,1.8094787946527202,-19.999999999999996
-0.22135171570315618,1.9274932643833296,-20.0
-0.18886938598024677,1.5715946146796025,-20.0
