gain,ratio,threshold
-0.1247755384603551,1.5292050934076342,-20.0
-0.1261283229332307,1.5235850837677123,-20.0
-0.1303479817791215,1.52663833112224,-20.000000000000004
-0.13224807051494283,1.5055172220805708,-20.0
-0.13495829350665048,1.4897359463283293,-20.0
-0.1322480705149428,1.5055172220805706,-20.0
-0.13160506288298887,1.5132325960306734,-20.000000000000004
-0.1303479817791215,1.5266383311222398,-20.0
-0.13015262544468728,1.5277015351385423,-20.0
-0.12756711120681585,1.5208065143620626,-20.000000000000004
-0.12756711120681585,1.520806514362063,-20.0
-0.12756711120681585,1.5208065143620626,-20.0
-0.12612832371306412,1.5235867334754816,-20.0
-0.12756711120681585,1.5208065143620628,-20.0
-0.12756711120681585,1.5208065143620626,-19.999999999999996
-0.12756711120681588,1.5208065143620626,-20.0
-0.12612832371306412,1.5235867334754818,-20.0
-0.12612832293323067,1.5235850837677125,-20.000000000000007
-0.12612832293323067,1.5235850837677125,-20.000000000000007
-0.12612832293323067,1.5235850837677127,-20.000000000000007
-0.1261283229332307,1.5235850837677125,-20.000000000000007
-0.1261283229332307,1.5235850837677125,-20.000000000000007
-0.12612832293323067,1.5235850837677125,-20.000000000000007
-0.12612832293323067,1.5235850837677125,-20.000000000000007
-0.12756711120681585,1.520806514362063,-20.000000000000007
-0.1301488071202316,1.5273692584161178,-20.000000000000007
-0.13034416345466582,1.5263060543998153,-20.000000000000007
-0.1316195303529259,1.5122209144802388,-20.000000000000007
-0.13161953035292592,1.512220914480239,-20.000000000000007
-0.13224807051494283,1.5055172220805708,-20.000000000000007
-0.13161953035292592,1.5122209144802388,-20.000000000000007
-0.13161953035292592,1.5122209144802388,-20.000000000000007
-0.13160124455853317,1.5129003193082484,-20.000000000000007
-0.13034416345466582,1.5263060543998155,-20.000000000000007
-0.1303479817791215,1.52663833112224,-20.000000000000007
-0.12756711120681585,1.520806514362063,-20.000000000000007
-0.12756711120681585,1.520806514362063,-20.000000000000007
-0.12756711120681585,1.520806514362063,-20.000000000000007
-0.12612832371306412,1.523586733475482,-20.000000000000007
-0.12612832371306415,1.5235867334754818,-20.000000000000007
-0.12756711120681585,1.520806514362063,-20.000000000000007
-0.12756711120681585,1.520806514362063,-20.000000000000007
-0.12756711120681585,1.520806514362063,-20.000000000000007
-0.12612832371306412,1.523586733475482,-20.000000000000007
-0.12612832293323067,1.5235850837677125,-20.000000000000007
-0.1247755384603551,1.5292050934076344,-20.000000000000007
-0.11023310443464367,1.5300533484745644,-20.000000000000007
-0.11023310443464365,1.5300533484745646,-20.000000000000007
-0.1109573479656689,1.5311353815265414,-20.000000000000007
-0.11023310443464367,1.5300533484745644,-20.000000000000007
-0.11023310443464367,1.5300533484745646,-20.000000000000007
-0.1109573479656689,1.5311353815265416,-20.000000000000007
-0.1247755384603551,1.5292050934076342,-20.000000000000007
-0.1247755384603551,1.5292050934076344,-20.000000000000007
-0.1261283229332307,1.5235850837677125,-20.000000000000007
-0.12612832293323067,1.5235850837677125,-20.000000000000007
-0.12756711120681588,1.5208065143620628,-20.000000000000007
-0.12756711120681585,1.5208065143620628,-20.000000000000007
-0.13034416345466585,1.5263060543998153,-20.000000000000007
-0.13034416345466585,1.5263060543998155,-20.000000000000007
-0.13161953035292592,1.5122209144802388,-20.000000000000007
-0.13224807051494283,1.505517222080571,-20.000000000000007
-0.1316195303529259,1.512220914480239,-20.000000000000007
-0.13224807051494283,1.505517222080571,-20.000000000000007
-0.13224807051494283,1.505517222080571,-20.000000000000007
-0.13161953035292592,1.512220914480239,-20.000000000000007
-0.1316195303529259,1.512220914480239,-20.000000000000007
-0.13161953035292592,1.5122209144802388,-20.000000000000007
-0.13160124455853317,1.5129003193082486,-20.000000000000007
-0.13034416345466582,1.5263060543998155,-20.000000000000007
-0.13034416345466582,1.5263060543998155,-20.000000000000007
-0.13034416345466582,1.5263060543998155,-20.000000000000007
-0.13034416345466582,1.5263060543998155,-20.000000000000007
-0.13034416345466582,1.5263060543998153,-20.000000000000007
-0.12756711120681585,1.520806514362063,-20.000000000000007
-0.12756711120681585,1.520806514362063,-20.000000000000007
-0.12756711120681585,1.520806514362063,-20.000000000000007
-0.12756711120681585,1.520806514362063,-20.000000000000007
-0.12756711120681588,1.520806514362063,-20.000000000000007
-0.12756711120681585,1.520806514362063,-20.000000000000007
-0.13034798177912152,1.52663833112224,-20.000000000000007
-0.13034798177912152,1.5266383311222402,-20.000000000000007
-0.1303479817791215,1.52663833112224,-20.000000000000007
-0.13034798177912152,1.5266383311222402,-20.000000000000007
-0.1303479817791215,1.52663833112224,-20.000000000000007
-0.1303479817791215,1.52663833112224,-20.000000000000007
-0.1303479817791215,1.5266383311222402,-20.000000000000007
-0.13015262544468725,1.5277015351385423,-20.000000000000007
-0.12612832371306415,1.5235867334754818,-20.000000000000007
-0.12477553846035512,1.5292050934076342,-20.000000000000007
-0.12477553846035512,1.5292050934076344,-20.000000000000007
-0.11095734796566889,1.5311353815265414,-20.000000000000007
-0.11095734796566889,1.5311353815265416,-20.000000000000007
-0.11095734796566889,1.5311353815265416,-20.000000000000007
-0.11095734796566889,1.5311353815265414,-20.000000000000007
-0.11095734796566889,1.5311353815265414,-20.000000000000007
-0.12477553846035512,1.5292050934076342,-20.000000000000007
-0.12477553846035512,1.5292050934076342,-20.000000000000007
-0.12612832293323067,1.5235850837677125,-20.000000000000007
-0.12756711120681588,1.5208065143620626,-20.000000000000007
-0.12756711120681588,1.5208065143620628,-20.000000000000007
-0.13014880712023158,1.5273692584161176,-20.000000000000007
-0.13160124455853314,1.5129003193082484,-20.000000000000007
-0.1316195303529259,1.512220914480239,-20.000000000000007
-0.13495605330512833,1.4898632237174254,-20.000000000000007
-0.13505394683634653,1.4898994611030376,-20.000000000000007
-0.13495605330512833,1.4898632237174252,-20.000000000000007
-0.13495605330512833,1.4898632237174252,-20.000000000000007
-0.13495987162958403,1.4901955004398502,-20.000000000000007
-0.13505394683634653,1.4898994611030378,-20.000000000000007
-0.13552422097192307,1.4980251333747934,-20.000000000000007
-0.1355242209719231,1.4980251333747931,-20.000000000000007
-0.13503353638575263,1.4900113292690937,-20.000000000000007
-0.13505394683634653,1.4898994611030378,-20.000000000000007
-0.1352846436625125,1.4952131339762695,-20.000000000000007
-0.13528464366251253,1.4952131339762695,-20.000000000000007
-0.13541503259313709,1.4948226663941329,-20.000000000000007
-0.13523645424514372,1.4956132648969094,-20.000000000000007
-0.1349582935066505,1.4897359463283295,-20.000000000000007
-0.13495829350665048,1.4897359463283295,-20.000000000000007
-0.13495829350665048,1.4897359463283295,-20.000000000000007
-0.1352846436625125,1.4952131339762693,-20.000000000000007
-0.13559277469974068,1.4972477480520185,-20.000000000000007
-0.1353442386637973,1.495727329106003,-20.000000000000007
-0.13528464366251253,1.4952131339762695,-20.000000000000007
-0.1350561870378687,1.4897721837139422,-20.000000000000007
-0.13500799762049986,1.4901723146345818,-20.000000000000007
-0.13498758716990603,1.490284182800638,-20.000000000000007
-0.1349582935066505,1.4897359463283295,-20.000000000000007
-0.1322518888393985,1.505849498802996,-20.000000000000007
-0.13162334867738157,1.5125531912026637,-20.000000000000007
-0.13034798177912152,1.52663833112224,-20.000000000000007
-0.12921760203349608,1.5257938337824621,-20.000000000000007
-0.12612832371306412,1.5235867334754818,-20.000000000000007
-0.1254040794022055,1.5225030507157356,-20.000000000000007
-0.11023310443464368,1.5300533484745644,-20.000000000000007
-0.11023310443464367,1.5300533484745644,-20.000000000000007
-0.11023310443464365,1.5300533484745644,-20.000000000000007
-0.11023310443464365,1.5300533484745646,-20.000000000000007
-0.11023310443464365,1.5300533484745644,-20.000000000000007
-0.12405129492932988,1.5281230603556568,-20.000000000000007
-0.12405129492932987,1.5281230603556573,-20.000000000000007
-0.12612832293323067,1.5235850837677125,-20.000000000000007
-0.1261283229332307,1.5235850837677125,-20.000000000000007
-0.12756711120681585,1.520806514362063,-20.000000000000007
-0.13034798177912152,1.52663833112224,-20.000000000000007
-0.1316233486773816,1.5125531912026637,-20.000000000000007
-0.13496593015556185,1.4904004997731792,-20.000000000000007
-0.13496593015556185,1.4904004997731792,-20.000000000000007
-0.13496593015556185,1.4904004997731792,-20.000000000000007
-0.13496593015556185,1.4904004997731792,-20.000000000000007
-0.13496593015556185,1.490400499773179,-20.000000000000007
-0.13500799762049986,1.4901723146345816,-20.000000000000007
-0.1352364542451437,1.4956132648969094,-20.000000000000007
-0.13559501490126286,1.4971204706629226,-20.000000000000007
-0.13559501490126286,1.4971204706629226,-20.000000000000007
-0.13559501490126286,1.4971204706629224,-20.000000000000007
-0.13626488909486958,1.477604195252314,-20.000000000000007
-0.13559501490126288,1.4971204706629226,-20.000000000000007
-0.1362648890948696,1.4776041952523142,-20.000000000000007
-0.13559501490126286,1.4971204706629226,-20.000000000000007
-0.13559501490126286,1.4971204706629226,-20.000000000000007
-0.13559501490126286,1.4971204706629226,-20.000000000000007
-0.13559501490126288,1.4971204706629226,-20.000000000000007
-0.13559501490126288,1.4971204706629226,-20.000000000000007
-0.13523645424514372,1.4956132648969094,-20.000000000000007
-0.13496974848001758,1.490732776495604,-20.000000000000007
-0.13496593015556185,1.4904004997731795,-20.000000000000007
-0.13496593015556188,1.490400499773179,-20.000000000000007
-0.13225188883939853,1.5058494988029958,-20.000000000000007
-0.13162334867738157,1.5125531912026637,-20.000000000000007
-0.13160506288298884,1.5132325960306732,-20.000000000000007
-0.1296237382480963,1.525556298070263,-20.000000000000007
-0.12942838191366207,1.5266195020865654,-20.000000000000007
-0.1296237382480963,1.5255562980702628,-20.000000000000007
-0.1284933585024709,1.5247118007304845,-20.000000000000007
-0.12942838191366207,1.5266195020865656,-20.000000000000007
-0.12684286767579064,1.519724481310086,-20.000000000000007
-0.12540407940220547,1.5225030507157356,-20.000000000000007
-0.12405129492932986,1.5281230603556573,-20.000000000000007
-0.12405129492932988,1.5281230603556573,-20.000000000000007
-0.1102329398897883,1.5292120197188135,-20.000000000000007
-0.11023293988978831,1.5292120197188133,-20.000000000000007
-0.11023293988978831,1.5292120197188135,-20.000000000000007
-0.12405129492932987,1.528123060355657,-20.000000000000007
-0.12405129492932987,1.528123060355657,-20.000000000000007
-0.1240512949293299,1.528123060355657,-20.000000000000007
-0.1254040794022055,1.5225030507157356,-20.000000000000007
-0.12540407940220547,1.5225030507157356,-20.000000000000007
-0.12684286767579067,1.5197244813100856,-20.000000000000007
-0.12684286767579067,1.519724481310086,-20.000000000000007
-0.12962373824809628,1.5255562980702628,-20.000000000000007
-0.13162334867738157,1.512553191202664,-20.000000000000007
-0.1322518888393985,1.5058494988029958,-20.000000000000007
-0.13496593015556185,1.4904004997731792,-20.000000000000007
-0.13496593015556183,1.4904004997731792,-20.000000000000007
-0.13496593015556185,1.4904004997731792,-20.000000000000007
-0.13500799762049986,1.4901723146345813,-20.000000000000007
-0.13523645424514372,1.4956132648969094,-20.000000000000007
-0.13500799762049986,1.4901723146345816,-20.000000000000007
-0.13496974848001755,1.490732776495604,-20.000000000000007
-0.13496593015556185,1.4904004997731795,-20.000000000000007
-0.13496593015556185,1.4904004997731792,-20.000000000000007
-0.13496593015556188,1.4904004997731792,-20.000000000000007
-0.13496593015556188,1.4904004997731792,-20.000000000000007
-0.13225188883939853,1.5058494988029958,-20.000000000000007
-0.1322518888393985,1.5058494988029958,-20.000000000000007
-0.1316233486773816,1.512553191202664,-20.000000000000007
-0.13160506288298884,1.5132325960306732,-20.000000000000007
-0.1316233486773816,1.5125531912026637,-20.000000000000007
-0.1296237382480963,1.5255562980702628,-20.000000000000007
-0.1296237382480963,1.5255562980702628,-20.000000000000007
-0.1296237382480963,1.5255562980702628,-20.000000000000007
-0.1296237382480963,1.525556298070263,-20.000000000000007
-0.12962373824809628,1.525556298070263,-20.000000000000007
-0.13160506288298884,1.5132325960306734,-20.000000000000007
-0.13162334867738157,1.512553191202664,-20.000000000000007
-0.1316233486773816,1.512553191202664,-20.000000000000007
-0.13162334867738157,1.512553191202664,-20.000000000000007
-0.13160506288298884,1.5132325960306736,-20.000000000000007
-0.12962373824809628,1.525556298070263,-20.000000000000007
-0.13160506288298884,1.5132325960306732,-20.000000000000007
-0.1296237382480963,1.525556298070263,-20.000000000000007
-0.12684286767579064,1.5197244813100856,-20.000000000000007
-0.1254040794022055,1.5225030507157353,-20.000000000000007
-0.12405129492932987,1.528123060355657,-20.000000000000007
-0.11023293988978833,1.5292120197188133,-20.000000000000007
-0.1102329398897883,1.5292120197188135,-20.000000000000007
-0.1102329398897883,1.5292120197188135,-20.000000000000007
-0.1102329398897883,1.529212019718813,-20.000000000000007
-0.12405129492932987,1.528123060355657,-20.000000000000007
-0.12405129492932987,1.5281230603556573,-20.000000000000007
-0.12540407940220547,1.5225030507157353,-20.000000000000007
-0.1254040794022055,1.522503050715735,-20.000000000000007
-0.1254040801820389,1.5225047004235048,-20.000000000000007
-0.12684286767579064,1.5197244813100856,-20.000000000000007
-0.12684286767579067,1.5197244813100856,-20.000000000000007
-0.12684286767579064,1.5197244813100856,-20.000000000000007
-0.1284933585024709,1.5247118007304845,-20.000000000000007
-0.12942838191366204,1.5266195020865656,-20.000000000000007
-0.12942838191366207,1.5266195020865654,-20.000000000000007
-0.12684286767579067,1.5197244813100859,-20.000000000000007
-0.12684286767579067,1.5197244813100859,-20.000000000000007
-0.12684286767579067,1.5197244813100859,-20.000000000000007
-0.12684286767579067,1.5197244813100856,-20.000000000000007
-0.12684286767579067,1.5197244813100859,-20.000000000000007
-0.12684286767579067,1.519724481310086,-20.000000000000007
-0.12684286767579067,1.5197244813100856,-20.000000000000007
-0.12684286767579064,1.5197244813100856,-20.000000000000007
-0.12684286767579067,1.5197244813100856,-20.000000000000007
-0.12684286767579067,1.519724481310086,-20.000000000000007
-0.12684286767579067,1.5197244813100856,-20.000000000000007
-0.12684286767579067,1.519724481310086,-20.000000000000007
-0.12684286767579064,1.5197244813100859,-20.000000000000007
-0.12684286767579064,1.5197244813100856,-20.000000000000007
-0.12684286767579064,1.5197244813100859,-20.000000000000007
-0.12684286767579067,1.5197244813100856,-20.000000000000007
-0.12684286767579067,1.5197244813100854,-20.000000000000007
-0.12684286767579067,1.5197244813100859,-20.000000000000007
-0.12962373824809628,1.5255562980702628,-20.000000000000007
-0.1296237382480963,1.5255562980702628,-20.000000000000007
-0.13160506288298887,1.5132325960306732,-20.000000000000007
-0.1296237382480963,1.5255562980702628,-20.000000000000007
-0.12962373824809628,1.5255562980702628,-20.000000000000007
-0.12962373824809628,1.525556298070263,-20.000000000000007
-0.13160506288298884,1.5132325960306732,-20.000000000000007
-0.13160506288298884,1.5132325960306734,-20.000000000000007
-0.1296237382480963,1.5255562980702626,-20.000000000000007
-0.12684286767579067,1.5197244813100856,-20.000000000000007
-0.1254040794022055,1.5225030507157356,-20.000000000000007
-0.12405129492932987,1.5281230603556573,-20.000000000000007
-0.12405129492932987,1.5281230603556573,-20.000000000000007
-0.12405129492932987,1.5281230603556568,-20.000000000000007
-0.1254040794022055,1.5225030507157353,-20.000000000000007
-0.12684286767579064,1.5197244813100859,-20.000000000000007
-0.1296237382480963,1.525556298070263,-20.000000000000007
-0.13160506288298884,1.5132325960306732,-20.000000000000007
-0.1316233486773816,1.512553191202664,-20.000000000000007
-0.13477851668463559,1.493063189381522,-20.000000000000007
-0.13496593015556185,1.490400499773179,-20.000000000000007
-0.13496974848001755,1.4907327764956038,-20.000000000000007
-0.1352364542451437,1.4956132648969094,-20.000000000000007
-0.13559501490126286,1.4971204706629226,-20.000000000000007
-0.13559501490126286,1.4971204706629224,-20.000000000000007
-0.13634314369070832,1.469091816603712,-20.000000000000007
-0.13766089245675403,1.4109848407592602,-20.000000000000007
-0.13766089245675406,1.4109848407592605,-20.000000000000007
-0.13766089245675406,1.4109848407592605,-20.000000000000007
-0.13766089245675406,1.4109848407592602,-20.000000000000007
-0.1377468926182409,1.4138227263361496,-20.000000000000007
-0.1377468926182409,1.4138227263361494,-20.000000000000007
-0.14969871320520373,1.4376750065870234,-20.000000000000007
-0.14969871320520373,1.4376750065870232,-20.000000000000007
-0.1489623238983579,1.441250436214657,-20.000000000000007
-0.13774689261824094,1.4138227263361496,-20.000000000000007
-0.13766089245675406,1.4109848407592602,-20.000000000000007
-0.13634314369070832,1.469091816603712,-20.000000000000007
-0.1363431436907083,1.469091816603712,-20.000000000000007
-0.13634314369070832,1.469091816603712,-20.000000000000007
-0.13607296571720057,1.4831686616984474,-20.000000000000007
-0.13559501490126286,1.4971204706629226,-20.000000000000007
-0.13559501490126286,1.4971204706629226,-20.000000000000007
-0.13559501490126286,1.4971204706629226,-20.000000000000007
-0.13559501490126286,1.4971204706629226,-20.000000000000007
-0.13559501490126286,1.4971204706629226,-20.000000000000007
-0.13559501490126286,1.4971204706629226,-20.000000000000007
-0.13541503259313706,1.4948226663941326,-20.000000000000007
-0.13523645424514372,1.4956132648969092,-20.000000000000007
-0.1350079976204999,1.4901723146345816,-20.000000000000007
-0.13496593015556185,1.4904004997731792,-20.000000000000007
-0.13477851668463559,1.493063189381522,-20.000000000000007
-0.13160506288298884,1.5132325960306734,-20.000000000000007
-0.12684286767579064,1.5197244813100856,-20.000000000000007
-0.12540407940220547,1.522503050715735,-20.000000000000007
-0.12405129492932987,1.5281230603556573,-20.000000000000007
-0.1102329398897883,1.5292120197188133,-20.000000000000007
-0.1102329398897883,1.5292120197188133,-20.000000000000007
-0.11023293988978829,1.5292120197188135,-20.000000000000007
-0.12405129492932988,1.528123060355657,-20.000000000000007
-0.12405129492932987,1.528123060355657,-20.000000000000007
-0.12405129492932987,1.5281230603556573,-20.000000000000007
-0.12540407940220547,1.5225030507157356,-20.000000000000007
-0.1254040794022055,1.5225030507157356,-20.000000000000007
-0.1254040794022055,1.5225030507157353,-20.000000000000007
-0.12684286767579067,1.5197244813100859,-20.000000000000007
-0.12684286767579064,1.5197244813100859,-20.000000000000007
-0.12942838191366207,1.5266195020865654,-20.000000000000007
-0.1296237382480963,1.525556298070263,-20.000000000000007
-0.12962373824809628,1.5255562980702628,-20.000000000000007
-0.12962373824809628,1.525556298070263,-20.000000000000007
-0.1296237382480963,1.525556298070263,-20.000000000000007
-0.1296237382480963,1.5255562980702626,-20.000000000000007
-0.12962373824809628,1.525556298070263,-20.000000000000007
-0.12962373824809628,1.525556298070263,-20.000000000000007
-0.12962373824809628,1.525556298070263,-20.000000000000007
-0.12962373824809628,1.5255562980702628,-20.000000000000007
-0.12962373824809628,1.5255562980702628,-20.000000000000007
-0.1296237382480963,1.5255562980702628,-20.000000000000007
-0.1296237382480963,1.5255562980702628,-20.000000000000007
-0.12962373824809628,1.5255562980702628,-20.000000000000007
-0.12962373824809628,1.5255562980702628,-20.000000000000007
-0.1296237382480963,1.5255562980702628,-20.000000000000007
-0.12962373824809628,1.5255562980702628,-20.000000000000007
-0.12962373824809628,1.5255562980702628,-20.000000000000007
-0.12962373824809628,1.525556298070263,-20.000000000000007
-0.12962373824809628,1.5255562980702628,-20.000000000000007
-0.12942838191366207,1.5266195020865658,-20.000000000000007
-0.1284933585024709,1.5247118007304847,-20.000000000000007
-0.12684286767579064,1.5197244813100856,-20.000000000000007
-0.12684286767579067,1.5197244813100856,-20.000000000000007
-0.12684286767579067,1.5197244813100856,-20.000000000000007
-0.12684286767579064,1.5197244813100856,-20.000000000000007
-0.12684286767579064,1.5197244813100856,-20.000000000000007
-0.12942838191366207,1.5266195020865654,-20.000000000000007
-0.12942838191366207,1.5266195020865654,-20.000000000000007
-0.1352364542451437,1.4956132648969094,-20.000000000000007
-0.1822099663654441,1.5747645545787248,-20.000000000000007
-0.2214180752396245,1.9292031022082086,-20.000000000000007
-0.2550865661289751,1.7625083631129967,-20.000000000000007
-0.279371143037495,1.5257136780778133,-20.000000000000007
-0.2652815992628312,1.7636643803729894,-20.000000000000007
-0.2787228599947999,1.5410216059235347,-20.000000000000007
-0.279371143037495,1.5257136780778133,-20.000000000000007
-0.2825571529373228,1.534014587855113,-20.000000000000007
-0.28608478625834244,1.5660072351777896,-20.000000000000007
-0.2801168150266809,1.5081261530810859,-20.000000000000007
-0.27069466483760557,1.7110862402984541,-20.000000000000007
-0.2549090030591316,1.7618896788549119,-20.000000000000007
-0.25655658185778313,1.763708836465723,-20.000000000000007
-0.2636632939167519,1.7594969943333099,-20.000000000000007
-0.25659818467196444,1.7632821483535677,-20.000000000000007
-0.2506296023433252,1.6989972037628127,-20.000000000000007
-0.21939372147519293,1.9217736305607285,-20.000000000000007
-0.22994567150625358,1.9195387691581565,-20.000000000000007
-0.22187224334523906,1.9254177131544248,-20.000000000000007
-0.22164106841618958,1.9189519988593977,-20.000000000000007
-0.22718604684609817,1.9204048324940464,-20.000000000000007
-0.1723007520644122,1.5935067427276293,-20.000000000000007
-0.16696030971326423,1.5639589047489206,-20.000000000000007
-0.1495116141371251,1.4836989924470356,-20.000000000000007
-0.1495670437880744,1.4816374407249462,-20.000000000000007
-0.17294305316727163,1.5588135890686423,-20.000000000000007
-0.1751010624546262,1.5664045252620538,-20.000000000000007
-0.18160650863614658,1.5652904978856892,-20.000000000000007
-0.18615639672437706,1.6073672656103333,-20.000000000000007
-0.18160650863614658,1.5652904978856894,-20.000000000000007
-0.1960505233279444,1.6994507469824103,-20.000000000000007
-0.18106147615797719,1.5665959385271793,-20.000000000000007
-0.19939141523199572,1.7296016868114206,-20.000000000000007
-0.18732945889859223,1.6198078250716526,-20.000000000000007
-0.18206498278704597,1.5720811476233032,-20.000000000000007
-0.1861563967243771,1.6073672656103335,-20.000000000000007
-0.173421512564583,1.555657554967263,-20.000000000000007
-0.1861563967243771,1.6073672656103333,-20.000000000000007
-0.18106147615797719,1.5665959385271793,-20.000000000000007
-0.20027514795820842,1.7399956220515298,-20.000000000000007
-0.18615639672437706,1.6073672656103335,-20.000000000000007
-0.17388734112967544,1.5567068834857587,-20.000000000000007
-0.182064982787046,1.5720811476233036,-20.000000000000007
-0.16672745404819803,1.561753167069522,-20.000000000000007
-0.179509115801908,1.5810607140359074,-20.000000000000007
-0.1822603459450228,1.575240624019803,-20.000000000000007
-0.18067000068203443,1.5594198148107747,-20.000000000000007
-0.20438912631107456,1.746757119847901,-20.000000000000007
-0.21360862628609328,1.8658947486649495,-20.000000000000007
-0.22907067213471022,1.9266742771147654,-20.000000000000007
-0.23436722520003733,1.9320226810721595,-20.000000000000007
-0.2535281429578442,1.7667880653171641,-20.000000000000007
-0.2570945768590657,1.768440620231114,-20.000000000000007
-0.2549693785437154,1.7638860457830743,-20.000000000000007
-0.2533822100622079,1.7534457925091358,-20.000000000000007
-0.24823843475054452,1.767264548894991,-20.000000000000007
-0.2502146075458029,1.7059542765338849,-20.000000000000007
-0.25582876071089,1.7613088506670544,-20.000000000000007
-0.24996954547286632,1.7076515977428508,-20.000000000000007
-0.24770498968745444,1.7812067663578977,-20.000000000000007
-0.22909101447985047,1.9204094190883196,-20.000000000000007
-0.21088307696788913,1.8406422820217245,-20.000000000000007
-0.22586189941672344,1.9236278053074978,-20.000000000000007
-0.18569792257347767,1.6005766158727197,-20.000000000000007
-0.219816355261127,1.9254145073810724,-20.000000000000007
-0.19343905129431974,1.6755259048730788,-20.000000000000007
-0.17510106245462623,1.566404525262054,-20.000000000000007
-0.17510106245462623,1.5664045252620542,-20.000000000000007
-0.14951161413712508,1.4836989924470356,-20.000000000000007
-0.15890037786961225,1.5140226726475714,-20.000000000000007
-0.14956706770296652,1.4816796669296806,-20.000000000000007
-0.1675013959742941,1.5659485007450449,-20.000000000000007
-0.17342151256458302,1.5556575549672629,-20.000000000000007
-0.17212649503344188,1.5957115315232313,-20.000000000000007
-0.18206498278704603,1.5720811476233032,-20.000000000000007
-0.18160650863614658,1.5652904978856894,-20.000000000000007
-0.1751010624546262,1.566404525262054,-20.000000000000007
-0.1861563967243771,1.6073672656103333,-20.000000000000007
-0.17288411621543603,1.5613034517219715,-20.000000000000007
-0.182064982787046,1.5720811476233032,-20.000000000000007
-0.18160650863614658,1.5652904978856896,-20.000000000000007
-0.17534244702802876,1.5643073691170037,-20.000000000000007
-0.18615639672437706,1.6073672656103335,-20.000000000000007
-0.1721264950334419,1.5957115315232313,-20.000000000000007
-0.18160650863614658,1.5652904978856892,-20.000000000000007
-0.17510106245462626,1.5664045252620538,-20.000000000000007
-0.18106147615797719,1.566595938527179,-20.000000000000007
-0.18106147615797719,1.566595938527179,-20.000000000000007
-0.1495670437880744,1.4816374407249464,-20.000000000000007
-0.17567110575081096,1.5688656828814729,-20.000000000000007
-0.18915002827871114,1.5728811212556728,-20.000000000000007
-0.23219404399320692,1.909054580642701,-20.000000000000007
-0.26367602313795624,1.759322219252946,-20.000000000000007
-0.25851169174180455,1.7745675413819437,-20.000000000000007
-0.2612860966500917,1.7638263203536773,-20.000000000000007
-0.26970401866921,1.726937329561158,-20.000000000000007
-0.27069401848565794,1.7109365611232925,-20.000000000000007
-0.2794789793475652,1.5246128245851762,-20.000000000000007
-0.28011681502668095,1.508126153081086,-20.000000000000007
-0.26168574815974033,1.7653057969962165,-20.000000000000007
-0.2506296023433252,1.698997203762813,-20.000000000000007
-0.24912237621217415,1.7426063882047866,-20.000000000000007
-0.2382621803134116,1.8915699774047923,-20.000000000000007
-0.22747948179221972,1.9178329122632696,-20.000000000000007
-0.23195297720193025,1.9083333632408706,-20.000000000000007
-0.21939372147519293,1.9217736305607285,-20.000000000000007
-0.19605052332794437,1.6994507469824103,-20.000000000000007
-0.1861563967243771,1.6073672656103335,-20.000000000000007
-0.1811118557375559,1.567072007968258,-20.000000000000007
-0.18180598184127092,1.5688930394679037,-20.000000000000007
-0.19301630833170438,1.6718828761553,-20.000000000000007
-0.18160650863614658,1.5652904978856894,-20.000000000000007
-0.18160650863614655,1.5652904978856894,-20.000000000000007
-0.1751010624546262,1.566404525262054,-20.000000000000007
-0.17033409817603948,1.5849866947369589,-20.000000000000007
-0.1811118557375559,1.567072007968258,-20.000000000000007
-0.17294305316727163,1.5588135890686423,-20.000000000000007
-0.18106147615797719,1.566595938527179,-20.000000000000007
-0.1811118557375559,1.567072007968258,-20.000000000000007
-0.15890037786961222,1.5140226726475714,-20.000000000000007
-0.1810614761579772,1.5665959385271793,-20.000000000000007
-0.1675013959742941,1.5659485007450447,-20.000000000000007
-0.18111185573755592,1.567072007968258,-20.000000000000007
-0.1811118557375559,1.5670720079682579,-20.000000000000007
-0.1675013959742941,1.565948500745045,-20.000000000000007
-0.1815757191223852,1.568082602332912,-20.000000000000007
-0.15705109047328716,1.5036218935682937,-20.000000000000007
-0.1751010624546262,1.5664045252620538,-20.000000000000007
-0.17510106245462623,1.566404525262054,-20.000000000000007
-0.1717720168053693,1.5990902493924235,-20.000000000000007
-0.18111185573755592,1.567072007968258,-20.000000000000007
-0.1669603097132642,1.5639589047489204,-20.000000000000007
-0.1675013959742941,1.5659485007450449,-20.000000000000007
-0.15098649128259778,1.3992341320455806,-20.000000000000007
-0.16491224342351885,1.4962079272044329,-20.000000000000007
-0.18837473412143407,1.573377960684116,-20.000000000000007
-0.2106765637514194,1.8287123508592722,-20.000000000000007
-0.22772843991301128,1.9230621957348464,-20.000000000000007
-0.22733561155602627,1.9262788439550507,-20.000000000000007
-0.23205591066668435,1.914540565171374,-20.000000000000007
-0.24329569218090885,1.8364921595962784,-20.000000000000007
-0.2503386824900126,1.7125323496131357,-20.000000000000007
-0.2566903735916132,1.768523589783123,-20.000000000000007
-0.254989775282238,1.7623719411965524,-20.000000000000007
-0.2504317888837009,1.6939228483450317,-20.000000000000007
-0.2477049896874544,1.7812067663578974,-20.000000000000007
-0.2509248973221681,1.7039984111889388,-20.000000000000007
-0.25092489732216816,1.7039984111889388,-20.000000000000007
-0.2497952321639162,1.7211290838184312,-20.000000000000007
-0.24272730694058495,1.833198474156883,-20.000000000000007
-0.18160650863614658,1.5652904978856894,-20.000000000000007
-0.21173096932913646,1.8478864443445637,-20.000000000000007
-0.1815757191223852,1.568082602332912,-20.000000000000007
-0.2002751479582084,1.7399956220515302,-20.000000000000007
-0.2027907570819007,1.764371281991521,-20.000000000000007
-0.1606803749854378,1.5278630466591987,-20.000000000000007
-0.1489623238983579,1.4412504362146568,-20.000000000000007
-0.12756711120681588,1.520806514362063,-20.000000000000007
-0.1247755384603551,1.5292050934076342,-20.000000000000007
-0.12477553846035512,1.5292050934076344,-20.000000000000007
-0.12477553846035513,1.5292050934076342,-20.000000000000007
-0.1247755384603551,1.5292050934076342,-20.000000000000007
-0.1261283229332307,1.5235850837677125,-20.000000000000007
-0.12612832293323067,1.5235850837677125,-20.000000000000007
-0.1261283229332307,1.5235850837677125,-20.000000000000007
-0.12612832293323067,1.523585083767713,-20.000000000000007
-0.12475725006651753,1.529863526666752,-20.000000000000007
-0.1260286681481934,1.532414691374538,-20.000000000000007
-0.11240583658738618,1.5333027470460343,-20.000000000000007
-0.11240579018729664,1.5333266041320022,-20.000000000000007
-0.11288322514341531,1.5463510788087147,-20.000000000000007
-0.1128832251434153,1.5463510788087147,-20.000000000000007
-0.1128832251434153,1.5463510788087147,-20.000000000000007
-0.11161013015990387,1.5393901157399106,-20.000000000000007
-0.11095734796566889,1.5311353815265418,-20.000000000000007
-0.11023310443464365,1.5300533484745644,-20.000000000000007
-0.11095734796566889,1.5311353815265414,-20.000000000000007
-0.1109573479656689,1.5311353815265414,-20.000000000000007
-0.1355116257520978,1.4996887919569402,-20.000000000000007
-0.18840552363519536,1.5705858562368933,-20.000000000000007
-0.23716830132170108,1.9042189145419641,-20.000000000000007
-0.27625728816879325,1.609383143088623,-20.000000000000007
-0.2794495728684057,1.5236488267060797,-20.000000000000007
-0.28011681502668095,1.5081261530810859,-20.000000000000007
-0.2797305031853531,1.5142987704774487,-20.000000000000007
-0.2833357978439236,1.5459019726234418,-20.000000000000007
-0.28035323293839765,1.5049414149407445,-20.000000000000007
-0.27069466483760557,1.7110862402984544,-20.000000000000007
-0.2563480765567966,1.7647460608830385,-20.000000000000007
-0.2504593250623322,1.6962353189198898,-20.000000000000007
-0.25250653515994903,1.7375387258873367,-20.000000000000007
-0.2534892485051921,1.755744843565107,-20.000000000000007
-0.23940249195271399,1.881089906403145,-20.000000000000007
-0.22094130554641433,1.926972936760606,-20.000000000000007
-0.18615639776415502,1.6073691015322786,-20.000000000000007
-0.18160651071570239,1.5652941697295795,-20.000000000000007
-0.2086591739645731,1.8219049272644188,-20.000000000000007
-0.18206498278704597,1.5720811476233034,-20.000000000000007
-0.2212524399171696,1.929978651341489,-20.000000000000007
-0.19939141523199572,1.7296016868114206,-20.000000000000007
-0.19605052332794443,1.69945074698241,-20.000000000000007
-0.21173096932913646,1.8478864443445637,-20.000000000000007
-0.17510106557395996,1.566410033027889,-20.000000000000007
-0.1816065107157024,1.5652941697295795,-20.000000000000007
-0.17288411621543603,1.5613034517219717,-20.000000000000007
-0.17230075206441223,1.5935067427276297,-20.000000000000007
-0.1810614761579772,1.5665959385271793,-20.000000000000007
-0.17177201680536933,1.5990902493924235,-20.000000000000007
-0.17510106245462623,1.5664045252620538,-20.000000000000007
-0.1728841162154361,1.5613034517219715,-20.000000000000007
-0.17033409817603948,1.5849866947369584,-20.000000000000007
-0.17294305316727163,1.5588135890686423,-20.000000000000007
-0.17177201680536933,1.599090249392424,-20.000000000000007
-0.18111185573755592,1.5670720079682579,-20.000000000000007
-0.1751010624546262,1.566404525262054,-20.000000000000007
-0.1753424470280288,1.5643073691170037,-20.000000000000007
-0.18106147615797724,1.566595938527179,-20.000000000000007
-0.17510106245462623,1.5664045252620538,-20.000000000000007
-0.18160650863614658,1.5652904978856892,-20.000000000000007
-0.17288411621543603,1.5613034517219715,-20.000000000000007
-0.17510106245462623,1.5664045252620538,-20.000000000000007
-0.1710269631591134,1.5937445345710641,-20.000000000000007
-0.1495116141371251,1.4836989924470356,-20.000000000000007
-0.179509115801908,1.5810607140359072,-20.000000000000007
-0.17933485877093766,1.5832655028315092,-20.000000000000007
-0.18888897604606417,1.574862788567904,-20.000000000000007
-0.21993701921388006,1.9314013556027736,-20.000000000000007
-0.22090647214137546,1.9372251416090736,-20.000000000000007
-0.22611557156566003,1.930160132640451,-20.000000000000007
-0.23060168877451892,1.9140944014911363,-20.000000000000007
-0.24393816296252713,1.8302957873177057,-20.000000000000007
-0.2503836637376047,1.7099445186385256,-20.000000000000007
-0.2557562682393366,1.7641697304506103,-20.000000000000007
-0.2546691796472853,1.7581784793614412,-20.000000000000007
-0.25362203347405415,1.7571569920026064,-20.000000000000007
-0.25594075278584305,1.7612792534112311,-20.000000000000007
-0.2534892485051921,1.7557448435651073,-20.000000000000007
-0.2462422007401002,1.8025016336930073,-20.000000000000007
-0.24624220074010025,1.8025016336930078,-20.000000000000007
-0.182064982787046,1.5720811476233036,-20.000000000000007
-0.18206498486660183,1.5720848194671933,-20.000000000000007
-0.1861563967243771,1.6073672656103335,-20.000000000000007
-0.1751010624546262,1.5664045252620538,-20.000000000000007
-0.21173096932913646,1.8478864443445637,-20.000000000000007
-0.17510106245462626,1.5664045252620538,-20.000000000000007
-0.17510106245462623,1.5664045252620538,-20.000000000000007
-0.1674644379780402,1.5608918025908822,-20.000000000000007
-0.14770124783776123,1.4788191030881719,-20.000000000000007
-0.17033410233515117,1.5849940384247385,-20.000000000000007
-0.1682457767542655,1.5713804974097523,-20.000000000000007
-0.18157571912238524,1.5680826023329124,-20.000000000000007
-0.17510106245462623,1.566404525262054,-20.000000000000007
-0.17510106245462623,1.5664045252620538,-20.000000000000007
-0.1816065086361466,1.5652904978856892,-20.000000000000007
-0.17510106245462626,1.566404525262054,-20.000000000000007
-0.20120876532971135,1.7505922392484128,-20.000000000000007
-0.1818059818412709,1.568893039467904,-20.000000000000007
-0.17510106245462626,1.5664045252620538,-20.000000000000007
-0.1960505233279444,1.69945074698241,-20.000000000000007
-0.1723007520644122,1.5935067427276293,-20.000000000000007
-0.19301630833170438,1.6718828761553,-20.000000000000007
-0.1818059818412709,1.5688930394679037,-20.000000000000007
-0.17388734112967547,1.5567068834857587,-20.000000000000007
-0.18160650863614655,1.5652904978856894,-20.000000000000007
-0.1717720168053693,1.5990902493924237,-20.000000000000007
-0.18160650863614655,1.5652904978856892,-20.000000000000007
-0.1723007520644122,1.5935067427276293,-20.000000000000007
-0.1669603097132642,1.5639589047489204,-20.000000000000007
-0.18168976794304426,1.5692099066412135,-20.000000000000007
-0.20059793323548197,1.743229269371876,-20.000000000000007
-0.24823843475054458,1.7672645488949912,-20.000000000000007
-0.26416885369577514,1.759689405247236,-20.000000000000007
-0.263663293916752,1.75949699433331,-20.000000000000007
-0.25594075278584305,1.7612792534112316,-20.000000000000007
-0.2642040462141121,1.7596477201271186,-20.000000000000007
-0.27559052746018664,1.6162925205750533,-20.000000000000007
-0.26894542373519664,1.7353491755139356,-20.000000000000007
-0.26066284440864385,1.764647313400243,-20.000000000000007
-0.24822239897057805,1.7683570877307098,-20.000000000000007
-0.2346607776410636,1.9230003114935412,-20.000000000000007
-0.2482266945530976,1.767300839790424,-20.000000000000007
-0.24822669455309765,1.767300839790424,-20.000000000000007
-0.23649003800490168,1.911450105749852,-20.000000000000007
-0.2310489406673463,1.9062717349328506,-20.000000000000007
-0.18111185573755592,1.5670720079682579,-20.000000000000007
-0.20027514795820842,1.7399956220515302,-20.000000000000007
-0.18206498278704597,1.5720811476233034,-20.000000000000007
-0.19605052332794437,1.6994507469824103,-20.000000000000007
-0.2206284611958884,1.9240573197414907,-20.000000000000007
-0.1751010624546262,1.5664045252620538,-20.000000000000007
-0.1861563967243771,1.6073672656103333,-20.000000000000007
-0.17212649503344188,1.5957115315232313,-20.000000000000007
-0.1682457819531551,1.5713896770194773,-20.000000000000007
-0.16696031699170963,1.563971756202535,-20.000000000000007
-0.1495116484497964,1.4837595778712198,-20.000000000000007
-0.167722513456483,1.5692851036691704,-20.000000000000007
-0.1495116141371251,1.4836989924470356,-20.000000000000007
-0.16824577675426552,1.5713804974097525,-20.000000000000007
-0.1682457767542655,1.5713804974097525,-20.000000000000007
-0.16930421010670238,1.5776091538352786,-20.000000000000007
-0.17534244702802876,1.564307369117004,-20.000000000000007
-0.17011298693251803,1.581661107344503,-20.000000000000007
-0.1751010624546262,1.566404525262054,-20.000000000000007
-0.17510106245462626,1.5664045252620538,-20.000000000000007
-0.17510106245462623,1.566404525262054,-20.000000000000007
-0.18160650863614658,1.5652904978856892,-20.000000000000007
-0.1723007520644122,1.5935067427276293,-20.000000000000007
-0.1751010624546262,1.5664045252620538,-20.000000000000007
-0.17230075206441223,1.5935067427276295,-20.000000000000007
-0.17230075206441223,1.5935067427276295,-20.000000000000007
-0.17230075206441223,1.5935067427276293,-20.000000000000007
-0.13634545199768405,1.4817557980269471,-20.000000000000007
-0.16226514651890211,1.4799780943445653,-20.000000000000007
-0.1754824483155792,1.566996165209496,-20.000000000000007
-0.18837473412143407,1.573377960684116,-20.000000000000007
-0.22012456876574124,1.9315839867608926,-20.000000000000007
-0.22036530731212672,1.9351127532832417,-20.000000000000007
-0.2216540489387192,1.9345421167973809,-20.000000000000007
-0.24431076490960957,1.8291243725315853,-20.000000000000007
-0.24950546769882775,1.7506184474221236,-20.000000000000007
-0.2503836637376047,1.7099445186385251,-20.000000000000007
-0.2547128787837196,1.7675989419475426,-20.000000000000007
-0.24966256585970892,1.7246644416135952,-20.000000000000007
-0.2491223762121741,1.7426063882047869,-20.000000000000007
-0.255940752785843,1.7612792534112316,-20.000000000000007
-0.2616857481597404,1.7653057969962167,-20.000000000000007
-0.2487776347244608,1.755544839624359,-20.000000000000007
-0.2447242970645333,1.8147491635665434,-20.000000000000007
-0.21292148040649345,1.8588792903921931,-20.000000000000007
-0.19939141523199574,1.7296016868114208,-20.000000000000007
-0.21173096932913643,1.8478864443445637,-20.000000000000007
-0.1751010624546262,1.5664045252620538,-20.000000000000007
-0.21173096932913643,1.8478864443445637,-20.000000000000007
-0.17534244702802876,1.564307369117004,-20.000000000000007
-0.15705109047328716,1.5036218935682937,-20.000000000000007
-0.14969871320520373,1.437675006587023,-20.000000000000007
-0.1247755384603551,1.5292050934076342,-20.000000000000007
-0.11095734796566889,1.5311353815265412,-20.000000000000007
-0.11095734796566889,1.5311353815265412,-20.000000000000007
-0.1109573479656689,1.5311353815265414,-20.000000000000007
-0.11095734796566889,1.5311353815265416,-20.000000000000007
-0.11095734796566889,1.5311353815265414,-20.000000000000007
-0.11095734796566889,1.5311353815265416,-20.000000000000007
-0.11095734796566889,1.5311353815265414,-20.000000000000007
-0.1109573479656689,1.5311353815265414,-20.000000000000007
-0.11240583658738619,1.5333027470460343,-20.000000000000007
-0.11240583658738619,1.5333027470460345,-20.000000000000007
-0.11240579018729664,1.5333266041320024,-20.000000000000007
-0.11240579018729664,1.5333266041320024,-20.000000000000007
-0.1128832251434153,1.546351078808715,-20.000000000000007
-0.11288322514341528,1.5463510788087147,-20.000000000000007
-0.11288322514341528,1.546351078808715,-20.000000000000007
-0.11240579018729664,1.533326604132002,-20.000000000000007
-0.11095734796566892,1.5311353815265416,-20.000000000000007
-0.1124058365873862,1.5333027470460343,-20.000000000000007
-0.11240583658738619,1.5333027470460343,-20.000000000000007
-0.12612832293323067,1.5235850837677125,-20.000000000000007
-0.16015086704143033,1.4658572207674505,-20.000000000000007
-0.20293876816866246,1.7646585405005466,-20.000000000000007
-0.2497071402941909,1.7323353428829198,-20.000000000000007
-0.27973050318535303,1.5142987704774484,-20.000000000000007
-0.2787228599947999,1.5410216059235349,-20.000000000000007
-0.27965054770780057,1.5205278537775686,-20.000000000000007
-0.28015056852487374,1.5049249248193288,-20.000000000000007
-0.28317275143850984,1.5429047687795259,-20.000000000000007
-0.28513593305351487,1.5629778901250289,-20.000000000000007
-0.28011681502668095,1.5081261530810859,-20.000000000000007
-0.2636632939167519,1.7594969943333099,-20.000000000000007
-0.2491223762121741,1.7426063882047864,-20.000000000000007
-0.2487172826348802,1.7574774701356635,-20.000000000000007
-0.24857298907910222,1.7619215994611603,-20.000000000000007
-0.24857298907910225,1.7619215994611608,-20.000000000000007
-0.2504660493711075,1.6944530197012417,-20.000000000000007
-0.22094130554641433,1.9269729367606057,-20.000000000000007
-0.20955273239714303,1.8308587044099591,-20.000000000000007
-0.19301630833170436,1.6718828761553,-20.000000000000007
-0.18157571912238524,1.568082602332912,-20.000000000000007
-0.182064982787046,1.5720811476233032,-20.000000000000007
-0.173421512564583,1.5556575549672633,-20.000000000000007
-0.17177201680536935,1.5990902493924235,-20.000000000000007
-0.13827986614204568,1.4248178723696432,-20.000000000000007
-0.13686533510743057,1.4170695599143688,-20.000000000000007
-0.1591797512491012,1.515004637837892,-20.000000000000007
-0.15051641496476997,1.4437806381826714,-20.000000000000007
-0.17288411621543606,1.5613034517219715,-20.000000000000007
-0.17177201680536935,1.5990902493924237,-20.000000000000007
-0.17033409817603948,1.5849866947369589,-20.000000000000007
-0.17534244702802876,1.564307369117004,-20.000000000000007
-0.17230075206441223,1.5935067427276293,-20.000000000000007
-0.18111185573755592,1.567072007968258,-20.000000000000007
-0.18106147615797724,1.5665959385271793,-20.000000000000007
-0.17510106245462623,1.5664045252620538,-20.000000000000007
-0.18160650863614658,1.5652904978856892,-20.000000000000007
-0.17230075206441223,1.5935067427276293,-20.000000000000007
-0.1815757191223852,1.5680826023329122,-20.000000000000007
-0.18106147615797719,1.5665959385271793,-20.000000000000007
-0.18106147615797719,1.566595938527179,-20.000000000000007
-0.18160650863614658,1.5652904978856892,-20.000000000000007
-0.17230075206441223,1.5935067427276293,-20.000000000000007
-0.17534244702802876,1.564307369117004,-20.000000000000007
-0.15890037786961222,1.5140226726475714,-20.000000000000007
-0.15730223284255174,1.4728691892634815,-20.000000000000007
-0.17917386072802036,1.5901780441278879,-20.000000000000007
-0.180374903390968,1.5624216849117096,-20.000000000000007
-0.20463104650007657,1.7506837249301754,-20.000000000000007
-0.2204499911797568,1.9343008877035888,-20.000000000000007
-0.2261117179537413,1.930142122305032,-20.000000000000007
-0.2270638623481137,1.9284685443398906,-20.000000000000007
-0.23893929149129284,1.8916483113675984,-20.000000000000007
-0.24811468701144807,1.7792643363255969,-20.000000000000007
-0.2474533007199361,1.7895322353368992,-20.000000000000007
-0.2474652164448926,1.7875600392629152,-20.000000000000007
-0.2319529772019303,1.9083333632408706,-20.000000000000007
-0.23104894066734633,1.9062717349328506,-20.000000000000007
-0.24904793493685987,1.7443056449977388,-20.000000000000007
-0.24771965835441842,1.7819566213461817,-20.000000000000007
-0.23476005108754983,1.9246267303173614,-20.000000000000007
-0.229598499407687,1.919191087025267,-20.000000000000007
-0.1811118557375559,1.567072007968258,-20.000000000000007
-0.219816355261127,1.9254145073810724,-20.000000000000007
-0.1960505233279444,1.69945074698241,-20.000000000000007
-0.19301630833170436,1.6718828761552997,-20.000000000000007
-0.2002751479582084,1.7399956220515302,-20.000000000000007
-0.1675013959742941,1.565948500745045,-20.000000000000007
-0.1682457767542655,1.5713804974097525,-20.000000000000007
-0.13686489255195466,1.4170874067772863,-20.000000000000007
-0.1484375921742122,1.4752528156133882,-20.000000000000007
-0.13827985886360028,1.4248050209160283,-20.000000000000007
-0.14956704378807442,1.4816374407249462,-20.000000000000007
-0.16930421010670235,1.5776091538352786,-20.000000000000007
-0.1606803749854378,1.5278630466591991,-20.000000000000007
-0.17510106245462623,1.566404525262054,-20.000000000000007
-0.17230075206441223,1.5935067427276295,-20.000000000000007
-0.1703340981760395,1.5849866947369589,-20.000000000000007
-0.18111185573755592,1.567072007968258,-20.000000000000007
-0.1723007520644122,1.5935067427276293,-20.000000000000007
-0.18615639672437706,1.6073672656103333,-20.000000000000007
-0.1811118557375559,1.5670720079682579,-20.000000000000007
-0.16930421010670238,1.5776091538352786,-20.000000000000007
-0.1811118557375559,1.567072007968258,-20.000000000000007
-0.1669603097132642,1.5639589047489204,-20.000000000000007
-0.18160650863614658,1.5652904978856894,-20.000000000000007
-0.18111185573755592,1.5670720079682579,-20.000000000000007
-0.17230075206441225,1.5935067427276293,-20.000000000000007
-0.17510106245462623,1.566404525262054,-20.000000000000007
-0.13827985886360028,1.4248050209160281,-20.000000000000007
-0.17387595621134555,1.5599660941195896,-20.000000000000007
-0.193177694926632,1.6114980156831247,-20.000000000000007
-0.22171933042044592,1.9208641799238846,-20.000000000000007
-0.2566533054438862,1.7624957319651662,-20.000000000000007
-0.25634807655679664,1.7647460608830388,-20.000000000000007
-0.2566382211256999,1.7634746737325246,-20.000000000000007
-0.27634946672315597,1.605988911425451,-20.000000000000007
-0.27554410397563767,1.615380358562156,-20.000000000000007
-0.26611915304726375,1.7612193048709655,-20.000000000000007
-0.2706946648376055,1.7110862402984544,-20.000000000000007
-0.2549090030591316,1.761889678854912,-20.000000000000007
-0.25046604937110756,1.6944530197012417,-20.000000000000007
-0.25490900305913167,1.7618896788549119,-20.000000000000007
-0.25046604937110756,1.6944530197012417,-20.000000000000007
-0.2395630150120816,1.879051372666149,-20.000000000000007
-0.23423413310677307,1.9207455927972044,-20.000000000000007
-0.21173096932913646,1.8478864443445635,-20.000000000000007
-0.20027514795820844,1.73999562205153,-20.000000000000007
-0.21939372147519295,1.9217736305607285,-20.000000000000007
-0.18160650863614655,1.5652904978856892,-20.000000000000007
-0.21173096932913643,1.8478864443445633,-20.000000000000007
-0.19605052332794443,1.69945074698241,-20.000000000000007
-0.18106147615797724,1.5665959385271793,-20.000000000000007
-0.18157572120194107,1.5680862741768018,-20.000000000000007
-0.17388559742210866,1.5566779608926236,-20.000000000000007
-0.17230075206441223,1.5935067427276295,-20.000000000000007
-0.17510106245462623,1.5664045252620542,-20.000000000000007
-0.17342151256458302,1.5556575549672629,-20.000000000000007
-0.17510106245462623,1.5664045252620542,-20.000000000000007
-0.17510106245462623,1.5664045252620538,-20.000000000000007
-0.17177201680536935,1.5990902493924235,-20.000000000000007
-0.18160650863614655,1.5652904978856896,-20.000000000000007
-0.17388734112967547,1.5567068834857587,-20.000000000000007
-0.18106147615797724,1.566595938527179,-20.000000000000007
-0.17534244702802873,1.564307369117004,-20.000000000000007
-0.15838886926118145,1.5107902972222176,-20.000000000000007
-0.1810614761579772,1.5665959385271793,-20.000000000000007
-0.15890037786961222,1.5140226726475714,-20.000000000000007
-0.17510106245462623,1.5664045252620538,-20.000000000000007
-0.17530329107123058,1.5663619149905819,-20.000000000000007
-0.15838886926118145,1.5107902972222178,-20.000000000000007
-0.18160650863614658,1.5652904978856892,-20.000000000000007
-0.16772250721781554,1.5692740881375005,-20.000000000000007
-0.15890037786961228,1.5140226726475714,-20.000000000000007
-0.1509864912825978,1.3992341320455806,-20.000000000000007
-0.13766089245675403,1.4109848407592605,-20.000000000000007
-0.17917386072802038,1.5901780441278879,-20.000000000000007
-0.18888897604606417,1.5748627885679038,-20.000000000000007
-0.22044999117975683,1.934300887703589,-20.000000000000007
-0.22044999117975678,1.934300887703589,-20.000000000000007
-0.23090645405062976,1.9115449702339888,-20.000000000000007
-0.23887564408554884,1.8919037958789229,-20.000000000000007
-0.2502845554208488,1.7235141714337494,-20.000000000000007
-0.2596277946217823,1.7759789734525393,-20.000000000000007
-0.25575626823933667,1.7641697304506105,-20.000000000000007
-0.25483399464994977,1.756697762896359,-20.000000000000007
-0.24969682634711554,1.7251946129698057,-20.000000000000007
-0.25306093785676187,1.7448217373348838,-20.000000000000007
-0.25340895211045505,1.7543464626275465,-20.000000000000007
-0.2506615796083984,1.6995027953829276,-20.000000000000007
-0.253408952110455,1.7543464626275465,-20.000000000000007
-0.2117309693291365,1.8478864443445633,-20.000000000000007
-0.22062846119588841,1.9240573197414905,-20.000000000000007
-0.20027514795820842,1.7399956220515298,-20.000000000000007
-0.18160650863614655,1.5652904978856894,-20.000000000000007
-0.19605052332794443,1.6994507469824103,-20.000000000000007
-0.1675013959742941,1.5659485007450447,-20.000000000000007
-0.14896232389835787,1.4412504362146568,-20.000000000000007
-0.13496593015556185,1.490400499773179,-20.000000000000007
-0.13162334867738157,1.512553191202664,-20.000000000000007
-0.13477851668463559,1.493063189381522,-20.000000000000007
-0.13496593015556185,1.4904004997731792,-20.000000000000007
-0.1352364542451437,1.4956132648969092,-20.000000000000007
-0.13541503259313706,1.4948226663941324,-20.000000000000007
-0.13766089245675406,1.4109848407592605,-20.000000000000007
-0.13774689261824094,1.4138227263361494,-20.000000000000007
-0.14969871320520375,1.4376750065870232,-20.000000000000007
-0.1509864912825978,1.3992341320455806,-20.000000000000007
-0.14975414285615307,1.4356134548649337,-20.000000000000007
-0.16491224342351887,1.4962079272044324,-20.000000000000007
-0.1627002308005726,1.4821412217524914,-20.000000000000007
-0.15938704384410576,1.4882349941672608,-20.000000000000007
-0.16768033915436406,1.563602720968417,-20.000000000000007
-0.1484929628177647,1.4731936434730215,-20.000000000000007
-0.14972524014939437,1.4368650979952844,-20.000000000000007
-0.14975398727938222,1.4357266337540455,-20.000000000000007
-0.13686533510743057,1.417069559914369,-20.000000000000007
-0.13695133526891745,1.419907445491258,-20.000000000000007
-0.13375741421880807,1.5007569351972334,-20.000000000000007
-0.13085358821817872,1.5083537854297928,-20.000000000000007
-0.13199785159844077,1.5085766974431185,-20.000000000000007
-0.13404766315541977,1.4964383258645488,-20.000000000000007
-0.1354826705365543,1.5103983068488274,-20.000000000000007
-0.13634545199768405,1.4817557980269473,-20.000000000000007
-0.13634545199768405,1.4817557980269471,-20.000000000000007
-0.1350259241716223,1.5052987353294094,-20.000000000000007
-0.13502592417162232,1.5052987353294092,-20.000000000000007
-0.13512381770284052,1.5053349727150214,-20.000000000000007
-0.13502592417162232,1.5052987353294092,-20.000000000000007
-0.1354826705365543,1.5103983068488271,-20.000000000000007
-0.1350259241716223,1.5052987353294092,-20.000000000000007
-0.13361521873990828,1.4978955510501746,-20.000000000000007
-0.12962137119366823,1.5155557931172825,-20.000000000000007
-0.1283639368252536,1.5289774554069528,-20.000000000000007
-0.1295965071143114,1.5217595205213597,-20.000000000000007
-0.12704279812325397,1.5194649562722071,-20.000000000000007
-0.12704284452334355,1.5194410991862395,-20.000000000000007
-0.12704284296367666,1.5194377997707007,-20.000000000000007
-0.12569005849080103,1.5250578094106222,-20.000000000000007
-0.12569005849080103,1.5250578094106222,-20.000000000000007
-0.1257977532286093,1.5302327944606122,-20.000000000000007
-0.1260286681481934,1.5324146913745378,-20.000000000000007
-0.11240583658738618,1.533302747046034,-20.000000000000007
-0.11240583658738618,1.5333027470460343,-20.000000000000007
-0.11240583658738618,1.5333027470460343,-20.000000000000007
-0.1124058365873862,1.5333027470460348,-20.000000000000007
-0.11240583658738618,1.5333027470460348,-20.000000000000007
-0.11240583658738618,1.5333027470460345,-20.000000000000007
-0.11240583658738619,1.5333027470460345,-20.000000000000007
-0.11240583658738618,1.5333027470460343,-20.000000000000007
-0.11240583658738618,1.5333027470460345,-20.000000000000007
-0.11240583658738618,1.5333027470460345,-20.000000000000007
-0.11240583658738618,1.5333027470460345,-20.000000000000007
-0.13491732781638782,1.490151588675767,-20.000000000000007
-0.1514812590766483,1.4023480959233523,-20.000000000000007
-0.17506914439190818,1.5677190487190198,-20.000000000000007
-0.2002751479582084,1.7399956220515298,-20.000000000000007
-0.18111185573755592,1.5670720079682579,-20.000000000000007
-0.1811118557375559,1.5670720079682576,-20.000000000000007
-0.1811118557375559,1.567072007968258,-20.000000000000007
-0.1810614761579772,1.5665959385271793,-20.000000000000007
-0.17534244702802876,1.564307369117004,-20.000000000000007
-0.17177201680536935,1.599090249392424,-20.000000000000007
-0.17011180561483208,1.5816649670590741,-20.000000000000007
-0.1377468926182409,1.4138227263361496,-20.000000000000007
-0.13634314369070832,1.4690918166037121,-20.000000000000007
-0.13559501490126286,1.4971204706629226,-20.000000000000007
-0.13496593015556185,1.4904004997731792,-20.000000000000007
-0.13496593015556188,1.490400499773179,-20.000000000000007
-0.1316233486773816,1.512553191202664,-20.000000000000007
-0.1296237382480963,1.5255562980702626,-20.000000000000007
-0.12684286767579067,1.5197244813100856,-20.000000000000007
-0.12684286767579064,1.5197244813100859,-20.000000000000007
-0.12756711120681585,1.5208065143620628,-20.000000000000007
-0.13034416345466585,1.5263060543998155,-20.000000000000007
-0.13011223033255653,1.5286861249343533,-20.000000000000007
-0.13085358821817872,1.508353785429793,-20.000000000000007
-0.12962137119366823,1.5155557931172827,-20.000000000000007
-0.13103590222828337,1.5233041055725567,-20.000000000000007
-0.13103589494983794,1.5232912541189418,-20.000000000000007
-0.13103589494983797,1.5232912541189418,-20.000000000000007
-0.13103590222828337,1.5233041055725567,-20.000000000000007
-0.13103589494983797,1.523291254118942,-20.000000000000007
-0.13103590222828337,1.5233041055725567,-20.000000000000007
-0.12977878434227225,1.53669817900137,-20.000000000000007
-0.12977879162071768,1.5367110304549847,-20.000000000000007
-0.13085363461826827,1.5083299283438254,-20.000000000000007
-0.13136931143642383,1.5152803898427867,-20.000000000000007
-0.13494345808530306,1.4915268822995722,-20.000000000000007
-0.13491732781638782,1.4901515886757666,-20.000000000000007
-0.1354117843269244,1.4985215265898588,-20.000000000000007
-0.13406813950193916,1.5026499943935527,-20.000000000000007
-0.14911574455970505,1.4865068301192617,-20.000000000000007
-0.1495116141371251,1.4836989924470358,-20.000000000000007
-0.1495670437880744,1.4816374407249464,-20.000000000000007
-0.15051641496476997,1.4437806381826714,-20.000000000000007
-0.1495670437880744,1.4816374407249464,-20.000000000000007
-0.14956706770296652,1.4816796669296806,-20.000000000000007
-0.13827985886360028,1.4248050209160283,-20.000000000000007
-0.1495116141371251,1.4836989924470356,-20.000000000000007
-0.13634545199768403,1.4817557980269473,-20.000000000000007
-0.13827985886360028,1.4248050209160283,-20.000000000000007
-0.13548266325810884,1.5103854553952125,-20.000000000000007
-0.13634545199768405,1.4817557980269471,-20.000000000000007
-0.13548266325810884,1.5103854553952123,-20.000000000000007
-0.13548266325810884,1.510385455395212,-20.000000000000007
-0.13548266325810887,1.5103854553952123,-20.000000000000007
-0.1351238177028405,1.5053349727150214,-20.000000000000007
-0.13548266325810887,1.510385455395212,-20.000000000000007
-0.1348194342851696,1.4901153512901542,-20.000000000000007
-0.13507723071321398,1.4963699242608688,-20.000000000000007
-0.13224807051494283,1.505517222080571,-20.000000000000007
-0.13136931143642386,1.5152803898427867,-20.000000000000007
-0.13148217478028523,1.501626235944157,-20.000000000000007
-0.12962101792912092,1.515571720315386,-20.000000000000007
-0.13483851797914145,1.507974276391367,-20.000000000000007
-0.1350259241716223,1.505298735329409,-20.000000000000007
-0.1350259241716223,1.5052987353294092,-20.000000000000007
-0.13502592417162232,1.5052987353294092,-20.000000000000007
-0.13512381770284052,1.5053349727150214,-20.000000000000007
-0.13512381770284052,1.5053349727150214,-20.000000000000007
-0.13517229201935854,1.5084781187085592,-20.000000000000007
-0.13517229201935854,1.5084781187085592,-20.000000000000007
-0.13517229201935854,1.5084781187085587,-20.000000000000007
-0.13517229201935854,1.508478118708559,-20.000000000000007
-0.13517229201935851,1.5084781187085587,-20.000000000000007
-0.13517229201935851,1.508478118708559,-20.000000000000007
-0.13517229201935851,1.5084781187085592,-20.000000000000007
-0.13517229201935851,1.508478118708559,-20.000000000000007
-0.13517229201935851,1.508478118708559,-20.000000000000007
-0.1351238177028405,1.5053349727150216,-20.000000000000007
-0.1351238177028405,1.5053349727150214,-20.000000000000007
-0.1350259241716223,1.5052987353294092,-20.000000000000007
-0.13502592417162232,1.5052987353294092,-20.000000000000007
-0.13502592417162232,1.5052987353294092,-20.000000000000007
-0.13440189313651463,1.509099001183518,-20.000000000000007
-0.1350259241716223,1.5052987353294094,-20.000000000000007
-0.13103589494983794,1.523291254118942,-20.000000000000007
-0.13166443511185488,1.5165875617192741,-20.000000000000007
-0.13103589494983797,1.5232912541189418,-20.000000000000007
-0.13103589494983794,1.5232912541189418,-20.000000000000007
-0.12977878434227225,1.53669817900137,-20.000000000000007
-0.13136931143642386,1.5152803898427865,-20.000000000000007
-0.13160506288298887,1.5132325960306732,-20.000000000000007
-0.13162334867738157,1.512553191202664,-20.000000000000007
-0.1316195303529259,1.512220914480239,-20.000000000000007
-0.13156467037030284,1.5142381573953756,-20.000000000000007
-0.13136931143642383,1.5152803898427867,-20.000000000000007
-0.13136931143642383,1.5152803898427867,-20.000000000000007
-0.13085363461826827,1.5083299283438252,-20.000000000000007
-0.12880055360960152,1.5278382294534176,-20.000000000000007
-0.12977879162071768,1.5367110304549847,-20.000000000000007
-0.12884376093108107,1.5347904776452894,-20.000000000000007
-0.13162334867738157,1.512553191202664,-20.000000000000007
-0.1316233486773816,1.5125531912026637,-20.000000000000007
-0.13496593015556185,1.4904004997731792,-20.000000000000007
-0.13496593015556185,1.4904004997731792,-20.000000000000007
-0.13477851668463556,1.4930631893815218,-20.000000000000007
-0.1316233486773816,1.512553191202664,-20.000000000000007
-0.12962373824809628,1.5255562980702628,-20.000000000000007
-0.1284933585024709,1.524711800730485,-20.000000000000007
-0.12540407940220547,1.5225030507157356,-20.000000000000007
-0.12684286767579067,1.5197244813100859,-20.000000000000007
-0.12756711120681588,1.520806514362063,-20.000000000000007
-0.13011223033255653,1.5286861249343535,-20.000000000000007
-0.13085358821817872,1.5083537854297928,-20.000000000000007
-0.13103590222828335,1.5233041055725567,-20.000000000000007
-0.13502592417162232,1.5052987353294096,-20.000000000000007
-0.1316644351118549,1.5165875617192741,-20.000000000000007
-0.1350259241716223,1.5052987353294092,-20.000000000000007
-0.13166443511185488,1.516587561719274,-20.000000000000007
-0.1350259241716223,1.5052987353294092,-20.000000000000007
-0.13103589494983797,1.5232912541189418,-20.000000000000007
-0.13103589494983794,1.5232912541189418,-20.000000000000007
-0.13103589494983797,1.5232912541189418,-20.000000000000007
-0.13011223033255653,1.5286861249343533,-20.000000000000007
-0.13015262544468725,1.5277015351385423,-20.000000000000007
-0.12684286767579067,1.5197244813100856,-20.000000000000007
-0.13015262544468728,1.5277015351385423,-20.000000000000007
-0.13015262544468728,1.5277015351385423,-20.000000000000007
-0.1303479817791215,1.5266383311222402,-20.000000000000007
-0.1303479817791215,1.52663833112224,-20.000000000000007
-0.1303479817791215,1.52663833112224,-20.000000000000007
-0.13034416345466585,1.5263060543998155,-20.000000000000007
-0.1302893034720428,1.528323297314952,-20.000000000000007
-0.13011223033255653,1.5286861249343533,-20.000000000000007
-0.13028930347204276,1.528323297314952,-20.000000000000007
-0.12993516239195985,1.5290908956915379,-20.000000000000007
-0.1298813154129724,1.526504228020428,-20.000000000000007
-0.1277573877062366,1.515577197313074,-20.000000000000007
-0.1295965071143114,1.5217595205213597,-20.000000000000007
-0.1301122303325565,1.5286861249343533,-20.000000000000007
-0.13085358821817875,1.5083537854297933,-20.000000000000007
-0.12836393682525363,1.5289774554069524,-20.000000000000007
-0.13103590222828335,1.523304105572557,-20.000000000000007
-0.13103589494983794,1.5232912541189418,-20.000000000000007
-0.12977878434227222,1.53669817900137,-20.000000000000007
-0.1336114004154526,1.49756327432775,-20.000000000000007
-0.16015086704143036,1.4658572207674505,-20.000000000000007
-0.19943351421520183,1.6818411216689304,-20.000000000000007
-0.24805554730291873,1.7757686184048749,-20.000000000000007
-0.2794258240158509,1.5230811353673015,-20.000000000000007
-0.2796505477078005,1.5205278537775686,-20.000000000000007
-0.2828105754745732,1.5373170997394179,-20.000000000000007
-0.28011681502668095,1.5081261530810863,-20.000000000000007
-0.2842583506786673,1.5552111529007746,-20.000000000000007
-0.29285866800552607,1.587539811864467,-20.000000000000007
-0.2809086611486742,1.5104329071683653,-20.000000000000007
-0.28059149327159716,1.5102676354655848,-20.000000000000007
-0.26265596142483755,1.7631938245671042,-20.000000000000007
-0.24898604638044852,1.7537781040714708,-20.000000000000007
-0.24336808301417073,1.8315248182011774,-20.000000000000007
-0.22174008971653097,1.925033029181248,-20.000000000000007
-0.19588687307150535,1.637884053897141,-20.000000000000007
-0.18886938598024677,1.5715946146796025,-20.000000000000007
-0.179509115801908,1.5810607140359076,-20.000000000000007
-0.179509115801908,1.5810607140359072,-20.000000000000007
-0.16226514651890211,1.4799780943445653,-20.000000000000007
-0.16175363895024922,1.4767475548411566,-20.000000000000007
-0.14975414285615307,1.4356134548649337,-20.000000000000007
-0.1377468926182409,1.4138227263361496,-20.000000000000007
-0.1377468926182409,1.4138227263361494,-20.000000000000007
-0.13559501490126288,1.4971204706629229,-20.000000000000007
-0.13774689261824094,1.4138227263361496,-20.000000000000007
-0.13559501490126286,1.4971204706629226,-20.000000000000007
-0.15098649128259778,1.3992341320455806,-20.000000000000007
-0.14975414285615307,1.4356134548649337,-20.000000000000007
-0.16491224342351887,1.4962079272044326,-20.000000000000007
-0.16270023080057266,1.4821412217524919,-20.000000000000007
-0.17548244831557924,1.5669961652094957,-20.000000000000007
-0.16226514651890211,1.479978094344565,-20.000000000000007
-0.17825534106184446,1.5837285229747722,-20.000000000000007
-0.17259283802865877,1.5472393109831908,-20.000000000000007
-0.16226514651890211,1.479978094344565,-20.000000000000007
-0.17825534106184446,1.5837285229747722,-20.000000000000007
-0.1494730626812134,1.4401096667703466,-20.000000000000007
-0.18037490339096798,1.5624216849117092,-20.000000000000007
-0.1742675836248365,1.5596310191219989,-20.000000000000007
-0.18226034594502277,1.575240624019803,-20.000000000000007
-0.18226034594502277,1.5752406240198031,-20.000000000000007
-0.18245135093884662,1.5726673984336743,-20.000000000000007
-0.17950911580190798,1.5810607140359074,-20.000000000000007
-0.16270023080057264,1.4821412217524919,-20.000000000000007
-0.1822603459450228,1.575240624019803,-20.000000000000007
-0.18837473412143407,1.5733779606841165,-20.000000000000007
-0.2261117179537413,1.9301421223050315,-20.000000000000007
-0.2434376236212038,1.8364278092211168,-20.000000000000007
-0.2548393750457674,1.7709442979161527,-20.000000000000007
-0.26151030539202796,1.7673468100940282,-20.000000000000007
-0.2803774808843525,1.5076961034151126,-20.000000000000007
-0.2809152426829442,1.5101868425258598,-20.000000000000007
-0.2797305031853531,1.5142987704774487,-20.000000000000007
-0.27937114303749494,1.525713678077813,-20.000000000000007
-0.2564605679201082,1.763036397065408,-20.000000000000007
-0.2533132144937617,1.7547025132532506,-20.000000000000007
-0.25107266068184125,1.7167328213685205,-20.000000000000007
-0.22695824138237483,1.9228620669991632,-20.000000000000007
-0.20441558865906206,1.7462347759751362,-20.000000000000007
-0.1804043718668858,1.5611767535850447,-20.000000000000007
-0.14975415741304388,1.4356391577721634,-20.000000000000007
-0.13766089245675406,1.4109848407592602,-20.000000000000007
-0.13766089245675406,1.4109848407592605,-20.000000000000007
-0.13774689261824094,1.4138227263361494,-20.000000000000007
-0.1362745899628907,1.469869201926487,-20.000000000000007
-0.1489623238983579,1.441250436214657,-20.000000000000007
-0.13523645424514372,1.4956132648969094,-20.000000000000007
-0.13559501490126286,1.4971204706629226,-20.000000000000007
-0.13541503259313706,1.4948226663941326,-20.000000000000007
-0.1352364542451437,1.4956132648969094,-20.000000000000007
-0.13559501490126288,1.4971204706629226,-20.000000000000007
-0.13559501490126286,1.4971204706629226,-20.000000000000007
-0.13559501490126286,1.4971204706629226,-20.000000000000007
-0.13766089245675406,1.4109848407592605,-20.000000000000007
-0.13766089245675403,1.4109848407592605,-20.000000000000007
-0.14975414285615304,1.4356134548649337,-20.000000000000007
-0.14975414285615307,1.435613454864934,-20.000000000000007
-0.14969871320520373,1.437675006587023,-20.000000000000007
-0.14975414285615307,1.435613454864934,-20.000000000000007
-0.1377468926182409,1.4138227263361496,-20.000000000000007
-0.16015086704143036,1.4658572207674505,-20.000000000000007
-0.14975415741304388,1.4356391577721637,-20.000000000000007
-0.15098649128259778,1.3992341320455806,-20.000000000000007
-0.1509864912825978,1.3992341320455803,-20.000000000000007
-0.14961452095757002,1.4408829749123404,-20.000000000000007
-0.17337853243457832,1.5519365666422187,-20.000000000000007
-0.14969871320520373,1.4376750065870232,-20.000000000000007
-0.13766089245675406,1.4109848407592605,-20.000000000000007
-0.17933485877093766,1.5832655028315092,-20.000000000000007
-0.18886938598024677,1.5715946146796027,-20.000000000000007
-0.24512457530032145,1.8178102846905109,-20.000000000000007
-0.27954586796852793,1.5214368818206043,-20.000000000000007
-0.28015056852487374,1.5049249248193288,-20.000000000000007
-0.2857609807639739,1.5635482586604632,-20.000000000000007
-0.2828105754745732,1.5373170997394179,-20.000000000000007
-0.2840058740793768,1.5508900858620294,-20.000000000000007
-0.2866332679073138,1.568736449800404,-20.000000000000007
-0.2833775869733104,1.5449714654708662,-20.000000000000007
-0.2819252686870596,1.5318721242677227,-20.000000000000007
-0.27930830545628293,1.5288868098711779,-20.000000000000007
-0.25468323828954265,1.758541097322677,-20.000000000000007
-0.23120387635010464,1.9069419640305973,-20.000000000000007
-0.20437906386028282,1.7469160927090361,-20.000000000000007
-0.18220996636544406,1.5747645545787243,-20.000000000000007
-0.17259283802865877,1.5472393109831906,-20.000000000000007
-0.14975414285615304,1.4356134548649337,-20.000000000000007
-0.14961452095757005,1.4408829749123404,-20.000000000000007
-0.16226514651890211,1.479978094344565,-20.000000000000007
-0.14975414285615304,1.4356134548649337,-20.000000000000007
-0.17259283802865874,1.5472393109831906,-20.000000000000007
-0.1509864912825978,1.3992341320455803,-20.000000000000007
-0.13766089245675406,1.4109848407592605,-20.000000000000007
-0.14975414285615307,1.4356134548649337,-20.000000000000007
-0.13559501490126288,1.4971204706629224,-20.000000000000007
-0.13634314369070832,1.4690918166037121,-20.000000000000007
-0.13634314369070832,1.469091816603712,-20.000000000000007
-0.13559501490126288,1.4971204706629226,-20.000000000000007
-0.1377468926182409,1.4138227263361496,-20.000000000000007
-0.13766033188648455,1.4110074467856226,-20.000000000000007
-0.13766089245675406,1.4109848407592602,-20.000000000000007
-0.13766089245675403,1.4109848407592602,-20.000000000000007
-0.13634314369070832,1.469091816603712,-20.000000000000007
-0.1377468926182409,1.4138227263361496,-20.000000000000007
-0.13766089245675403,1.4109848407592605,-20.000000000000007
-0.14975414285615304,1.435613454864934,-20.000000000000007
-0.1377468926182409,1.4138227263361496,-20.000000000000007
-0.14975414285615307,1.4356134548649337,-20.000000000000007
-0.1509867696831351,1.3990909895297732,-20.000000000000007
-0.14896232389835787,1.441250436214657,-20.000000000000007
-0.1627002308005726,1.4821412217524916,-20.000000000000007
-0.14969871320520375,1.437675006587023,-20.000000000000007
-0.14896232389835787,1.4412504362146568,-20.000000000000007
-0.16015086704143036,1.4658572207674505,-20.000000000000007
-0.176942965478157,1.572743141012019,-20.000000000000007
-0.18888897604606417,1.5748627885679038,-20.000000000000007
-0.22140461161028016,1.9284170608693034,-20.000000000000007
-0.24329674385128577,1.8368567969178127,-20.000000000000007
-0.24987554506512769,1.7371454736290528,-20.000000000000007
-0.2535281429578442,1.7667880653171641,-20.000000000000007
-0.2653606984182829,1.7659571933544054,-20.000000000000007
-0.279844568220049,1.5152836728709427,-20.000000000000007
-0.279425824015851,1.523081135367301,-20.000000000000007
-0.27872285999479984,1.5410216059235349,-20.000000000000007
-0.26211543904836926,1.765727986253483,-20.000000000000007
-0.255940752785843,1.7612792534112316,-20.000000000000007
-0.25362203347405415,1.7571569920026067,-20.000000000000007
-0.2447242970645333,1.8147491635665434,-20.000000000000007
-0.23476005108754988,1.9246267303173616,-20.000000000000007
-0.2002751479582084,1.73999562205153,-20.000000000000007
-0.18160650863614658,1.5652904978856894,-20.000000000000007
-0.18157571912238524,1.5680826023329122,-20.000000000000007
-0.1675013959742941,1.5659485007450447,-20.000000000000007
-0.18206498278704603,1.5720811476233032,-20.000000000000007
-0.17510106245462623,1.566404525262054,-20.000000000000007
-0.16824577675426547,1.5713804974097525,-20.000000000000007
-0.176942965478157,1.5727431410120192,-20.000000000000007
-0.13500799762049986,1.4901723146345818,-20.000000000000007
-0.1352364542451437,1.4956132648969094,-20.000000000000007
-0.13559501490126286,1.4971204706629224,-20.000000000000007
-0.13559501490126286,1.4971204706629226,-20.000000000000007
-0.1363431436907083,1.469091816603712,-20.000000000000007
-0.13607296571720057,1.4831686616984472,-20.000000000000007
-0.13766089245675406,1.4109848407592607,-20.000000000000007
-0.15098649128259778,1.3992341320455806,-20.000000000000007
-0.14975414285615304,1.435613454864934,-20.000000000000007
-0.17917386072802038,1.5901780441278877,-20.000000000000007
-0.1627002308005726,1.4821412217524914,-20.000000000000007
-0.16015086704143033,1.4658572207674505,-20.000000000000007
-0.16015086704143033,1.4658572207674505,-20.000000000000007
-0.13634314369070832,1.469091816603712,-20.000000000000007
-0.17259283802865877,1.5472393109831906,-20.000000000000007
-0.14969871320520375,1.437675006587023,-20.000000000000007
-0.17716407672167844,1.5760687284044745,-20.000000000000007
-0.17825534106184446,1.5837285229747722,-20.000000000000007
-0.15938704384410574,1.488234994167261,-20.000000000000007
-0.18067000068203443,1.5594198148107747,-20.000000000000007
-0.13766084605666448,1.411008697845228,-20.000000000000007
-0.17950911580190798,1.5810607140359074,-20.000000000000007
-0.19315943252724238,1.6118386740500747,-20.000000000000007
-0.23081244012577826,1.9092484754173962,-20.000000000000007
-0.27559052746018664,1.6162925205750538,-20.000000000000007
-0.2799303887599006,1.5136879349395194,-20.000000000000007
-0.28024248632243076,1.5048217717977548,-20.000000000000007
-0.28147985274959597,1.5255570079449203,-20.000000000000007
-0.2801168150266809,1.5081261530810859,-20.000000000000007
-0.2801168150266809,1.508126153081086,-20.000000000000007
-0.28317275143850984,1.5429047687795259,-20.000000000000007
-0.28011681502668095,1.5081261530810863,-20.000000000000007
-0.2801168150266809,1.5081261530810859,-20.000000000000007
-0.2814097302568461,1.523867384257423,-20.000000000000007
-0.2587301694228206,1.7744805401325012,-20.000000000000007
-0.2477049896874544,1.7812067663578977,-20.000000000000007
-0.2369461996247276,1.9060256362447219,-20.000000000000007
-0.18111185573755592,1.567072007968258,-20.000000000000007
-0.18106147615797719,1.5665959385271793,-20.000000000000007
-0.1810614761579772,1.566595938527179,-20.000000000000007
-0.1723007520644122,1.5935067427276293,-20.000000000000007
-0.18361747707950812,1.5838646708331456,-20.000000000000007
-0.17288411621543603,1.5613034517219717,-20.000000000000007
-0.16491224342351887,1.4962079272044329,-20.000000000000007
-0.1489623238983579,1.441250436214657,-20.000000000000007
-0.13505647193701792,1.4933154606281196,-20.000000000000007
-0.1352364542451437,1.4956132648969094,-20.000000000000007
-0.13559501490126286,1.4971204706629226,-20.000000000000007
-0.13559501490126286,1.4971204706629226,-20.000000000000007
-0.1352364542451437,1.4956132648969094,-20.000000000000007
-0.13766089245675403,1.4109848407592605,-20.000000000000007
-0.13634314369070832,1.469091816603712,-20.000000000000007
-0.14975414285615304,1.4356134548649337,-20.000000000000007
-0.14969871320520375,1.437675006587023,-20.000000000000007
-0.16226514651890211,1.479978094344565,-20.000000000000007
-0.14975414285615307,1.4356134548649337,-20.000000000000007
-0.17716407672167847,1.5760687284044745,-20.000000000000007
-0.16270023080057264,1.4821412217524916,-20.000000000000007
-0.17917386072802038,1.5901780441278877,-20.000000000000007
-0.179509115801908,1.5810607140359074,-20.000000000000007
-0.17917386072802038,1.5901780441278879,-20.000000000000007
-0.1883243545418553,1.5729018912430373,-20.000000000000007
-0.18220996636544406,1.5747645545787243,-20.000000000000007
-0.18837473412143407,1.5733779606841163,-20.000000000000007
-0.17232681240826253,1.5925309241278374,-20.000000000000007
-0.1791738607280204,1.5901780441278874,-20.000000000000007
-0.17825534106184443,1.5837285229747722,-20.000000000000007
-0.18885818653230285,1.5776548930151266,-20.000000000000007
-0.22073413869955155,1.9382610720711373,-20.000000000000007
-0.2443107649096095,1.8291243725315853,-20.000000000000007
-0.2481843753319315,1.787749155276194,-20.000000000000007
-0.24983746969752973,1.735072632605674,-20.000000000000007
-0.25682264679478173,1.7691729871022037,-20.000000000000007
-0.2699333425661158,1.7234032941107138,-20.000000000000007
-0.27947897934756516,1.5246128245851762,-20.000000000000007
-0.279371143037495,1.5257136780778133,-20.000000000000007
-0.26165148767233376,1.7647756256400065,-20.000000000000007
-0.2544894615077366,1.7657116217463706,-20.000000000000007
-0.2560033975857306,1.76223511278105,-20.000000000000007
-0.24822239897057807,1.7683570877307098,-20.000000000000007
-0.23716499547778624,1.9034434248714711,-20.000000000000007
-0.22062846119588841,1.9240573197414905,-20.000000000000007
-0.1751010624546262,1.5664045252620538,-20.000000000000007
-0.18206498278704597,1.5720811476233032,-20.000000000000007
-0.17294305316727163,1.5588135890686425,-20.000000000000007
-0.18157571912238524,1.568082602332912,-20.000000000000007
-0.18615639672437706,1.6073672656103333,-20.000000000000007
-0.17177201680536935,1.5990902493924237,-20.000000000000007
-0.17694296547815702,1.5727431410120192,-20.000000000000007
-0.13634314369070832,1.4690918166037124,-20.000000000000007
-0.13496974848001755,1.490732776495604,-20.000000000000007
-0.13541503259313706,1.4948226663941329,-20.000000000000007
-0.1362648890948696,1.4776041952523142,-20.000000000000007
-0.13559501490126288,1.4971204706629224,-20.000000000000007
-0.14969871320520373,1.4376750065870232,-20.000000000000007
-0.1363431436907083,1.4690918166037121,-20.000000000000007
-0.14975414285615304,1.4356134548649337,-20.000000000000007
-0.151885716309857,1.402262875380409,-20.000000000000007
-0.14975414285615307,1.435613454864934,-20.000000000000007
-0.17337853243457832,1.5519365666422185,-20.000000000000007
-0.14975414285615304,1.435613454864934,-20.000000000000007
-0.17917386072802036,1.5901780441278879,-20.000000000000007
-0.17716407672167847,1.5760687284044745,-20.000000000000007
-0.18226034594502277,1.575240624019803,-20.000000000000007
-0.18250173051842533,1.5731434678747531,-20.000000000000007
-0.17694296547815702,1.572743141012019,-20.000000000000007
-0.1894553220869344,1.5763627715783317,-20.000000000000007
-0.18110619219721427,1.5615965088310682,-20.000000000000007
-0.18122566722890532,1.5694315109664934,-20.000000000000007
-0.17487637944398765,1.570743585880956,-20.000000000000007
-0.179509115801908,1.5810607140359072,-20.000000000000007
-0.20463104650007663,1.7506837249301754,-20.000000000000007
-0.22961690380174843,1.919822830656063,-20.000000000000007
-0.26523415692589575,1.7639317048100187,-20.000000000000007
-0.2796905254465768,1.5174133121275084,-20.000000000000007
-0.2799303887599006,1.5136879349395191,-20.000000000000007
-0.28147985274959597,1.5255570079449206,-20.000000000000007
-0.2801168150266809,1.5081261530810859,-20.000000000000007
-0.2801168150266809,1.508126153081086,-20.000000000000007
-0.2803692287519004,1.5049893190725439,-20.000000000000007
-0.27873101659765587,1.540481016840682,-20.000000000000007
-0.28011681502668095,1.508126153081086,-20.000000000000007
-0.28011681502668095,1.5081261530810859,-20.000000000000007
-0.2563709157986324,1.764438014552829,-20.000000000000007
-0.25462373660832593,1.763849014721409,-20.000000000000007
-0.22899518854702022,1.9205561705070897,-20.000000000000007
-0.18732945889859226,1.6198078250716526,-20.000000000000007
-0.20027514795820842,1.73999562205153,-20.000000000000007
-0.17388734112967544,1.556706883485759,-20.000000000000007
-0.19605052332794443,1.6994507469824103,-20.000000000000007
-0.18180598184127092,1.568893039467904,-20.000000000000007
-0.1751010624546262,1.5664045252620538,-20.000000000000007
-0.17933485877093763,1.5832655028315095,-20.000000000000007
-0.1352364542451437,1.4956132648969094,-20.000000000000007
-0.13523645424514372,1.4956132648969094,-20.000000000000007
-0.13500799762049986,1.4901723146345818,-20.000000000000007
-0.13500799762049986,1.4901723146345818,-20.000000000000007
-0.13766089245675403,1.4109848407592607,-20.000000000000007
-0.13766033188648455,1.4110074467856224,-20.000000000000007
-0.14969871320520373,1.437675006587023,-20.000000000000007
-0.1497541574130439,1.4356391577721637,-20.000000000000007
-0.13559501490126288,1.4971204706629226,-20.000000000000007
-0.16175363895024925,1.4767475548411564,-20.000000000000007
-0.14969871320520375,1.4376750065870232,-20.000000000000007
-0.14969871320520375,1.4376750065870232,-20.000000000000007
-0.17337853243457835,1.5519365666422187,-20.000000000000007
-0.16226514651890211,1.4799780943445653,-20.000000000000007
-0.16491224342351885,1.4962079272044329,-20.000000000000007
-0.18067000068203443,1.5594198148107747,-20.000000000000007
-0.17933485877093763,1.5832655028315092,-20.000000000000007
-0.16015086704143036,1.4658572207674503,-20.000000000000007
-0.18220996636544406,1.5747645545787243,-20.000000000000007
-0.16976654644768835,1.5787794487873117,-20.000000000000007
-0.17282343672578385,1.593833463291275,-20.000000000000007
-0.17380804051725227,1.5579233747775392,-20.000000000000007
-0.1742675836248365,1.5596310191219986,-20.000000000000007
-0.18885818653230285,1.577654893015127,-20.000000000000007
-0.20438912631107453,1.7467571198479008,-20.000000000000007
-0.22995698799419934,1.9257483738802676,-20.000000000000007
-0.23538467694061216,1.9234328870905963,-20.000000000000007
-0.2495054676988277,1.7506184474221234,-20.000000000000007
-0.2502845554208488,1.7235141714337494,-20.000000000000007
-0.2563386665016617,1.7679801755113365,-20.000000000000007
-0.2707043825695247,1.7150021497123726,-20.000000000000007
-0.25676031594283905,1.7715100530355166,-20.000000000000007
-0.2552692278798069,1.7694727509399142,-20.000000000000007
-0.2483972458155718,1.7826858814747113,-20.000000000000007
-0.24444734909700805,1.8297516327751748,-20.000000000000007
-0.2290706721347102,1.9266742771147651,-20.000000000000007
-0.22096168538854577,1.9359203816877504,-20.000000000000007
-0.2043891263110746,1.746757119847901,-20.000000000000007
-0.17548244831557921,1.566996165209496,-20.000000000000007
-0.17232681240826253,1.5925309241278374,-20.000000000000007
-0.16068037498543777,1.5278630466591991,-20.000000000000007
-0.17177201680536935,1.5990902493924235,-20.000000000000007
-0.17510106245462623,1.5664045252620538,-20.000000000000007
-0.15705109047328716,1.5036218935682935,-20.000000000000007
-0.151885716309857,1.402262875380409,-20.000000000000007
-0.1352364542451437,1.4956132648969092,-20.000000000000007
-0.13523645424514372,1.4956132648969094,-20.000000000000007
-0.1352364542451437,1.4956132648969094,-20.000000000000007
-0.13496593015556185,1.490400499773179,-20.000000000000007
-0.13559501490126288,1.4971204706629226,-20.000000000000007
-0.13496593015556185,1.4904004997731792,-20.000000000000007
-0.13559501490126288,1.4971204706629224,-20.000000000000007
-0.13559501490126286,1.4971204706629226,-20.000000000000007
-0.13496593015556185,1.4904004997731792,-20.000000000000007
-0.13774689261824094,1.4138227263361496,-20.000000000000007
-0.1352364542451437,1.4956132648969092,-20.000000000000007
-0.15188571630985698,1.4022628753804087,-20.000000000000007
-0.1509864912825978,1.3992341320455806,-20.000000000000007
-0.13559501490126288,1.4971204706629226,-20.000000000000007
-0.1617536389502492,1.4767475548411566,-20.000000000000007
-0.13559501490126286,1.4971204706629226,-20.000000000000007
-0.17548244831557924,1.5669961652094955,-20.000000000000007
-0.17825534106184449,1.5837285229747724,-20.000000000000007
-0.16015086704143036,1.4658572207674505,-20.000000000000007
-0.17950911580190798,1.5810607140359074,-20.000000000000007
-0.13766089245675406,1.4109848407592605,-20.000000000000007
-0.17337853243457832,1.5519365666422185,-20.000000000000007
-0.18226034594502277,1.575240624019803,-20.000000000000007
-0.21295636326596953,1.85535961505459,-20.000000000000007
-0.2504317888837009,1.6939228483450317,-20.000000000000007
-0.2644335465158401,1.7602609374540503,-20.000000000000007
-0.2840255897958569,1.5506902601257058,-20.000000000000007
-0.2809152426829442,1.5101868425258602,-20.000000000000007
-0.2862183638629078,1.566104825853512,-20.000000000000007
-0.285587080344336,1.5632803966587598,-20.000000000000007
-0.28011681502668095,1.5081261530810859,-20.000000000000007
-0.2797305031853531,1.5142987704774487,-20.000000000000007
-0.26269022191224417,1.7637239959233142,-20.000000000000007
-0.25679034739351275,1.7646164173900063,-20.000000000000007
-0.26611915304726375,1.7612193048709655,-20.000000000000007
-0.24854930644740358,1.7614705114727944,-20.000000000000007
-0.23195297720193028,1.9083333632408706,-20.000000000000007
-0.22052344232654952,1.9237271384636405,-20.000000000000007
-0.17510106245462623,1.566404525262054,-20.000000000000007
-0.182064982787046,1.5720811476233032,-20.000000000000007
-0.17510106245462623,1.5664045252620538,-20.000000000000007
-0.18160650863614655,1.5652904978856894,-20.000000000000007
-0.19605052332794437,1.6994507469824103,-20.000000000000007
-0.17380804051725227,1.5579233747775392,-20.000000000000007
-0.17950911580190798,1.5810607140359074,-20.000000000000007
-0.13634314369070832,1.469091816603712,-20.000000000000007
-0.13496593015556185,1.4904004997731792,-20.000000000000007
-0.13496593015556185,1.490400499773179,-20.000000000000007
-0.13523645424514372,1.4956132648969092,-20.000000000000007
-0.13559501490126286,1.4971204706629226,-20.000000000000007
-0.13559501490126286,1.4971204706629224,-20.000000000000007
-0.1377468926182409,1.4138227263361496,-20.000000000000007
-0.1363431436907083,1.469091816603712,-20.000000000000007
-0.1509867696831351,1.3990909895297734,-20.000000000000007
-0.1377468926182409,1.4138227263361496,-20.000000000000007
-0.17548244831557921,1.5669961652094957,-20.000000000000007
-0.17337853243457835,1.5519365666422185,-20.000000000000007
-0.17716407672167847,1.5760687284044748,-20.000000000000007
-0.17950911580190798,1.5810607140359072,-20.000000000000007
-0.16491224342351885,1.4962079272044329,-20.000000000000007
-0.1811061921972143,1.5615965088310682,-20.000000000000007
-0.17825534106184443,1.5837285229747722,-20.000000000000007
-0.1822099663654441,1.5747645545787243,-20.000000000000007
-0.18229113545878414,1.5724485195725806,-20.000000000000007
-0.1755250001870543,1.5705965005358218,-20.000000000000007
-0.16686324813435188,1.55627701827399,-20.000000000000007
-0.1754824483155792,1.566996165209496,-20.000000000000007
-0.18226034594502277,1.575240624019803,-20.000000000000007
-0.19217294498311896,1.6010835108666508,-20.000000000000007
-0.22963178776772736,1.925534458807516,-20.000000000000007
-0.24352941008181267,1.8371727099357726,-20.000000000000007
-0.25052408633016987,1.7228946145977087,-20.000000000000007
-0.2548334488315295,1.7710535281901885,-20.000000000000007
-0.2597727841139173,1.775875628548093,-20.000000000000007
-0.27934986914882015,1.5302615111412694,-20.000000000000007
-0.2801168150266809,1.5081261530810859,-20.000000000000007
-0.28024248632243076,1.5048217717977548,-20.000000000000007
-0.2802424863224308,1.5048217717977548,-20.000000000000007
-0.27559052746018664,1.6162925205750538,-20.000000000000007
-0.25395641721404727,1.7587812911435754,-20.000000000000007
-0.24368022622945004,1.822530620071588,-20.000000000000007
-0.22094130554641433,1.9269729367606057,-20.000000000000007
-0.18732945889859226,1.6198078250716526,-20.000000000000007
-0.18106147615797719,1.5665959385271793,-20.000000000000007
-0.182064982787046,1.5720811476233032,-20.000000000000007
-0.18206498278704597,1.5720811476233032,-20.000000000000007
-0.1861563967243771,1.6073672656103333,-20.000000000000007
-0.17510106245462623,1.5664045252620538,-20.000000000000007
-0.16226514651890211,1.4799780943445653,-20.000000000000007
-0.13774689261824094,1.4138227263361496,-20.000000000000007
-0.13496593015556185,1.4904004997731792,-20.000000000000007
-0.1352364542451437,1.4956132648969094,-20.000000000000007
-0.13559501490126286,1.4971204706629226,-20.000000000000007
-0.13559501490126288,1.4971204706629226,-20.000000000000007
-0.13634314369070832,1.4690918166037121,-20.000000000000007
-0.13634314369070832,1.469091816603712,-20.000000000000007
-0.13634314369070832,1.4690918166037121,-20.000000000000007
-0.14969871320520375,1.437675006587023,-20.000000000000007
-0.14969871320520375,1.4376750065870232,-20.000000000000007
-0.16015086704143036,1.4658572207674507,-20.000000000000007
-0.17337853243457832,1.5519365666422185,-20.000000000000007
-0.16175363895024922,1.4767475548411566,-20.000000000000007
-0.17426758362483646,1.559631019121999,-20.000000000000007
-0.16491224342351885,1.4962079272044329,-20.000000000000007
-0.17716407672167847,1.576068728404475,-20.000000000000007
-0.1822603459450228,1.575240624019803,-20.000000000000007
-0.1822099663654441,1.5747645545787243,-20.000000000000007
-0.1888385964664855,1.5743867191268253,-20.000000000000007
-0.1755250001870543,1.5705965005358218,-20.000000000000007
-0.17058251047841078,1.586400434858561,-20.000000000000007
-0.17424477791583853,1.5601108282850107,-20.000000000000007
-0.1822099663654441,1.5747645545787243,-20.000000000000007
-0.2208925256001748,1.9387668325816234,-20.000000000000007
-0.2502445151979184,1.6973339475076297,-20.000000000000007
-0.26563253769695755,1.7626593578521805,-20.000000000000007
-0.2807866153310694,1.5114112648091447,-20.000000000000007
-0.2796505477078005,1.5205278537775686,-20.000000000000007
-0.2828105754745733,1.5373170997394179,-20.000000000000007
-0.2843016838457678,1.5549611531460616,-20.000000000000007
-0.2803692287519004,1.5049893190725436,-20.000000000000007
-0.28011681502668095,1.5081261530810859,-20.000000000000007
-0.2612549707681743,1.7643194343155375,-20.000000000000007
-0.25462373660832593,1.763849014721409,-20.000000000000007
-0.2636632939167519,1.7594969943333099,-20.000000000000007
-0.25348924850519217,1.7557448435651073,-20.000000000000007
-0.24433429027489828,1.8175695204632858,-20.000000000000007
-0.22747948179221975,1.9178329122632696,-20.000000000000007
-0.18106147615797719,1.5665959385271793,-20.000000000000007
-0.182064982787046,1.5720811476233034,-20.000000000000007
-0.17388734112967544,1.556706883485759,-20.000000000000007
-0.18111185573755592,1.567072007968258,-20.000000000000007
-0.1811118557375559,1.567072007968258,-20.000000000000007
-0.16930421010670238,1.577609153835278,-20.000000000000007
-0.179509115801908,1.5810607140359072,-20.000000000000007
-0.13766033188648455,1.4110074467856224,-20.000000000000007
-0.13766089245675406,1.4109848407592605,-20.000000000000007
-0.13634314369070832,1.469091816603712,-20.000000000000007
-0.13774689261824094,1.4138227263361494,-20.000000000000007
-0.1497541574130439,1.4356391577721637,-20.000000000000007
-0.13559501490126286,1.4971204706629226,-20.000000000000007
-0.1617536389502492,1.4767475548411566,-20.000000000000007
-0.1489623238983579,1.441250436214657,-20.000000000000007
-0.16015086704143036,1.4658572207674505,-20.000000000000007
-0.17716407672167847,1.5760687284044748,-20.000000000000007
-0.1489623238983579,1.4412504362146568,-20.000000000000007
-0.17917386072802038,1.5901780441278879,-20.000000000000007
-0.14975415741304388,1.4356391577721639,-20.000000000000007
-0.17259283802865877,1.5472393109831908,-20.000000000000007
-0.17950911580190798,1.5810607140359074,-20.000000000000007
-0.17259283802865877,1.5472393109831906,-20.000000000000007
-0.18837473412143405,1.573377960684116,-20.000000000000007
-0.17716407672167847,1.5760687284044745,-20.000000000000007
-0.1822099663654441,1.5747645545787243,-20.000000000000007
-0.17542972117740846,1.5709628390265231,-20.000000000000007
-0.14975398727938222,1.4357266337540457,-20.000000000000007
-0.17950911580190798,1.5810607140359072,-20.000000000000007
-0.17950911580190798,1.5810607140359072,-20.000000000000007
-0.18888897604606414,1.574862788567904,-20.000000000000007
-0.22995698799419928,1.9257483738802676,-20.000000000000007
-0.24352941008181267,1.8371727099357729,-20.000000000000007
-0.24895973811455108,1.7659134401048049,-20.000000000000007
-0.2597759163149201,1.7774783962318672,-20.000000000000007
-0.26283161344785577,1.7656476367429523,-20.000000000000007
-0.26902778031990393,1.7374124724922673,-20.000000000000007
-0.2797305031853531,1.5142987704774487,-20.000000000000007
-0.2661953718229271,1.7630951428010575,-20.000000000000007
-0.26523415692589575,1.7639317048100187,-20.000000000000007
-0.27069466483760557,1.7110862402984541,-20.000000000000007
-0.2504660493711075,1.694453019701242,-20.000000000000007
-0.2311631728138493,1.90594059415703,-20.000000000000007
-0.2271860468460981,1.9204048324940461,-20.000000000000007
-0.17534244702802876,1.564307369117004,-20.000000000000007
-0.17510106245462623,1.566404525262054,-20.000000000000007
-0.17534244702802873,1.5643073691170037,-20.000000000000007
-0.17102696315911337,1.5937445345710641,-20.000000000000007
-0.18160650863614655,1.5652904978856892,-20.000000000000007
-0.17342151256458302,1.5556575549672629,-20.000000000000007
-0.1627002308005726,1.4821412217524914,-20.000000000000007
-0.14969871320520373,1.4376750065870232,-20.000000000000007
-0.13496593015556188,1.490400499773179,-20.000000000000007
-0.13559501490126286,1.4971204706629226,-20.000000000000007
-0.1352364542451437,1.4956132648969094,-20.000000000000007
-0.13766089245675406,1.4109848407592605,-20.000000000000007
-0.13634314369070832,1.469091816603712,-20.000000000000007
-0.13634314369070832,1.4690918166037121,-20.000000000000007
-0.1497541574130439,1.4356391577721637,-20.000000000000007
-0.13559501490126288,1.4971204706629226,-20.000000000000007
-0.16226514651890211,1.4799780943445653,-20.000000000000007
-0.14969871320520375,1.437675006587023,-20.000000000000007
-0.14975414285615307,1.4356134548649337,-20.000000000000007
-0.17716407672167847,1.5760687284044745,-20.000000000000007
-0.14975414285615307,1.4356134548649337,-20.000000000000007
-0.18110619219721427,1.5615965088310682,-20.000000000000007
-0.17259283802865874,1.5472393109831906,-20.000000000000007
-0.180374903390968,1.5624216849117096,-20.000000000000007
-0.1822099663654441,1.5747645545787246,-20.000000000000007
-0.17950911580190798,1.5810607140359072,-20.000000000000007
-0.1888385964664855,1.574386719126825,-20.000000000000007
-0.16689458288165843,1.558937274757346,-20.000000000000007
-0.16768033915436403,1.563602720968417,-20.000000000000007
-0.1822099663654441,1.5747645545787246,-20.000000000000007
-0.19315943252724238,1.6118386740500745,-20.000000000000007
-0.2490364012653017,1.7521989410410854,-20.000000000000007
-0.2787228599947999,1.5410216059235347,-20.000000000000007
-0.2801168150266809,1.508126153081086,-20.000000000000007
-0.2835864493405321,1.5434221632614336,-20.000000000000007
-0.28011681502668095,1.508126153081086,-20.000000000000007
-0.2819252686870596,1.531872124267723,-20.000000000000007
-0.285587080344336,1.5632803966587596,-20.000000000000007
-0.28015056852487374,1.5049249248193286,-20.000000000000007
-0.27872285999479984,1.5410216059235347,-20.000000000000007
-0.2563480765567966,1.7647460608830383,-20.000000000000007
-0.2561553223315858,1.763948843980476,-20.000000000000007
-0.24912237621217412,1.7426063882047864,-20.000000000000007
-0.2444468331072167,1.81455089101965,-20.000000000000007
-0.22747948179221975,1.9178329122632696,-20.000000000000007
-0.17534244702802873,1.5643073691170037,-20.000000000000007
-0.18206498278704597,1.5720811476233036,-20.000000000000007
-0.1723007520644122,1.5935067427276293,-20.000000000000007
-0.1751010624546262,1.5664045252620538,-20.000000000000007
-0.18160650863614655,1.5652904978856894,-20.000000000000007
-0.15917973565243243,1.5149770990087172,-20.000000000000007
-0.17716407672167844,1.5760687284044748,-20.000000000000007
-0.13559501490126286,1.4971204706629226,-20.000000000000007
-0.13541503259313706,1.4948226663941324,-20.000000000000007
-0.13559501490126288,1.4971204706629224,-20.000000000000007
-0.1350079976204999,1.4901723146345818,-20.000000000000007
-0.1363431436907083,1.469091816603712,-20.000000000000007
-0.13523645424514372,1.4956132648969092,-20.000000000000007
-0.14896232389835787,1.441250436214657,-20.000000000000007
-0.13766089245675403,1.4109848407592605,-20.000000000000007
-0.14969871320520373,1.437675006587023,-20.000000000000007
-0.15098649128259778,1.3992341320455806,-20.000000000000007
-0.14896232389835787,1.4412504362146568,-20.000000000000007
-0.16491224342351887,1.4962079272044329,-20.000000000000007
-0.16015086704143033,1.4658572207674505,-20.000000000000007
-0.17917386072802036,1.5901780441278879,-20.000000000000007
-0.1733785324345783,1.5519365666422185,-20.000000000000007
-0.1822603459450228,1.575240624019803,-20.000000000000007
-0.17259283802865877,1.5472393109831906,-20.000000000000007
-0.1883243545418553,1.5729018912430375,-20.000000000000007
-0.1822099663654441,1.5747645545787243,-20.000000000000007
-0.1755250001870543,1.5705965005358218,-20.000000000000007
-0.1809907676203989,1.5688809225452685,-20.000000000000007
-0.17337853243457835,1.5519365666422187,-20.000000000000007
-0.18837473412143407,1.5733779606841163,-20.000000000000007
-0.18837473412143402,1.573377960684116,-20.000000000000007
-0.22090647214137543,1.9372251416090736,-20.000000000000007
-0.23278630500397757,1.9217446600094166,-20.000000000000007
-0.24764647254595287,1.7970832497928881,-20.000000000000007
-0.2551501197597483,1.7691935568457864,-20.000000000000007
-0.26307324392873566,1.7651151920387358,-20.000000000000007
-0.2645600880082273,1.762286425998437,-20.000000000000007
-0.26666470768890577,1.7624571811618885,-20.000000000000007
-0.2657087564726208,1.7645351957822726,-20.000000000000007
-0.26218851282076433,1.7620184293860912,-20.000000000000007
-0.2652341569258957,1.763931704810019,-20.000000000000007
-0.26443354651584017,1.7602609374540503,-20.000000000000007
-0.24541972912931204,1.8094787946527202,-20.000000000000007
-0.2360506929732718,1.9135828619200246,-20.000000000000007
-0.20865917396457306,1.8219049272644188,-20.000000000000007
-0.18206498278704603,1.5720811476233032,-20.000000000000007
-0.19605052332794443,1.6994507469824103,-20.000000000000007
-0.17177201680536935,1.5990902493924237,-20.000000000000007
-0.2002751479582084,1.7399956220515302,-20.000000000000007
-0.17534244702802873,1.564307369117004,-20.000000000000007
-0.17917386072802038,1.5901780441278879,-20.000000000000007
-0.18226034594502277,1.5752406240198031,-20.000000000000007
-0.1352364542451437,1.4956132648969094,-20.000000000000007
-0.13634314369070832,1.469091816603712,-20.000000000000007
-0.13634314369070832,1.469091816603712,-20.000000000000007
-0.13559501490126286,1.4971204706629226,-20.000000000000007
-0.1377468926182409,1.4138227263361494,-20.000000000000007
-0.13541503259313709,1.4948226663941324,-20.000000000000007
-0.14975414285615304,1.435613454864934,-20.000000000000007
-0.13774689261824094,1.4138227263361494,-20.000000000000007
-0.15188571630985698,1.4022628753804087,-20.000000000000007
-0.17259283802865874,1.5472393109831906,-20.000000000000007
-0.14975415741304388,1.4356391577721634,-20.000000000000007
-0.17716407672167844,1.5760687284044748,-20.000000000000007
-0.15280423597603293,1.4087123965335244,-20.000000000000007
-0.1806700006820344,1.5594198148107745,-20.000000000000007
-0.18110619219721427,1.5615965088310684,-20.000000000000007
-0.1883243545418553,1.5729018912430375,-20.000000000000007
-0.18837473412143407,1.573377960684116,-20.000000000000007
-0.18067000068203443,1.5594198148107747,-20.000000000000007
-0.18915002827871116,1.572881121255673,-20.000000000000007
-0.17225067116104015,1.5971341454532493,-20.000000000000007
-0.1704960907665344,1.5887323007702139,-20.000000000000007
-0.1822099663654441,1.5747645545787246,-20.000000000000007
-0.19267016886258168,1.6078401287596833,-20.000000000000007
-0.2433680830141708,1.8315248182011774,-20.000000000000007
-0.27610483232387384,1.6125538680771443,-20.000000000000007
-0.2809152426829442,1.5101868425258598,-20.000000000000007
-0.28551481210738916,1.5631726242681474,-20.000000000000007
-0.2843016838457678,1.5549611531460616,-20.000000000000007
-0.28551481210738916,1.5631726242681474,-20.000000000000007
-0.29161458899958015,1.5879814352364263,-20.000000000000007
-0.28804813937171764,1.573300546805953,-20.000000000000007
-0.28558708034433605,1.5632803966587598,-20.000000000000007
-0.28015056852487374,1.5049249248193288,-20.000000000000007
-0.25484181585944143,1.7686168378818954,-20.000000000000007
-0.2322679571913116,1.911667056434726,-20.000000000000007
-0.20620692767240614,1.769504898465426,-20.000000000000007
-0.18832435454185534,1.5729018912430375,-20.000000000000007
-0.1822099663654441,1.5747645545787246,-20.000000000000007
-0.1627002308005726,1.4821412217524914,-20.000000000000007
-0.17917386072802038,1.5901780441278877,-20.000000000000007
-0.15938704384410574,1.4882349941672608,-20.000000000000007
-0.16915216767098412,1.5771485190521712,-20.000000000000007
-0.17011299109162972,1.5816684510322832,-20.000000000000007
-0.1509864912825978,1.3992341320455806,-20.000000000000007
-0.16175363895024922,1.4767475548411566,-20.000000000000007
-0.13766089245675406,1.4109848407592602,-20.000000000000007
-0.13766089245675406,1.4109848407592605,-20.000000000000007
-0.1489623238983579,1.441250436214657,-20.000000000000007
-0.1489623238983579,1.441250436214657,-20.000000000000007
-0.16015086704143036,1.4658572207674503,-20.000000000000007
-0.16015086704143033,1.4658572207674503,-20.000000000000007
-0.17548244831557924,1.5669961652094957,-20.000000000000007
-0.17426758362483652,1.5596310191219986,-20.000000000000007
-0.1771640767216785,1.5760687284044748,-20.000000000000007
-0.18067000068203443,1.5594198148107747,-20.000000000000007
-0.179509115801908,1.5810607140359072,-20.000000000000007
-0.1822603459450228,1.5752406240198034,-20.000000000000007
-0.18226034594502277,1.575240624019803,-20.000000000000007
-0.18837473412143407,1.573377960684116,-20.000000000000007
-0.18888897604606417,1.5748627885679038,-20.000000000000007
-0.1891192387649498,1.5756732257028956,-20.000000000000007
-0.20138593308898806,1.7056697537896859,-20.000000000000007
-0.1888693859802468,1.5715946146796027,-20.000000000000007
-0.19315943252724238,1.6118386740500747,-20.000000000000007
-0.1815441093538197,1.5691001756908358,-20.000000000000007
-0.1727444587044594,1.5956719135961759,-20.000000000000007
-0.18885818653230288,1.5776548930151266,-20.000000000000007
-0.18842511370101273,1.5738540301251946,-20.000000000000007
-0.22140461161028013,1.9284170608693036,-20.000000000000007
-0.23889206048921907,1.8949852356181969,-20.000000000000007
-0.2502845554208488,1.7235141714337492,-20.000000000000007
-0.2532803119563146,1.757648403858878,-20.000000000000007
-0.2707343698946231,1.7149307290177265,-20.000000000000007
-0.28037748088435255,1.5076961034151128,-20.000000000000007
-0.2777937873301069,1.5642397002885124,-20.000000000000007
-0.2777312569707762,1.564633449728278,-20.000000000000007
-0.25543470119186507,1.7596158509780877,-20.000000000000007
-0.24751990564399282,1.7992612868427913,-20.000000000000007
-0.23427543873942855,1.9312777803575032,-20.000000000000007
-0.2204172882146837,1.9348175495022781,-20.000000000000007
-0.1888385964664855,1.574386719126825,-20.000000000000007
-0.1822099663654441,1.5747645545787243,-20.000000000000007
-0.17917386072802038,1.5901780441278877,-20.000000000000007
-0.1617536389502492,1.4767475548411564,-20.000000000000007
-0.17716407672167844,1.5760687284044745,-20.000000000000007
-0.16065409511847467,1.507677988146099,-20.000000000000007
-0.15673542221591097,1.47889250135111,-20.000000000000007
-0.1735996436780998,1.5552621540346743,-20.000000000000007
-0.14896232389835787,1.441250436214657,-20.000000000000007
-0.14969871320520375,1.4376750065870232,-20.000000000000007
-0.13634314369070832,1.469091816603712,-20.000000000000007
-0.13559501490126288,1.4971204706629226,-20.000000000000007
-0.1352364542451437,1.4956132648969092,-20.000000000000007
-0.13766033188648452,1.4110074467856224,-20.000000000000007
-0.13559501490126286,1.4971204706629226,-20.000000000000007
-0.13541503259313706,1.4948226663941326,-20.000000000000007
-0.1377468926182409,1.4138227263361496,-20.000000000000007
-0.134987587169906,1.4902841828006377,-20.000000000000007
-0.1377468926182409,1.4138227263361494,-20.000000000000007
-0.13766089245675406,1.4109848407592602,-20.000000000000007
-0.13634314369070832,1.469091816603712,-20.000000000000007
-0.1509864912825978,1.3992341320455801,-20.000000000000007
-0.1363431436907083,1.469091816603712,-20.000000000000007
-0.15098649128259778,1.3992341320455806,-20.000000000000007
-0.14961452095757,1.4408829749123402,-20.000000000000007
-0.15280423597603293,1.4087123965335242,-20.000000000000007
-0.17694296547815702,1.5727431410120192,-20.000000000000007
-0.14975414285615307,1.435613454864934,-20.000000000000007
-0.17917386072802036,1.5901780441278877,-20.000000000000007
-0.14969871320520373,1.437675006587023,-20.000000000000007
-0.17917386072802038,1.5901780441278879,-20.000000000000007
-0.20138593308898803,1.7056697537896857,-20.000000000000007
-0.2311172054018891,1.906699044160249,-20.000000000000007
-0.26970401866921007,1.726937329561158,-20.000000000000007
-0.28015056852487374,1.5049249248193288,-20.000000000000007
-0.28140973025684607,1.523867384257423,-20.000000000000007
-0.28282190184040923,1.5372665680078785,-20.000000000000007
-0.28035323293839765,1.5049414149407445,-20.000000000000007
-0.2814985116942887,1.5244951476271007,-20.000000000000007
-0.28400587407937683,1.5508900858620296,-20.000000000000007
-0.2801168150266809,1.5081261530810859,-20.000000000000007
-0.27995072782324193,1.5213638806799632,-20.000000000000007
-0.25705107917960296,1.7715854159993083,-20.000000000000007
-0.23894033178909882,1.889065989028358,-20.000000000000007
-0.20439732625967247,1.7465754343420863,-20.000000000000007
-0.1822603459450228,1.575240624019803,-20.000000000000007
-0.1509864912825978,1.3992341320455803,-20.000000000000007
-0.1377468926182409,1.4138227263361496,-20.000000000000007
-0.13774689261824094,1.4138227263361496,-20.000000000000007
-0.14969871320520373,1.437675006587023,-20.000000000000007
-0.151885716309857,1.4022628753804087,-20.000000000000007
-0.1377468926182409,1.4138227263361496,-20.000000000000007
-0.14969871320520375,1.437675006587023,-20.000000000000007
-0.13559501490126288,1.4971204706629226,-20.000000000000007
-0.13766089245675406,1.4109848407592602,-20.000000000000007
-0.1363431436907083,1.469091816603712,-20.000000000000007
-0.13766089245675403,1.4109848407592602,-20.000000000000007
-0.14969871320520373,1.4376750065870232,-20.000000000000007
-0.14969871320520375,1.4376750065870232,-20.000000000000007
-0.16226514651890211,1.4799780943445653,-20.000000000000007
-0.1622651465189021,1.4799780943445653,-20.000000000000007
-0.17716407672167844,1.5760687284044745,-20.000000000000007
-0.17337853243457832,1.5519365666422185,-20.000000000000007
-0.17917386072802038,1.5901780441278877,-20.000000000000007
-0.1617536389502492,1.4767475548411566,-20.000000000000007
-0.17917386072802038,1.5901780441278877,-20.000000000000007
-0.1627002308005726,1.4821412217524916,-20.000000000000007
-0.1754824483155792,1.566996165209496,-20.000000000000007
-0.180374903390968,1.5624216849117096,-20.000000000000007
-0.17716407672167844,1.5760687284044748,-20.000000000000007
-0.1822603459450228,1.575240624019803,-20.000000000000007
-0.179509115801908,1.5810607140359072,-20.000000000000007
-0.17933485877093763,1.5832655028315092,-20.000000000000007
-0.17917386072802038,1.5901780441278874,-20.000000000000007
-0.17337853243457835,1.5519365666422185,-20.000000000000007
-0.18067000068203443,1.5594198148107745,-20.000000000000007
-0.18888897604606414,1.574862788567904,-20.000000000000007
-0.22001954989640235,1.9312538054830428,-20.000000000000007
-0.24338853031189456,1.8376016976324687,-20.000000000000007
-0.24950546769882767,1.7506184474221236,-20.000000000000007
-0.2551501197597483,1.7691935568457864,-20.000000000000007
-0.263136564389311,1.764546630513221,-20.000000000000007
-0.279950727823242,1.5213638806799628,-20.000000000000007
-0.28019136580360704,1.5078449789062125,-20.000000000000007
-0.28024248632243076,1.5048217717977546,-20.000000000000007
-0.2796505477078005,1.5205278537775684,-20.000000000000007
-0.26390256611632995,1.7594260505114965,-20.000000000000007
-0.2549770272150589,1.7602725404733848,-20.000000000000007
-0.2499157168849508,1.713352094045662,-20.000000000000007
-0.22164106841618958,1.9189519988593977,-20.000000000000007
-0.20027514795820842,1.7399956220515302,-20.000000000000007
-0.1717720168053693,1.5990902493924235,-20.000000000000007
-0.17177201680536935,1.5990902493924237,-20.000000000000007
-0.1606803749854378,1.527863046659199,-20.000000000000007
-0.1729430531672716,1.5588135890686425,-20.000000000000007
-0.17510106245462623,1.5664045252620538,-20.000000000000007
-0.15890039346628104,1.514050211476746,-20.000000000000007
-0.17694296547815702,1.572743141012019,-20.000000000000007
-0.13559501490126286,1.4971204706629226,-20.000000000000007
-0.13774689261824094,1.4138227263361496,-20.000000000000007
-0.13766089245675406,1.4109848407592605,-20.000000000000007
-0.1363431436907083,1.469091816603712,-20.000000000000007
-0.1377468926182409,1.4138227263361496,-20.000000000000007
-0.13766033188648452,1.4110074467856224,-20.000000000000007
-0.14975414285615304,1.435613454864934,-20.000000000000007
-0.14975414285615304,1.4356134548649337,-20.000000000000007
-0.14975414285615307,1.4356134548649337,-20.000000000000007
-0.1622651465189021,1.4799780943445653,-20.000000000000007
-0.13774689261824094,1.4138227263361494,-20.000000000000007
-0.16015086704143036,1.4658572207674503,-20.000000000000007
-0.1489623238983579,1.441250436214657,-20.000000000000007
-0.1489623238983579,1.441250436214657,-20.000000000000007
-0.15188571630985698,1.402262875380409,-20.000000000000007
-0.13774689261824094,1.4138227263361496,-20.000000000000007
-0.17917386072802036,1.5901780441278879,-20.000000000000007
-0.17259283802865874,1.5472393109831906,-20.000000000000007
-0.17950911580190798,1.5810607140359074,-20.000000000000007
-0.18067109244884727,1.5594413337851312,-20.000000000000007
-0.14969871320520373,1.437675006587023,-20.000000000000007
-0.18040437186688577,1.561176753585045,-20.000000000000007
-0.18837473412143407,1.5733779606841163,-20.000000000000007
-0.2260933637289644,1.9250955161437948,-20.000000000000007
-0.26563253769695755,1.7626593578521803,-20.000000000000007
-0.27965054770780057,1.5205278537775684,-20.000000000000007
-0.2802424863224308,1.5048217717977548,-20.000000000000007
-0.28448834770180204,1.557908182971589,-20.000000000000007
-0.28255715293732286,1.5340145878551132,-20.000000000000007
-0.2819252686870596,1.531872124267723,-20.000000000000007
-0.28317275143850984,1.5429047687795256,-20.000000000000007
-0.27973050318535303,1.5142987704774484,-20.000000000000007
-0.2787228599947999,1.5410216059235347,-20.000000000000007
-0.28035323293839765,1.5049414149407445,-20.000000000000007
-0.2612860966500917,1.7638263203536768,-20.000000000000007
-0.2485496627662985,1.7621032219591615,-20.000000000000007
-0.23116317281384932,1.90594059415703,-20.000000000000007
-0.18106147615797719,1.5665959385271793,-20.000000000000007
-0.18160650863614658,1.5652904978856894,-20.000000000000007
-0.17510106245462623,1.566404525262054,-20.000000000000007
-0.17510106245462623,1.5664045252620538,-20.000000000000007
-0.18180598184127092,1.5688930394679037,-20.000000000000007
-0.17177201680536935,1.5990902493924235,-20.000000000000007
-0.18037490339096798,1.5624216849117096,-20.000000000000007
-0.151885716309857,1.402262875380409,-20.000000000000007
-0.14975414285615304,1.435613454864934,-20.000000000000007
-0.14975414285615307,1.4356134548649337,-20.000000000000007
-0.13559501490126286,1.4971204706629226,-20.000000000000007
-0.13766089245675406,1.41098484075926,-20.000000000000007
-0.13559501490126288,1.4971204706629226,-20.000000000000007
-0.1377468926182409,1.4138227263361496,-20.000000000000007
-0.14969871320520375,1.437675006587023,-20.000000000000007
-0.14975414285615307,1.4356134548649342,-20.000000000000007
-0.1727105924878417,1.5475677015548939,-20.000000000000007
-0.14975414285615304,1.4356134548649337,-20.000000000000007
-0.1622651465189021,1.4799780943445653,-20.000000000000007
-0.14969871320520373,1.4376750065870232,-20.000000000000007
-0.1489623238983579,1.441250436214657,-20.000000000000007
-0.15188571630985698,1.402262875380409,-20.000000000000007
-0.13626488909486958,1.477604195252314,-20.000000000000007
-0.1733785324345783,1.5519365666422185,-20.000000000000007
-0.14975414285615307,1.4356134548649342,-20.000000000000007
-0.16491224342351885,1.4962079272044329,-20.000000000000007
-0.1806700006820344,1.5594198148107747,-20.000000000000007
-0.1377468926182409,1.4138227263361496,-20.000000000000007
-0.14975414285615304,1.4356134548649342,-20.000000000000007
-0.16015086704143036,1.4658572207674505,-20.000000000000007
-0.18037490339096798,1.5624216849117096,-20.000000000000007
-0.2062195057358958,1.7693061823890077,-20.000000000000007
-0.23457312416770257,1.9299350667899586,-20.000000000000007
-0.24338853031189456,1.8376016976324687,-20.000000000000007
-0.25346909390495187,1.7654794107838787,-20.000000000000007
-0.2551297537596604,1.7697831337764407,-20.000000000000007
-0.26536069841828297,1.7659571933544054,-20.000000000000007
-0.28022511930179994,1.504643750644455,-20.000000000000007
-0.27872285999479984,1.5410216059235347,-20.000000000000007
-0.2775886576356349,1.5676246431819254,-20.000000000000007
-0.2585931274731942,1.7723598547076607,-20.000000000000007
-0.25600339758573054,1.7622351127810503,-20.000000000000007
-0.24823843475054455,1.7672645488949912,-20.000000000000007
-0.2346607776410636,1.9230003114935414,-20.000000000000007
-0.22164106841618958,1.9189519988593977,-20.000000000000007
-0.17388734112967544,1.556706883485759,-20.000000000000007
-0.1810614761579772,1.5665959385271793,-20.000000000000007
-0.17342151256458302,1.5556575549672629,-20.000000000000007
-0.17510106245462623,1.566404525262054,-20.000000000000007
-0.18160650863614658,1.5652904978856894,-20.000000000000007
-0.1669603097132642,1.5639589047489202,-20.000000000000007
-0.17337853243457832,1.5519365666422187,-20.000000000000007
-0.13766089245675403,1.4109848407592605,-20.000000000000007
-0.13559501490126286,1.4971204706629226,-20.000000000000007
-0.13766089245675406,1.4109848407592602,-20.000000000000007
-0.13559501490126286,1.4971204706629224,-20.000000000000007
-0.1363431436907083,1.4690918166037121,-20.000000000000007
-0.13559501490126288,1.4971204706629224,-20.000000000000007
-0.13559501490126286,1.4971204706629222,-20.000000000000007
-0.14896232389835787,1.441250436214657,-20.000000000000007
-0.13766089245675406,1.41098484075926,-20.000000000000007
-0.17259283802865874,1.5472393109831906,-20.000000000000007
-0.15098649128259778,1.3992341320455806,-20.000000000000007
-0.15098649128259778,1.3992341320455806,-20.000000000000007
-0.16015086704143036,1.4658572207674505,-20.000000000000007
-0.1362648890948696,1.477604195252314,-20.000000000000007
-0.1622651465189021,1.479978094344565,-20.000000000000007
-0.14969871320520375,1.4376750065870232,-20.000000000000007
-0.179509115801908,1.5810607140359072,-20.000000000000007
-0.1811061921972143,1.5615965088310684,-20.000000000000007
-0.18229113545878414,1.5724485195725806,-20.000000000000007
-0.18832435454185534,1.572901891243037,-20.000000000000007
-0.15721972542506038,1.4723940161704243,-20.000000000000007
-0.17117441380557794,1.5873366355312977,-20.000000000000007
-0.18220996636544406,1.5747645545787248,-20.000000000000007
-0.2193538027113204,1.9315978700176233,-20.000000000000007
-0.2504317888837009,1.6939228483450317,-20.000000000000007
-0.2652341569258957,1.763931704810019,-20.000000000000007
-0.2803692287519004,1.5049893190725436,-20.000000000000007
-0.2801505685248738,1.5049249248193286,-20.000000000000007
-0.2842583506786673,1.5552111529007746,-20.000000000000007
-0.2842583506786673,1.5552111529007746,-20.000000000000007
-0.27965054770780057,1.5205278537775686,-20.000000000000007
-0.26690447527767514,1.762678599272993,-20.000000000000007
-0.2563927361230956,1.7641773193596846,-20.000000000000007
-0.2565981846719644,1.7632821483535674,-20.000000000000007
-0.25462373660832593,1.7638490147214088,-20.000000000000007
-0.24770498968745447,1.7812067663578972,-20.000000000000007
-0.24272730694058497,1.833198474156883,-20.000000000000007
-0.2002751479582084,1.73999562205153,-20.000000000000007
-0.18615639672437706,1.6073672656103333,-20.000000000000007
-0.18160650863614658,1.5652904978856892,-20.000000000000007
-0.17177201680536935,1.599090249392424,-20.000000000000007
-0.18615639672437712,1.6073672656103335,-20.000000000000007
-0.17294305316727163,1.5588135890686423,-20.000000000000007
-0.1754824483155792,1.566996165209496,-20.000000000000007
-0.16226514651890211,1.4799780943445653,-20.000000000000007
-0.13496593015556188,1.4904004997731792,-20.000000000000007
-0.13523645424514372,1.4956132648969094,-20.000000000000007
-0.13505647193701795,1.4933154606281194,-20.000000000000007
-0.13496974848001758,1.4907327764956038,-20.000000000000007
-0.1352364542451437,1.4956132648969094,-20.000000000000007
-0.13496593015556188,1.490400499773179,-20.000000000000007
-0.13559501490126286,1.4971204706629226,-20.000000000000007
-0.13496974848001755,1.4907327764956038,-20.000000000000007
-0.13766089245675403,1.41098484075926,-20.000000000000007
-0.1363431436907083,1.469091816603712,-20.000000000000007
-0.14969871320520375,1.4376750065870232,-20.000000000000007
-0.14975414285615304,1.435613454864934,-20.000000000000007
-0.14975414285615307,1.435613454864934,-20.000000000000007
-0.1627002308005726,1.4821412217524916,-20.000000000000007
-0.16015086704143033,1.4658572207674507,-20.000000000000007
-0.17716407672167844,1.5760687284044748,-20.000000000000007
-0.17917386072802038,1.590178044127888,-20.000000000000007
-0.18110619219721427,1.5615965088310684,-20.000000000000007
-0.1727105924878417,1.5475677015548939,-20.000000000000007
-0.17950911580190798,1.5810607140359072,-20.000000000000007
-0.1496985430715421,1.437762482568905,-20.000000000000007
-0.17259283802865877,1.5472393109831906,-20.000000000000007
-0.1822603459450228,1.5752406240198031,-20.000000000000007
-0.19316194813994036,1.6117989308347909,-20.000000000000007
-0.23173800461227245,1.9132869734140188,-20.000000000000007
-0.24431076490960957,1.8291243725315853,-20.000000000000007
-0.2502845554208488,1.7235141714337492,-20.000000000000007
-0.2535107971226884,1.7670513187563048,-20.000000000000007
-0.25602497317246664,1.765513258458527,-20.000000000000007
-0.2662334868970442,1.7637881934694122,-20.000000000000007
-0.2762375751492372,1.6097422061583702,-20.000000000000007
-0.2669487167882653,1.7640488455829701,-20.000000000000007
-0.2656325376969575,1.7626593578521808,-20.000000000000007
-0.26415371413938693,1.7596556714021896,-20.000000000000007
-0.2495654747121121,1.7295730389912143,-20.000000000000007
-0.23649003800490168,1.911450105749852,-20.000000000000007
-0.22909101447985047,1.9204094190883196,-20.000000000000007
-0.17510106245462617,1.5664045252620538,-20.000000000000007
-0.1810614761579772,1.566595938527179,-20.000000000000007
-0.1751010624546262,1.5664045252620542,-20.000000000000007
-0.17288411621543606,1.5613034517219717,-20.000000000000007
-0.18206498278704597,1.5720811476233032,-20.000000000000007
-0.17177201680536933,1.5990902493924235,-20.000000000000007
-0.176942965478157,1.5727431410120192,-20.000000000000007
-0.1377468926182409,1.4138227263361496,-20.000000000000007
-0.1352364542451437,1.4956132648969094,-20.000000000000007
-0.13559501490126288,1.4971204706629226,-20.000000000000007
-0.1350079976204999,1.4901723146345818,-20.000000000000007
-0.13634314369070832,1.4690918166037121,-20.000000000000007
-0.1352364542451437,1.4956132648969094,-20.000000000000007
-0.13559501490126286,1.4971204706629226,-20.000000000000007
-0.13766089245675406,1.41098484075926,-20.000000000000007
-0.13523645424514372,1.4956132648969094,-20.000000000000007
-0.14969871320520373,1.4376750065870232,-20.000000000000007
-0.13559501490126288,1.4971204706629226,-20.000000000000007
-0.14975414285615304,1.4356134548649337,-20.000000000000007
-0.15098649128259778,1.3992341320455806,-20.000000000000007
-0.14969871320520375,1.4376750065870234,-20.000000000000007
-0.1742675836248365,1.5596310191219989,-20.000000000000007
-0.1377468926182409,1.4138227263361494,-20.000000000000007
-0.180374903390968,1.5624216849117094,-20.000000000000007
-0.1771640767216785,1.5760687284044745,-20.000000000000007
-0.18067000068203443,1.5594198148107745,-20.000000000000007
-0.1822099663654441,1.5747645545787243,-20.000000000000007
-0.14969871320520373,1.437675006587023,-20.000000000000007
-0.16886094927143708,1.5698775518625954,-20.000000000000007
-0.18037490339096798,1.5624216849117096,-20.000000000000007
-0.2113142899614163,1.8343758207741658,-20.000000000000007
-0.2501749801147055,1.7007594263643189,-20.000000000000007
-0.2706940184856579,1.710936561123293,-20.000000000000007
-0.2807866153310694,1.511411264809145,-20.000000000000007
-0.28011681502668095,1.5081261530810859,-20.000000000000007
-0.2814797371067958,1.52529738204103,-20.000000000000007
-0.2842583506786672,1.5552111529007744,-20.000000000000007
-0.28091775621608633,1.5101713202633242,-20.000000000000007
-0.28024248632243076,1.5048217717977548,-20.000000000000007
-0.26443354651584017,1.7602609374540505,-20.000000000000007
-0.25582876071089,1.761308850667054,-20.000000000000007
-0.26443354651584017,1.7602609374540505,-20.000000000000007
-0.2536220334740542,1.7571569920026067,-20.000000000000007
-0.24823843475054452,1.7672645488949912,-20.000000000000007
-0.23124047926219993,1.9064546555122124,-20.000000000000007
-0.18160650863614652,1.5652904978856892,-20.000000000000007
-0.1930163083317044,1.6718828761553,-20.000000000000007
-0.17288411621543603,1.5613034517219715,-20.000000000000007
-0.18106147615797724,1.566595938527179,-20.000000000000007
-0.1810614761579772,1.566595938527179,-20.000000000000007
-0.16772250721781556,1.5692740881375,-20.000000000000007
-0.17917386072802038,1.5901780441278879,-20.000000000000007
-0.13559501490126288,1.4971204706629224,-20.000000000000007
-0.13766089245675406,1.4109848407592602,-20.000000000000007
-0.13559501490126286,1.4971204706629226,-20.000000000000007
-0.13766089245675403,1.4109848407592605,-20.000000000000007
-0.1489623238983579,1.4412504362146568,-20.000000000000007
-0.13541503259313709,1.4948226663941324,-20.000000000000007
-0.15098649128259778,1.3992341320455803,-20.000000000000007
-0.13766033188648455,1.4110074467856224,-20.000000000000007
-0.14975414285615307,1.4356134548649337,-20.000000000000007
-0.16491224342351887,1.4962079272044329,-20.000000000000007
-0.13766089245675406,1.4109848407592605,-20.000000000000007
-0.1727105924878417,1.5475677015548939,-20.000000000000007
-0.14961452095757002,1.4408829749123402,-20.000000000000007
-0.16226514651890211,1.4799780943445653,-20.000000000000007
-0.17716407672167847,1.5760687284044748,-20.000000000000007
-0.1742675836248365,1.5596310191219989,-20.000000000000007
-0.18226034594502277,1.5752406240198031,-20.000000000000007
-0.17359964367809982,1.555262154034674,-20.000000000000007
-0.179509115801908,1.5810607140359072,-20.000000000000007
-0.17186716961197054,1.5960923234679671,-20.000000000000007
-0.14969871320520373,1.437675006587023,-20.000000000000007
-0.17933485877093763,1.5832655028315092,-20.000000000000007
-0.18226034594502277,1.575240624019803,-20.000000000000007
-0.19267268447527958,1.6078003855443994,-20.000000000000007
-0.23193210184063523,1.9136144318446473,-20.000000000000007
-0.23684107118879072,1.914393915086826,-20.000000000000007
-0.2452776421772323,1.823694982129578,-20.000000000000007
-0.25366023621444694,1.767204390642213,-20.000000000000007
-0.255163972460992,1.7696946256570065,-20.000000000000007
-0.2597727841139173,1.7758756285480928,-20.000000000000007
-0.2787725802901931,1.541855718110773,-20.000000000000007
-0.2761817758897314,1.6138523993466576,-20.000000000000007
-0.26450976529150344,1.7621367753841422,-20.000000000000007
-0.27073283651463304,1.7131873457107316,-20.000000000000007
-0.24512457530032142,1.817810284690511,-20.000000000000007
-0.22054553689243836,1.9333096644290921,-20.000000000000007
-0.1894553220869344,1.5763627715783317,-20.000000000000007
-0.17694296547815702,1.572743141012019,-20.000000000000007
-0.1791738607280204,1.5901780441278879,-20.000000000000007
-0.17259283802865877,1.5472393109831908,-20.000000000000007
-0.17548244831557921,1.566996165209496,-20.000000000000007
-0.16491224342351887,1.4962079272044329,-20.000000000000007
-0.1509864912825978,1.3992341320455801,-20.000000000000007
-0.1363431436907083,1.4690918166037121,-20.000000000000007
-0.13766089245675406,1.4109848407592605,-20.000000000000007
-0.13559501490126286,1.4971204706629224,-20.000000000000007
-0.13559501490126286,1.4971204706629226,-20.000000000000007
-0.1362648890948696,1.4776041952523142,-20.000000000000007
-0.13505647193701795,1.4933154606281194,-20.000000000000007
-0.13523645424514372,1.4956132648969094,-20.000000000000007
-0.13500799762049986,1.4901723146345816,-20.000000000000007
-0.1352364542451437,1.4956132648969092,-20.000000000000007
-0.13496593015556188,1.4904004997731792,-20.000000000000007
-0.13523645424514372,1.4956132648969092,-20.000000000000007
-0.1350079976204999,1.4901723146345816,-20.000000000000007
-0.1352364542451437,1.4956132648969094,-20.000000000000007
-0.13634314369070832,1.4690918166037121,-20.000000000000007
-0.1360729657172006,1.4831686616984474,-20.000000000000007
-0.13766089245675406,1.4109848407592605,-20.000000000000007
-0.13774689261824094,1.4138227263361496,-20.000000000000007
-0.1377468926182409,1.4138227263361496,-20.000000000000007
-0.14969871320520373,1.437675006587023,-20.000000000000007
-0.1497541574130439,1.4356391577721634,-20.000000000000007
-0.1617536389502492,1.4767475548411566,-20.000000000000007
-0.17259283802865877,1.5472393109831906,-20.000000000000007
-0.1489623238983579,1.441250436214657,-20.000000000000007
-0.14961452095757005,1.4408829749123404,-20.000000000000007
-0.13774689261824094,1.4138227263361496,-20.000000000000007
-0.16175363895024922,1.4767475548411564,-20.000000000000007
-0.173921741532198,1.5583789991278345,-20.000000000000007
-0.17030258172754198,1.580256594241073,-20.000000000000007
-0.14975397272249139,1.4357009308468158,-20.000000000000007
-0.1321932105323198,1.5075344649957076,-20.000000000000007
-0.12477553846035513,1.5292050934076342,-20.000000000000007
-0.11023310443464367,1.5300533484745646,-20.000000000000007
-0.11095734796566889,1.5311353815265414,-20.000000000000007
-0.1247755384603551,1.5292050934076342,-20.000000000000007
-0.12477553846035513,1.5292050934076342,-20.000000000000007
-0.1254040794022055,1.5225030507157353,-20.000000000000007
-0.1254040794022055,1.5225030507157356,-20.000000000000007
-0.1254040794022055,1.522503050715735,-20.000000000000007
-0.1254040794022055,1.522503050715735,-20.000000000000007
-0.1254040794022055,1.5225030507157356,-20.000000000000007
-0.1254040794022055,1.5225030507157353,-20.000000000000007
-0.12540407940220547,1.5225030507157353,-20.000000000000007
-0.12540407940220547,1.5225030507157356,-20.000000000000007
-0.1254040794022055,1.5225030507157356,-20.000000000000007
-0.12540407940220547,1.5225030507157356,-20.000000000000007
-0.12684286767579064,1.5197244813100856,-20.000000000000007
-0.13162334867738157,1.512553191202664,-20.000000000000007
-0.13434189990028766,1.4942024153350568,-20.000000000000007
-0.13523645424514372,1.4956132648969094,-20.000000000000007
-0.1352364542451437,1.4956132648969094,-20.000000000000007
-0.1352364542451437,1.4956132648969094,-20.000000000000007
-0.1352364542451437,1.4956132648969094,-20.000000000000007
-0.13496593015556185,1.4904004997731792,-20.000000000000007
-0.13496593015556185,1.490400499773179,-20.000000000000007
-0.13162334867738157,1.5125531912026642,-20.000000000000007
-0.1316233486773816,1.5125531912026637,-20.000000000000007
-0.1316233486773816,1.5125531912026637,-20.000000000000007
-0.1296237382480963,1.5255562980702628,-20.000000000000007
-0.13160506288298884,1.5132325960306734,-20.000000000000007
-0.1296237382480963,1.525556298070263,-20.000000000000007
-0.1296237382480963,1.5255562980702628,-20.000000000000007
-0.12684286767579064,1.5197244813100859,-20.000000000000007
-0.12684286767579064,1.5197244813100856,-20.000000000000007
-0.12942838191366204,1.5266195020865656,-20.000000000000007
-0.13496593015556188,1.490400499773179,-20.000000000000007
-0.1350539468363465,1.4898994611030374,-20.000000000000007
-0.13528464366251253,1.4952131339762693,-20.000000000000007
-0.13774689261824094,1.4138227263361494,-20.000000000000007
-0.14969871320520375,1.437675006587023,-20.000000000000007
-0.17950911580190804,1.5810607140359072,-20.000000000000007
-0.18885818653230285,1.5776548930151266,-20.000000000000007
-0.18226034594502283,1.5752406240198031,-20.000000000000007
-0.17426758362483646,1.5596310191219989,-20.000000000000007
-0.13766089245675403,1.4109848407592605,-20.000000000000007
-0.1296237382480963,1.525556298070263,-20.000000000000007
-0.12540407940220547,1.5225030507157353,-20.000000000000007
-0.12405129492932987,1.5281230603556573,-20.000000000000007
-0.12405129492932988,1.5281230603556573,-20.000000000000007
-0.12405129492932988,1.528123060355657,-20.000000000000007
-0.12405129492932988,1.528123060355657,-20.000000000000007
-0.12405129492932987,1.528123060355657,-20.000000000000007
-0.12405129492932987,1.5281230603556573,-20.000000000000007
-0.12540407940220547,1.5225030507157356,-20.000000000000007
-0.12540407940220547,1.5225030507157353,-20.000000000000007
-0.1254040794022055,1.5225030507157353,-20.000000000000007
-0.12849335850247093,1.5247118007304845,-20.000000000000007
-0.12684286767579064,1.5197244813100856,-20.000000000000007
-0.12684286767579067,1.5197244813100856,-20.000000000000007
-0.12684286767579064,1.5197244813100859,-20.000000000000007
-0.12684286767579067,1.5197244813100859,-20.000000000000007
-0.13160506288298884,1.5132325960306732,-20.000000000000007
-0.13496593015556185,1.4904004997731792,-20.000000000000007
-0.13496974848001755,1.490732776495604,-20.000000000000007
-0.1352364542451437,1.4956132648969094,-20.000000000000007
-0.1350079976204999,1.4901723146345818,-20.000000000000007
-0.13225188883939853,1.5058494988029958,-20.000000000000007
-0.13496593015556185,1.4904004997731792,-20.000000000000007
-0.13160506288298884,1.5132325960306734,-20.000000000000007
-0.12962373824809628,1.5255562980702628,-20.000000000000007
-0.12942838191366207,1.5266195020865654,-20.000000000000007
-0.12540408018203894,1.5225047004235046,-20.000000000000007
-0.12684286767579067,1.5197244813100856,-20.000000000000007
-0.12684286767579064,1.5197244813100856,-20.000000000000007
-0.12684286767579064,1.5197244813100859,-20.000000000000007
-0.12684286767579064,1.5197244813100856,-20.000000000000007
-0.1254040801820389,1.5225047004235046,-20.000000000000007
-0.1254040794022055,1.522503050715735,-20.000000000000007
-0.1254040794022055,1.5225030507157356,-20.000000000000007
-0.1296237382480963,1.525556298070263,-20.000000000000007
-0.13496593015556185,1.4904004997731792,-20.000000000000007
-0.13766089245675406,1.41098484075926,-20.000000000000007
-0.14896232389835787,1.4412504362146572,-20.000000000000007
-0.15280423597603293,1.4087123965335242,-20.000000000000007
-0.17950911580190798,1.5810607140359074,-20.000000000000007
-0.1888385964664855,1.574386719126825,-20.000000000000007
-0.21463162400711894,1.8668584694969497,-20.000000000000007
-0.18627020613617065,1.6097230967646792,-20.000000000000007
-0.17917386072802036,1.5901780441278879,-20.000000000000007
-0.13500799762049986,1.4901723146345818,-20.000000000000007
-0.12405129492932988,1.5281230603556573,-20.000000000000007
-0.11023310443464368,1.5300533484745649,-20.000000000000007
-0.12405129492932988,1.5281230603556568,-20.000000000000007
-0.11023310443464368,1.5300533484745644,-20.000000000000007
-0.12405129492932988,1.5281230603556573,-20.000000000000007
-0.12405129492932988,1.528123060355657,-20.000000000000007
-0.12540407940220547,1.5225030507157353,-20.000000000000007
-0.1254040794022055,1.5225030507157356,-20.000000000000007
-0.12540407940220547,1.5225030507157353,-20.000000000000007
-0.12540407940220547,1.5225030507157356,-20.000000000000007
-0.1254040794022055,1.5225030507157356,-20.000000000000007
-0.1254040794022055,1.5225030507157356,-20.000000000000007
-0.1254040794022055,1.5225030507157356,-20.000000000000007
-0.12540407940220547,1.5225030507157353,-20.000000000000007
-0.12540407940220547,1.5225030507157356,-20.000000000000007
-0.12942838191366204,1.5266195020865654,-20.000000000000007
-0.12962373824809628,1.525556298070263,-20.000000000000007
-0.1316233486773816,1.512553191202664,-20.000000000000007
-0.13496593015556185,1.4904004997731792,-20.000000000000007
-0.13162334867738157,1.5125531912026637,-20.000000000000007
-0.1316233486773816,1.5125531912026637,-20.000000000000007
-0.12962373824809628,1.525556298070263,-20.000000000000007
-0.12684286767579067,1.5197244813100856,-20.000000000000007
-0.12684286767579064,1.5197244813100859,-20.000000000000007
-0.12540407940220547,1.5225030507157356,-20.000000000000007
-0.12540407940220544,1.5225030507157353,-20.000000000000007
-0.12405129492932987,1.5281230603556568,-20.000000000000007
-0.12405129492932987,1.5281230603556573,-20.000000000000007
-0.1254040794022055,1.522503050715735,-20.000000000000007
-0.12684286767579067,1.5197244813100859,-20.000000000000007
-0.12942838191366204,1.5266195020865656,-20.000000000000007
-0.1316233486773816,1.5125531912026635,-20.000000000000007
-0.1316233486773816,1.512553191202664,-20.000000000000007
-0.1296237382480963,1.525556298070263,-20.000000000000007
-0.13160506288298887,1.5132325960306736,-20.000000000000007
-0.13162334867738157,1.512553191202664,-20.000000000000007
-0.1322518888393985,1.5058494988029958,-20.000000000000007
-0.13521384973317274,1.49611779668814,-20.000000000000007
-0.15098649128259778,1.3992341320455806,-20.000000000000007
-0.17716407672167847,1.5760687284044748,-20.000000000000007
-0.18837473412143407,1.5733779606841163,-20.000000000000007
-0.1822603459450228,1.5752406240198031,-20.000000000000007
-0.16491224342351887,1.4962079272044329,-20.000000000000007
-0.13559501490126286,1.4971204706629226,-20.000000000000007
-0.12942838191366204,1.5266195020865654,-20.000000000000007
-0.1254040794022055,1.5225030507157353,-20.000000000000007
-0.1240512949293299,1.528123060355657,-20.000000000000007
-0.12405129492932988,1.5281230603556573,-20.000000000000007
-0.1240512949293299,1.528123060355657,-20.000000000000007
-0.12405129492932987,1.528123060355657,-20.000000000000007
-0.12540407940220547,1.5225030507157356,-20.000000000000007
-0.1254040794022055,1.5225030507157353,-20.000000000000007
-0.1254040794022055,1.5225030507157356,-20.000000000000007
-0.12684286767579067,1.5197244813100859,-20.000000000000007
-0.12684286767579067,1.519724481310086,-20.000000000000007
-0.12684286767579067,1.5197244813100856,-20.000000000000007
-0.12962373824809628,1.5255562980702628,-20.000000000000007
-0.12962373824809628,1.525556298070263,-20.000000000000007
-0.13160506288298884,1.5132325960306732,-20.000000000000007
-0.13162334867738157,1.5125531912026637,-20.000000000000007
-0.13496593015556185,1.4904004997731792,-20.000000000000007
-0.13496593015556188,1.4904004997731792,-20.000000000000007
-0.13505647193701792,1.4933154606281194,-20.000000000000007
-0.13541503259313709,1.4948226663941324,-20.000000000000007
-0.13496593015556185,1.4904004997731795,-20.000000000000007
-0.13496593015556185,1.4904004997731792,-20.000000000000007
-0.13162334867738157,1.512553191202664,-20.000000000000007
-0.1296237382480963,1.5255562980702628,-20.000000000000007
-0.12942838191366207,1.5266195020865654,-20.000000000000007
-0.1254040794022055,1.522503050715735,-20.000000000000007
-0.12684286767579067,1.5197244813100856,-20.000000000000007
-0.12684286767579067,1.519724481310086,-20.000000000000007
-0.12684286767579064,1.5197244813100856,-20.000000000000007
-0.12684286767579067,1.5197244813100859,-20.000000000000007
-0.1296237382480963,1.5255562980702628,-20.000000000000007
-0.1296237382480963,1.5255562980702628,-20.000000000000007
-0.12962373824809628,1.525556298070263,-20.000000000000007
-0.13160506288298884,1.5132325960306732,-20.000000000000007
-0.13160506288298884,1.5132325960306734,-20.000000000000007
-0.13496593015556188,1.4904004997731792,-20.000000000000007
-0.13523645424514372,1.4956132648969094,-20.000000000000007
-0.1377468926182409,1.4138227263361496,-20.000000000000007
-0.15098676968313507,1.3990909895297734,-20.000000000000007
-0.1822603459450228,1.5752406240198031,-20.000000000000007
-0.19315943252724238,1.6118386740500745,-20.000000000000007
-0.20955207733705533,1.830845793025345,-20.000000000000007
-0.18562721195634346,1.602857928046919,-20.000000000000007
-0.16876567026179118,1.5702438903532965,-20.000000000000007
-0.13521384973317271,1.49611779668814,-20.000000000000007
-0.12405129492932988,1.5281230603556573,-20.000000000000007
-0.11023310443464365,1.5300533484745646,-20.000000000000007
-0.11023310443464365,1.5300533484745646,-20.000000000000007
-0.12405129492932988,1.5281230603556573,-20.000000000000007
-0.12405129492932987,1.5281230603556573,-20.000000000000007
-0.12405129492932988,1.5281230603556573,-20.000000000000007
-0.1254040794022055,1.5225030507157353,-20.000000000000007
-0.12540407940220547,1.5225030507157356,-20.000000000000007
-0.12540407940220547,1.5225030507157353,-20.000000000000007
-0.12540407940220547,1.5225030507157353,-20.000000000000007
-0.12540407940220547,1.5225030507157353,-20.000000000000007
-0.1240512949293299,1.528123060355657,-20.000000000000007
-0.12405129492932987,1.5281230603556573,-20.000000000000007
-0.1254040794022055,1.5225030507157356,-20.000000000000007
-0.1240512949293299,1.5281230603556573,-20.000000000000007
-0.1254040794022055,1.5225030507157356,-20.000000000000007
-0.12684286767579064,1.5197244813100856,-20.000000000000007
-0.13160506288298884,1.5132325960306734,-20.000000000000007
-0.13434189990028764,1.4942024153350568,-20.000000000000007
-0.13496593015556188,1.490400499773179,-20.000000000000007
-0.13225188883939853,1.505849498802996,-20.000000000000007
-0.13162334867738157,1.5125531912026637,-20.000000000000007
-0.13162334867738157,1.512553191202664,-20.000000000000007
-0.1296237382480963,1.525556298070263,-20.000000000000007
-0.12849335850247093,1.5247118007304845,-20.000000000000007
-0.12684286767579067,1.5197244813100856,-20.000000000000007
-0.1254040801820389,1.5225047004235048,-20.000000000000007
-0.1254040794022055,1.522503050715735,-20.000000000000007
-0.1254040794022055,1.522503050715735,-20.000000000000007
-0.1254040794022055,1.5225030507157353,-20.000000000000007
-0.1254040794022055,1.5225030507157358,-20.000000000000007
-0.12540407940220547,1.5225030507157356,-20.000000000000007
-0.1254040801820389,1.5225047004235048,-20.000000000000007
-0.12684286767579064,1.5197244813100859,-20.000000000000007
-0.12684286767579064,1.5197244813100859,-20.000000000000007
-0.13496593015556185,1.4904004997731792,-20.000000000000007
-0.13559501490126286,1.4971204706629226,-20.000000000000007
-0.13766033188648455,1.4110074467856224,-20.000000000000007
-0.16491224342351887,1.4962079272044326,-20.000000000000007
-0.17917386072802038,1.5901780441278877,-20.000000000000007
-0.18226034594502277,1.5752406240198031,-20.000000000000007
-0.18837473412143407,1.5733779606841163,-20.000000000000007
-0.17950911580190798,1.5810607140359072,-20.000000000000007
-0.1489623238983579,1.441250436214657,-20.000000000000007
-0.13225188883939853,1.5058494988029958,-20.000000000000007
-0.12540407940220547,1.5225030507157356,-20.000000000000007
-0.12405129492932988,1.528123060355657,-20.000000000000007
-0.12405129492932987,1.5281230603556573,-20.000000000000007
-0.1254040794022055,1.5225030507157353,-20.000000000000007
-0.1254040794022055,1.5225030507157353,-20.000000000000007
-0.12684286767579064,1.5197244813100859,-20.000000000000007
-0.12684286767579067,1.5197244813100854,-20.000000000000007
-0.1284933585024709,1.5247118007304847,-20.000000000000007
-0.1296237382480963,1.525556298070263,-20.000000000000007
-0.12962373824809628,1.525556298070263,-20.000000000000007
-0.1296237382480963,1.5255562980702628,-20.000000000000007
-0.1296237382480963,1.525556298070263,-20.000000000000007
-0.12684286767579067,1.5197244813100856,-20.000000000000007
-0.12684286767579064,1.5197244813100856,-20.000000000000007
-0.12540407940220547,1.5225030507157353,-20.000000000000007
-0.12942838191366207,1.5266195020865654,-20.000000000000007
-0.12962373824809628,1.525556298070263,-20.000000000000007
-0.1316233486773816,1.5125531912026637,-20.000000000000007
-0.13496593015556185,1.4904004997731792,-20.000000000000007
-0.13496593015556185,1.490400499773179,-20.000000000000007
-0.1322518888393985,1.505849498802996,-20.000000000000007
-0.13496593015556185,1.4904004997731792,-20.000000000000007
-0.13162334867738157,1.512553191202664,-20.000000000000007
-0.13162334867738157,1.512553191202664,-20.000000000000007
-0.13160506288298884,1.513232596030673,-20.000000000000007
-0.12962373824809625,1.5255562980702626,-20.000000000000007
-0.13160506288298884,1.5132325960306734,-20.000000000000007
-0.12962373824809628,1.5255562980702628,-20.000000000000007
-0.12962373824809628,1.525556298070263,-20.000000000000007
-0.1296237382480963,1.525556298070263,-20.000000000000007
-0.1296237382480963,1.5255562980702628,-20.000000000000007
-0.12942838191366207,1.5266195020865654,-20.000000000000007
-0.12684286767579067,1.5197244813100856,-20.000000000000007
-0.12684286767579064,1.5197244813100856,-20.000000000000007
-0.12684286767579064,1.5197244813100859,-20.000000000000007
-0.12684286767579067,1.5197244813100856,-20.000000000000007
-0.1254040801820389,1.5225047004235046,-20.000000000000007
-0.1316233486773816,1.5125531912026637,-20.000000000000007
-0.1377468926182409,1.4138227263361496,-20.000000000000007
-0.18226034594502277,1.575240624019803,-20.000000000000007
-0.22117610000737897,1.937196569906587,-20.000000000000007
-0.22117610000737895,1.937196569906587,-20.000000000000007
-0.18942453257317313,1.5791548760255547,-20.000000000000007
-0.16015086704143033,1.4658572207674505,-20.000000000000007
-0.1296237382480963,1.5255562980702628,-20.000000000000007
-0.12405129492932988,1.5281230603556568,-20.000000000000007
-0.12405129492932988,1.5281230603556573,-20.000000000000007
-0.12405129492932987,1.5281230603556573,-20.000000000000007
-0.12405129492932987,1.528123060355657,-20.000000000000007
-0.12540407940220547,1.5225030507157356,-20.000000000000007
-0.12684286767579067,1.5197244813100859,-20.000000000000007
-0.12684286767579064,1.5197244813100856,-20.000000000000007
-0.12962373824809628,1.525556298070263,-20.000000000000007
-0.12942838191366204,1.5266195020865654,-20.000000000000007
-0.1284933585024709,1.5247118007304845,-20.000000000000007
-0.12962373824809628,1.5255562980702628,-20.000000000000007
-0.12962373824809628,1.5255562980702628,-20.000000000000007
-0.1316233486773816,1.5125531912026637,-20.000000000000007
-0.1316233486773816,1.5125531912026637,-20.000000000000007
-0.1316233486773816,1.512553191202664,-20.000000000000007
-0.13162334867738157,1.5125531912026637,-20.000000000000007
-0.13162334867738157,1.512553191202664,-20.000000000000007
-0.1316233486773816,1.512553191202664,-20.000000000000007
-0.13162334867738157,1.512553191202664,-20.000000000000007
-0.12962373824809628,1.525556298070263,-20.000000000000007
-0.12684286767579064,1.5197244813100856,-20.000000000000007
-0.12962373824809628,1.5255562980702628,-20.000000000000007
-0.13496593015556185,1.4904004997731792,-20.000000000000007
-0.13491732781638782,1.4901515886757668,-20.000000000000007
-0.13512382498128592,1.5053478241686364,-20.000000000000007
-0.13440189313651463,1.5090990011835177,-20.000000000000007
-0.1272250722318811,1.5343970159211404,-20.000000000000007
-0.12573082948264883,1.5392437174190683,-20.000000000000007
-0.11288322514341528,1.546351078808715,-20.000000000000007
-0.11240583658738618,1.5333027470460343,-20.000000000000007
-0.1109573479656689,1.5311353815265414,-20.000000000000007
-0.1109573479656689,1.5311353815265416,-20.000000000000007
-0.11023310443464365,1.5300533484745644,-20.000000000000007
-0.11023310443464365,1.5300533484745646,-20.000000000000007
-0.1102329398897883,1.5292120197188133,-20.000000000000007
-0.12405129492932988,1.528123060355657,-20.000000000000007
-0.1254040794022055,1.5225030507157356,-20.000000000000007
-0.12684286767579067,1.5197244813100856,-20.000000000000007
-0.1296237382480963,1.5255562980702628,-20.000000000000007
-0.1296237382480963,1.525556298070263,-20.000000000000007
-0.12962373824809628,1.525556298070263,-20.000000000000007
-0.1296237382480963,1.525556298070263,-20.000000000000007
-0.1296237382480963,1.525556298070263,-20.000000000000007
-0.12962373824809628,1.525556298070263,-20.000000000000007
-0.13160506288298887,1.5132325960306732,-20.000000000000007
-0.1296237382480963,1.525556298070263,-20.000000000000007
-0.1284933585024709,1.5247118007304847,-20.000000000000007
-0.12684286767579062,1.5197244813100859,-20.000000000000007
-0.12684286767579064,1.5197244813100856,-20.000000000000007
-0.12684286767579067,1.5197244813100859,-20.000000000000007
-0.12684286767579067,1.5197244813100856,-20.000000000000007
-0.12942838191366207,1.5266195020865656,-20.000000000000007
-0.1296237382480963,1.525556298070263,-20.000000000000007
-0.1296237382480963,1.525556298070263,-20.000000000000007
-0.12962373824809628,1.525556298070263,-20.000000000000007
-0.12962373824809628,1.5255562980702628,-20.000000000000007
-0.13160506288298887,1.5132325960306734,-20.000000000000007
-0.1316233486773816,1.512553191202664,-20.000000000000007
-0.13496593015556188,1.4904004997731792,-20.000000000000007
-0.13496593015556185,1.4904004997731792,-20.000000000000007
-0.1322518888393985,1.5058494988029958,-20.000000000000007
-0.1316233486773816,1.512553191202664,-20.000000000000007
-0.1316233486773816,1.512553191202664,-20.000000000000007
-0.13160506288298884,1.5132325960306732,-20.000000000000007
-0.1296237382480963,1.5255562980702626,-20.000000000000007
-0.12684286767579067,1.5197244813100856,-20.000000000000007
-0.12540407940220547,1.5225030507157353,-20.000000000000007
-0.1247755384603551,1.5292050934076347,-20.000000000000007
-0.12477553846035512,1.5292050934076344,-20.000000000000007
-0.1124058365873862,1.5333027470460343,-20.000000000000007
-0.11240583658738619,1.5333027470460345,-20.000000000000007
-0.1102329398897883,1.5292120197188135,-20.000000000000007
-0.11022610724915125,1.5498308500002487,-20.000000000000007
-0.11022577815944051,1.5481481924887464,-20.000000000000007
-0.11022577815944053,1.5481481924887464,-20.000000000000007
-0.11022577815944051,1.5481481924887464,-20.000000000000007
-0.11022577815944051,1.5481481924887466,-20.000000000000007
-0.11022577815944053,1.5481481924887464,-20.000000000000007
-0.11287733272195968,1.5651796829266773,-20.000000000000007
-0.1128773327219597,1.5651796829266773,-20.000000000000007
-0.11023216213590639,1.5313395110577366,-20.000000000000007
-0.12684286767579064,1.5197244813100856,-20.000000000000007
-0.14969871320520375,1.437675006587023,-20.000000000000007
-0.1888385964664855,1.574386719126825,-20.000000000000007
-0.2371354259484522,1.9039820194760924,-20.000000000000007
-0.2612860966500917,1.7638263203536773,-20.000000000000007
-0.26443354651584017,1.7602609374540505,-20.000000000000007
-0.28011681502668095,1.5081261530810859,-20.000000000000007
-0.27872285999479984,1.5410216059235349,-20.000000000000007
-0.2801168150266809,1.5081261530810859,-20.000000000000007
-0.28090866114867413,1.510432907168365,-20.000000000000007
-0.279371143037495,1.525713678077813,-20.000000000000007
-0.27872285999479984,1.5410216059235349,-20.000000000000007
-0.2571157735117371,1.7690798502244298,-20.000000000000007
-0.2553287874636564,1.7682139091919238,-20.000000000000007
-0.2442189784490007,1.8283794718169295,-20.000000000000007
-0.2277284399130113,1.9230621957348464,-20.000000000000007
-0.20464110895086832,1.7505247520690403,-20.000000000000007
-0.1822099663654441,1.5747645545787243,-20.000000000000007
-0.18832435454185534,1.5729018912430375,-20.000000000000007
-0.1822099663654441,1.5747645545787246,-20.000000000000007
-0.20439732625967244,1.746575434342086,-20.000000000000007
-0.2130706782047891,1.853923206526925,-20.000000000000007
-0.18191979229284239,1.5712507065441945,-20.000000000000007
-0.18837473412143405,1.573377960684116,-20.000000000000007
-0.14975415741304388,1.4356391577721634,-20.000000000000007
-0.13559501490126288,1.4971204706629226,-20.000000000000007
-0.13559501490126288,1.4971204706629226,-20.000000000000007
-0.13559501490126286,1.4971204706629224,-20.000000000000007
-0.13634314369070832,1.469091816603712,-20.000000000000007
-0.14969871320520373,1.437675006587023,-20.000000000000007
-0.13766089245675406,1.4109848407592602,-20.000000000000007
-0.16270023080057264,1.4821412217524916,-20.000000000000007
-0.14969871320520373,1.4376750065870232,-20.000000000000007
-0.17933485877093763,1.5832655028315095,-20.000000000000007
-0.17337853243457835,1.5519365666422185,-20.000000000000007
-0.179509115801908,1.5810607140359072,-20.000000000000007
-0.1822603459450228,1.5752406240198031,-20.000000000000007
-0.17917386072802038,1.5901780441278877,-20.000000000000007
-0.18226034594502277,1.575240624019803,-20.000000000000007
-0.17917386072802036,1.5901780441278879,-20.000000000000007
-0.18842511370101273,1.5738540301251949,-20.000000000000007
-0.18226034594502277,1.575240624019803,-20.000000000000007
-0.18945532208693444,1.576362771578332,-20.000000000000007
-0.18159448893339833,1.5695762451319148,-20.000000000000007
-0.17506089947291542,1.5708181048611018,-20.000000000000007
-0.1822099663654441,1.5747645545787246,-20.000000000000007
-0.18226034594502277,1.5752406240198031,-20.000000000000007
-0.2013109492445595,1.7056980742635648,-20.000000000000007
-0.22126242425464532,1.931572772841563,-20.000000000000007
-0.23097115312675073,1.9116541230441981,-20.000000000000007
-0.23787954483436072,1.9021277516891228,-20.000000000000007
-0.25092699487915726,1.7293448897710837,-20.000000000000007
-0.25715985229708327,1.7704114072995514,-20.000000000000007
-0.2646014558325994,1.7627589679718105,-20.000000000000007
-0.2763579095573766,1.6147991334610237,-20.000000000000007
-0.2707757720966526,1.7131708972600883,-20.000000000000007
-0.26974826017980025,1.7283075758711353,-20.000000000000007
-0.26666470768890577,1.7624571811618883,-20.000000000000007
-0.26535543506246706,1.7669455265133258,-20.000000000000007
-0.24329569218090885,1.8364921595962787,-20.000000000000007
-0.22138700232139466,1.92869526337629,-20.000000000000007
-0.18886938598024683,1.5715946146796027,-20.000000000000007
-0.1822099663654441,1.5747645545787246,-20.000000000000007
-0.17290193164029358,1.5634266892642623,-20.000000000000007
-0.17230075622352387,1.5935140864154091,-20.000000000000007
-0.17177201680536935,1.5990902493924237,-20.000000000000007
-0.14956704378807442,1.4816374407249462,-20.000000000000007
-0.1377468926182409,1.4138227263361494,-20.000000000000007
-0.13496593015556188,1.490400499773179,-20.000000000000007
-0.1352364542451437,1.4956132648969094,-20.000000000000007
-0.13500799762049986,1.4901723146345818,-20.000000000000007
-0.13766089245675403,1.4109848407592605,-20.000000000000007
-0.1363431436907083,1.4690918166037121,-20.000000000000007
-0.15188571630985698,1.4022628753804087,-20.000000000000007
-0.16226514651890211,1.479978094344565,-20.000000000000007
-0.1617536389502492,1.4767475548411566,-20.000000000000007
-0.17716407672167844,1.5760687284044745,-20.000000000000007
-0.17259283802865877,1.5472393109831908,-20.000000000000007
-0.17950911580190798,1.5810607140359072,-20.000000000000007
-0.17950911580190804,1.5810607140359072,-20.000000000000007
-0.18110619219721427,1.5615965088310684,-20.000000000000007
-0.179509115801908,1.5810607140359072,-20.000000000000007
-0.180374903390968,1.5624216849117096,-20.000000000000007
-0.17716407672167847,1.5760687284044748,-20.000000000000007
-0.17917386072802038,1.5901780441278879,-20.000000000000007
-0.17694296547815702,1.5727431410120194,-20.000000000000007
-0.1822603459450228,1.5752406240198034,-20.000000000000007
-0.180374903390968,1.5624216849117096,-20.000000000000007
-0.17487637944398765,1.5707435858809558,-20.000000000000007
-0.1729416380295266,1.558792958089759,-20.000000000000007
-0.18220996636544406,1.5747645545787246,-20.000000000000007
-0.22085600080139556,1.9394481493155233,-20.000000000000007
-0.23478404220835924,1.9261483817283198,-20.000000000000007
-0.2644335465158401,1.7602609374540505,-20.000000000000007
-0.27069466483760557,1.7110862402984541,-20.000000000000007
-0.2801505685248738,1.5049249248193288,-20.000000000000007
-0.2796505477078005,1.5205278537775686,-20.000000000000007
-0.28015056852487374,1.504924924819329,-20.000000000000007
-0.2814276432258695,1.5247664416818103,-20.000000000000007
-0.2786975700613999,1.5412398948221346,-20.000000000000007
-0.27873101659765587,1.540481016840682,-20.000000000000007
-0.25717858246656333,1.7692785792686196,-20.000000000000007
-0.2484004524256817,1.770686816894895,-20.000000000000007
-0.23173800461227242,1.913286973414019,-20.000000000000007
-0.21297145694215708,1.8551211557628875,-20.000000000000007
-0.18837473412143407,1.5733779606841163,-20.000000000000007
-0.18226034594502277,1.575240624019803,-20.000000000000007
-0.17716407672167844,1.5760687284044743,-20.000000000000007
-0.1822099663654441,1.5747645545787246,-20.000000000000007
-0.1822099663654441,1.5747645545787243,-20.000000000000007
-0.17825534106184443,1.5837285229747724,-20.000000000000007
-0.18837473412143407,1.573377960684116,-20.000000000000007
-0.17337853243457832,1.5519365666422185,-20.000000000000007
-0.17933485877093766,1.5832655028315092,-20.000000000000007
-0.17359964367809982,1.5552621540346738,-20.000000000000007
-0.1363431436907083,1.4690918166037121,-20.000000000000007
-0.1497541574130439,1.4356391577721634,-20.000000000000007
-0.13634314369070832,1.469091816603712,-20.000000000000007
-0.1742675836248365,1.5596310191219986,-20.000000000000007
-0.16491224342351887,1.4962079272044329,-20.000000000000007
-0.1489623238983579,1.441250436214657,-20.000000000000007
-0.17950911580190798,1.5810607140359074,-20.000000000000007
-0.1377468926182409,1.4138227263361494,-20.000000000000007
-0.179509115801908,1.5810607140359074,-20.000000000000007
-0.18067000068203443,1.5594198148107745,-20.000000000000007
-0.1627002308005726,1.4821412217524914,-20.000000000000007
-0.18226034594502277,1.575240624019803,-20.000000000000007
-0.16015086704143036,1.4658572207674505,-20.000000000000007
-0.18110619219721427,1.5615965088310682,-20.000000000000007
-0.18226034594502277,1.575240624019803,-20.000000000000007
-0.18067000068203443,1.5594198148107745,-20.000000000000007
-0.18832435454185534,1.5729018912430375,-20.000000000000007
-0.16123712368117582,1.506656613759873,-20.000000000000007
-0.1608386151474025,1.5077525071262454,-20.000000000000007
-0.16015086704143036,1.4658572207674507,-20.000000000000007
-0.17917386072802038,1.5901780441278879,-20.000000000000007
-0.18942453257317313,1.5791548760255547,-20.000000000000007
-0.2182751281321456,1.9327711581825626,-20.000000000000007
-0.229920792934992,1.9267144829893357,-20.000000000000007
-0.24451821561584364,1.8284025365562284,-20.000000000000007
-0.24753611064781525,1.7981305890838024,-20.000000000000007
-0.25606497063453026,1.7672901528174136,-20.000000000000007
-0.26283922852137537,1.766062204947628,-20.000000000000007
-0.25684446711924497,1.7689122919090599,-20.000000000000007
-0.2637701223895831,1.7618815459474435,-20.000000000000007
-0.25361892330334607,1.7628279077421503,-20.000000000000007
-0.24903640126530172,1.7521989410410854,-20.000000000000007
-0.24336808301417076,1.8315248182011774,-20.000000000000007
-0.21896327629267134,1.929728595401465,-20.000000000000007
-0.18886938598024677,1.5715946146796025,-20.000000000000007
-0.18110619219721427,1.5615965088310682,-20.000000000000007
-0.16015086704143033,1.4658572207674503,-20.000000000000007
-0.15844171285447897,1.4842551619968956,-20.000000000000007
-0.1601913582030462,1.5101051593624797,-20.000000000000007
-0.15097162336819045,1.4462846489663432,-20.000000000000007
-0.16824577675426547,1.5713804974097525,-20.000000000000007
-0.1608386151474025,1.5077525071262454,-20.000000000000007
-0.1497541574130439,1.4356391577721634,-20.000000000000007
-0.1627002308005726,1.4821412217524916,-20.000000000000007
-0.14969871320520373,1.4376750065870232,-20.000000000000007
-0.14975414285615304,1.435613454864934,-20.000000000000007
-0.14969871320520373,1.4376750065870232,-20.000000000000007
-0.14896232389835787,1.4412504362146568,-20.000000000000007
-0.15280423597603296,1.4087123965335244,-20.000000000000007
-0.1377468926182409,1.4138227263361496,-20.000000000000007
-0.16270023080057264,1.4821412217524914,-20.000000000000007
-0.1509864912825978,1.3992341320455808,-20.000000000000007
-0.17259283802865874,1.5472393109831908,-20.000000000000007
-0.1811061921972143,1.5615965088310682,-20.000000000000007
-0.1509864912825978,1.3992341320455803,-20.000000000000007
-0.1822603459450228,1.5752406240198031,-20.000000000000007
-0.17426758362483646,1.5596310191219986,-20.000000000000007
-0.17917386072802038,1.5901780441278874,-20.000000000000007
-0.18842511370101273,1.5738540301251949,-20.000000000000007
-0.16491224342351885,1.4962079272044326,-20.000000000000007
-0.18888897604606414,1.5748627885679038,-20.000000000000007
-0.18220996636544406,1.5747645545787243,-20.000000000000007
-0.18886938598024677,1.5715946146796027,-20.000000000000007
-0.18945532208693447,1.576362771578332,-20.000000000000007
-0.18268918681520463,1.5745107525415731,-20.000000000000007
-0.22106980916471702,1.9347304423368343,-20.000000000000007
-0.23307203896492917,1.9183609715199728,-20.000000000000007
-0.25942307807656706,1.7731808848390407,-20.000000000000007
-0.26563253769695755,1.7626593578521803,-20.000000000000007
-0.2799303887599006,1.5136879349395191,-20.000000000000007
-0.2801168150266809,1.5081261530810863,-20.000000000000007
-0.2760762674149659,1.6123864112255912,-20.000000000000007
-0.26563253769695755,1.7626593578521805,-20.000000000000007
-0.2796505477078005,1.5205278537775686,-20.000000000000007
-0.2775788011258569,1.567804174716799,-20.000000000000007
-0.2707062827311749,1.7118012158131548,-20.000000000000007
-0.26908226728219925,1.737313936565564,-20.000000000000007
-0.24889968223170467,1.7664111245118415,-20.000000000000007
-0.2203653073121267,1.9351127532832417,-20.000000000000007
-0.21922162412794233,1.9329791594168277,-20.000000000000007
-0.18888897604606417,1.5748627885679038,-20.000000000000007
-0.18220996636544406,1.5747645545787243,-20.000000000000007
-0.18837473412143407,1.5733779606841163,-20.000000000000007
-0.18220996636544406,1.5747645545787246,-20.000000000000007
-0.18886938598024677,1.5715946146796025,-20.000000000000007
-0.1889505550735868,1.5692785796734583,-20.000000000000007
-0.18832435454185534,1.5729018912430373,-20.000000000000007
-0.17716407672167847,1.5760687284044748,-20.000000000000007
-0.13766089245675406,1.4109848407592605,-20.000000000000007
-0.13505647193701792,1.4933154606281192,-20.000000000000007
-0.13559501490126286,1.4971204706629226,-20.000000000000007
-0.1352364542451437,1.4956132648969094,-20.000000000000007
-0.13559501490126286,1.4971204706629224,-20.000000000000007
-0.1377468926182409,1.4138227263361496,-20.000000000000007
-0.13559501490126286,1.4971204706629226,-20.000000000000007
-0.16015086704143036,1.4658572207674505,-20.000000000000007
-0.14969871320520375,1.4376750065870232,-20.000000000000007
-0.17548244831557921,1.566996165209496,-20.000000000000007
-0.17259283802865877,1.5472393109831908,-20.000000000000007
-0.17917386072802038,1.5901780441278877,-20.000000000000007
-0.17716407672167844,1.5760687284044745,-20.000000000000007
-0.17950911580190798,1.5810607140359072,-20.000000000000007
-0.17917386072802036,1.5901780441278877,-20.000000000000007
-0.17825534106184443,1.5837285229747724,-20.000000000000007
-0.17950911580190798,1.5810607140359074,-20.000000000000007
-0.1627002308005726,1.4821412217524914,-20.000000000000007
-0.1822099663654441,1.5747645545787243,-20.000000000000007
-0.16065409511847467,1.5076779881460989,-20.000000000000007
-0.17917386072802038,1.5901780441278879,-20.000000000000007
-0.17950911580190798,1.5810607140359072,-20.000000000000007
-0.1822603459450228,1.575240624019803,-20.000000000000007
-0.21248743473298976,1.8569242044846717,-20.000000000000007
-0.23090645405062976,1.911544970233989,-20.000000000000007
-0.24431076490960954,1.8291243725315858,-20.000000000000007
-0.24755077931477928,1.7988804440720865,-20.000000000000007
-0.254962086841128,1.771807764152899,-20.000000000000007
-0.2645551533522055,1.7623413099094312,-20.000000000000007
-0.27653828395925634,1.611646186148894,-20.000000000000007
-0.27730670677666197,1.58611991636711,-20.000000000000007
-0.25660574431232375,1.7685855559320771,-20.000000000000007
-0.25320965709727117,1.7492660097322643,-20.000000000000007
-0.2552234907786554,1.76546605164748,-20.000000000000007
-0.2481088845307823,1.787837359660509,-20.000000000000007
-0.2356992758513869,1.92148071225109,-20.000000000000007
-0.2129563632659695,1.85535961505459,-20.000000000000007
-0.18220996636544406,1.5747645545787243,-20.000000000000007
-0.18945532208693444,1.5763627715783315,-20.000000000000007
-0.18160651071570239,1.5652941697295792,-20.000000000000007
-0.2108830769678891,1.8406422820217243,-20.000000000000007
-0.21939372147519293,1.9217736305607287,-20.000000000000007
-0.18615639672437706,1.6073672656103335,-20.000000000000007
-0.18885818653230282,1.5776548930151266,-20.000000000000007
-0.1754824483155792,1.5669961652094957,-20.000000000000007
-0.1497541574130439,1.4356391577721634,-20.000000000000007
-0.13559501490126286,1.4971204706629226,-20.000000000000007
-0.1350079976204999,1.4901723146345818,-20.000000000000007
-0.13559501490126288,1.4971204706629226,-20.000000000000007
-0.13766033188648455,1.4110074467856226,-20.000000000000007
-0.13559501490126286,1.4971204706629226,-20.000000000000007
-0.14975414285615307,1.4356134548649337,-20.000000000000007
-0.1489623238983579,1.4412504362146568,-20.000000000000007
-0.16226514651890211,1.4799780943445653,-20.000000000000007
-0.17825534106184446,1.5837285229747722,-20.000000000000007
-0.17337853243457832,1.5519365666422185,-20.000000000000007
-0.1811061921972143,1.5615965088310682,-20.000000000000007
-0.1735996436780998,1.555262154034674,-20.000000000000007
-0.17716407672167844,1.5760687284044745,-20.000000000000007
-0.17933485877093763,1.5832655028315092,-20.000000000000007
-0.17917386072802038,1.5901780441278879,-20.000000000000007
-0.18842511370101273,1.5738540301251946,-20.000000000000007
-0.1883243545418553,1.5729018912430373,-20.000000000000007
-0.18157370520253227,1.568158966131011,-20.000000000000007
-0.1723268124082626,1.5925309241278378,-20.000000000000007
-0.17917386072802038,1.5901780441278879,-20.000000000000007
-0.18888897604606417,1.5748627885679038,-20.000000000000007
-0.21067656375141947,1.8287123508592722,-20.000000000000007
-0.24874625585157883,1.7701760576307424,-20.000000000000007
-0.2502845554208488,1.7235141714337494,-20.000000000000007
-0.2498374696975298,1.7350726326056742,-20.000000000000007
-0.25624042074567416,1.7660717062767883,-20.000000000000007
-0.25515546662272803,1.7670831900290072,-20.000000000000007
-0.2559185070622395,1.7650215225375847,-20.000000000000007
-0.2645581026822671,1.7629302717530588,-20.000000000000007
-0.25706886399599804,1.771140563978548,-20.000000000000007
-0.2503431653625295,1.711344150134037,-20.000000000000007
-0.2563266999575595,1.7687420527684,-20.000000000000007
-0.25359754377973354,1.7677482663024282,-20.000000000000007
-0.23440823261138902,1.9331740021179946,-20.000000000000007
-0.2291202052050922,1.9262339835287352,-20.000000000000007
-0.20464110895086832,1.7505247520690406,-20.000000000000007
-0.1891192387649498,1.5756732257028956,-20.000000000000007
-0.1990183180906803,1.6780788633052999,-20.000000000000007
-0.18888897604606414,1.5748627885679043,-20.000000000000007
-0.20159295313220618,1.7091530657260487,-20.000000000000007
-0.18842511370101273,1.5738540301251946,-20.000000000000007
-0.1822603459450228,1.575240624019803,-20.000000000000007
-0.1742675836248365,1.5596310191219989,-20.000000000000007
-0.13766089245675403,1.4109848407592605,-20.000000000000007
-0.13559501490126286,1.4971204706629224,-20.000000000000007
-0.13496593015556185,1.4904004997731792,-20.000000000000007
-0.13559501490126288,1.4971204706629226,-20.000000000000007
-0.13559501490126286,1.4971204706629226,-20.000000000000007
-0.13766089245675403,1.4109848407592605,-20.000000000000007
-0.1377468926182409,1.4138227263361496,-20.000000000000007
-0.1489623238983579,1.441250436214657,-20.000000000000007
-0.1489623238983579,1.4412504362146568,-20.000000000000007
-0.1489623238983579,1.441250436214657,-20.000000000000007
-0.1489623238983579,1.4412504362146568,-20.000000000000007
-0.1489623238983579,1.441250436214657,-20.000000000000007
-0.14969871320520373,1.437675006587023,-20.000000000000007
-0.14969871320520373,1.4376750065870232,-20.000000000000007
-0.14969871320520375,1.4376750065870234,-20.000000000000007
-0.14969871320520375,1.437675006587023,-20.000000000000007
-0.14969871320520373,1.437675006587023,-20.000000000000007
-0.14969871320520375,1.4376750065870232,-20.000000000000007
-0.14969871320520373,1.437675006587023,-20.000000000000007
-0.1377468926182409,1.4138227263361496,-20.000000000000007
-0.13766089245675406,1.4109848407592605,-20.000000000000007
-0.15098649128259778,1.3992341320455806,-20.000000000000007
-0.17950911580190798,1.5810607140359074,-20.000000000000007
-0.1891192387649498,1.5756732257028958,-20.000000000000007
-0.22151186158308442,1.9376978287696403,-20.000000000000007
-0.2324663770364199,1.9154094041285454,-20.000000000000007
-0.24975166384454117,1.74026753728837,-20.000000000000007
-0.2502845554208488,1.7235141714337492,-20.000000000000007
-0.256320887858948,1.7683078663334435,-20.000000000000007
-0.26429340986220207,1.7623587395462441,-20.000000000000007
-0.2552570595538026,1.7650003998912396,-20.000000000000007
-0.25350750661549787,1.7636607932167516,-20.000000000000007
-0.24745591114738286,1.798698472355619,-20.000000000000007
-0.234358546628667,1.931932310877855,-20.000000000000007
-0.2129327072135938,1.855155187607469,-20.000000000000007
-0.18888897604606414,1.574862788567904,-20.000000000000007
-0.18226034594502277,1.5752406240198031,-20.000000000000007
-0.14969871320520375,1.4376750065870232,-20.000000000000007
-0.1509864912825978,1.3992341320455806,-20.000000000000007
-0.14969871320520373,1.4376750065870234,-20.000000000000007
-0.13766089245675406,1.4109848407592605,-20.000000000000007
-0.14969871320520373,1.437675006587023,-20.000000000000007
-0.13496593015556188,1.490400499773179,-20.000000000000007
-0.13162334867738157,1.5125531912026637,-20.000000000000007
-0.1254040801820389,1.5225047004235046,-20.000000000000007
-0.1102321621359064,1.5313395110577366,-20.000000000000007
-0.1102329398897883,1.5292120197188135,-20.000000000000007
-0.1102329398897883,1.5292120197188133,-20.000000000000007
-0.11023216213590639,1.5313395110577366,-20.000000000000007
-0.11022610724915125,1.5498308500002485,-20.000000000000007
-0.11022610724915125,1.5498308500002485,-20.000000000000007
-0.11022577919921847,1.5484002242788966,-20.000000000000007
-0.11022577815944053,1.5481481924887466,-20.000000000000007
-0.11022577815944051,1.5481481924887466,-20.000000000000007
-0.11022577815944054,1.5481481924887461,-20.000000000000007
-0.11022577815944053,1.5481481924887466,-20.000000000000007
-0.11022577815944053,1.5481481924887461,-20.000000000000007
-0.11022577815944051,1.5481481924887466,-20.000000000000007
-0.1102321621359064,1.5313395110577368,-20.000000000000007
-0.11161013015990386,1.5393901157399101,-20.000000000000007
-0.1128832251434153,1.5463510788087147,-20.000000000000007
-0.1257308294826488,1.539243717419068,-20.000000000000007
-0.12722507223188106,1.5343970159211404,-20.000000000000007
-0.12722507223188106,1.5343970159211406,-20.000000000000007
-0.12793961775427448,1.530538063171283,-20.000000000000007
-0.13505394683634653,1.4898994611030376,-20.000000000000007
-0.16491224342351887,1.4962079272044329,-20.000000000000007
-0.20437906386028287,1.746916092709036,-20.000000000000007
-0.24515368492288556,1.8222595246720872,-20.000000000000007
-0.2645600880082273,1.7622864259984372,-20.000000000000007
-0.28035323293839765,1.5049414149407445,-20.000000000000007
-0.2796505477078005,1.5205278537775684,-20.000000000000007
-0.28091524268294427,1.5101868425258596,-20.000000000000007
-0.2796505477078005,1.5205278537775686,-20.000000000000007
-0.2567883879320282,1.769635056597519,-20.000000000000007
-0.2563420079579703,1.7685735016033912,-20.000000000000007
-0.2461083143214935,1.816116149255602,-20.000000000000007
-0.2319692397184688,1.9142976453010259,-20.000000000000007
-0.23090645405062973,1.911544970233989,-20.000000000000007
-0.21248743473298978,1.8569242044846717,-20.000000000000007
-0.1925488884514961,1.6080217107239954,-20.000000000000007
-0.18226034594502277,1.575240624019803,-20.000000000000007
-0.14975414285615304,1.435613454864934,-20.000000000000007
-0.16015086704143033,1.4658572207674505,-20.000000000000007
-0.13774689261824094,1.4138227263361494,-20.000000000000007
-0.16175363895024922,1.4767475548411566,-20.000000000000007
-0.1622651465189021,1.479978094344565,-20.000000000000007
-0.13766089245675406,1.4109848407592605,-20.000000000000007
-0.1377468926182409,1.4138227263361496,-20.000000000000007
-0.13496593015556185,1.4904004997731792,-20.000000000000007
-0.13496593015556185,1.490400499773179,-20.000000000000007
-0.1352364542451437,1.4956132648969094,-20.000000000000007
-0.13559501490126286,1.4971204706629222,-20.000000000000007
-0.1363431436907083,1.4690918166037121,-20.000000000000007
-0.14975414285615304,1.4356134548649337,-20.000000000000007
-0.1377468926182409,1.4138227263361496,-20.000000000000007
-0.16015086704143036,1.4658572207674503,-20.000000000000007
-0.14975415741304388,1.4356391577721637,-20.000000000000007
-0.16226514651890211,1.4799780943445653,-20.000000000000007
-0.16491224342351885,1.4962079272044329,-20.000000000000007
-0.1377468926182409,1.4138227263361494,-20.000000000000007
-0.17259283802865877,1.547239310983191,-20.000000000000007
-0.13766089245675406,1.4109848407592605,-20.000000000000007
-0.16491224342351887,1.4962079272044329,-20.000000000000007
-0.1509864912825978,1.3992341320455806,-20.000000000000007
-0.17548244831557921,1.566996165209496,-20.000000000000007
-0.16491224342351887,1.4962079272044329,-20.000000000000007
-0.17716407672167844,1.5760687284044745,-20.000000000000007
-0.1754824483155792,1.566996165209496,-20.000000000000007
-0.13538760195196436,1.4982772609475223,-20.000000000000007
-0.17694296547815702,1.5727431410120192,-20.000000000000007
-0.1735996436780998,1.5552621540346738,-20.000000000000007
-0.20438912631107453,1.746757119847901,-20.000000000000007
-0.24352941008181264,1.837172709935773,-20.000000000000007
-0.24950546769882767,1.7506184474221236,-20.000000000000007
-0.25052408633016987,1.7228946145977087,-20.000000000000007
-0.25356064427098746,1.7667014538198775,-20.000000000000007
-0.2502845554208488,1.7235141714337492,-20.000000000000007
-0.2520375732890898,1.7449879091522758,-20.000000000000007
-0.27077577209665254,1.713170897260088,-20.000000000000007
-0.28015056852487374,1.5049249248193286,-20.000000000000007
-0.2802424863224308,1.5048217717977548,-20.000000000000007
-0.28036072694277603,1.5048723894125566,-20.000000000000007
-0.2570701348645571,1.7713929192899096,-20.000000000000007
-0.2214046116102802,1.9284170608693036,-20.000000000000007
-0.2046310465000766,1.7506837249301754,-20.000000000000007
-0.17950911580190798,1.5810607140359072,-20.000000000000007
-0.17426758362483646,1.5596310191219986,-20.000000000000007
-0.17716407672167844,1.5760687284044748,-20.000000000000007
-0.17917386072802038,1.5901780441278879,-20.000000000000007
-0.18220996636544406,1.5747645545787243,-20.000000000000007
-0.17917386072802036,1.5901780441278877,-20.000000000000007
-0.1742675836248365,1.5596310191219989,-20.000000000000007
-0.14975414285615307,1.4356134548649337,-20.000000000000007
-0.13559501490126286,1.4971204706629224,-20.000000000000007
-0.13559501490126286,1.4971204706629226,-20.000000000000007
-0.13559501490126286,1.4971204706629224,-20.000000000000007
-0.1352364542451437,1.4956132648969094,-20.000000000000007
-0.13766033188648455,1.4110074467856226,-20.000000000000007
-0.1352364542451437,1.4956132648969092,-20.000000000000007
-0.13541503259313706,1.4948226663941326,-20.000000000000007
-0.13559501490126286,1.4971204706629222,-20.000000000000007
-0.13496593015556185,1.4904004997731792,-20.000000000000007
-0.13559501490126288,1.4971204706629224,-20.000000000000007
-0.1352364542451437,1.4956132648969094,-20.000000000000007
-0.13559501490126286,1.4971204706629224,-20.000000000000007
-0.13766089245675403,1.4109848407592602,-20.000000000000007
-0.13634314369070832,1.4690918166037121,-20.000000000000007
-0.1377468926182409,1.4138227263361496,-20.000000000000007
-0.14969871320520373,1.437675006587023,-20.000000000000007
-0.14975414285615307,1.435613454864934,-20.000000000000007
-0.151885716309857,1.402262875380409,-20.000000000000007
-0.14975415741304388,1.4356391577721637,-20.000000000000007
-0.1489623238983579,1.441250436214657,-20.000000000000007
-0.14975414285615307,1.435613454864934,-20.000000000000007
-0.17950911580190798,1.5810607140359074,-20.000000000000007
-0.1894245325731731,1.5791548760255547,-20.000000000000007
-0.23550427551091696,1.918890541091363,-20.000000000000007
-0.2618614154544967,1.7671144604825741,-20.000000000000007
-0.2657712868319514,1.7641414463425071,-20.000000000000007
-0.2794258240158509,1.523081135367301,-20.000000000000007
-0.2761110267358282,1.6141493818693062,-20.000000000000007
-0.27585738772981266,1.6174579847012427,-20.000000000000007
-0.2765382839592563,1.611646186148894,-20.000000000000007
-0.2765382839592563,1.611646186148894,-20.000000000000007
-0.2628316134478558,1.7656476367429523,-20.000000000000007
-0.2489597381145511,1.7659134401048047,-20.000000000000007
-0.2461083143214935,1.8161161492556017,-20.000000000000007
-0.22029259161325182,1.940007286674711,-20.000000000000007
-0.18942453257317313,1.5791548760255545,-20.000000000000007
-0.18226034594502277,1.575240624019803,-20.000000000000007
-0.14975414285615307,1.4356134548649337,-20.000000000000007
-0.14975414285615307,1.435613454864934,-20.000000000000007
-0.14896232389835787,1.441250436214657,-20.000000000000007
-0.14969871320520373,1.4376750065870232,-20.000000000000007
-0.14969871320520373,1.437675006587023,-20.000000000000007
-0.13559501490126286,1.4971204706629224,-20.000000000000007
-0.1377468926182409,1.4138227263361496,-20.000000000000007
-0.1352364542451437,1.4956132648969092,-20.000000000000007
-0.1377468926182409,1.4138227263361496,-20.000000000000007
-0.13766089245675406,1.4109848407592607,-20.000000000000007
-0.14896232389835787,1.441250436214657,-20.000000000000007
-0.13766089245675406,1.4109848407592602,-20.000000000000007
-0.1489623238983579,1.441250436214657,-20.000000000000007
-0.1377468926182409,1.4138227263361498,-20.000000000000007
-0.14969871320520373,1.4376750065870232,-20.000000000000007
-0.14975414285615304,1.435613454864934,-20.000000000000007
-0.14975415741304388,1.4356391577721637,-20.000000000000007
-0.15098649128259778,1.3992341320455803,-20.000000000000007
-0.16015086704143036,1.4658572207674505,-20.000000000000007
-0.16015086704143033,1.4658572207674505,-20.000000000000007
-0.16226514651890211,1.4799780943445653,-20.000000000000007
-0.16015086704143033,1.4658572207674503,-20.000000000000007
-0.1617536389502492,1.4767475548411566,-20.000000000000007
-0.15280423597603293,1.4087123965335242,-20.000000000000007
-0.16226514651890211,1.4799780943445653,-20.000000000000007
-0.16015086704143036,1.4658572207674507,-20.000000000000007
-0.14975415741304388,1.4356391577721634,-20.000000000000007
-0.14975414285615307,1.435613454864934,-20.000000000000007
-0.14969871320520373,1.437675006587023,-20.000000000000007
-0.18226034594502277,1.5752406240198031,-20.000000000000007
-0.18842511370101275,1.5738540301251949,-20.000000000000007
-0.23090645405062976,1.911544970233989,-20.000000000000007
-0.24610831432149347,1.8161161492556017,-20.000000000000007
-0.2488996822317046,1.7664111245118415,-20.000000000000007
-0.25377152838888967,1.7682218800440648,-20.000000000000007
-0.2571198158433478,1.7702188819205942,-20.000000000000007
-0.2560230792819769,1.767232864400826,-20.000000000000007
-0.2559992603093989,1.7682132022059607,-20.000000000000007
-0.26455810268226704,1.7629302717530588,-20.000000000000007
-0.2563524128206272,1.766042109020966,-20.000000000000007
-0.25512975375966035,1.769783133776441,-20.000000000000007
-0.2502845554208488,1.7235141714337492,-20.000000000000007
-0.2194162957036321,1.934944495264261,-20.000000000000007
-0.19303815211615682,1.6120202560143864,-20.000000000000007
-0.180374903390968,1.5624216849117099,-20.000000000000007
-0.14975414285615307,1.435613454864934,-20.000000000000007
-0.14975415741304388,1.4356391577721637,-20.000000000000007
-0.13559501490126286,1.4971204706629229,-20.000000000000007
-0.14975414285615307,1.435613454864934,-20.000000000000007
-0.13766089245675403,1.4109848407592605,-20.000000000000007
-0.13559501490126288,1.4971204706629224,-20.000000000000007
-0.13766089245675406,1.4109848407592605,-20.000000000000007
-0.1322518888393985,1.505849498802996,-20.000000000000007
-0.13505647193701795,1.4933154606281192,-20.000000000000007
-0.13523645424514372,1.4956132648969094,-20.000000000000007
-0.1352364542451437,1.4956132648969094,-20.000000000000007
-0.13634314369070832,1.4690918166037121,-20.000000000000007
-0.13559501490126288,1.4971204706629226,-20.000000000000007
-0.13766033188648455,1.4110074467856226,-20.000000000000007
-0.1363431436907083,1.469091816603712,-20.000000000000007
-0.13766089245675403,1.4109848407592605,-20.000000000000007
-0.1363431436907083,1.4690918166037124,-20.000000000000007
-0.13766089245675403,1.4109848407592605,-20.000000000000007
-0.13766089245675403,1.4109848407592605,-20.000000000000007
-0.1363431436907083,1.469091816603712,-20.000000000000007
-0.13766089245675403,1.4109848407592605,-20.000000000000007
-0.13541503259313709,1.4948226663941326,-20.000000000000007
-0.13559501490126286,1.4971204706629224,-20.000000000000007
-0.13559501490126286,1.4971204706629226,-20.000000000000007
-0.1362648890948696,1.4776041952523142,-20.000000000000007
-0.13774689261824094,1.4138227263361496,-20.000000000000007
-0.13766089245675406,1.4109848407592602,-20.000000000000007
-0.13766089245675403,1.4109848407592605,-20.000000000000007
-0.17950911580190798,1.5810607140359072,-20.000000000000007
-0.20138593308898806,1.7056697537896857,-20.000000000000007
-0.2344270817704544,1.927284921421973,-20.000000000000007
-0.2646806425893407,1.7627334393477385,-20.000000000000007
-0.28019136580360704,1.5078449789062125,-20.000000000000007
-0.28224840570170656,1.5366983250831803,-20.000000000000007
-0.28147985274959597,1.5255570079449203,-20.000000000000007
-0.2762375751492372,1.6097422061583702,-20.000000000000007
-0.2664591545773702,1.764260152461651,-20.000000000000007
-0.2664591545773702,1.764260152461651,-20.000000000000007
-0.2665884889132424,1.760581343231797,-20.000000000000007
-0.26367602313795624,1.7593222192529463,-20.000000000000007
-0.25363959987210055,1.7640771185418005,-20.000000000000007
-0.22733561155602627,1.9262788439550507,-20.000000000000007
-0.1926726844752796,1.6078003855443996,-20.000000000000007
-0.18226034594502277,1.575240624019803,-20.000000000000007
-0.14975414285615304,1.4356134548649337,-20.000000000000007
-0.1617536389502492,1.4767475548411566,-20.000000000000007
-0.16226514651890211,1.479978094344565,-20.000000000000007
-0.1497541574130439,1.4356391577721634,-20.000000000000007
-0.16226514651890211,1.479978094344565,-20.000000000000007
-0.13766089245675406,1.4109848407592605,-20.000000000000007
-0.13559501490126288,1.4971204706629226,-20.000000000000007
-0.1352364542451437,1.4956132648969094,-20.000000000000007
-0.13500799762049986,1.4901723146345818,-20.000000000000007
-0.1352364542451437,1.4956132648969094,-20.000000000000007
-0.13559501490126286,1.4971204706629226,-20.000000000000007
-0.13559501490126288,1.4971204706629226,-20.000000000000007
-0.13634314369070832,1.4690918166037121,-20.000000000000007
-0.13766089245675403,1.4109848407592605,-20.000000000000007
-0.13559501490126286,1.4971204706629226,-20.000000000000007
-0.14969871320520375,1.4376750065870232,-20.000000000000007
-0.14969871320520375,1.4376750065870232,-20.000000000000007
-0.14975415741304388,1.4356391577721634,-20.000000000000007
-0.16491224342351885,1.4962079272044329,-20.000000000000007
-0.16226514651890211,1.4799780943445653,-20.000000000000007
-0.16175363895024922,1.4767475548411566,-20.000000000000007
-0.17259283802865874,1.5472393109831908,-20.000000000000007
-0.14975415741304388,1.4356391577721634,-20.000000000000007
-0.16226514651890211,1.4799780943445653,-20.000000000000007
-0.14975414285615304,1.4356134548649337,-20.000000000000007
-0.13766033188648452,1.4110074467856224,-20.000000000000007
-0.1617536389502492,1.4767475548411564,-20.000000000000007
-0.13766089245675406,1.4109848407592605,-20.000000000000007
-0.16015086704143033,1.4658572207674503,-20.000000000000007
-0.179509115801908,1.5810607140359074,-20.000000000000007
-0.18226034594502277,1.5752406240198031,-20.000000000000007
-0.21063781402285614,1.828746382703854,-20.000000000000007
-0.23282344288181106,1.922427873465795,-20.000000000000007
-0.2495054676988277,1.7506184474221234,-20.000000000000007
-0.2493763575000827,1.7544027737039827,-20.000000000000007
-0.2560649706345302,1.7672901528174134,-20.000000000000007
-0.25633274028742387,1.7680894057853718,-20.000000000000007
-0.2502845554208489,1.7235141714337494,-20.000000000000007
-0.25652400535569914,1.7685224894330909,-20.000000000000007
-0.2536872272895052,1.7639740847467957,-20.000000000000007
-0.2531774717466425,1.7517233077134053,-20.000000000000007
-0.25531493476241274,1.7677128403807036,-20.000000000000007
-0.24329674385128577,1.8368567969178127,-20.000000000000007
-0.22138700232139466,1.92869526337629,-20.000000000000007
-0.18945532208693444,1.576362771578332,-20.000000000000007
-0.17917386072802038,1.5901780441278877,-20.000000000000007
-0.1804043718668858,1.5611767535850447,-20.000000000000007
-0.1729187157354297,1.5934671248005743,-20.000000000000007
-0.1755250001870543,1.5705965005358218,-20.000000000000007
-0.1822099663654441,1.5747645545787248,-20.000000000000007
-0.16226514651890211,1.4799780943445653,-20.000000000000007
-0.13766089245675406,1.4109848407592605,-20.000000000000007
-0.1352364542451437,1.4956132648969092,-20.000000000000007
-0.13496593015556185,1.490400499773179,-20.000000000000007
-0.1350079976204999,1.4901723146345818,-20.000000000000007
-0.13496593015556185,1.490400499773179,-20.000000000000007
-0.13541503259313709,1.4948226663941326,-20.000000000000007
-0.13523645424514372,1.4956132648969094,-20.000000000000007
-0.13559501490126286,1.4971204706629224,-20.000000000000007
-0.13766089245675403,1.4109848407592605,-20.000000000000007
-0.13496974848001755,1.4907327764956038,-20.000000000000007
-0.1377468926182409,1.4138227263361494,-20.000000000000007
-0.13766033188648452,1.4110074467856224,-20.000000000000007
-0.1489623238983579,1.441250436214657,-20.000000000000007
-0.16226514651890211,1.479978094344565,-20.000000000000007
-0.13634314369070832,1.4690918166037121,-20.000000000000007
-0.152804235976033,1.4087123965335242,-20.000000000000007
-0.13774689261824094,1.4138227263361494,-20.000000000000007
-0.14969871320520373,1.437675006587023,-20.000000000000007
-0.17259283802865874,1.5472393109831906,-20.000000000000007
-0.14896232389835787,1.4412504362146568,-20.000000000000007
-0.176942965478157,1.572743141012019,-20.000000000000007
-0.15098649128259778,1.3992341320455806,-20.000000000000007
-0.17950911580190798,1.5810607140359072,-20.000000000000007
-0.20438912631107453,1.7467571198479008,-20.000000000000007
-0.22092905039895405,1.938085515847724,-20.000000000000007
-0.25697011908162415,1.7683511155121732,-20.000000000000007
-0.2801505685248738,1.5049249248193286,-20.000000000000007
-0.2819252686870596,1.5318721242677227,-20.000000000000007
-0.2843016838457678,1.5549611531460616,-20.000000000000007
-0.28005326064856734,1.5149366368691366,-20.000000000000007
-0.27084508720184985,1.7132267361625226,-20.000000000000007
-0.27895869537093865,1.5417068426196736,-20.000000000000007
-0.27803459745870335,1.5660432631393417,-20.000000000000007
-0.27978150932860596,1.5244549667683718,-20.000000000000007
-0.2598232972399723,1.7766151314972198,-20.000000000000007
-0.23246637703641987,1.9154094041285457,-20.000000000000007
-0.2040443086596288,1.7471900021231153,-20.000000000000007
-0.18226034594502277,1.575240624019803,-20.000000000000007
-0.14975414285615307,1.4356134548649337,-20.000000000000007
-0.14969871320520375,1.437675006587023,-20.000000000000007
-0.13559501490126286,1.4971204706629226,-20.000000000000007
-0.1352364542451437,1.4956132648969092,-20.000000000000007
-0.13523645424514372,1.4956132648969092,-20.000000000000007
-0.13523645424514372,1.4956132648969094,-20.000000000000007
-0.13766089245675403,1.4109848407592605,-20.000000000000007
-0.13559501490126286,1.4971204706629226,-20.000000000000007
-0.13766089245675403,1.4109848407592605,-20.000000000000007
-0.13559501490126286,1.4971204706629229,-20.000000000000007
-0.13766089245675403,1.4109848407592605,-20.000000000000007
-0.1363431436907083,1.469091816603712,-20.000000000000007
-0.13774689261824094,1.4138227263361496,-20.000000000000007
-0.13766089245675406,1.4109848407592605,-20.000000000000007
-0.1377468926182409,1.4138227263361494,-20.000000000000007
-0.13774689261824094,1.4138227263361496,-20.000000000000007
-0.14896232389835787,1.4412504362146568,-20.000000000000007
-0.1377468926182409,1.4138227263361496,-20.000000000000007
-0.14969871320520373,1.4376750065870232,-20.000000000000007
-0.1377468926182409,1.4138227263361494,-20.000000000000007
-0.14969871320520375,1.4376750065870234,-20.000000000000007
-0.1489623238983579,1.441250436214657,-20.000000000000007
-0.14969871320520373,1.4376750065870232,-20.000000000000007
-0.1489623238983579,1.4412504362146568,-20.000000000000007
-0.1489623238983579,1.4412504362146568,-20.000000000000007
-0.1489623238983579,1.441250436214657,-20.000000000000007
-0.137660892456754,1.4109848407592605,-20.000000000000007
-0.13766089245675403,1.4109848407592602,-20.000000000000007
-0.13552422097192307,1.4980251333747931,-20.000000000000007
-0.17917386072802033,1.5901780441278879,-20.000000000000007
-0.18226034594502277,1.575240624019803,-20.000000000000007
-0.21891940663265874,1.9363504851979803,-20.000000000000007
-0.2433885303118946,1.837601697632469,-20.000000000000007
-0.2485316828615717,1.7784212836840876,-20.000000000000007
-0.24965204629655044,1.7463127307456154,-20.000000000000007
-0.2549620868411279,1.771807764152899,-20.000000000000007
-0.25979422933849694,1.7765001732393544,-20.000000000000007
-0.2631446226681677,1.7645533634532862,-20.000000000000007
-0.27624129164044314,1.6146013663561907,-20.000000000000007
-0.26246792441209166,1.7648735525078982,-20.000000000000007
-0.25065855339975707,1.7267162509364218,-20.000000000000007
-0.24983746969752976,1.7350726326056742,-20.000000000000007
-0.2309987143250381,1.9110800623980295,-20.000000000000007
-0.21276096579532144,1.8568777380279777,-20.000000000000007
-0.1884251137010127,1.5738540301251946,-20.000000000000007
-0.14975414285615304,1.435613454864934,-20.000000000000007
-0.15188571630985698,1.4022628753804087,-20.000000000000007
-0.13766089245675406,1.4109848407592605,-20.000000000000007
-0.14975414285615307,1.435613454864934,-20.000000000000007
-0.15098649128259778,1.3992341320455806,-20.000000000000007
-0.13559501490126288,1.4971204706629224,-20.000000000000007
-0.13634314369070832,1.469091816603712,-20.000000000000007
-0.13500799762049986,1.4901723146345816,-20.000000000000007
-0.13496593015556185,1.490400499773179,-20.000000000000007
-0.13523645424514372,1.4956132648969094,-20.000000000000007
-0.1352364542451437,1.4956132648969094,-20.000000000000007
-0.1352364542451437,1.4956132648969094,-20.000000000000007
-0.13626488909486958,1.4776041952523142,-20.000000000000007
-0.13559501490126288,1.4971204706629224,-20.000000000000007
-0.14896232389835787,1.4412504362146568,-20.000000000000007
-0.14975414285615304,1.435613454864934,-20.000000000000007
-0.16226514651890211,1.4799780943445653,-20.000000000000007
-0.17825534106184446,1.5837285229747726,-20.000000000000007
-0.17337853243457835,1.5519365666422185,-20.000000000000007
-0.17694296547815702,1.572743141012019,-20.000000000000007
-0.16270023080057264,1.4821412217524914,-20.000000000000007
-0.16226514651890211,1.4799780943445653,-20.000000000000007
-0.14975414285615307,1.4356134548649337,-20.000000000000007
-0.16015086704143033,1.4658572207674505,-20.000000000000007
-0.1742675836248365,1.5596310191219989,-20.000000000000007
-0.180374903390968,1.5624216849117094,-20.000000000000007
-0.17242492819201047,1.5949293566576472,-20.000000000000007
-0.15721972542506035,1.4723940161704243,-20.000000000000007
-0.17716407672167844,1.5760687284044745,-20.000000000000007
-0.1822603459450228,1.575240624019803,-20.000000000000007
-0.221465264325651,1.930607444440777,-20.000000000000007
-0.2640192510989392,1.7616310705907567,-20.000000000000007
-0.2802424863224308,1.5048217717977543,-20.000000000000007
-0.2819252686870596,1.531872124267723,-20.000000000000007
-0.2843016838457678,1.5549611531460616,-20.000000000000007
-0.27995072782324193,1.5213638806799632,-20.000000000000007
-0.2560307117717766,1.7677522223127284,-20.000000000000007
-0.2495054676988277,1.7506184474221231,-20.000000000000007
-0.23889206048921907,1.8949852356181969,-20.000000000000007
-0.22908401014588486,1.9272000926378037,-20.000000000000007
-0.2290344770755029,1.9276403862238336,-20.000000000000007
-0.21973920250494977,1.937701139422241,-20.000000000000007
-0.18888897604606414,1.574862788567904,-20.000000000000007
-0.18226034594502277,1.575240624019803,-20.000000000000007
-0.17548244831557924,1.566996165209496,-20.000000000000007
-0.15280423597603293,1.4087123965335244,-20.000000000000007
-0.1622651465189021,1.479978094344565,-20.000000000000007
-0.1489623238983579,1.4412504362146568,-20.000000000000007
-0.16226514651890211,1.4799780943445655,-20.000000000000007
-0.14961452095757005,1.4408829749123404,-20.000000000000007
-0.13766089245675403,1.4109848407592602,-20.000000000000007
-0.13766089245675403,1.4109848407592602,-20.000000000000007
-0.1352364542451437,1.4956132648969092,-20.000000000000007
-0.1352364542451437,1.4956132648969094,-20.000000000000007
-0.13559501490126288,1.4971204706629226,-20.000000000000007
-0.1363431436907083,1.4690918166037121,-20.000000000000007
-0.13523645424514372,1.4956132648969092,-20.000000000000007
-0.1377468926182409,1.4138227263361496,-20.000000000000007
-0.13766089245675406,1.4109848407592602,-20.000000000000007
-0.14975414285615307,1.4356134548649337,-20.000000000000007
-0.1622651465189021,1.479978094344565,-20.000000000000007
-0.15098676968313507,1.3990909895297732,-20.000000000000007
-0.15280423597603296,1.4087123965335242,-20.000000000000007
-0.14975414285615307,1.435613454864934,-20.000000000000007
-0.1601508670414304,1.4658572207674505,-20.000000000000007
-0.17694296547815705,1.572743141012019,-20.000000000000007
-0.1742675836248365,1.5596310191219989,-20.000000000000007
-0.17259283802865877,1.5472393109831908,-20.000000000000007
-0.180374903390968,1.5624216849117094,-20.000000000000007
-0.14975415741304388,1.4356391577721637,-20.000000000000007
-0.18040437186688574,1.5611767535850447,-20.000000000000007
-0.180374903390968,1.5624216849117096,-20.000000000000007
-0.15098649128259778,1.3992341320455806,-20.000000000000007
-0.18067000068203445,1.5594198148107747,-20.000000000000007
-0.17950911580190798,1.5810607140359074,-20.000000000000007
-0.18888897604606417,1.5748627885679038,-20.000000000000007
-0.22081949803291098,1.9390760936600095,-20.000000000000007
-0.22959559270852006,1.9265005679165847,-20.000000000000007
-0.24527764217723236,1.823694982129578,-20.000000000000007
-0.24444734909700808,1.829751632775175,-20.000000000000007
-0.24840918824982355,1.7831732603585104,-20.000000000000007
-0.2551297537596604,1.769783133776441,-20.000000000000007
-0.26039365675861603,1.7686970624929796,-20.000000000000007
-0.2662556491134837,1.763318649475708,-20.000000000000007
-0.2583537515557689,1.7737702016450794,-20.000000000000007
-0.25318214567835157,1.75710547947786,-20.000000000000007
-0.2290706721347102,1.9266742771147654,-20.000000000000007
-0.1894245325731731,1.5791548760255545,-20.000000000000007
-0.18226034594502277,1.5752406240198031,-20.000000000000007
-0.1377468926182409,1.4138227263361496,-20.000000000000007
-0.14924093785005066,1.4433299279067515,-20.000000000000007
-0.15917973565243243,1.5149770990087172,-20.000000000000007
-0.14956706770296652,1.4816796669296808,-20.000000000000007
-0.17510106245462626,1.5664045252620538,-20.000000000000007
-0.1669603097132642,1.5639589047489204,-20.000000000000007
-0.15098649128259778,1.3992341320455803,-20.000000000000007
-0.14975414285615307,1.4356134548649337,-20.000000000000007
-0.13477851668463559,1.493063189381522,-20.000000000000007
-0.13500799762049986,1.4901723146345816,-20.000000000000007
-0.13496593015556188,1.490400499773179,-20.000000000000007
-0.13559501490126288,1.4971204706629226,-20.000000000000007
-0.13634314369070832,1.469091816603712,-20.000000000000007
-0.1352364542451437,1.4956132648969092,-20.000000000000007
-0.14969871320520373,1.437675006587023,-20.000000000000007
-0.13559501490126288,1.4971204706629224,-20.000000000000007
-0.16015086704143033,1.4658572207674503,-20.000000000000007
-0.151885716309857,1.402262875380409,-20.000000000000007
-0.1622651465189021,1.479978094344565,-20.000000000000007
-0.16270023080057266,1.4821412217524916,-20.000000000000007
-0.13541503259313706,1.4948226663941324,-20.000000000000007
-0.1377468926182409,1.4138227263361494,-20.000000000000007
-0.1352364542451437,1.4956132648969094,-20.000000000000007
-0.13766089245675406,1.4109848407592605,-20.000000000000007
-0.14975414285615304,1.435613454864934,-20.000000000000007
-0.13627458996289069,1.469869201926487,-20.000000000000007
-0.1622651465189021,1.479978094344565,-20.000000000000007
-0.13766084605666448,1.4110086978452283,-20.000000000000007
-0.17359964367809977,1.5552621540346743,-20.000000000000007
-0.18911923876494977,1.5756732257028958,-20.000000000000007
-0.20620692767240614,1.7695048984654262,-20.000000000000007
-0.25034316536252954,1.7113441501340372,-20.000000000000007
-0.26468064258934076,1.7627334393477387,-20.000000000000007
-0.28024248632243076,1.5048217717977548,-20.000000000000007
-0.2801505685248738,1.5049249248193286,-20.000000000000007
-0.2801505685248738,1.5049249248193286,-20.000000000000007
-0.2734705053217724,1.6542078304876295,-20.000000000000007
-0.2552570595538026,1.7650003998912394,-20.000000000000007
-0.2637681370636228,1.7625253917020651,-20.000000000000007
-0.25357072868708763,1.7642628668894367,-20.000000000000007
-0.2520375732890899,1.7449879091522755,-20.000000000000007
-0.2537715283888896,1.7682218800440648,-20.000000000000007
-0.2273575445664212,1.9266740001345566,-20.000000000000007
-0.2040443086596288,1.7471900021231153,-20.000000000000007
-0.1822603459450228,1.575240624019803,-20.000000000000007
-0.13766089245675403,1.4109848407592605,-20.000000000000007
-0.14975414285615304,1.435613454864934,-20.000000000000007
-0.13634314369070832,1.469091816603712,-20.000000000000007
-0.14969871320520373,1.437675006587023,-20.000000000000007
-0.14975414285615304,1.4356134548649337,-20.000000000000007
-0.1363431436907083,1.469091816603712,-20.000000000000007
-0.1377468926182409,1.4138227263361494,-20.000000000000007
-0.1352364542451437,1.4956132648969092,-20.000000000000007
-0.13559501490126286,1.4971204706629226,-20.000000000000007
-0.13559501490126288,1.4971204706629224,-20.000000000000007
-0.1362648890948696,1.4776041952523142,-20.000000000000007
-0.1363431436907083,1.4690918166037121,-20.000000000000007
-0.13766089245675406,1.4109848407592605,-20.000000000000007
-0.13774689261824094,1.4138227263361496,-20.000000000000007
-0.1489623238983579,1.441250436214657,-20.000000000000007
-0.14969871320520373,1.4376750065870232,-20.000000000000007
-0.14969871320520375,1.437675006587023,-20.000000000000007
-0.1497541574130439,1.4356391577721637,-20.000000000000007
-0.14975414285615307,1.435613454864934,-20.000000000000007
-0.14975414285615307,1.435613454864934,-20.000000000000007
-0.14969871320520373,1.4376750065870232,-20.000000000000007
-0.14969871320520375,1.4376750065870232,-20.000000000000007
-0.14969871320520375,1.437675006587023,-20.000000000000007
-0.1489623238983579,1.441250436214657,-20.000000000000007
-0.14975414285615304,1.4356134548649337,-20.000000000000007
-0.14969871320520375,1.4376750065870232,-20.000000000000007
-0.14961452095757002,1.4408829749123404,-20.000000000000007
-0.13627458996289069,1.4698692019264867,-20.000000000000007
-0.15098649128259778,1.3992341320455806,-20.000000000000007
-0.18226034594502277,1.575240624019803,-20.000000000000007
-0.19901831809068027,1.6780788633052994,-20.000000000000007
-0.23440823261138902,1.9331740021179944,-20.000000000000007
-0.24812420006958286,1.7869332679653114,-20.000000000000007
-0.24874625585157883,1.7701760576307422,-20.000000000000007
-0.25277178406624123,1.7513830748205972,-20.000000000000007
-0.25065855339975707,1.7267162509364218,-20.000000000000007
-0.25503606476540797,1.7693339961374268,-20.000000000000007
-0.26670729751227484,1.7652744589697789,-20.000000000000007
-0.2789505387680826,1.5422474317025268,-20.000000000000007
-0.2766298161616714,1.6081022753105607,-20.000000000000007
-0.25533725203573415,1.767855612558387,-20.000000000000007
-0.2335858692674764,1.9295563077585558,-20.000000000000007
-0.18942453257317313,1.5791548760255547,-20.000000000000007
-0.1822603459450228,1.5752406240198031,-20.000000000000007
-0.16226514651890211,1.4799780943445653,-20.000000000000007
-0.14969871320520375,1.437675006587023,-20.000000000000007
-0.1489623238983579,1.441250436214657,-20.000000000000007
-0.1377468926182409,1.4138227263361491,-20.000000000000007
-0.13766089245675406,1.4109848407592605,-20.000000000000007
-0.13766089245675406,1.4109848407592602,-20.000000000000007
-0.1377468926182409,1.4138227263361496,-20.000000000000007
-0.13766089245675403,1.4109848407592602,-20.000000000000007
-0.1377468926182409,1.4138227263361496,-20.000000000000007
-0.13766089245675406,1.4109848407592605,-20.000000000000007
-0.13766089245675403,1.4109848407592602,-20.000000000000007
-0.1363431436907083,1.4690918166037121,-20.000000000000007
-0.14896232389835787,1.441250436214657,-20.000000000000007
-0.1494730626812134,1.4401096667703466,-20.000000000000007
-0.15098676968313507,1.3990909895297734,-20.000000000000007
-0.15188571630985698,1.402262875380409,-20.000000000000007
-0.1622651465189021,1.4799780943445653,-20.000000000000007
-0.16015086704143036,1.4658572207674505,-20.000000000000007
-0.1627002308005726,1.4821412217524919,-20.000000000000007
-0.1622651465189021,1.4799780943445653,-20.000000000000007
-0.16491224342351887,1.4962079272044329,-20.000000000000007
-0.17271059248784168,1.5475677015548939,-20.000000000000007
-0.17259283802865877,1.5472393109831906,-20.000000000000007
-0.16491224342351887,1.4962079272044329,-20.000000000000007
-0.16491224342351887,1.4962079272044326,-20.000000000000007
-0.16015086704143033,1.4658572207674505,-20.000000000000007
-0.16015086704143036,1.4658572207674505,-20.000000000000007
-0.17950911580190798,1.5810607140359072,-20.000000000000007
-0.18110619219721427,1.5615965088310682,-20.000000000000007
-0.19315943252724238,1.6118386740500747,-20.000000000000007
-0.2129563632659695,1.8553596150545901,-20.000000000000007
-0.23690700311659063,1.9090154399479975,-20.000000000000007
-0.25708041157458583,1.7691667990844135,-20.000000000000007
-0.2787228599947999,1.5410216059235347,-20.000000000000007
-0.2820252662088928,1.5353191536026751,-20.000000000000007
-0.28036922875190046,1.5049893190725436,-20.000000000000007
-0.2801168150266809,1.5081261530810859,-20.000000000000007
-0.279425824015851,1.523081135367301,-20.000000000000007
-0.266195371822927,1.763095142801057,-20.000000000000007
-0.2549693785437153,1.763886045783074,-20.000000000000007
-0.2441516792782261,1.8228823810574406,-20.000000000000007
-0.23578011176089064,1.9184206539659345,-20.000000000000007
-0.21898340119425475,1.9294106496791947,-20.000000000000007
-0.20139347992708184,1.7055505241438342,-20.000000000000007
-0.18837473412143405,1.5733779606841163,-20.000000000000007
-0.16491224342351887,1.4962079272044329,-20.000000000000007
-0.17917386072802036,1.5901780441278877,-20.000000000000007
-0.17259283802865877,1.5472393109831908,-20.000000000000007
-0.17917386072802036,1.5901780441278879,-20.000000000000007
-0.17716407672167844,1.5760687284044748,-20.000000000000007
-0.14975414285615307,1.435613454864934,-20.000000000000007
-0.13766089245675406,1.4109848407592602,-20.000000000000007
-0.134987587169906,1.4902841828006377,-20.000000000000007
-0.1352364542451437,1.4956132648969094,-20.000000000000007
-0.13505647193701795,1.4933154606281196,-20.000000000000007
-0.13523645424514372,1.4956132648969094,-20.000000000000007
-0.13559501490126288,1.4971204706629226,-20.000000000000007
-0.13766089245675406,1.4109848407592605,-20.000000000000007
-0.13766089245675403,1.4109848407592602,-20.000000000000007
-0.1489623238983579,1.441250436214657,-20.000000000000007
-0.1489623238983579,1.4412504362146568,-20.000000000000007
-0.14975414285615307,1.4356134548649337,-20.000000000000007
-0.16226514651890211,1.4799780943445653,-20.000000000000007
-0.17548244831557921,1.566996165209496,-20.000000000000007
-0.17337853243457835,1.5519365666422185,-20.000000000000007
-0.18226034594502277,1.575240624019803,-20.000000000000007
-0.17716407672167844,1.5760687284044745,-20.000000000000007
-0.179509115801908,1.5810607140359074,-20.000000000000007
-0.17950911580190798,1.5810607140359072,-20.000000000000007
-0.1727105924878417,1.5475677015548939,-20.000000000000007
-0.17825534106184443,1.5837285229747722,-20.000000000000007
-0.16226514651890211,1.4799780943445653,-20.000000000000007
-0.16226514651890214,1.4799780943445653,-20.000000000000007
-0.17259283802865877,1.5472393109831906,-20.000000000000007
-0.18837473412143407,1.573377960684116,-20.000000000000007
-0.19431926352746381,1.624540405447776,-20.000000000000007
-0.23099871432503816,1.9110800623980295,-20.000000000000007
-0.24451821561584366,1.8284025365562284,-20.000000000000007
-0.24753611064781528,1.7981305890838026,-20.000000000000007
-0.2502845554208488,1.7235141714337494,-20.000000000000007
-0.2502845554208488,1.7235141714337492,-20.000000000000007
-0.24940730395532337,1.7533052030722835,-20.000000000000007
-0.25034316536252954,1.7113441501340372,-20.000000000000007
-0.2558671177283312,1.7646687703282904,-20.000000000000007
-0.25324438405504585,1.7543015480559814,-20.000000000000007
-0.25363890815984125,1.76308129542935,-20.000000000000007
-0.24813719365432257,1.785849213379199,-20.000000000000007
-0.20438912631107453,1.746757119847901,-20.000000000000007
-0.18888897604606414,1.574862788567904,-20.000000000000007
-0.17548244831557921,1.566996165209496,-20.000000000000007
-0.14975414285615307,1.435613454864934,-20.000000000000007
-0.1679618961974509,1.5698402087132621,-20.000000000000007
-0.14956706770296652,1.4816796669296806,-20.000000000000007
-0.16930421010670238,1.5776091538352786,-20.000000000000007
-0.15051641496476995,1.4437806381826714,-20.000000000000007
-0.13766089245675406,1.4109848407592605,-20.000000000000007
-0.13634314369070832,1.4690918166037121,-20.000000000000007
-0.13496593015556185,1.4904004997731795,-20.000000000000007
-0.13496593015556188,1.4904004997731792,-20.000000000000007
-0.13496593015556185,1.4904004997731792,-20.000000000000007
-0.13496593015556185,1.4904004997731792,-20.000000000000007
-0.13523645424514372,1.4956132648969094,-20.000000000000007
-0.13607296571720057,1.4831686616984472,-20.000000000000007
-0.1489623238983579,1.441250436214657,-20.000000000000007
-0.14975414285615304,1.4356134548649337,-20.000000000000007
-0.16226514651890211,1.4799780943445653,-20.000000000000007
-0.15280423597603296,1.4087123965335242,-20.000000000000007
-0.15098649128259778,1.3992341320455806,-20.000000000000007
-0.1601508670414303,1.4658572207674507,-20.000000000000007
-0.13559501490126286,1.4971204706629224,-20.000000000000007
-0.16226514651890211,1.4799780943445653,-20.000000000000007
-0.15280423597603293,1.4087123965335244,-20.000000000000007
-0.16015086704143033,1.4658572207674503,-20.000000000000007
-0.17917386072802033,1.5901780441278879,-20.000000000000007
-0.16175363895024922,1.4767475548411566,-20.000000000000007
-0.16491224342351887,1.4962079272044326,-20.000000000000007
-0.1377468926182409,1.4138227263361496,-20.000000000000007
-0.13627454356280116,1.4698930590124548,-20.000000000000007
-0.17337853243457835,1.5519365666422187,-20.000000000000007
-0.18250173051842533,1.5731434678747531,-20.000000000000007
-0.22776974242633302,1.9250276685674197,-20.000000000000007
-0.25693008262788863,1.7681585901332162,-20.000000000000007
-0.2760851193043178,1.6129129311468915,-20.000000000000007
-0.28147973710679575,1.5252973820410298,-20.000000000000007
-0.28011681502668095,1.5081261530810859,-20.000000000000007
-0.2707328365146331,1.7131873457107312,-20.000000000000007
-0.2787354979105059,1.5425889208094414,-20.000000000000007
-0.2707757720966526,1.7131708972600883,-20.000000000000007
-0.27662981616167137,1.6081022753105607,-20.000000000000007
-0.26095864757894377,1.7687575469842645,-20.000000000000007
-0.25000367969224213,1.7348115636756964,-20.000000000000007
-0.22165404893871923,1.9345421167973806,-20.000000000000007
-0.18942453257317313,1.5791548760255545,-20.000000000000007
-0.1822603459450228,1.5752406240198031,-20.000000000000007
-0.13774689261824094,1.4138227263361498,-20.000000000000007
-0.14969871320520373,1.4376750065870234,-20.000000000000007
-0.13766089245675403,1.4109848407592605,-20.000000000000007
-0.1377468926182409,1.4138227263361496,-20.000000000000007
-0.1377468926182409,1.4138227263361496,-20.000000000000007
-0.13496593015556185,1.490400499773179,-20.000000000000007
-0.13559501490126286,1.4971204706629226,-20.000000000000007
-0.13496593015556185,1.490400499773179,-20.000000000000007
-0.13559501490126286,1.4971204706629226,-20.000000000000007
-0.13559501490126288,1.4971204706629226,-20.000000000000007
-0.13766089245675406,1.4109848407592602,-20.000000000000007
-0.13559501490126288,1.4971204706629224,-20.000000000000007
-0.13774689261824094,1.4138227263361494,-20.000000000000007
-0.13766089245675403,1.4109848407592605,-20.000000000000007
-0.14969871320520375,1.437675006587023,-20.000000000000007
-0.1489623238983579,1.4412504362146572,-20.000000000000007
-0.14969871320520373,1.437675006587023,-20.000000000000007
-0.1494730360369043,1.4401127615108211,-20.000000000000007
-0.14969871320520375,1.437675006587023,-20.000000000000007
-0.1489623238983579,1.441250436214657,-20.000000000000007
-0.14969871320520373,1.437675006587023,-20.000000000000007
-0.14969871320520375,1.437675006587023,-20.000000000000007
-0.14969871320520375,1.437675006587023,-20.000000000000007
-0.14969871320520373,1.4376750065870232,-20.000000000000007
-0.14969871320520373,1.437675006587023,-20.000000000000007
-0.14975414285615304,1.435613454864934,-20.000000000000007
-0.13766089245675403,1.4109848407592605,-20.000000000000007
-0.13766089245675406,1.4109848407592605,-20.000000000000007
-0.1363431436907083,1.4690918166037121,-20.000000000000007
-0.179509115801908,1.5810607140359072,-20.000000000000007
-0.18837473412143407,1.5733779606841165,-20.000000000000007
-0.22725815115555775,1.9273187281239845,-20.000000000000007
-0.24537540645105818,1.824009921135028,-20.000000000000007
-0.25354922465006957,1.7668554769849825,-20.000000000000007
-0.2552311303519421,1.770050826603502,-20.000000000000007
-0.2642753209757524,1.7617360438575704,-20.000000000000007
-0.26429046053214056,1.7617697777026171,-20.000000000000007
-0.25710890044973356,1.7713330893575052,-20.000000000000007
-0.27638202649131405,1.6148011027896403,-20.000000000000007
-0.2624635873684277,1.7641144968989235,-20.000000000000007
-0.25706886399599804,1.771140563978548,-20.000000000000007
-0.2562461593449842,1.7683106701309907,-20.000000000000007
-0.23099871432503816,1.9110800623980295,-20.000000000000007
-0.20621950573589581,1.7693061823890077,-20.000000000000007
-0.18226034594502277,1.575240624019803,-20.000000000000007
-0.14975414285615307,1.4356134548649337,-20.000000000000007
-0.14969871320520375,1.4376750065870234,-20.000000000000007
-0.13559501490126286,1.4971204706629224,-20.000000000000007
-0.14975414285615304,1.4356134548649342,-20.000000000000007
-0.14975414285615307,1.435613454864934,-20.000000000000007
-0.13774689261824094,1.4138227263361496,-20.000000000000007
-0.14961452095757005,1.4408829749123404,-20.000000000000007
-0.1352364542451437,1.4956132648969094,-20.000000000000007
-0.13496593015556183,1.4904004997731792,-20.000000000000007
-0.1352364542451437,1.4956132648969094,-20.000000000000007
-0.1352364542451437,1.4956132648969094,-20.000000000000007
-0.13559501490126288,1.4971204706629224,-20.000000000000007
-0.13634314369070832,1.469091816603712,-20.000000000000007
-0.13505647193701792,1.4933154606281192,-20.000000000000007
-0.13766089245675406,1.4109848407592605,-20.000000000000007
-0.13523645424514372,1.4956132648969094,-20.000000000000007
-0.13766089245675406,1.4109848407592602,-20.000000000000007
-0.1489623238983579,1.441250436214657,-20.000000000000007
-0.1377468926182409,1.4138227263361496,-20.000000000000007
-0.14975414285615307,1.4356134548649337,-20.000000000000007
-0.1622651465189021,1.479978094344565,-20.000000000000007
-0.17337853243457835,1.5519365666422187,-20.000000000000007
-0.17259283802865877,1.5472393109831908,-20.000000000000007
-0.17716407672167847,1.5760687284044745,-20.000000000000007
-0.14969871320520373,1.437675006587023,-20.000000000000007
-0.17337853243457835,1.5519365666422187,-20.000000000000007
-0.14975414285615307,1.4356134548649337,-20.000000000000007
-0.15098624381545359,1.399361369837409,-20.000000000000007
-0.179509115801908,1.5810607140359074,-20.000000000000007
-0.18842511370101275,1.5738540301251946,-20.000000000000007
-0.2271811682081116,1.9274693190730456,-20.000000000000007
-0.2547642681176279,1.7679516941568372,-20.000000000000007
-0.2787310165976559,1.5404810168406817,-20.000000000000007
-0.27869757006139995,1.5412398948221346,-20.000000000000007
-0.2801168150266809,1.5081261530810859,-20.000000000000007
-0.26457229565083407,1.761743025944377,-20.000000000000007
-0.2563699118280674,1.768133787307154,-20.000000000000007
-0.26468064258934076,1.762733439347739,-20.000000000000007
-0.26378285161078746,1.7617067708670802,-20.000000000000007
-0.26377012238958314,1.7618815459474437,-20.000000000000007
-0.26236703612551415,1.7642578997065645,-20.000000000000007
-0.24445825285810688,1.8275298935859103,-20.000000000000007
-0.2050687426388885,1.7578547762500234,-20.000000000000007
-0.1894245325731731,1.5791548760255547,-20.000000000000007
-0.1617536389502492,1.4767475548411564,-20.000000000000007
-0.15877702212679046,1.4937720095403249,-20.000000000000007
-0.17011298693251806,1.581661107344503,-20.000000000000007
-0.1495116141371251,1.4836989924470356,-20.000000000000007
-0.1682457767542655,1.571380497409752,-20.000000000000007
-0.13827985886360028,1.4248050209160281,-20.000000000000007
-0.13559501490126286,1.4971204706629224,-20.000000000000007
-0.13559501490126286,1.4971204706629224,-20.000000000000007
-0.13496593015556185,1.4904004997731792,-20.000000000000007
-0.1352364542451437,1.4956132648969094,-20.000000000000007
-0.1352364542451437,1.4956132648969094,-20.000000000000007
-0.13559501490126288,1.4971204706629224,-20.000000000000007
-0.1352364542451437,1.4956132648969094,-20.000000000000007
-0.13766089245675406,1.4109848407592602,-20.000000000000007
-0.14975414285615307,1.4356134548649337,-20.000000000000007
-0.14975414285615304,1.4356134548649337,-20.000000000000007
-0.17259283802865874,1.5472393109831906,-20.000000000000007
-0.1497541574130439,1.4356391577721637,-20.000000000000007
-0.14975414285615307,1.4356134548649337,-20.000000000000007
-0.13634314369070832,1.4690918166037121,-20.000000000000007
-0.13766089245675406,1.4109848407592605,-20.000000000000007
-0.13766089245675406,1.4109848407592605,-20.000000000000007
-0.1497541574130439,1.4356391577721637,-20.000000000000007
-0.17426758362483646,1.5596310191219986,-20.000000000000007
-0.18832435454185534,1.5729018912430375,-20.000000000000007
-0.18832435454185534,1.5729018912430373,-20.000000000000007
-0.17506089947291542,1.5708181048611018,-20.000000000000007
-0.1729690043344407,1.5578356185714148,-20.000000000000007
-0.14975414285615304,1.435613454864934,-20.000000000000007
-0.17716407672167844,1.5760687284044745,-20.000000000000007
-0.180374903390968,1.5624216849117096,-20.000000000000007
-0.20438912631107453,1.7467571198479008,-20.000000000000007
-0.22606632722860837,1.9325754248104317,-20.000000000000007
-0.23193210184063523,1.913614431844647,-20.000000000000007
-0.24338853031189456,1.8376016976324685,-20.000000000000007
-0.2475439191850135,1.7983293885017668,-20.000000000000007
-0.25027783111207347,1.7252964706523972,-20.000000000000007
-0.2502845554208488,1.7235141714337494,-20.000000000000007
-0.2535107971226884,1.767051318756305,-20.000000000000007
-0.24869597693549975,1.7631434844425269,-20.000000000000007
-0.23452608175534845,1.9293173658082714,-20.000000000000007
-0.22907067213471016,1.9266742771147654,-20.000000000000007
-0.21063781402285617,1.8287463827038537,-20.000000000000007
-0.18842511370101275,1.5738540301251949,-20.000000000000007
-0.179509115801908,1.5810607140359072,-20.000000000000007
-0.13766089245675406,1.4109848407592605,-20.000000000000007
-0.14969871320520375,1.4376750065870232,-20.000000000000007
-0.13827986614204568,1.4248178723696432,-20.000000000000007
-0.1495116141371251,1.4836989924470356,-20.000000000000007
-0.14956706770296652,1.4816796669296808,-20.000000000000007
-0.13510141308817405,1.4966141899032055,-20.000000000000007
-0.13559501490126288,1.4971204706629226,-20.000000000000007
-0.13496593015556188,1.4904004997731792,-20.000000000000007
-0.13496593015556185,1.4904004997731792,-20.000000000000007
-0.1350079976204999,1.4901723146345816,-20.000000000000007
-0.13496593015556185,1.4904004997731795,-20.000000000000007
-0.1352364542451437,1.4956132648969092,-20.000000000000007
-0.1352364542451437,1.4956132648969094,-20.000000000000007
-0.1352364542451437,1.4956132648969092,-20.000000000000007
-0.13766089245675406,1.4109848407592605,-20.000000000000007
-0.13523645424514372,1.4956132648969094,-20.000000000000007
-0.1377468926182409,1.4138227263361494,-20.000000000000007
-0.13634314369070832,1.469091816603712,-20.000000000000007
-0.13559501490126288,1.4971204706629226,-20.000000000000007
-0.13766089245675403,1.4109848407592602,-20.000000000000007
-0.13496593015556188,1.4904004997731795,-20.000000000000007
-0.13766089245675403,1.4109848407592605,-20.000000000000007
-0.1352364542451437,1.4956132648969094,-20.000000000000007
-0.13774689261824094,1.4138227263361496,-20.000000000000007
-0.16015086704143036,1.4658572207674505,-20.000000000000007
-0.14969871320520375,1.4376750065870232,-20.000000000000007
-0.16491224342351885,1.4962079272044326,-20.000000000000007
-0.13766089245675406,1.4109848407592605,-20.000000000000007
-0.16226514651890211,1.4799780943445653,-20.000000000000007
-0.18837473412143407,1.573377960684116,-20.000000000000007
-0.2129563632659695,1.85535961505459,-20.000000000000007
-0.2535061231909792,1.7616691469918506,-20.000000000000007
-0.2666647076889057,1.7624571811618885,-20.000000000000007
-0.2786975700613999,1.5412398948221346,-20.000000000000007
-0.28011681502668095,1.5081261530810859,-20.000000000000007
-0.2760851193043177,1.6129129311468913,-20.000000000000007
-0.2567964606378035,1.767653346590304,-20.000000000000007
-0.25317747174664246,1.7517233077134053,-20.000000000000007
-0.24959681875243375,1.7383730681082779,-20.000000000000007
-0.24574979408674089,1.81457701672135,-20.000000000000007
-0.24418078890079029,1.8273316210390167,-20.000000000000007
-0.2291202052050922,1.9262339835287354,-20.000000000000007
-0.192172944983119,1.601083510866651,-20.000000000000007
-0.18226034594502277,1.5752406240198031,-20.000000000000007
-0.16226514651890211,1.4799780943445653,-20.000000000000007
-0.14969871320520373,1.437675006587023,-20.000000000000007
-0.15098649128259778,1.3992341320455806,-20.000000000000007
-0.13766033188648455,1.4110074467856224,-20.000000000000007
-0.1627002308005726,1.4821412217524914,-20.000000000000007
-0.1489623238983579,1.4412504362146568,-20.000000000000007
-0.13774689261824094,1.4138227263361496,-20.000000000000007
-0.13774689261824094,1.4138227263361496,-20.000000000000007
-0.13541503259313706,1.4948226663941326,-20.000000000000007
-0.13559501490126288,1.4971204706629224,-20.000000000000007
-0.13766089245675406,1.41098484075926,-20.000000000000007
-0.13634314369070832,1.4690918166037121,-20.000000000000007
-0.14969871320520373,1.4376750065870232,-20.000000000000007
-0.13774689261824094,1.4138227263361494,-20.000000000000007
-0.14975415741304388,1.4356391577721637,-20.000000000000007
-0.14975414285615304,1.4356134548649337,-20.000000000000007
-0.14975415741304388,1.4356391577721637,-20.000000000000007
-0.151885716309857,1.4022628753804087,-20.000000000000007
-0.14975415741304388,1.4356391577721637,-20.000000000000007
-0.16015086704143033,1.4658572207674505,-20.000000000000007
-0.1497541574130439,1.4356391577721637,-20.000000000000007
-0.16015086704143036,1.4658572207674505,-20.000000000000007
-0.14975414285615307,1.435613454864934,-20.000000000000007
-0.151885716309857,1.4022628753804087,-20.000000000000007
-0.15280423597603296,1.4087123965335242,-20.000000000000007
-0.1622651465189021,1.479978094344565,-20.000000000000007
-0.16015086704143036,1.4658572207674507,-20.000000000000007
-0.15098649128259778,1.3992341320455806,-20.000000000000007
-0.13627458996289069,1.4698692019264867,-20.000000000000007
-0.17716407672167847,1.5760687284044748,-20.000000000000007
-0.1822603459450228,1.575240624019803,-20.000000000000007
-0.2129647768889294,1.8565486059439353,-20.000000000000007
-0.24753611064781525,1.7981305890838026,-20.000000000000007
-0.24812938511712432,1.7856504139612346,-20.000000000000007
-0.25532583241481627,1.7680096357234922,-20.000000000000007
-0.2527717840662413,1.7513830748205972,-20.000000000000007
-0.25527188769670467,1.7674152463327757,-20.000000000000007
-0.26621402361914653,1.7653936969263742,-20.000000000000007
-0.2797646127424964,1.5215127561710626,-20.000000000000007
-0.2807866153310694,1.5114112648091447,-20.000000000000007
-0.27632975370359986,1.6063479744951978,-20.000000000000007
-0.2628392285213754,1.7660622049476278,-20.000000000000007
-0.24129920992348683,1.8633257096035758,-20.000000000000007
-0.20464110895086834,1.7505247520690403,-20.000000000000007
-0.18842511370101273,1.5738540301251949,-20.000000000000007
-0.14969871320520375,1.4376750065870232,-20.000000000000007
-0.13695133526891745,1.419907445491258,-20.000000000000007
-0.1495116141371251,1.4836989924470356,-20.000000000000007
-0.1382798588636003,1.4248050209160283,-20.000000000000007
-0.15149873566387714,1.4023502521015736,-20.000000000000007
-0.13766089245675406,1.4109848407592605,-20.000000000000007
-0.1363431436907083,1.469091816603712,-20.000000000000007
-0.13523645424514372,1.4956132648969092,-20.000000000000007
-0.134987587169906,1.4902841828006377,-20.000000000000007
-0.1352364542451437,1.4956132648969094,-20.000000000000007
-0.13496593015556185,1.490400499773179,-20.000000000000007
-0.13559501490126286,1.4971204706629224,-20.000000000000007
-0.13500799762049986,1.4901723146345818,-20.000000000000007
-0.1362648890948696,1.4776041952523142,-20.000000000000007
-0.13559501490126286,1.4971204706629226,-20.000000000000007
-0.13766089245675406,1.4109848407592605,-20.000000000000007
-0.14969871320520375,1.4376750065870232,-20.000000000000007
-0.13634314369070832,1.4690918166037121,-20.000000000000007
-0.16015086704143036,1.4658572207674507,-20.000000000000007
-0.13766089245675403,1.4109848407592605,-20.000000000000007
-0.1377468926182409,1.4138227263361496,-20.000000000000007
-0.1377468926182409,1.4138227263361494,-20.000000000000007
-0.13607296571720057,1.4831686616984474,-20.000000000000007
-0.1377468926182409,1.4138227263361494,-20.000000000000007
-0.1489623238983579,1.441250436214657,-20.000000000000007
-0.14975414285615307,1.435613454864934,-20.000000000000007
-0.13774689261824094,1.4138227263361496,-20.000000000000007
-0.13552422097192307,1.4980251333747934,-20.000000000000007
-0.1494730626812134,1.4401096667703466,-20.000000000000007
-0.17950911580190798,1.5810607140359072,-20.000000000000007
-0.20437906386028282,1.7469160927090361,-20.000000000000007
-0.24745070868356128,1.7898376471194526,-20.000000000000007
-0.2645097652915035,1.7621367753841424,-20.000000000000007
-0.28011681502668095,1.5081261530810859,-20.000000000000007
-0.28011681502668095,1.508126153081086,-20.000000000000007
-0.2807866153310694,1.511411264809145,-20.000000000000007
-0.2794789793475652,1.524612824585176,-20.000000000000007
-0.26523415692589575,1.763931704810019,-20.000000000000007
-0.2797305031853531,1.5142987704774484,-20.000000000000007
-0.2644335465158401,1.7602609374540503,-20.000000000000007
-0.2639689283822153,1.761481419976462,-20.000000000000007
-0.26481463415548934,1.762485760573134,-20.000000000000007
-0.24352941008181267,1.8371727099357726,-20.000000000000007
-0.22140461161028016,1.9284170608693036,-20.000000000000007
-0.18883859646648546,1.5743867191268253,-20.000000000000007
-0.1588755362754529,1.4850044546638526,-20.000000000000007
-0.1573022328425518,1.4728691892634813,-20.000000000000007
-0.13627454356280116,1.4698930590124548,-20.000000000000007
-0.1492409378500507,1.4433299279067513,-20.000000000000007
-0.1489623238983579,1.4412504362146568,-20.000000000000007
-0.1362648890948696,1.4776041952523142,-20.000000000000007
-0.13766033188648455,1.4110074467856226,-20.000000000000007
-0.13225188883939853,1.5058494988029958,-20.000000000000007
-0.13496593015556188,1.4904004997731792,-20.000000000000007
-0.13496593015556188,1.490400499773179,-20.000000000000007
-0.13559501490126286,1.4971204706629226,-20.000000000000007
-0.13559501490126286,1.4971204706629224,-20.000000000000007
-0.13559501490126286,1.4971204706629226,-20.000000000000007
-0.14961452095757005,1.4408829749123402,-20.000000000000007
-0.14969871320520373,1.4376750065870232,-20.000000000000007
-0.14975415741304388,1.4356391577721637,-20.000000000000007
-0.1509864912825978,1.3992341320455803,-20.000000000000007
-0.14896232389835787,1.441250436214657,-20.000000000000007
-0.13766089245675403,1.4109848407592607,-20.000000000000007
-0.13766089245675406,1.4109848407592605,-20.000000000000007
-0.13634314369070832,1.4690918166037121,-20.000000000000007
-0.1489623238983579,1.441250436214657,-20.000000000000007
-0.13766089245675406,1.4109848407592605,-20.000000000000007
-0.14896232389835787,1.441250436214657,-20.000000000000007
-0.1377468926182409,1.4138227263361498,-20.000000000000007
-0.1377468926182409,1.4138227263361494,-20.000000000000007
-0.1377468926182409,1.4138227263361496,-20.000000000000007
-0.13523645424514372,1.4956132648969094,-20.000000000000007
-0.16015086704143033,1.4658572207674503,-20.000000000000007
-0.179509115801908,1.5810607140359072,-20.000000000000007
-0.18888897604606414,1.574862788567904,-20.000000000000007
-0.22992079293499199,1.9267144829893357,-20.000000000000007
-0.24527764217723233,1.8236949821295778,-20.000000000000007
-0.2495054676988277,1.7506184474221234,-20.000000000000007
-0.2549620868411279,1.771807764152899,-20.000000000000007
-0.2502845554208488,1.7235141714337494,-20.000000000000007
-0.25035299282351203,1.7233371551948806,-20.000000000000007
-0.2565972436079634,1.7689479140404267,-20.000000000000007
-0.2565972436079634,1.7689479140404272,-20.000000000000007
-0.2534854466222248,1.7604199361922004,-20.000000000000007
-0.24902189350397036,1.7544765488976224,-20.000000000000007
-0.22138700232139463,1.92869526337629,-20.000000000000007
-0.18842511370101273,1.5738540301251946,-20.000000000000007
-0.1822603459450228,1.5752406240198031,-20.000000000000007
-0.14969871320520375,1.4376750065870234,-20.000000000000007
-0.151885716309857,1.402262875380409,-20.000000000000007
-0.16015086704143036,1.4658572207674503,-20.000000000000007
-0.15023762373094235,1.439909646793374,-20.000000000000007
-0.1682457767542655,1.5713804974097523,-20.000000000000007
-0.13836586630353256,1.4276557579465319,-20.000000000000007
-0.1377468926182409,1.4138227263361496,-20.000000000000007
-0.1352364542451437,1.4956132648969094,-20.000000000000007
-0.13496593015556185,1.4904004997731792,-20.000000000000007
-0.1352364542451437,1.4956132648969096,-20.000000000000007
-0.134987587169906,1.4902841828006381,-20.000000000000007
-0.1352364542451437,1.4956132648969096,-20.000000000000007
-0.13559501490126288,1.4971204706629226,-20.000000000000007
-0.13559501490126288,1.4971204706629226,-20.000000000000007
-0.14975415741304388,1.4356391577721637,-20.000000000000007
-0.14975414285615307,1.4356134548649337,-20.000000000000007
-0.1754824483155792,1.566996165209496,-20.000000000000007
-0.16270023080057264,1.4821412217524916,-20.000000000000007
-0.16491224342351887,1.4962079272044329,-20.000000000000007
-0.16226514651890211,1.479978094344565,-20.000000000000007
-0.13634314369070832,1.4690918166037121,-20.000000000000007
-0.1601508670414304,1.4658572207674503,-20.000000000000007
-0.13634314369070832,1.469091816603712,-20.000000000000007
-0.14975415741304388,1.4356391577721637,-20.000000000000007
-0.16491224342351885,1.4962079272044329,-20.000000000000007
-0.136196335367052,1.478381580575089,-20.000000000000007
-0.15887553627545287,1.4850044546638523,-20.000000000000007
-0.13627454356280114,1.4698930590124546,-20.000000000000007
-0.1377468926182409,1.4138227263361496,-20.000000000000007
-0.18226034594502277,1.575240624019803,-20.000000000000007
-0.18942453257317315,1.5791548760255545,-20.000000000000007
-0.23693987848983955,1.9092523350138693,-20.000000000000007
-0.25666855326715,1.768784284976267,-20.000000000000007
-0.2707069290831226,1.7119508949883162,-20.000000000000007
-0.26396892838221525,1.761481419976462,-20.000000000000007
-0.2645097652915035,1.7621367753841422,-20.000000000000007
-0.25717858246656333,1.7692785792686196,-20.000000000000007
-0.24902189350397036,1.7544765488976224,-20.000000000000007
-0.24979116279807972,1.7277891237759837,-20.000000000000007
-0.23792606670789518,1.8968942147887933,-20.000000000000007
-0.22716309140908014,1.9285511849068329,-20.000000000000007
-0.2261117179537413,1.9301421223050315,-20.000000000000007
-0.20438912631107456,1.7467571198479008,-20.000000000000007
-0.18842511370101273,1.5738540301251949,-20.000000000000007
-0.179509115801908,1.5810607140359074,-20.000000000000007
-0.13766089245675406,1.4109848407592605,-20.000000000000007
-0.151885716309857,1.402262875380409,-20.000000000000007
-0.13766089245675406,1.4109848407592605,-20.000000000000007
-0.16226514651890211,1.4799780943445655,-20.000000000000007
-0.1627002308005726,1.4821412217524914,-20.000000000000007
-0.1362648890948696,1.4776041952523142,-20.000000000000007
-0.13766089245675406,1.4109848407592602,-20.000000000000007
-0.13225188883939853,1.505849498802996,-20.000000000000007
-0.13496593015556185,1.4904004997731792,-20.000000000000007
-0.13496593015556185,1.4904004997731795,-20.000000000000007
-0.13496593015556185,1.4904004997731792,-20.000000000000007
-0.1350079976204999,1.4901723146345816,-20.000000000000007
-0.13496593015556185,1.490400499773179,-20.000000000000007
-0.1352364542451437,1.4956132648969094,-20.000000000000007
-0.13496593015556185,1.4904004997731795,-20.000000000000007
-0.13500799762049986,1.4901723146345818,-20.000000000000007
-0.134987587169906,1.490284182800638,-20.000000000000007
-0.13505647193701795,1.4933154606281192,-20.000000000000007
-0.13523645424514372,1.4956132648969094,-20.000000000000007
-0.1352364542451437,1.4956132648969094,-20.000000000000007
-0.1352364542451437,1.4956132648969094,-20.000000000000007
-0.1350079976204999,1.4901723146345818,-20.000000000000007
-0.1352364542451437,1.4956132648969094,-20.000000000000007
-0.13500799762049986,1.4901723146345818,-20.000000000000007
-0.1352364542451437,1.4956132648969094,-20.000000000000007
-0.13498758716990603,1.490284182800638,-20.000000000000007
-0.1352364542451437,1.4956132648969094,-20.000000000000007
-0.1350079976204999,1.4901723146345816,-20.000000000000007
-0.14975415741304388,1.4356391577721634,-20.000000000000007
-0.18067000068203443,1.5594198148107745,-20.000000000000007
-0.20438912631107453,1.746757119847901,-20.000000000000007
-0.24431076490960954,1.8291243725315856,-20.000000000000007
-0.25276036444532335,1.7515370979857026,-20.000000000000007
-0.2560307117717766,1.7677522223127287,-20.000000000000007
-0.2627013797690715,1.7649612190181854,-20.000000000000007
-0.25677700892743516,1.7710504404728775,-20.000000000000007
-0.25512975375966035,1.769783133776441,-20.000000000000007
-0.2662334868970442,1.763788193469412,-20.000000000000007
-0.2760824618269203,1.6139819250177534,-20.000000000000007
-0.2707062827311749,1.711801215813155,-20.000000000000007
-0.26312894931579134,1.7641320623085457,-20.000000000000007
-0.24233012893262865,1.8479407891859199,-20.000000000000007
-0.20438912631107456,1.746757119847901,-20.000000000000007
-0.18110619219721427,1.5615965088310684,-20.000000000000007
-0.1489623238983579,1.441250436214657,-20.000000000000007
-0.13559501490126286,1.4971204706629226,-20.000000000000007
-0.13496974848001758,1.4907327764956038,-20.000000000000007
-0.13496974848001755,1.490732776495604,-20.000000000000007
-0.13500799762049986,1.4901723146345818,-20.000000000000007
-0.1350079976204999,1.4901723146345816,-20.000000000000007
-0.13523645424514372,1.4956132648969094,-20.000000000000007
-0.1352364542451437,1.4956132648969092,-20.000000000000007
-0.13559501490126288,1.4971204706629226,-20.000000000000007
-0.1352364542451437,1.4956132648969094,-20.000000000000007
-0.13559501490126288,1.4971204706629226,-20.000000000000007
-0.13541503259313709,1.4948226663941326,-20.000000000000007
-0.13559501490126286,1.4971204706629226,-20.000000000000007
-0.13559501490126288,1.4971204706629226,-20.000000000000007
-0.13559501490126288,1.4971204706629224,-20.000000000000007
-0.13559501490126286,1.4971204706629226,-20.000000000000007
-0.1362648890948696,1.4776041952523142,-20.000000000000007
-0.13766033188648455,1.4110074467856228,-20.000000000000007
-0.1497541574130439,1.4356391577721637,-20.000000000000007
-0.16226514651890211,1.4799780943445655,-20.000000000000007
-0.16175363895024925,1.4767475548411566,-20.000000000000007
-0.17917386072802038,1.590178044127888,-20.000000000000007
-0.14975414285615307,1.4356134548649342,-20.000000000000007
-0.14975414285615307,1.435613454864934,-20.000000000000007
-0.16491224342351885,1.496207927204433,-20.000000000000007
-0.1617536389502492,1.4767475548411564,-20.000000000000007
-0.17950911580190798,1.5810607140359072,-20.000000000000007
-0.1822099663654441,1.5747645545787243,-20.000000000000007
-0.179509115801908,1.5810607140359072,-20.000000000000007
-0.18888897604606417,1.5748627885679038,-20.000000000000007
-0.21295636326596953,1.8553596150545901,-20.000000000000007
-0.24512457530032142,1.8178102846905113,-20.000000000000007
-0.2756333447999612,1.6162578342050353,-20.000000000000007
-0.28011681502668095,1.5081261530810859,-20.000000000000007
-0.28078661533106947,1.511411264809145,-20.000000000000007
-0.2661811719008452,1.763712313099099,-20.000000000000007
-0.2628344847295874,1.7654332948875775,-20.000000000000007
-0.26283424512576375,1.7651534701634919,-20.000000000000007
-0.26186141545449676,1.7671144604825741,-20.000000000000007
-0.26190988717156993,1.7663580930815734,-20.000000000000007
-0.24969522456923443,1.7343075389569036,-20.000000000000007
-0.24415167927822606,1.8228823810574408,-20.000000000000007
-0.22009438141336612,1.932060905344298,-20.000000000000007
-0.19431926352746381,1.624540405447776,-20.000000000000007
-0.1822603459450228,1.575240624019803,-20.000000000000007
-0.14969871320520373,1.437675006587023,-20.000000000000007
-0.14969871320520373,1.4376750065870232,-20.000000000000007
-0.13766033188648452,1.4110074467856226,-20.000000000000007
-0.16226514651890211,1.4799780943445655,-20.000000000000007
-0.16226514651890211,1.479978094344565,-20.000000000000007
-0.1362745899628907,1.4698692019264872,-20.000000000000007
-0.13505394683634653,1.4898994611030376,-20.000000000000007
-0.1247755384603551,1.5292050934076347,-20.000000000000007
-0.11095734796566889,1.5311353815265418,-20.000000000000007
-0.11240583658738618,1.5333027470460343,-20.000000000000007
-0.11161013015990384,1.5393901157399106,-20.000000000000007
-0.11160983668258677,1.5394053130640604,-20.000000000000007
-0.11160983668258675,1.5394053130640606,-20.000000000000007
-0.11240583658738618,1.5333027470460343,-20.000000000000007
-0.11095734796566889,1.5311353815265414,-20.000000000000007
-0.11023310443464367,1.5300533484745649,-20.000000000000007
-0.11023310443464365,1.5300533484745646,-20.000000000000007
-0.11240583658738618,1.5333027470460345,-20.000000000000007
-0.11240579018729666,1.5333266041320024,-20.000000000000007
-0.11160983668258675,1.5394053130640608,-20.000000000000007
-0.11161013015990386,1.5393901157399101,-20.000000000000007
-0.1128832251434153,1.546351078808715,-20.000000000000007
-0.12573082948264883,1.539243717419068,-20.000000000000007
-0.1272250737915479,1.5344003153366788,-20.000000000000007
-0.12977878434227222,1.5366981790013698,-20.000000000000007
-0.13103589494983797,1.5232912541189418,-20.000000000000007
-0.13103589494983794,1.523291254118942,-20.000000000000007
-0.12793961775427445,1.530538063171283,-20.000000000000007
-0.13500799762049986,1.4901723146345818,-20.000000000000007
-0.16015086704143036,1.4658572207674505,-20.000000000000007
-0.18226034594502277,1.575240624019803,-20.000000000000007
-0.22081949803291098,1.9390760936600095,-20.000000000000007
-0.2309987143250381,1.9110800623980295,-20.000000000000007
-0.23440823261138902,1.9331740021179948,-20.000000000000007
-0.24753611064781525,1.7981305890838026,-20.000000000000007
-0.24839688949667688,1.7820531709883443,-20.000000000000007
-0.2483855056181249,1.782722172370144,-20.000000000000007
-0.24895973811455108,1.7659134401048042,-20.000000000000007
-0.2502845554208488,1.7235141714337492,-20.000000000000007
-0.2461083143214935,1.816116149255602,-20.000000000000007
-0.23659925647226113,1.9165596998593308,-20.000000000000007
-0.22760144644216082,1.9245423734898097,-20.000000000000007
-0.1894245325731731,1.5791548760255547,-20.000000000000007
-0.1822603459450228,1.575240624019803,-20.000000000000007
-0.1742675836248365,1.5596310191219986,-20.000000000000007
-0.1489623238983579,1.441250436214657,-20.000000000000007
-0.1497541428561531,1.4356134548649337,-20.000000000000007
-0.1363431436907083,1.4690918166037121,-20.000000000000007
-0.14969871320520373,1.437675006587023,-20.000000000000007
-0.13766089245675406,1.4109848407592605,-20.000000000000007
-0.13559501490126286,1.4971204706629224,-20.000000000000007
-0.13559501490126286,1.4971204706629226,-20.000000000000007
-0.13225188883939853,1.505849498802996,-20.000000000000007
-0.13496974848001758,1.4907327764956042,-20.000000000000007
-0.13559501490126288,1.4971204706629226,-20.000000000000007
-0.13559501490126288,1.4971204706629226,-20.000000000000007
-0.15098649128259778,1.3992341320455806,-20.000000000000007
-0.1509864912825978,1.3992341320455806,-20.000000000000007
-0.17716407672167844,1.5760687284044745,-20.000000000000007
-0.17426758362483646,1.559631019121999,-20.000000000000007
-0.16226514651890211,1.4799780943445653,-20.000000000000007
-0.16015086704143033,1.4658572207674503,-20.000000000000007
-0.1360729657172006,1.4831686616984476,-20.000000000000007
-0.14975414285615304,1.435613454864934,-20.000000000000007
-0.1377468926182409,1.4138227263361496,-20.000000000000007
-0.15098649128259778,1.3992341320455806,-20.000000000000007
-0.14975414285615304,1.435613454864934,-20.000000000000007
-0.13766089245675403,1.4109848407592605,-20.000000000000007
-0.14969871320520375,1.437675006587023,-20.000000000000007
-0.13766089245675406,1.4109848407592605,-20.000000000000007
-0.14969871320520375,1.437675006587023,-20.000000000000007
-0.13766089245675403,1.4109848407592605,-20.000000000000007
-0.13559501490126286,1.4971204706629226,-20.000000000000007
-0.15188571630985698,1.402262875380409,-20.000000000000007
-0.18040437186688577,1.561176753585045,-20.000000000000007
-0.22012456876574124,1.9315839867608928,-20.000000000000007
-0.2548334488315295,1.7710535281901882,-20.000000000000007
-0.2698032958848912,1.7281583033037227,-20.000000000000007
-0.2819252686870596,1.5318721242677227,-20.000000000000007
-0.27872285999479984,1.5410216059235347,-20.000000000000007
-0.2641491406762191,1.7600484683169833,-20.000000000000007
-0.26371979967285925,1.761731895333149,-20.000000000000007
-0.254949673517452,1.766395973482047,-20.000000000000007
-0.2549693785437153,1.7638860457830743,-20.000000000000007
-0.24838336367561586,1.7719962250136727,-20.000000000000007
-0.23806035831495886,1.8951593168434053,-20.000000000000007
-0.2129563632659695,1.8553596150545903,-20.000000000000007
-0.18942453257317313,1.5791548760255547,-20.000000000000007
-0.18220996636544406,1.5747645545787246,-20.000000000000007
-0.14969871320520375,1.437675006587023,-20.000000000000007
-0.1514812590766483,1.4023480959233525,-20.000000000000007
-0.13686489255195466,1.417087406777286,-20.000000000000007
-0.15623113343541906,1.497853378658344,-20.000000000000007
-0.14956704378807442,1.4816374407249462,-20.000000000000007
-0.13634545199768405,1.4817557980269476,-20.000000000000007
-0.14961452095757002,1.4408829749123404,-20.000000000000007
-0.1352364542451437,1.4956132648969094,-20.000000000000007
-0.137660892456754,1.4109848407592605,-20.000000000000007
-0.1363431436907083,1.469091816603712,-20.000000000000007
-0.13766089245675403,1.4109848407592605,-20.000000000000007
-0.1377468926182409,1.4138227263361496,-20.000000000000007
-0.14969871320520373,1.4376750065870232,-20.000000000000007
-0.14975415741304388,1.4356391577721634,-20.000000000000007
-0.1617536389502492,1.4767475548411566,-20.000000000000007
-0.16226514651890206,1.479978094344565,-20.000000000000007
-0.1727105924878417,1.547567701554894,-20.000000000000007
-0.16491224342351885,1.4962079272044329,-20.000000000000007
-0.17337853243457835,1.5519365666422187,-20.000000000000007
-0.16270023080057264,1.4821412217524916,-20.000000000000007
-0.17259283802865877,1.5472393109831908,-20.000000000000007
-0.1627002308005726,1.4821412217524916,-20.000000000000007
-0.1627002308005726,1.4821412217524914,-20.000000000000007
-0.1627002308005726,1.4821412217524914,-20.000000000000007
-0.16226514651890211,1.4799780943445653,-20.000000000000007
-0.16491224342351887,1.4962079272044329,-20.000000000000007
-0.16015086704143033,1.4658572207674505,-20.000000000000007
-0.1514812590766483,1.4023480959233525,-20.000000000000007
-0.1627002308005726,1.4821412217524914,-20.000000000000007
-0.18226034594502277,1.5752406240198031,-20.000000000000007
-0.18888897604606414,1.574862788567904,-20.000000000000007
-0.22077670792232063,1.9408417713906316,-20.000000000000007
-0.234408232611389,1.9331740021179946,-20.000000000000007
-0.24950546769882773,1.7506184474221231,-20.000000000000007
-0.2532803119563146,1.757648403858878,-20.000000000000007
-0.26380914415004386,1.7627160490657263,-20.000000000000007
-0.2646846940190081,1.7636247003912637,-20.000000000000007
-0.25709457685906567,1.768440620231114,-20.000000000000007
-0.266195371822927,1.763095142801057,-20.000000000000007
-0.2532443840550459,1.7543015480559814,-20.000000000000007
-0.24840704630731458,1.772447313002039,-20.000000000000007
-0.22987473655703378,1.9210853728673367,-20.000000000000007
-0.18885818653230285,1.5776548930151266,-20.000000000000007
-0.17933485877093766,1.5832655028315097,-20.000000000000007
-0.16226514651890211,1.4799780943445653,-20.000000000000007
-0.14975414285615307,1.4356134548649337,-20.000000000000007
-0.17232681240826253,1.5925309241278374,-20.000000000000007
-0.17510106557395994,1.5664100330278887,-20.000000000000007
-0.1811118557375559,1.567072007968258,-20.000000000000007
-0.1810614761579772,1.566595938527179,-20.000000000000007
-0.1771640767216785,1.5760687284044745,-20.000000000000007
-0.1497541574130439,1.4356391577721637,-20.000000000000007
-0.13766089245675406,1.4109848407592605,-20.000000000000007
-0.13766089245675403,1.4109848407592605,-20.000000000000007
-0.1377468926182409,1.4138227263361494,-20.000000000000007
-0.14975414285615307,1.435613454864934,-20.000000000000007
-0.14961452095757002,1.4408829749123404,-20.000000000000007
-0.1617536389502492,1.4767475548411566,-20.000000000000007
-0.17337853243457835,1.5519365666422187,-20.000000000000007
-0.16270023080057264,1.4821412217524916,-20.000000000000007
-0.17917386072802038,1.5901780441278879,-20.000000000000007
-0.17337853243457835,1.5519365666422185,-20.000000000000007
-0.15098676968313507,1.3990909895297734,-20.000000000000007
-0.17950911580190798,1.5810607140359072,-20.000000000000007
-0.14975414285615307,1.4356134548649337,-20.000000000000007
-0.179509115801908,1.5810607140359074,-20.000000000000007
-0.17950911580190798,1.5810607140359072,-20.000000000000007
-0.17716407672167844,1.5760687284044745,-20.000000000000007
-0.1883243545418553,1.5729018912430375,-20.000000000000007
-0.17552500018705425,1.570596500535822,-20.000000000000007
-0.1825476149431105,1.5745835488650153,-20.000000000000007
-0.1750993187470594,1.5663756026689186,-20.000000000000007
-0.17232681240826256,1.5925309241278374,-20.000000000000007
-0.18245135093884665,1.5726673984336743,-20.000000000000007
-0.18888897604606414,1.5748627885679038,-20.000000000000007
-0.2321525415825807,1.9102495330611602,-20.000000000000007
-0.26450976529150344,1.7621367753841422,-20.000000000000007
-0.2802424863224308,1.5048217717977543,-20.000000000000007
-0.2879214246588281,1.5730996135501176,-20.000000000000007
-0.28078661533106947,1.511411264809145,-20.000000000000007
-0.28011681502668095,1.5081261530810863,-20.000000000000007
-0.2801168150266809,1.5081261530810859,-20.000000000000007
-0.28024248632243076,1.5048217717977548,-20.000000000000007
-0.281479852749596,1.5255570079449203,-20.000000000000007
-0.27980756749542124,1.5140020740400388,-20.000000000000007
-0.27084956539536614,1.715367373668759,-20.000000000000007
-0.2481765667947332,1.7875503558582293,-20.000000000000007
-0.2261117179537413,1.9301421223050317,-20.000000000000007
-0.1894245325731731,1.5791548760255547,-20.000000000000007
-0.1675729523207915,1.5575177524324617,-20.000000000000007
-0.16721751645725738,1.5644100479704997,-20.000000000000007
-0.1675013959742941,1.5659485007450447,-20.000000000000007
-0.17288411621543606,1.5613034517219715,-20.000000000000007
-0.17510106245462623,1.5664045252620538,-20.000000000000007
-0.16750139597429406,1.5659485007450447,-20.000000000000007
-0.16226514651890211,1.4799780943445655,-20.000000000000007
-0.13634314369070832,1.469091816603712,-20.000000000000007
-0.1352364542451437,1.4956132648969092,-20.000000000000007
-0.1352364542451437,1.4956132648969094,-20.000000000000007
-0.13523645424514372,1.4956132648969092,-20.000000000000007
-0.13559501490126288,1.4971204706629224,-20.000000000000007
-0.13559501490126288,1.4971204706629224,-20.000000000000007
-0.13766089245675406,1.4109848407592605,-20.000000000000007
-0.13559501490126288,1.4971204706629226,-20.000000000000007
-0.14975415741304388,1.4356391577721634,-20.000000000000007
-0.14896232389835787,1.441250436214657,-20.000000000000007
-0.15188571630985698,1.4022628753804085,-20.000000000000007
-0.16270023080057266,1.4821412217524916,-20.000000000000007
-0.13774689261824094,1.4138227263361494,-20.000000000000007
-0.16226514651890211,1.479978094344565,-20.000000000000007
-0.1377468926182409,1.4138227263361494,-20.000000000000007
-0.15098649128259778,1.3992341320455803,-20.000000000000007
-0.16015086704143036,1.4658572207674505,-20.000000000000007
-0.1617536389502492,1.4767475548411566,-20.000000000000007
-0.14969871320520373,1.4376750065870232,-20.000000000000007
-0.15098649128259783,1.3992341320455806,-20.000000000000007
-0.13766089245675403,1.4109848407592605,-20.000000000000007
-0.13766089245675403,1.4109848407592602,-20.000000000000007
-0.1742675836248365,1.5596310191219989,-20.000000000000007
-0.180374903390968,1.5624216849117096,-20.000000000000007
-0.2013109492445595,1.7056980742635648,-20.000000000000007
-0.22595826031529193,1.9324263488581668,-20.000000000000007
-0.23889206048921913,1.8949852356181969,-20.000000000000007
-0.23680819581554174,1.9141570200209541,-20.000000000000007
-0.24950546769882764,1.7506184474221234,-20.000000000000007
-0.24953763946735746,1.750898871790636,-20.000000000000007
-0.24754720397342556,1.7997482448718514,-20.000000000000007
-0.25228809101177074,1.7437402778162134,-20.000000000000007
-0.24746796938690008,1.7902820903251833,-20.000000000000007
-0.2441142300518926,1.8235637302985563,-20.000000000000007
-0.2451925693676752,1.8226011510985791,-20.000000000000007
-0.2213870023213947,1.9286952633762897,-20.000000000000007
-0.19943351421520183,1.6818411216689304,-20.000000000000007
-0.18226034594502277,1.5752406240198031,-20.000000000000007
-0.14969871320520373,1.4376750065870232,-20.000000000000007
-0.16015086704143033,1.4658572207674503,-20.000000000000007
-0.16226514651890211,1.4799780943445653,-20.000000000000007
-0.1711744138055779,1.5873366355312974,-20.000000000000007
-0.1729187157354297,1.5934671248005738,-20.000000000000007
-0.1509864912825978,1.3992341320455806,-20.000000000000007
-0.13766089245675406,1.4109848407592605,-20.000000000000007
-0.13500799762049986,1.4901723146345818,-20.000000000000007
-0.13500799762049986,1.4901723146345818,-20.000000000000007
-0.13559501490126286,1.4971204706629226,-20.000000000000007
-0.1363431436907083,1.4690918166037121,-20.000000000000007
-0.14969871320520373,1.4376750065870234,-20.000000000000007
-0.1497541574130439,1.4356391577721637,-20.000000000000007
-0.14975414285615304,1.435613454864934,-20.000000000000007
-0.1771640767216785,1.5760687284044748,-20.000000000000007
-0.16226514651890211,1.4799780943445653,-20.000000000000007
-0.17917386072802038,1.5901780441278879,-20.000000000000007
-0.17933485877093766,1.5832655028315095,-20.000000000000007
-0.16226514651890211,1.479978094344565,-20.000000000000007
-0.17716407672167844,1.5760687284044745,-20.000000000000007
-0.14947306268121344,1.4401096667703468,-20.000000000000007
-0.1627002308005726,1.4821412217524916,-20.000000000000007
-0.14975414285615304,1.435613454864934,-20.000000000000007
-0.14975414285615307,1.435613454864934,-20.000000000000007
-0.17337853243457835,1.5519365666422187,-20.000000000000007
-0.13766089245675406,1.4109848407592605,-20.000000000000007
-0.15748675287147954,1.4729437082436276,-20.000000000000007
-0.14918550819910134,1.4453914796288405,-20.000000000000007
-0.17716407672167847,1.5760687284044745,-20.000000000000007
-0.18888897604606417,1.5748627885679043,-20.000000000000007
-0.21921870976041324,1.9334146801275216,-20.000000000000007
-0.25079660412892135,1.7136896143291822,-20.000000000000007
-0.267186124568559,1.7622189747626147,-20.000000000000007
-0.2796900619655703,1.5217939303459362,-20.000000000000007
-0.28024248632243076,1.5048217717977548,-20.000000000000007
-0.2645600880082273,1.7622864259984372,-20.000000000000007
-0.2536395998721006,1.7640771185418007,-20.000000000000007
-0.2560249731724666,1.765513258458527,-20.000000000000007
-0.25076437075355007,1.7158809576661758,-20.000000000000007
-0.24948696251129443,1.7411443225876762,-20.000000000000007
-0.2475345743109568,1.8000111418310756,-20.000000000000007
-0.22140461161028016,1.9284170608693036,-20.000000000000007
-0.18885818653230282,1.5776548930151266,-20.000000000000007
-0.18226034594502277,1.575240624019803,-20.000000000000007
-0.14975414285615307,1.4356134548649337,-20.000000000000007
-0.14975415741304388,1.4356391577721637,-20.000000000000007
-0.15188571630985698,1.4022628753804087,-20.000000000000007
-0.1497541574130439,1.4356391577721637,-20.000000000000007
-0.16015086704143036,1.4658572207674503,-20.000000000000007
-0.1362745899628907,1.469869201926487,-20.000000000000007
-0.13766089245675406,1.4109848407592605,-20.000000000000007
-0.13523645424514372,1.4956132648969092,-20.000000000000007
-0.13559501490126288,1.4971204706629226,-20.000000000000007
-0.1363431436907083,1.4690918166037121,-20.000000000000007
-0.13766089245675403,1.4109848407592602,-20.000000000000007
-0.13774689261824094,1.4138227263361496,-20.000000000000007
-0.14975414285615307,1.435613454864934,-20.000000000000007
-0.14975415741304388,1.4356391577721634,-20.000000000000007
-0.1622651465189021,1.4799780943445653,-20.000000000000007
-0.16226514651890211,1.479978094344565,-20.000000000000007
-0.16491224342351885,1.4962079272044329,-20.000000000000007
-0.1627002308005726,1.4821412217524919,-20.000000000000007
-0.1622651465189021,1.479978094344565,-20.000000000000007
-0.1622651465189021,1.4799780943445655,-20.000000000000007
-0.15188571630985698,1.402262875380409,-20.000000000000007
-0.16015086704143033,1.4658572207674505,-20.000000000000007
-0.14975414285615307,1.4356134548649337,-20.000000000000007
-0.16015086704143036,1.4658572207674505,-20.000000000000007
-0.14975414285615307,1.4356134548649337,-20.000000000000007
-0.16226514651890214,1.4799780943445653,-20.000000000000007
-0.14975414285615307,1.4356134548649337,-20.000000000000007
-0.14975414285615304,1.435613454864934,-20.000000000000007
-0.14975415741304388,1.4356391577721637,-20.000000000000007
-0.1804043718668858,1.561176753585045,-20.000000000000007
-0.18888897604606414,1.574862788567904,-20.000000000000007
-0.22096168538854577,1.9359203816877504,-20.000000000000007
-0.24753611064781528,1.7981305890838026,-20.000000000000007
-0.24874625585157886,1.7701760576307422,-20.000000000000007
-0.2502845554208488,1.7235141714337492,-20.000000000000007
-0.25378294800980744,1.7680678568789594,-20.000000000000007
-0.256723265146406,1.7712116126043616,-20.000000000000007
-0.2560249731724666,1.765513258458527,-20.000000000000007
-0.2637701223895831,1.761881545947444,-20.000000000000007
-0.25493580976856806,1.7643516975393148,-20.000000000000007
-0.24806073235046014,1.774485764400798,-20.000000000000007
-0.24643547166994967,1.811836249863565,-20.000000000000007
-0.22648741265525174,1.9290439783824922,-20.000000000000007
-0.21295636326596956,1.8553596150545903,-20.000000000000007
-0.18886938598024677,1.5715946146796027,-20.000000000000007
-0.17917386072802038,1.5901780441278874,-20.000000000000007
-0.17950911580190798,1.5810607140359074,-20.000000000000007
-0.15963760809684852,1.4903236025950413,-20.000000000000007
-0.1804043718668858,1.5611767535850447,-20.000000000000007
-0.179509115801908,1.5810607140359074,-20.000000000000007
-0.16829995893165886,1.5658324149945,-20.000000000000007
-0.17259283802865877,1.5472393109831906,-20.000000000000007
-0.13634314369070832,1.469091816603712,-20.000000000000007
-0.13634314369070832,1.4690918166037121,-20.000000000000007
-0.13505647193701792,1.4933154606281194,-20.000000000000007
-0.13559501490126288,1.4971204706629226,-20.000000000000007
-0.13523645424514372,1.4956132648969092,-20.000000000000007
-0.13559501490126286,1.4971204706629226,-20.000000000000007
-0.13559501490126286,1.4971204706629224,-20.000000000000007
-0.13766089245675406,1.4109848407592605,-20.000000000000007
-0.13766089245675406,1.4109848407592602,-20.000000000000007
-0.13559501490126286,1.4971204706629226,-20.000000000000007
-0.14969871320520375,1.437675006587023,-20.000000000000007
-0.13634314369070832,1.469091816603712,-20.000000000000007
-0.16226514651890211,1.4799780943445653,-20.000000000000007
-0.16226514651890211,1.4799780943445653,-20.000000000000007
-0.16015086704143036,1.4658572207674505,-20.000000000000007
-0.14896232389835787,1.441250436214657,-20.000000000000007
-0.15098676968313507,1.3990909895297734,-20.000000000000007
-0.1489623238983579,1.4412504362146568,-20.000000000000007
-0.17917386072802036,1.5901780441278879,-20.000000000000007
-0.1724249281920105,1.5949293566576472,-20.000000000000007
-0.14849302182516147,1.473191263891299,-20.000000000000007
-0.1822099663654441,1.5747645545787248,-20.000000000000007
-0.18226034594502277,1.575240624019803,-20.000000000000007
-0.2124774017858964,1.8482623387946078,-20.000000000000007
-0.2503836637376046,1.7099445186385251,-20.000000000000007
-0.26450976529150344,1.7621367753841424,-20.000000000000007
-0.2786975700613999,1.5412398948221344,-20.000000000000007
-0.2796505477078005,1.5205278537775684,-20.000000000000007
-0.26424507247143847,1.761565243177328,-20.000000000000007
-0.2526613287830495,1.745043410470449,-20.000000000000007
-0.2506231946469256,1.7093249618024848,-20.000000000000007
-0.25363890815984125,1.76308129542935,-20.000000000000007
-0.24983647027599315,1.7239938505887995,-20.000000000000007
-0.24873601670352735,1.7712283943375777,-20.000000000000007
-0.24431076490960957,1.8291243725315853,-20.000000000000007
-0.2050813207023781,1.7576560601736042,-20.000000000000007
-0.18888897604606417,1.5748627885679038,-20.000000000000007
-0.18226034594502277,1.575240624019803,-20.000000000000007
-0.1622651465189021,1.479978094344565,-20.000000000000007
-0.17950911580190798,1.5810607140359074,-20.000000000000007
-0.16226514651890211,1.4799780943445653,-20.000000000000007
-0.17426758362483652,1.5596310191219989,-20.000000000000007
-0.16226514651890211,1.4799780943445653,-20.000000000000007
-0.1377468926182409,1.4138227263361496,-20.000000000000007
-0.14969871320520375,1.437675006587023,-20.000000000000007
-0.13523645424514372,1.4956132648969094,-20.000000000000007
-0.13634314369070832,1.469091816603712,-20.000000000000007
-0.13766033188648455,1.4110074467856224,-20.000000000000007
-0.13634314369070832,1.469091816603712,-20.000000000000007
-0.14975414285615307,1.435613454864934,-20.000000000000007
-0.13634314369070832,1.4690918166037121,-20.000000000000007
-0.14975414285615307,1.4356134548649337,-20.000000000000007
-0.1377468926182409,1.4138227263361496,-20.000000000000007
-0.1497541574130439,1.4356391577721639,-20.000000000000007
-0.14975415741304388,1.4356391577721634,-20.000000000000007
-0.13766089245675403,1.4109848407592602,-20.000000000000007
-0.1601508670414304,1.4658572207674503,-20.000000000000007
-0.13559501490126286,1.4971204706629224,-20.000000000000007
-0.15098649128259778,1.3992341320455803,-20.000000000000007
-0.15098676968313507,1.3990909895297734,-20.000000000000007
-0.17337853243457835,1.5519365666422185,-20.000000000000007
-0.17917386072802038,1.5901780441278879,-20.000000000000007
-0.17933485877093766,1.5832655028315095,-20.000000000000007
-0.1806700006820344,1.5594198148107745,-20.000000000000007
-0.18067000068203443,1.5594198148107747,-20.000000000000007
-0.1804043718668858,1.561176753585045,-20.000000000000007
-0.1822603459450228,1.575240624019803,-20.000000000000007
-0.18842511370101278,1.5738540301251946,-20.000000000000007
-0.19267268447527958,1.6078003855443994,-20.000000000000007
-0.22903447707550284,1.9276403862238336,-20.000000000000007
-0.23479550972404745,1.9292577686435868,-20.000000000000007
-0.24941685587515783,1.753003142208471,-20.000000000000007
-0.24839724581557182,1.7826858814747113,-20.000000000000007
-0.2535606442709875,1.7667014538198775,-20.000000000000007
-0.2615103053920279,1.767346810094028,-20.000000000000007
-0.26649726965148735,1.7649532031300057,-20.000000000000007
-0.2789042084086433,1.5418053785463768,-20.000000000000007
-0.26141724435865127,1.7663292169541924,-20.000000000000007
-0.25485032169770533,1.771228273509895,-20.000000000000007
-0.23106341340115905,1.9111892152082386,-20.000000000000007
-0.20139347992708184,1.7055505241438345,-20.000000000000007
-0.18226034594502277,1.5752406240198031,-20.000000000000007
-0.14896232389835787,1.441250436214657,-20.000000000000007
-0.13766089245675403,1.4109848407592602,-20.000000000000007
-0.13766089245675406,1.4109848407592605,-20.000000000000007
-0.13774689261824094,1.4138227263361496,-20.000000000000007
-0.1509864912825978,1.3992341320455803,-20.000000000000007
-0.13766089245675406,1.4109848407592605,-20.000000000000007
-0.13766089245675403,1.4109848407592605,-20.000000000000007
-0.13559501490126286,1.4971204706629229,-20.000000000000007
-0.1352364542451437,1.4956132648969094,-20.000000000000007
-0.1363431436907083,1.4690918166037121,-20.000000000000007
-0.1363431436907083,1.469091816603712,-20.000000000000007
-0.14896232389835787,1.4412504362146568,-20.000000000000007
-0.13774689261824094,1.4138227263361496,-20.000000000000007
-0.1497541574130439,1.4356391577721634,-20.000000000000007
-0.14975414285615307,1.435613454864934,-20.000000000000007
-0.16015086704143036,1.4658572207674505,-20.000000000000007
-0.1497541574130439,1.4356391577721637,-20.000000000000007
-0.16015086704143033,1.4658572207674505,-20.000000000000007
-0.1509864912825978,1.3992341320455806,-20.000000000000007
-0.16015086704143033,1.4658572207674507,-20.000000000000007
-0.14975415741304388,1.4356391577721637,-20.000000000000007
-0.15280423597603293,1.4087123965335244,-20.000000000000007
-0.14975414285615304,1.4356134548649337,-20.000000000000007
-0.15280423597603293,1.4087123965335244,-20.000000000000007
-0.16015086704143036,1.4658572207674505,-20.000000000000007
-0.17259283802865877,1.5472393109831906,-20.000000000000007
-0.1742675836248365,1.5596310191219989,-20.000000000000007
-0.1377468462181514,1.4138465834221172,-20.000000000000007
-0.17917386072802038,1.5901780441278877,-20.000000000000007
-0.18226034594502283,1.575240624019803,-20.000000000000007
-0.20620692767240612,1.7695048984654262,-20.000000000000007
-0.24808288501394005,1.78784277766362,-20.000000000000007
-0.25883335490374737,1.776830249232452,-20.000000000000007
-0.2787228599947999,1.5410216059235349,-20.000000000000007
-0.279425824015851,1.5230811353673013,-20.000000000000007
-0.2796505477078005,1.5205278537775686,-20.000000000000007
-0.2653606984182829,1.7659571933544056,-20.000000000000007
-0.2536395998721006,1.7640771185418007,-20.000000000000007
-0.2551316173666182,1.764737837870049,-20.000000000000007
-0.24804103954158735,1.7780462262614123,-20.000000000000007
-0.24415167927822612,1.8228823810574408,-20.000000000000007
-0.24352941008181261,1.8371727099357726,-20.000000000000007
-0.21297145694215705,1.8551211557628873,-20.000000000000007
-0.1907950214096275,1.590822301118022,-20.000000000000007
-0.1822603459450228,1.575240624019803,-20.000000000000007
-0.14975414285615307,1.4356134548649337,-20.000000000000007
-0.14975415741304393,1.4356391577721637,-20.000000000000007
-0.13766033188648452,1.4110074467856228,-20.000000000000007
-0.14961452095757002,1.4408829749123404,-20.000000000000007
-0.1377468926182409,1.4138227263361498,-20.000000000000007
-0.13766089245675403,1.4109848407592605,-20.000000000000007
-0.13774689261824094,1.4138227263361496,-20.000000000000007
-0.1363431436907083,1.4690918166037121,-20.000000000000007
-0.13766089245675403,1.4109848407592605,-20.000000000000007
-0.14896232389835787,1.441250436214657,-20.000000000000007
-0.14975414285615304,1.435613454864934,-20.000000000000007
-0.14969871320520373,1.4376750065870234,-20.000000000000007
-0.15188571630985698,1.4022628753804087,-20.000000000000007
-0.14969871320520375,1.437675006587023,-20.000000000000007
-0.16175363895024922,1.4767475548411564,-20.000000000000007
-0.14975414285615307,1.4356134548649337,-20.000000000000007
-0.1617536389502492,1.4767475548411564,-20.000000000000007
-0.14975415741304388,1.4356391577721637,-20.000000000000007
-0.16175363895024922,1.4767475548411566,-20.000000000000007
-0.1509864912825978,1.3992341320455806,-20.000000000000007
-0.16175363895024922,1.4767475548411566,-20.000000000000007
-0.16015086704143036,1.4658572207674503,-20.000000000000007
-0.16226514651890211,1.4799780943445655,-20.000000000000007
-0.1622651465189021,1.4799780943445655,-20.000000000000007
-0.16270023080057264,1.4821412217524914,-20.000000000000007
-0.1742675836248365,1.5596310191219986,-20.000000000000007
-0.15887553627545287,1.4850044546638526,-20.000000000000007
-0.15721972542506032,1.472394016170424,-20.000000000000007
-0.17694296547815702,1.572743141012019,-20.000000000000007
-0.18837473412143405,1.5733779606841158,-20.000000000000007
-0.19316194813994036,1.6117989308347906,-20.000000000000007
-0.23278630500397757,1.9217446600094166,-20.000000000000007
-0.24233012893262865,1.8479407891859196,-20.000000000000007
-0.24983746969752973,1.7350726326056742,-20.000000000000007
-0.2532803119563147,1.7576484038588778,-20.000000000000007
-0.2502845554208489,1.7235141714337492,-20.000000000000007
-0.2533863837307667,1.7653022979974078,-20.000000000000007
-0.2552234907786554,1.7654660516474796,-20.000000000000007
-0.25666855326715,1.7687842849762672,-20.000000000000007
-0.255063593210691,1.766354976251576,-20.000000000000007
-0.2502845554208489,1.7235141714337492,-20.000000000000007
-0.22772843991301128,1.9230621957348462,-20.000000000000007
-0.1907950214096275,1.5908223011180223,-20.000000000000007
-0.18837473412143407,1.573377960684116,-20.000000000000007
-0.14975415741304388,1.4356391577721639,-20.000000000000007
-0.15098676968313507,1.3990909895297734,-20.000000000000007
-0.15938704384410574,1.488234994167261,-20.000000000000007
-0.14975414285615307,1.4356134548649337,-20.000000000000007
-0.1594530880679207,1.490249083614895,-20.000000000000007
-0.13493092824151431,1.4740203370252876,-20.000000000000007
-0.1352364542451437,1.4956132648969094,-20.000000000000007
-0.13559501490126288,1.4971204706629226,-20.000000000000007
-0.13496593015556185,1.4904004997731788,-20.000000000000007
-0.13766089245675403,1.4109848407592602,-20.000000000000007
-0.13766089245675403,1.4109848407592605,-20.000000000000007
-0.13766089245675406,1.4109848407592602,-20.000000000000007
-0.14969871320520373,1.437675006587023,-20.000000000000007
-0.1363431436907083,1.4690918166037121,-20.000000000000007
-0.14975414285615307,1.435613454864934,-20.000000000000007
-0.13634314369070832,1.4690918166037121,-20.000000000000007
-0.14975414285615307,1.435613454864934,-20.000000000000007
-0.14969871320520375,1.4376750065870232,-20.000000000000007
-0.16175363895024922,1.4767475548411566,-20.000000000000007
-0.17426758362483652,1.559631019121999,-20.000000000000007
-0.16226514651890211,1.4799780943445653,-20.000000000000007
-0.1742675836248365,1.5596310191219989,-20.000000000000007
-0.1377468926182409,1.4138227263361496,-20.000000000000007
-0.15188571630985698,1.402262875380409,-20.000000000000007
-0.1497541574130439,1.4356391577721637,-20.000000000000007
-0.1509864912825978,1.3992341320455806,-20.000000000000007
-0.1489623238983579,1.4412504362146568,-20.000000000000007
-0.13507723071321404,1.4963699242608688,-20.000000000000007
-0.13619633536705197,1.4783815805750888,-20.000000000000007
-0.17337853243457835,1.5519365666422185,-20.000000000000007
-0.1994335142152018,1.6818411216689304,-20.000000000000007
-0.24142985892856283,1.8550492090667048,-20.000000000000007
-0.2587735208185278,1.7759240155015112,-20.000000000000007
-0.27937114303749494,1.5257136780778133,-20.000000000000007
-0.2674390899609496,1.7588176811074243,-20.000000000000007
-0.279275318371894,1.530542685316143,-20.000000000000007
-0.26672723804823634,1.7620634317221229,-20.000000000000007
-0.253618923303346,1.7628279077421505,-20.000000000000007
-0.2559185070622395,1.7650215225375847,-20.000000000000007
-0.24854148335331447,1.768182715211415,-20.000000000000007
-0.24153360082064743,1.8539370079136304,-20.000000000000007
-0.23445763083557242,1.928933639393334,-20.000000000000007
-0.21297145694215705,1.8551211557628875,-20.000000000000007
-0.18837473412143402,1.573377960684116,-20.000000000000007
-0.17716407672167844,1.5760687284044748,-20.000000000000007
-0.1362648890948696,1.4776041952523145,-20.000000000000007
-0.14975414285615307,1.435613454864934,-20.000000000000007
-0.13766089245675406,1.4109848407592605,-20.000000000000007
-0.15938704384410574,1.488234994167261,-20.000000000000007
-0.16768554922156165,1.5642173899833378,-20.000000000000007
-0.13766089245675406,1.4109848407592605,-20.000000000000007
-0.13774689261824094,1.4138227263361496,-20.000000000000007
-0.13496593015556188,1.490400499773179,-20.000000000000007
-0.1352364542451437,1.4956132648969094,-20.000000000000007
-0.13523645424514372,1.4956132648969094,-20.000000000000007
-0.13766089245675403,1.4109848407592605,-20.000000000000007
-0.13634314369070832,1.469091816603712,-20.000000000000007
-0.14975415741304388,1.4356391577721634,-20.000000000000007
-0.14969871320520375,1.4376750065870232,-20.000000000000007
-0.15098649128259778,1.3992341320455803,-20.000000000000007
-0.1497541574130439,1.4356391577721637,-20.000000000000007
-0.14969871320520373,1.4376750065870232,-20.000000000000007
-0.14975414285615304,1.4356134548649342,-20.000000000000007
-0.13766089245675403,1.4109848407592605,-20.000000000000007
-0.1622651465189021,1.4799780943445653,-20.000000000000007
-0.14969871320520373,1.4376750065870234,-20.000000000000007
-0.17950911580190798,1.5810607140359074,-20.000000000000007
-0.17548244831557921,1.5669961652094955,-20.000000000000007
-0.17950911580190798,1.5810607140359072,-20.000000000000007
-0.17716407672167844,1.5760687284044748,-20.000000000000007
-0.17337853243457832,1.5519365666422185,-20.000000000000007
-0.1588755362754529,1.4850044546638523,-20.000000000000007
-0.1353442386637973,1.4957273291060031,-20.000000000000007
-0.1622651465189021,1.479978094344565,-20.000000000000007
-0.16270023080057266,1.4821412217524914,-20.000000000000007
-0.18885818653230285,1.5776548930151266,-20.000000000000007
-0.2210049246831962,1.9329836950429968,-20.000000000000007
-0.23193210184063526,1.9136144318446473,-20.000000000000007
-0.23538467694061213,1.9234328870905961,-20.000000000000007
-0.24406813897134635,1.8320885388102741,-20.000000000000007
-0.23855890206251498,1.8958163973073707,-20.000000000000007
-0.2359053147341681,1.9203346866708764,-20.000000000000007
-0.24949591577899322,1.7509205082859358,-20.000000000000007
-0.2536428903792911,1.767467644081354,-20.000000000000007
-0.254676136281439,1.7703800803847625,-20.000000000000007
-0.2548161029963737,1.7713167816293292,-20.000000000000007
-0.24352941008181267,1.8371727099357729,-20.000000000000007
-0.20438912631107453,1.7467571198479006,-20.000000000000007
-0.1891192387649498,1.5756732257028956,-20.000000000000007
-0.1822603459450228,1.5752406240198031,-20.000000000000007
-0.1811061921972143,1.5615965088310682,-20.000000000000007
-0.1822603459450228,1.5752406240198031,-20.000000000000007
-0.17917386072802038,1.5901780441278877,-20.000000000000007
-0.1822603459450228,1.575240624019803,-20.000000000000007
-0.16226514651890211,1.4799780943445653,-20.000000000000007
-0.1497541574130439,1.4356391577721637,-20.000000000000007
-0.14896232389835787,1.4412504362146568,-20.000000000000007
-0.13496593015556188,1.490400499773179,-20.000000000000007
-0.13523645424514372,1.4956132648969092,-20.000000000000007
-0.13541503259313706,1.4948226663941324,-20.000000000000007
-0.134987587169906,1.490284182800638,-20.000000000000007
-0.13634314369070832,1.4690918166037121,-20.000000000000007
-0.13766033188648452,1.4110074467856224,-20.000000000000007
-0.1509864912825978,1.3992341320455806,-20.000000000000007
-0.17917386072802033,1.5901780441278879,-20.000000000000007
-0.1754824483155792,1.5669961652094957,-20.000000000000007
-0.18226034594502277,1.5752406240198031,-20.000000000000007
-0.179509115801908,1.5810607140359072,-20.000000000000007
-0.1822603459450228,1.575240624019803,-20.000000000000007
-0.18226034594502277,1.575240624019803,-20.000000000000007
-0.18067109244884727,1.5594413337851312,-20.000000000000007
-0.1822603459450228,1.5752406240198031,-20.000000000000007
-0.1622651465189021,1.479978094344565,-20.000000000000007
-0.1822603459450228,1.5752406240198031,-20.000000000000007
-0.17950911580190798,1.5810607140359072,-20.000000000000007
-0.17225067116104018,1.5971341454532495,-20.000000000000007
-0.17506089947291542,1.570818104861102,-20.000000000000007
-0.15849767981066687,1.4928377700777622,-20.000000000000007
-0.18226034594502277,1.5752406240198031,-20.000000000000007
-0.19316194813994034,1.6117989308347906,-20.000000000000007
-0.23437730831641518,1.9266747247913023,-20.000000000000007
-0.2628342451257637,1.7651534701634923,-20.000000000000007
-0.26770561662432957,1.7529648760230931,-20.000000000000007
-0.2801760819130467,1.514622497768617,-20.000000000000007
-0.2662334868970442,1.763788193469412,-20.000000000000007
-0.2645974047928487,1.7627617789430179,-20.000000000000007
-0.2707609693308303,1.7139305321463145,-20.000000000000007
-0.26747086609398196,1.7613869296095803,-20.000000000000007
-0.2645551533522055,1.762341309909431,-20.000000000000007
-0.2502845554208488,1.7235141714337496,-20.000000000000007
-0.24753611064781522,1.7981305890838024,-20.000000000000007
-0.22126242425464532,1.9315727728415633,-20.000000000000007
-0.20336587397443143,1.7364901842809186,-20.000000000000007
-0.18226034594502277,1.575240624019803,-20.000000000000007
-0.14969871320520375,1.437675006587023,-20.000000000000007
-0.14975414285615307,1.4356134548649337,-20.000000000000007
-0.13766089245675406,1.4109848407592605,-20.000000000000007
-0.15098649128259778,1.3992341320455808,-20.000000000000007
-0.15098649128259778,1.3992341320455803,-20.000000000000007
-0.13559501490126286,1.4971204706629224,-20.000000000000007
-0.1377468926182409,1.4138227263361496,-20.000000000000007
-0.13523645424514372,1.4956132648969094,-20.000000000000007
-0.13766089245675406,1.4109848407592602,-20.000000000000007
-0.14896232389835787,1.441250436214657,-20.000000000000007
-0.14975414285615304,1.435613454864934,-20.000000000000007
-0.14975414285615304,1.4356134548649337,-20.000000000000007
-0.1509864912825978,1.3992341320455806,-20.000000000000007
-0.14969871320520373,1.437675006587023,-20.000000000000007
-0.14975415741304388,1.4356391577721637,-20.000000000000007
-0.14969871320520373,1.4376750065870232,-20.000000000000007
-0.151885716309857,1.402262875380409,-20.000000000000007
-0.15921534466681125,1.4594263141425161,-20.000000000000007
-0.16226514651890211,1.4799780943445653,-20.000000000000007
-0.16175363895024922,1.4767475548411566,-20.000000000000007
-0.16491224342351887,1.4962079272044326,-20.000000000000007
-0.16226514651890211,1.479978094344565,-20.000000000000007
-0.16226514651890211,1.4799780943445653,-20.000000000000007
-0.16015086704143036,1.4658572207674505,-20.000000000000007
-0.1622651465189021,1.4799780943445653,-20.000000000000007
-0.16175363895024922,1.4767475548411566,-20.000000000000007
-0.15098649128259778,1.3992341320455803,-20.000000000000007
-0.15098649128259778,1.3992341320455806,-20.000000000000007
-0.14975414285615304,1.4356134548649337,-20.000000000000007
-0.18226034594502277,1.5752406240198031,-20.000000000000007
-0.18888897604606417,1.574862788567904,-20.000000000000007
-0.23099871432503813,1.9110800623980295,-20.000000000000007
-0.24755077931477926,1.7988804440720865,-20.000000000000007
-0.2502845554208488,1.7235141714337492,-20.000000000000007
-0.2537715283888896,1.7682218800440646,-20.000000000000007
-0.2605149991014738,1.7698514411861148,-20.000000000000007
-0.25699476682218814,1.7699030547190087,-20.000000000000007
-0.2548334488315295,1.7710535281901882,-20.000000000000007
-0.2560112268535011,1.7674513249488975,-20.000000000000007
-0.24749479559217247,1.7990400987821107,-20.000000000000007
-0.2348542724480958,1.924746264434092,-20.000000000000007
-0.21965703425001756,1.93847326178661,-20.000000000000007
-0.18837473412143407,1.5733779606841163,-20.000000000000007
-0.1742675836248365,1.5596310191219989,-20.000000000000007
-0.13607296571720057,1.4831686616984472,-20.000000000000007
-0.1350079976204999,1.4901723146345818,-20.000000000000007
-0.13496593015556188,1.4904004997731792,-20.000000000000007
-0.13500799762049986,1.4901723146345816,-20.000000000000007
-0.13559501490126286,1.4971204706629224,-20.000000000000007
-0.13559501490126288,1.4971204706629224,-20.000000000000007
-0.1377468926182409,1.4138227263361494,-20.000000000000007
-0.13766089245675406,1.4109848407592605,-20.000000000000007
-0.15098649128259778,1.3992341320455806,-20.000000000000007
-0.14975414285615307,1.4356134548649342,-20.000000000000007
-0.14975414285615307,1.435613454864934,-20.000000000000007
-0.14969871320520375,1.4376750065870232,-20.000000000000007
-0.13766089245675406,1.4109848407592607,-20.000000000000007
-0.14969871320520373,1.4376750065870234,-20.000000000000007
-0.13766089245675403,1.4109848407592605,-20.000000000000007
-0.14975414285615307,1.4356134548649342,-20.000000000000007
-0.14969871320520373,1.4376750065870232,-20.000000000000007
-0.14975414285615307,1.4356134548649337,-20.000000000000007
-0.14969871320520373,1.4376750065870232,-20.000000000000007
-0.14975415741304388,1.4356391577721634,-20.000000000000007
-0.14975415741304388,1.4356391577721637,-20.000000000000007
-0.1509864912825978,1.3992341320455808,-20.000000000000007
-0.15098649128259778,1.3992341320455808,-20.000000000000007
-0.16015086704143036,1.4658572207674503,-20.000000000000007
-0.14975415741304388,1.4356391577721637,-20.000000000000007
-0.15098649128259778,1.3992341320455806,-20.000000000000007
-0.1497541574130439,1.4356391577721637,-20.000000000000007
-0.14975414285615307,1.4356134548649337,-20.000000000000007
-0.17337853243457835,1.5519365666422185,-20.000000000000007
-0.18226034594502277,1.5752406240198031,-20.000000000000007
-0.21410451619547455,1.8730889483331912,-20.000000000000007
-0.23024971023754487,1.9219094845707585,-20.000000000000007
-0.25363890815984125,1.76308129542935,-20.000000000000007
-0.26536069841828297,1.7659571933544052,-20.000000000000007
-0.27689263279996434,1.5939465373680255,-20.000000000000007
-0.279453130631014,1.5248906119897292,-20.000000000000007
-0.26428025563177415,1.7616811599465763,-20.000000000000007
-0.26150885613657,1.7661433339206656,-20.000000000000007
-0.2645581026822671,1.7629302717530588,-20.000000000000007
-0.2662192869749624,1.7644053637674535,-20.000000000000007
-0.2637197996728592,1.761731895333149,-20.000000000000007
-0.25663429440439645,1.769246354471582,-20.000000000000007
-0.23417643875453445,1.9292453359712054,-20.000000000000007
-0.20138593308898803,1.7056697537896857,-20.000000000000007
-0.18888897604606417,1.5748627885679038,-20.000000000000007
-0.16226514651890211,1.479978094344565,-20.000000000000007
-0.15895322042313187,1.487485701500304,-20.000000000000007
-0.17337853243457835,1.5519365666422187,-20.000000000000007
-0.16226514651890211,1.4799780943445653,-20.000000000000007
-0.16226514651890211,1.479978094344565,-20.000000000000007
-0.1377468926182409,1.4138227263361496,-20.000000000000007
-0.13766089245675403,1.4109848407592605,-20.000000000000007
-0.134987587169906,1.4902841828006377,-20.000000000000007
-0.1352364542451437,1.4956132648969094,-20.000000000000007
-0.13541503259313709,1.4948226663941324,-20.000000000000007
-0.1363431436907083,1.4690918166037121,-20.000000000000007
-0.13766089245675406,1.4109848407592605,-20.000000000000007
-0.14896232389835787,1.441250436214657,-20.000000000000007
-0.13766089245675406,1.4109848407592602,-20.000000000000007
-0.13559501490126288,1.4971204706629226,-20.000000000000007
-0.13766089245675403,1.4109848407592605,-20.000000000000007
-0.13559501490126286,1.4971204706629226,-20.000000000000007
-0.1377468926182409,1.4138227263361494,-20.000000000000007
-0.13766089245675403,1.4109848407592605,-20.000000000000007
-0.1494730360369043,1.4401127615108213,-20.000000000000007
-0.13766089245675406,1.4109848407592605,-20.000000000000007
-0.1377468926182409,1.4138227263361496,-20.000000000000007
-0.14969871320520375,1.4376750065870234,-20.000000000000007
-0.1509864912825978,1.3992341320455806,-20.000000000000007
-0.1742675836248365,1.5596310191219986,-20.000000000000007
-0.1822099663654441,1.5747645545787243,-20.000000000000007
-0.18832435454185534,1.5729018912430375,-20.000000000000007
-0.17282343672578385,1.5938334632912752,-20.000000000000007
-0.18067000068203443,1.5594198148107743,-20.000000000000007
-0.17950911580190798,1.5810607140359074,-20.000000000000007
-0.18885818653230285,1.5776548930151268,-20.000000000000007
-0.2189834011942548,1.9294106496791945,-20.000000000000007
-0.23440823261138904,1.9331740021179946,-20.000000000000007
-0.24753611064781525,1.7981305890838026,-20.000000000000007
-0.24444734909700808,1.8297516327751748,-20.000000000000007
-0.2502845554208488,1.7235141714337492,-20.000000000000007
-0.2502845554208488,1.7235141714337492,-20.000000000000007
-0.24755858785197754,1.799079243490051,-20.000000000000007
-0.25319949151350746,1.756842226038719,-20.000000000000007
-0.24833256409074483,1.782873342830562,-20.000000000000007
-0.2474507086835613,1.7898376471194526,-20.000000000000007
-0.24808807006148154,1.7865599236595429,-20.000000000000007
-0.2261117179537413,1.9301421223050315,-20.000000000000007
-0.20438912631107456,1.7467571198479008,-20.000000000000007
-0.18837473412143405,1.5733779606841163,-20.000000000000007
-0.15920252381517802,1.488160475187115,-20.000000000000007
-0.1723007562235239,1.5935140864154091,-20.000000000000007
-0.17510106245462623,1.5664045252620538,-20.000000000000007
-0.18160650863614658,1.5652904978856894,-20.000000000000007
-0.19301630833170438,1.6718828761553002,-20.000000000000007
-0.17506914439190818,1.5677190487190198,-20.000000000000007
-0.17259283802865877,1.5472393109831906,-20.000000000000007
-0.13559501490126288,1.4971204706629229,-20.000000000000007
-0.13496974848001755,1.490732776495604,-20.000000000000007
-0.13541503259313706,1.4948226663941326,-20.000000000000007
-0.13496593015556185,1.4904004997731792,-20.000000000000007
-0.1363431436907083,1.469091816603712,-20.000000000000007
-0.13559501490126288,1.4971204706629226,-20.000000000000007
-0.13559501490126288,1.4971204706629226,-20.000000000000007
-0.14975415741304388,1.4356391577721634,-20.000000000000007
-0.14896232389835787,1.441250436214657,-20.000000000000007
-0.1754824483155792,1.566996165209496,-20.000000000000007
-0.1742675836248365,1.5596310191219989,-20.000000000000007
-0.16491224342351887,1.4962079272044326,-20.000000000000007
-0.1627002308005726,1.4821412217524914,-20.000000000000007
-0.14975414285615304,1.435613454864934,-20.000000000000007
-0.17337853243457835,1.5519365666422185,-20.000000000000007
-0.17359964367809982,1.555262154034674,-20.000000000000007
-0.18226034594502277,1.5752406240198031,-20.000000000000007
-0.1806700006820344,1.5594198148107745,-20.000000000000007
-0.18040437186688577,1.5611767535850447,-20.000000000000007
-0.18154410935381968,1.569100175690836,-20.000000000000007
-0.1580801035695072,1.5082587093341728,-20.000000000000007
-0.1822099663654441,1.5747645545787246,-20.000000000000007
-0.18842511370101273,1.5738540301251946,-20.000000000000007
-0.20506874263888847,1.7578547762500234,-20.000000000000007
-0.24955922168267763,1.7407840412999755,-20.000000000000007
-0.26536069841828297,1.7659571933544056,-20.000000000000007
-0.279338155953106,1.5273695535227785,-20.000000000000007
-0.2801168150266809,1.508126153081086,-20.000000000000007
-0.266484157532065,1.766331152747201,-20.000000000000007
-0.25676031594283905,1.7715100530355166,-20.000000000000007
-0.26380914415004386,1.7627160490657263,-20.000000000000007
-0.2646014558325995,1.7627589679718103,-20.000000000000007
-0.26432162345614635,1.7621537019199498,-20.000000000000007
-0.25711981584334775,1.770218881920594,-20.000000000000007
-0.24765004788730655,1.7962154489931232,-20.000000000000007
-0.20422406494602985,1.7470522200873622,-20.000000000000007
-0.18842511370101275,1.573854030125195,-20.000000000000007
-0.1622651465189021,1.479978094344565,-20.000000000000007
-0.14969871320520373,1.4376750065870232,-20.000000000000007
-0.14975415741304388,1.4356391577721637,-20.000000000000007
-0.13766089245675406,1.4109848407592602,-20.000000000000007
-0.15098649128259778,1.3992341320455806,-20.000000000000007
-0.1377468926182409,1.4138227263361496,-20.000000000000007
-0.14969871320520373,1.4376750065870232,-20.000000000000007
-0.14975414285615307,1.4356134548649337,-20.000000000000007
-0.13766089245675403,1.4109848407592607,-20.000000000000007
-0.13766089245675406,1.4109848407592605,-20.000000000000007
-0.1489623238983579,1.441250436214657,-20.000000000000007
-0.13766089245675406,1.4109848407592605,-20.000000000000007
-0.1489623238983579,1.4412504362146568,-20.000000000000007
-0.13766089245675403,1.4109848407592602,-20.000000000000007
-0.14969871320520375,1.437675006587023,-20.000000000000007
-0.1377468926182409,1.4138227263361496,-20.000000000000007
-0.14975414285615307,1.435613454864934,-20.000000000000007
-0.14975414285615304,1.4356134548649342,-20.000000000000007
-0.15098649128259778,1.3992341320455806,-20.000000000000007
-0.16015086704143036,1.4658572207674505,-20.000000000000007
-0.15098649128259778,1.3992341320455806,-20.000000000000007
-0.1622651465189021,1.479978094344565,-20.000000000000007
-0.1497541574130439,1.4356391577721634,-20.000000000000007
-0.16175363895024922,1.4767475548411564,-20.000000000000007
-0.14975414285615307,1.4356134548649337,-20.000000000000007
-0.1617536389502492,1.4767475548411566,-20.000000000000007
-0.14975414285615304,1.4356134548649337,-20.000000000000007
-0.1497541574130439,1.4356391577721634,-20.000000000000007
-0.1377468926182409,1.4138227263361496,-20.000000000000007
-0.17716407672167844,1.5760687284044748,-20.000000000000007
-0.18250173051842533,1.573143467874753,-20.000000000000007
-0.21276096579532144,1.8568777380279777,-20.000000000000007
-0.24431076490960957,1.8291243725315853,-20.000000000000007
-0.24753611064781525,1.7981305890838024,-20.000000000000007
-0.25065855339975707,1.7267162509364218,-20.000000000000007
-0.2502845554208488,1.7235141714337494,-20.000000000000007
-0.256869706103527,1.77069055359854,-20.000000000000007
-0.27879635208284814,1.5420444730330938,-20.000000000000007
-0.28010774761086266,1.5148381009424337,-20.000000000000007
-0.28037748088435255,1.5076961034151126,-20.000000000000007
-0.2537028219436904,1.7646791922144858,-20.000000000000007
-0.23445763083557242,1.9289336393933343,-20.000000000000007
-0.20508132070237814,1.7576560601736044,-20.000000000000007
-0.18226034594502277,1.5752406240198031,-20.000000000000007
-0.179509115801908,1.5810607140359074,-20.000000000000007
-0.15098649128259778,1.3992341320455806,-20.000000000000007
-0.16015086704143033,1.4658572207674505,-20.000000000000007
-0.1754824483155792,1.566996165209496,-20.000000000000007
-0.1617536389502492,1.4767475548411566,-20.000000000000007
-0.18110619219721433,1.5615965088310682,-20.000000000000007
-0.17716407672167847,1.5760687284044748,-20.000000000000007
-0.16226514651890211,1.479978094344565,-20.000000000000007
-0.16226514651890211,1.479978094344565,-20.000000000000007
-0.1377468926182409,1.4138227263361496,-20.000000000000007
-0.13766089245675403,1.4109848407592605,-20.000000000000007
-0.1497541574130439,1.4356391577721634,-20.000000000000007
-0.14969871320520373,1.437675006587023,-20.000000000000007
-0.16015086704143036,1.4658572207674503,-20.000000000000007
-0.1622651465189021,1.479978094344565,-20.000000000000007
-0.1622651465189021,1.479978094344565,-20.000000000000007
-0.16270023080057266,1.4821412217524914,-20.000000000000007
-0.14975414285615307,1.4356134548649337,-20.000000000000007
-0.16015086704143036,1.4658572207674503,-20.000000000000007
-0.1497541574130439,1.4356391577721634,-20.000000000000007
-0.17950911580190798,1.5810607140359072,-20.000000000000007
-0.17950911580190798,1.5810607140359074,-20.000000000000007
-0.18842511370101273,1.5738540301251946,-20.000000000000007
-0.1822099663654441,1.5747645545787243,-20.000000000000007
-0.18837473412143407,1.573377960684116,-20.000000000000007
-0.18163938836346555,1.5687338372001345,-20.000000000000007
-0.1878120900148789,1.622308390391419,-20.000000000000007
-0.19600448690072497,1.702539660137335,-20.000000000000007
-0.16743862770077889,1.567735635362955,-20.000000000000007
-0.18226034594502277,1.575240624019803,-20.000000000000007
-0.18037490339096798,1.5624216849117096,-20.000000000000007
-0.20437906386028284,1.746916092709036,-20.000000000000007
-0.24987696865106832,1.7225942190932884,-20.000000000000007
-0.2640192510989392,1.7616310705907567,-20.000000000000007
-0.27869757006139995,1.5412398948221346,-20.000000000000007
-0.28011681502668095,1.508126153081086,-20.000000000000007
-0.2786609471335798,1.5428700949843153,-20.000000000000007
-0.2623670361255142,1.7642578997065645,-20.000000000000007
-0.25515546662272803,1.767083190029007,-20.000000000000007
-0.25228809101177074,1.7437402778162137,-20.000000000000007
-0.24745070868356128,1.7898376471194526,-20.000000000000007
-0.2483375359188272,1.7692288970180232,-20.000000000000007
-0.2434365719508269,1.8360631718995823,-20.000000000000007
-0.2189834011942548,1.9294106496791947,-20.000000000000007
-0.20437906386028284,1.746916092709036,-20.000000000000007
-0.18220996636544406,1.5747645545787243,-20.000000000000007
-0.17199155733437496,1.601648254219818,-20.000000000000007
-0.1728841203745477,1.5613107954097516,-20.000000000000007
-0.16491224342351887,1.4962079272044329,-20.000000000000007
-0.17933485877093763,1.5832655028315095,-20.000000000000007
-0.1617536389502492,1.4767475548411566,-20.000000000000007
-0.13774689261824094,1.4138227263361496,-20.000000000000007
-0.13634314369070832,1.469091816603712,-20.000000000000007
-0.13505647193701795,1.4933154606281192,-20.000000000000007
-0.13523645424514372,1.4956132648969094,-20.000000000000007
-0.13766089245675406,1.4109848407592605,-20.000000000000007
-0.13766089245675406,1.4109848407592602,-20.000000000000007
-0.1377468926182409,1.4138227263361496,-20.000000000000007
-0.13774689261824094,1.4138227263361496,-20.000000000000007
-0.13559501490126286,1.4971204706629226,-20.000000000000007
-0.13559501490126288,1.4971204706629226,-20.000000000000007
-0.13559501490126286,1.4971204706629224,-20.000000000000007
-0.13559501490126286,1.4971204706629226,-20.000000000000007
-0.13766089245675406,1.4109848407592602,-20.000000000000007
-0.13634314369070832,1.4690918166037124,-20.000000000000007
-0.13766089245675403,1.4109848407592605,-20.000000000000007
-0.13559501490126286,1.4971204706629224,-20.000000000000007
-0.13774689261824094,1.4138227263361496,-20.000000000000007
-0.1377468926182409,1.4138227263361494,-20.000000000000007
-0.14975414285615307,1.435613454864934,-20.000000000000007
-0.1754824483155792,1.566996165209496,-20.000000000000007
-0.16175363895024922,1.4767475548411566,-20.000000000000007
-0.16491224342351887,1.4962079272044326,-20.000000000000007
-0.14975415741304388,1.4356391577721634,-20.000000000000007
-0.17950911580190798,1.5810607140359074,-20.000000000000007
-0.18837473412143407,1.573377960684116,-20.000000000000007
-0.20438912631107453,1.746757119847901,-20.000000000000007
-0.22959559270852006,1.9265005679165847,-20.000000000000007
-0.23099871432503813,1.9110800623980295,-20.000000000000007
-0.24451821561584364,1.8284025365562289,-20.000000000000007
-0.2452776421772323,1.8236949821295778,-20.000000000000007
-0.24753611064781528,1.798130589083803,-20.000000000000007
-0.24965204629655047,1.7463127307456157,-20.000000000000007
-0.2532803119563147,1.757648403858878,-20.000000000000007
-0.2560112268535011,1.7674513249488975,-20.000000000000007
-0.2506231946469256,1.7093249618024848,-20.000000000000007
-0.24800951600960272,1.7796197698242118,-20.000000000000007
-0.22140461161028013,1.9284170608693034,-20.000000000000007
-0.18942453257317315,1.5791548760255547,-20.000000000000007
-0.18837473412143405,1.573377960684116,-20.000000000000007
-0.17716407672167844,1.5760687284044748,-20.000000000000007
-0.17296900433444068,1.557835618571415,-20.000000000000007
-0.1751010624546262,1.5664045252620538,-20.000000000000007
-0.1810614761579772,1.566595938527179,-20.000000000000007
-0.1810614761579772,1.566595938527179,-20.000000000000007
-0.17177201680536935,1.5990902493924235,-20.000000000000007
-0.17716407672167844,1.5760687284044745,-20.000000000000007
-0.13766089245675406,1.4109848407592605,-20.000000000000007
-0.13541503259313706,1.4948226663941326,-20.000000000000007
-0.1352364542451437,1.4956132648969092,-20.000000000000007
-0.13496593015556185,1.490400499773179,-20.000000000000007
-0.13505647193701792,1.4933154606281192,-20.000000000000007
-0.13523645424514372,1.4956132648969094,-20.000000000000007
-0.13496593015556185,1.490400499773179,-20.000000000000007
-0.13766033188648455,1.4110074467856224,-20.000000000000007
-0.1362648890948696,1.4776041952523142,-20.000000000000007
-0.13766089245675403,1.4109848407592605,-20.000000000000007
-0.14969871320520375,1.437675006587023,-20.000000000000007
-0.13559501490126286,1.4971204706629222,-20.000000000000007
-0.1377468926182409,1.4138227263361494,-20.000000000000007
-0.13634314369070832,1.469091816603712,-20.000000000000007
-0.1377468926182409,1.4138227263361494,-20.000000000000007
-0.14969871320520373,1.437675006587023,-20.000000000000007
-0.13774689261824094,1.4138227263361496,-20.000000000000007
-0.1622651465189021,1.479978094344565,-20.000000000000007
-0.13766089245675403,1.4109848407592605,-20.000000000000007
-0.1509864912825978,1.3992341320455803,-20.000000000000007
-0.14975398727938224,1.4357266337540455,-20.000000000000007
-0.15730223284255174,1.4728691892634813,-20.000000000000007
-0.18245135093884662,1.5726673984336745,-20.000000000000007
-0.20370062917508547,1.7362162748668393,-20.000000000000007
-0.2362692302465597,1.9168980944264329,-20.000000000000007
-0.25602497317246664,1.765513258458527,-20.000000000000007
-0.27889605180578736,1.5423459676292302,-20.000000000000007
-0.2690822672821993,1.7373139365655643,-20.000000000000007
-0.2763858281143369,1.614816911137415,-20.000000000000007
-0.2643719555308714,1.762145750644879,-20.000000000000007
-0.25483937504576737,1.7709442979161527,-20.000000000000007
-0.26238777625069387,1.7686262846101362,-20.000000000000007
-0.2502845554208488,1.7235141714337492,-20.000000000000007
-0.24754391918501353,1.798329388501767,-20.000000000000007
-0.24753611064781533,1.7981305890838029,-20.000000000000007
-0.22014714604852798,1.9414399986101938,-20.000000000000007
-0.2040443086596288,1.7471900021231153,-20.000000000000007
-0.18226034594502277,1.575240624019803,-20.000000000000007
-0.14975414285615307,1.435613454864934,-20.000000000000007
-0.1509864912825978,1.3992341320455806,-20.000000000000007
-0.13774689261824094,1.4138227263361494,-20.000000000000007
-0.16226514651890211,1.479978094344565,-20.000000000000007
-0.16226514651890211,1.479978094344565,-20.000000000000007
-0.1489623238983579,1.441250436214657,-20.000000000000007
-0.13774689261824094,1.4138227263361496,-20.000000000000007
-0.13541503259313706,1.4948226663941326,-20.000000000000007
-0.13559501490126286,1.4971204706629226,-20.000000000000007
-0.13766089245675403,1.4109848407592605,-20.000000000000007
-0.13774689261824094,1.4138227263361496,-20.000000000000007
-0.13766089245675406,1.4109848407592607,-20.000000000000007
-0.13634314369070832,1.4690918166037121,-20.000000000000007
-0.1363431436907083,1.469091816603712,-20.000000000000007
-0.13559501490126286,1.4971204706629226,-20.000000000000007
-0.13766089245675403,1.4109848407592605,-20.000000000000007
-0.13766089245675403,1.4109848407592605,-20.000000000000007
-0.14969871320520373,1.4376750065870232,-20.000000000000007
-0.14969871320520373,1.4376750065870232,-20.000000000000007
-0.14975414285615307,1.435613454864934,-20.000000000000007
-0.14975414285615307,1.435613454864934,-20.000000000000007
-0.14975414285615307,1.435613454864934,-20.000000000000007
-0.14969871320520373,1.4376750065870232,-20.000000000000007
-0.14975414285615302,1.435613454864934,-20.000000000000007
-0.14969871320520375,1.437675006587023,-20.000000000000007
-0.14969871320520373,1.4376750065870232,-20.000000000000007
-0.14896232389835787,1.441250436214657,-20.000000000000007
-0.1349173278163878,1.4901515886757668,-20.000000000000007
-0.16491224342351887,1.4962079272044329,-20.000000000000007
-0.17950911580190798,1.5810607140359072,-20.000000000000007
-0.20438912631107456,1.746757119847901,-20.000000000000007
-0.23684107118879072,1.9143939150868263,-20.000000000000007
-0.24894779568029934,1.7654260612210053,-20.000000000000007
-0.24950546769882767,1.7506184474221236,-20.000000000000007
-0.25526922787980694,1.7694727509399142,-20.000000000000007
-0.2537829480098075,1.7680678568789596,-20.000000000000007
-0.25483937504576737,1.7709442979161532,-20.000000000000007
-0.26701608146504874,1.7679110106444114,-20.000000000000007
-0.27638582811433693,1.614816911137415,-20.000000000000007
-0.26984509404734874,1.7306706830902248,-20.000000000000007
-0.26427532097575235,1.7617360438575704,-20.000000000000007
-0.24352941008181267,1.8371727099357729,-20.000000000000007
-0.2042240649460299,1.747052220087362,-20.000000000000007
-0.18888897604606417,1.5748627885679038,-20.000000000000007
-0.16015086704143036,1.4658572207674503,-20.000000000000007
-0.14975415741304388,1.4356391577721637,-20.000000000000007
-0.151885716309857,1.4022628753804087,-20.000000000000007
-0.13559501490126286,1.4971204706629226,-20.000000000000007
-0.15188571630985698,1.402262875380409,-20.000000000000007
-0.13766033188648452,1.4110074467856226,-20.000000000000007
-0.13559501490126286,1.4971204706629224,-20.000000000000007
-0.13766089245675403,1.4109848407592605,-20.000000000000007
-0.13496593015556185,1.4904004997731792,-20.000000000000007
-0.13766089245675406,1.4109848407592605,-20.000000000000007
-0.13559501490126288,1.4971204706629226,-20.000000000000007
-0.14969871320520373,1.4376750065870232,-20.000000000000007
-0.1377468926182409,1.4138227263361496,-20.000000000000007
-0.13766089245675403,1.4109848407592605,-20.000000000000007
-0.14975414285615307,1.4356134548649337,-20.000000000000007
-0.13766089245675406,1.4109848407592605,-20.000000000000007
-0.16015086704143033,1.4658572207674505,-20.000000000000007
-0.14969871320520373,1.4376750065870234,-20.000000000000007
-0.1617536389502492,1.4767475548411564,-20.000000000000007
-0.1489623238983579,1.441250436214657,-20.000000000000007
-0.16015086704143033,1.4658572207674503,-20.000000000000007
-0.1489623238983579,1.441250436214657,-20.000000000000007
-0.1622651465189021,1.4799780943445653,-20.000000000000007
-0.15098676968313507,1.399090989529773,-20.000000000000007
-0.1617536389502492,1.4767475548411564,-20.000000000000007
-0.16270023080057264,1.4821412217524919,-20.000000000000007
-0.1489623238983579,1.441250436214657,-20.000000000000007
-0.15887553627545287,1.4850044546638523,-20.000000000000007
-0.13507723071321404,1.496369924260869,-20.000000000000007
-0.13541503259313706,1.4948226663941326,-20.000000000000007
-0.13496593015556188,1.4904004997731792,-20.000000000000007
-0.1316233486773816,1.512553191202664,-20.000000000000007
-0.13477851668463559,1.4930631893815218,-20.000000000000007
-0.13496593015556188,1.4904004997731792,-20.000000000000007
-0.13496593015556188,1.490400499773179,-20.000000000000007
-0.13496974848001755,1.4907327764956038,-20.000000000000007
-0.13496593015556188,1.4904004997731792,-20.000000000000007
-0.13505647193701792,1.4933154606281192,-20.000000000000007
-0.1352364542451437,1.4956132648969094,-20.000000000000007
-0.1363431436907083,1.4690918166037121,-20.000000000000007
-0.13766089245675406,1.4109848407592605,-20.000000000000007
-0.13766089245675406,1.4109848407592605,-20.000000000000007
-0.1377468926182409,1.4138227263361496,-20.000000000000007
-0.13559501490126286,1.4971204706629224,-20.000000000000007
-0.13496974848001758,1.4907327764956038,-20.000000000000007
-0.13495829350665048,1.4897359463283295,-20.000000000000007
-0.13496593015556185,1.4904004997731792,-20.000000000000007
-0.13496593015556185,1.4904004997731792,-20.000000000000007
-0.13496593015556185,1.4904004997731792,-20.000000000000007
-0.13496593015556185,1.490400499773179,-20.000000000000007
-0.13541503259313709,1.4948226663941326,-20.000000000000007
-0.13523645424514372,1.495613264896909,-20.000000000000007
-0.13559501490126286,1.4971204706629224,-20.000000000000007
-0.13559501490126286,1.4971204706629226,-20.000000000000007
-0.13766089245675403,1.4109848407592607,-20.000000000000007
-0.13774689261824094,1.4138227263361494,-20.000000000000007
-0.1377468926182409,1.4138227263361496,-20.000000000000007
-0.13766089245675403,1.4109848407592602,-20.000000000000007
-0.13559501490126286,1.4971204706629226,-20.000000000000007
-0.13559501490126286,1.4971204706629224,-20.000000000000007
-0.13559501490126286,1.4971204706629226,-20.000000000000007
-0.13559501490126288,1.4971204706629224,-20.000000000000007
-0.13523645424514372,1.4956132648969096,-20.000000000000007
-0.13559501490126286,1.4971204706629226,-20.000000000000007
-0.13496593015556185,1.4904004997731792,-20.000000000000007
-0.1350079976204999,1.4901723146345818,-20.000000000000007
-0.13496593015556185,1.490400499773179,-20.000000000000007
-0.13496593015556185,1.4904004997731792,-20.000000000000007
-0.1352364542451437,1.495613264896909,-20.000000000000007
-0.13559501490126288,1.4971204706629226,-20.000000000000007
-0.13634314369070832,1.4690918166037121,-20.000000000000007
-0.13634314369070832,1.4690918166037124,-20.000000000000007
-0.13626488909486958,1.4776041952523142,-20.000000000000007
-0.1352364542451437,1.4956132648969096,-20.000000000000007
-0.13523645424514372,1.4956132648969094,-20.000000000000007
-0.1352364542451437,1.4956132648969094,-20.000000000000007
-0.13523645424514372,1.4956132648969096,-20.000000000000007
-0.13500799762049986,1.4901723146345818,-20.000000000000007
-0.13496974848001755,1.490732776495604,-20.000000000000007
-0.13496593015556185,1.490400499773179,-20.000000000000007
-0.13477851668463559,1.493063189381522,-20.000000000000007
-0.13523645424514372,1.4956132648969094,-20.000000000000007
-0.1350079976204999,1.4901723146345816,-20.000000000000007
-0.1352364542451437,1.4956132648969094,-20.000000000000007
-0.13505647193701792,1.4933154606281192,-20.000000000000007
-0.1322518888393985,1.505849498802996,-20.000000000000007
-0.13162334867738157,1.5125531912026637,-20.000000000000007
-0.12962373824809628,1.5255562980702628,-20.000000000000007
-0.1303479817791215,1.5266383311222402,-20.000000000000007
-0.13162334867738157,1.5125531912026637,-20.000000000000007
-0.1349582935066505,1.4897359463283293,-20.000000000000007
-0.13505394683634653,1.4898994611030376,-20.000000000000007
-0.1352364542451437,1.4956132648969094,-20.000000000000007
-0.1349621118311062,1.4900682230507545,-20.000000000000007
-0.13495605330512836,1.4898632237174252,-20.000000000000007
-0.13496593015556188,1.4904004997731792,-20.000000000000007
-0.13496593015556188,1.4904004997731792,-20.000000000000007
-0.13496593015556185,1.4904004997731792,-20.000000000000007
-0.13162334867738157,1.5125531912026637,-20.000000000000007
-0.13162334867738157,1.512553191202664,-20.000000000000007
-0.1296237382480963,1.5255562980702628,-20.000000000000007
-0.1296237382480963,1.5255562980702628,-20.000000000000007
-0.1316233486773816,1.512553191202664,-20.000000000000007
-0.13160506288298887,1.5132325960306732,-20.000000000000007
-0.13495605330512836,1.4898632237174252,-20.000000000000007
-0.13521384973317274,1.49611779668814,-20.000000000000007
-0.13766089245675406,1.4109848407592605,-20.000000000000007
-0.14975415741304388,1.4356391577721637,-20.000000000000007
-0.1617536389502492,1.4767475548411566,-20.000000000000007
-0.17259283802865877,1.5472393109831906,-20.000000000000007
-0.14975415741304388,1.4356391577721634,-20.000000000000007
-0.1622651465189021,1.4799780943445653,-20.000000000000007
-0.14969871320520375,1.4376750065870232,-20.000000000000007
-0.14969871320520375,1.437675006587023,-20.000000000000007
-0.14969871320520373,1.4376750065870232,-20.000000000000007
-0.1363431436907083,1.4690918166037124,-20.000000000000007
-0.1494730626812134,1.440109666770347,-20.000000000000007
-0.1355242209719231,1.4980251333747934,-20.000000000000007
-0.1363431436907083,1.469091816603712,-20.000000000000007
-0.13766089245675403,1.4109848407592605,-20.000000000000007
-0.13523645424514372,1.4956132648969094,-20.000000000000007
-0.1352364542451437,1.4956132648969094,-20.000000000000007
-0.13496593015556185,1.4904004997731792,-20.000000000000007
-0.13160506288298884,1.5132325960306734,-20.000000000000007
-0.13160506288298887,1.5132325960306734,-20.000000000000007
-0.13160506288298887,1.5132325960306732,-20.000000000000007
-0.1316233486773816,1.512553191202664,-20.000000000000007
-0.1316233486773816,1.512553191202664,-20.000000000000007
-0.13162334867738157,1.5125531912026637,-20.000000000000007
-0.13160506288298884,1.513232596030673,-20.000000000000007
-0.13160506288298884,1.5132325960306734,-20.000000000000007
-0.1296237382480963,1.5255562980702626,-20.000000000000007
-0.13162334867738157,1.5125531912026637,-20.000000000000007
-0.13496593015556185,1.4904004997731792,-20.000000000000007
-0.13162334867738157,1.5125531912026637,-20.000000000000007
-0.13496593015556188,1.4904004997731792,-20.000000000000007
-0.13496593015556185,1.4904004997731792,-20.000000000000007
-0.1352364542451437,1.4956132648969092,-20.000000000000007
-0.13766089245675406,1.4109848407592605,-20.000000000000007
-0.13634314369070832,1.469091816603712,-20.000000000000007
-0.14961452095757005,1.4408829749123404,-20.000000000000007
-0.1494730626812134,1.4401096667703468,-20.000000000000007
-0.1377468926182409,1.4138227263361496,-20.000000000000007
-0.14975414285615307,1.435613454864934,-20.000000000000007
-0.13766089245675406,1.4109848407592605,-20.000000000000007
-0.13541503259313706,1.4948226663941329,-20.000000000000007
-0.13496593015556188,1.4904004997731792,-20.000000000000007
-0.13434189990028766,1.4942024153350566,-20.000000000000007
-0.13162334867738157,1.512553191202664,-20.000000000000007
-0.1316233486773816,1.512553191202664,-20.000000000000007
-0.1316233486773816,1.512553191202664,-20.000000000000007
-0.1296237382480963,1.525556298070263,-20.000000000000007
-0.12942838191366204,1.5266195020865658,-20.000000000000007
-0.12942838191366204,1.5266195020865654,-20.000000000000007
-0.12684286767579064,1.5197244813100856,-20.000000000000007
-0.12962373824809628,1.525556298070263,-20.000000000000007
-0.12684286767579067,1.5197244813100856,-20.000000000000007
-0.12684286767579067,1.5197244813100859,-20.000000000000007
-0.12684286767579067,1.5197244813100856,-20.000000000000007
-0.12684286767579067,1.5197244813100856,-20.000000000000007
-0.12942838191366207,1.5266195020865654,-20.000000000000007
-0.12942838191366207,1.5266195020865658,-20.000000000000007
-0.12942838191366207,1.5266195020865656,-20.000000000000007
-0.12962373824809628,1.5255562980702633,-20.000000000000007
-0.1296237382480963,1.525556298070263,-20.000000000000007
-0.12962373824809628,1.525556298070263,-20.000000000000007
-0.12962373824809628,1.525556298070263,-20.000000000000007
-0.12962373824809628,1.525556298070263,-20.000000000000007
-0.12684286767579067,1.5197244813100859,-20.000000000000007
-0.12684286767579064,1.5197244813100856,-20.000000000000007
-0.12540407940220547,1.5225030507157356,-20.000000000000007
-0.12540407940220547,1.5225030507157356,-20.000000000000007
-0.12540407940220547,1.5225030507157356,-20.000000000000007
-0.12540407940220547,1.5225030507157356,-20.000000000000007
-0.1254040801820389,1.5225047004235046,-20.000000000000007
-0.1254040801820389,1.5225047004235046,-20.000000000000007
-0.12540407940220547,1.5225030507157353,-20.000000000000007
-0.1254040794022055,1.5225030507157356,-20.000000000000007
-0.1254040794022055,1.5225030507157353,-20.000000000000007
-0.1254040801820389,1.5225047004235046,-20.000000000000007
-0.12684286767579067,1.5197244813100856,-20.000000000000007
-0.12684286767579064,1.519724481310086,-20.000000000000007
-0.1254040801820389,1.5225047004235044,-20.000000000000007
-0.12684286767579067,1.5197244813100859,-20.000000000000007
-0.12684286767579067,1.5197244813100856,-20.000000000000007
-0.12942838191366204,1.5266195020865654,-20.000000000000007
-0.1296237382480963,1.5255562980702626,-20.000000000000007
-0.1296237382480963,1.5255562980702628,-20.000000000000007
-0.12962373824809628,1.525556298070263,-20.000000000000007
-0.12962373824809628,1.525556298070263,-20.000000000000007
-0.13162334867738157,1.5125531912026637,-20.000000000000007
-0.13162334867738157,1.5125531912026637,-20.000000000000007
-0.12962373824809628,1.525556298070263,-20.000000000000007
-0.12962373824809628,1.5255562980702628,-20.000000000000007
-0.12962373824809625,1.525556298070263,-20.000000000000007
-0.12962373824809628,1.5255562980702628,-20.000000000000007
-0.13160506288298887,1.5132325960306732,-20.000000000000007
-0.13160506288298887,1.5132325960306734,-20.000000000000007
-0.1296237382480963,1.525556298070263,-20.000000000000007
-0.12942838191366207,1.5266195020865654,-20.000000000000007
-0.12684286767579067,1.519724481310086,-20.000000000000007
-0.12684286767579067,1.5197244813100859,-20.000000000000007
-0.12942838191366207,1.5266195020865654,-20.000000000000007
-0.12849335850247093,1.5247118007304847,-20.000000000000007
-0.12684286767579064,1.5197244813100856,-20.000000000000007
-0.1254040801820389,1.5225047004235046,-20.000000000000007
-0.12540408018203894,1.5225047004235046,-20.000000000000007
-0.1254040801820389,1.5225047004235046,-20.000000000000007
-0.1296237382480963,1.5255562980702628,-20.000000000000007
-0.1296237382480963,1.525556298070263,-20.000000000000007
-0.12942838191366204,1.5266195020865656,-20.000000000000007
-0.12962373824809628,1.5255562980702628,-20.000000000000007
-0.12540407940220547,1.5225030507157356,-20.000000000000007
-0.1254040801820389,1.5225047004235048,-20.000000000000007
-0.1254040801820389,1.5225047004235046,-20.000000000000007
-0.1254040794022055,1.5225030507157356,-20.000000000000007
-0.1254040794022055,1.522503050715735,-20.000000000000007
-0.1254040794022055,1.5225030507157356,-20.000000000000007
-0.1254040794022055,1.5225030507157356,-20.000000000000007
-0.1254040794022055,1.5225030507157356,-20.000000000000007
-0.12684286767579067,1.5197244813100856,-20.000000000000007
-0.12684286767579064,1.5197244813100856,-20.000000000000007
-0.1254040801820389,1.5225047004235046,-20.000000000000007
-0.1254040801820389,1.5225047004235048,-20.000000000000007
-0.1254040801820389,1.5225047004235046,-20.000000000000007
-0.12684286767579067,1.5197244813100859,-20.000000000000007
-0.12684286767579067,1.5197244813100856,-20.000000000000007
-0.12684286767579067,1.5197244813100856,-20.000000000000007
-0.12684286767579064,1.5197244813100856,-20.000000000000007
-0.12684286767579064,1.5197244813100859,-20.000000000000007
-0.12684286767579067,1.5197244813100859,-20.000000000000007
-0.12684286767579067,1.5197244813100856,-20.000000000000007
-0.12684286767579067,1.5197244813100859,-20.000000000000007
-0.12684286767579064,1.5197244813100856,-20.000000000000007
-0.12684286767579064,1.5197244813100856,-20.000000000000007
-0.12684286767579067,1.5197244813100856,-20.000000000000007
-0.12684286767579064,1.5197244813100859,-20.000000000000007
-0.12684286767579064,1.5197244813100856,-20.000000000000007
-0.12684286767579064,1.5197244813100856,-20.000000000000007
-0.1254040801820389,1.5225047004235046,-20.000000000000007
-0.12540407940220544,1.5225030507157356,-20.000000000000007
-0.1254040794022055,1.5225030507157356,-20.000000000000007
-0.1254040801820389,1.5225047004235046,-20.000000000000007
-0.12540408018203894,1.5225047004235048,-20.000000000000007
-0.12684286767579067,1.5197244813100856,-20.000000000000007
-0.12684286767579067,1.5197244813100856,-20.000000000000007
-0.12684286767579064,1.5197244813100856,-20.000000000000007
-0.12684286767579067,1.5197244813100859,-20.000000000000007
-0.1284933585024709,1.5247118007304847,-20.000000000000007
-0.12849335850247093,1.5247118007304847,-20.000000000000007
-0.1284933585024709,1.5247118007304845,-20.000000000000007
-0.1284933585024709,1.5247118007304845,-20.000000000000007
-0.12684286767579067,1.5197244813100856,-20.000000000000007
-0.1296237382480963,1.525556298070263,-20.000000000000007
-0.12962373824809628,1.525556298070263,-20.000000000000007
-0.12962373824809628,1.525556298070263,-20.000000000000007
-0.12962373824809628,1.525556298070263,-20.000000000000007
-0.1284933585024709,1.5247118007304845,-20.000000000000007
-0.12684286767579067,1.5197244813100856,-20.000000000000007
-0.12684286767579064,1.519724481310086,-20.000000000000007
-0.12684286767579067,1.5197244813100856,-20.000000000000007
-0.12684286767579067,1.5197244813100859,-20.000000000000007
-0.12540408018203894,1.5225047004235046,-20.000000000000007
-0.12684286767579064,1.5197244813100859,-20.000000000000007
-0.12684286767579067,1.5197244813100859,-20.000000000000007
-0.12684286767579067,1.5197244813100859,-20.000000000000007
-0.12684286767579067,1.5197244813100859,-20.000000000000007
-0.12684286767579067,1.5197244813100856,-20.000000000000007
-0.12684286767579064,1.5197244813100859,-20.000000000000007
-0.1284933585024709,1.5247118007304845,-20.000000000000007
-0.12962373824809628,1.5255562980702628,-20.000000000000007
-0.12962373824809628,1.525556298070263,-20.000000000000007
-0.12942838191366207,1.5266195020865654,-20.000000000000007
-0.12684286767579067,1.5197244813100856,-20.000000000000007
-0.12684286767579067,1.5197244813100856,-20.000000000000007
-0.12684286767579064,1.5197244813100856,-20.000000000000007
-0.12684286767579064,1.5197244813100856,-20.000000000000007
-0.12684286767579064,1.5197244813100856,-20.000000000000007
-0.12684286767579064,1.5197244813100856,-20.000000000000007
-0.12684286767579067,1.5197244813100859,-20.000000000000007
-0.12540408018203894,1.5225047004235048,-20.000000000000007
-0.1254040794022055,1.5225030507157356,-20.000000000000007
-0.12540407940220547,1.5225030507157356,-20.000000000000007
-0.12684286767579067,1.5197244813100856,-20.000000000000007
-0.12684286767579067,1.5197244813100854,-20.000000000000007
-0.12540408018203894,1.5225047004235048,-20.000000000000007
-0.1254040801820389,1.5225047004235046,-20.000000000000007
-0.12540407940220547,1.5225030507157353,-20.000000000000007
-0.12540407940220547,1.522503050715735,-20.000000000000007
-0.12684286767579064,1.5197244813100856,-20.000000000000007
-0.12684286767579064,1.5197244813100856,-20.000000000000007
-0.12540407940220547,1.5225030507157353,-20.000000000000007
-0.12540407940220547,1.5225030507157356,-20.000000000000007
-0.1254040801820389,1.5225047004235046,-20.000000000000007
-0.12684286767579064,1.5197244813100856,-20.000000000000007
-0.12942838191366207,1.5266195020865654,-20.000000000000007
-0.12684286767579067,1.5197244813100856,-20.000000000000007
-0.12684286767579067,1.5197244813100859,-20.000000000000007
-0.1284933585024709,1.5247118007304847,-20.000000000000007
-0.12684286767579064,1.5197244813100856,-20.000000000000007
-0.12849335850247093,1.5247118007304845,-20.000000000000007
-0.1296237382480963,1.525556298070263,-20.000000000000007
-0.12962373824809628,1.5255562980702628,-20.000000000000007
-0.13160506288298884,1.5132325960306734,-20.000000000000007
-0.1316233486773816,1.512553191202664,-20.000000000000007
-0.13162334867738157,1.512553191202664,-20.000000000000007
-0.13225188883939853,1.5058494988029962,-20.000000000000007
-0.13225188883939853,1.5058494988029958,-20.000000000000007
-0.1322518888393985,1.5058494988029958,-20.000000000000007
-0.13225188883939853,1.505849498802996,-20.000000000000007
-0.1322518888393985,1.505849498802996,-20.000000000000007
-0.13477851668463556,1.4930631893815218,-20.000000000000007
-0.13496593015556185,1.490400499773179,-20.000000000000007
-0.13496593015556185,1.4904004997731792,-20.000000000000007
-0.13496593015556188,1.4904004997731792,-20.000000000000007
-0.13496593015556188,1.490400499773179,-20.000000000000007
-0.13496593015556185,1.4904004997731792,-20.000000000000007
-0.13496593015556185,1.4904004997731792,-20.000000000000007
-0.13496593015556188,1.490400499773179,-20.000000000000007
-0.13496593015556188,1.4904004997731795,-20.000000000000007
-0.13496593015556185,1.4904004997731795,-20.000000000000007
-0.13496593015556185,1.490400499773179,-20.000000000000007
-0.13496593015556185,1.490400499773179,-20.000000000000007
-0.13496593015556185,1.4904004997731792,-20.000000000000007
-0.13434189990028766,1.4942024153350568,-20.000000000000007
-0.13225188883939853,1.5058494988029958,-20.000000000000007
-0.1322518888393985,1.5058494988029958,-20.000000000000007
-0.13162334867738157,1.512553191202664,-20.000000000000007
-0.1316233486773816,1.512553191202664,-20.000000000000007
-0.13162334867738157,1.5125531912026637,-20.000000000000007
-0.13162334867738157,1.512553191202664,-20.000000000000007
-0.13225188883939853,1.5058494988029962,-20.000000000000007
-0.13225188883939853,1.5058494988029962,-20.000000000000007
-0.1322518888393985,1.5058494988029962,-20.000000000000007
-0.1322518888393985,1.5058494988029958,-20.000000000000007
-0.1316233486773816,1.512553191202664,-20.000000000000007
-0.13162334867738157,1.512553191202664,-20.000000000000007
-0.13162334867738157,1.5125531912026637,-20.000000000000007
-0.13162334867738157,1.5125531912026635,-20.000000000000007
-0.1316233486773816,1.5125531912026637,-20.000000000000007
-0.13162334867738157,1.512553191202664,-20.000000000000007
-0.13160506288298884,1.5132325960306732,-20.000000000000007
-0.13160506288298887,1.5132325960306734,-20.000000000000007
-0.12962373824809628,1.5255562980702628,-20.000000000000007
-0.13160506288298884,1.5132325960306734,-20.000000000000007
-0.1296237382480963,1.5255562980702628,-20.000000000000007
-0.1296237382480963,1.5255562980702628,-20.000000000000007
-0.12942838191366207,1.5266195020865654,-20.000000000000007
-0.12684286767579067,1.5197244813100856,-20.000000000000007
-0.1284933585024709,1.5247118007304845,-20.000000000000007
-0.12942838191366207,1.5266195020865656,-20.000000000000007
-0.1296237382480963,1.5255562980702628,-20.000000000000007
-0.1296237382480963,1.525556298070263,-20.000000000000007
-0.1316233486773816,1.512553191202664,-20.000000000000007
-0.1316233486773816,1.5125531912026637,-20.000000000000007
-0.13162334867738157,1.512553191202664,-20.000000000000007
-0.1316233486773816,1.5125531912026637,-20.000000000000007
-0.13162334867738157,1.5125531912026637,-20.000000000000007
-0.13162334867738157,1.5125531912026637,-20.000000000000007
-0.13225188883939853,1.5058494988029958,-20.000000000000007
-0.1322518888393985,1.505849498802996,-20.000000000000007
-0.1322518888393985,1.5058494988029958,-20.000000000000007
-0.1322518888393985,1.5058494988029958,-20.000000000000007
-0.13162334867738157,1.5125531912026637,-20.000000000000007
-0.13162334867738157,1.5125531912026637,-20.000000000000007
-0.13162334867738157,1.5125531912026637,-20.000000000000007
-0.13162334867738157,1.512553191202664,-20.000000000000007
-0.1322518888393985,1.5058494988029958,-20.000000000000007
-0.13162334867738157,1.512553191202664,-20.000000000000007
-0.1316233486773816,1.5125531912026637,-20.000000000000007
-0.13162334867738157,1.5125531912026637,-20.000000000000007
-0.1296237382480963,1.5255562980702628,-20.000000000000007
-0.1296237382480963,1.5255562980702628,-20.000000000000007
-0.1296237382480963,1.5255562980702628,-20.000000000000007
-0.13160506288298887,1.5132325960306732,-20.000000000000007
-0.13162334867738157,1.5125531912026637,-20.000000000000007
-0.1316233486773816,1.512553191202664,-20.000000000000007
-0.1296237382480963,1.5255562980702628,-20.000000000000007
-0.12942838191366207,1.5266195020865654,-20.000000000000007
-0.12684286767579064,1.5197244813100856,-20.000000000000007
-0.12849335850247093,1.5247118007304845,-20.000000000000007
-0.12962373824809628,1.525556298070263,-20.000000000000007
-0.13160506288298884,1.5132325960306732,-20.000000000000007
-0.1296237382480963,1.525556298070263,-20.000000000000007
-0.12942838191366207,1.5266195020865656,-20.000000000000007
-0.14975414285615304,1.4356134548649337,-20.000000000000007
-0.18888897604606417,1.5748627885679043,-20.000000000000007
-0.24532325223051968,1.8233360775826741,-20.000000000000007
-0.2833702633300451,1.5428004701126925,-20.000000000000007
-0.30083455531499464,1.5489744544843094,-20.000000000000007
-0.3025413358676734,1.5336593934785085,-20.000000000000007
-0.3090336352353068,1.5068264433831877,-20.000000000000007
-0.29712085150995426,1.5878202981705964,-20.000000000000007
-0.28608478625834244,1.5660072351777896,-20.000000000000007
-0.29854077910568433,1.5726525541154828,-20.000000000000007
-0.2911941062217189,1.5877170694326266,-20.000000000000007
-0.2914781792999133,1.5883460510202576,-20.000000000000007
-0.28792142465882803,1.5730996135501176,-20.000000000000007
-0.25639241028269083,1.7678190033798526,-20.000000000000007
-0.24233012893262862,1.8479407891859196,-20.000000000000007
-0.2043891263110746,1.7467571198479008,-20.000000000000007
-0.18837473412143405,1.573377960684116,-20.000000000000007
-0.17933485877093766,1.5832655028315095,-20.000000000000007
-0.17917386072802036,1.5901780441278877,-20.000000000000007
-0.17917386072802036,1.5901780441278877,-20.000000000000007
-0.17716407672167847,1.5760687284044748,-20.000000000000007
-0.18226034594502277,1.575240624019803,-20.000000000000007
-0.179509115801908,1.5810607140359072,-20.000000000000007
-0.18837473412143405,1.573377960684116,-20.000000000000007
-0.18226034594502277,1.575240624019803,-20.000000000000007
-0.18226034594502283,1.575240624019803,-20.000000000000007
-0.179509115801908,1.5810607140359072,-20.000000000000007
-0.18837473412143407,1.573377960684116,-20.000000000000007
-0.18226034594502277,1.575240624019803,-20.000000000000007
-0.18888897604606414,1.5748627885679038,-20.000000000000007
-0.18842511370101273,1.5738540301251946,-20.000000000000007
-0.18942453257317313,1.5791548760255547,-20.000000000000007
-0.1891192387649498,1.5756732257028956,-20.000000000000007
-0.18842511370101273,1.5738540301251949,-20.000000000000007
-0.20117245829941957,1.7057620812394534,-20.000000000000007
-0.18837473412143405,1.5733779606841163,-20.000000000000007
-0.1988532567256356,1.6783739635447605,-20.000000000000007
-0.1891192387649498,1.5756732257028958,-20.000000000000007
-0.1891192387649498,1.5756732257028958,-20.000000000000007
-0.18837473412143402,1.573377960684116,-20.000000000000007
-0.1894245325731731,1.5791548760255545,-20.000000000000007
-0.18837473412143405,1.573377960684116,-20.000000000000007
-0.19944106105329562,1.6817218920230792,-20.000000000000007
-0.18888897604606417,1.5748627885679038,-20.000000000000007
-0.1822603459450228,1.575240624019803,-20.000000000000007
-0.19927599968825097,1.68201699226254,-20.000000000000007
-0.1894245325731731,1.5791548760255547,-20.000000000000007
-0.22903447707550284,1.9276403862238338,-20.000000000000007
-0.24853168286157168,1.7784212836840874,-20.000000000000007
-0.25354922465006957,1.7668554769849827,-20.000000000000007
-0.2570678123256211,1.7707522420607889,-20.000000000000007
-0.26281720128110664,1.7659409011607994,-20.000000000000007
-0.27885784877295694,1.5422353068453885,-20.000000000000007
-0.2805162497751269,1.504095727676331,-20.000000000000007
-0.28199981946398567,1.5315909500928488,-20.000000000000007
-0.28011681502668095,1.508126153081086,-20.000000000000007
-0.2621786338907749,1.7619334689343193,-20.000000000000007
-0.25512975375966035,1.769783133776441,-20.000000000000007
-0.24431076490960954,1.8291243725315856,-20.000000000000007
-0.23440823261138902,1.9331740021179948,-20.000000000000007
-0.20620692767240612,1.7695048984654262,-20.000000000000007
-0.1754297211774084,1.5709628390265231,-20.000000000000007
-0.18110984285748086,1.567150207688302,-20.000000000000007
-0.17510106557395996,1.566410033027889,-20.000000000000007
-0.18206498486660183,1.5720848194671935,-20.000000000000007
-0.18615639776415505,1.6073691015322784,-20.000000000000007
-0.18157370520253224,1.5681589661310111,-20.000000000000007
-0.18885818653230288,1.5776548930151266,-20.000000000000007
-0.18226034594502277,1.575240624019803,-20.000000000000007
-0.1822603459450228,1.5752406240198031,-20.000000000000007
-0.1888889760460641,1.5748627885679038,-20.000000000000007
-0.1894245325731731,1.5791548760255547,-20.000000000000007
-0.21248743473298976,1.8569242044846717,-20.000000000000007
-0.2196570342500176,1.93847326178661,-20.000000000000007
-0.22760144644216085,1.92454237348981,-20.000000000000007
-0.22959559270852004,1.9265005679165847,-20.000000000000007
-0.2306016887745189,1.9140944014911363,-20.000000000000007
-0.22992079293499196,1.9267144829893357,-20.000000000000007
-0.22725815115555775,1.9273187281239843,-20.000000000000007
-0.22595440670337322,1.9324083385227473,-20.000000000000007
-0.21965703425001756,1.9384732617866098,-20.000000000000007
-0.22012993551447368,1.94132242362177,-20.000000000000007
-0.2192287461517709,1.9347618641061413,-20.000000000000007
-0.22126242425464535,1.9315727728415628,-20.000000000000007
-0.22076855976766022,1.9384962220479842,-20.000000000000007
-0.2216364396498337,1.9348203193043672,-20.000000000000007
-0.2204517092827924,1.9350526994791253,-20.000000000000007
-0.21334968096843676,1.8529075364882377,-20.000000000000007
-0.18837473412143405,1.5733779606841165,-20.000000000000007
-0.18945532208693444,1.5763627715783317,-20.000000000000007
-0.21922162412794233,1.9329791594168277,-20.000000000000007
-0.2460612201152019,1.8162173842845433,-20.000000000000007
-0.28199981946398567,1.5315909500928488,-20.000000000000007
-0.2985001996604247,1.5731659325515794,-20.000000000000007
-0.30368767058302526,1.5157237842560334,-20.000000000000007
-0.3087234174612784,1.5074575561331987,-20.000000000000007
-0.3036876705830253,1.5157237842560336,-20.000000000000007
-0.29428008340972966,1.599193422594098,-20.000000000000007
-0.29409948353850723,1.5976984666975413,-20.000000000000007
-0.28448834770180204,1.557908182971589,-20.000000000000007
-0.2802424863224308,1.5048217717977548,-20.000000000000007
-0.2646928502319475,1.7621900392936785,-20.000000000000007
-0.24418078890079026,1.827331621039017,-20.000000000000007
-0.22090647214137546,1.937225141609074,-20.000000000000007
-0.18842511370101273,1.5738540301251949,-20.000000000000007
-0.18915002827871114,1.572881121255673,-20.000000000000007
-0.18159448893339833,1.5695762451319148,-20.000000000000007
-0.20028223729401873,1.742733147451601,-20.000000000000007
-0.20024469689215907,1.7412211863012739,-20.000000000000007
-0.22062846119588836,1.9240573197414905,-20.000000000000007
-0.220866684129576,1.9276258294791235,-20.000000000000007
-0.2111495374753991,1.8234413912639171,-20.000000000000007
-0.2067134788146871,1.7807025996374186,-20.000000000000007
-0.18842511370101273,1.5738540301251946,-20.000000000000007
-0.18837473412143407,1.573377960684116,-20.000000000000007
-0.18842511370101275,1.5738540301251946,-20.000000000000007
-0.18837473412143402,1.5733779606841163,-20.000000000000007
-0.18888897604606414,1.574862788567904,-20.000000000000007
-0.18885818653230285,1.5776548930151266,-20.000000000000007
-0.20117245829941957,1.7057620812394532,-20.000000000000007
-0.1988532567256356,1.6783739635447605,-20.000000000000007
-0.21023380688351323,1.8304416245211912,-20.000000000000007
-0.20473650305093238,1.7580889424488189,-20.000000000000007
-0.20587468808445003,1.7697390646642215,-20.000000000000007
-0.20404430865962883,1.7471900021231155,-20.000000000000007
-0.20587468808445009,1.769739064664222,-20.000000000000007
-0.2108683643703081,1.836207293511332,-20.000000000000007
-0.21086836437030815,1.836207293511332,-20.000000000000007
-0.21248743473298976,1.8569242044846712,-20.000000000000007
-0.21157012218398935,1.8376661280048125,-20.000000000000007
-0.2129563632659695,1.85535961505459,-20.000000000000007
-0.20439732625967244,1.7465754343420863,-20.000000000000007
-0.20441558865906206,1.7462347759751362,-20.000000000000007
-0.1725834606615421,1.6025844548925545,-20.000000000000007
-0.18837473412143407,1.573377960684116,-20.000000000000007
-0.1822603459450228,1.575240624019803,-20.000000000000007
-0.20438912631107453,1.7467571198479006,-20.000000000000007
-0.24233012893262862,1.8479407891859196,-20.000000000000007
-0.25000367969224213,1.7348115636756964,-20.000000000000007
-0.25712213838228376,1.770859559149715,-20.000000000000007
-0.26196372901665393,1.7681328011044386,-20.000000000000007
-0.26382187337124824,1.762541273985363,-20.000000000000007
-0.2800306833007945,1.515134797379843,-20.000000000000007
-0.28439501577378495,1.5564346680588255,-20.000000000000007
-0.28742768842195043,1.570731805994942,-20.000000000000007
-0.2814097302568461,1.5238673842574229,-20.000000000000007
-0.28036072694277603,1.5048723894125566,-20.000000000000007
-0.2553372520357342,1.767855612558387,-20.000000000000007
-0.23914845731120107,1.8911858233795016,-20.000000000000007
-0.24754391918501353,1.798329388501767,-20.000000000000007
-0.19315943252724238,1.6118386740500747,-20.000000000000007
-0.1816044947162936,1.5653668616837884,-20.000000000000007
-0.21939361229851162,1.921771478663293,-20.000000000000007
-0.18615639672437706,1.6073672656103333,-20.000000000000007
-0.22899518854702025,1.9205561705070902,-20.000000000000007
-0.21173096932913646,1.8478864443445635,-20.000000000000007
-0.18842511370101278,1.5738540301251946,-20.000000000000007
-0.18837473412143407,1.5733779606841163,-20.000000000000007
-0.180374903390968,1.5624216849117096,-20.000000000000007
-0.18888897604606414,1.574862788567904,-20.000000000000007
-0.20473650305093238,1.7580889424488186,-20.000000000000007
-0.22033055059070922,1.938481523569137,-20.000000000000007
-0.21973920250494977,1.9377011394222408,-20.000000000000007
-0.2317380046122724,1.913286973414019,-20.000000000000007
-0.22700039482394935,1.9319837126790782,-20.000000000000007
-0.23173800461227242,1.913286973414019,-20.000000000000007
-0.23538467694061216,1.9234328870905961,-20.000000000000007
-0.23278630500397757,1.9217446600094166,-20.000000000000007
-0.24642853154227046,1.810923664554543,-20.000000000000007
-0.22765097951254284,1.9241020799037798,-20.000000000000007
-0.24451821561584366,1.8284025365562286,-20.000000000000007
-0.22908401014588486,1.9272000926378037,-20.000000000000007
-0.23595500071689005,1.9215763779110162,-20.000000000000007
-0.23595500071689002,1.9215763779110162,-20.000000000000007
-0.23198999777981757,1.910334525384719,-20.000000000000007
-0.22961690380174846,1.919822830656063,-20.000000000000007
-0.22174008971653095,1.9250330291812479,-20.000000000000007
-0.19271922077573256,1.6047073659455107,-20.000000000000007
-0.1894553220869344,1.5763627715783317,-20.000000000000007
-0.21297145694215708,1.8551211557628873,-20.000000000000007
-0.22610668672834547,1.9302216087355992,-20.000000000000007
-0.2657590791893447,1.764684846396567,-20.000000000000007
-0.2839125421513597,1.549416570949266,-20.000000000000007
-0.3022600457550737,1.5358618250536407,-20.000000000000007
-0.3070497638349951,1.5098224678706575,-20.000000000000007
-0.3129569535463593,1.5036455782190041,-20.000000000000007
-0.3092668709067085,1.5058506663872815,-20.000000000000007
-0.3010028004312815,1.5476422714487985,-20.000000000000007
-0.3036876705830253,1.5157237842560334,-20.000000000000007
-0.2880481393717176,1.5733005468059533,-20.000000000000007
-0.2843016838457678,1.5549611531460616,-20.000000000000007
-0.2875319661245928,1.5675831047456041,-20.000000000000007
-0.26481380376285035,1.7625427330811183,-20.000000000000007
-0.2502845554208488,1.7235141714337496,-20.000000000000007
-0.2309987143250381,1.9110800623980295,-20.000000000000007
-0.18832435454185534,1.5729018912430375,-20.000000000000007
-0.18199427320968975,1.5743642957194477,-20.000000000000007
-0.18106016915713555,1.5665756235237862,-20.000000000000007
-0.22062846119588841,1.9240573197414905,-20.000000000000007
-0.22187224334523906,1.9254177131544248,-20.000000000000007
-0.19315943252724238,1.6118386740500745,-20.000000000000007
-0.18842511370101273,1.5738540301251949,-20.000000000000007
-0.16491224342351885,1.4962079272044329,-20.000000000000007
-0.16015086704143036,1.4658572207674503,-20.000000000000007
-0.1806700006820344,1.5594198148107745,-20.000000000000007
-0.18837473412143407,1.5733779606841165,-20.000000000000007
-0.18837473412143407,1.5733779606841163,-20.000000000000007
-0.2040443086596288,1.7471900021231153,-20.000000000000007
-0.20117245829941954,1.705762081239453,-20.000000000000007
-0.21248743473298976,1.8569242044846717,-20.000000000000007
-0.21827512813214567,1.932771158182563,-20.000000000000007
-0.2185133510658332,1.936339667920196,-20.000000000000007
-0.2185133510658332,1.9363396679201959,-20.000000000000007
-0.2194162957036321,1.934944495264261,-20.000000000000007
-0.21851335106583322,1.9363396679201959,-20.000000000000007
-0.22028223899943516,1.939623188500295,-20.000000000000007
-0.21941629570363208,1.9349444952642607,-20.000000000000007
-0.22595440670337325,1.9324083385227473,-20.000000000000007
-0.22140461161028016,1.9284170608693036,-20.000000000000007
-0.2300441462733273,1.926000925919648,-20.000000000000007
-0.22996407590031498,1.9201705127889528,-20.000000000000007
-0.22120223014632195,1.9354236976468095,-20.000000000000007
-0.200597933235482,1.743229269371876,-20.000000000000007
-0.20438912631107453,1.7467571198479008,-20.000000000000007
-0.2259544067033732,1.9324083385227477,-20.000000000000007
-0.2319692397184688,1.9142976453010256,-20.000000000000007
-0.26311686092271447,1.763322943722421,-20.000000000000007
-0.2649524443060381,1.7608238424898723,-20.000000000000007
-0.26635593286668163,1.760306724453075,-20.000000000000007
-0.2790858188465218,1.462985422426233,-20.000000000000007
-0.2790732784099955,1.5405951122526895,-20.000000000000007
-0.2778987924548814,1.5675692874062839,-20.000000000000007
-0.28054120207314137,1.5045931605203238,-20.000000000000007
-0.2802424863224308,1.504821771797755,-20.000000000000007
-0.28202526620889273,1.5353191536026753,-20.000000000000007
-0.26908226728219925,1.7373139365655643,-20.000000000000007
-0.24941685587515783,1.753003142208471,-20.000000000000007
-0.21248743473298976,1.8569242044846717,-20.000000000000007
-0.18837473412143407,1.5733779606841163,-20.000000000000007
-0.18067000068203443,1.5594198148107745,-20.000000000000007
-0.17225067116104015,1.5971341454532495,-20.000000000000007
-0.17510106557395994,1.566410033027889,-20.000000000000007
-0.18180598392082675,1.568896711311794,-20.000000000000007
-0.20027514795820842,1.73999562205153,-20.000000000000007
-0.1818059818412709,1.568893039467904,-20.000000000000007
-0.19316194813994036,1.6117989308347906,-20.000000000000007
-0.1822603459450228,1.5752406240198031,-20.000000000000007
-0.180374903390968,1.5624216849117094,-20.000000000000007
-0.18842511370101278,1.5738540301251946,-20.000000000000007
-0.18885818653230285,1.5776548930151268,-20.000000000000007
-0.18842511370101273,1.5738540301251946,-20.000000000000007
-0.19071249072710514,1.5909698512377526,-20.000000000000007
-0.18837473412143405,1.573377960684116,-20.000000000000007
-0.1891192387649498,1.5756732257028956,-20.000000000000007
-0.18888897604606414,1.5748627885679038,-20.000000000000007
-0.18842511370101275,1.5738540301251946,-20.000000000000007
-0.19312068279867917,1.611872705894656,-20.000000000000007
-0.18226034594502277,1.5752406240198031,-20.000000000000007
-0.1956903181330773,1.6387809844399346,-20.000000000000007
-0.18837473412143407,1.5733779606841163,-20.000000000000007
-0.18842511370101273,1.5738540301251946,-20.000000000000007
-0.20336587397443145,1.7364901842809186,-20.000000000000007
-0.18888897604606414,1.574862788567904,-20.000000000000007
-0.22165404893871923,1.934542116797381,-20.000000000000007
-0.1908232953106909,1.5880699398860834,-20.000000000000007
-0.21167108286510428,1.8326050589417138,-20.000000000000007
-0.18915002827871114,1.5728811212556733,-20.000000000000007
-0.18840552363519542,1.5705858562368933,-20.000000000000007
-0.2317380046122724,1.913286973414019,-20.000000000000007
-0.23590531473416804,1.9203346866708761,-20.000000000000007
-0.27083025905894786,1.7130723613333851,-20.000000000000007
-0.28831958847372885,1.5737907057255947,-20.000000000000007
-0.29644619690488105,1.591916277219161,-20.000000000000007
-0.29712085150995426,1.5878202981705967,-20.000000000000007
-0.296842794018159,1.5898217193019768,-20.000000000000007
-0.29392143141561916,1.5971422552553443,-20.000000000000007
-0.2860847862583424,1.5660072351777898,-20.000000000000007
-0.2914519508694641,1.5886240208932991,-20.000000000000007
-0.2858135332844407,1.563855856787399,-20.000000000000007
-0.28078661533106947,1.5114112648091447,-20.000000000000007
-0.2653756251451287,1.765989234382833,-20.000000000000007
-0.25347313038781183,1.765999245543531,-20.000000000000007
-0.22912020520509221,1.9262339835287354,-20.000000000000007
-0.21247740178589644,1.8482623387946078,-20.000000000000007
-0.18883859646648546,1.5743867191268253,-20.000000000000007
-0.18111054873671426,1.5670516929648648,-20.000000000000007
-0.18106147615797719,1.566595938527179,-20.000000000000007
-0.19605052332794443,1.6994507469824103,-20.000000000000007
-0.19301630833170438,1.6718828761553,-20.000000000000007
-0.18110984285748086,1.567150207688302,-20.000000000000007
-0.18888897604606414,1.5748627885679038,-20.000000000000007
-0.1742675836248365,1.5596310191219989,-20.000000000000007
-0.1804043718668858,1.5611767535850447,-20.000000000000007
-0.1806700006820344,1.5594198148107745,-20.000000000000007
-0.18837473412143407,1.573377960684116,-20.000000000000007
-0.18837473412143407,1.573377960684116,-20.000000000000007
-0.18888897604606417,1.5748627885679036,-20.000000000000007
-0.18842511370101275,1.5738540301251949,-20.000000000000007
-0.18885818653230282,1.5776548930151266,-20.000000000000007
-0.18226034594502277,1.5752406240198031,-20.000000000000007
-0.16491224342351885,1.4962079272044329,-20.000000000000007
-0.17359964367809982,1.555262154034674,-20.000000000000007
-0.14975414285615307,1.4356134548649337,-20.000000000000007
-0.17917386072802038,1.5901780441278879,-20.000000000000007
-0.1822603459450228,1.575240624019803,-20.000000000000007
-0.18842511370101273,1.5738540301251946,-20.000000000000007
-0.2011724582994196,1.7057620812394532,-20.000000000000007
-0.2062195057358958,1.7693061823890073,-20.000000000000007
-0.2192014992263589,1.9332971051390981,-20.000000000000007
-0.2216719125832777,1.9345972359258412,-20.000000000000007
-0.22120223014632198,1.9354236976468095,-20.000000000000007
-0.18208914079221106,1.567792899127401,-20.000000000000007
-0.20371069162587718,1.7360573020057042,-20.000000000000007
-0.21248743473298976,1.8569242044846717,-20.000000000000007
-0.22959559270852006,1.9265005679165847,-20.000000000000007
-0.2640443351563116,1.7598858800564576,-20.000000000000007
-0.27552963855276336,1.575636613138193,-20.000000000000007
-0.26697337105993435,1.7645090506581802,-20.000000000000007
-0.2790418615852196,1.4658209857437952,-20.000000000000007
-0.27625041341715056,1.6083836390941395,-20.000000000000007
-0.2643193754562898,1.7619786514312286,-20.000000000000007
-0.2803774808843525,1.5076961034151128,-20.000000000000007
-0.2762375751492372,1.6097422061583704,-20.000000000000007
-0.2706749518180495,1.7114453033682016,-20.000000000000007
-0.2787354979105059,1.5425889208094417,-20.000000000000007
-0.2502845554208488,1.7235141714337494,-20.000000000000007
-0.2202994932691481,1.9398441916845455,-20.000000000000007
-0.2201245687657412,1.9315839867608924,-20.000000000000007
-0.18883859646648551,1.5743867191268253,-20.000000000000007
-0.18122566722890532,1.5694315109664936,-20.000000000000007
-0.21088307696788913,1.8406422820217248,-20.000000000000007
-0.18615639672437706,1.6073672656103335,-20.000000000000007
-0.21173096932913643,1.8478864443445637,-20.000000000000007
-0.182064982787046,1.5720811476233034,-20.000000000000007
-0.18250173051842533,1.5731434678747531,-20.000000000000007
-0.180374903390968,1.5624216849117094,-20.000000000000007
-0.16270023080057264,1.4821412217524916,-20.000000000000007
-0.179509115801908,1.5810607140359072,-20.000000000000007
-0.17426758362483646,1.5596310191219986,-20.000000000000007
-0.1822603459450228,1.575240624019803,-20.000000000000007
-0.1822603459450228,1.575240624019803,-20.000000000000007
-0.18842511370101275,1.5738540301251946,-20.000000000000007
-0.20422406494602985,1.7470522200873622,-20.000000000000007
-0.18842511370101275,1.5738540301251949,-20.000000000000007
-0.2106765637514194,1.8287123508592724,-20.000000000000007
-0.20438912631107453,1.746757119847901,-20.000000000000007
-0.21276096579532144,1.8568777380279777,-20.000000000000007
-0.23090645405062976,1.9115449702339893,-20.000000000000007
-0.21276096579532142,1.856877738027978,-20.000000000000007
-0.24352941008181267,1.8371727099357726,-20.000000000000007
-0.21898340119425477,1.9294106496791945,-20.000000000000007
-0.23193210184063529,1.913614431844647,-20.000000000000007
-0.24606122011520187,1.8162173842845437,-20.000000000000007
-0.2257978866590138,1.9278347012512822,-20.000000000000007
-0.2495942267160589,1.7386784798908312,-20.000000000000007
-0.21191483429797653,1.847948051940096,-20.000000000000007
-0.196004486900725,1.702539660137335,-20.000000000000007
-0.23173800461227242,1.9132869734140188,-20.000000000000007
-0.23090645405062976,1.9115449702339893,-20.000000000000007
-0.2763579095573766,1.6147991334610237,-20.000000000000007
-0.2945192759688179,1.5983978185151526,-20.000000000000007
-0.2861467625785085,1.5660632206302456,-20.000000000000007
-0.3046965132711314,1.5065028242821878,-20.000000000000007
-0.2904363118517153,1.582700590103038,-20.000000000000007
-0.2835864493405321,1.5434221632614336,-20.000000000000007
-0.2911941062217188,1.5877170694326264,-20.000000000000007
-0.2844883477018021,1.557908182971589,-20.000000000000007
-0.29532246359841297,1.5931109883083296,-20.000000000000007
-0.29837569031649713,1.5740870760206476,-20.000000000000007
-0.2821039118262143,1.5360515824490064,-20.000000000000007
-0.2749486577676836,1.5890191833852914,-20.000000000000007
-0.24753611064781528,1.7981305890838026,-20.000000000000007
-0.23173800461227242,1.913286973414019,-20.000000000000007
-0.20460674253608638,1.7456863669336564,-20.000000000000007
-0.18615438176474616,1.6074417934864875,-20.000000000000007
-0.21088307696788913,1.8406422820217245,-20.000000000000007
-0.1861563967243771,1.6073672656103337,-20.000000000000007
-0.2269401645833434,1.9239439328329508,-20.000000000000007
-0.18595692455903065,1.6037665599500641,-20.000000000000007
-0.18226034594502283,1.5752406240198031,-20.000000000000007
-0.17825534106184449,1.5837285229747722,-20.000000000000007
-0.14975414285615307,1.4356134548649337,-20.000000000000007
-0.17716407672167844,1.5760687284044743,-20.000000000000007
-0.18226034594502283,1.575240624019803,-20.000000000000007
-0.18888897604606417,1.5748627885679038,-20.000000000000007
-0.18842511370101273,1.5738540301251946,-20.000000000000007
-0.20404430865962883,1.7471900021231155,-20.000000000000007
-0.1930381521161568,1.6120202560143864,-20.000000000000007
-0.20404430865962883,1.7471900021231153,-20.000000000000007
-0.2182751281321456,1.9327711581825628,-20.000000000000007
-0.21023380688351326,1.8304416245211914,-20.000000000000007
-0.22701847162298072,1.9309018468452903,-20.000000000000007
-0.22014714604852798,1.9414399986101936,-20.000000000000007
-0.22760144644216082,1.9245423734898095,-20.000000000000007
-0.22725815115555778,1.9273187281239843,-20.000000000000007
-0.2276014464421608,1.9245423734898095,-20.000000000000007
-0.22140461161028013,1.9284170608693034,-20.000000000000007
-0.22779062337643435,1.923211091760339,-20.000000000000007
-0.21295636326596956,1.85535961505459,-20.000000000000007
-0.2046067425360864,1.7456863669336566,-20.000000000000007
-0.17576638476045683,1.5684993443907715,-20.000000000000007
-0.18842511370101275,1.5738540301251946,-20.000000000000007
-0.21973920250494972,1.9377011394222405,-20.000000000000007
-0.234408232611389,1.9331740021179948,-20.000000000000007
-0.27552963855276336,1.5756366131381925,-20.000000000000007
-0.27534510165993753,1.5791338225699156,-20.000000000000007
-0.2749486577676837,1.5890191833852911,-20.000000000000007
-0.2784007816040445,1.486665332127419,-20.000000000000007
-0.27992545368146904,1.5089102703740602,-20.000000000000007
-0.2800049009675647,1.5199785483797064,-20.000000000000007
-0.2799907055620182,1.5182493390299032,-20.000000000000007
-0.28031703709935685,1.504540597622881,-20.000000000000007
-0.28011681502668095,1.5081261530810859,-20.000000000000007
-0.27965054770780057,1.5205278537775684,-20.000000000000007
-0.27643078781903024,1.6052306917820096,-20.000000000000007
-0.24812508953460477,1.7867066619015204,-20.000000000000007
-0.22772843991301128,1.9230621957348462,-20.000000000000007
-0.2192014992263589,1.9332971051390984,-20.000000000000007
-0.21088242190780138,1.8406293706371104,-20.000000000000007
-0.2206284611958884,1.92405731974149,-20.000000000000007
-0.229598499407687,1.919191087025267,-20.000000000000007
-0.23577615157173543,1.9139808551233317,-20.000000000000007
-0.2086591739645731,1.8219049272644185,-20.000000000000007
-0.18885818653230285,1.5776548930151268,-20.000000000000007
-0.17716407672167847,1.5760687284044748,-20.000000000000007
-0.14975414285615304,1.4356134548649337,-20.000000000000007
-0.17426758362483646,1.5596310191219986,-20.000000000000007
-0.1822603459450228,1.575240624019803,-20.000000000000007
-0.18837473412143407,1.573377960684116,-20.000000000000007
-0.1894245325731731,1.5791548760255543,-20.000000000000007
-0.18885818653230282,1.577654893015127,-20.000000000000007
-0.19071249072710514,1.5909698512377528,-20.000000000000007
-0.2040443086596288,1.7471900021231153,-20.000000000000007
-0.21112736531608323,1.8393954016667315,-20.000000000000007
-0.22595826031529198,1.9324263488581668,-20.000000000000007
-0.19927599968825094,1.68201699226254,-20.000000000000007
-0.21204973859417786,1.8497531531648237,-20.000000000000007
-0.1894245325731731,1.5791548760255545,-20.000000000000007
-0.20404430865962883,1.7471900021231153,-20.000000000000007
-0.22765097951254284,1.9241020799037793,-20.000000000000007
-0.2043891263110746,1.746757119847901,-20.000000000000007
-0.23060168877451886,1.914094401491136,-20.000000000000007
-0.2112960275620267,1.8347164791411157,-20.000000000000007
-0.21925523455919244,1.932733363393622,-20.000000000000007
-0.22061602805144595,1.9243142227981593,-20.000000000000007
-0.18154410935381965,1.569100175690836,-20.000000000000007
-0.22611054034026418,1.9302396190710187,-20.000000000000007
-0.23595500071689002,1.921576377911016,-20.000000000000007
-0.26430337099963297,1.7624113466060107,-20.000000000000007
-0.2956457490088646,1.5926551084486404,-20.000000000000007
-0.292783533068369,1.587519197072304,-20.000000000000007
-0.30458345399411885,1.5045726073313417,-20.000000000000007
-0.2952921453964856,1.592977347531367,-20.000000000000007
-0.2859741591518499,1.5657933033163327,-20.000000000000007
-0.2880864982412632,1.573406706276798,-20.000000000000007
-0.2833730331684438,1.5449463194670943,-20.000000000000007
-0.2883195884737289,1.5737907057255947,-20.000000000000007
-0.29285866800552607,1.5875398118644668,-20.000000000000007
-0.28267441782357217,1.5297214919380058,-20.000000000000007
-0.2622415778867581,1.7670548761853293,-20.000000000000007
-0.2444473490970081,1.829751632775175,-20.000000000000007
-0.22076855976766022,1.9384962220479847,-20.000000000000007
-0.19079250579692952,1.5908620443333061,-20.000000000000007
-0.18837473412143407,1.573377960684116,-20.000000000000007
-0.1888385964664855,1.5743867191268253,-20.000000000000007
-0.1883243545418553,1.5729018912430375,-20.000000000000007
-0.19315943252724238,1.6118386740500745,-20.000000000000007
-0.18945532208693444,1.576362771578332,-20.000000000000007
-0.19263141913401843,1.6078741606042648,-20.000000000000007
-0.18911923876494982,1.5756732257028956,-20.000000000000007
-0.18837473412143407,1.573377960684116,-20.000000000000007
-0.18250173051842536,1.573143467874753,-20.000000000000007
-0.18226034594502277,1.575240624019803,-20.000000000000007
-0.1822603459450228,1.5752406240198031,-20.000000000000007
-0.18250173051842536,1.573143467874753,-20.000000000000007
-0.18250173051842533,1.573143467874753,-20.000000000000007
-0.18842511370101275,1.5738540301251946,-20.000000000000007
-0.18885818653230282,1.5776548930151266,-20.000000000000007
-0.18837473412143407,1.5733779606841163,-20.000000000000007
-0.18911923876494982,1.5756732257028956,-20.000000000000007
-0.18837473412143405,1.5733779606841163,-20.000000000000007
-0.19303815211615682,1.6120202560143864,-20.000000000000007
-0.1956903181330773,1.6387809844399344,-20.000000000000007
-0.20404430865962883,1.7471900021231153,-20.000000000000007
-0.2124874347329898,1.8569242044846717,-20.000000000000007
-0.21411960987166218,1.8728504890414885,-20.000000000000007
-0.21922162412794238,1.9329791594168277,-20.000000000000007
-0.2201245687657412,1.9315839867608924,-20.000000000000007
-0.21896327629267132,1.929728595401465,-20.000000000000007
-0.1894245325731731,1.5791548760255547,-20.000000000000007
-0.19984000746354424,1.688926975187508,-20.000000000000007
-0.21827512813214564,1.9327711581825626,-20.000000000000007
-0.23236880258704995,1.9150633562524644,-20.000000000000007
-0.2560323469525233,1.767716960218845,-20.000000000000007
-0.2753733810848211,1.5787915297789388,-20.000000000000007
-0.2790418615852196,1.465820985743795,-20.000000000000007
-0.2786779729120955,1.4793883314631038,-20.000000000000007
-0.2796824737963043,1.4838763686732224,-20.000000000000007
-0.28055046844396536,1.502409765264534,-20.000000000000007
-0.2766298161616714,1.6081022753105605,-20.000000000000007
-0.2804068877859218,1.5047866790540922,-20.000000000000007
-0.27965054770780057,1.5205278537775686,-20.000000000000007
-0.27661632699278194,1.60715437555164,-20.000000000000007
-0.26407829196358035,1.7623879052913487,-20.000000000000007
-0.24894779568029934,1.7654260612210055,-20.000000000000007
-0.23060168877451886,1.9140944014911363,-20.000000000000007
-0.2046411089508683,1.7505247520690403,-20.000000000000007
-0.18885818653230282,1.5776548930151266,-20.000000000000007
-0.18245135093884662,1.5726673984336745,-20.000000000000007
-0.18226034594502277,1.575240624019803,-20.000000000000007
-0.18250173051842536,1.5731434678747531,-20.000000000000007
-0.18040437186688577,1.5611767535850452,-20.000000000000007
-0.17337853243457835,1.5519365666422187,-20.000000000000007
-0.16175363895024922,1.4767475548411566,-20.000000000000007
-0.1509864912825978,1.3992341320455803,-20.000000000000007
-0.17917386072802038,1.5901780441278877,-20.000000000000007
-0.18837473412143405,1.573377960684116,-20.000000000000007
-0.18885818653230285,1.5776548930151268,-20.000000000000007
-0.2011724582994196,1.705762081239453,-20.000000000000007
-0.20404430865962883,1.7471900021231155,-20.000000000000007
-0.21248743473298976,1.8569242044846714,-20.000000000000007
-0.2202822389994352,1.939623188500295,-20.000000000000007
-0.22701847162298075,1.9309018468452899,-20.000000000000007
-0.2208853973376787,1.931145289038375,-20.000000000000007
-0.2276014464421608,1.9245423734898095,-20.000000000000007
-0.2182751281321456,1.9327711581825628,-20.000000000000007
-0.2185133510658332,1.9363396679201959,-20.000000000000007
-0.20587468808445003,1.7697390646642215,-20.000000000000007
-0.2040443086596288,1.7471900021231155,-20.000000000000007
-0.21296477688892937,1.8565486059439356,-20.000000000000007
-0.21297145694215708,1.8551211557628873,-20.000000000000007
-0.22611171795374133,1.930142122305032,-20.000000000000007
-0.2273977950194493,1.9264277399805443,-20.000000000000007
-0.22138700232139463,1.9286952633762897,-20.000000000000007
-0.19901077125258648,1.6781980929511513,-20.000000000000007
-0.22733309594332832,1.9263185871703348,-20.000000000000007
-0.24420046351354951,1.8315489022356717,-20.000000000000007
-0.2638050931102931,1.7627188600369337,-20.000000000000007
-0.2965965832830616,1.5908434497291717,-20.000000000000007
-0.2969975637426139,1.5884176391337546,-20.000000000000007
-0.30263291006736837,1.5319900558991009,-20.000000000000007
-0.3013480257406569,1.5419666367450628,-20.000000000000007
-0.29376525852711177,1.5947036921994806,-20.000000000000007
-0.29397097303167585,1.5974475393500884,-20.000000000000007
-0.2939214314156191,1.5971422552553443,-20.000000000000007
-0.30230362032936275,1.5361184482539478,-20.000000000000007
-0.3019369754486786,1.5359654169895183,-20.000000000000007
-0.28720817707171264,1.5697727468047389,-20.000000000000007
-0.2798315835059146,1.524585980112811,-20.000000000000007
-0.24754391918501356,1.798329388501767,-20.000000000000007
-0.23126943649231313,1.9075853313990616,-20.000000000000007
-0.21075752261466185,1.8278550599902599,-20.000000000000007
-0.21106683276004792,1.840701737719821,-20.000000000000007
-0.21173042344573,1.8478756848573852,-20.000000000000007
-0.2206284611958884,1.92405731974149,-20.000000000000007
-0.22187224334523903,1.9254177131544248,-20.000000000000007
-0.18160651071570239,1.565294169729579,-20.000000000000007
-0.18842511370101275,1.5738540301251949,-20.000000000000007
-0.17259283802865874,1.5472393109831908,-20.000000000000007
-0.15188571630985698,1.402262875380409,-20.000000000000007
-0.17917386072802036,1.5901780441278877,-20.000000000000007
-0.1771640767216785,1.5760687284044745,-20.000000000000007
-0.18226034594502277,1.5752406240198031,-20.000000000000007
-0.18837473412143405,1.5733779606841163,-20.000000000000007
-0.18842511370101275,1.5738540301251949,-20.000000000000007
-0.19303815211615682,1.6120202560143864,-20.000000000000007
-0.1930381521161568,1.6120202560143866,-20.000000000000007
-0.20587468808445003,1.7697390646642215,-20.000000000000007
-0.2040443086596288,1.7471900021231155,-20.000000000000007
-0.2120497385941779,1.8497531531648241,-20.000000000000007
-0.21112736531608323,1.8393954016667315,-20.000000000000007
-0.21248743473298978,1.8569242044846714,-20.000000000000007
-0.20438912631107453,1.746757119847901,-20.000000000000007
-0.21297145694215705,1.8551211557628875,-20.000000000000007
-0.18842511370101275,1.5738540301251946,-20.000000000000007
-0.20437906386028282,1.7469160927090361,-20.000000000000007
-0.1888693859802468,1.5715946146796025,-20.000000000000007
-0.1922012188841824,1.5983311496347117,-20.000000000000007
-0.2065722149118148,1.766418619364864,-20.000000000000007
-0.18842511370101275,1.5738540301251946,-20.000000000000007
-0.22088539733767873,1.9311452890383747,-20.000000000000007
-0.22700039482394932,1.931983712679078,-20.000000000000007
-0.2495054676988277,1.7506184474221236,-20.000000000000007
-0.2663417329445999,1.7609238947511168,-20.000000000000007
-0.2790418615852196,1.4658209857437952,-20.000000000000007
-0.27867797291209545,1.4793883314631036,-20.000000000000007
-0.2808115734778347,1.5020368353923257,-20.000000000000007
-0.28498779787575723,1.5514713439135064,-20.000000000000007
-0.282313999994121,1.5359676221961125,-20.000000000000007
-0.2861467625785086,1.5660632206302454,-20.000000000000007
-0.28147973710679575,1.52529738204103,-20.000000000000007
-0.2761438480406254,1.6125033733593506,-20.000000000000007
-0.2560649706345302,1.7672901528174134,-20.000000000000007
-0.2475439191850135,1.7983293885017668,-20.000000000000007
-0.22148287361453653,1.9303292419337907,-20.000000000000007
-0.21066147007523187,1.828950810150975,-20.000000000000007
-0.1883243545418553,1.5729018912430375,-20.000000000000007
-0.18254761494311053,1.574583548865015,-20.000000000000007
-0.17506914439190818,1.5677190487190196,-20.000000000000007
-0.1861550876439796,1.6073432787630508,-20.000000000000007
-0.19605052332794443,1.6994507469824103,-20.000000000000007
-0.17933485877093766,1.5832655028315092,-20.000000000000007
-0.18837473412143405,1.5733779606841165,-20.000000000000007
-0.1627002308005726,1.4821412217524914,-20.000000000000007
-0.17716407672167847,1.5760687284044745,-20.000000000000007
-0.1822603459450228,1.575240624019803,-20.000000000000007
-0.18837473412143407,1.573377960684116,-20.000000000000007
-0.18888897604606414,1.574862788567904,-20.000000000000007
-0.19303815211615682,1.6120202560143864,-20.000000000000007
-0.20404430865962883,1.7471900021231157,-20.000000000000007
-0.2067134788146871,1.7807025996374182,-20.000000000000007
-0.21851335106583325,1.936339667920196,-20.000000000000007
-0.19303815211615682,1.6120202560143864,-20.000000000000007
-0.20404430865962883,1.7471900021231155,-20.000000000000007
-0.1930381521161568,1.6120202560143864,-20.000000000000007
-0.19303815211615682,1.6120202560143868,-20.000000000000007
-0.21918287439937906,1.9330131912614092,-20.000000000000007
-0.2122334945163089,1.8448357713475056,-20.000000000000007
-0.22767890684262926,1.9235024893208759,-20.000000000000007
-0.22138700232139463,1.92869526337629,-20.000000000000007
-0.23114940283993615,1.907095884293809,-20.000000000000007
-0.23305863453794004,1.9193362522791804,-20.000000000000007
-0.2277109461044607,1.9193006230995664,-20.000000000000007
-0.1966190746727905,1.70658047805223,-20.000000000000007
-0.2200943814133661,1.932060905344298,-20.000000000000007
-0.23282344288181106,1.9224278734657947,-20.000000000000007
-0.24853099563335468,1.7791715595271107,-20.000000000000007
-0.2833775869733104,1.5449714654708662,-20.000000000000007
-0.29024427699035776,1.583098188805192,-20.000000000000007
-0.2942793007818887,1.5992725692373044,-20.000000000000007
-0.30399121533857343,1.5121795265068445,-20.000000000000007
-0.29161458899958015,1.5879814352364263,-20.000000000000007
-0.28224840570170656,1.5366983250831803,-20.000000000000007
-0.28430168384576776,1.5549611531460616,-20.000000000000007
-0.2819252686870596,1.5318721242677231,-20.000000000000007
-0.2881416617415588,1.573486508549082,-20.000000000000007
-0.2840255897958569,1.5506902601257058,-20.000000000000007
-0.2787693040474558,1.5070523714106645,-20.000000000000007
-0.2502845554208488,1.7235141714337494,-20.000000000000007
-0.2452981421786993,1.8231148895219937,-20.000000000000007
-0.22739622060072456,1.9227536285450586,-20.000000000000007
-0.22899518854702025,1.9205561705070902,-20.000000000000007
-0.22899518854702022,1.92055617050709,-20.000000000000007
-0.23926103075198196,1.8837082537608976,-20.000000000000007
-0.24969682634711554,1.7251946129698053,-20.000000000000007
-0.22899518854702022,1.9205561705070902,-20.000000000000007
-0.22001954989640238,1.9312538054830426,-20.000000000000007
-0.1822603459450228,1.575240624019803,-20.000000000000007
-0.17825534106184446,1.5837285229747722,-20.000000000000007
-0.17694296547815702,1.572743141012019,-20.000000000000007
-0.18226034594502277,1.575240624019803,-20.000000000000007
-0.18837473412143405,1.5733779606841163,-20.000000000000007
-0.19303815211615682,1.6120202560143864,-20.000000000000007
-0.20137193150454388,1.7093646228216675,-20.000000000000007
-0.2182751281321456,1.9327711581825628,-20.000000000000007
-0.22047538080186457,1.9371217562211038,-20.000000000000007
-0.22760266311229593,1.9254166972035933,-20.000000000000007
-0.22907067213471016,1.9266742771147654,-20.000000000000007
-0.23090645405062973,1.9115449702339888,-20.000000000000007
-0.23278630500397757,1.9217446600094166,-20.000000000000007
-0.234408232611389,1.9331740021179948,-20.000000000000007
-0.23698195095870883,1.91396492739013,-20.000000000000007
-0.24235616464673965,1.8482118997688324,-20.000000000000007
-0.2434376236212038,1.8364278092211166,-20.000000000000007
-0.2474947955921724,1.7990400987821107,-20.000000000000007
-0.24428826346562457,1.8235096413010305,-20.000000000000007
-0.23823129838938795,1.8932350387468864,-20.000000000000007
-0.22132548951472808,1.9286160178736897,-20.000000000000007
-0.18945532208693444,1.576362771578332,-20.000000000000007
-0.22088539733767873,1.931145289038375,-20.000000000000007
-0.22117610000737892,1.937196569906587,-20.000000000000007
-0.25493350224142575,1.7718608969257508,-20.000000000000007
-0.27844904081650607,1.4869524381669,-20.000000000000007
-0.2789095434766423,1.4725813775507004,-20.000000000000007
-0.2784007816040445,1.4866653321274192,-20.000000000000007
-0.2795490577147397,1.487692583530686,-20.000000000000007
-0.2805003391584271,1.5032519933197073,-20.000000000000007
-0.2804613747482171,1.5046881431273893,-20.000000000000007
-0.28148428103377227,1.5235862100825492,-20.000000000000007
-0.27954586796852793,1.5214368818206043,-20.000000000000007
-0.2573620283399167,1.7707963196551508,-20.000000000000007
-0.2495054676988277,1.7506184474221234,-20.000000000000007
-0.22648741265525174,1.9290439783824922,-20.000000000000007
-0.21297145694215705,1.8551211557628875,-20.000000000000007
-0.1931594325272424,1.6118386740500747,-20.000000000000007
-0.18220996636544406,1.5747645545787246,-20.000000000000007
-0.20024469689215907,1.741221186301274,-20.000000000000007
-0.18160651071570239,1.5652941697295795,-20.000000000000007
-0.18160650863614658,1.5652904978856892,-20.000000000000007
-0.2002751479582084,1.7399956220515302,-20.000000000000007
-0.17282343672578382,1.593833463291275,-20.000000000000007
-0.18110619219721427,1.5615965088310682,-20.000000000000007
-0.179509115801908,1.5810607140359072,-20.000000000000007
-0.17716407672167844,1.5760687284044748,-20.000000000000007
-0.17716407672167844,1.5760687284044748,-20.000000000000007
-0.18226034594502283,1.575240624019803,-20.000000000000007
-0.18246257456162718,1.5751980137483312,-20.000000000000007
-0.18837473412143407,1.573377960684116,-20.000000000000007
-0.2047365030509324,1.7580889424488189,-20.000000000000007
-0.18942453257317313,1.5791548760255543,-20.000000000000007
-0.20139347992708181,1.7055505241438342,-20.000000000000007
-0.19585537949812196,1.6384858842004733,-20.000000000000007
-0.20139347992708181,1.7055505241438345,-20.000000000000007
-0.2259544067033732,1.9324083385227473,-20.000000000000007
-0.21851335106583322,1.9363396679201959,-20.000000000000007
-0.22700039482394932,1.9319837126790778,-20.000000000000007
-0.20621950573589576,1.7693061823890073,-20.000000000000007
-0.20139347992708181,1.7055505241438345,-20.000000000000007
-0.2207685597676602,1.9384962220479847,-20.000000000000007
-0.2129563632659695,1.85535961505459,-20.000000000000007
-0.23604703808890745,1.917608092557952,-20.000000000000007
-0.21348347107761392,1.8491291362183486,-20.000000000000007
-0.17542972117740843,1.5709628390265231,-20.000000000000007
-0.2199068318615049,1.9318782741861784,-20.000000000000007
-0.23278188893719184,1.9221006082056187,-20.000000000000007
-0.27939144775567193,1.5298970908689449,-20.000000000000007
-0.3087234174612784,1.5074575561331989,-20.000000000000007
-0.3103174892720747,1.5020376346952713,-20.000000000000007
-0.30328578238110493,1.5204381626563317,-20.000000000000007
-0.3072398290564171,1.5094781150519188,-20.000000000000007
-0.299455430798009,1.5633526462874139,-20.000000000000007
-0.28558708034433605,1.5632803966587598,-20.000000000000007
-0.3015762558074406,1.5389990622252379,-20.000000000000007
-0.2977072512926068,1.5807711636260167,-20.000000000000007
-0.2977072512926068,1.5807711636260169,-20.000000000000007
-0.29148161225667857,1.5867424647031154,-20.000000000000007
-0.25603071177177666,1.7677522223127287,-20.000000000000007
-0.23173800461227242,1.9132869734140188,-20.000000000000007
-0.18888897604606417,1.574862788567904,-20.000000000000007
-0.1811061921972143,1.5615965088310682,-20.000000000000007
-0.1811061921972143,1.5615965088310684,-20.000000000000007
-0.18226034594502277,1.575240624019803,-20.000000000000007
-0.18842511370101275,1.5738540301251946,-20.000000000000007
-0.18837473412143407,1.573377960684116,-20.000000000000007
-0.18942453257317313,1.5791548760255543,-20.000000000000007
-0.18842511370101273,1.5738540301251944,-20.000000000000007
-0.19303815211615682,1.6120202560143866,-20.000000000000007
-0.2040443086596288,1.7471900021231155,-20.000000000000007
-0.20336587397443143,1.7364901842809184,-20.000000000000007
-0.2040443086596288,1.7471900021231155,-20.000000000000007
-0.21248743473298978,1.8569242044846717,-20.000000000000007
-0.21023380688351329,1.8304416245211912,-20.000000000000007
-0.21973920250494974,1.9377011394222408,-20.000000000000007
-0.22016792406061553,1.9410595970279598,-20.000000000000007
-0.22752520271182752,1.9264565813725267,-20.000000000000007
-0.2260663272286084,1.9325754248104317,-20.000000000000007
-0.22126242425464535,1.9315727728415628,-20.000000000000007
-0.22029259161325185,1.9400072866747111,-20.000000000000007
-0.20473650305093238,1.7580889424488186,-20.000000000000007
-0.21941629570363208,1.934944495264261,-20.000000000000007
-0.21941629570363208,1.9349444952642607,-20.000000000000007
-0.22959559270852006,1.9265005679165843,-20.000000000000007
-0.2369819509587088,1.91396492739013,-20.000000000000007
-0.24430208633823924,1.8290340023372813,-20.000000000000007
-0.24608633016702225,1.8164385723452243,-20.000000000000007
-0.24529142852764765,1.8234638198383368,-20.000000000000007
-0.2204517092827924,1.9350526994791255,-20.000000000000007
-0.20437906386028284,1.7469160927090361,-20.000000000000007
-0.21941629570363208,1.934944495264261,-20.000000000000007
-0.2208853973376787,1.931145289038375,-20.000000000000007
-0.25052408633016987,1.7228946145977089,-20.000000000000007
-0.27797155751071423,1.50586089147857,-20.000000000000007
-0.2665781875409812,1.7617140186301457,-20.000000000000007
-0.27883499269971623,1.472862551725574,-20.000000000000007
-0.2750422628648554,1.5996455967565741,-20.000000000000007
-0.27989596635957653,1.5215778172235297,-20.000000000000007
-0.2826028571879909,1.5369009995485785,-20.000000000000007
-0.2844883477018021,1.5579081829715888,-20.000000000000007
-0.295322463598413,1.5931109883083292,-20.000000000000007
-0.28430168384576776,1.5549611531460616,-20.000000000000007
-0.2789586953709386,1.5417068426196736,-20.000000000000007
-0.25542262326155346,1.7681460576399366,-20.000000000000007
-0.23430923262649495,1.9311415577316966,-20.000000000000007
-0.2273977950194493,1.9264277399805443,-20.000000000000007
-0.20468482335904073,1.7442442470352895,-20.000000000000007
-0.20278977449176916,1.7643519149146,-20.000000000000007
-0.19605052332794443,1.69945074698241,-20.000000000000007
-0.2086591739645731,1.8219049272644185,-20.000000000000007
-0.21173096932913646,1.8478864443445635,-20.000000000000007
-0.18106016915713555,1.5665756235237862,-20.000000000000007
-0.18250173051842533,1.5731434678747531,-20.000000000000007
-0.1735996436780998,1.555262154034674,-20.000000000000007
-0.16226514651890211,1.4799780943445653,-20.000000000000007
-0.17917386072802038,1.5901780441278879,-20.000000000000007
-0.1804043718668858,1.5611767535850447,-20.000000000000007
-0.18226034594502277,1.5752406240198031,-20.000000000000007
-0.18837473412143407,1.573377960684116,-20.000000000000007
-0.18885818653230285,1.5776548930151268,-20.000000000000007
-0.19415420216241913,1.624835505687237,-20.000000000000007
-0.20422406494602985,1.7470522200873617,-20.000000000000007
-0.21228200431524835,1.8497804617679954,-20.000000000000007
-0.2129647768889294,1.8565486059439356,-20.000000000000007
-0.2126869079381141,1.8605267460668862,-20.000000000000007
-0.2182751281321456,1.9327711581825628,-20.000000000000007
-0.2192287461517709,1.9347618641061415,-20.000000000000007
-0.22016792406061553,1.9410595970279598,-20.000000000000007
-0.2212624242546453,1.931572772841563,-20.000000000000007
-0.22733561155602622,1.9262788439550507,-20.000000000000007
-0.22610668672834547,1.930221608735599,-20.000000000000007
-0.22578096225884497,1.9282331131689356,-20.000000000000007
-0.2200375961519575,1.9303306458977088,-20.000000000000007
-0.18163938836346555,1.5687338372001347,-20.000000000000007
-0.21295636326596953,1.8553596150545901,-20.000000000000007
-0.22912020520509221,1.9262339835287354,-20.000000000000007
-0.2551619721882242,1.768975096297715,-20.000000000000007
-0.296025536048805,1.5926205750832654,-20.000000000000007
-0.2971810503947574,1.5871560875899227,-20.000000000000007
-0.29770725129260683,1.5807711636260167,-20.000000000000007
-0.303285782381105,1.5204381626563315,-20.000000000000007
-0.2993391451063665,1.5645769770689055,-20.000000000000007
-0.28581353328444076,1.563855856787399,-20.000000000000007
-0.28558708034433605,1.5632803966587598,-20.000000000000007
-0.28011681502668095,1.508126153081086,-20.000000000000007
-0.2762572881687932,1.609383143088623,-20.000000000000007
-0.2614172443586512,1.7663292169541924,-20.000000000000007
-0.24764647254595284,1.797083249792888,-20.000000000000007
-0.20621950573589576,1.7693061823890073,-20.000000000000007
-0.18067109244884727,1.5594413337851312,-20.000000000000007
-0.17825534106184443,1.5837285229747722,-20.000000000000007
-0.14975414285615307,1.4356134548649337,-20.000000000000007
-0.1750691443919082,1.5677190487190198,-20.000000000000007
-0.17510106557395996,1.5664100330278887,-20.000000000000007
-0.18732945889859226,1.6198078250716526,-20.000000000000007
-0.18732945889859226,1.6198078250716526,-20.000000000000007
-0.1908232953106909,1.5880699398860831,-20.000000000000007
-0.1988532567256356,1.6783739635447605,-20.000000000000007
-0.18885818653230282,1.5776548930151266,-20.000000000000007
-0.1894245325731731,1.5791548760255543,-20.000000000000007
-0.18942453257317313,1.5791548760255547,-20.000000000000007
-0.1894245325731731,1.5791548760255547,-20.000000000000007
-0.19569031813307733,1.638780984439934,-20.000000000000007
-0.19415420216241916,1.6248355056872366,-20.000000000000007
-0.20404430865962883,1.7471900021231153,-20.000000000000007
-0.20336587397443145,1.7364901842809184,-20.000000000000007
-0.20404430865962883,1.7471900021231153,-20.000000000000007
-0.20404430865962883,1.7471900021231155,-20.000000000000007
-0.2011724582994196,1.7057620812394534,-20.000000000000007
-0.19885325672563559,1.678373963544761,-20.000000000000007
-0.19927599968825094,1.68201699226254,-20.000000000000007
-0.19303815211615682,1.6120202560143866,-20.000000000000007
-0.2040443086596288,1.7471900021231157,-20.000000000000007
-0.19893578740815793,1.6782264134250302,-20.000000000000007
-0.20438912631107453,1.7467571198479006,-20.000000000000007
-0.1994335142152018,1.6818411216689304,-20.000000000000007
-0.18883859646648546,1.5743867191268253,-20.000000000000007
-0.1822099663654441,1.5747645545787243,-20.000000000000007
-0.15188571630985698,1.4022628753804087,-20.000000000000007
-0.18888897604606414,1.5748627885679038,-20.000000000000007
-0.20429629129942256,1.750957634344255,-20.000000000000007
-0.2485316828615717,1.7784212836840876,-20.000000000000007
-0.27686892547354014,1.5332495441711376,-20.000000000000007
-0.2689145148419331,1.7307917784395805,-20.000000000000007
-0.27904186158521965,1.465820985743795,-20.000000000000007
-0.27559349566871605,1.596302144508524,-20.000000000000007
-0.2707816621786079,1.7137581865623028,-20.000000000000007
-0.2803009774694844,1.5050780362816019,-20.000000000000007
-0.2804068877859218,1.5047866790540922,-20.000000000000007
-0.2814276432258695,1.5247664416818103,-20.000000000000007
-0.28024248632243076,1.5048217717977546,-20.000000000000007
-0.2646014558325995,1.7627589679718105,-20.000000000000007
-0.23684107118879075,1.9143939150868263,-20.000000000000007
-0.22903447707550284,1.9276403862238338,-20.000000000000007
-0.21297145694215708,1.8551211557628877,-20.000000000000007
-0.1822099663654441,1.5747645545787246,-20.000000000000007
-0.20381665272896718,1.7748919922972854,-20.000000000000007
-0.18206498486660183,1.5720848194671933,-20.000000000000007
-0.18615639672437706,1.6073672656103333,-20.000000000000007
-0.22959849940768703,1.919191087025267,-20.000000000000007
-0.18206498278704597,1.5720811476233032,-20.000000000000007
-0.18888897604606414,1.574862788567904,-20.000000000000007
-0.18837473412143407,1.573377960684116,-20.000000000000007
-0.17694296547815702,1.572743141012019,-20.000000000000007
-0.1822603459450228,1.5752406240198034,-20.000000000000007
-0.1822603459450228,1.5752406240198034,-20.000000000000007
-0.18942453257317313,1.5791548760255547,-20.000000000000007
-0.18888897604606414,1.574862788567904,-20.000000000000007
-0.20587468808445006,1.7697390646642217,-20.000000000000007
-0.2120497385941779,1.8497531531648241,-20.000000000000007
-0.20689323510108817,1.7805648176016646,-20.000000000000007
-0.22700039482394935,1.931983712679078,-20.000000000000007
-0.2189194066326587,1.9363504851979805,-20.000000000000007
-0.22908401014588486,1.9272000926378037,-20.000000000000007
-0.22638606166750122,1.9313937377440498,-20.000000000000007
-0.2309987143250381,1.9110800623980295,-20.000000000000007
-0.2309987143250381,1.9110800623980295,-20.000000000000007
-0.2328234428818111,1.9224278734657947,-20.000000000000007
-0.2309987143250381,1.9110800623980295,-20.000000000000007
-0.23432972164530766,1.9312934373310124,-20.000000000000007
-0.221404212855449,1.9288128383647138,-20.000000000000007
-0.2207210469207848,1.9246444040760091,-20.000000000000007
-0.18208914079221106,1.5677928991274013,-20.000000000000007
-0.18832435454185534,1.5729018912430375,-20.000000000000007
-0.22772843991301128,1.9230621957348462,-20.000000000000007
-0.24405946039997603,1.83199816861597,-20.000000000000007
-0.2814932375182839,1.524035738794743,-20.000000000000007
-0.2976141491392628,1.5825050174610302,-20.000000000000007
-0.3024033713913366,1.534890077614775,-20.000000000000007
-0.3010028004312815,1.5476422714487983,-20.000000000000007
-0.3025413358676734,1.5336593934785085,-20.000000000000007
-0.29894638573214766,1.5687132940944095,-20.000000000000007
-0.2844883477018021,1.557908182971589,-20.000000000000007
-0.2914519508694641,1.588624020893299,-20.000000000000007
-0.2843016838457678,1.5549611531460616,-20.000000000000007
-0.2807866153310694,1.5114112648091447,-20.000000000000007
-0.28097641726935024,1.508253639927686,-20.000000000000007
-0.25540545828276917,1.7680451672476831,-20.000000000000007
-0.24144067112421888,1.8607073622458232,-20.000000000000007
-0.22041728821468373,1.934817549502278,-20.000000000000007
-0.2094774872435267,1.8277300519526558,-20.000000000000007
-0.20865851890448536,1.8218920158798049,-20.000000000000007
-0.22369678545683425,1.9181970588997488,-20.000000000000007
-0.23219404399320695,1.9090545806427013,-20.000000000000007
-0.22164106841618958,1.9189519988593977,-20.000000000000007
-0.21911557977763285,1.9280293602799903,-20.000000000000007
-0.1822603459450228,1.575240624019803,-20.000000000000007
-0.17825534106184446,1.5837285229747724,-20.000000000000007
-0.1771640767216785,1.5760687284044748,-20.000000000000007
-0.17917386072802038,1.5901780441278879,-20.000000000000007
-0.18842511370101275,1.5738540301251949,-20.000000000000007
-0.1894245325731731,1.5791548760255547,-20.000000000000007
-0.2040443086596288,1.7471900021231157,-20.000000000000007
-0.21248743473298976,1.8569242044846717,-20.000000000000007
-0.21248743473298978,1.8569242044846714,-20.000000000000007
-0.21827512813214567,1.9327711581825628,-20.000000000000007
-0.21983644188588586,1.9383820500166025,-20.000000000000007
-0.220147146048528,1.9414399986101936,-20.000000000000007
-0.22700039482394935,1.931983712679078,-20.000000000000007
-0.22595826031529193,1.9324263488581668,-20.000000000000007
-0.22959559270852006,1.9265005679165847,-20.000000000000007
-0.22903447707550287,1.9276403862238336,-20.000000000000007
-0.23278630500397757,1.9217446600094164,-20.000000000000007
-0.234408232611389,1.9331740021179948,-20.000000000000007
-0.23620077932678363,1.9165143680114958,-20.000000000000007
-0.23626161517304015,1.916483526221757,-20.000000000000007
-0.2046848233590407,1.7442442470352897,-20.000000000000007
-0.18832435454185534,1.5729018912430375,-20.000000000000007
-0.18842511370101273,1.5738540301251944,-20.000000000000007
-0.20587468808445006,1.7697390646642217,-20.000000000000007
-0.2361475777249521,1.9207959698853627,-20.000000000000007
-0.26483581410672785,1.7601820209114332,-20.000000000000007
-0.27702138131845955,1.5300788191826162,-20.000000000000007
-0.2783379440228326,1.4898384639207838,-20.000000000000007
-0.28043536626329035,1.4940592871331266,-20.000000000000007
-0.28005464163610644,1.519710420467638,-20.000000000000007
-0.2797000715501536,1.5230052304493575,-20.000000000000007
-0.28199981946398567,1.5315909500928488,-20.000000000000007
-0.2819252686870595,1.531872124267723,-20.000000000000007
-0.2874276884219504,1.5707318059949422,-20.000000000000007
-0.2803774808843525,1.5076961034151126,-20.000000000000007
-0.25326889233539673,1.7578024270239827,-20.000000000000007
-0.2309987143250381,1.9110800623980293,-20.000000000000007
-0.18942453257317313,1.5791548760255545,-20.000000000000007
-0.18915002827871114,1.5728811212556728,-20.000000000000007
-0.18105946327790218,1.566674138247223,-20.000000000000007
-0.18732945889859226,1.6198078250716523,-20.000000000000007
-0.22062846119588836,1.9240573197414905,-20.000000000000007
-0.22164106841618955,1.9189519988593977,-20.000000000000007
-0.20955273239714303,1.830858704409959,-20.000000000000007
-0.18942453257317313,1.5791548760255545,-20.000000000000007
-0.18837473412143405,1.5733779606841165,-20.000000000000007
-0.17694296547815702,1.5727431410120192,-20.000000000000007
-0.18250173051842536,1.5731434678747531,-20.000000000000007
-0.1822603459450228,1.575240624019803,-20.000000000000007
-0.1822603459450228,1.575240624019803,-20.000000000000007
-0.18885818653230282,1.5776548930151266,-20.000000000000007
-0.18226034594502277,1.5752406240198031,-20.000000000000007
-0.18842511370101275,1.5738540301251949,-20.000000000000007
-0.1822603459450228,1.5752406240198031,-20.000000000000007
-0.18226034594502283,1.5752406240198031,-20.000000000000007
-0.18837473412143407,1.573377960684116,-20.000000000000007
-0.18226034594502277,1.575240624019803,-20.000000000000007
-0.18888897604606414,1.5748627885679038,-20.000000000000007
-0.18226034594502277,1.575240624019803,-20.000000000000007
-0.1891192387649498,1.5756732257028958,-20.000000000000007
-0.1956903181330773,1.6387809844399344,-20.000000000000007
-0.20438912631107456,1.7467571198479008,-20.000000000000007
-0.2276789068426293,1.923502489320876,-20.000000000000007
-0.19431423230206796,1.6246198918783434,-20.000000000000007
-0.21259171672471605,1.846825930266943,-20.000000000000007
-0.18163938836346552,1.5687338372001345,-20.000000000000007
-0.18067000068203443,1.5594198148107745,-20.000000000000007
-0.2204248350527775,1.934698319856427,-20.000000000000007
-0.22963178776772739,1.9255344588075163,-20.000000000000007
-0.2645581026822671,1.7629302717530586,-20.000000000000007
-0.2928586680055261,1.5875398118644672,-20.000000000000007
-0.3007909944365303,1.5494319452571477,-20.000000000000007
-0.29770725129260683,1.5807711636260169,-20.000000000000007
-0.29778028126435707,1.5800999856653763,-20.000000000000007
-0.2952921453964855,1.5929773475313669,-20.000000000000007
-0.2855148121073891,1.5631726242681474,-20.000000000000007
-0.2855148121073891,1.5631726242681472,-20.000000000000007
-0.2819252686870595,1.531872124267723,-20.000000000000007
-0.279371143037495,1.5257136780778133,-20.000000000000007
-0.2662610864371423,1.7637694835014495,-20.000000000000007
-0.25524064328010465,1.7695258837127659,-20.000000000000007
-0.24444734909700805,1.8297516327751748,-20.000000000000007
-0.22938363417509905,1.9231452996968357,-20.000000000000007
-0.21948619802340805,1.9223585629978117,-20.000000000000007
-0.2204821769852884,1.9238009135235057,-20.000000000000007
-0.21088307696788913,1.8406422820217245,-20.000000000000007
-0.22899518854702028,1.9205561705070904,-20.000000000000007
-0.21173096932913646,1.8478864443445637,-20.000000000000007
-0.1891500282787112,1.5728811212556733,-20.000000000000007
-0.18888897604606417,1.574862788567904,-20.000000000000007
-0.17426758362483646,1.5596310191219989,-20.000000000000007
-0.179509115801908,1.5810607140359076,-20.000000000000007
-0.17950911580190798,1.5810607140359072,-20.000000000000007
-0.1804043718668858,1.561176753585045,-20.000000000000007
-0.17917386072802038,1.5901780441278879,-20.000000000000007
-0.1804043718668858,1.5611767535850447,-20.000000000000007
-0.180374903390968,1.5624216849117096,-20.000000000000007
-0.17716407672167847,1.5760687284044745,-20.000000000000007
-0.17917386072802038,1.5901780441278879,-20.000000000000007
-0.16491224342351885,1.4962079272044329,-20.000000000000007
-0.17716407672167847,1.5760687284044743,-20.000000000000007
-0.17950911580190798,1.5810607140359072,-20.000000000000007
-0.18837473412143405,1.573377960684116,-20.000000000000007
-0.18888897604606417,1.574862788567904,-20.000000000000007
-0.20336587397443143,1.7364901842809188,-20.000000000000007
-0.21248743473298976,1.8569242044846717,-20.000000000000007
-0.2201245687657412,1.9315839867608928,-20.000000000000007
-0.2216364396498337,1.9348203193043672,-20.000000000000007
-0.22006030841091512,1.9312845573093957,-20.000000000000007
-0.2130706782047891,1.8539232065269253,-20.000000000000007
-0.18154410935381965,1.569100175690836,-20.000000000000007
-0.1894245325731731,1.5791548760255547,-20.000000000000007
-0.21941629570363208,1.934944495264261,-20.000000000000007
-0.23173800461227242,1.913286973414019,-20.000000000000007
-0.2622244129079738,1.7669539857930758,-20.000000000000007
-0.27631090418711085,1.5509085639401683,-20.000000000000007
-0.2689145148419332,1.7307917784395805,-20.000000000000007
-0.2801051246410949,1.4811490945842523,-20.000000000000007
-0.28025514383145184,1.501554565291762,-20.000000000000007
-0.2758446335214453,1.6161265814459531,-20.000000000000007
-0.28041521390507135,1.5047738534858532,-20.000000000000007
-0.2707062827311749,1.7118012158131553,-20.000000000000007
-0.2760565543954099,1.6127454742953384,-20.000000000000007
-0.2789505387680827,1.5422474317025268,-20.000000000000007
-0.24965204629655047,1.7463127307456157,-20.000000000000007
-0.22725815115555775,1.9273187281239843,-20.000000000000007
-0.22001954989640238,1.9312538054830428,-20.000000000000007
-0.18245135093884665,1.5726673984336745,-20.000000000000007
-0.18217879323861752,1.574438814699594,-20.000000000000007
-0.2002751479582084,1.7399956220515302,-20.000000000000007
-0.2002751479582084,1.7399956220515302,-20.000000000000007
-0.22099017653820768,1.9276423959858082,-20.000000000000007
-0.1810614761579772,1.566595938527179,-20.000000000000007
-0.1822603459450228,1.575240624019803,-20.000000000000007
-0.17716407672167847,1.5760687284044745,-20.000000000000007
-0.16015086704143033,1.4658572207674503,-20.000000000000007
-0.1806700006820344,1.5594198148107747,-20.000000000000007
-0.17825534106184443,1.5837285229747724,-20.000000000000007
-0.17950911580190798,1.5810607140359072,-20.000000000000007
-0.1806700006820344,1.5594198148107745,-20.000000000000007
-0.1822603459450228,1.5752406240198031,-20.000000000000007
-0.19303815211615682,1.6120202560143866,-20.000000000000007
-0.18888897604606414,1.5748627885679038,-20.000000000000007
-0.21297145694215705,1.8551211557628873,-20.000000000000007
-0.19585537949812198,1.6384858842004733,-20.000000000000007
-0.2046411089508683,1.7505247520690403,-20.000000000000007
-0.22903447707550284,1.9276403862238336,-20.000000000000007
-0.22134068625890166,1.9334849539060501,-20.000000000000007
-0.2502845554208488,1.7235141714337492,-20.000000000000007
-0.2276789068426293,1.9235024893208759,-20.000000000000007
-0.22163643964983373,1.9348203193043674,-20.000000000000007
-0.2311505716802871,1.9114417672476198,-20.000000000000007
-0.21307067820478912,1.853923206526925,-20.000000000000007
-0.24745070868356128,1.7898376471194526,-20.000000000000007
-0.21948619802340802,1.9223585629978117,-20.000000000000007
-0.18168976794304426,1.5692099066412135,-20.000000000000007
-0.18888897604606414,1.574862788567904,-20.000000000000007
-0.18842511370101275,1.5738540301251949,-20.000000000000007
-0.1894245325731731,1.5791548760255547,-20.000000000000007
-0.18245135093884662,1.5726673984336745,-20.000000000000007
-0.14975414285615304,1.435613454864934,-20.000000000000007
-0.13028930347204276,1.528323297314952,-20.000000000000007
-0.12458017952647608,1.5302473258550449,-20.000000000000007
-0.1109573479656689,1.5311353815265414,-20.000000000000007
-0.1109573479656689,1.5311353815265414,-20.000000000000007
-0.11095734796566889,1.5311353815265416,-20.000000000000007
-0.1109573479656689,1.5311353815265414,-20.000000000000007
-0.12405129492932987,1.5281230603556573,-20.000000000000007
-0.12405129492932987,1.528123060355657,-20.000000000000007
-0.12405129492932987,1.5281230603556573,-20.000000000000007
-0.12405129492932987,1.5281230603556573,-20.000000000000007
-0.12540407940220547,1.5225030507157356,-20.000000000000007
-0.12540407940220547,1.5225030507157353,-20.000000000000007
-0.12612832293323067,1.523585083767713,-20.000000000000007
-0.1273814534009024,1.5267963314423856,-20.000000000000007
-0.1277573877062366,1.515577197313074,-20.000000000000007
-0.12959655351440094,1.521735663435392,-20.000000000000007
-0.13136931143642383,1.5152803898427865,-20.000000000000007
-0.13505647193701795,1.4933154606281192,-20.000000000000007
-0.13559501490126286,1.4971204706629224,-20.000000000000007
-0.13634314369070832,1.4690918166037121,-20.000000000000007
-0.13634314369070832,1.469091816603712,-20.000000000000007
-0.1352364542451437,1.4956132648969094,-20.000000000000007
-0.13496974848001758,1.490732776495604,-20.000000000000007
-0.13496593015556185,1.490400499773179,-20.000000000000007
-0.13225188883939853,1.5058494988029958,-20.000000000000007
-0.1316233486773816,1.5125531912026635,-20.000000000000007
-0.1316233486773816,1.5125531912026637,-20.000000000000007
-0.13162334867738157,1.5125531912026637,-20.000000000000007
-0.13162334867738157,1.5125531912026637,-20.000000000000007
-0.13225188883939853,1.505849498802996,-20.000000000000007
-0.13225188883939853,1.5058494988029958,-20.000000000000007
-0.13162334867738157,1.512553191202664,-20.000000000000007
-0.1316233486773816,1.5125531912026635,-20.000000000000007
-0.13162334867738157,1.5125531912026635,-20.000000000000007
-0.1316233486773816,1.5125531912026637,-20.000000000000007
-0.13225188883939853,1.505849498802996,-20.000000000000007
-0.13496593015556185,1.4904004997731795,-20.000000000000007
-0.13496593015556185,1.490400499773179,-20.000000000000007
-0.13224807051494286,1.505517222080571,-20.000000000000007
-0.14969871320520375,1.437675006587023,-20.000000000000007
-0.18067000068203443,1.5594198148107747,-20.000000000000007
-0.18942453257317313,1.5791548760255545,-20.000000000000007
-0.21248743473298978,1.8569242044846717,-20.000000000000007
-0.18842511370101273,1.5738540301251949,-20.000000000000007
-0.16175363895024922,1.4767475548411566,-20.000000000000007
-0.13496593015556188,1.490400499773179,-20.000000000000007
-0.1254040801820389,1.5225047004235048,-20.000000000000007
-0.1240512949293299,1.5281230603556573,-20.000000000000007
-0.12405129492932988,1.5281230603556573,-20.000000000000007
-0.11023310443464365,1.5300533484745649,-20.000000000000007
-0.12405129492932987,1.528123060355657,-20.000000000000007
-0.12405129492932987,1.5281230603556573,-20.000000000000007
-0.1240512949293299,1.5281230603556573,-20.000000000000007
-0.12540407940220547,1.5225030507157353,-20.000000000000007
-0.1254040794022055,1.5225030507157353,-20.000000000000007
-0.1254040794022055,1.5225030507157356,-20.000000000000007
-0.12612832371306412,1.523586733475482,-20.000000000000007
-0.12612832371306415,1.523586733475482,-20.000000000000007
-0.1261100353192266,1.5242451667345998,-20.000000000000007
-0.12611003531922657,1.5242451667345995,-20.000000000000007
-0.12611003453939315,1.5242435170268307,-20.000000000000007
-0.1296237382480963,1.5255562980702628,-20.000000000000007
-0.13225188883939853,1.5058494988029958,-20.000000000000007
-0.13496974848001755,1.490732776495604,-20.000000000000007
-0.1352364542451437,1.4956132648969094,-20.000000000000007
-0.13496593015556188,1.490400499773179,-20.000000000000007
-0.13496593015556188,1.4904004997731792,-20.000000000000007
-0.13225188883939853,1.5058494988029958,-20.000000000000007
-0.13162334867738157,1.5125531912026637,-20.000000000000007
-0.1316233486773816,1.512553191202664,-20.000000000000007
-0.13162334867738157,1.512553191202664,-20.000000000000007
-0.13477851668463556,1.4930631893815218,-20.000000000000007
-0.13496593015556185,1.490400499773179,-20.000000000000007
-0.13541503259313709,1.4948226663941329,-20.000000000000007
-0.13559501490126286,1.4971204706629226,-20.000000000000007
-0.1363431436907083,1.4690918166037121,-20.000000000000007
-0.1363431436907083,1.4690918166037121,-20.000000000000007
-0.13634314369070832,1.4690918166037121,-20.000000000000007
-0.13634314369070832,1.469091816603712,-20.000000000000007
-0.13634314369070832,1.4690918166037121,-20.000000000000007
-0.13634314369070832,1.469091816603712,-20.000000000000007
-0.13559501490126286,1.4971204706629224,-20.000000000000007
-0.13541503259313706,1.4948226663941329,-20.000000000000007
-0.13766089245675406,1.4109848407592605,-20.000000000000007
-0.179509115801908,1.581060714035907,-20.000000000000007
-0.21248581540885628,1.8494513296839532,-20.000000000000007
-0.22096168538854577,1.93592038168775,-20.000000000000007
-0.21295636326596953,1.85535961505459,-20.000000000000007
-0.18220996636544406,1.5747645545787246,-20.000000000000007
-0.13503353638575263,1.4900113292690937,-20.000000000000007
-0.12756711120681585,1.520806514362063,-20.000000000000007
-0.1240512949293299,1.5281230603556573,-20.000000000000007
-0.11023310443464365,1.5300533484745646,-20.000000000000007
-0.11023310443464367,1.5300533484745646,-20.000000000000007
-0.1247755384603551,1.5292050934076342,-20.000000000000007
-0.1240512949293299,1.5281230603556573,-20.000000000000007
-0.12540407940220547,1.5225030507157353,-20.000000000000007
-0.12684286767579064,1.5197244813100856,-20.000000000000007
-0.1284933585024709,1.5247118007304845,-20.000000000000007
-0.12962373824809628,1.525556298070263,-20.000000000000007
-0.1296237382480963,1.5255562980702628,-20.000000000000007
-0.1303479817791215,1.5266383311222402,-20.000000000000007
-0.1303479817791215,1.52663833112224,-20.000000000000007
-0.1316195303529259,1.512220914480239,-20.000000000000007
-0.1316195303529259,1.5122209144802388,-20.000000000000007
-0.13495605330512833,1.4898632237174254,-20.000000000000007
-0.13559501490126286,1.4971204706629224,-20.000000000000007
-0.13766089245675403,1.4109848407592605,-20.000000000000007
-0.14896232389835787,1.441250436214657,-20.000000000000007
-0.14947306268121344,1.4401096667703468,-20.000000000000007
-0.1377468926182409,1.4138227263361496,-20.000000000000007
-0.1363431436907083,1.469091816603712,-20.000000000000007
-0.13559501490126286,1.4971204706629224,-20.000000000000007
-0.13523645424514372,1.4956132648969094,-20.000000000000007
-0.13496593015556188,1.4904004997731792,-20.000000000000007
-0.13434189990028764,1.4942024153350566,-20.000000000000007
-0.1316233486773816,1.5125531912026637,-20.000000000000007
-0.13225188883939853,1.505849498802996,-20.000000000000007
-0.13496593015556188,1.490400499773179,-20.000000000000007
-0.1352364542451437,1.4956132648969094,-20.000000000000007
-0.13559501490126286,1.4971204706629226,-20.000000000000007
-0.13634314369070832,1.469091816603712,-20.000000000000007
-0.13766089245675406,1.4109848407592605,-20.000000000000007
-0.13766089245675403,1.4109848407592605,-20.000000000000007
-0.13766089245675406,1.4109848407592605,-20.000000000000007
-0.13766033188648452,1.4110074467856224,-20.000000000000007
-0.13607296571720057,1.4831686616984472,-20.000000000000007
-0.13521384973317271,1.4961177966881398,-20.000000000000007
-0.14975414285615307,1.4356134548649337,-20.000000000000007
-0.18067000068203443,1.5594198148107745,-20.000000000000007
-0.19303815211615682,1.6120202560143866,-20.000000000000007
-0.21965703425001756,1.93847326178661,-20.000000000000007
-0.1894245325731731,1.5791548760255547,-20.000000000000007
-0.17716407672167844,1.5760687284044745,-20.000000000000007
-0.13523645424514372,1.4956132648969092,-20.000000000000007
-0.12684286767579064,1.5197244813100856,-20.000000000000007
-0.1240512949293299,1.528123060355657,-20.000000000000007
-0.12405129492932988,1.5281230603556568,-20.000000000000007
-0.12405129492932988,1.5281230603556573,-20.000000000000007
-0.12405129492932988,1.528123060355657,-20.000000000000007
-0.1240512949293299,1.528123060355657,-20.000000000000007
-0.12540407940220547,1.5225030507157353,-20.000000000000007
-0.12684286767579064,1.5197244813100856,-20.000000000000007
-0.12942838191366204,1.5266195020865654,-20.000000000000007
-0.13162334867738157,1.512553191202664,-20.000000000000007
-0.13496593015556188,1.4904004997731792,-20.000000000000007
-0.13495829350665048,1.4897359463283295,-20.000000000000007
-0.13505394683634653,1.4898994611030376,-20.000000000000007
-0.13495605330512833,1.4898632237174252,-20.000000000000007
-0.13476863983420204,1.4925259133257684,-20.000000000000007
-0.13496974848001755,1.4907327764956038,-20.000000000000007
-0.13523645424514372,1.4956132648969094,-20.000000000000007
-0.1362648890948696,1.477604195252314,-20.000000000000007
-0.13634314369070832,1.469091816603712,-20.000000000000007
-0.13559501490126288,1.4971204706629224,-20.000000000000007
-0.13523645424514372,1.4956132648969092,-20.000000000000007
-0.13496593015556185,1.490400499773179,-20.000000000000007
-0.13225188883939853,1.505849498802996,-20.000000000000007
-0.13162334867738157,1.512553191202664,-20.000000000000007
-0.1316233486773816,1.512553191202664,-20.000000000000007
-0.1316233486773816,1.5125531912026637,-20.000000000000007
-0.13162334867738157,1.5125531912026635,-20.000000000000007
-0.13225188883939853,1.5058494988029958,-20.000000000000007
-0.1322518888393985,1.505849498802996,-20.000000000000007
-0.13496593015556185,1.490400499773179,-20.000000000000007
-0.13225188883939853,1.505849498802996,-20.000000000000007
-0.1316233486773816,1.5125531912026637,-20.000000000000007
-0.1316233486773816,1.512553191202664,-20.000000000000007
-0.13162334867738157,1.5125531912026637,-20.000000000000007
-0.13225188883939853,1.505849498802996,-20.000000000000007
-0.13162334867738157,1.512553191202664,-20.000000000000007
-0.12962373824809628,1.5255562980702628,-20.000000000000007
-0.13162334867738157,1.512553191202664,-20.000000000000007
-0.17337853243457835,1.5519365666422187,-20.000000000000007
-0.19303815211615682,1.6120202560143866,-20.000000000000007
-0.22767890684262926,1.9235024893208759,-20.000000000000007
-0.22987473655703378,1.9210853728673365,-20.000000000000007
-0.18832435454185534,1.5729018912430373,-20.000000000000007
-0.13766089245675406,1.4109848407592602,-20.000000000000007
-0.13034798177912152,1.52663833112224,-20.000000000000007
-0.12405129492932988,1.5281230603556573,-20.000000000000007
-0.11023310443464365,1.5300533484745646,-20.000000000000007
-0.11023310443464367,1.5300533484745644,-20.000000000000007
-0.11023310443464365,1.5300533484745644,-20.000000000000007
-0.12405129492932987,1.5281230603556573,-20.000000000000007
-0.12405129492932987,1.5281230603556568,-20.000000000000007
-0.12540407940220547,1.5225030507157353,-20.000000000000007
-0.12540407940220547,1.5225030507157356,-20.000000000000007
-0.1254040801820389,1.5225047004235046,-20.000000000000007
-0.1254040801820389,1.522504700423505,-20.000000000000007
-0.1254040801820389,1.5225047004235048,-20.000000000000007
-0.12756711120681585,1.5208065143620628,-20.000000000000007
-0.12921760203349608,1.5257938337824621,-20.000000000000007
-0.1303479817791215,1.52663833112224,-20.000000000000007
-0.13161953035292592,1.5122209144802392,-20.000000000000007
-0.13496593015556185,1.4904004997731792,-20.000000000000007
-0.1350079976204999,1.4901723146345816,-20.000000000000007
-0.1352364542451437,1.4956132648969094,-20.000000000000007
-0.13541503259313709,1.4948226663941326,-20.000000000000007
-0.13523645424514372,1.4956132648969094,-20.000000000000007
-0.13498758716990603,1.490284182800638,-20.000000000000007
-0.13496593015556185,1.490400499773179,-20.000000000000007
-0.13496593015556185,1.4904004997731792,-20.000000000000007
-0.13496593015556188,1.490400499773179,-20.000000000000007
-0.13496593015556188,1.4904004997731792,-20.000000000000007
-0.13496593015556185,1.4904004997731792,-20.000000000000007
-0.1350079976204999,1.4901723146345818,-20.000000000000007
-0.1352364542451437,1.4956132648969094,-20.000000000000007
-0.13559501490126288,1.4971204706629229,-20.000000000000007
-0.13559501490126288,1.4971204706629226,-20.000000000000007
-0.13559501490126286,1.4971204706629226,-20.000000000000007
-0.13523645424514372,1.4956132648969094,-20.000000000000007
-0.13523645424514372,1.4956132648969094,-20.000000000000007
-0.13496593015556185,1.490400499773179,-20.000000000000007
-0.13496593015556185,1.490400499773179,-20.000000000000007
-0.13477851668463559,1.493063189381522,-20.000000000000007
-0.1316233486773816,1.512553191202664,-20.000000000000007
-0.13766033188648452,1.4110074467856224,-20.000000000000007
-0.18110619219721427,1.5615965088310684,-20.000000000000007
-0.20404430865962883,1.7471900021231155,-20.000000000000007
-0.2208853973376787,1.9311452890383747,-20.000000000000007
-0.20473650305093244,1.7580889424488189,-20.000000000000007
-0.1793348587709377,1.5832655028315092,-20.000000000000007
-0.13559501490126288,1.4971204706629226,-20.000000000000007
-0.12962373824809628,1.525556298070263,-20.000000000000007
-0.12405129492932987,1.528123060355657,-20.000000000000007
-0.12405129492932988,1.5281230603556568,-20.000000000000007
-0.11023293988978831,1.5292120197188135,-20.000000000000007
-0.1240512949293299,1.5281230603556573,-20.000000000000007
-0.12405129492932987,1.5281230603556573,-20.000000000000007
-0.12405129492932987,1.5281230603556573,-20.000000000000007
-0.12540407940220547,1.5225030507157356,-20.000000000000007
-0.1254040801820389,1.5225047004235046,-20.000000000000007
-0.12540408018203894,1.5225047004235048,-20.000000000000007
-0.12684286767579067,1.5197244813100856,-20.000000000000007
-0.1303479817791215,1.5266383311222402,-20.000000000000007
-0.13034798177912152,1.52663833112224,-20.000000000000007
-0.1316233486773816,1.5125531912026635,-20.000000000000007
-0.13162334867738157,1.5125531912026637,-20.000000000000007
-0.13496593015556185,1.490400499773179,-20.000000000000007
-0.1350079976204999,1.4901723146345818,-20.000000000000007
-0.13559501490126286,1.4971204706629226,-20.000000000000007
-0.1363431436907083,1.4690918166037124,-20.000000000000007
-0.13559501490126286,1.4971204706629226,-20.000000000000007
-0.13559501490126288,1.4971204706629229,-20.000000000000007
-0.1352364542451437,1.4956132648969094,-20.000000000000007
-0.13496593015556188,1.4904004997731795,-20.000000000000007
-0.13496593015556185,1.4904004997731792,-20.000000000000007
-0.13496974848001755,1.4907327764956038,-20.000000000000007
-0.13500799762049986,1.4901723146345818,-20.000000000000007
-0.13496593015556185,1.490400499773179,-20.000000000000007
-0.13496593015556188,1.4904004997731792,-20.000000000000007
-0.13496593015556188,1.4904004997731792,-20.000000000000007
-0.1350079976204999,1.4901723146345818,-20.000000000000007
-0.13559501490126288,1.4971204706629226,-20.000000000000007
-0.1352364542451437,1.4956132648969094,-20.000000000000007
-0.13523645424514372,1.4956132648969094,-20.000000000000007
-0.13500799762049986,1.4901723146345816,-20.000000000000007
-0.13496593015556188,1.4904004997731792,-20.000000000000007
-0.13496593015556185,1.490400499773179,-20.000000000000007
-0.13162334867738157,1.5125531912026637,-20.000000000000007
-0.1296237382480963,1.525556298070263,-20.000000000000007
-0.16015086704143033,1.4658572207674505,-20.000000000000007
-0.20404430865962883,1.7471900021231155,-20.000000000000007
-0.23193210184063526,1.913614431844647,-20.000000000000007
-0.24431737308818874,1.8279588812826062,-20.000000000000007
-0.20138593308898803,1.7056697537896857,-20.000000000000007
-0.1489623238983579,1.441250436214657,-20.000000000000007
-0.1296237382480963,1.525556298070263,-20.000000000000007
-0.12405129492932988,1.5281230603556573,-20.000000000000007
-0.12405129492932988,1.5281230603556573,-20.000000000000007
-0.12405129492932987,1.5281230603556573,-20.000000000000007
-0.12405129492932988,1.528123060355657,-20.000000000000007
-0.1254040794022055,1.5225030507157353,-20.000000000000007
-0.1254040801820389,1.522504700423505,-20.000000000000007
-0.1296237382480963,1.525556298070263,-20.000000000000007
-0.1316233486773816,1.5125531912026642,-20.000000000000007
-0.13496593015556188,1.4904004997731792,-20.000000000000007
-0.134987587169906,1.490284182800638,-20.000000000000007
-0.1352364542451437,1.4956132648969094,-20.000000000000007
-0.13559501490126288,1.4971204706629226,-20.000000000000007
-0.13559501490126286,1.4971204706629226,-20.000000000000007
-0.1362648890948696,1.477604195252314,-20.000000000000007
-0.13559501490126288,1.4971204706629224,-20.000000000000007
-0.13634314369070832,1.4690918166037121,-20.000000000000007
-0.13766033188648455,1.4110074467856228,-20.000000000000007
-0.13766089245675406,1.4109848407592605,-20.000000000000007
-0.13766089245675406,1.4109848407592605,-20.000000000000007
-0.13559501490126288,1.4971204706629224,-20.000000000000007
-0.13559501490126286,1.4971204706629224,-20.000000000000007
-0.13496974848001758,1.490732776495604,-20.000000000000007
-0.13496593015556185,1.490400499773179,-20.000000000000007
-0.1316233486773816,1.512553191202664,-20.000000000000007
-0.13162334867738157,1.512553191202664,-20.000000000000007
-0.13162334867738157,1.512553191202664,-20.000000000000007
-0.1316233486773816,1.5125531912026635,-20.000000000000007
-0.13496593015556185,1.490400499773179,-20.000000000000007
-0.13496593015556185,1.4904004997731792,-20.000000000000007
-0.13496593015556188,1.490400499773179,-20.000000000000007
-0.13225188883939853,1.5058494988029958,-20.000000000000007
-0.13225188883939853,1.5058494988029958,-20.000000000000007
-0.13434189990028764,1.4942024153350566,-20.000000000000007
-0.1316233486773816,1.512553191202664,-20.000000000000007
-0.13162334867738157,1.5125531912026637,-20.000000000000007
-0.13160506288298887,1.513232596030673,-20.000000000000007
-0.12962373824809628,1.5255562980702628,-20.000000000000007
-0.1352364542451437,1.4956132648969094,-20.000000000000007
-0.17426758362483646,1.5596310191219986,-20.000000000000007
-0.1941542021624192,1.6248355056872366,-20.000000000000007
-0.21973920250494972,1.937701139422241,-20.000000000000007
-0.2042962912994226,1.750957634344255,-20.000000000000007
-0.1811061921972143,1.5615965088310684,-20.000000000000007
-0.13559501490126286,1.4971204706629224,-20.000000000000007
-0.12962373824809628,1.525556298070263,-20.000000000000007
-0.12540407940220547,1.5225030507157356,-20.000000000000007
-0.1240512949293299,1.528123060355657,-20.000000000000007
-0.12405129492932988,1.528123060355657,-20.000000000000007
-0.12405129492932987,1.5281230603556573,-20.000000000000007
-0.12405129492932987,1.5281230603556573,-20.000000000000007
-0.12405129492932988,1.528123060355657,-20.000000000000007
-0.12540407940220547,1.5225030507157356,-20.000000000000007
-0.12540407940220547,1.522503050715735,-20.000000000000007
-0.12684286767579064,1.5197244813100856,-20.000000000000007
-0.12684286767579067,1.5197244813100859,-20.000000000000007
-0.1284933585024709,1.5247118007304845,-20.000000000000007
-0.1296237382480963,1.525556298070263,-20.000000000000007
-0.13034798177912152,1.52663833112224,-20.000000000000007
-0.13162334867738157,1.5125531912026635,-20.000000000000007
-0.13225188883939853,1.505849498802996,-20.000000000000007
-0.13496593015556185,1.4904004997731792,-20.000000000000007
-0.1352364542451437,1.4956132648969094,-20.000000000000007
-0.13541503259313709,1.4948226663941326,-20.000000000000007
-0.13523645424514372,1.4956132648969092,-20.000000000000007
-0.1352364542451437,1.4956132648969094,-20.000000000000007
-0.13505647193701795,1.4933154606281194,-20.000000000000007
-0.13505647193701792,1.4933154606281194,-20.000000000000007
-0.1350079976204999,1.490172314634582,-20.000000000000007
-0.13500799762049986,1.4901723146345818,-20.000000000000007
-0.13505647193701795,1.4933154606281194,-20.000000000000007
-0.13523645424514372,1.4956132648969094,-20.000000000000007
-0.1352364542451437,1.4956132648969092,-20.000000000000007
-0.1352364542451437,1.4956132648969094,-20.000000000000007
-0.13559501490126288,1.4971204706629224,-20.000000000000007
-0.13559501490126288,1.4971204706629226,-20.000000000000007
-0.1362648890948696,1.4776041952523142,-20.000000000000007
-0.13634314369070832,1.469091816603712,-20.000000000000007
-0.1363431436907083,1.4690918166037124,-20.000000000000007
-0.13634314369070832,1.4690918166037124,-20.000000000000007
-0.13559501490126288,1.4971204706629226,-20.000000000000007
-0.13559501490126286,1.4971204706629226,-20.000000000000007
-0.13766089245675406,1.4109848407592605,-20.000000000000007
-0.18888897604606414,1.5748627885679043,-20.000000000000007
-0.24352941008181267,1.8371727099357726,-20.000000000000007
-0.2788582639692765,1.5422068205913964,-20.000000000000007
-0.3038964177136101,1.5129411258974421,-20.000000000000007
-0.3074330011748713,1.5092559588648087,-20.000000000000007
-0.307158243402049,1.5095864678903101,-20.000000000000007
-0.309274246977526,1.5058506198337374,-20.000000000000007
-0.3015762558074406,1.5389990622252379,-20.000000000000007
-0.2928848964359754,1.5872618419914257,-20.000000000000007
-0.2962308331150285,1.5930388424887272,-20.000000000000007
-0.30209111934055316,1.5362086858776713,-20.000000000000007
-0.30240337139133655,1.534890077614775,-20.000000000000007
-0.2911799167948954,1.5868168492398371,-20.000000000000007
-0.2689145148419332,1.7307917784395808,-20.000000000000007
-0.234408232611389,1.9331740021179948,-20.000000000000007
-0.20404430865962883,1.7471900021231155,-20.000000000000007
-0.18837473412143407,1.573377960684116,-20.000000000000007
-0.18067000068203443,1.5594198148107745,-20.000000000000007
-0.18226034594502277,1.5752406240198031,-20.000000000000007
-0.18888897604606414,1.5748627885679043,-20.000000000000007
-0.1888693859802468,1.5715946146796027,-20.000000000000007
-0.20437906386028284,1.746916092709036,-20.000000000000007
-0.19316194813994034,1.6117989308347909,-20.000000000000007
-0.2040443086596288,1.7471900021231155,-20.000000000000007
-0.18888897604606417,1.5748627885679038,-20.000000000000007
-0.18942453257317315,1.5791548760255545,-20.000000000000007
-0.19885325672563559,1.6783739635447608,-20.000000000000007
-0.19303815211615682,1.6120202560143866,-20.000000000000007
-0.21204973859417786,1.849753153164824,-20.000000000000007
-0.21248743473298978,1.8569242044846717,-20.000000000000007
-0.21248743473298976,1.8569242044846717,-20.000000000000007
-0.21827512813214564,1.9327711581825628,-20.000000000000007
-0.21941629570363208,1.9349444952642607,-20.000000000000007
-0.2129327072135938,1.855155187607469,-20.000000000000007
-0.22701847162298075,1.9309018468452899,-20.000000000000007
-0.22028223899943516,1.9396231885002952,-20.000000000000007
-0.23193210184063523,1.9136144318446473,-20.000000000000007
-0.22595440670337325,1.9324083385227475,-20.000000000000007
-0.23358586926747646,1.9295563077585558,-20.000000000000007
-0.23196923971846878,1.9142976453010256,-20.000000000000007
-0.2317380046122724,1.913286973414019,-20.000000000000007
-0.24812062472822918,1.7878010687650763,-20.000000000000007
-0.23201809127941236,1.909521100930217,-20.000000000000007
-0.22033260434705365,1.9356294150819309,-20.000000000000007
-0.21295636326596953,1.8553596150545903,-20.000000000000007
-0.22134068625890171,1.9334849539060501,-20.000000000000007
-0.23538467694061216,1.9234328870905961,-20.000000000000007
-0.257163810016766,1.7710168224347886,-20.000000000000007
-0.27904186158521965,1.465820985743795,-20.000000000000007
-0.27945182324025564,1.468731760057258,-20.000000000000007
-0.2790418615852196,1.4658209857437954,-20.000000000000007
-0.28196307553201044,1.5222139334762037,-20.000000000000007
-0.2847752408201728,1.5519229100790066,-20.000000000000007
-0.28448834770180204,1.5579081829715888,-20.000000000000007
-0.29145195086946407,1.5886240208932991,-20.000000000000007
-0.2825699148790385,1.5332087128336516,-20.000000000000007
-0.2564066204725796,1.767670433939844,-20.000000000000007
-0.24751990564399282,1.7992612868427913,-20.000000000000007
-0.2306016887745189,1.9140944014911363,-20.000000000000007
-0.19315943252724238,1.6118386740500747,-20.000000000000007
-0.21295636326596953,1.8553596150545903,-20.000000000000007
-0.18159448893339833,1.5695762451319148,-20.000000000000007
-0.18106147927731095,1.566601446293014,-20.000000000000007
-0.21173096932913643,1.8478864443445635,-20.000000000000007
-0.1810614761579772,1.566595938527179,-20.000000000000007
-0.23104894066734633,1.9062717349328506,-20.000000000000007
-0.21173042344573004,1.8478756848573852,-20.000000000000007
-0.18888897604606417,1.5748627885679038,-20.000000000000007
-0.20404430865962883,1.7471900021231153,-20.000000000000007
-0.1622651465189021,1.479978094344565,-20.000000000000007
-0.18110619219721427,1.5615965088310684,-20.000000000000007
-0.18067000068203443,1.5594198148107747,-20.000000000000007
-0.18842511370101273,1.5738540301251946,-20.000000000000007
-0.18888897604606414,1.574862788567904,-20.000000000000007
-0.20473650305093244,1.7580889424488189,-20.000000000000007
-0.21248743473298976,1.8569242044846714,-20.000000000000007
-0.20422406494602985,1.747052220087362,-20.000000000000007
-0.18942453257317313,1.5791548760255547,-20.000000000000007
-0.17426758362483646,1.5596310191219986,-20.000000000000007
-0.17716407672167844,1.5760687284044748,-20.000000000000007
-0.1627002308005726,1.4821412217524916,-20.000000000000007
-0.17950911580190804,1.5810607140359072,-20.000000000000007
-0.18885818653230285,1.5776548930151268,-20.000000000000007
-0.1931619481399403,1.6117989308347909,-20.000000000000007
-0.20437906386028287,1.7469160927090361,-20.000000000000007
-0.2141045161954746,1.8730889483331912,-20.000000000000007
-0.21334968096843673,1.8529075364882375,-20.000000000000007
-0.21967071805233584,1.9224330819779578,-20.000000000000007
-0.18173527226391467,1.5711761875640482,-20.000000000000007
-0.22094156048696237,1.9362383274100203,-20.000000000000007
-0.2475439191850135,1.798329388501767,-20.000000000000007
-0.2559992603093989,1.7682132022059607,-20.000000000000007
-0.2928848964359754,1.5872618419914257,-20.000000000000007
-0.3015762558074406,1.5389990622252379,-20.000000000000007
-0.2968910380238684,1.589079505716737,-20.000000000000007
-0.3085644277169147,1.508224672118752,-20.000000000000007
-0.2962308331150285,1.5930388424887272,-20.000000000000007
-0.2839125421513597,1.549416570949266,-20.000000000000007
-0.2918921499486805,1.587776577704122,-20.000000000000007
-0.28418863620127066,1.5536874639696219,-20.000000000000007
-0.285587080344336,1.5632803966587598,-20.000000000000007
-0.2787644236873371,1.5423963071936262,-20.000000000000007
-0.24352941008181267,1.8371727099357726,-20.000000000000007
-0.19944106105329562,1.681721892023079,-20.000000000000007
-0.18226034594502277,1.575240624019803,-20.000000000000007
-0.1822099663654441,1.5747645545787243,-20.000000000000007
-0.1861543817647462,1.6074417934864875,-20.000000000000007
-0.22752901486260174,1.9173926186772392,-20.000000000000007
-0.24272730694058497,1.8331984741568828,-20.000000000000007
-0.2504660493711075,1.6944530197012422,-20.000000000000007
-0.23233021493386952,1.9103137227061986,-20.000000000000007
-0.20620692767240614,1.7695048984654262,-20.000000000000007
-0.18837473412143407,1.5733779606841163,-20.000000000000007
-0.17825534106184446,1.5837285229747722,-20.000000000000007
-0.179509115801908,1.5810607140359072,-20.000000000000007
-0.18837473412143407,1.573377960684116,-20.000000000000007
-0.18837473412143407,1.573377960684116,-20.000000000000007
-0.1925488884514961,1.6080217107239951,-20.000000000000007
-0.20117245829941957,1.7057620812394532,-20.000000000000007
-0.21354432849926214,1.8745224789689292,-20.000000000000007
-0.22100492468319627,1.9329836950429966,-20.000000000000007
-0.2275252027118275,1.926456581372527,-20.000000000000007
-0.23358586926747643,1.9295563077585558,-20.000000000000007
-0.22760144644216082,1.9245423734898095,-20.000000000000007
-0.23205591066668438,1.9145405651713738,-20.000000000000007
-0.22701847162298072,1.9309018468452899,-20.000000000000007
-0.2343092326264949,1.9311415577316966,-20.000000000000007
-0.22959559270852006,1.9265005679165847,-20.000000000000007
-0.2378795448343607,1.9021277516891228,-20.000000000000007
-0.23193210184063523,1.913614431844647,-20.000000000000007
-0.23683362403940475,1.9089210632058755,-20.000000000000007
-0.2296667641422298,1.9196183962526654,-20.000000000000007
-0.2049368059988345,1.748011879256429,-20.000000000000007
-0.2046067425360864,1.7456863669336566,-20.000000000000007
-0.21023380688351329,1.8304416245211914,-20.000000000000007
-0.23440823261138902,1.9331740021179948,-20.000000000000007
-0.2567359857894425,1.7713049475479006,-20.000000000000007
-0.2790858188465218,1.4629854224262329,-20.000000000000007
-0.27867797291209545,1.4793883314631033,-20.000000000000007
-0.28247730946334776,1.506837672686591,-20.000000000000007
-0.2791793898259807,1.4981628302630448,-20.000000000000007
-0.28046178149634104,1.5062934119605096,-20.000000000000007
-0.2836963561408727,1.5487948778005247,-20.000000000000007
-0.2803229939220572,1.507794639341816,-20.000000000000007
-0.28011681502668095,1.5081261530810859,-20.000000000000007
-0.2706749518180495,1.7114453033682016,-20.000000000000007
-0.2502845554208488,1.7235141714337496,-20.000000000000007
-0.22117610000737897,1.937196569906587,-20.000000000000007
-0.22117610000737897,1.937196569906587,-20.000000000000007
-0.2043891263110746,1.7467571198479013,-20.000000000000007
-0.18915002827871114,1.5728811212556728,-20.000000000000007
-0.22728544025696154,1.9197601045046182,-20.000000000000007
-0.18732945889859226,1.6198078250716523,-20.000000000000007
-0.2002751479582084,1.7399956220515302,-20.000000000000007
-0.22733497332734356,1.9193198109185883,-20.000000000000007
-0.1816339631922113,1.5641219303571237,-20.000000000000007
-0.1891192387649498,1.5756732257028956,-20.000000000000007
-0.18888897604606414,1.5748627885679038,-20.000000000000007
-0.17716407672167847,1.5760687284044748,-20.000000000000007
-0.18226034594502277,1.5752406240198034,-20.000000000000007
-0.18842511370101275,1.5738540301251949,-20.000000000000007
-0.1894245325731731,1.5791548760255547,-20.000000000000007
-0.1930381521161568,1.6120202560143864,-20.000000000000007
-0.20587468808445009,1.7697390646642215,-20.000000000000007
-0.20404430865962883,1.7471900021231155,-20.000000000000007
-0.21248743473298976,1.8569242044846714,-20.000000000000007
-0.2108683643703081,1.836207293511332,-20.000000000000007
-0.2040443086596288,1.7471900021231155,-20.000000000000007
-0.21248743473298976,1.8569242044846717,-20.000000000000007
-0.21023380688351329,1.8304416245211912,-20.000000000000007
-0.21973920250494974,1.9377011394222408,-20.000000000000007
-0.21941629570363214,1.934944495264261,-20.000000000000007
-0.2208853973376787,1.931145289038375,-20.000000000000007
-0.22753439837775313,1.924989387976195,-20.000000000000007
-0.2291202052050922,1.9262339835287354,-20.000000000000007
-0.22165365018388805,1.9349378942927908,-20.000000000000007
-0.2133496809684367,1.8529075364882377,-20.000000000000007
-0.1754297211774084,1.5709628390265231,-20.000000000000007
-0.20138593308898806,1.7056697537896857,-20.000000000000007
-0.22767890684262926,1.9235024893208759,-20.000000000000007
-0.2552692278798069,1.7694727509399142,-20.000000000000007
-0.29704995386276734,1.5882000358297312,-20.000000000000007
-0.30073065248478437,1.549732609180206,-20.000000000000007
-0.30131140554225383,1.5419317585088939,-20.000000000000007
-0.3025071207080854,1.5335323154134946,-20.000000000000007
-0.29704995386276734,1.5882000358297317,-20.000000000000007
-0.28551481210738916,1.5631726242681474,-20.000000000000007
-0.2843950157737849,1.5564346680588255,-20.000000000000007
-0.28551481210738916,1.5631726242681472,-20.000000000000007
-0.28597415915184987,1.5657933033163325,-20.000000000000007
-0.29271791674565995,1.5877935538284838,-20.000000000000007
-0.2828967342021925,1.514305595287187,-20.000000000000007
-0.25676118415739974,1.7718218485271267,-20.000000000000007
-0.24431076490960957,1.8291243725315856,-20.000000000000007
-0.22140461161028013,1.9284170608693034,-20.000000000000007
-0.21075752261466185,1.8278550599902603,-20.000000000000007
-0.2204633686375062,1.9340817867934614,-20.000000000000007
-0.21951866554376906,1.9265521406147967,-20.000000000000007
-0.22140421285544898,1.9288128383647136,-20.000000000000007
-0.20657221491181477,1.7664186193648648,-20.000000000000007
-0.18837473412143407,1.5733779606841163,-20.000000000000007
-0.18226034594502277,1.575240624019803,-20.000000000000007
-0.17694296547815702,1.572743141012019,-20.000000000000007
-0.18110619219721427,1.5615965088310682,-20.000000000000007
-0.18226034594502277,1.575240624019803,-20.000000000000007
-0.18842511370101273,1.5738540301251946,-20.000000000000007
-0.19303815211615682,1.6120202560143864,-20.000000000000007
-0.2108683643703081,1.836207293511332,-20.000000000000007
-0.22088539733767873,1.931145289038375,-20.000000000000007
-0.22903447707550287,1.9276403862238336,-20.000000000000007
-0.23595500071689002,1.9215763779110162,-20.000000000000007
-0.24352941008181264,1.837172709935773,-20.000000000000007
-0.24753611064781528,1.7981305890838026,-20.000000000000007
-0.2483972458155718,1.7826858814747113,-20.000000000000007
-0.24983746969752976,1.7350726326056742,-20.000000000000007
-0.2552406432801047,1.7695258837127654,-20.000000000000007
-0.25892814684242527,1.778386607610529,-20.000000000000007
-0.2788095461172744,1.5360696800054332,-20.000000000000007
-0.27982907773861376,1.5247537599881014,-20.000000000000007
-0.2810188354643769,1.5066054761842913,-20.000000000000007
-0.28021708360561987,1.5080859965693256,-20.000000000000007
-0.26701880912745557,1.7652474878714397,-20.000000000000007
-0.2483833636756159,1.7719962250136727,-20.000000000000007
-0.23614757772495215,1.9207959698853627,-20.000000000000007
-0.24753611064781528,1.7981305890838026,-20.000000000000007
-0.2502845554208489,1.7235141714337494,-20.000000000000007
-0.27908581884652184,1.4629854224262329,-20.000000000000007
-0.2791294503324053,1.4624896225013035,-20.000000000000007
-0.28464938821314867,1.5322274562314537,-20.000000000000007
-0.27930638222456017,1.4761584463179138,-20.000000000000007
-0.2805090691663113,1.5031709000561144,-20.000000000000007
-0.2840421646681803,1.5545894597520336,-20.000000000000007
-0.28608478625834244,1.5660072351777898,-20.000000000000007
-0.30254133586767334,1.5336593934785085,-20.000000000000007
-0.3010028004312816,1.5476422714487985,-20.000000000000007
-0.284452222762618,1.5448287514349475,-20.000000000000007
-0.2554054582827691,1.7680451672476833,-20.000000000000007
-0.2273575445664212,1.9266740001345566,-20.000000000000007
-0.19316194813994036,1.6117989308347906,-20.000000000000007
-0.18226034594502277,1.5752406240198031,-20.000000000000007
-0.1822603459450228,1.575240624019803,-20.000000000000007
-0.1822099663654441,1.5747645545787246,-20.000000000000007
-0.1822603459450228,1.575240624019803,-20.000000000000007
-0.18832435454185534,1.5729018912430373,-20.000000000000007
-0.1883243545418553,1.5729018912430375,-20.000000000000007
-0.18837473412143407,1.573377960684116,-20.000000000000007
-0.18226034594502277,1.575240624019803,-20.000000000000007
-0.18226034594502277,1.575240624019803,-20.000000000000007
-0.1822603459450228,1.575240624019803,-20.000000000000007
-0.18837473412143407,1.5733779606841163,-20.000000000000007
-0.18842511370101273,1.5738540301251949,-20.000000000000007
-0.18911923876494982,1.5756732257028956,-20.000000000000007
-0.18885818653230282,1.5776548930151268,-20.000000000000007
-0.1894245325731731,1.5791548760255547,-20.000000000000007
-0.19071249072710514,1.5909698512377526,-20.000000000000007
-0.1930381521161568,1.6120202560143864,-20.000000000000007
-0.20587468808445006,1.7697390646642215,-20.000000000000007
-0.2040443086596288,1.7471900021231157,-20.000000000000007
-0.2185133510658332,1.9363396679201959,-20.000000000000007
-0.2185133510658332,1.9363396679201959,-20.000000000000007
-0.23173800461227242,1.913286973414019,-20.000000000000007
-0.23538467694061216,1.9234328870905961,-20.000000000000007
-0.24894779568029934,1.7654260612210053,-20.000000000000007
-0.24823806907364843,1.7865500278208692,-20.000000000000007
-0.25000367969224213,1.7348115636756964,-20.000000000000007
-0.25072253697869895,1.7155548975809345,-20.000000000000007
-0.23447630830130928,1.9287071691776,-20.000000000000007
-0.24322720324425268,1.8319538058978737,-20.000000000000007
-0.2502845554208488,1.7235141714337494,-20.000000000000007
-0.2568478857790638,1.7709512487916839,-20.000000000000007
-0.28448834770180204,1.557908182971589,-20.000000000000007
-0.3015762558074405,1.5389990622252379,-20.000000000000007
-0.30230362032936275,1.5361184482539478,-20.000000000000007
-0.303871209110339,1.5135173694098556,-20.000000000000007
-0.303617482535527,1.5170975172659213,-20.000000000000007
-0.3009770226145871,1.5478779185318792,-20.000000000000007
-0.28581353328444076,1.563855856787399,-20.000000000000007
-0.2879503597286744,1.573457385695443,-20.000000000000007
-0.2819252686870596,1.531872124267723,-20.000000000000007
-0.2814932375182839,1.5240357387947427,-20.000000000000007
-0.27875792838964797,1.4731592481629836,-20.000000000000007
-0.2552406432801047,1.7695258837127659,-20.000000000000007
-0.23684107118879075,1.914393915086826,-20.000000000000007
-0.22039069693423446,1.9379336218007566,-20.000000000000007
-0.20438912631107453,1.746757119847901,-20.000000000000007
-0.20621950573589576,1.7693061823890077,-20.000000000000007
-0.20506874263888847,1.7578547762500234,-20.000000000000007
-0.21131112123821422,1.834478019849413,-20.000000000000007
-0.20437906386028282,1.7469160927090361,-20.000000000000007
-0.18915002827871116,1.5728811212556728,-20.000000000000007
-0.18837473412143405,1.573377960684116,-20.000000000000007
-0.18226034594502277,1.5752406240198031,-20.000000000000007
-0.1811061921972143,1.5615965088310684,-20.000000000000007
-0.17950911580190798,1.5810607140359072,-20.000000000000007
-0.18226034594502277,1.5752406240198031,-20.000000000000007
-0.17950911580190798,1.5810607140359072,-20.000000000000007
-0.18837473412143405,1.573377960684116,-20.000000000000007
-0.18837473412143407,1.5733779606841163,-20.000000000000007
-0.19303815211615682,1.6120202560143864,-20.000000000000007
-0.2040443086596288,1.7471900021231155,-20.000000000000007
-0.20587468808445006,1.7697390646642217,-20.000000000000007
-0.21204973859417786,1.8497531531648241,-20.000000000000007
-0.21248743473298976,1.8569242044846717,-20.000000000000007
-0.21248743473298978,1.8569242044846714,-20.000000000000007
-0.21248743473298976,1.8569242044846717,-20.000000000000007
-0.20429629129942256,1.750957634344255,-20.000000000000007
-0.20422406494602985,1.7470522200873622,-20.000000000000007
-0.2015104224496838,1.7093006158457793,-20.000000000000007
-0.18888897604606414,1.5748627885679038,-20.000000000000007
-0.20139347992708181,1.7055505241438342,-20.000000000000007
-0.18885818653230282,1.5776548930151266,-20.000000000000007
-0.18888897604606414,1.5748627885679038,-20.000000000000007
-0.21973920250494972,1.9377011394222405,-20.000000000000007
-0.2364474011315819,1.9186569643032412,-20.000000000000007
-0.2549335022414257,1.771860896925751,-20.000000000000007
-0.27875792838964797,1.4731592481629836,-20.000000000000007
-0.27904186158521965,1.4658209857437952,-20.000000000000007
-0.28177666528430867,1.499972473468233,-20.000000000000007
-0.28530312775040767,1.5418028366292362,-20.000000000000007
-0.2821722189642003,1.5267850002696617,-20.000000000000007
-0.28074629930704653,1.5109719191495865,-20.000000000000007
-0.2815544035265221,1.5252758337700465,-20.000000000000007
-0.28282190184040923,1.5372665680078783,-20.000000000000007
-0.28439501577378495,1.5564346680588255,-20.000000000000007
-0.28101883546437684,1.506605476184292,-20.000000000000007
-0.25359754377973354,1.7677482663024282,-20.000000000000007
-0.23461413157905425,1.9310863878357942,-20.000000000000007
-0.21248581540885628,1.8494513296839532,-20.000000000000007
-0.18888897604606414,1.5748627885679038,-20.000000000000007
-0.19315943252724238,1.6118386740500745,-20.000000000000007
-0.18945532208693444,1.576362771578332,-20.000000000000007
-0.20620692767240612,1.7695048984654262,-20.000000000000007
-0.21066147007523187,1.828950810150975,-20.000000000000007
-0.21155502850780178,1.8379045872965154,-20.000000000000007
-0.2046411089508683,1.7505247520690403,-20.000000000000007
-0.19303815211615682,1.6120202560143864,-20.000000000000007
-0.18888897604606414,1.574862788567904,-20.000000000000007
-0.18842511370101275,1.5738540301251946,-20.000000000000007
-0.1822603459450228,1.5752406240198031,-20.000000000000007
-0.18842511370101275,1.5738540301251949,-20.000000000000007
-0.18837473412143407,1.573377960684116,-20.000000000000007
-0.18888897604606417,1.5748627885679038,-20.000000000000007
-0.19303815211615682,1.6120202560143864,-20.000000000000007
-0.19071249072710517,1.5909698512377528,-20.000000000000007
-0.21086836437030812,1.8362072935113325,-20.000000000000007
-0.20404430865962883,1.7471900021231153,-20.000000000000007
-0.21204973859417792,1.849753153164824,-20.000000000000007
-0.21248743473298978,1.8569242044846717,-20.000000000000007
-0.21827512813214564,1.9327711581825626,-20.000000000000007
-0.21973920250494974,1.937701139422241,-20.000000000000007
-0.2202994932691481,1.9398441916845455,-20.000000000000007
-0.22058510707076423,1.9417257090801092,-20.000000000000007
-0.22165404893871923,1.9345421167973806,-20.000000000000007
-0.21297145694215708,1.855121155762887,-20.000000000000007
-0.21297145694215708,1.855121155762887,-20.000000000000007
-0.18842511370101273,1.5738540301251946,-20.000000000000007
-0.18885818653230285,1.5776548930151266,-20.000000000000007
-0.22753439837775308,1.9249893879761948,-20.000000000000007
-0.24352941008181267,1.8371727099357729,-20.000000000000007
-0.281990862979474,1.5311414213806551,-20.000000000000007
-0.29850019966042474,1.5731659325515794,-20.000000000000007
-0.3049680624842603,1.5058010831173119,-20.000000000000007
-0.303871209110339,1.5135173694098556,-20.000000000000007
-0.3025071207080854,1.5335323154134943,-20.000000000000007
-0.2969975637426139,1.5884176391337546,-20.000000000000007
-0.2835864493405321,1.5434221632614333,-20.000000000000007
-0.2879214246588281,1.5730996135501174,-20.000000000000007
-0.2819252686870596,1.5318721242677225,-20.000000000000007
-0.28142764322586944,1.5247664416818105,-20.000000000000007
-0.2795490577147397,1.487692583530686,-20.000000000000007
-0.25493350224142575,1.771860896925751,-20.000000000000007
-0.2475361106478153,1.7981305890838026,-20.000000000000007
-0.21295636326596953,1.85535961505459,-20.000000000000007
-0.1866390278406637,1.6098678309301002,-20.000000000000007
-0.182062968867193,1.5721575114214024,-20.000000000000007
-0.1810614761579772,1.5665959385271795,-20.000000000000007
-0.17510106557395996,1.5664100330278887,-20.000000000000007
-0.17510106245462623,1.5664045252620538,-20.000000000000007
-0.17950911580190798,1.5810607140359072,-20.000000000000007
-0.17917386072802038,1.5901780441278879,-20.000000000000007
-0.17825534106184446,1.5837285229747722,-20.000000000000007
-0.1742675836248365,1.5596310191219986,-20.000000000000007
-0.17933485877093766,1.5832655028315092,-20.000000000000007
-0.1811061921972143,1.5615965088310684,-20.000000000000007
-0.18837473412143407,1.5733779606841163,-20.000000000000007
-0.18885818653230285,1.5776548930151266,-20.000000000000007
-0.20117245829941957,1.705762081239453,-20.000000000000007
-0.21023380688351326,1.8304416245211912,-20.000000000000007
-0.2194162957036321,1.9349444952642607,-20.000000000000007
-0.2186811836989711,1.9327819754603475,-20.000000000000007
-0.2208853973376787,1.9311452890383747,-20.000000000000007
-0.2011724582994196,1.705762081239453,-20.000000000000007
-0.2185133510658332,1.936339667920196,-20.000000000000007
-0.2040443086596288,1.7471900021231155,-20.000000000000007
-0.21086836437030812,1.8362072935113323,-20.000000000000007
-0.22126242425464532,1.9315727728415628,-20.000000000000007
-0.21898340119425477,1.9294106496791947,-20.000000000000007
-0.23525188306865172,1.9215366653301047,-20.000000000000007
-0.23106734506140772,1.9069034785636467,-20.000000000000007
-0.2330214966601065,1.9186530388228018,-20.000000000000007
-0.20134713975473842,1.753753519486048,-20.000000000000007
-0.22014525807177526,1.9377119567000254,-20.000000000000007
-0.22903447707550284,1.9276403862238334,-20.000000000000007
-0.2452776421772323,1.8236949821295778,-20.000000000000007
-0.27795934986810755,1.5064042915326303,-20.000000000000007
-0.27904186158521965,1.4658209857437952,-20.000000000000007
-0.2806052636354269,1.4882392549076289,-20.000000000000007
-0.2818333805881594,1.50210326556044,-20.000000000000007
-0.2805540718593229,1.5028052171526856,-20.000000000000007
-0.28037184830989703,1.5045335249623426,-20.000000000000007
-0.2842583506786673,1.5552111529007746,-20.000000000000007
-0.2911941062217188,1.5877170694326264,-20.000000000000007
-0.28808649824126326,1.573406706276798,-20.000000000000007
-0.2812426590335809,1.523418802133956,-20.000000000000007
-0.2560649706345302,1.7672901528174136,-20.000000000000007
-0.2297189460468554,1.9257870108468973,-20.000000000000007
-0.2189804868267257,1.9298461703898886,-20.000000000000007
-0.18837473412143407,1.5733779606841163,-20.000000000000007
-0.18122566722890535,1.5694315109664934,-20.000000000000007
-0.18106016915713555,1.5665756235237862,-20.000000000000007
-0.17510106557395996,1.5664100330278887,-20.000000000000007
-0.20120876532971133,1.7505922392484126,-20.000000000000007
-0.17510106245462623,1.5664045252620538,-20.000000000000007
-0.17950911580190798,1.5810607140359074,-20.000000000000007
-0.17259283802865877,1.5472393109831908,-20.000000000000007
-0.13559501490126286,1.4971204706629226,-20.000000000000007
-0.1509864912825978,1.3992341320455803,-20.000000000000007
-0.1627002308005726,1.4821412217524919,-20.000000000000007
-0.1811061921972143,1.5615965088310682,-20.000000000000007
-0.1822603459450228,1.575240624019803,-20.000000000000007
-0.1822603459450228,1.575240624019803,-20.000000000000007
-0.18885818653230285,1.5776548930151266,-20.000000000000007
-0.18837473412143407,1.573377960684116,-20.000000000000007
-0.2040443086596288,1.7471900021231155,-20.000000000000007
-0.18942453257317313,1.579154876025555,-20.000000000000007
-0.18885818653230285,1.5776548930151268,-20.000000000000007
-0.18888897604606414,1.574862788567904,-20.000000000000007
-0.18888897604606414,1.5748627885679038,-20.000000000000007
-0.21268690793811412,1.8605267460668862,-20.000000000000007
-0.19209041430059665,1.6012310609863813,-20.000000000000007
-0.21918287439937909,1.9330131912614092,-20.000000000000007
-0.21295636326596956,1.85535961505459,-20.000000000000007
-0.20620692767240614,1.769504898465426,-20.000000000000007
-0.23118157720791072,1.906572337787826,-20.000000000000007
-0.18168976794304426,1.5692099066412133,-20.000000000000007
-0.18945532208693444,1.5763627715783317,-20.000000000000007
-0.22140461161028013,1.9284170608693036,-20.000000000000007
-0.23615681758143922,1.9190450369195826,-20.000000000000007
-0.2804152139050713,1.5047738534858532,-20.000000000000007
-0.2952921453964855,1.5929773475313669,-20.000000000000007
-0.29770725129260683,1.5807711636260169,-20.000000000000007
-0.2963583718519172,1.5928686115626602,-20.000000000000007
-0.2990968552438219,1.5672370040285748,-20.000000000000007
-0.29832166790747927,1.574367952012046,-20.000000000000007
-0.28831958847372885,1.5737907057255949,-20.000000000000007
-0.2883195884737289,1.5737907057255949,-20.000000000000007
-0.2802424863224308,1.5048217717977548,-20.000000000000007
-0.2644335465158401,1.7602609374540508,-20.000000000000007
-0.25898109974237626,1.7767605643796647,-20.000000000000007
-0.24765004788730655,1.7962154489931232,-20.000000000000007
-0.23644740113158186,1.9186569643032416,-20.000000000000007
-0.22165404893871923,1.9345421167973809,-20.000000000000007
-0.20485872517588014,1.7494539991547962,-20.000000000000007
-0.22052344232654955,1.9237271384636403,-20.000000000000007
-0.22164106841618958,1.9189519988593975,-20.000000000000007
-0.24541972912931204,1.8094787946527202,-20.000000000000007
-0.23627546092076895,1.9125746720860468,-20.000000000000007
-0.21191483429797653,1.847948051940096,-20.000000000000007
-0.18842511370101273,1.5738540301251949,-20.000000000000007
-0.1627002308005726,1.4821412217524914,-20.000000000000007
-0.1617536389502492,1.4767475548411566,-20.000000000000007
-0.180374903390968,1.5624216849117094,-20.000000000000007
-0.1822603459450228,1.575240624019803,-20.000000000000007
-0.18911923876494982,1.5756732257028956,-20.000000000000007
-0.19071249072710514,1.5909698512377526,-20.000000000000007
-0.21204973859417786,1.8497531531648241,-20.000000000000007
-0.19415420216241916,1.6248355056872366,-20.000000000000007
-0.20587468808445003,1.769739064664222,-20.000000000000007
-0.1930381521161568,1.6120202560143868,-20.000000000000007
-0.1930381521161568,1.6120202560143864,-20.000000000000007
-0.22006308981684308,1.9384840790643945,-20.000000000000007
-0.21297145694215705,1.8551211557628873,-20.000000000000007
-0.23538467694061216,1.9234328870905963,-20.000000000000007
-0.22907067213471016,1.9266742771147654,-20.000000000000007
-0.23090645405062976,1.911544970233989,-20.000000000000007
-0.23108587260416613,1.9113326144374103,-20.000000000000007
-0.23129699769060058,1.9070112707528926,-20.000000000000007
-0.22961690380174846,1.9198228306560632,-20.000000000000007
-0.22210370765748005,1.9268854239907218,-20.000000000000007
-0.1820891407922111,1.5677928991274015,-20.000000000000007
-0.18942453257317315,1.5791548760255547,-20.000000000000007
-0.21931127683429325,1.934614313986411,-20.000000000000007
-0.2327863050039776,1.9217446600094168,-20.000000000000007
-0.2689139575209697,1.7308680938447354,-20.000000000000007
-0.2790858188465218,1.462985422426233,-20.000000000000007
-0.2784007816040446,1.486665332127419,-20.000000000000007
-0.28280340227417533,1.512832080374423,-20.000000000000007
-0.2821722189642003,1.5267850002696615,-20.000000000000007
-0.280005840049489,1.5137196294416932,-20.000000000000007
-0.2805162497751269,1.504095727676331,-20.000000000000007
-0.2670432244126691,1.7641606877633194,-20.000000000000007
-0.2657087564726208,1.7645351957822726,-20.000000000000007
-0.2653606984182829,1.7659571933544056,-20.000000000000007
-0.24814112531457128,1.7856141230658023,-20.000000000000007
-0.24129920992348683,1.8633257096035758,-20.000000000000007
-0.22090647214137546,1.937225141609074,-20.000000000000007
-0.18832435454185534,1.5729018912430373,-20.000000000000007
-0.21389354389140786,1.866560393576365,-20.000000000000007
-0.19605052332794443,1.6994507469824103,-20.000000000000007
-0.21173096932913643,1.8478864443445637,-20.000000000000007
-0.23926103075198193,1.8837082537608976,-20.000000000000007
-0.18160650863614658,1.5652904978856894,-20.000000000000007
-0.18837473412143407,1.573377960684116,-20.000000000000007
-0.17716407672167844,1.5760687284044745,-20.000000000000007
-0.1497541574130439,1.4356391577721634,-20.000000000000007
-0.1811061921972143,1.5615965088310682,-20.000000000000007
-0.18837473412143407,1.573377960684116,-20.000000000000007
-0.19885325672563559,1.6783739635447608,-20.000000000000007
-0.1894245325731731,1.5791548760255545,-20.000000000000007
-0.21248743473298978,1.8569242044846717,-20.000000000000007
-0.20117245829941954,1.705762081239453,-20.000000000000007
-0.2040443086596288,1.7471900021231153,-20.000000000000007
-0.21248743473298978,1.8569242044846717,-20.000000000000007
-0.2013109492445595,1.7056980742635646,-20.000000000000007
-0.22595826031529195,1.9324263488581668,-20.000000000000007
-0.21248743473298976,1.8569242044846717,-20.000000000000007
-0.22725815115555778,1.9273187281239843,-20.000000000000007
-0.21248743473298978,1.8569242044846717,-20.000000000000007
-0.21248743473298976,1.8569242044846717,-20.000000000000007
-0.22001954989640238,1.9312538054830428,-20.000000000000007
-0.20437906386028284,1.7469160927090361,-20.000000000000007
-0.2298747365570338,1.9210853728673365,-20.000000000000007
-0.22006030841091515,1.9312845573093955,-20.000000000000007
-0.20156731890234345,1.7041464858470465,-20.000000000000007
-0.2007395051075761,1.7431564730484344,-20.000000000000007
-0.22739779501944926,1.9264277399805443,-20.000000000000007
-0.24753253530646158,1.7989983898835673,-20.000000000000007
-0.2802305688753421,1.514523961841914,-20.000000000000007
-0.3009753816825688,1.5478856504334078,-20.000000000000007
-0.292783533068369,1.5875191970723042,-20.000000000000007
-0.3026329100673684,1.5319900558991009,-20.000000000000007
-0.29392143141561916,1.5971422552553445,-20.000000000000007
-0.2904268880520161,1.5829522027775182,-20.000000000000007
-0.2946921700458974,1.5968805478194321,-20.000000000000007
-0.28663326790731386,1.568736449800404,-20.000000000000007
-0.28764557437185256,1.5727026620492435,-20.000000000000007
-0.27937114303749494,1.525713678077813,-20.000000000000007
-0.2551619721882241,1.768975096297715,-20.000000000000007
-0.24338853031189456,1.837601697632469,-20.000000000000007
-0.2201245687657412,1.9315839867608926,-20.000000000000007
-0.21295636326596953,1.85535961505459,-20.000000000000007
-0.193177694926632,1.6114980156831247,-20.000000000000007
-0.20049667953195283,1.7449888185224136,-20.000000000000007
-0.2002751479582084,1.7399956220515302,-20.000000000000007
-0.21981635526112697,1.9254145073810724,-20.000000000000007
-0.2273349733273436,1.9193198109185883,-20.000000000000007
-0.18206367474642643,1.5720589966979654,-20.000000000000007
-0.18885818653230282,1.5776548930151268,-20.000000000000007
-0.17917386072802036,1.5901780441278879,-20.000000000000007
-0.16015086704143033,1.4658572207674505,-20.000000000000007
-0.179509115801908,1.5810607140359072,-20.000000000000007
-0.18837473412143405,1.573377960684116,-20.000000000000007
-0.1894245325731731,1.5791548760255547,-20.000000000000007
-0.2040443086596288,1.7471900021231153,-20.000000000000007
-0.21931127683429327,1.934614313986411,-20.000000000000007
-0.2124874347329898,1.8569242044846717,-20.000000000000007
-0.2208853973376787,1.931145289038375,-20.000000000000007
-0.21248743473298976,1.8569242044846717,-20.000000000000007
-0.21248743473298978,1.8569242044846717,-20.000000000000007
-0.21973920250494972,1.937701139422241,-20.000000000000007
-0.21224921179930217,1.8533556947470387,-20.000000000000007
-0.22903447707550284,1.9276403862238336,-20.000000000000007
-0.2202994932691481,1.9398441916845452,-20.000000000000007
-0.23246637703641987,1.9154094041285457,-20.000000000000007
-0.23358586926747643,1.9295563077585558,-20.000000000000007
-0.23611052731843585,1.9194812618195156,-20.000000000000007
-0.23276509450926264,1.912778815262246,-20.000000000000007
-0.21935380271132038,1.9315978700176233,-20.000000000000007
-0.18163938836346555,1.5687338372001345,-20.000000000000007
-0.18888897604606414,1.5748627885679038,-20.000000000000007
-0.20404430865962883,1.7471900021231153,-20.000000000000007
-0.23282344288181106,1.9224278734657947,-20.000000000000007
-0.2749486577676836,1.5890191833852914,-20.000000000000007
-0.2779634009078582,1.5064014805614228,-20.000000000000007
-0.2784007816040446,1.486665332127419,-20.000000000000007
-0.2790418615852196,1.465820985743795,-20.000000000000007
-0.2805082445249439,1.5032900687676574,-20.000000000000007
-0.2789793972517868,1.5400593309268873,-20.000000000000007
-0.28037748088435255,1.5076961034151126,-20.000000000000007
-0.2802424863224308,1.5048217717977548,-20.000000000000007
-0.2801505685248738,1.5049249248193286,-20.000000000000007
-0.27984456822004894,1.5152836728709427,-20.000000000000007
-0.273059715223681,1.644033733155096,-20.000000000000007
-0.24444734909700805,1.8297516327751748,-20.000000000000007
-0.2291202052050922,1.9262339835287352,-20.000000000000007
-0.21921870976041327,1.9334146801275218,-20.000000000000007
-0.20275435731641597,1.764586173417836,-20.000000000000007
-0.2298463649818323,1.9193688661135155,-20.000000000000007
-0.22899518854702022,1.9205561705070902,-20.000000000000007
-0.2477049896874544,1.7812067663578977,-20.000000000000007
-0.22164106841618958,1.9189519988593977,-20.000000000000007
-0.18885818653230285,1.5776548930151268,-20.000000000000007
-0.17917386072802038,1.5901780441278879,-20.000000000000007
-0.1377468926182409,1.4138227263361496,-20.000000000000007
-0.15098649128259778,1.3992341320455806,-20.000000000000007
-0.17825534106184446,1.5837285229747722,-20.000000000000007
-0.18837473412143407,1.5733779606841163,-20.000000000000007
-0.179509115801908,1.5810607140359074,-20.000000000000007
-0.1888581865323028,1.5776548930151266,-20.000000000000007
-0.18842511370101275,1.5738540301251946,-20.000000000000007
-0.18888897604606417,1.574862788567904,-20.000000000000007
-0.21248743473298976,1.8569242044846717,-20.000000000000007
-0.1822603459450228,1.5752406240198031,-20.000000000000007
-0.2040443086596288,1.7471900021231153,-20.000000000000007
-0.18837473412143405,1.573377960684116,-20.000000000000007
-0.19075375606836634,1.5908960761778872,-20.000000000000007
-0.21156344213076164,1.8390935781858606,-20.000000000000007
-0.20438912631107453,1.7467571198479008,-20.000000000000007
-0.21297145694215705,1.8551211557628875,-20.000000000000007
-0.22041728821468373,1.9348175495022781,-20.000000000000007
-0.22610668672834544,1.9302216087355992,-20.000000000000007
-0.221498040465095,1.9270698033146805,-20.000000000000007
-0.22197126464558045,1.9314987434762751,-20.000000000000007
-0.200229111530989,1.7430845352064548,-20.000000000000007
-0.23090645405062973,1.9115449702339886,-20.000000000000007
-0.24754391918501356,1.798329388501767,-20.000000000000007
-0.2789586953709386,1.5417068426196738,-20.000000000000007
-0.29902509188403986,1.5678429960582045,-20.000000000000007
-0.30097538168256877,1.5478856504334078,-20.000000000000007
-0.3074330011748714,1.5092559588648091,-20.000000000000007
-0.2940994835385073,1.5976984666975413,-20.000000000000007
-0.2937704566043702,1.5953428526927362,-20.000000000000007
-0.3034950194258005,1.519181956743578,-20.000000000000007
-0.3017271056666276,1.5366598345327969,-20.000000000000007
-0.3092742469775259,1.5058506198337376,-20.000000000000007
-0.30538908022785993,1.5071605546898117,-20.000000000000007
-0.294442839944556,1.5979986305713263,-20.000000000000007
-0.2790858188465218,1.4629854224262329,-20.000000000000007
-0.2640109175388789,1.7617246355805394,-20.000000000000007
-0.24950546769882767,1.7506184474221236,-20.000000000000007
-0.24523014811134555,1.818324023113926,-20.000000000000007
-0.24541972912931206,1.8094787946527204,-20.000000000000007
-0.24871728263488013,1.7574774701356635,-20.000000000000007
-0.2536220334740542,1.7571569920026067,-20.000000000000007
-0.23719787085103516,1.9036803199373433,-20.000000000000007
-0.21939372147519293,1.9217736305607285,-20.000000000000007
-0.18226034594502283,1.575240624019803,-20.000000000000007
-0.1617536389502492,1.4767475548411566,-20.000000000000007
-0.16015086704143036,1.4658572207674503,-20.000000000000007
-0.17337853243457835,1.5519365666422185,-20.000000000000007
-0.1811061921972143,1.5615965088310682,-20.000000000000007
-0.1804043718668858,1.561176753585045,-20.000000000000007
-0.18885818653230285,1.5776548930151266,-20.000000000000007
-0.18888897604606414,1.574862788567904,-20.000000000000007
-0.2040443086596288,1.7471900021231155,-20.000000000000007
-0.19885325672563559,1.6783739635447608,-20.000000000000007
-0.21248743473298976,1.8569242044846717,-20.000000000000007
-0.2040443086596288,1.7471900021231157,-20.000000000000007
-0.2194162957036321,1.934944495264261,-20.000000000000007
-0.2208853973376787,1.931145289038375,-20.000000000000007
-0.2182751281321456,1.9327711581825628,-20.000000000000007
-0.23440823261138902,1.9331740021179948,-20.000000000000007
-0.21297145694215705,1.8551211557628873,-20.000000000000007
-0.24406813897134638,1.832088538810274,-20.000000000000007
-0.2274529174160241,1.9252796186882066,-20.000000000000007
-0.2480115701558639,1.7791576216234757,-20.000000000000007
-0.23474134522287865,1.9269586100412368,-20.000000000000007
-0.1823838930069813,1.5710291022189145,-20.000000000000007
-0.21276096579532142,1.8568777380279777,-20.000000000000007
-0.2011724582994196,1.705762081239453,-20.000000000000007
-0.23173800461227242,1.9132869734140185,-20.000000000000007
-0.2663559328666817,1.7603067244530752,-20.000000000000007
-0.27795934986810755,1.5064042915326303,-20.000000000000007
-0.2790418615852196,1.4658209857437952,-20.000000000000007
-0.2801051246410948,1.4811490945842523,-20.000000000000007
-0.2827925050766747,1.5294706218460612,-20.000000000000007
-0.2858765585780599,1.5578782155992061,-20.000000000000007
-0.28558708034433605,1.5632803966587598,-20.000000000000007
-0.2861467625785085,1.5660632206302454,-20.000000000000007
-0.2874276884219504,1.5707318059949422,-20.000000000000007
-0.2804068877859218,1.5047866790540925,-20.000000000000007
-0.2795930149760419,1.4848570202131237,-20.000000000000007
-0.25378294800980744,1.7680678568789596,-20.000000000000007
-0.2495054676988277,1.7506184474221234,-20.000000000000007
-0.24231997439650518,1.8451090692112224,-20.000000000000007
-0.23690700311659063,1.9090154399479975,-20.000000000000007
-0.24745330071993613,1.7895322353368992,-20.000000000000007
-0.244226772884211,1.8205451008549207,-20.000000000000007
-0.24770498968745447,1.7812067663578974,-20.000000000000007
-0.23694619962472757,1.9060256362447217,-20.000000000000007
-0.23118157720791066,1.9065723377878263,-20.000000000000007
-0.2182751281321456,1.9327711581825628,-20.000000000000007
-0.21204973859417786,1.8497531531648241,-20.000000000000007
-0.2011724582994196,1.705762081239453,-20.000000000000007
-0.2040443086596288,1.7471900021231153,-20.000000000000007
-0.20404430865962883,1.7471900021231155,-20.000000000000007
-0.21112736531608323,1.8393954016667315,-20.000000000000007
-0.21248743473298976,1.8569242044846717,-20.000000000000007
-0.21248743473298978,1.8569242044846717,-20.000000000000007
-0.21276096579532142,1.856877738027978,-20.000000000000007
-0.21066988369819167,1.8301398010403203,-20.000000000000007
-0.2062195057358958,1.7693061823890077,-20.000000000000007
-0.2044760475858236,1.7508198523085012,-20.000000000000007
-0.20587468808445003,1.7697390646642217,-20.000000000000007
-0.20422406494602988,1.7470522200873617,-20.000000000000007
-0.20621950573589576,1.7693061823890073,-20.000000000000007
-0.20438912631107453,1.746757119847901,-20.000000000000007
-0.21249249546208399,1.848023879502905,-20.000000000000007
-0.20437906386028282,1.746916092709036,-20.000000000000007
-0.21066147007523184,1.828950810150975,-20.000000000000007
-0.19945177661459146,1.6815004633019803,-20.000000000000007
-0.18886938598024677,1.5715946146796025,-20.000000000000007
-0.1888889760460642,1.5748627885679038,-20.000000000000007
-0.2050687426388885,1.7578547762500234,-20.000000000000007
-0.2420317918885313,1.8531439860179657,-20.000000000000007
-0.25776463684798906,1.7748074606807407,-20.000000000000007
-0.2859741591518499,1.5657933033163327,-20.000000000000007
-0.28764557437185256,1.5727026620492432,-20.000000000000007
-0.30388381341197457,1.513229247653649,-20.000000000000007
-0.29043631185171537,1.582700590103038,-20.000000000000007
-0.2918921499486805,1.587776577704122,-20.000000000000007
-0.29635837185191727,1.5928686115626602,-20.000000000000007
-0.29564574900886464,1.5926551084486409,-20.000000000000007
-0.30226004575507365,1.5358618250536407,-20.000000000000007
-0.2903327824317496,1.5830688895029197,-20.000000000000007
-0.2803300602852742,1.5064790959876693,-20.000000000000007
-0.2461083143214935,1.816116149255602,-20.000000000000007
-0.22088539733767873,1.9311452890383753,-20.000000000000007
-0.18888897604606414,1.5748627885679043,-20.000000000000007
-0.18226034594502277,1.5752406240198027,-20.000000000000007
-0.1822603459450228,1.5752406240198031,-20.000000000000007
-0.18880780695272412,1.577178823574048,-20.000000000000007
-0.18888897604606414,1.574862788567904,-20.000000000000007
-0.20437906386028284,1.7469160927090357,-20.000000000000007
-0.20439732625967244,1.7465754343420863,-20.000000000000007
-0.20139347992708181,1.7055505241438347,-20.000000000000007
-0.21248743473298978,1.8569242044846712,-20.000000000000007
-0.19927599968825094,1.68201699226254,-20.000000000000007
-0.21248743473298978,1.8569242044846717,-20.000000000000007
-0.1894245325731731,1.5791548760255545,-20.000000000000007
-0.21248743473298976,1.8569242044846717,-20.000000000000007
-0.1941542021624192,1.6248355056872366,-20.000000000000007
-0.21248743473298976,1.8569242044846717,-20.000000000000007
-0.21941629570363208,1.9349444952642605,-20.000000000000007
-0.2182751281321456,1.9327711581825628,-20.000000000000007
-0.22126242425464532,1.9315727728415628,-20.000000000000007
-0.22595826031529193,1.9324263488581668,-20.000000000000007
-0.2259544067033732,1.9324083385227475,-20.000000000000007
-0.22595826031529193,1.9324263488581668,-20.000000000000007
-0.23193210184063526,1.913614431844647,-20.000000000000007
-0.22903447707550287,1.9276403862238336,-20.000000000000007
-0.24233012893262865,1.8479407891859199,-20.000000000000007
-0.23278630500397757,1.9217446600094166,-20.000000000000007
-0.24753611064781525,1.7981305890838026,-20.000000000000007
-0.227651704237751,1.9239901627093507,-20.000000000000007
-0.22648741265525177,1.9290439783824922,-20.000000000000007
-0.1894245325731731,1.5791548760255547,-20.000000000000007
-0.18842511370101273,1.5738540301251946,-20.000000000000007
-0.2194162957036321,1.9349444952642605,-20.000000000000007
-0.22725815115555778,1.9273187281239843,-20.000000000000007
-0.2630248698858005,1.7632465544235485,-20.000000000000007
-0.275377182707844,1.5788073381267143,-20.000000000000007
-0.2781490160828771,1.4993863455548702,-20.000000000000007
-0.2779715575107142,1.5058608914785698,-20.000000000000007
-0.2804642872636418,1.5061256320852192,-20.000000000000007
-0.2803300602852742,1.506479095987669,-20.000000000000007
-0.2765241484384192,1.6105486072148119,-20.000000000000007
-0.279371143037495,1.525713678077813,-20.000000000000007
-0.26658848891324244,1.7605813432317967,-20.000000000000007
-0.2564833239147245,1.7689889112708979,-20.000000000000007
-0.2568478857790638,1.770951248791684,-20.000000000000007
-0.2475439191850135,1.798329388501767,-20.000000000000007
-0.22747246433105797,1.9208394206623418,-20.000000000000007
-0.22905988580352984,1.9214814563051459,-20.000000000000007
-0.18732744393896136,1.6198823529478064,-20.000000000000007
-0.2273349733273436,1.919319810918588,-20.000000000000007
-0.22052344232654955,1.9237271384636403,-20.000000000000007
-0.22187224334523908,1.9254177131544246,-20.000000000000007
-0.2209413055464144,1.9269729367606054,-20.000000000000007
-0.18220996636544406,1.5747645545787243,-20.000000000000007
-0.1822603459450228,1.575240624019803,-20.000000000000007
-0.1723599823635926,1.5450335733037923,-20.000000000000007
-0.17716407672167844,1.5760687284044748,-20.000000000000007
-0.18226034594502277,1.575240624019803,-20.000000000000007
-0.18837473412143405,1.5733779606841163,-20.000000000000007
-0.18888897604606414,1.574862788567904,-20.000000000000007
-0.18888897604606414,1.5748627885679038,-20.000000000000007
-0.21086836437030812,1.8362072935113323,-20.000000000000007
-0.20429629129942262,1.750957634344255,-20.000000000000007
-0.2040443086596288,1.7471900021231155,-20.000000000000007
-0.19071249072710514,1.590969851237753,-20.000000000000007
-0.18110619219721427,1.5615965088310682,-20.000000000000007
-0.18226034594502277,1.575240624019803,-20.000000000000007
-0.1811061921972143,1.5615965088310682,-20.000000000000007
-0.18885818653230285,1.5776548930151266,-20.000000000000007
-0.20438912631107456,1.7467571198479006,-20.000000000000007
-0.22138700232139463,1.92869526337629,-20.000000000000007
-0.221404212855449,1.9288128383647134,-20.000000000000007
-0.23693987848983958,1.909252335013869,-20.000000000000007
-0.23655382350615028,1.9139299524349602,-20.000000000000007
-0.23111720540188907,1.906699044160249,-20.000000000000007
-0.22052344232654952,1.9237271384636405,-20.000000000000007
-0.23467289430310256,1.9265748836262997,-20.000000000000007
-0.24889968223170464,1.7664111245118412,-20.000000000000007
-0.2624679244120917,1.7648735525078978,-20.000000000000007
-0.29376525852711177,1.5947036921994804,-20.000000000000007
-0.2952921453964856,1.592977347531367,-20.000000000000007
-0.30328578238110504,1.5204381626563315,-20.000000000000007
-0.304905052023723,1.505661875178614,-20.000000000000007
-0.29623083311502846,1.5930388424887267,-20.000000000000007
-0.2920743774297667,1.5894377399193629,-20.000000000000007
-0.28831958847372885,1.5737907057255949,-20.000000000000007
-0.29283065590104634,1.5876264806507052,-20.000000000000007
-0.2828105754745733,1.5373170997394179,-20.000000000000007
-0.2662334868970442,1.763788193469412,-20.000000000000007
-0.2290706721347102,1.9266742771147651,-20.000000000000007
-0.18837473412143405,1.573377960684116,-20.000000000000007
-0.17548244831557921,1.5669961652094955,-20.000000000000007
-0.15098649128259778,1.3992341320455806,-20.000000000000007
-0.17199155733437496,1.601648254219818,-20.000000000000007
-0.18180598184127092,1.5688930394679037,-20.000000000000007
-0.21173096932913646,1.8478864443445637,-20.000000000000007
-0.22187224334523906,1.925417713154425,-20.000000000000007
-0.20027514795820842,1.7399956220515302,-20.000000000000007
-0.1822603459450228,1.5752406240198031,-20.000000000000007
-0.17337853243457835,1.5519365666422185,-20.000000000000007
-0.1617536389502492,1.4767475548411566,-20.000000000000007
-0.17825534106184443,1.5837285229747724,-20.000000000000007
-0.1822603459450228,1.575240624019803,-20.000000000000007
-0.18226034594502277,1.575240624019803,-20.000000000000007
-0.1891192387649498,1.5756732257028958,-20.000000000000007
-0.18911923876494982,1.5756732257028958,-20.000000000000007
-0.20404430865962883,1.7471900021231155,-20.000000000000007
-0.20473650305093238,1.7580889424488189,-20.000000000000007
-0.21248743473298978,1.8569242044846717,-20.000000000000007
-0.21922874615177093,1.9347618641061415,-20.000000000000007
-0.2185133510658332,1.936339667920196,-20.000000000000007
-0.21973920250494972,1.9377011394222408,-20.000000000000007
-0.21931127683429325,1.9346143139864107,-20.000000000000007
-0.22029259161325182,1.940007286674711,-20.000000000000007
-0.2210049246831962,1.9329836950429968,-20.000000000000007
-0.2273356115560263,1.9262788439550507,-20.000000000000007
-0.22907067213471022,1.9266742771147651,-20.000000000000007
-0.22745291741602414,1.9252796186882064,-20.000000000000007
-0.21935380271132043,1.931597870017623,-20.000000000000007
-0.18268918681520463,1.5745107525415734,-20.000000000000007
-0.18220996636544406,1.5747645545787243,-20.000000000000007
-0.21248743473298976,1.8569242044846714,-20.000000000000007
-0.22117610000737897,1.9371965699065867,-20.000000000000007
-0.2554054582827691,1.7680451672476833,-20.000000000000007
-0.2779083968510076,1.5064756013616163,-20.000000000000007
-0.27850372179486205,1.4843198954563879,-20.000000000000007
-0.27537718270784395,1.5788073381267138,-20.000000000000007
-0.27913941208720433,1.5012773719131045,-20.000000000000007
-0.2804531042571861,1.503352341356485,-20.000000000000007
-0.28041521390507135,1.5047738534858532,-20.000000000000007
-0.2809086611486742,1.510432907168365,-20.000000000000007
-0.2755243909560816,1.6157394216319032,-20.000000000000007
-0.25493580976856806,1.7643516975393148,-20.000000000000007
-0.24894779568029932,1.7654260612210055,-20.000000000000007
-0.22903447707550287,1.9276403862238336,-20.000000000000007
-0.2261117179537413,1.9301421223050315,-20.000000000000007
-0.22138700232139463,1.92869526337629,-20.000000000000007
-0.19641960146766618,1.7029779364700155,-20.000000000000007
-0.22899518854702022,1.92055617050709,-20.000000000000007
-0.22086668412957597,1.9276258294791235,-20.000000000000007
-0.18615639672437706,1.6073672656103335,-20.000000000000007
-0.2027907570819007,1.764371281991521,-20.000000000000007
-0.18067000068203443,1.5594198148107747,-20.000000000000007
-0.179509115801908,1.5810607140359074,-20.000000000000007
-0.179509115801908,1.5810607140359074,-20.000000000000007
-0.17716407672167847,1.5760687284044748,-20.000000000000007
-0.179509115801908,1.5810607140359072,-20.000000000000007
-0.18226034594502277,1.5752406240198031,-20.000000000000007
-0.18837473412143407,1.573377960684116,-20.000000000000007
-0.18842511370101275,1.5738540301251946,-20.000000000000007
-0.18888897604606417,1.574862788567904,-20.000000000000007
-0.1894245325731731,1.5791548760255547,-20.000000000000007
-0.1941542021624192,1.6248355056872368,-20.000000000000007
-0.18942453257317313,1.5791548760255545,-20.000000000000007
-0.21086836437030815,1.8362072935113323,-20.000000000000007
-0.18942453257317313,1.5791548760255547,-20.000000000000007
-0.2124874347329898,1.8569242044846717,-20.000000000000007
-0.20404430865962883,1.7471900021231153,-20.000000000000007
-0.2067134788146871,1.7807025996374182,-20.000000000000007
-0.22077670792232065,1.940841771390632,-20.000000000000007
-0.21898340119425475,1.9294106496791947,-20.000000000000007
-0.22943316724548107,1.9227050061108053,-20.000000000000007
-0.22172921539414442,1.9335355176097078,-20.000000000000007
-0.21334968096843676,1.8529075364882375,-20.000000000000007
-0.18154410935381968,1.5691001756908358,-20.000000000000007
-0.22610668672834547,1.930221608735599,-20.000000000000007
-0.24765785642450477,1.7964142484110874,-20.000000000000007
-0.2763579095573766,1.6147991334610239,-20.000000000000007
-0.3038964177136101,1.5129411258974423,-20.000000000000007
-0.30240337139133655,1.534890077614775,-20.000000000000007
-0.3020911193405532,1.5362086858776713,-20.000000000000007
-0.3082644234864066,1.5092640463390952,-20.000000000000007
-0.29564574900886464,1.5926551084486409,-20.000000000000007
-0.2828219018404092,1.5372665680078783,-20.000000000000007
-0.2844883477018021,1.557908182971589,-20.000000000000007
-0.285587080344336,1.5632803966587596,-20.000000000000007
-0.2956457490088646,1.5926551084486404,-20.000000000000007
-0.29761414913926276,1.5825050174610304,-20.000000000000007
-0.2790858188465218,1.4629854224262329,-20.000000000000007
-0.2502845554208488,1.7235141714337494,-20.000000000000007
-0.234408232611389,1.9331740021179948,-20.000000000000007
-0.1931594325272424,1.6118386740500747,-20.000000000000007
-0.2050687426388885,1.7578547762500234,-20.000000000000007
-0.19585034827272613,1.6385653706310408,-20.000000000000007
-0.21990894098602337,1.926001591715591,-20.000000000000007
-0.22392824976907524,1.9196647697360456,-20.000000000000007
-0.20048109417078278,1.7468521674275943,-20.000000000000007
-0.20605444437085113,1.7696012826284682,-20.000000000000007
-0.18842511370101273,1.5738540301251949,-20.000000000000007
-0.18837473412143405,1.573377960684116,-20.000000000000007
-0.18842511370101273,1.5738540301251946,-20.000000000000007
-0.18842511370101273,1.5738540301251949,-20.000000000000007
-0.1891192387649498,1.5756732257028956,-20.000000000000007
-0.20404430865962883,1.7471900021231153,-20.000000000000007
-0.21827512813214564,1.9327711581825628,-20.000000000000007
-0.2270003948239493,1.931983712679078,-20.000000000000007
-0.23193210184063523,1.9136144318446475,-20.000000000000007
-0.23595500071689002,1.921576377911016,-20.000000000000007
-0.24406813897134635,1.8320885388102741,-20.000000000000007
-0.24642853154227043,1.8109236645545432,-20.000000000000007
-0.2481765667947332,1.7875503558582295,-20.000000000000007
-0.24983746969752976,1.7350726326056738,-20.000000000000007
-0.25320269636899206,1.7573853435233022,-20.000000000000007
-0.2571621748360192,1.7710520845286721,-20.000000000000007
-0.2616633759731477,1.7677691244973872,-20.000000000000007
-0.27961014463487005,1.5287406392346226,-20.000000000000007
-0.2788252871526945,1.542402245178419,-20.000000000000007
-0.28037748088435255,1.5076961034151126,-20.000000000000007
-0.25506359321069094,1.766354976251576,-20.000000000000007
-0.2389403317890988,1.8890659890283579,-20.000000000000007
-0.2453754064510582,1.8240099211350282,-20.000000000000007
-0.24753611064781525,1.7981305890838026,-20.000000000000007
-0.25991477599130375,1.775366308171377,-20.000000000000007
-0.2800646343242985,1.480448197670571,-20.000000000000007
-0.280605263635427,1.4882392549076289,-20.000000000000007
-0.27908581884652184,1.4629854224262329,-20.000000000000007
-0.2807163601041698,1.5005608944780706,-20.000000000000007
-0.2830604496397097,1.5315466729904652,-20.000000000000007
-0.28233139174197047,1.5332417419710824,-20.000000000000007
-0.2857609807639739,1.5635482586604632,-20.000000000000007
-0.28558708034433605,1.5632803966587596,-20.000000000000007
-0.2807553079754124,1.5116905185834442,-20.000000000000007
-0.27811158609243497,1.5173994668627504,-20.000000000000007
-0.2554054582827691,1.7680451672476831,-20.000000000000007
-0.2453754064510582,1.8240099211350282,-20.000000000000007
-0.22767890684262926,1.923502489320876,-20.000000000000007
-0.2070457184026432,1.7804684334386223,-20.000000000000007
-0.20439732625967247,1.746575434342086,-20.000000000000007
-0.1931594325272424,1.6118386740500745,-20.000000000000007
-0.19315943252724238,1.6118386740500745,-20.000000000000007
-0.18883859646648546,1.574386719126825,-20.000000000000007
-0.18220996636544406,1.5747645545787243,-20.000000000000007
-0.17950911580190798,1.5810607140359072,-20.000000000000007
-0.17716407672167847,1.5760687284044745,-20.000000000000007
-0.17716407672167847,1.5760687284044748,-20.000000000000007
-0.179509115801908,1.5810607140359072,-20.000000000000007
-0.1822603459450228,1.5752406240198031,-20.000000000000007
-0.18842511370101273,1.5738540301251946,-20.000000000000007
-0.19927599968825094,1.68201699226254,-20.000000000000007
-0.2040443086596288,1.7471900021231155,-20.000000000000007
-0.21248743473298976,1.8569242044846714,-20.000000000000007
-0.2185133510658332,1.936339667920196,-20.000000000000007
-0.22088539733767873,1.9311452890383747,-20.000000000000007
-0.22903447707550284,1.9276403862238338,-20.000000000000007
-0.2309987143250381,1.9110800623980295,-20.000000000000007
-0.23440823261138902,1.9331740021179948,-20.000000000000007
-0.23440823261138904,1.9331740021179946,-20.000000000000007
-0.23897529867562783,1.8932973739422045,-20.000000000000007
-0.23787954483436075,1.902127751689123,-20.000000000000007
-0.2485005081750783,1.7781541308881688,-20.000000000000007
-0.24965204629655047,1.7463127307456157,-20.000000000000007
-0.25706886399599804,1.7711405639785478,-20.000000000000007
-0.2532420772427509,1.7543170276109916,-20.000000000000007
-0.2277109461044607,1.9193006230995666,-20.000000000000007
-0.23689427279062228,1.9101123132129596,-20.000000000000007
-0.24765004788730655,1.7962154489931232,-20.000000000000007
-0.2667642178798265,1.7648000393284395,-20.000000000000007
-0.3019369754486786,1.535965416989518,-20.000000000000007
-0.3086350237635196,1.5073549291131614,-20.000000000000007
-0.29902509188403986,1.5678429960582045,-20.000000000000007
-0.3033267623683141,1.5204584913047285,-20.000000000000007
-0.29377045660437023,1.5953428526927365,-20.000000000000007
-0.2819252686870595,1.5318721242677227,-20.000000000000007
-0.2878229279914319,1.5732698110325467,-20.000000000000007
-0.28439501577378495,1.5564346680588255,-20.000000000000007
-0.28792142465882803,1.5730996135501174,-20.000000000000007
-0.28711465470187136,1.5695867850616103,-20.000000000000007
-0.26702577196778376,1.765495103328877,-20.000000000000007
-0.24753611064781528,1.7981305890838024,-20.000000000000007
-0.21971733240111874,1.9346251312641953,-20.000000000000007
-0.18888897604606414,1.5748627885679038,-20.000000000000007
-0.18886938598024677,1.5715946146796025,-20.000000000000007
-0.18837473412143405,1.573377960684116,-20.000000000000007
-0.19943351421520183,1.6818411216689302,-20.000000000000007
-0.20441558865906206,1.7462347759751364,-20.000000000000007
-0.19082329531069092,1.5880699398860834,-20.000000000000007
-0.18942453257317313,1.5791548760255545,-20.000000000000007
-0.18837473412143405,1.573377960684116,-20.000000000000007
-0.18226034594502277,1.575240624019803,-20.000000000000007
-0.18226034594502277,1.5752406240198031,-20.000000000000007
-0.18226034594502277,1.5752406240198031,-20.000000000000007
-0.18837473412143405,1.573377960684116,-20.000000000000007
-0.18885818653230282,1.5776548930151266,-20.000000000000007
-0.18842511370101273,1.5738540301251946,-20.000000000000007
-0.1894245325731731,1.5791548760255545,-20.000000000000007
-0.18842511370101273,1.5738540301251949,-20.000000000000007
-0.19071249072710514,1.5909698512377526,-20.000000000000007
-0.1894245325731731,1.5791548760255545,-20.000000000000007
-0.1941542021624192,1.6248355056872366,-20.000000000000007
-0.20587468808445006,1.7697390646642217,-20.000000000000007
-0.2040443086596288,1.7471900021231155,-20.000000000000007
-0.21248743473298978,1.8569242044846714,-20.000000000000007
-0.20429629129942256,1.750957634344255,-20.000000000000007
-0.2124537457335208,1.8480579113474866,-20.000000000000007
-0.21297145694215705,1.8551211557628875,-20.000000000000007
-0.21898340119425477,1.9294106496791945,-20.000000000000007
-0.2129563632659695,1.8553596150545901,-20.000000000000007
-0.20437906386028282,1.746916092709036,-20.000000000000007
-0.18888897604606414,1.5748627885679038,-20.000000000000007
-0.21248743473298976,1.8569242044846717,-20.000000000000007
-0.2335858692674764,1.9295563077585562,-20.000000000000007
-0.2553086674360319,1.767908745331239,-20.000000000000007
-0.2794793704340342,1.4686975767129973,-20.000000000000007
-0.27947937043403426,1.468697576712997,-20.000000000000007
-0.2801051246410949,1.4811490945842525,-20.000000000000007
-0.2823489011146968,1.512868565778054,-20.000000000000007
-0.2847649334366955,1.5484423672758598,-20.000000000000007
-0.28576098076397394,1.5635482586604632,-20.000000000000007
-0.2873052309822628,1.570188072106489,-20.000000000000007
-0.285587080344336,1.5632803966587596,-20.000000000000007
-0.2815021940027956,1.5244852675069367,-20.000000000000007
-0.27891635395701253,1.5061529315582778,-20.000000000000007
-0.2563581514199373,1.7682810728751677,-20.000000000000007
-0.24814112531457128,1.785614123065802,-20.000000000000007
-0.22907067213471016,1.9266742771147651,-20.000000000000007
-0.22009438141336607,1.932060905344298,-20.000000000000007
-0.21295636326596953,1.8553596150545903,-20.000000000000007
-0.2200237836121359,1.9319658740432955,-20.000000000000007
-0.22165365018388805,1.9349378942927906,-20.000000000000007
-0.21334968096843673,1.8529075364882375,-20.000000000000007
-0.20620692767240617,1.7695048984654262,-20.000000000000007
-0.18885818653230285,1.5776548930151268,-20.000000000000007
-0.18226034594502277,1.5752406240198031,-20.000000000000007
-0.1822603459450228,1.575240624019803,-20.000000000000007
-0.1822603459450228,1.5752406240198031,-20.000000000000007
-0.1822603459450228,1.5752406240198031,-20.000000000000007
-0.18842511370101273,1.5738540301251946,-20.000000000000007
-0.1894245325731731,1.5791548760255547,-20.000000000000007
-0.19927599968825094,1.6820169922625399,-20.000000000000007
-0.21023380688351326,1.8304416245211914,-20.000000000000007
-0.2124874347329898,1.8569242044846717,-20.000000000000007
-0.21941629570363214,1.934944495264261,-20.000000000000007
-0.21973920250494972,1.9377011394222408,-20.000000000000007
-0.22117610000737895,1.9371965699065867,-20.000000000000007
-0.21851335106583322,1.936339667920196,-20.000000000000007
-0.21931127683429325,1.934614313986411,-20.000000000000007
-0.20404430865962883,1.7471900021231153,-20.000000000000007
-0.20422406494602985,1.7470522200873622,-20.000000000000007
-0.20139347992708181,1.7055505241438347,-20.000000000000007
-0.20438912631107456,1.7467571198479008,-20.000000000000007
-0.21297145694215705,1.8551211557628873,-20.000000000000007
-0.20437906386028282,1.746916092709036,-20.000000000000007
-0.18942453257317315,1.5791548760255547,-20.000000000000007
-0.18837473412143405,1.5733779606841163,-20.000000000000007
-0.18885818653230282,1.5776548930151266,-20.000000000000007
-0.18837473412143407,1.573377960684116,-20.000000000000007
-0.18888897604606417,1.5748627885679038,-20.000000000000007
-0.18220996636544406,1.5747645545787243,-20.000000000000007
-0.16226514651890211,1.4799780943445653,-20.000000000000007
-0.13766089245675403,1.4109848407592605,-20.000000000000007
-0.13496580213290585,1.493294734669304,-20.000000000000007
-0.13085358821817872,1.5083537854297928,-20.000000000000007
-0.13085358821817872,1.5083537854297928,-20.000000000000007
-0.1295965071143114,1.5217595205213597,-20.000000000000007
-0.13161953035292592,1.5122209144802388,-20.000000000000007
-0.1352364542451437,1.4956132648969094,-20.000000000000007
-0.13559501490126288,1.4971204706629226,-20.000000000000007
-0.13766089245675406,1.4109848407592605,-20.000000000000007
-0.13634314369070832,1.469091816603712,-20.000000000000007
-0.1352364542451437,1.4956132648969094,-20.000000000000007
-0.13500799762049986,1.4901723146345816,-20.000000000000007
-0.13495829350665048,1.4897359463283293,-20.000000000000007
-0.13476863983420204,1.492525913325768,-20.000000000000007
-0.13136931143642383,1.5152803898427867,-20.000000000000007
-0.12959655351440094,1.5217356634353916,-20.000000000000007
-0.13160506288298884,1.5132325960306732,-20.000000000000007
-0.13496593015556188,1.490400499773179,-20.000000000000007
-0.13500799762049986,1.4901723146345818,-20.000000000000007
-0.1363431436907083,1.469091816603712,-20.000000000000007
-0.13766089245675403,1.4109848407592605,-20.000000000000007
-0.13766089245675403,1.4109848407592605,-20.000000000000007
-0.1377468926182409,1.4138227263361498,-20.000000000000007
-0.14969871320520375,1.437675006587023,-20.000000000000007
-0.14969871320520373,1.4376750065870232,-20.000000000000007
-0.16175363895024922,1.4767475548411566,-20.000000000000007
-0.17716407672167847,1.5760687284044748,-20.000000000000007
-0.18226034594502277,1.5752406240198031,-20.000000000000007
-0.18842511370101273,1.5738540301251949,-20.000000000000007
-0.18885818653230285,1.5776548930151266,-20.000000000000007
-0.19303815211615682,1.6120202560143866,-20.000000000000007
-0.1822603459450228,1.5752406240198031,-20.000000000000007
-0.18226034594502277,1.575240624019803,-20.000000000000007
-0.17716407672167844,1.5760687284044745,-20.000000000000007
-0.1377468926182409,1.4138227263361494,-20.000000000000007
-0.13766089245675403,1.4109848407592602,-20.000000000000007
-0.134987587169906,1.490284182800638,-20.000000000000007
-0.13161953035292592,1.5122209144802388,-20.000000000000007
-0.13496974848001758,1.490732776495604,-20.000000000000007
-0.14975414285615307,1.4356134548649337,-20.000000000000007
-0.1822603459450228,1.5752406240198031,-20.000000000000007
-0.1988532567256356,1.6783739635447608,-20.000000000000007
-0.20117245829941954,1.705762081239453,-20.000000000000007
-0.18037490339096798,1.5624216849117094,-20.000000000000007
-0.13766089245675403,1.4109848407592605,-20.000000000000007
-0.13477851668463559,1.493063189381522,-20.000000000000007
-0.12684286767579067,1.5197244813100856,-20.000000000000007
-0.1254040794022055,1.5225030507157356,-20.000000000000007
-0.12684286767579067,1.5197244813100859,-20.000000000000007
-0.13034416345466582,1.5263060543998153,-20.000000000000007
-0.13161953035292592,1.5122209144802388,-20.000000000000007
-0.13496593015556185,1.490400499773179,-20.000000000000007
-0.1350079976204999,1.4901723146345818,-20.000000000000007
-0.134987587169906,1.4902841828006377,-20.000000000000007
-0.13496593015556188,1.490400499773179,-20.000000000000007
-0.13496593015556185,1.4904004997731792,-20.000000000000007
-0.13224807051494286,1.505517222080571,-20.000000000000007
-0.13136931143642383,1.5152803898427865,-20.000000000000007
-0.13136931143642386,1.5152803898427867,-20.000000000000007
-0.12993516239195982,1.5290908956915379,-20.000000000000007
-0.12756711120681585,1.520806514362063,-20.000000000000007
-0.1316233486773816,1.5125531912026637,-20.000000000000007
-0.13496974848001758,1.490732776495604,-20.000000000000007
-0.13559501490126286,1.4971204706629226,-20.000000000000007
-0.13634314369070832,1.469091816603712,-20.000000000000007
-0.1352364542451437,1.4956132648969092,-20.000000000000007
-0.13500799762049986,1.4901723146345816,-20.000000000000007
-0.13496974848001758,1.4907327764956038,-20.000000000000007
-0.13500799762049986,1.4901723146345816,-20.000000000000007
-0.13559501490126288,1.4971204706629224,-20.000000000000007
-0.1363431436907083,1.4690918166037121,-20.000000000000007
-0.14975414285615307,1.435613454864934,-20.000000000000007
-0.16015086704143036,1.4658572207674505,-20.000000000000007
-0.17716407672167844,1.5760687284044748,-20.000000000000007
-0.17917386072802038,1.5901780441278877,-20.000000000000007
-0.17917386072802036,1.5901780441278879,-20.000000000000007
-0.17917386072802038,1.5901780441278877,-20.000000000000007
-0.1627002308005726,1.4821412217524916,-20.000000000000007
-0.16226514651890211,1.4799780943445653,-20.000000000000007
-0.14975414285615307,1.4356134548649337,-20.000000000000007
-0.13766089245675406,1.4109848407592605,-20.000000000000007
-0.13559501490126286,1.4971204706629222,-20.000000000000007
-0.13162334867738157,1.5125531912026637,-20.000000000000007
-0.14969871320520373,1.437675006587023,-20.000000000000007
-0.18837473412143407,1.573377960684116,-20.000000000000007
-0.21920149922635895,1.933297105139098,-20.000000000000007
-0.2339421196670362,1.9234730708923655,-20.000000000000007
-0.20138593308898806,1.7056697537896857,-20.000000000000007
-0.1622651465189021,1.4799780943445653,-20.000000000000007
-0.1349582935066505,1.4897359463283293,-20.000000000000007
-0.12756711120681585,1.520806514362063,-20.000000000000007
-0.12756711120681588,1.520806514362063,-20.000000000000007
-0.1280959965837955,1.5229324295692201,-20.000000000000007
-0.1301122303325565,1.528686124934353,-20.000000000000007
-0.1308536346182683,1.508329928343825,-20.000000000000007
-0.13477851668463559,1.493063189381522,-20.000000000000007
-0.13496593015556185,1.490400499773179,-20.000000000000007
-0.13559501490126286,1.4971204706629222,-20.000000000000007
-0.1362648890948696,1.4776041952523142,-20.000000000000007
-0.1494730360369043,1.4401127615108213,-20.000000000000007
-0.1494730360369043,1.4401127615108211,-20.000000000000007
-0.1377468926182409,1.4138227263361496,-20.000000000000007
-0.13766089245675403,1.4109848407592602,-20.000000000000007
-0.13481943428516963,1.4901153512901542,-20.000000000000007
-0.1319978515984408,1.5085766974431187,-20.000000000000007
-0.13496593015556185,1.490400499773179,-20.000000000000007
-0.13496974848001758,1.490732776495604,-20.000000000000007
-0.13559501490126286,1.4971204706629226,-20.000000000000007
-0.13766089245675403,1.4109848407592605,-20.000000000000007
-0.13766089245675406,1.4109848407592605,-20.000000000000007
-0.13559501490126288,1.4971204706629224,-20.000000000000007
-0.13523645424514372,1.4956132648969094,-20.000000000000007
-0.13500799762049986,1.4901723146345818,-20.000000000000007
-0.1352364542451437,1.4956132648969094,-20.000000000000007
-0.13559501490126288,1.4971204706629226,-20.000000000000007
-0.13766033188648452,1.4110074467856226,-20.000000000000007
-0.1489623238983579,1.441250436214657,-20.000000000000007
-0.16226514651890211,1.479978094344565,-20.000000000000007
-0.18067000068203437,1.5594198148107747,-20.000000000000007
-0.17716407672167844,1.5760687284044743,-20.000000000000007
-0.17917386072802038,1.5901780441278874,-20.000000000000007
-0.15098649128259778,1.3992341320455806,-20.000000000000007
-0.13634314369070832,1.4690918166037121,-20.000000000000007
-0.1360729657172006,1.4831686616984472,-20.000000000000007
-0.13634314369070832,1.469091816603712,-20.000000000000007
-0.13559501490126288,1.4971204706629224,-20.000000000000007
-0.13496593015556185,1.4904004997731792,-20.000000000000007
-0.13496593015556185,1.4904004997731792,-20.000000000000007
-0.16226514651890211,1.4799780943445653,-20.000000000000007
-0.18837473412143407,1.5733779606841163,-20.000000000000007
-0.21086836437030812,1.8362072935113323,-20.000000000000007
-0.2202822389994352,1.9396231885002952,-20.000000000000007
-0.1822603459450228,1.5752406240198031,-20.000000000000007
-0.14975415741304388,1.4356391577721637,-20.000000000000007
-0.13505647193701795,1.4933154606281192,-20.000000000000007
-0.1296237382480963,1.525556298070263,-20.000000000000007
-0.12684286767579064,1.5197244813100856,-20.000000000000007
-0.12684286767579064,1.5197244813100859,-20.000000000000007
-0.13034416345466582,1.5263060543998153,-20.000000000000007
-0.13160124455853317,1.5129003193082484,-20.000000000000007
-0.13496593015556188,1.4904004997731792,-20.000000000000007
-0.1350079976204999,1.4901723146345818,-20.000000000000007
-0.13559501490126286,1.4971204706629226,-20.000000000000007
-0.13766089245675403,1.4109848407592605,-20.000000000000007
-0.13766089245675406,1.4109848407592602,-20.000000000000007
-0.1489623238983579,1.441250436214657,-20.000000000000007
-0.13766089245675403,1.4109848407592605,-20.000000000000007
-0.136196335367052,1.4783815805750888,-20.000000000000007
-0.13520761964383857,1.4959794566787321,-20.000000000000007
-0.13481943428516963,1.4901153512901542,-20.000000000000007
-0.13500799762049986,1.490172314634582,-20.000000000000007
-0.1352364542451437,1.4956132648969094,-20.000000000000007
-0.13559501490126286,1.4971204706629226,-20.000000000000007
-0.13634314369070832,1.4690918166037121,-20.000000000000007
-0.13559501490126286,1.4971204706629229,-20.000000000000007
-0.13523645424514372,1.4956132648969094,-20.000000000000007
-0.13523645424514372,1.4956132648969096,-20.000000000000007
-0.13505647193701795,1.4933154606281194,-20.000000000000007
-0.1352364542451437,1.4956132648969094,-20.000000000000007
-0.1350079976204999,1.490172314634582,-20.000000000000007
-0.1350079976204999,1.4901723146345818,-20.000000000000007
-0.13505647193701792,1.4933154606281194,-20.000000000000007
-0.13523645424514372,1.4956132648969094,-20.000000000000007
-0.13559501490126286,1.4971204706629224,-20.000000000000007
-0.13766089245675406,1.4109848407592605,-20.000000000000007
-0.14969871320520375,1.437675006587023,-20.000000000000007
-0.14969871320520373,1.4376750065870232,-20.000000000000007
-0.14896232389835787,1.441250436214657,-20.000000000000007
-0.1489623238983579,1.4412504362146568,-20.000000000000007
-0.13559501490126288,1.4971204706629222,-20.000000000000007
-0.13559501490126288,1.4971204706629224,-20.000000000000007
-0.13496593015556188,1.4904004997731792,-20.000000000000007
-0.1622651465189021,1.4799780943445653,-20.000000000000007
-0.18888897604606414,1.574862788567904,-20.000000000000007
-0.2204248350527775,1.934698319856427,-20.000000000000007
-0.23598620224265096,1.9176389343476907,-20.000000000000007
-0.1931594325272424,1.6118386740500745,-20.000000000000007
-0.17259283802865874,1.5472393109831908,-20.000000000000007
-0.1350539468363465,1.4898994611030376,-20.000000000000007
-0.13034416345466582,1.5263060543998153,-20.000000000000007
-0.13028930347204276,1.528323297314952,-20.000000000000007
-0.13136931143642386,1.5152803898427867,-20.000000000000007
-0.13199785159844077,1.5085766974431187,-20.000000000000007
-0.13481943428516963,1.4901153512901542,-20.000000000000007
-0.1352364542451437,1.4956132648969094,-20.000000000000007
-0.13559501490126288,1.4971204706629224,-20.000000000000007
-0.13541503259313706,1.4948226663941324,-20.000000000000007
-0.13766089245675406,1.4109848407592605,-20.000000000000007
-0.13766033188648452,1.4110074467856226,-20.000000000000007
-0.13774689261824094,1.4138227263361496,-20.000000000000007
-0.14975414285615307,1.4356134548649337,-20.000000000000007
-0.1353876019519644,1.4982772609475221,-20.000000000000007
-0.13538760195196436,1.4982772609475221,-20.000000000000007
-0.13482325260962533,1.490447628012579,-20.000000000000007
-0.13500799762049986,1.4901723146345818,-20.000000000000007
-0.13766033188648452,1.4110074467856224,-20.000000000000007
-0.13766089245675403,1.4109848407592605,-20.000000000000007
-0.14975414285615307,1.435613454864934,-20.000000000000007
-0.14969871320520373,1.4376750065870232,-20.000000000000007
-0.13766089245675406,1.4109848407592602,-20.000000000000007
-0.13634314369070832,1.4690918166037121,-20.000000000000007
-0.13766089245675403,1.4109848407592605,-20.000000000000007
-0.13766089245675403,1.4109848407592602,-20.000000000000007
-0.14961452095757005,1.4408829749123402,-20.000000000000007
-0.14975415741304388,1.4356391577721637,-20.000000000000007
-0.16015086704143036,1.4658572207674503,-20.000000000000007
-0.17716407672167847,1.5760687284044748,-20.000000000000007
-0.17716407672167847,1.5760687284044748,-20.000000000000007
-0.17950911580190798,1.5810607140359072,-20.000000000000007
-0.17716407672167844,1.5760687284044748,-20.000000000000007
-0.17359964367809982,1.555262154034674,-20.000000000000007
-0.1742675836248365,1.5596310191219989,-20.000000000000007
-0.14969871320520375,1.4376750065870232,-20.000000000000007
-0.14969871320520375,1.4376750065870232,-20.000000000000007
-0.13559501490126286,1.4971204706629226,-20.000000000000007
-0.13496593015556185,1.490400499773179,-20.000000000000007
-0.13500799762049986,1.4901723146345816,-20.000000000000007
-0.16270023080057264,1.4821412217524916,-20.000000000000007
-0.18842511370101273,1.5738540301251946,-20.000000000000007
-0.21248743473298976,1.8569242044846717,-20.000000000000007
-0.2208853973376787,1.931145289038375,-20.000000000000007
-0.18837473412143405,1.573377960684116,-20.000000000000007
-0.15098649128259778,1.3992341320455806,-20.000000000000007
-0.1352364542451437,1.4956132648969094,-20.000000000000007
-0.1296237382480963,1.5255562980702628,-20.000000000000007
-0.12684286767579064,1.5197244813100859,-20.000000000000007
-0.12684286767579064,1.519724481310086,-20.000000000000007
-0.13034416345466585,1.5263060543998153,-20.000000000000007
-0.13156467037030284,1.5142381573953756,-20.000000000000007
-0.13496593015556188,1.4904004997731792,-20.000000000000007
-0.13496593015556188,1.4904004997731792,-20.000000000000007
-0.1352364542451437,1.4956132648969094,-20.000000000000007
-0.13559501490126286,1.4971204706629226,-20.000000000000007
-0.13634314369070832,1.469091816603712,-20.000000000000007
-0.14969871320520375,1.437675006587023,-20.000000000000007
-0.13766033188648455,1.4110074467856224,-20.000000000000007
-0.13538760195196436,1.4982772609475223,-20.000000000000007
-0.1353876019519644,1.4982772609475223,-20.000000000000007
-0.13481943428516963,1.4901153512901542,-20.000000000000007
-0.13541503259313709,1.4948226663941326,-20.000000000000007
-0.13559501490126286,1.4971204706629226,-20.000000000000007
-0.13766089245675406,1.4109848407592602,-20.000000000000007
-0.14975414285615307,1.4356134548649337,-20.000000000000007
-0.13774689261824094,1.4138227263361494,-20.000000000000007
-0.13766089245675403,1.4109848407592605,-20.000000000000007
-0.1363431436907083,1.4690918166037124,-20.000000000000007
-0.13634314369070832,1.4690918166037121,-20.000000000000007
-0.1360729657172006,1.4831686616984474,-20.000000000000007
-0.13634314369070832,1.4690918166037121,-20.000000000000007
-0.1509864912825978,1.3992341320455803,-20.000000000000007
-0.1489623238983579,1.441250436214657,-20.000000000000007
-0.1627002308005726,1.4821412217524916,-20.000000000000007
-0.18226034594502277,1.575240624019803,-20.000000000000007
-0.16175363895024922,1.4767475548411566,-20.000000000000007
-0.17917386072802038,1.5901780441278879,-20.000000000000007
-0.17825534106184449,1.5837285229747722,-20.000000000000007
-0.1363431436907083,1.4690918166037121,-20.000000000000007
-0.16015086704143033,1.4658572207674503,-20.000000000000007
-0.1377468926182409,1.4138227263361496,-20.000000000000007
-0.1352364542451437,1.4956132648969092,-20.000000000000007
-0.13500799762049986,1.4901723146345818,-20.000000000000007
-0.13607296571720057,1.4831686616984474,-20.000000000000007
-0.18250173051842536,1.573143467874753,-20.000000000000007
-0.22138700232139463,1.92869526337629,-20.000000000000007
-0.23124166311434452,1.9066309764578493,-20.000000000000007
-0.22036702541516234,1.9358645650587785,-20.000000000000007
-0.17950911580190804,1.5810607140359072,-20.000000000000007
-0.13495605330512836,1.4898632237174252,-20.000000000000007
-0.13161953035292592,1.5122209144802388,-20.000000000000007
-0.1291772095208101,1.5267993951471643,-20.000000000000007
-0.13011223033255653,1.5286861249343535,-20.000000000000007
-0.13085363461826827,1.508329928343825,-20.000000000000007
-0.13085358821817872,1.5083537854297928,-20.000000000000007
-0.13500799762049986,1.4901723146345818,-20.000000000000007
-0.13541503259313709,1.4948226663941326,-20.000000000000007
-0.13523645424514372,1.4956132648969092,-20.000000000000007
-0.13774689261824094,1.4138227263361494,-20.000000000000007
-0.13774689261824094,1.4138227263361494,-20.000000000000007
-0.13766089245675403,1.4109848407592605,-20.000000000000007
-0.1509864912825978,1.3992341320455806,-20.000000000000007
-0.13766089245675406,1.4109848407592605,-20.000000000000007
-0.13766089245675406,1.4109848407592605,-20.000000000000007
-0.1352076196438386,1.4959794566787321,-20.000000000000007
-0.13523645424514372,1.4956132648969094,-20.000000000000007
-0.13559501490126286,1.4971204706629226,-20.000000000000007
-0.13559501490126286,1.4971204706629224,-20.000000000000007
-0.13766089245675403,1.4109848407592602,-20.000000000000007
-0.13766089245675403,1.4109848407592602,-20.000000000000007
-0.13559501490126288,1.4971204706629224,-20.000000000000007
-0.13541503259313709,1.4948226663941324,-20.000000000000007
-0.13559501490126286,1.4971204706629226,-20.000000000000007
-0.13607296571720057,1.4831686616984472,-20.000000000000007
-0.1377468926182409,1.4138227263361494,-20.000000000000007
-0.14975415741304388,1.4356391577721634,-20.000000000000007
-0.1622651465189021,1.479978094344565,-20.000000000000007
-0.1742675836248365,1.5596310191219986,-20.000000000000007
-0.17716407672167847,1.5760687284044748,-20.000000000000007
-0.179509115801908,1.5810607140359076,-20.000000000000007
-0.17716407672167844,1.5760687284044745,-20.000000000000007
-0.17548244831557921,1.5669961652094957,-20.000000000000007
-0.1622651465189021,1.4799780943445653,-20.000000000000007
-0.14975414285615307,1.4356134548649337,-20.000000000000007
-0.14969871320520375,1.4376750065870232,-20.000000000000007
-0.13766089245675406,1.4109848407592605,-20.000000000000007
-0.13559501490126286,1.4971204706629226,-20.000000000000007
-0.134987587169906,1.4902841828006381,-20.000000000000007
-0.17235998236359257,1.5450335733037925,-20.000000000000007
-0.18885818653230285,1.577654893015127,-20.000000000000007
-0.21248743473298976,1.8569242044846714,-20.000000000000007
-0.22595826031529193,1.9324263488581668,-20.000000000000007
-0.18888897604606417,1.574862788567904,-20.000000000000007
-0.16015086704143036,1.4658572207674503,-20.000000000000007
-0.13505647193701792,1.4933154606281192,-20.000000000000007
-0.12962373824809628,1.5255562980702628,-20.000000000000007
-0.1254040794022055,1.5225030507157356,-20.000000000000007
-0.12540407940220547,1.5225030507157356,-20.000000000000007
-0.12756711120681585,1.520806514362063,-20.000000000000007
-0.13028930347204276,1.5283232973149523,-20.000000000000007
-0.13160506288298884,1.5132325960306734,-20.000000000000007
-0.13496593015556188,1.4904004997731792,-20.000000000000007
-0.1350079976204999,1.4901723146345816,-20.000000000000007
-0.1363431436907083,1.4690918166037121,-20.000000000000007
-0.1363431436907083,1.4690918166037121,-20.000000000000007
-0.13766089245675403,1.4109848407592605,-20.000000000000007
-0.13766089245675406,1.4109848407592605,-20.000000000000007
-0.1352076196438386,1.4959794566787321,-20.000000000000007
-0.1353876019519644,1.4982772609475223,-20.000000000000007
-0.1348232526096253,1.4904476280125791,-20.000000000000007
-0.13523645424514372,1.4956132648969094,-20.000000000000007
-0.13559501490126288,1.4971204706629226,-20.000000000000007
-0.13559501490126288,1.4971204706629226,-20.000000000000007
-0.13766089245675403,1.4109848407592602,-20.000000000000007
-0.13634314369070832,1.469091816603712,-20.000000000000007
-0.13559501490126286,1.4971204706629226,-20.000000000000007
-0.13607296571720057,1.4831686616984474,-20.000000000000007
-0.13634314369070832,1.469091816603712,-20.000000000000007
-0.1377468926182409,1.4138227263361496,-20.000000000000007
-0.1497541574130439,1.4356391577721634,-20.000000000000007
-0.16226514651890211,1.479978094344565,-20.000000000000007
-0.17716407672167844,1.5760687284044743,-20.000000000000007
-0.17716407672167847,1.5760687284044745,-20.000000000000007
-0.180374903390968,1.5624216849117094,-20.000000000000007
-0.17917386072802036,1.5901780441278874,-20.000000000000007
-0.18040437186688577,1.5611767535850447,-20.000000000000007
-0.17825534106184443,1.5837285229747722,-20.000000000000007
-0.17716407672167847,1.5760687284044745,-20.000000000000007
-0.16491224342351887,1.4962079272044329,-20.000000000000007
-0.1509864912825978,1.3992341320455806,-20.000000000000007
-0.14975414285615304,1.435613454864934,-20.000000000000007
-0.1352364542451437,1.4956132648969094,-20.000000000000007
-0.17917386072802036,1.5901780441278877,-20.000000000000007
-0.2214828736145365,1.9303292419337907,-20.000000000000007
-0.2638091441500439,1.7627160490657265,-20.000000000000007
-0.3113029236186475,1.5005729845761213,-20.000000000000007
-0.3278067877243887,1.4990833924147988,-20.000000000000007
-0.3347325960737446,1.49917326746607,-20.000000000000007
-0.3313504073365491,1.4987222891515535,-20.000000000000007
-0.3230431430999099,1.498480067448403,-20.000000000000007
-0.31903448507480753,1.497189966809983,-20.000000000000007
-0.3048365302203368,1.5054126349958048,-20.000000000000007
-0.31146648021384127,1.5007208993652794,-20.000000000000007
-0.3120178484244059,1.5042001719344678,-20.000000000000007
-0.3103060046487905,1.5018041049957915,-20.000000000000007
-0.30469651327113145,1.5065028242821878,-20.000000000000007
-0.29392143141561916,1.5971422552553443,-20.000000000000007
-0.2786975700613999,1.5412398948221344,-20.000000000000007
-0.25438391319647957,1.760137815227938,-20.000000000000007
-0.2475155713297458,1.78598087623253,-20.000000000000007
-0.24970714029419094,1.7323353428829198,-20.000000000000007
-0.2504317888837009,1.6939228483450315,-20.000000000000007
-0.26973314694279066,1.725551606271331,-20.000000000000007
-0.27625728816879325,1.609383143088623,-20.000000000000007
-0.2762572881687932,1.609383143088623,-20.000000000000007
-0.2807866153310694,1.5114112648091447,-20.000000000000007
-0.2532494250933458,1.7520336440716366,-20.000000000000007
-0.27634946672315597,1.6059889114254509,-20.000000000000007
-0.25282111444491556,1.7411105378414131,-20.000000000000007
-0.25837464979217817,1.7724468559571034,-20.000000000000007
-0.27687658187823194,1.5925305551107374,-20.000000000000007
-0.2706946648376055,1.7110862402984544,-20.000000000000007
-0.28011681502668095,1.5081261530810863,-20.000000000000007
-0.2799303887599007,1.5136879349395191,-20.000000000000007
-0.28015056852487374,1.5049249248193286,-20.000000000000007
-0.28391254215135964,1.549416570949266,-20.000000000000007
-0.28418863620127066,1.553687463969622,-20.000000000000007
-0.29189214994868057,1.5877765777041217,-20.000000000000007
-0.2862183638629078,1.5661048258535117,-20.000000000000007
-0.28011681502668095,1.508126153081086,-20.000000000000007
-0.28430168384576776,1.5549611531460616,-20.000000000000007
-0.25466917964728536,1.7581784793614414,-20.000000000000007
-0.27965054770780057,1.5205278537775684,-20.000000000000007
-0.263663293916752,1.75949699433331,-20.000000000000007
-0.26443354651584017,1.7602609374540505,-20.000000000000007
-0.2801505685248738,1.5049249248193288,-20.000000000000007
-0.27965054770780057,1.5205278537775686,-20.000000000000007
-0.28024248632243076,1.5048217717977548,-20.000000000000007
-0.28015056852487374,1.5049249248193286,-20.000000000000007
-0.28011681502668095,1.5081261530810859,-20.000000000000007
-0.28282190184040923,1.5372665680078783,-20.000000000000007
-0.2820252662088928,1.5353191536026751,-20.000000000000007
-0.2861467625785086,1.5660632206302454,-20.000000000000007
-0.2860847862583424,1.56600723517779,-20.000000000000007
-0.27559052746018664,1.6162925205750538,-20.000000000000007
-0.2819252686870596,1.5318721242677227,-20.000000000000007
-0.25043178888370093,1.6939228483450317,-20.000000000000007
-0.2656325376969575,1.76265935785218,-20.000000000000007
-0.25665330544388626,1.7624957319651662,-20.000000000000007
-0.26218851282076433,1.7620184293860914,-20.000000000000007
-0.2801168150266809,1.508126153081086,-20.000000000000007
-0.2799303887599006,1.5136879349395191,-20.000000000000007
-0.28024248632243076,1.5048217717977548,-20.000000000000007
-0.28075530797541237,1.511690518583444,-20.000000000000007
-0.2803692287519004,1.5049893190725439,-20.000000000000007
-0.28282190184040923,1.5372665680078783,-20.000000000000007
-0.2820252662088928,1.5353191536026751,-20.000000000000007
-0.2819252686870595,1.531872124267723,-20.000000000000007
-0.28402558979585685,1.550690260125706,-20.000000000000007
-0.25650117917607346,1.761353988307684,-20.000000000000007
-0.28024248632243076,1.5048217717977546,-20.000000000000007
-0.2496592960181045,1.7158043202322317,-20.000000000000007
-0.2621885128207643,1.7620184293860912,-20.000000000000007
-0.2644335465158401,1.7602609374540503,-20.000000000000007
-0.2626559614248376,1.7631938245671042,-20.000000000000007
-0.28011681502668095,1.5081261530810859,-20.000000000000007
-0.28011681502668095,1.508126153081086,-20.000000000000007
-0.2802424863224308,1.5048217717977548,-20.000000000000007
-0.28147973710679575,1.52529738204103,-20.000000000000007
-0.2809086611486742,1.5104329071683653,-20.000000000000007
-0.2825098217916384,1.534826745197063,-20.000000000000007
-0.28147985274959597,1.5255570079449206,-20.000000000000007
-0.2801168150266809,1.508126153081086,-20.000000000000007
-0.2828105754745732,1.537317099739418,-20.000000000000007
-0.2528211144449155,1.7411105378414133,-20.000000000000007
-0.2796505477078005,1.5205278537775684,-20.000000000000007
-0.24993528498545964,1.707121426386641,-20.000000000000007
-0.25592671721365823,1.7610457069899332,-20.000000000000007
-0.266668688478661,1.76091006402598,-20.000000000000007
-0.26265596142483755,1.7631938245671042,-20.000000000000007
-0.2801168150266809,1.5081261530810863,-20.000000000000007
-0.2798075674954213,1.514002074040039,-20.000000000000007
-0.28011681502668095,1.508126153081086,-20.000000000000007
-0.28011681502668095,1.508126153081086,-20.000000000000007
-0.28011681502668095,1.508126153081086,-20.000000000000007
-0.2803532329383976,1.5049414149407447,-20.000000000000007
-0.28015056852487374,1.5049249248193286,-20.000000000000007
-0.2645097652915035,1.7621367753841426,-20.000000000000007
-0.2801505685248738,1.5049249248193286,-20.000000000000007
-0.24770498968745444,1.7812067663578977,-20.000000000000007
-0.26265596142483755,1.7631938245671044,-20.000000000000007
-0.24953121422470548,1.729042867635004,-20.000000000000007
-0.25059534185591864,1.6984670324066025,-20.000000000000007
-0.2656325376969575,1.7626593578521803,-20.000000000000007
-0.2593545571017538,1.7721205421266202,-20.000000000000007
-0.27869757006139995,1.5412398948221344,-20.000000000000007
-0.27873101659765587,1.540481016840682,-20.000000000000007
-0.2796505477078005,1.5205278537775686,-20.000000000000007
-0.2799303887599007,1.5136879349395194,-20.000000000000007
-0.2801168150266809,1.5081261530810863,-20.000000000000007
-0.2801168150266809,1.508126153081086,-20.000000000000007
-0.28078661533106947,1.5114112648091447,-20.000000000000007
-0.25668329939756884,1.764295702542881,-20.000000000000007
-0.28091775621608633,1.510171320263324,-20.000000000000007
-0.2482223989705781,1.7683570877307098,-20.000000000000007
-0.26443354651584017,1.7602609374540505,-20.000000000000007
-0.2559407758559155,1.7614083249511685,-20.000000000000007
-0.25338221006220785,1.7534457925091358,-20.000000000000007
-0.27625728816879325,1.6093831430886232,-20.000000000000007
-0.26165148767233376,1.7647756256400062,-20.000000000000007
-0.27610483232387384,1.6125538680771443,-20.000000000000007
-0.26523415692589575,1.763931704810019,-20.000000000000007
-0.2786975700613999,1.5412398948221349,-20.000000000000007
-0.26455410109695354,1.7607079508033523,-20.000000000000007
-0.2762572881687932,1.6093831430886232,-20.000000000000007
-0.2636632939167519,1.7594969943333099,-20.000000000000007
-0.27610483232387384,1.6125538680771445,-20.000000000000007
-0.24907202132732092,1.744185551235172,-20.000000000000007
-0.2794258240158509,1.5230811353673013,-20.000000000000007
-0.24822669455309762,1.7673008397904242,-20.000000000000007
-0.25566094055508704,1.7606473690537872,-20.000000000000007
-0.25646114272233794,1.761161462928727,-20.000000000000007
-0.2477049896874544,1.7812067663578977,-20.000000000000007
-0.25652956348855444,1.761779676321293,-20.000000000000007
-0.24966256585970895,1.7246644416135952,-20.000000000000007
-0.2528211144449155,1.7411105378414133,-20.000000000000007
-0.25042506457492564,1.6957051475636797,-20.000000000000007
-0.25438391319647957,1.7601378152279379,-20.000000000000007
-0.25016825580593016,1.7025417255829665,-20.000000000000007
-0.2565011791760735,1.7613539883076843,-20.000000000000007
-0.24976097167650957,1.7205989124622212,-20.000000000000007
-0.25615404899355426,1.761859833723206,-20.000000000000007
-0.23713542594845222,1.9039820194760921,-20.000000000000007
-0.25550369676031126,1.7583591302339725,-20.000000000000007
-0.24365140066121554,1.8265166791797773,-20.000000000000007
-0.24868610794838672,1.7572103173397444,-20.000000000000007
-0.2543839131964796,1.7601378152279383,-20.000000000000007
-0.24770498968745447,1.7812067663578974,-20.000000000000007
-0.2557516717060962,1.7589560874522885,-20.000000000000007
-0.2504317888837009,1.6939228483450313,-20.000000000000007
-0.2547790577237609,1.7583171016017092,-20.000000000000007
-0.252659945358531,1.7430517642455479,-20.000000000000007
-0.25583209514869754,1.7595842559999995,-20.000000000000007
-0.25041792467991414,1.701698600034327,-20.000000000000007
-0.25576945034880993,1.7586283966301814,-20.000000000000007
-0.2455126663641305,1.810065549901843,-20.000000000000007
-0.25438391319647957,1.760137815227938,-20.000000000000007
-0.23074417539123546,1.9088211661899983,-20.000000000000007
-0.2528211144449155,1.7411105378414131,-20.000000000000007
-0.2454197291293121,1.8094787946527204,-20.000000000000007
-0.24472429706453333,1.8147491635665434,-20.000000000000007
-0.25316912869860875,1.750635263134076,-20.000000000000007
-0.24458341729461527,1.8151781512632397,-20.000000000000007
-0.2531691286986088,1.7506352631340762,-20.000000000000007
-0.2499352849854597,1.7071214263866408,-20.000000000000007
-0.2531691286986088,1.7506352631340758,-20.000000000000007
-0.24857298907910227,1.7619215994611608,-20.000000000000007
-0.25338221006220785,1.753445792509136,-20.000000000000007
-0.2489345630116248,1.7481862454799584,-20.000000000000007
-0.25438391319647957,1.7601378152279383,-20.000000000000007
-0.24382110599936807,1.822101632374892,-20.000000000000007
-0.2523009722355093,1.7343576977500763,-20.000000000000007
-0.22899518854702022,1.9205561705070902,-20.000000000000007
-0.24833195881002493,1.7680660072827472,-20.000000000000007
-0.23716499547778627,1.9034434248714716,-20.000000000000007
-0.23074417539123548,1.9088211661899979,-20.000000000000007
-0.24770498968745447,1.7812067663578974,-20.000000000000007
-0.22747948179221975,1.9178329122632696,-20.000000000000007
-0.23627546092076895,1.9125746720860466,-20.000000000000007
-0.22164106841618958,1.9189519988593975,-20.000000000000007
-0.21173096932913646,1.8478864443445637,-20.000000000000007
-0.1738873411296755,1.556706883485759,-20.000000000000007
-0.1723007520644122,1.5935067427276293,-20.000000000000007
-0.14951161413712508,1.4836989924470356,-20.000000000000007
-0.1495116141371251,1.4836989924470356,-20.000000000000007
-0.15051641496476995,1.4437806381826717,-20.000000000000007
-0.1495670677029665,1.4816796669296808,-20.000000000000007
-0.1495670677029665,1.4816796669296808,-20.000000000000007
-0.1495670437880744,1.4816374407249464,-20.000000000000007
-0.1495670437880744,1.4816374407249462,-20.000000000000007
-0.1382798588636003,1.4248050209160281,-20.000000000000007
-0.15051641496476997,1.4437806381826719,-20.000000000000007
-0.14911574455970505,1.4865068301192619,-20.000000000000007
-0.1495670437880744,1.4816374407249464,-20.000000000000007
-0.1495670437880744,1.4816374407249462,-20.000000000000007
-0.1495116141371251,1.4836989924470356,-20.000000000000007
-0.14911574455970508,1.4865068301192619,-20.000000000000007
-0.1495116141371251,1.4836989924470356,-20.000000000000007
-0.13836585902508713,1.4276429064929175,-20.000000000000007
-0.13827985886360028,1.4248050209160283,-20.000000000000007
-0.14911574455970508,1.4865068301192619,-20.000000000000007
-0.1383658590250871,1.4276429064929173,-20.000000000000007
-0.1495116141371251,1.4836989924470356,-20.000000000000007
-0.1492859369688256,1.4861367473708336,-20.000000000000007
-0.1495116141371251,1.4836989924470356,-20.000000000000007
-0.13827985886360028,1.4248050209160281,-20.000000000000007
-0.1495116141371251,1.4836989924470356,-20.000000000000007
-0.13836585902508713,1.4276429064929175,-20.000000000000007
-0.1495116141371251,1.4836989924470356,-20.000000000000007
-0.1495116141371251,1.4836989924470354,-20.000000000000007
-0.14911574455970505,1.4865068301192617,-20.000000000000007
-0.13827985886360028,1.4248050209160281,-20.000000000000007
-0.13827985886360028,1.4248050209160283,-20.000000000000007
-0.13634545199768403,1.4817557980269473,-20.000000000000007
-0.13634545199768405,1.4817557980269473,-20.000000000000007
-0.13827985886360028,1.4248050209160281,-20.000000000000007
-0.13634545199768405,1.4817557980269473,-20.000000000000007
-0.13634545199768405,1.4817557980269473,-20.000000000000007
-0.1382792982933308,1.4248276269423903,-20.000000000000007
-0.13634545199768405,1.4817557980269473,-20.000000000000007
-0.13634545199768405,1.4817557980269471,-20.000000000000007
-0.13836585902508713,1.4276429064929175,-20.000000000000007
-0.1382792982933308,1.4248276269423903,-20.000000000000007
-0.1382798588636003,1.4248050209160281,-20.000000000000007
-0.13634545199768405,1.4817557980269471,-20.000000000000007
-0.13634545199768405,1.4817557980269473,-20.000000000000007
-0.13548266325810884,1.510385455395212,-20.000000000000007
-0.13548266325810884,1.5103854553952125,-20.000000000000007
-0.13548266325810884,1.510385455395212,-20.000000000000007
-0.13548266325810884,1.510385455395212,-20.000000000000007
-0.13548266325810884,1.510385455395212,-20.000000000000007
-0.13548266325810884,1.510385455395212,-20.000000000000007
-0.13517229201935851,1.508478118708559,-20.000000000000007
-0.13548266325810884,1.510385455395212,-20.000000000000007
-0.13548266325810884,1.5103854553952123,-20.000000000000007
-0.13517229201935851,1.508478118708559,-20.000000000000007
-0.1362671974018453,1.4902681766755492,-20.000000000000007
-0.13548266325810884,1.510385455395212,-20.000000000000007
-0.1362671974018453,1.4902681766755492,-20.000000000000007
-0.13548266325810887,1.510385455395212,-20.000000000000007
-0.13548266325810887,1.510385455395212,-20.000000000000007
-0.13517229201935851,1.5084781187085592,-20.000000000000007
-0.13548266325810882,1.510385455395212,-20.000000000000007
-0.13548266325810887,1.510385455395212,-20.000000000000007
-0.13548266325810887,1.510385455395212,-20.000000000000007
-0.13606264930065265,1.4974974914946906,-20.000000000000007
-0.13827985886360028,1.4248050209160281,-20.000000000000007
-0.13634545199768403,1.4817557980269473,-20.000000000000007
-0.13827985886360028,1.4248050209160281,-20.000000000000007
-0.14942742188949143,1.4869069607723528,-20.000000000000007
-0.1382798588636003,1.4248050209160281,-20.000000000000007
-0.15051641496476995,1.4437806381826717,-20.000000000000007
-0.1495670437880744,1.4816374407249464,-20.000000000000007
-0.15051641496476997,1.4437806381826717,-20.000000000000007
-0.1495670437880744,1.4816374407249462,-20.000000000000007
-0.15051658509843163,1.4436931622007894,-20.000000000000007
-0.15051641496476995,1.4437806381826717,-20.000000000000007
-0.1495670437880744,1.4816374407249462,-20.000000000000007
-0.1570510904732872,1.5036218935682937,-20.000000000000007
-0.14956706770296652,1.4816796669296808,-20.000000000000007
-0.15705109047328722,1.5036218935682935,-20.000000000000007
-0.16068037498543777,1.5278630466591991,-20.000000000000007
-0.1606803749854378,1.527863046659199,-20.000000000000007
-0.15917973565243243,1.5149770990087172,-20.000000000000007
-0.17177201680536935,1.5990902493924237,-20.000000000000007
-0.16068037498543777,1.5278630466591987,-20.000000000000007
-0.17230075206441223,1.5935067427276293,-20.000000000000007
-0.1703340981760395,1.5849866947369589,-20.000000000000007
-0.17177201680536935,1.5990902493924237,-20.000000000000007
-0.1721264950334419,1.5957115315232313,-20.000000000000007
-0.17177201680536933,1.5990902493924235,-20.000000000000007
-0.1723007520644122,1.5935067427276295,-20.000000000000007
-0.17033409817603948,1.5849866947369589,-20.000000000000007
-0.1723007520644122,1.5935067427276295,-20.000000000000007
-0.17177201680536935,1.5990902493924235,-20.000000000000007
-0.17510106245462623,1.566404525262054,-20.000000000000007
-0.17510106245462623,1.5664045252620542,-20.000000000000007
-0.17534244702802876,1.5643073691170035,-20.000000000000007
-0.17510106245462623,1.5664045252620535,-20.000000000000007
-0.1810614761579772,1.566595938527179,-20.000000000000007
-0.17510106245462623,1.5664045252620538,-20.000000000000007
-0.1810614761579772,1.566595938527179,-20.000000000000007
-0.18106147615797724,1.566595938527179,-20.000000000000007
-0.1810614761579772,1.566595938527179,-20.000000000000007
-0.18160650863614658,1.5652904978856894,-20.000000000000007
-0.1810614761579772,1.5665959385271793,-20.000000000000007
-0.1811118557375559,1.567072007968258,-20.000000000000007
-0.1751010624546262,1.5664045252620542,-20.000000000000007
-0.18111185573755592,1.567072007968258,-20.000000000000007
-0.1815757191223852,1.5680826023329122,-20.000000000000007
-0.18569792257347767,1.6005766158727195,-20.000000000000007
-0.18615639672437706,1.6073672656103333,-20.000000000000007
-0.1960505233279444,1.6994507469824103,-20.000000000000007
-0.1818059818412709,1.5688930394679041,-20.000000000000007
-0.2002751479582084,1.73999562205153,-20.000000000000007
-0.18206498278704603,1.5720811476233032,-20.000000000000007
-0.19605052332794443,1.6994507469824103,-20.000000000000007
-0.2002751479582084,1.7399956220515302,-20.000000000000007
-0.19939141523199577,1.7296016868114208,-20.000000000000007
-0.20120876532971133,1.7505922392484128,-20.000000000000007
-0.1960505233279444,1.6994507469824103,-20.000000000000007
-0.19343905129431974,1.6755259048730788,-20.000000000000007
-0.18180598184127092,1.568893039467904,-20.000000000000007
-0.20027514795820842,1.73999562205153,-20.000000000000007
-0.20279075708190072,1.7643712819915207,-20.000000000000007
-0.2206284611958884,1.9240573197414905,-20.000000000000007
-0.2206284611958884,1.9240573197414903,-20.000000000000007
-0.2213517157031562,1.92749326438333,-20.000000000000007
-0.21173096932913643,1.8478864443445637,-20.000000000000007
-0.220866684129576,1.9276258294791233,-20.000000000000007
-0.21173096932913643,1.8478864443445637,-20.000000000000007
-0.22132548951472808,1.9286160178736895,-20.000000000000007
-0.22623759411823388,1.9225296613849578,-20.000000000000007
-0.22586189941672347,1.923627805307498,-20.000000000000007
-0.22187224334523903,1.9254177131544248,-20.000000000000007
-0.219816355261127,1.9254145073810724,-20.000000000000007
-0.21088307696788908,1.8406422820217245,-20.000000000000007
-0.20052713059800217,1.7437632542726695,-20.000000000000007
-0.21981635526112703,1.9254145073810722,-20.000000000000007
-0.2213317010830181,1.928846476778339,-20.000000000000007
-0.2289951885470202,1.9205561705070902,-20.000000000000007
-0.22623759411823388,1.922529661384958,-20.000000000000007
-0.22369678545683427,1.9181970588997486,-20.000000000000007
-0.21173096932913646,1.8478864443445633,-20.000000000000007
-0.2206284611958884,1.9240573197414905,-20.000000000000007
-0.21173096932913643,1.8478864443445637,-20.000000000000007
-0.22164106841618958,1.9189519988593975,-20.000000000000007
-0.22623759411823388,1.9225296613849578,-20.000000000000007
-0.2258618994167234,1.9236278053074976,-20.000000000000007
-0.22062846119588841,1.92405731974149,-20.000000000000007
-0.219816355261127,1.9254145073810722,-20.000000000000007
-0.21173096932913646,1.8478864443445635,-20.000000000000007
-0.21939372147519295,1.9217736305607285,-20.000000000000007
-0.22164106841618958,1.9189519988593975,-20.000000000000007
-0.22718604684609814,1.9204048324940464,-20.000000000000007
-0.22899518854702025,1.92055617050709,-20.000000000000007
-0.22740323806188642,1.9197471201459866,-20.000000000000007
-0.2271860468460981,1.9204048324940461,-20.000000000000007
-0.22052344232654955,1.9237271384636405,-20.000000000000007
-0.22369678545683427,1.9181970588997488,-20.000000000000007
-0.2212524399171696,1.9299786513414894,-20.000000000000007
-0.22747948179221972,1.9178329122632694,-20.000000000000007
-0.22718604684609814,1.9204048324940461,-20.000000000000007
-0.22752901486260177,1.9173926186772392,-20.000000000000007
-0.2206284611958884,1.9240573197414903,-20.000000000000007
-0.22164106841618955,1.9189519988593977,-20.000000000000007
-0.22132548951472808,1.9286160178736895,-20.000000000000007
-0.22899518854702025,1.9205561705070897,-20.000000000000007
-0.23304777438252763,1.9172453456714924,-20.000000000000007
-0.23501322128369706,1.9220489240732055,-20.000000000000007
-0.23124047926219998,1.9064546555122124,-20.000000000000007
-0.22733497332734356,1.9193198109185883,-20.000000000000007
-0.22369678545683427,1.9181970588997488,-20.000000000000007
-0.21211485338650726,1.8515613530094885,-20.000000000000007
-0.2258618994167234,1.923627805307498,-20.000000000000007
-0.22164106841618955,1.9189519988593977,-20.000000000000007
-0.22747948179221975,1.9178329122632696,-20.000000000000007
-0.22171933042044595,1.9208641799238846,-20.000000000000007
-0.22187224334523903,1.9254177131544248,-20.000000000000007
-0.21173096932913643,1.8478864443445637,-20.000000000000007
-0.22133170108301808,1.9288464767783389,-20.000000000000007
-0.22164106841618958,1.9189519988593977,-20.000000000000007
-0.22909101447985047,1.9204094190883196,-20.000000000000007
-0.23104894066734633,1.9062717349328504,-20.000000000000007
-0.23273476470731286,1.9116545301870458,-20.000000000000007
-0.22747948179221972,1.9178329122632691,-20.000000000000007
-0.2217193304204459,1.9208641799238848,-20.000000000000007
-0.22187224334523903,1.9254177131544246,-20.000000000000007
-0.21939372147519298,1.9217736305607287,-20.000000000000007
-0.22747948179221972,1.9178329122632696,-20.000000000000007
-0.22586189941672344,1.9236278053074978,-20.000000000000007
-0.2269582413823748,1.922862066999163,-20.000000000000007
-0.22062846119588841,1.9240573197414905,-20.000000000000007
-0.22115315607290423,1.929651948335753,-20.000000000000007
-0.21173096932913646,1.8478864443445633,-20.000000000000007
-0.22369678545683427,1.9181970588997486,-20.000000000000007
-0.22740323806188642,1.9197471201459866,-20.000000000000007
-0.23195297720193025,1.9083333632408706,-20.000000000000007
-0.22994567150625356,1.9195387691581567,-20.000000000000007
-0.23074417539123546,1.908821166189998,-20.000000000000007
-0.22586189941672347,1.9236278053074978,-20.000000000000007
-0.22062846119588841,1.9240573197414905,-20.000000000000007
-0.22695824138237486,1.9228620669991632,-20.000000000000007
-0.22164106841618958,1.9189519988593975,-20.000000000000007
-0.2319529772019303,1.9083333632408706,-20.000000000000007
-0.22899518854702025,1.92055617050709,-20.000000000000007
-0.22899518854702028,1.9205561705070902,-20.000000000000007
-0.22094130554641436,1.9269729367606057,-20.000000000000007
-0.22187224334523906,1.9254177131544248,-20.000000000000007
-0.22135171570315623,1.9274932643833298,-20.000000000000007
-0.2290910144798505,1.9204094190883196,-20.000000000000007
-0.23233021493386954,1.9103137227061984,-20.000000000000007
-0.23577615157173537,1.9139808551233313,-20.000000000000007
-0.23173455060000436,1.9071977993656835,-20.000000000000007
-0.23195297720193025,1.9083333632408706,-20.000000000000007
-0.22747948179221975,1.9178329122632694,-20.000000000000007
-0.22164106841618955,1.9189519988593977,-20.000000000000007
-0.23116317281384932,1.9059405941570298,-20.000000000000007
-0.2290910144798505,1.9204094190883194,-20.000000000000007
-0.2371649954777863,1.9034434248714716,-20.000000000000007
-0.23273476470731289,1.9116545301870462,-20.000000000000007
-0.2323302149338696,1.9103137227061988,-20.000000000000007
-0.22133170108301808,1.928846476778339,-20.000000000000007
-0.22623759411823385,1.9225296613849578,-20.000000000000007
-0.22187224334523906,1.9254177131544246,-20.000000000000007
-0.23074417539123543,1.9088211661899979,-20.000000000000007
-0.23224354398565397,1.9100708028358502,-20.000000000000007
-0.23476005108754985,1.9246267303173614,-20.000000000000007
-0.22899518854702022,1.92055617050709,-20.000000000000007
-0.22718604684609814,1.9204048324940464,-20.000000000000007
-0.22187224334523906,1.9254177131544248,-20.000000000000007
-0.219816355261127,1.9254145073810722,-20.000000000000007
-0.22752901486260174,1.9173926186772394,-20.000000000000007
-0.22623759411823388,1.9225296613849583,-20.000000000000007
-0.2311631728138493,1.90594059415703,-20.000000000000007
-0.2269401645833434,1.9239439328329513,-20.000000000000007
-0.2269401645833434,1.923943932832951,-20.000000000000007
-0.21361687484430877,1.8659073978514424,-20.000000000000007
-0.22171933042044592,1.9208641799238846,-20.000000000000007
-0.2258618994167234,1.9236278053074978,-20.000000000000007
-0.23195297720193028,1.9083333632408706,-20.000000000000007
-0.23195297720193025,1.90833336324087,-20.000000000000007
-0.23476005108754983,1.9246267303173616,-20.000000000000007
-0.2289951885470202,1.9205561705070902,-20.000000000000007
-0.22171933042044595,1.920864179923885,-20.000000000000007
-0.2258618994167234,1.923627805307498,-20.000000000000007
-0.22052344232654952,1.9237271384636405,-20.000000000000007
-0.2298463649818323,1.919368866113516,-20.000000000000007
-0.22899518854702025,1.9205561705070902,-20.000000000000007
-0.2311631728138493,1.90594059415703,-20.000000000000007
-0.22164106841618955,1.9189519988593977,-20.000000000000007
-0.22586575302864215,1.923645815642917,-20.000000000000007
-0.21981635526112697,1.9254145073810724,-20.000000000000007
-0.2271860468460981,1.9204048324940464,-20.000000000000007
-0.22959849940768703,1.919191087025267,-20.000000000000007
-0.23476005108754985,1.9246267303173614,-20.000000000000007
-0.2310489406673463,1.9062717349328506,-20.000000000000007
-0.2342341331067731,1.9207455927972044,-20.000000000000007
-0.22695824138237483,1.9228620669991632,-20.000000000000007
-0.22125243991716964,1.9299786513414894,-20.000000000000007
-0.2271860468460981,1.9204048324940464,-20.000000000000007
-0.22164106841618952,1.9189519988593977,-20.000000000000007
-0.23195297720193025,1.9083333632408706,-20.000000000000007
-0.229598499407687,1.9191910870252669,-20.000000000000007
-0.23104894066734633,1.9062717349328506,-20.000000000000007
-0.22164106841618958,1.9189519988593975,-20.000000000000007
-0.22899518854702022,1.9205561705070902,-20.000000000000007
-0.2258618994167234,1.9236278053074978,-20.000000000000007
-0.23476005108754985,1.9246267303173616,-20.000000000000007
-0.23476005108754983,1.9246267303173616,-20.000000000000007
-0.2392610307519819,1.8837082537608978,-20.000000000000007
-0.23224354398565397,1.9100708028358502,-20.000000000000007
-0.23466077764106358,1.9230003114935412,-20.000000000000007
-0.22899518854702022,1.9205561705070902,-20.000000000000007
-0.22187224334523906,1.9254177131544248,-20.000000000000007
-0.23124047926219993,1.9064546555122126,-20.000000000000007
-0.22747948179221972,1.9178329122632696,-20.000000000000007
-0.2346607776410636,1.9230003114935412,-20.000000000000007
-0.22909101447985047,1.9204094190883194,-20.000000000000007
-0.22899518854702022,1.9205561705070902,-20.000000000000007
-0.220866684129576,1.9276258294791235,-20.000000000000007
-0.2271860468460981,1.9204048324940461,-20.000000000000007
-0.22187224334523903,1.9254177131544248,-20.000000000000007
-0.232243543985654,1.9100708028358504,-20.000000000000007
-0.23116317281384932,1.90594059415703,-20.000000000000007
-0.23694619962472763,1.9060256362447217,-20.000000000000007
-0.23074417539123548,1.9088211661899979,-20.000000000000007
-0.2311631728138493,1.90594059415703,-20.000000000000007
-0.22994567150625356,1.919538769158157,-20.000000000000007
-0.22718604684609814,1.9204048324940464,-20.000000000000007
-0.23649003800490165,1.9114501057498523,-20.000000000000007
-0.23308491226036115,1.9179285591278705,-20.000000000000007
-0.2384256415902143,1.8886074717364982,-20.000000000000007
-0.23074417539123543,1.9088211661899979,-20.000000000000007
-0.2311631728138493,1.90594059415703,-20.000000000000007
-0.22187224334523903,1.9254177131544248,-20.000000000000007
-0.23273476470731286,1.9116545301870458,-20.000000000000007
-0.2330477743825276,1.9172453456714922,-20.000000000000007
-0.24444683310721674,1.81455089101965,-20.000000000000007
-0.23926103075198193,1.8837082537608976,-20.000000000000007
-0.2462422007401002,1.8025016336930078,-20.000000000000007
-0.23577615157173537,1.9139808551233313,-20.000000000000007
-0.23304777438252763,1.9172453456714926,-20.000000000000007
-0.23476005108754985,1.9246267303173614,-20.000000000000007
-0.22959849940768703,1.919191087025267,-20.000000000000007
-0.24272730694058497,1.8331984741568825,-20.000000000000007
-0.23716499547778627,1.9034434248714716,-20.000000000000007
-0.24368022622945001,1.822530620071588,-20.000000000000007
-0.23190320374789108,1.9077231666101997,-20.000000000000007
-0.23694619962472757,1.9060256362447219,-20.000000000000007
-0.23104894066734633,1.9062717349328504,-20.000000000000007
-0.24382110599936807,1.8221016323748918,-20.000000000000007
-0.2443342902748983,1.817569520463286,-20.000000000000007
-0.24770498968745444,1.7812067663578977,-20.000000000000007
-0.24368022622945001,1.8225306200715878,-20.000000000000007
-0.24624220074010017,1.8025016336930078,-20.000000000000007
-0.2392610307519819,1.8837082537608971,-20.000000000000007
-0.23476005108754985,1.9246267303173612,-20.000000000000007
-0.24382110599936807,1.8221016323748915,-20.000000000000007
-0.23476005108754983,1.9246267303173612,-20.000000000000007
-0.24541972912931204,1.8094787946527204,-20.000000000000007
-0.24368022622945001,1.822530620071588,-20.000000000000007
-0.24368022622945004,1.822530620071588,-20.000000000000007
-0.23219404399320695,1.9090545806427013,-20.000000000000007
-0.2416839883848246,1.8501095798725973,-20.000000000000007
-0.23577615157173537,1.9139808551233315,-20.000000000000007
-0.2477049896874544,1.7812067663578977,-20.000000000000007
-0.24770498968745444,1.7812067663578977,-20.000000000000007
-0.2483319588100249,1.7680660072827472,-20.000000000000007
-0.24368022622945001,1.822530620071588,-20.000000000000007
-0.24541972912931204,1.8094787946527204,-20.000000000000007
-0.2373387506209533,1.903251332240647,-20.000000000000007
-0.23476005108754983,1.9246267303173612,-20.000000000000007
-0.2455126663641305,1.8100655499018425,-20.000000000000007
-0.23926103075198196,1.8837082537608976,-20.000000000000007
-0.2455126663641305,1.8100655499018428,-20.000000000000007
-0.23716499547778624,1.9034434248714716,-20.000000000000007
-0.23649003800490165,1.9114501057498519,-20.000000000000007
-0.22994567150625356,1.919538769158157,-20.000000000000007
-0.24382110599936807,1.822101632374892,-20.000000000000007
-0.24272730694058497,1.833198474156883,-20.000000000000007
-0.24857298907910225,1.7619215994611608,-20.000000000000007
-0.2477049896874544,1.7812067663578977,-20.000000000000007
-0.24857298907910225,1.7619215994611603,-20.000000000000007
-0.239261030751982,1.8837082537608973,-20.000000000000007
-0.23826218031341156,1.8915699774047923,-20.000000000000007
-0.2360506929732718,1.913582861920025,-20.000000000000007
-0.23074417539123546,1.908821166189998,-20.000000000000007
-0.24197954636249436,1.8447998683313847,-20.000000000000007
-0.2357761515717354,1.9139808551233313,-20.000000000000007
-0.23716499547778627,1.9034434248714713,-20.000000000000007
-0.23195297720193028,1.90833336324087,-20.000000000000007
-0.23476005108754985,1.9246267303173612,-20.000000000000007
-0.23104894066734633,1.9062717349328504,-20.000000000000007
-0.24472429706453333,1.8147491635665434,-20.000000000000007
-0.2462422007401002,1.8025016336930078,-20.000000000000007
-0.24857298907910225,1.7619215994611608,-20.000000000000007
-0.24272730694058497,1.8331984741568828,-20.000000000000007
-0.21911557977763282,1.9280293602799903,-20.000000000000007
-0.18226034594502283,1.5752406240198031,-20.000000000000007
-0.13766089245675403,1.4109848407592602,-20.000000000000007
-0.13496593015556185,1.490400499773179,-20.000000000000007
-0.12684286767579067,1.5197244813100856,-20.000000000000007
-0.12684286767579067,1.5197244813100856,-20.000000000000007
-0.12612832371306415,1.523586733475482,-20.000000000000007
-0.1254040794022055,1.5225030507157356,-20.000000000000007
-0.12540407940220547,1.5225030507157353,-20.000000000000007
-0.12684286767579064,1.5197244813100856,-20.000000000000007
-0.12684286767579064,1.5197244813100856,-20.000000000000007
-0.1303479817791215,1.52663833112224,-20.000000000000007
-0.12962373824809628,1.525556298070263,-20.000000000000007
-0.13162334867738157,1.512553191202664,-20.000000000000007
-0.13162334867738157,1.5125531912026637,-20.000000000000007
-0.13162334867738157,1.5125531912026637,-20.000000000000007
-0.1303479817791215,1.52663833112224,-20.000000000000007
-0.12962373824809628,1.525556298070263,-20.000000000000007
-0.1316233486773816,1.5125531912026637,-20.000000000000007
-0.1316233486773816,1.512553191202664,-20.000000000000007
-0.13162334867738157,1.512553191202664,-20.000000000000007
-0.1303479817791215,1.5266383311222402,-20.000000000000007
-0.1296237382480963,1.525556298070263,-20.000000000000007
-0.13162334867738157,1.512553191202664,-20.000000000000007
-0.13477851668463559,1.4930631893815218,-20.000000000000007
-0.13496593015556185,1.4904004997731792,-20.000000000000007
-0.13496593015556185,1.490400499773179,-20.000000000000007
-0.13496593015556185,1.4904004997731792,-20.000000000000007
-0.13496593015556185,1.4904004997731795,-20.000000000000007
-0.13496974848001758,1.4907327764956042,-20.000000000000007
-0.13162334867738157,1.512553191202664,-20.000000000000007
-0.13162334867738157,1.5125531912026637,-20.000000000000007
-0.13496593015556188,1.4904004997731792,-20.000000000000007
-0.13496593015556188,1.4904004997731792,-20.000000000000007
-0.13496593015556188,1.4904004997731792,-20.000000000000007
-0.13162334867738157,1.512553191202664,-20.000000000000007
-0.13160506288298884,1.5132325960306734,-20.000000000000007
-0.1296237382480963,1.525556298070263,-20.000000000000007
-0.1296237382480963,1.525556298070263,-20.000000000000007
-0.1296237382480963,1.525556298070263,-20.000000000000007
-0.1303479817791215,1.52663833112224,-20.000000000000007
-0.13162334867738157,1.512553191202664,-20.000000000000007
-0.13496593015556185,1.4904004997731792,-20.000000000000007
-0.13496593015556185,1.490400499773179,-20.000000000000007
-0.13162334867738157,1.512553191202664,-20.000000000000007
-0.1303479817791215,1.5266383311222402,-20.000000000000007
-0.13160506288298887,1.5132325960306732,-20.000000000000007
-0.1296237382480963,1.525556298070263,-20.000000000000007
-0.13160506288298884,1.5132325960306734,-20.000000000000007
-0.13160506288298887,1.5132325960306734,-20.000000000000007
-0.1296237382480963,1.525556298070263,-20.000000000000007
-0.1296237382480963,1.525556298070263,-20.000000000000007
-0.1296237382480963,1.5255562980702628,-20.000000000000007
-0.13162334867738157,1.512553191202664,-20.000000000000007
-0.1316233486773816,1.512553191202664,-20.000000000000007
-0.1316233486773816,1.512553191202664,-20.000000000000007
-0.13225188883939853,1.5058494988029962,-20.000000000000007
-0.13496593015556188,1.4904004997731792,-20.000000000000007
-0.13496593015556188,1.490400499773179,-20.000000000000007
-0.13496593015556188,1.4904004997731792,-20.000000000000007
-0.13496593015556188,1.490400499773179,-20.000000000000007
-0.13477851668463559,1.493063189381522,-20.000000000000007
-0.13162334867738157,1.512553191202664,-20.000000000000007
-0.1316233486773816,1.512553191202664,-20.000000000000007
-0.1296237382480963,1.525556298070263,-20.000000000000007
-0.1296237382480963,1.5255562980702628,-20.000000000000007
-0.1284933585024709,1.5247118007304845,-20.000000000000007
-0.12684286767579067,1.5197244813100856,-20.000000000000007
-0.12684286767579064,1.5197244813100856,-20.000000000000007
-0.1284933585024709,1.5247118007304847,-20.000000000000007
-0.12684286767579067,1.5197244813100854,-20.000000000000007
-0.1254040801820389,1.5225047004235046,-20.000000000000007
-0.12540407940220547,1.5225030507157353,-20.000000000000007
-0.12540407940220547,1.5225030507157353,-20.000000000000007
-0.12684286767579064,1.5197244813100856,-20.000000000000007
-0.1316233486773816,1.512553191202664,-20.000000000000007
-0.13496593015556188,1.4904004997731792,-20.000000000000007
-0.13559501490126286,1.4971204706629226,-20.000000000000007
-0.13634314369070832,1.4690918166037121,-20.000000000000007
-0.13634314369070832,1.469091816603712,-20.000000000000007
-0.13607296571720057,1.4831686616984472,-20.000000000000007
-0.13541503259313709,1.4948226663941326,-20.000000000000007
-0.13523645424514372,1.4956132648969092,-20.000000000000007
-0.1350079976204999,1.4901723146345818,-20.000000000000007
-0.13523645424514372,1.4956132648969094,-20.000000000000007
-0.1352364542451437,1.4956132648969094,-20.000000000000007
-0.13541503259313709,1.4948226663941324,-20.000000000000007
-0.13559501490126288,1.4971204706629224,-20.000000000000007
-0.1352364542451437,1.4956132648969094,-20.000000000000007
-0.13496593015556185,1.4904004997731792,-20.000000000000007
-0.1316233486773816,1.5125531912026637,-20.000000000000007
-0.12962373824809628,1.525556298070263,-20.000000000000007
-0.12942838191366207,1.5266195020865658,-20.000000000000007
-0.12684286767579064,1.5197244813100856,-20.000000000000007
-0.12540408018203894,1.522504700423505,-20.000000000000007
-0.12540407940220547,1.5225030507157356,-20.000000000000007
-0.1254040794022055,1.5225030507157356,-20.000000000000007
-0.1254040794022055,1.5225030507157356,-20.000000000000007
-0.12540407940220547,1.522503050715735,-20.000000000000007
-0.1254040801820389,1.5225047004235046,-20.000000000000007
-0.12684286767579067,1.5197244813100856,-20.000000000000007
-0.12684286767579067,1.5197244813100856,-20.000000000000007
-0.12684286767579067,1.5197244813100856,-20.000000000000007
-0.12942838191366207,1.5266195020865656,-20.000000000000007
-0.12962373824809628,1.5255562980702628,-20.000000000000007
-0.12962373824809628,1.5255562980702628,-20.000000000000007
-0.1296237382480963,1.5255562980702628,-20.000000000000007
-0.1296237382480963,1.5255562980702628,-20.000000000000007
-0.1296237382480963,1.5255562980702628,-20.000000000000007
-0.1296237382480963,1.525556298070263,-20.000000000000007
-0.12942838191366207,1.5266195020865654,-20.000000000000007
-0.12684286767579067,1.5197244813100856,-20.000000000000007
-0.12684286767579067,1.5197244813100856,-20.000000000000007
-0.1296237382480963,1.5255562980702628,-20.000000000000007
-0.1296237382480963,1.5255562980702628,-20.000000000000007
-0.1296237382480963,1.525556298070263,-20.000000000000007
-0.12962373824809628,1.5255562980702628,-20.000000000000007
-0.1284933585024709,1.5247118007304847,-20.000000000000007
-0.12684286767579067,1.5197244813100859,-20.000000000000007
-0.12540407940220547,1.5225030507157356,-20.000000000000007
-0.12540407940220547,1.5225030507157353,-20.000000000000007
-0.1260286681481934,1.532414691374538,-20.000000000000007
-0.11240583658738618,1.5333027470460345,-20.000000000000007
-0.11240583658738619,1.5333027470460343,-20.000000000000007
-0.11240583658738618,1.5333027470460343,-20.000000000000007
-0.11240583658738618,1.5333027470460348,-20.000000000000007
-0.11095734796566889,1.5311353815265416,-20.000000000000007
-0.11240583658738619,1.5333027470460343,-20.000000000000007
-0.11240583658738619,1.5333027470460343,-20.000000000000007
-0.11240583658738619,1.5333027470460345,-20.000000000000007
-0.11240583658738619,1.5333027470460343,-20.000000000000007
-0.11240583658738619,1.5333027470460343,-20.000000000000007
-0.11240583658738619,1.5333027470460345,-20.000000000000007
-0.11160983668258677,1.5394053130640604,-20.000000000000007
-0.11023216213590639,1.5313395110577366,-20.000000000000007
-0.12405129492932988,1.5281230603556573,-20.000000000000007
-0.12540407940220547,1.5225030507157356,-20.000000000000007
-0.1254040794022055,1.5225030507157356,-20.000000000000007
-0.12540407940220547,1.5225030507157356,-20.000000000000007
-0.12540407940220547,1.5225030507157356,-20.000000000000007
-0.12405129492932988,1.5281230603556573,-20.000000000000007
-0.1240512949293299,1.5281230603556568,-20.000000000000007
-0.1254040794022055,1.5225030507157353,-20.000000000000007
-0.1254040794022055,1.5225030507157353,-20.000000000000007
-0.1254040794022055,1.5225030507157356,-20.000000000000007
-0.1254040794022055,1.5225030507157353,-20.000000000000007
-0.1254040801820389,1.522504700423505,-20.000000000000007
-0.12684286767579067,1.5197244813100859,-20.000000000000007
-0.12684286767579064,1.5197244813100856,-20.000000000000007
-0.12942838191366207,1.5266195020865654,-20.000000000000007
-0.12684286767579064,1.5197244813100856,-20.000000000000007
-0.12684286767579062,1.5197244813100856,-20.000000000000007
-0.12684286767579067,1.5197244813100856,-20.000000000000007
-0.12684286767579067,1.5197244813100856,-20.000000000000007
-0.1296237382480963,1.5255562980702626,-20.000000000000007
-0.12962373824809628,1.525556298070263,-20.000000000000007
-0.12942838191366207,1.5266195020865654,-20.000000000000007
-0.12684286767579067,1.5197244813100859,-20.000000000000007
-0.1254040801820389,1.5225047004235048,-20.000000000000007
-0.1254040801820389,1.5225047004235048,-20.000000000000007
-0.12540407940220547,1.5225030507157356,-20.000000000000007
-0.12405129492932988,1.5281230603556568,-20.000000000000007
-0.12405129492932987,1.528123060355657,-20.000000000000007
-0.11023293988978831,1.5292120197188135,-20.000000000000007
-0.11023293988978831,1.5292120197188135,-20.000000000000007
-0.11023293988978831,1.5292120197188133,-20.000000000000007
-0.11023310443464365,1.5300533484745644,-20.000000000000007
-0.11023293988978831,1.5292120197188135,-20.000000000000007
-0.1102329398897883,1.529212019718813,-20.000000000000007
-0.11023293988978831,1.5292120197188135,-20.000000000000007
-0.11023293988978831,1.5292120197188135,-20.000000000000007
-0.11023293988978831,1.5292120197188135,-20.000000000000007
-0.1102329398897883,1.5292120197188133,-20.000000000000007
-0.11023293988978831,1.529212019718813,-20.000000000000007
-0.1102321621359064,1.5313395110577366,-20.000000000000007
-0.11023293988978831,1.5292120197188133,-20.000000000000007
-0.11023293988978831,1.5292120197188135,-20.000000000000007
-0.1254040801820389,1.5225047004235048,-20.000000000000007
-0.17259283802865874,1.5472393109831906,-20.000000000000007
-0.2129928880647487,1.8546782983206904,-20.000000000000007
-0.2546142427210964,1.7597978180667917,-20.000000000000007
-0.2820252662088928,1.5353191536026753,-20.000000000000007
-0.28808649824126326,1.5734067062767982,-20.000000000000007
-0.29150498529450247,1.5881390989798003,-20.000000000000007
-0.30103920601302403,1.5468891795845785,-20.000000000000007
-0.2946921700458973,1.5968805478194321,-20.000000000000007
-0.28147985274959597,1.5255570079449203,-20.000000000000007
-0.2819252686870595,1.531872124267723,-20.000000000000007
-0.2802424863224308,1.5048217717977546,-20.000000000000007
-0.28011681502668095,1.5081261530810859,-20.000000000000007
-0.27872285999479984,1.5410216059235347,-20.000000000000007
-0.2626902219122442,1.7637239959233142,-20.000000000000007
-0.2477196583544184,1.7819566213461817,-20.000000000000007
-0.24822669455309765,1.7673008397904242,-20.000000000000007
-0.24857298907910222,1.7619215994611608,-20.000000000000007
-0.2487172826348802,1.7574774701356635,-20.000000000000007
-0.25046604937110756,1.6944530197012417,-20.000000000000007
-0.23649003800490168,1.9114501057498519,-20.000000000000007
-0.2271860468460981,1.9204048324940461,-20.000000000000007
-0.1815737052025323,1.5681589661310107,-20.000000000000007
-0.17337853243457835,1.5519365666422187,-20.000000000000007
-0.14975414285615307,1.4356134548649337,-20.000000000000007
-0.13766089245675406,1.4109848407592605,-20.000000000000007
-0.16015086704143033,1.4658572207674505,-20.000000000000007
-0.16491224342351885,1.4962079272044329,-20.000000000000007
-0.17950911580190798,1.5810607140359072,-20.000000000000007
-0.17259283802865874,1.5472393109831906,-20.000000000000007
-0.1822603459450228,1.575240624019803,-20.000000000000007
-0.17694296547815702,1.5727431410120192,-20.000000000000007
-0.1822603459450228,1.5752406240198031,-20.000000000000007
-0.1822603459450228,1.575240624019803,-20.000000000000007
-0.18226034594502277,1.5752406240198031,-20.000000000000007
-0.18837473412143405,1.573377960684116,-20.000000000000007
-0.18067000068203443,1.5594198148107745,-20.000000000000007
-0.18888897604606417,1.5748627885679038,-20.000000000000007
-0.18837473412143407,1.573377960684116,-20.000000000000007
-0.1931594325272424,1.6118386740500747,-20.000000000000007
-0.1883243545418553,1.5729018912430373,-20.000000000000007
-0.20466757129885582,1.7500024081962762,-20.000000000000007
-0.18154410935381965,1.5691001756908358,-20.000000000000007
-0.200229111530989,1.7430845352064548,-20.000000000000007
-0.18157370520253224,1.568158966131011,-20.000000000000007
-0.18220996636544412,1.5747645545787243,-20.000000000000007
-0.2115313724554261,1.837700159849394,-20.000000000000007
-0.18885818653230285,1.5776548930151266,-20.000000000000007
-0.2260701808405271,1.9325934351458511,-20.000000000000007
-0.2317380046122724,1.913286973414019,-20.000000000000007
-0.24812938511712437,1.7856504139612346,-20.000000000000007
-0.25276036444532335,1.7515370979857021,-20.000000000000007
-0.2645551533522055,1.762341309909431,-20.000000000000007
-0.27962241534650606,1.525776706760406,-20.000000000000007
-0.26701880912745557,1.7652474878714397,-20.000000000000007
-0.27611908475474045,1.612351724855573,-20.000000000000007
-0.2562229566357803,1.7644807497697315,-20.000000000000007
-0.24857298907910225,1.7619215994611606,-20.000000000000007
-0.24956547471211207,1.729573038991214,-20.000000000000007
-0.2477049896874544,1.7812067663578977,-20.000000000000007
-0.24541972912931204,1.80947879465272,-20.000000000000007
-0.24979523216391622,1.7211290838184312,-20.000000000000007
-0.23719787085103516,1.9036803199373433,-20.000000000000007
-0.24912237621217415,1.7426063882047864,-20.000000000000007
-0.24541972912931204,1.8094787946527202,-20.000000000000007
-0.239261030751982,1.8837082537608973,-20.000000000000007
-0.22586575302864217,1.9236458156429173,-20.000000000000007
-0.18837473412143407,1.573377960684116,-20.000000000000007
-0.179509115801908,1.5810607140359074,-20.000000000000007
-0.1377468926182409,1.4138227263361496,-20.000000000000007
-0.16015086704143036,1.4658572207674505,-20.000000000000007
-0.16270023080057264,1.4821412217524914,-20.000000000000007
-0.17917386072802036,1.5901780441278879,-20.000000000000007
-0.17825534106184446,1.5837285229747722,-20.000000000000007
-0.179509115801908,1.5810607140359072,-20.000000000000007
-0.17950911580190798,1.5810607140359072,-20.000000000000007
-0.180374903390968,1.5624216849117092,-20.000000000000007
-0.1804043718668858,1.5611767535850445,-20.000000000000007
-0.1804043718668858,1.561176753585045,-20.000000000000007
-0.18226034594502277,1.5752406240198031,-20.000000000000007
-0.1822603459450228,1.5752406240198031,-20.000000000000007
-0.18250173051842536,1.573143467874753,-20.000000000000007
-0.1822603459450228,1.575240624019803,-20.000000000000007
-0.18842511370101273,1.5738540301251949,-20.000000000000007
-0.18837473412143407,1.573377960684116,-20.000000000000007
-0.18915002827871114,1.5728811212556728,-20.000000000000007
-0.18915002827871114,1.572881121255673,-20.000000000000007
-0.18254761494311056,1.5745835488650148,-20.000000000000007
-0.17531052896531077,1.5656218925739698,-20.000000000000007
-0.17232681240826256,1.5925309241278374,-20.000000000000007
-0.18915002827871116,1.572881121255673,-20.000000000000007
-0.22075671695713014,1.9391214463097874,-20.000000000000007
-0.24903640126530172,1.7521989410410852,-20.000000000000007
-0.2801505685248738,1.5049249248193286,-20.000000000000007
-0.28024248632243076,1.5048217717977546,-20.000000000000007
-0.28015056852487374,1.5049249248193288,-20.000000000000007
-0.2844883477018021,1.5579081829715888,-20.000000000000007
-0.28576098076397394,1.5635482586604632,-20.000000000000007
-0.2801168150266809,1.5081261530810859,-20.000000000000007
-0.2801168150266809,1.508126153081086,-20.000000000000007
-0.2787228599947999,1.5410216059235347,-20.000000000000007
-0.2630470449694918,1.7626067402493073,-20.000000000000007
-0.2787310165976559,1.540481016840682,-20.000000000000007
-0.26367602313795624,1.7593222192529463,-20.000000000000007
-0.25362203347405415,1.7571569920026067,-20.000000000000007
-0.24822239897057805,1.7683570877307098,-20.000000000000007
-0.24272730694058497,1.8331984741568825,-20.000000000000007
-0.23716499547778627,1.9034434248714716,-20.000000000000007
-0.24272730694058497,1.8331984741568825,-20.000000000000007
-0.239402491952714,1.881089906403145,-20.000000000000007
-0.2269582413823748,1.922862066999163,-20.000000000000007
-0.2002751479582084,1.73999562205153,-20.000000000000007
-0.18226034594502277,1.575240624019803,-20.000000000000007
-0.1627002308005726,1.4821412217524916,-20.000000000000007
-0.13774689261824094,1.4138227263361496,-20.000000000000007
-0.14896232389835787,1.4412504362146568,-20.000000000000007
-0.13766089245675403,1.4109848407592605,-20.000000000000007
-0.14969871320520375,1.4376750065870232,-20.000000000000007
-0.13766089245675406,1.4109848407592602,-20.000000000000007
-0.15098649128259778,1.3992341320455806,-20.000000000000007
-0.14969871320520373,1.437675006587023,-20.000000000000007
-0.16226514651890211,1.479978094344565,-20.000000000000007
-0.15098649128259778,1.3992341320455803,-20.000000000000007
-0.17337853243457832,1.5519365666422187,-20.000000000000007
-0.16491224342351885,1.4962079272044329,-20.000000000000007
-0.1735996436780998,1.5552621540346743,-20.000000000000007
-0.1754824483155792,1.566996165209496,-20.000000000000007
-0.17259283802865877,1.5472393109831906,-20.000000000000007
-0.17825534106184446,1.5837285229747722,-20.000000000000007
-0.1627002308005726,1.4821412217524914,-20.000000000000007
-0.17917386072802038,1.5901780441278879,-20.000000000000007
-0.1622651465189021,1.479978094344565,-20.000000000000007
-0.17917386072802038,1.5901780441278879,-20.000000000000007
-0.1497539727224914,1.435700930846816,-20.000000000000007
-0.17337853243457832,1.5519365666422185,-20.000000000000007
-0.18226034594502277,1.5752406240198031,-20.000000000000007
-0.18888897604606414,1.5748627885679038,-20.000000000000007
-0.22700039482394935,1.9319837126790778,-20.000000000000007
-0.2361475777249521,1.9207959698853625,-20.000000000000007
-0.24352941008181267,1.8371727099357726,-20.000000000000007
-0.24950546769882764,1.7506184474221236,-20.000000000000007
-0.25065855339975707,1.7267162509364216,-20.000000000000007
-0.26154143127394536,1.766853696132168,-20.000000000000007
-0.26429539518816236,1.7617148937916225,-20.000000000000007
-0.25962779462178237,1.7759789734525393,-20.000000000000007
-0.25672803987158693,1.767035133197738,-20.000000000000007
-0.24823843475054455,1.7672645488949912,-20.000000000000007
-0.23649003800490168,1.911450105749852,-20.000000000000007
-0.2427533426546959,1.833469584739795,-20.000000000000007
-0.22747948179221975,1.9178329122632696,-20.000000000000007
-0.23476005108754985,1.9246267303173612,-20.000000000000007
-0.23716499547778624,1.9034434248714716,-20.000000000000007
-0.22899518854702025,1.9205561705070902,-20.000000000000007
-0.24541972912931206,1.8094787946527204,-20.000000000000007
-0.2269582413823748,1.9228620669991632,-20.000000000000007
-0.21173096932913646,1.8478864443445637,-20.000000000000007
-0.18837473412143407,1.5733779606841163,-20.000000000000007
-0.1727105924878417,1.547567701554894,-20.000000000000007
-0.1377468926182409,1.4138227263361496,-20.000000000000007
-0.14969871320520375,1.4376750065870232,-20.000000000000007
-0.14896232389835787,1.4412504362146568,-20.000000000000007
-0.1494730626812134,1.4401096667703466,-20.000000000000007
-0.17426758362483652,1.5596310191219986,-20.000000000000007
-0.14969871320520375,1.437675006587023,-20.000000000000007
-0.17825534106184443,1.5837285229747724,-20.000000000000007
-0.17716407672167847,1.576068728404475,-20.000000000000007
-0.1742675836248365,1.5596310191219986,-20.000000000000007
-0.17950911580190798,1.5810607140359072,-20.000000000000007
-0.17825534106184446,1.5837285229747722,-20.000000000000007
-0.180374903390968,1.5624216849117096,-20.000000000000007
-0.1804043718668858,1.5611767535850447,-20.000000000000007
-0.1742675836248365,1.559631019121999,-20.000000000000007
-0.1804043718668858,1.561176753585045,-20.000000000000007
-0.17716407672167847,1.5760687284044745,-20.000000000000007
-0.18220996636544406,1.5747645545787243,-20.000000000000007
-0.18067000068203443,1.5594198148107745,-20.000000000000007
-0.18220996636544406,1.5747645545787246,-20.000000000000007
-0.17282343672578385,1.5938334632912747,-20.000000000000007
-0.13695089271344152,1.4199252923541752,-20.000000000000007
-0.18883859646648543,1.5743867191268253,-20.000000000000007
-0.2037371539738647,1.7355349581329393,-20.000000000000007
-0.24903640126530172,1.7521989410410852,-20.000000000000007
-0.2809086611486742,1.5104329071683653,-20.000000000000007
-0.28035323293839765,1.5049414149407445,-20.000000000000007
-0.28142764322586944,1.5247664416818105,-20.000000000000007
-0.2822484057017066,1.5366983250831803,-20.000000000000007
-0.2844883477018021,1.5579081829715888,-20.000000000000007
-0.2802424863224308,1.5048217717977548,-20.000000000000007
-0.2795458679685279,1.5214368818206045,-20.000000000000007
-0.2763494667231559,1.605988911425451,-20.000000000000007
-0.2587301694228206,1.774480540132501,-20.000000000000007
-0.2636632939167519,1.7594969943333099,-20.000000000000007
-0.26443354651584017,1.7602609374540505,-20.000000000000007
-0.2496968263471156,1.7251946129698055,-20.000000000000007
-0.25092489732216816,1.7039984111889388,-20.000000000000007
-0.24979523216391622,1.7211290838184312,-20.000000000000007
-0.2499157168849508,1.7133520940456615,-20.000000000000007
-0.25566094055508704,1.7606473690537874,-20.000000000000007
-0.23888711926959919,1.8843256172293916,-20.000000000000007
-0.23577615157173543,1.9139808551233315,-20.000000000000007
-0.182064982787046,1.5720811476233032,-20.000000000000007
-0.17917386072802038,1.5901780441278879,-20.000000000000007
-0.16491224342351887,1.4962079272044329,-20.000000000000007
-0.13766089245675406,1.4109848407592605,-20.000000000000007
-0.16491224342351887,1.4962079272044329,-20.000000000000007
-0.15098649128259778,1.3992341320455806,-20.000000000000007
-0.1811061921972143,1.5615965088310682,-20.000000000000007
-0.17548244831557921,1.5669961652094957,-20.000000000000007
-0.1822603459450228,1.575240624019803,-20.000000000000007
-0.1822603459450228,1.575240624019803,-20.000000000000007
-0.17950911580190798,1.5810607140359074,-20.000000000000007
-0.18837473412143407,1.573377960684116,-20.000000000000007
-0.179509115801908,1.5810607140359072,-20.000000000000007
-0.18842511370101275,1.5738540301251946,-20.000000000000007
-0.18226034594502277,1.575240624019803,-20.000000000000007
-0.18885818653230282,1.5776548930151266,-20.000000000000007
-0.18226034594502277,1.5752406240198031,-20.000000000000007
-0.1894245325731731,1.579154876025555,-20.000000000000007
-0.18220996636544412,1.5747645545787243,-20.000000000000007
-0.2044155886590621,1.7462347759751364,-20.000000000000007
-0.18678059971275773,1.6097950346066585,-20.000000000000007
-0.1860856861072429,1.6096485777845329,-20.000000000000007
-0.1861543817647462,1.6074417934864875,-20.000000000000007
-0.179509115801908,1.5810607140359074,-20.000000000000007
-0.20422406494602985,1.747052220087362,-20.000000000000007
-0.18888897604606417,1.574862788567904,-20.000000000000007
-0.22081949803291095,1.9390760936600098,-20.000000000000007
-0.234408232611389,1.9331740021179948,-20.000000000000007
-0.24233012893262862,1.84794078918592,-20.000000000000007
-0.24839724581557182,1.7826858814747113,-20.000000000000007
-0.254962086841128,1.7718077641528993,-20.000000000000007
-0.2646014558325994,1.7627589679718103,-20.000000000000007
-0.26468064258934076,1.7627334393477385,-20.000000000000007
-0.2653606984182829,1.7659571933544056,-20.000000000000007
-0.2612673595270969,1.76620369549404,-20.000000000000007
-0.24857298907910222,1.7619215994611606,-20.000000000000007
-0.2427533426546959,1.8334695847397948,-20.000000000000007
-0.23926103075198196,1.8837082537608976,-20.000000000000007
-0.22899518854702028,1.9205561705070902,-20.000000000000007
-0.2384256415902143,1.888607471736499,-20.000000000000007
-0.232243543985654,1.9100708028358504,-20.000000000000007
-0.23261521838584837,1.9111747152508258,-20.000000000000007
-0.24197954636249436,1.8447998683313847,-20.000000000000007
-0.2258657530286422,1.9236458156429168,-20.000000000000007
-0.22052344232654958,1.9237271384636403,-20.000000000000007
-0.18832435454185534,1.5729018912430375,-20.000000000000007
-0.17950911580190798,1.5810607140359072,-20.000000000000007
-0.16015086704143036,1.4658572207674505,-20.000000000000007
-0.16226514651890214,1.479978094344565,-20.000000000000007
-0.17337853243457832,1.5519365666422185,-20.000000000000007
-0.17917386072802038,1.5901780441278879,-20.000000000000007
-0.17950911580190798,1.5810607140359074,-20.000000000000007
-0.1791738607280204,1.5901780441278877,-20.000000000000007
-0.179509115801908,1.5810607140359072,-20.000000000000007
-0.17917386072802038,1.5901780441278879,-20.000000000000007
-0.18067000068203443,1.5594198148107745,-20.000000000000007
-0.17950911580190798,1.5810607140359072,-20.000000000000007
-0.18226034594502277,1.575240624019803,-20.000000000000007
-0.1822603459450228,1.575240624019803,-20.000000000000007
-0.1822603459450228,1.575240624019803,-20.000000000000007
-0.18250173051842536,1.5731434678747531,-20.000000000000007
-0.18837473412143405,1.573377960684116,-20.000000000000007
-0.18837473412143407,1.5733779606841163,-20.000000000000007
-0.1888385964664855,1.5743867191268253,-20.000000000000007
-0.18886938598024677,1.5715946146796025,-20.000000000000007
-0.1884559032147741,1.5710619256779719,-20.000000000000007
-0.17506089947291537,1.570818104861102,-20.000000000000007
-0.16689464474844445,1.5589054653093888,-20.000000000000007
-0.18837473412143407,1.573377960684116,-20.000000000000007
-0.21911557977763285,1.9280293602799903,-20.000000000000007
-0.2503836637376046,1.7099445186385251,-20.000000000000007
-0.2825571529373228,1.534014587855113,-20.000000000000007
-0.2822484057017066,1.5366983250831803,-20.000000000000007
-0.2825098217916384,1.534826745197063,-20.000000000000007
-0.28551481210738916,1.5631726242681472,-20.000000000000007
-0.28551481210738916,1.5631726242681472,-20.000000000000007
-0.28036922875190046,1.5049893190725436,-20.000000000000007
-0.2797305031853531,1.5142987704774484,-20.000000000000007
-0.27869757006139995,1.5412398948221346,-20.000000000000007
-0.26390256611633,1.7594260505114965,-20.000000000000007
-0.27607626741496594,1.612386411225591,-20.000000000000007
-0.26638293580170685,1.7623843145315592,-20.000000000000007
-0.25306093785676187,1.7448217373348838,-20.000000000000007
-0.24969682634711554,1.7251946129698055,-20.000000000000007
-0.24272730694058497,1.8331984741568825,-20.000000000000007
-0.24444683310721674,1.8145508910196502,-20.000000000000007
-0.23716499547778624,1.9034434248714716,-20.000000000000007
-0.24272730694058495,1.8331984741568825,-20.000000000000007
-0.2258618994167234,1.9236278053074978,-20.000000000000007
-0.20027514795820842,1.73999562205153,-20.000000000000007
-0.18842511370101273,1.5738540301251946,-20.000000000000007
-0.17337853243457832,1.5519365666422185,-20.000000000000007
-0.1622651465189021,1.4799780943445653,-20.000000000000007
-0.14969871320520375,1.4376750065870234,-20.000000000000007
-0.13766089245675406,1.4109848407592602,-20.000000000000007
-0.1489623238983579,1.441250436214657,-20.000000000000007
-0.13634314369070832,1.4690918166037121,-20.000000000000007
-0.14975414285615307,1.4356134548649337,-20.000000000000007
-0.14969871320520375,1.4376750065870232,-20.000000000000007
-0.1497541574130439,1.4356391577721637,-20.000000000000007
-0.15280423597603296,1.4087123965335242,-20.000000000000007
-0.14961452095757002,1.4408829749123402,-20.000000000000007
-0.16270023080057264,1.4821412217524914,-20.000000000000007
-0.14969871320520373,1.437675006587023,-20.000000000000007
-0.17337853243457832,1.5519365666422182,-20.000000000000007
-0.16015086704143036,1.4658572207674503,-20.000000000000007
-0.17337853243457835,1.5519365666422185,-20.000000000000007
-0.17337853243457835,1.5519365666422185,-20.000000000000007
-0.17694296547815702,1.572743141012019,-20.000000000000007
-0.17917386072802038,1.5901780441278877,-20.000000000000007
-0.17694296547815702,1.5727431410120192,-20.000000000000007
-0.16747767331114566,1.5578840909231628,-20.000000000000007
-0.16270023080057264,1.4821412217524916,-20.000000000000007
-0.1822603459450228,1.575240624019803,-20.000000000000007
-0.1894245325731731,1.5791548760255547,-20.000000000000007
-0.22610759256986954,1.9325016497505667,-20.000000000000007
-0.2388920604892191,1.8949852356181969,-20.000000000000007
-0.24527764217723236,1.8236949821295778,-20.000000000000007
-0.2502845554208488,1.7235141714337492,-20.000000000000007
-0.2532803119563146,1.757648403858878,-20.000000000000007
-0.2572282534374916,1.771169802455204,-20.000000000000007
-0.2646747328815772,1.7635720933314978,-20.000000000000007
-0.2596277946217823,1.775978973452539,-20.000000000000007
-0.26424507247143847,1.761565243177328,-20.000000000000007
-0.2505953418559187,1.6984670324066027,-20.000000000000007
-0.2477049896874544,1.7812067663578977,-20.000000000000007
-0.24382110599936807,1.822101632374892,-20.000000000000007
-0.22899518854702022,1.9205561705070897,-20.000000000000007
-0.23719787085103522,1.9036803199373433,-20.000000000000007
-0.23649003800490165,1.9114501057498519,-20.000000000000007
-0.23926103075198196,1.8837082537608976,-20.000000000000007
-0.24822669455309765,1.7673008397904242,-20.000000000000007
-0.23476005108754985,1.9246267303173612,-20.000000000000007
-0.22694016458334343,1.9239439328329508,-20.000000000000007
-0.1888693859802468,1.5715946146796025,-20.000000000000007
-0.17933485877093766,1.5832655028315092,-20.000000000000007
-0.17337853243457832,1.5519365666422187,-20.000000000000007
-0.17259283802865874,1.5472393109831906,-20.000000000000007
-0.1822603459450228,1.5752406240198031,-20.000000000000007
-0.18837473412143405,1.573377960684116,-20.000000000000007
-0.18842511370101273,1.5738540301251946,-20.000000000000007
-0.18842511370101275,1.5738540301251946,-20.000000000000007
-0.18842511370101273,1.5738540301251946,-20.000000000000007
-0.18842511370101273,1.573854030125195,-20.000000000000007
-0.18837473412143407,1.573377960684116,-20.000000000000007
-0.18837473412143407,1.573377960684116,-20.000000000000007
-0.18837473412143407,1.573377960684116,-20.000000000000007
-0.18842511370101275,1.5738540301251949,-20.000000000000007
-0.18837473412143407,1.5733779606841163,-20.000000000000007
-0.18837473412143407,1.573377960684116,-20.000000000000007
-0.18832435454185534,1.5729018912430375,-20.000000000000007
-0.18832435454185534,1.5729018912430373,-20.000000000000007
-0.1822099663654441,1.5747645545787246,-20.000000000000007
-0.1822099663654441,1.5747645545787243,-20.000000000000007
-0.1822603459450228,1.575240624019803,-20.000000000000007
-0.1811061921972143,1.5615965088310684,-20.000000000000007
-0.17917386072802038,1.5901780441278879,-20.000000000000007
-0.1929599593221181,1.6082361324678602,-20.000000000000007
-0.2311540160096233,1.9071463984339954,-20.000000000000007
-0.2557422095970793,1.763807112489375,-20.000000000000007
-0.28551481210738916,1.5631726242681474,-20.000000000000007
-0.2840058740793768,1.5508900858620296,-20.000000000000007
-0.2828105754745732,1.5373170997394179,-20.000000000000007
-0.2844883477018021,1.5579081829715888,-20.000000000000007
-0.29042688805201605,1.5829522027775182,-20.000000000000007
-0.28448834770180204,1.5579081829715888,-20.000000000000007
-0.28142764322586944,1.5247664416818103,-20.000000000000007
-0.28011681502668095,1.5081261530810859,-20.000000000000007
-0.2787228599947999,1.5410216059235347,-20.000000000000007
-0.27610483232387384,1.612553868077144,-20.000000000000007
-0.27937114303749494,1.525713678077813,-20.000000000000007
-0.2675912827745491,1.7503959874246464,-20.000000000000007
-0.2550738180617961,1.7604089623898296,-20.000000000000007
-0.26690447527767514,1.762678599272993,-20.000000000000007
-0.25046604937110756,1.6944530197012417,-20.000000000000007
-0.2560033975857306,1.76223511278105,-20.000000000000007
-0.2447242970645333,1.8147491635665434,-20.000000000000007
-0.22369678545683425,1.9181970588997486,-20.000000000000007
-0.21173096932913643,1.8478864443445637,-20.000000000000007
-0.17716407672167847,1.5760687284044748,-20.000000000000007
-0.179509115801908,1.5810607140359076,-20.000000000000007
-0.14969871320520373,1.4376750065870232,-20.000000000000007
-0.17917386072802036,1.5901780441278879,-20.000000000000007
-0.17825534106184446,1.5837285229747724,-20.000000000000007
-0.1822603459450228,1.5752406240198034,-20.000000000000007
-0.18226034594502277,1.5752406240198031,-20.000000000000007
-0.180374903390968,1.5624216849117094,-20.000000000000007
-0.18837473412143407,1.573377960684116,-20.000000000000007
-0.18226034594502277,1.5752406240198031,-20.000000000000007
-0.18842511370101275,1.5738540301251946,-20.000000000000007
-0.18226034594502277,1.5752406240198031,-20.000000000000007
-0.18885818653230285,1.577654893015127,-20.000000000000007
-0.180374903390968,1.5624216849117096,-20.000000000000007
-0.18888897604606414,1.574862788567904,-20.000000000000007
-0.18842511370101273,1.5738540301251946,-20.000000000000007
-0.19315943252724238,1.6118386740500745,-20.000000000000007
-0.20622519007179574,1.7691642400984764,-20.000000000000007
-0.18945532208693444,1.576362771578332,-20.000000000000007
-0.2205747627101848,1.9243879978580245,-20.000000000000007
-0.1821787932386175,1.5744388146995938,-20.000000000000007
-0.18172031908771807,1.5676481649619798,-20.000000000000007
-0.18220996636544406,1.5747645545787243,-20.000000000000007
-0.18842511370101273,1.5738540301251946,-20.000000000000007
-0.19316194813994036,1.6117989308347906,-20.000000000000007
-0.2260701808405271,1.9325934351458514,-20.000000000000007
-0.2414406711242189,1.8607073622458232,-20.000000000000007
-0.24233012893262865,1.8479407891859196,-20.000000000000007
-0.2502845554208488,1.7235141714337492,-20.000000000000007
-0.25065855339975707,1.7267162509364218,-20.000000000000007
-0.26050574657269326,1.7698506937040865,-20.000000000000007
-0.27892161299125134,1.542440045318342,-20.000000000000007
-0.2707328365146331,1.7131873457107316,-20.000000000000007
-0.2707069290831226,1.7119508949883164,-20.000000000000007
-0.2546691796472853,1.7581784793614417,-20.000000000000007
-0.24907202132732092,1.744185551235172,-20.000000000000007
-0.24182544958555663,1.847491232514845,-20.000000000000007
-0.2298463649818323,1.919368866113516,-20.000000000000007
-0.24368022622945001,1.8225306200715878,-20.000000000000007
-0.23660086819301857,1.9107251511552632,-20.000000000000007
-0.24822239897057807,1.7683570877307095,-20.000000000000007
-0.24996954547286626,1.707651597742851,-20.000000000000007
-0.24822239897057802,1.7683570877307098,-20.000000000000007
-0.23233021493386957,1.9103137227061986,-20.000000000000007
-0.18886938598024677,1.571594614679603,-20.000000000000007
-0.17917386072802036,1.5901780441278879,-20.000000000000007
-0.14969871320520375,1.4376750065870232,-20.000000000000007
-0.1489623238983579,1.441250436214657,-20.000000000000007
-0.1622651465189021,1.4799780943445653,-20.000000000000007
-0.17548244831557921,1.566996165209496,-20.000000000000007
-0.17716407672167847,1.5760687284044748,-20.000000000000007
-0.17917386072802038,1.5901780441278877,-20.000000000000007
-0.17950911580190804,1.5810607140359072,-20.000000000000007
-0.180374903390968,1.5624216849117094,-20.000000000000007
-0.18226034594502283,1.575240624019803,-20.000000000000007
-0.1822603459450228,1.575240624019803,-20.000000000000007
-0.18226034594502277,1.575240624019803,-20.000000000000007
-0.18837473412143405,1.573377960684116,-20.000000000000007
-0.18837473412143405,1.573377960684116,-20.000000000000007
-0.18842511370101275,1.5738540301251949,-20.000000000000007
-0.18842511370101273,1.5738540301251946,-20.000000000000007
-0.18886938598024677,1.5715946146796027,-20.000000000000007
-0.18886938598024683,1.5715946146796025,-20.000000000000007
-0.18945532208693444,1.576362771578332,-20.000000000000007
-0.18238389300698127,1.571029102218914,-20.000000000000007
-0.17487637944398765,1.570743585880956,-20.000000000000007
-0.16768554922156162,1.5642173899833378,-20.000000000000007
-0.18220996636544406,1.5747645545787243,-20.000000000000007
-0.20437906386028282,1.7469160927090361,-20.000000000000007
-0.2423725894986054,1.841931010668344,-20.000000000000007
-0.28011681502668095,1.508126153081086,-20.000000000000007
-0.2797305031853531,1.5142987704774484,-20.000000000000007
-0.2855148121073891,1.5631726242681472,-20.000000000000007
-0.2835864493405322,1.5434221632614333,-20.000000000000007
-0.29033278243174954,1.58306888950292,-20.000000000000007
-0.28831958847372885,1.5737907057255947,-20.000000000000007
-0.27965054770780057,1.5205278537775686,-20.000000000000007
-0.28011681502668095,1.5081261530810859,-20.000000000000007
-0.2566382211256999,1.7634746737325249,-20.000000000000007
-0.26215817619527193,1.7662790502181553,-20.000000000000007
-0.26215817619527193,1.7662790502181556,-20.000000000000007
-0.25362203347405415,1.7571569920026067,-20.000000000000007
-0.25046604937110756,1.6944530197012417,-20.000000000000007
-0.2455126663641305,1.8100655499018425,-20.000000000000007
-0.24822669455309765,1.767300839790424,-20.000000000000007
-0.2443342902748983,1.817569520463286,-20.000000000000007
-0.24823843475054452,1.7672645488949912,-20.000000000000007
-0.23224354398565397,1.91007080283585,-20.000000000000007
-0.21939372147519293,1.9217736305607285,-20.000000000000007
-0.19316194813994034,1.6117989308347909,-20.000000000000007
-0.17716407672167847,1.5760687284044745,-20.000000000000007
-0.17259283802865877,1.5472393109831906,-20.000000000000007
-0.14969871320520373,1.4376750065870232,-20.000000000000007
-0.1377468926182409,1.4138227263361496,-20.000000000000007
-0.14975414285615307,1.435613454864934,-20.000000000000007
-0.13766089245675406,1.4109848407592602,-20.000000000000007
-0.1497541574130439,1.4356391577721634,-20.000000000000007
-0.13774689261824094,1.4138227263361496,-20.000000000000007
-0.1497541574130439,1.4356391577721634,-20.000000000000007
-0.14975414285615304,1.435613454864934,-20.000000000000007
-0.14975414285615304,1.4356134548649337,-20.000000000000007
-0.16226514651890211,1.4799780943445653,-20.000000000000007
-0.15098649128259778,1.3992341320455801,-20.000000000000007
-0.1754824483155792,1.5669961652094957,-20.000000000000007
-0.16015086704143033,1.4658572207674505,-20.000000000000007
-0.17716407672167844,1.5760687284044748,-20.000000000000007
-0.1649122434235189,1.4962079272044329,-20.000000000000007
-0.17917386072802036,1.5901780441278877,-20.000000000000007
-0.17716407672167844,1.5760687284044745,-20.000000000000007
-0.179509115801908,1.5810607140359072,-20.000000000000007
-0.16768033915436403,1.563602720968417,-20.000000000000007
-0.15280423597603293,1.4087123965335244,-20.000000000000007
-0.18226034594502277,1.575240624019803,-20.000000000000007
-0.18226034594502277,1.575240624019803,-20.000000000000007
-0.2186811836989711,1.9327819754603475,-20.000000000000007
-0.23060168877451886,1.9140944014911363,-20.000000000000007
-0.2317380046122724,1.913286973414019,-20.000000000000007
-0.24983746969752973,1.7350726326056742,-20.000000000000007
-0.25321411598990995,1.7572313203581977,-20.000000000000007
-0.2570779244907945,1.7701615935040067,-20.000000000000007
-0.26906957848236146,1.7399248522787691,-20.000000000000007
-0.2645600880082273,1.7622864259984372,-20.000000000000007
-0.2674390899609496,1.7588176811074243,-20.000000000000007
-0.2601687383682515,1.765731420484506,-20.000000000000007
-0.24991571688495084,1.713352094045662,-20.000000000000007
-0.24770498968745444,1.7812067663578974,-20.000000000000007
-0.22994567150625358,1.9195387691581567,-20.000000000000007
-0.23233021493386952,1.9103137227061984,-20.000000000000007
-0.24272730694058495,1.833198474156883,-20.000000000000007
-0.23716499547778624,1.9034434248714716,-20.000000000000007
-0.24822239897057807,1.7683570877307098,-20.000000000000007
-0.2311631728138493,1.90594059415703,-20.000000000000007
-0.2206284611958884,1.9240573197414903,-20.000000000000007
-0.18159448893339836,1.5695762451319146,-20.000000000000007
-0.16491224342351885,1.4962079272044329,-20.000000000000007
-0.14975414285615304,1.4356134548649337,-20.000000000000007
-0.1377468926182409,1.4138227263361496,-20.000000000000007
-0.14969871320520375,1.4376750065870232,-20.000000000000007
-0.14947306268121344,1.4401096667703466,-20.000000000000007
-0.1725928380286588,1.5472393109831906,-20.000000000000007
-0.16015086704143033,1.4658572207674503,-20.000000000000007
-0.17694296547815702,1.572743141012019,-20.000000000000007
-0.1754824483155792,1.566996165209496,-20.000000000000007
-0.17917386072802033,1.5901780441278877,-20.000000000000007
-0.17337853243457835,1.5519365666422185,-20.000000000000007
-0.17933485877093766,1.5832655028315092,-20.000000000000007
-0.17716407672167847,1.5760687284044748,-20.000000000000007
-0.179509115801908,1.5810607140359074,-20.000000000000007
-0.17716407672167847,1.5760687284044743,-20.000000000000007
-0.18067000068203443,1.5594198148107745,-20.000000000000007
-0.17950911580190798,1.581060714035907,-20.000000000000007
-0.18067000068203443,1.5594198148107745,-20.000000000000007
-0.18220996636544406,1.5747645545787246,-20.000000000000007
-0.1725834606615421,1.6025844548925547,-20.000000000000007
-0.1754297211774084,1.5709628390265231,-20.000000000000007
-0.14770115932666605,1.4788226724607554,-20.000000000000007
-0.18837473412143407,1.5733779606841163,-20.000000000000007
-0.20439732625967247,1.7465754343420863,-20.000000000000007
-0.23705863003105876,1.9081392380395106,-20.000000000000007
-0.279371143037495,1.525713678077813,-20.000000000000007
-0.2775886576356349,1.5676246431819254,-20.000000000000007
-0.28448834770180204,1.5579081829715893,-20.000000000000007
-0.2825098217916384,1.534826745197063,-20.000000000000007
-0.2878229279914319,1.5732698110325465,-20.000000000000007
-0.2902442769903578,1.583098188805192,-20.000000000000007
-0.2797305031853531,1.5142987704774484,-20.000000000000007
-0.28011681502668095,1.5081261530810863,-20.000000000000007
-0.25848360902990564,1.7742685871436383,-20.000000000000007
-0.25021460754580294,1.7059542765338849,-20.000000000000007
-0.25462373660832593,1.763849014721409,-20.000000000000007
-0.2491223762121741,1.7426063882047869,-20.000000000000007
-0.24996954547286626,1.7076515977428508,-20.000000000000007
-0.2549770272150589,1.760272540473385,-20.000000000000007
-0.24444683310721677,1.8145508910196502,-20.000000000000007
-0.2530609378567619,1.7448217373348838,-20.000000000000007
-0.23219404399320692,1.9090545806427013,-20.000000000000007
-0.22171933042044592,1.920864179923885,-20.000000000000007
-0.21173096932913646,1.8478864443445637,-20.000000000000007
-0.17950911580190798,1.5810607140359072,-20.000000000000007
-0.17950911580190804,1.5810607140359074,-20.000000000000007
-0.1489623238983579,1.4412504362146568,-20.000000000000007
-0.1742675836248365,1.5596310191219986,-20.000000000000007
-0.17259283802865877,1.5472393109831906,-20.000000000000007
-0.18110619219721427,1.5615965088310682,-20.000000000000007
-0.1822603459450228,1.575240624019803,-20.000000000000007
-0.179509115801908,1.5810607140359072,-20.000000000000007
-0.18837473412143407,1.5733779606841163,-20.000000000000007
-0.1811061921972143,1.5615965088310682,-20.000000000000007
-0.18837473412143405,1.5733779606841163,-20.000000000000007
-0.18226034594502274,1.5752406240198031,-20.000000000000007
-0.18837473412143405,1.5733779606841163,-20.000000000000007
-0.17950911580190798,1.5810607140359072,-20.000000000000007
-0.18888897604606414,1.574862788567904,-20.000000000000007
-0.1822603459450228,1.5752406240198031,-20.000000000000007
-0.1891192387649498,1.5756732257028956,-20.000000000000007
-0.1931594325272424,1.611838674050075,-20.000000000000007
-0.1888693859802468,1.571594614679603,-20.000000000000007
-0.21348347107761395,1.8491291362183486,-20.000000000000007
-0.18173527226391464,1.5711761875640482,-20.000000000000007
-0.18608567064054637,1.6096565301465222,-20.000000000000007
-0.17487637944398765,1.570743585880956,-20.000000000000007
-0.18911923876494982,1.5756732257028956,-20.000000000000007
-0.18942453257317315,1.5791548760255545,-20.000000000000007
-0.21296477688892937,1.8565486059439353,-20.000000000000007
-0.2295955927085201,1.9265005679165845,-20.000000000000007
-0.22992079293499196,1.9267144829893357,-20.000000000000007
-0.2488996822317046,1.7664111245118415,-20.000000000000007
-0.25479640726312547,1.7735710066557662,-20.000000000000007
-0.25711796094453004,1.770354118882964,-20.000000000000007
-0.2645581026822671,1.7629302717530586,-20.000000000000007
-0.2637828516107874,1.7617067708670802,-20.000000000000007
-0.26450976529150344,1.7621367753841424,-20.000000000000007
-0.2561540489935542,1.7618598337232063,-20.000000000000007
-0.24996954547286626,1.707651597742851,-20.000000000000007
-0.23719787085103522,1.9036803199373433,-20.000000000000007
-0.22164106841618958,1.9189519988593977,-20.000000000000007
-0.229598499407687,1.9191910870252669,-20.000000000000007
-0.23219404399320692,1.9090545806427013,-20.000000000000007
-0.24368022622945007,1.8225306200715878,-20.000000000000007
-0.2491223762121741,1.7426063882047864,-20.000000000000007
-0.24382110599936807,1.822101632374892,-20.000000000000007
-0.22899518854702022,1.9205561705070902,-20.000000000000007
-0.18886938598024677,1.5715946146796025,-20.000000000000007
-0.17825534106184446,1.5837285229747724,-20.000000000000007
-0.15280423597603293,1.408712396533524,-20.000000000000007
-0.14896232389835787,1.441250436214657,-20.000000000000007
-0.16491224342351885,1.4962079272044329,-20.000000000000007
-0.1742675836248365,1.5596310191219986,-20.000000000000007
-0.17917386072802036,1.5901780441278877,-20.000000000000007
-0.17917386072802038,1.5901780441278877,-20.000000000000007
-0.1811061921972143,1.5615965088310684,-20.000000000000007
-0.18067000068203443,1.5594198148107745,-20.000000000000007
-0.1822603459450228,1.575240624019803,-20.000000000000007
-0.18226034594502277,1.575240624019803,-20.000000000000007
-0.1822603459450228,1.575240624019803,-20.000000000000007
-0.1822603459450228,1.5752406240198031,-20.000000000000007
-0.18226034594502277,1.575240624019803,-20.000000000000007
-0.18226034594502277,1.575240624019803,-20.000000000000007
-0.18226034594502277,1.575240624019803,-20.000000000000007
-0.18837473412143407,1.573377960684116,-20.000000000000007
-0.1883243545418553,1.572901891243037,-20.000000000000007
-0.18837473412143407,1.573377960684116,-20.000000000000007
-0.18832435454185534,1.5729018912430375,-20.000000000000007
-0.17380804051725224,1.5579233747775392,-20.000000000000007
-0.14975414285615307,1.435613454864934,-20.000000000000007
-0.18220996636544406,1.5747645545787243,-20.000000000000007
-0.20630298021183613,1.7684091483047115,-20.000000000000007
-0.24251710322735728,1.83901315245728,-20.000000000000007
-0.28011681502668095,1.5081261530810859,-20.000000000000007
-0.2801505685248738,1.5049249248193286,-20.000000000000007
-0.2859741591518499,1.5657933033163325,-20.000000000000007
-0.285587080344336,1.5632803966587596,-20.000000000000007
-0.2903327824317496,1.58306888950292,-20.000000000000007
-0.2902442769903578,1.5830981888051923,-20.000000000000007
-0.2796505477078005,1.5205278537775684,-20.000000000000007
-0.2801168150266809,1.5081261530810859,-20.000000000000007
-0.2612860966500917,1.763826320353677,-20.000000000000007
-0.255940752785843,1.7612792534112314,-20.000000000000007
-0.25566094055508704,1.7606473690537876,-20.000000000000007
-0.25062960234332526,1.6989972037628127,-20.000000000000007
-0.25046604937110756,1.6944530197012417,-20.000000000000007
-0.24472429706453333,1.8147491635665434,-20.000000000000007
-0.24822239897057807,1.7683570877307098,-20.000000000000007
-0.24272730694058497,1.8331984741568828,-20.000000000000007
-0.24833195881002493,1.768066007282747,-20.000000000000007
-0.23627546092076895,1.9125746720860466,-20.000000000000007
-0.2213386027389144,1.9286833817881734,-20.000000000000007
-0.21067656375141944,1.8287123508592722,-20.000000000000007
-0.17950911580190798,1.5810607140359074,-20.000000000000007
-0.176942965478157,1.5727431410120192,-20.000000000000007
-0.14969871320520373,1.4376750065870232,-20.000000000000007
-0.13559501490126286,1.4971204706629224,-20.000000000000007
-0.13766089245675406,1.4109848407592602,-20.000000000000007
-0.13541503259313706,1.4948226663941324,-20.000000000000007
-0.1377468926182409,1.4138227263361494,-20.000000000000007
-0.1377468926182409,1.4138227263361496,-20.000000000000007
-0.1489623238983579,1.441250436214657,-20.000000000000007
-0.16015086704143036,1.4658572207674503,-20.000000000000007
-0.14969871320520373,1.4376750065870232,-20.000000000000007
-0.17259283802865877,1.5472393109831906,-20.000000000000007
-0.1509864912825978,1.3992341320455806,-20.000000000000007
-0.1754824483155792,1.566996165209496,-20.000000000000007
-0.16491224342351887,1.4962079272044329,-20.000000000000007
-0.17548244831557921,1.566996165209496,-20.000000000000007
-0.17337853243457835,1.5519365666422187,-20.000000000000007
-0.1754824483155792,1.566996165209496,-20.000000000000007
-0.17359964367809982,1.5552621540346738,-20.000000000000007
-0.1733785324345783,1.5519365666422187,-20.000000000000007
-0.15938704384410574,1.4882349941672608,-20.000000000000007
-0.14969871320520373,1.437675006587023,-20.000000000000007
-0.18226034594502277,1.5752406240198031,-20.000000000000007
-0.18226034594502277,1.575240624019803,-20.000000000000007
-0.21296477688892934,1.8565486059439353,-20.000000000000007
-0.22760144644216082,1.9245423734898095,-20.000000000000007
-0.23205591066668435,1.9145405651713738,-20.000000000000007
-0.24965204629655047,1.7463127307456157,-20.000000000000007
-0.254962086841128,1.771807764152899,-20.000000000000007
-0.25732642432946917,1.77128158263941,-20.000000000000007
-0.26283161344785577,1.7656476367429523,-20.000000000000007
-0.2645600880082273,1.7622864259984372,-20.000000000000007
-0.2645097652915035,1.7621367753841424,-20.000000000000007
-0.263663293916752,1.7594969943333099,-20.000000000000007
-0.2546237366083259,1.7638490147214088,-20.000000000000007
-0.23627546092076895,1.9125746720860468,-20.000000000000007
-0.22164106841618958,1.9189519988593977,-20.000000000000007
-0.2271860468460981,1.9204048324940464,-20.000000000000007
-0.22959849940768703,1.919191087025267,-20.000000000000007
-0.2360506929732718,1.9135828619200246,-20.000000000000007
-0.2483882445881166,1.7665614680448694,-20.000000000000007
-0.2258618994167234,1.9236278053074978,-20.000000000000007
-0.21173096932913643,1.8478864443445637,-20.000000000000007
-0.1754297211774084,1.5709628390265231,-20.000000000000007
-0.16175363895024922,1.4767475548411566,-20.000000000000007
-0.1622651465189021,1.479978094344565,-20.000000000000007
-0.13766089245675403,1.4109848407592605,-20.000000000000007
-0.17337853243457835,1.5519365666422187,-20.000000000000007
-0.16015086704143033,1.4658572207674503,-20.000000000000007
-0.15098649128259778,1.3992341320455806,-20.000000000000007
-0.17716407672167847,1.5760687284044745,-20.000000000000007
-0.14896232389835787,1.4412504362146568,-20.000000000000007
-0.17825534106184446,1.5837285229747724,-20.000000000000007
-0.1727105924878417,1.5475677015548939,-20.000000000000007
-0.1617536389502492,1.4767475548411566,-20.000000000000007
-0.18040437186688574,1.5611767535850447,-20.000000000000007
-0.15098649128259778,1.3992341320455806,-20.000000000000007
-0.18226034594502277,1.5752406240198034,-20.000000000000007
-0.17917386072802038,1.5901780441278879,-20.000000000000007
-0.17933485877093763,1.5832655028315092,-20.000000000000007
-0.18226034594502283,1.5752406240198031,-20.000000000000007
-0.1627002308005726,1.4821412217524916,-20.000000000000007
-0.1888385964664855,1.5743867191268253,-20.000000000000007
-0.17390331952689814,1.5575570362868376,-20.000000000000007
-0.17542972117740843,1.570962839026523,-20.000000000000007
-0.17225067116104018,1.5971341454532495,-20.000000000000007
-0.1811061921972143,1.5615965088310684,-20.000000000000007
-0.2209759815550711,1.9364734773868677,-20.000000000000007
-0.24153360082064745,1.8539370079136304,-20.000000000000007
-0.2799303887599006,1.5136879349395191,-20.000000000000007
-0.2819252686870595,1.5318721242677227,-20.000000000000007
-0.28409530427325347,1.5522139490568583,-20.000000000000007
-0.28317275143850984,1.5429047687795256,-20.000000000000007
-0.2819252686870596,1.531872124267723,-20.000000000000007
-0.2825699148790385,1.5332087128336518,-20.000000000000007
-0.27872285999479984,1.5410216059235347,-20.000000000000007
-0.27872285999479984,1.5410216059235349,-20.000000000000007
-0.2670247485338758,1.764797044776743,-20.000000000000007
-0.25602202182783534,1.7644389968468188,-20.000000000000007
-0.25462242603324764,1.7655857974833407,-20.000000000000007
-0.2535061231909792,1.7616691469918506,-20.000000000000007
-0.24960873447739035,1.7364008720342943,-20.000000000000007
-0.24231017617927658,1.8427132390312067,-20.000000000000007
-0.2291097461440113,1.9212770219017479,-20.000000000000007
-0.22045170928279237,1.9350526994791255,-20.000000000000007
-0.19901077125258648,1.6781980929511509,-20.000000000000007
-0.1888693859802468,1.5715946146796025,-20.000000000000007
-0.18220996636544406,1.5747645545787246,-20.000000000000007
-0.18067000068203443,1.5594198148107745,-20.000000000000007
-0.17716407672167847,1.5760687284044748,-20.000000000000007
-0.17259283802865874,1.5472393109831908,-20.000000000000007
-0.16226514651890211,1.4799780943445655,-20.000000000000007
-0.17259283802865874,1.5472393109831908,-20.000000000000007
-0.1771640767216785,1.5760687284044748,-20.000000000000007
-0.17716407672167847,1.5760687284044748,-20.000000000000007
-0.18067000068203443,1.5594198148107745,-20.000000000000007
-0.17426758362483646,1.5596310191219986,-20.000000000000007
-0.18226034594502277,1.575240624019803,-20.000000000000007
-0.179509115801908,1.5810607140359074,-20.000000000000007
-0.18220996636544406,1.5747645545787246,-20.000000000000007
-0.18037490339096798,1.5624216849117096,-20.000000000000007
-0.1804043718668858,1.5611767535850452,-20.000000000000007
-0.180374903390968,1.5624216849117096,-20.000000000000007
-0.17950911580190798,1.5810607140359072,-20.000000000000007
-0.179509115801908,1.5810607140359072,-20.000000000000007
-0.17716407672167847,1.5760687284044743,-20.000000000000007
-0.17716407672167847,1.5760687284044745,-20.000000000000007
-0.17716407672167847,1.5760687284044748,-20.000000000000007
-0.17917386072802038,1.5901780441278877,-20.000000000000007
-0.16491224342351885,1.4962079272044326,-20.000000000000007
-0.18226034594502283,1.575240624019803,-20.000000000000007
-0.20437906386028284,1.7469160927090361,-20.000000000000007
-0.24745070868356123,1.7898376471194528,-20.000000000000007
-0.26611915304726363,1.7612193048709652,-20.000000000000007
-0.2819252686870595,1.531872124267723,-20.000000000000007
-0.2842583506786672,1.5552111529007744,-20.000000000000007
-0.2799303887599007,1.5136879349395191,-20.000000000000007
-0.2859741591518499,1.5657933033163325,-20.000000000000007
-0.2833357978439236,1.545901972623442,-20.000000000000007
-0.2755708144406306,1.616651583644801,-20.000000000000007
-0.28011681502668095,1.508126153081086,-20.000000000000007
-0.2755708144406306,1.6166515836448008,-20.000000000000007
-0.27872285999479984,1.5410216059235347,-20.000000000000007
-0.2802424863224308,1.5048217717977548,-20.000000000000007
-0.27702013348747995,1.5853135153106683,-20.000000000000007
-0.25034316536252954,1.711344150134037,-20.000000000000007
-0.2451245753003214,1.817810284690511,-20.000000000000007
-0.22101250635385022,1.935792160652968,-20.000000000000007
-0.20441558865906206,1.7462347759751362,-20.000000000000007
-0.20140419548837762,1.7053290954227358,-20.000000000000007
-0.18837473412143405,1.5733779606841163,-20.000000000000007
-0.18832435454185534,1.5729018912430375,-20.000000000000007
-0.1822099663654441,1.5747645545787243,-20.000000000000007
-0.180374903390968,1.5624216849117096,-20.000000000000007
-0.1742675836248365,1.5596310191219989,-20.000000000000007
-0.17917386072802036,1.5901780441278879,-20.000000000000007
-0.176942965478157,1.5727431410120192,-20.000000000000007
-0.17917386072802038,1.5901780441278874,-20.000000000000007
-0.180374903390968,1.5624216849117094,-20.000000000000007
-0.17716407672167844,1.5760687284044745,-20.000000000000007
-0.18226034594502277,1.5752406240198031,-20.000000000000007
-0.17917386072802036,1.5901780441278877,-20.000000000000007
-0.18226034594502277,1.5752406240198031,-20.000000000000007
-0.179509115801908,1.5810607140359072,-20.000000000000007
-0.1822603459450228,1.575240624019803,-20.000000000000007
-0.179509115801908,1.581060714035907,-20.000000000000007
-0.1822603459450228,1.5752406240198031,-20.000000000000007
-0.1804043718668858,1.561176753585045,-20.000000000000007
-0.180374903390968,1.5624216849117096,-20.000000000000007
-0.17933485877093763,1.5832655028315092,-20.000000000000007
-0.17950911580190798,1.5810607140359074,-20.000000000000007
-0.179509115801908,1.5810607140359072,-20.000000000000007
-0.17917386072802038,1.5901780441278877,-20.000000000000007
-0.18037490339096798,1.5624216849117092,-20.000000000000007
-0.16491224342351885,1.4962079272044326,-20.000000000000007
-0.18883859646648546,1.574386719126825,-20.000000000000007
-0.2273962206007246,1.922753628545059,-20.000000000000007
-0.25508022803270985,1.7643850856607544,-20.000000000000007
-0.2844883477018021,1.5579081829715888,-20.000000000000007
-0.2962308331150285,1.5930388424887272,-20.000000000000007
-0.2942483874045831,1.5990721463313828,-20.000000000000007
-0.296025536048805,1.5926205750832656,-20.000000000000007
-0.2844883477018021,1.5579081829715888,-20.000000000000007
-0.2831727514385098,1.5429047687795259,-20.000000000000007
-0.28140973025684607,1.5238673842574229,-20.000000000000007
-0.27869757006139995,1.5412398948221342,-20.000000000000007
-0.27559672187214107,1.617888034367216,-20.000000000000007
-0.256955072260429,1.7693618194799894,-20.000000000000007
-0.2510726606818412,1.7167328213685205,-20.000000000000007
-0.24745330071993615,1.7895322353368992,-20.000000000000007
-0.2442882634656246,1.82350964130103,-20.000000000000007
-0.22910941887391187,1.9210411627191155,-20.000000000000007
-0.2200943814133661,1.9320609053442983,-20.000000000000007
-0.22003759615195745,1.930330645897709,-20.000000000000007
-0.19901077125258648,1.6781980929511513,-20.000000000000007
-0.1888693859802468,1.5715946146796025,-20.000000000000007
-0.1822099663654441,1.574764554578724,-20.000000000000007
-0.17716407672167847,1.5760687284044745,-20.000000000000007
-0.1754824483155792,1.5669961652094957,-20.000000000000007
-0.1627002308005726,1.4821412217524916,-20.000000000000007
-0.1771640767216785,1.5760687284044748,-20.000000000000007
-0.17548244831557921,1.566996165209496,-20.000000000000007
-0.17917386072802038,1.5901780441278879,-20.000000000000007
-0.17825534106184446,1.5837285229747724,-20.000000000000007
-0.179509115801908,1.5810607140359074,-20.000000000000007
-0.179509115801908,1.5810607140359072,-20.000000000000007
-0.17917386072802036,1.5901780441278879,-20.000000000000007
-0.179509115801908,1.5810607140359072,-20.000000000000007
-0.17950911580190798,1.5810607140359072,-20.000000000000007
-0.180374903390968,1.5624216849117099,-20.000000000000007
-0.17950911580190804,1.5810607140359072,-20.000000000000007
-0.18067000068203443,1.5594198148107745,-20.000000000000007
-0.17917386072802038,1.5901780441278879,-20.000000000000007
-0.17950911580190798,1.5810607140359074,-20.000000000000007
-0.17917386072802038,1.5901780441278877,-20.000000000000007
-0.17950911580190798,1.5810607140359074,-20.000000000000007
-0.17917386072802038,1.5901780441278879,-20.000000000000007
-0.17933485877093766,1.5832655028315092,-20.000000000000007
-0.17825534106184443,1.5837285229747724,-20.000000000000007
-0.17259283802865877,1.5472393109831906,-20.000000000000007
-0.1931594325272424,1.6118386740500747,-20.000000000000007
-0.23076257978529682,1.9094529098207942,-20.000000000000007
-0.2626422353165553,1.7643639375261766,-20.000000000000007
-0.28792142465882803,1.5730996135501174,-20.000000000000007
-0.29690973868965,1.5893699734772535,-20.000000000000007
-0.2862183638629078,1.5661048258535117,-20.000000000000007
-0.29469714882749454,1.5967186902438684,-20.000000000000007
-0.28742768842195043,1.5707318059949422,-20.000000000000007
-0.27872285999479984,1.5410216059235349,-20.000000000000007
-0.27965054770780057,1.5205278537775686,-20.000000000000007
-0.26703380369981045,1.7647988519706026,-20.000000000000007
-0.27070692908312266,1.7119508949883164,-20.000000000000007
-0.28011681502668095,1.508126153081086,-20.000000000000007
-0.27872285999479984,1.5410216059235347,-20.000000000000007
-0.2537028219436904,1.7646791922144858,-20.000000000000007
-0.2389707920831772,1.8907242618470608,-20.000000000000007
-0.22097799833431328,1.9378651169231227,-20.000000000000007
-0.1931594325272424,1.6118386740500745,-20.000000000000007
-0.1888385964664855,1.574386719126825,-20.000000000000007
-0.18220996636544406,1.5747645545787243,-20.000000000000007
-0.17917386072802038,1.5901780441278879,-20.000000000000007
-0.16491224342351885,1.4962079272044329,-20.000000000000007
-0.16226514651890211,1.479978094344565,-20.000000000000007
-0.1509864912825978,1.3992341320455803,-20.000000000000007
-0.16015086704143033,1.4658572207674503,-20.000000000000007
-0.16226514651890211,1.4799780943445653,-20.000000000000007
-0.16226514651890211,1.479978094344565,-20.000000000000007
-0.17337853243457832,1.5519365666422185,-20.000000000000007
-0.1622651465189021,1.479978094344565,-20.000000000000007
-0.176942965478157,1.572743141012019,-20.000000000000007
-0.1627002308005726,1.4821412217524914,-20.000000000000007
-0.17716407672167844,1.5760687284044748,-20.000000000000007
-0.1742675836248365,1.5596310191219986,-20.000000000000007
-0.17716407672167844,1.5760687284044743,-20.000000000000007
-0.17337853243457832,1.5519365666422187,-20.000000000000007
-0.17716407672167847,1.5760687284044748,-20.000000000000007
-0.1742675836248365,1.5596310191219989,-20.000000000000007
-0.16491224342351885,1.4962079272044329,-20.000000000000007
-0.17337853243457835,1.5519365666422185,-20.000000000000007
-0.1622651465189021,1.479978094344565,-20.000000000000007
-0.17259283802865877,1.547239310983191,-20.000000000000007
-0.1649122434235189,1.4962079272044329,-20.000000000000007
-0.17716407672167844,1.5760687284044745,-20.000000000000007
-0.16015086704143033,1.4658572207674503,-20.000000000000007
-0.18832435454185534,1.5729018912430375,-20.000000000000007
-0.22712916904445493,1.9236157752965166,-20.000000000000007
-0.2558045873690006,1.765062519768056,-20.000000000000007
-0.2862183638629078,1.5661048258535117,-20.000000000000007
-0.2989463857321476,1.5687132940944095,-20.000000000000007
-0.29445299301849176,1.5988117548357343,-20.000000000000007
-0.29266177101265645,1.5884353360354,-20.000000000000007
-0.2819252686870596,1.5318721242677231,-20.000000000000007
-0.28075530797541237,1.511690518583444,-20.000000000000007
-0.2814276432258695,1.5247664416818103,-20.000000000000007
-0.27965054770780057,1.5205278537775682,-20.000000000000007
-0.27980756749542124,1.514002074040039,-20.000000000000007
-0.2643076028307691,1.7611714937375624,-20.000000000000007
-0.2548418158594415,1.7686168378818956,-20.000000000000007
-0.248510308666821,1.7679155624154963,-20.000000000000007
-0.23921723231675662,1.8858422373125805,-20.000000000000007
-0.23474134522287862,1.926958610041237,-20.000000000000007
-0.22009438141336607,1.932060905344298,-20.000000000000007
-0.2130706782047891,1.853923206526925,-20.000000000000007
-0.19943351421520178,1.6818411216689304,-20.000000000000007
-0.18245135093884662,1.5726673984336743,-20.000000000000007
-0.18040437186688577,1.5611767535850445,-20.000000000000007
-0.16015086704143036,1.4658572207674503,-20.000000000000007
-0.16270023080057264,1.4821412217524916,-20.000000000000007
-0.14969871320520375,1.437675006587023,-20.000000000000007
-0.16491224342351885,1.4962079272044329,-20.000000000000007
-0.1622651465189021,1.4799780943445653,-20.000000000000007
-0.17426758362483646,1.5596310191219986,-20.000000000000007
-0.17359964367809982,1.555262154034674,-20.000000000000007
-0.17337853243457835,1.5519365666422185,-20.000000000000007
-0.17426758362483646,1.5596310191219986,-20.000000000000007
-0.17337853243457832,1.5519365666422187,-20.000000000000007
-0.17716407672167844,1.5760687284044748,-20.000000000000007
-0.1622651465189021,1.4799780943445653,-20.000000000000007
-0.17825534106184443,1.5837285229747724,-20.000000000000007
-0.1622651465189021,1.479978094344565,-20.000000000000007
-0.17716407672167844,1.5760687284044745,-20.000000000000007
-0.16491224342351887,1.4962079272044329,-20.000000000000007
-0.17716407672167844,1.5760687284044745,-20.000000000000007
-0.1627002308005726,1.4821412217524914,-20.000000000000007
-0.17694296547815702,1.572743141012019,-20.000000000000007
-0.17259283802865877,1.5472393109831906,-20.000000000000007
-0.1727105924878417,1.547567701554894,-20.000000000000007
-0.16491224342351887,1.4962079272044329,-20.000000000000007
-0.14975414285615304,1.4356134548649337,-20.000000000000007
-0.20437906386028282,1.7469160927090357,-20.000000000000007
-0.23228871252324332,1.9115086751246575,-20.000000000000007
-0.2656767792075478,1.7640296041621577,-20.000000000000007
-0.2944529930184918,1.5988117548357343,-20.000000000000007
-0.2928586680055261,1.587539811864467,-20.000000000000007
-0.2840255897958569,1.550690260125706,-20.000000000000007
-0.2902442769903578,1.583098188805192,-20.000000000000007
-0.28558708034433605,1.5632803966587598,-20.000000000000007
-0.2797305031853531,1.5142987704774484,-20.000000000000007
-0.2801168150266809,1.508126153081086,-20.000000000000007
-0.27076945944245323,1.7115571455485508,-20.000000000000007
-0.27611908475474045,1.612351724855573,-20.000000000000007
-0.2802305688753421,1.514523961841914,-20.000000000000007
-0.27084956539536614,1.715367373668759,-20.000000000000007
-0.25618054065028173,1.7659810977171362,-20.000000000000007
-0.23690700311659063,1.9090154399479973,-20.000000000000007
-0.22577710864692624,1.9282151028335157,-20.000000000000007
-0.21295636326596953,1.8553596150545903,-20.000000000000007
-0.18945532208693439,1.5763627715783317,-20.000000000000007
-0.1888693859802468,1.5715946146796025,-20.000000000000007
-0.1822099663654441,1.5747645545787246,-20.000000000000007
-0.17337853243457832,1.5519365666422185,-20.000000000000007
-0.16015086704143036,1.4658572207674503,-20.000000000000007
-0.14969871320520373,1.437675006587023,-20.000000000000007
-0.14969871320520373,1.4376750065870232,-20.000000000000007
-0.16015086704143033,1.4658572207674505,-20.000000000000007
-0.15098649128259778,1.3992341320455803,-20.000000000000007
-0.16491224342351885,1.4962079272044329,-20.000000000000007
-0.16175363895024922,1.4767475548411566,-20.000000000000007
-0.17337853243457832,1.5519365666422185,-20.000000000000007
-0.17259283802865877,1.5472393109831906,-20.000000000000007
-0.17426758362483646,1.5596310191219986,-20.000000000000007
-0.17259283802865877,1.5472393109831908,-20.000000000000007
-0.17694296547815702,1.5727431410120192,-20.000000000000007
-0.17716407672167847,1.5760687284044745,-20.000000000000007
-0.17548244831557924,1.566996165209496,-20.000000000000007
-0.17825534106184446,1.5837285229747722,-20.000000000000007
-0.17337853243457832,1.5519365666422185,-20.000000000000007
-0.17716407672167847,1.5760687284044748,-20.000000000000007
-0.1742675836248365,1.5596310191219986,-20.000000000000007
-0.17825534106184443,1.5837285229747722,-20.000000000000007
-0.17548244831557921,1.566996165209496,-20.000000000000007
-0.17917386072802038,1.5901780441278877,-20.000000000000007
-0.17337853243457832,1.5519365666422187,-20.000000000000007
-0.18226034594502277,1.5752406240198031,-20.000000000000007
-0.22140421285544898,1.9288128383647138,-20.000000000000007
-0.25343781920482006,1.7605229699872051,-20.000000000000007
-0.2840255897958569,1.5506902601257062,-20.000000000000007
-0.2971208515099543,1.5878202981705967,-20.000000000000007
-0.29189214994868057,1.5877765777041217,-20.000000000000007
-0.2929801151709951,1.587253273196303,-20.000000000000007
-0.28140973025684607,1.5238673842574229,-20.000000000000007
-0.28011681502668095,1.508126153081086,-20.000000000000007
-0.2803229939220572,1.507794639341816,-20.000000000000007
-0.2653103757015591,1.7658075427401108,-20.000000000000007
-0.26908226728219925,1.737313936565564,-20.000000000000007
-0.26379505925339414,1.76116337081302,-20.000000000000007
-0.25345918748583385,1.762768003899306,-20.000000000000007
-0.24804452104298405,1.7775142084150677,-20.000000000000007
-0.2369070031165907,1.9090154399479973,-20.000000000000007
-0.2273962206007246,1.9227536285450588,-20.000000000000007
-0.2129563632659695,1.8553596150545903,-20.000000000000007
-0.20437906386028282,1.746916092709036,-20.000000000000007
-0.18886938598024677,1.5715946146796025,-20.000000000000007
-0.1822099663654441,1.5747645545787243,-20.000000000000007
-0.17426758362483646,1.5596310191219986,-20.000000000000007
-0.14969871320520375,1.437675006587023,-20.000000000000007
-0.14896232389835787,1.441250436214657,-20.000000000000007
-0.13766089245675406,1.4109848407592605,-20.000000000000007
-0.14969871320520375,1.4376750065870232,-20.000000000000007
-0.14975414285615304,1.435613454864934,-20.000000000000007
-0.16175363895024922,1.4767475548411566,-20.000000000000007
-0.16226514651890211,1.4799780943445653,-20.000000000000007
-0.16491224342351885,1.4962079272044329,-20.000000000000007
-0.17337853243457835,1.5519365666422187,-20.000000000000007
-0.16491224342351885,1.4962079272044329,-20.000000000000007
-0.17337853243457835,1.5519365666422187,-20.000000000000007
-0.1622651465189021,1.479978094344565,-20.000000000000007
-0.17337853243457835,1.5519365666422185,-20.000000000000007
-0.16226514651890211,1.479978094344565,-20.000000000000007
-0.16491224342351887,1.4962079272044326,-20.000000000000007
-0.16015086704143036,1.4658572207674503,-20.000000000000007
-0.16226514651890211,1.479978094344565,-20.000000000000007
-0.1509864912825978,1.3992341320455806,-20.000000000000007
-0.16226514651890211,1.479978094344565,-20.000000000000007
-0.16015086704143036,1.4658572207674507,-20.000000000000007
-0.16175363895024922,1.4767475548411566,-20.000000000000007
-0.15098649128259778,1.3992341320455806,-20.000000000000007
-0.14975414285615307,1.4356134548649337,-20.000000000000007
-0.18945532208693444,1.576362771578332,-20.000000000000007
-0.23452608175534848,1.9293173658082716,-20.000000000000007
-0.2653103757015591,1.7658075427401105,-20.000000000000007
-0.29161458899958015,1.587981435236426,-20.000000000000007
-0.294654553837729,1.5974104532987212,-20.000000000000007
-0.28576098076397394,1.563548258660463,-20.000000000000007
-0.28808649824126326,1.573406706276798,-20.000000000000007
-0.2858135332844407,1.563855856787399,-20.000000000000007
-0.2787310165976559,1.540481016840682,-20.000000000000007
-0.2707688130905055,1.7114074663733896,-20.000000000000007
-0.2645097652915035,1.7621367753841424,-20.000000000000007
-0.26434279534910604,1.7611298086174452,-20.000000000000007
-0.2707328365146331,1.7131873457107312,-20.000000000000007
-0.26985778284718653,1.7280597673770197,-20.000000000000007
-0.2537028219436905,1.7646791922144858,-20.000000000000007
-0.23551189058443658,1.919305109296039,-20.000000000000007
-0.22140421285544898,1.9288128383647138,-20.000000000000007
-0.19315943252724238,1.6118386740500745,-20.000000000000007
-0.18883859646648546,1.5743867191268253,-20.000000000000007
-0.18220996636544412,1.5747645545787246,-20.000000000000007
-0.179509115801908,1.5810607140359074,-20.000000000000007
-0.1617536389502492,1.4767475548411566,-20.000000000000007
-0.1509864912825978,1.3992341320455806,-20.000000000000007
-0.1377468926182409,1.4138227263361496,-20.000000000000007
-0.14969871320520375,1.437675006587023,-20.000000000000007
-0.1509864912825978,1.3992341320455806,-20.000000000000007
-0.14975415741304388,1.4356391577721634,-20.000000000000007
-0.17337853243457835,1.5519365666422187,-20.000000000000007
-0.16226514651890211,1.4799780943445653,-20.000000000000007
-0.17716407672167844,1.5760687284044748,-20.000000000000007
-0.1627002308005726,1.4821412217524914,-20.000000000000007
-0.17548244831557921,1.5669961652094955,-20.000000000000007
-0.16226514651890211,1.4799780943445655,-20.000000000000007
-0.17426758362483652,1.5596310191219989,-20.000000000000007
-0.17259283802865877,1.5472393109831906,-20.000000000000007
-0.16491224342351885,1.4962079272044329,-20.000000000000007
-0.16491224342351885,1.4962079272044326,-20.000000000000007
-0.16491224342351887,1.4962079272044329,-20.000000000000007
-0.17426758362483646,1.5596310191219989,-20.000000000000007
-0.16226514651890211,1.479978094344565,-20.000000000000007
-0.1754824483155792,1.566996165209496,-20.000000000000007
-0.1622651465189021,1.4799780943445653,-20.000000000000007
-0.17337853243457835,1.5519365666422185,-20.000000000000007
-0.16226514651890211,1.479978094344565,-20.000000000000007
-0.18226034594502277,1.575240624019803,-20.000000000000007
-0.22140421285544898,1.9288128383647134,-20.000000000000007
-0.2536389081598413,1.76308129542935,-20.000000000000007
-0.2844883477018021,1.5579081829715888,-20.000000000000007
-0.2974796676590035,1.5840239844180637,-20.000000000000007
-0.2861467625785085,1.5660632206302454,-20.000000000000007
-0.29024427699035776,1.583098188805192,-20.000000000000007
-0.28068482519961424,1.5117411503783482,-20.000000000000007
-0.2801168150266809,1.5081261530810859,-20.000000000000007
-0.28024248632243076,1.5048217717977546,-20.000000000000007
-0.2796505477078005,1.5205278537775684,-20.000000000000007
-0.2801168150266809,1.508126153081086,-20.000000000000007
-0.2796505477078005,1.5205278537775684,-20.000000000000007
-0.26536069841828297,1.7659571933544056,-20.000000000000007
-0.2503836637376047,1.7099445186385254,-20.000000000000007
-0.2474182956865548,1.7916377967460437,-20.000000000000007
-0.23372330048396056,1.9258931696488695,-20.000000000000007
-0.221404212855449,1.9288128383647134,-20.000000000000007
-0.21994125292961356,1.9321134241630258,-20.000000000000007
-0.20138593308898803,1.7056697537896857,-20.000000000000007
-0.1883243545418553,1.5729018912430375,-20.000000000000007
-0.179509115801908,1.5810607140359074,-20.000000000000007
-0.1509864912825978,1.3992341320455803,-20.000000000000007
-0.1509864912825978,1.3992341320455808,-20.000000000000007
-0.14969871320520375,1.4376750065870232,-20.000000000000007
-0.1601508670414304,1.4658572207674505,-20.000000000000007
-0.16015086704143036,1.4658572207674505,-20.000000000000007
-0.16270023080057264,1.4821412217524914,-20.000000000000007
-0.17259283802865874,1.547239310983191,-20.000000000000007
-0.16491224342351887,1.4962079272044329,-20.000000000000007
-0.16491224342351887,1.4962079272044326,-20.000000000000007
-0.17337853243457835,1.551936566642219,-20.000000000000007
-0.17259283802865874,1.5472393109831906,-20.000000000000007
-0.17548244831557921,1.566996165209496,-20.000000000000007
-0.1754824483155792,1.566996165209496,-20.000000000000007
-0.17337853243457835,1.5519365666422185,-20.000000000000007
-0.1754824483155792,1.566996165209496,-20.000000000000007
-0.17337853243457835,1.5519365666422185,-20.000000000000007
-0.1754824483155792,1.5669961652094957,-20.000000000000007
-0.16491224342351887,1.4962079272044326,-20.000000000000007
-0.1742675836248365,1.5596310191219989,-20.000000000000007
-0.17259283802865874,1.5472393109831906,-20.000000000000007
-0.17337853243457832,1.5519365666422185,-20.000000000000007
-0.16175363895024922,1.4767475548411566,-20.000000000000007
-0.16226514651890211,1.4799780943445653,-20.000000000000007
-0.1888693859802468,1.5715946146796025,-20.000000000000007
-0.23302149666010646,1.918653038822802,-20.000000000000007
-0.2645097652915035,1.7621367753841422,-20.000000000000007
-0.29161458899958015,1.587981435236426,-20.000000000000007
-0.2855148121073891,1.5631726242681472,-20.000000000000007
-0.2843016838457678,1.5549611531460619,-20.000000000000007
-0.2835864493405321,1.5434221632614336,-20.000000000000007
-0.28400587407937683,1.5508900858620296,-20.000000000000007
-0.2807553079754124,1.5116905185834444,-20.000000000000007
-0.2707757720966526,1.7131708972600883,-20.000000000000007
-0.2637197996728592,1.7617318953331491,-20.000000000000007
-0.25603608047009263,1.7648016148080545,-20.000000000000007
-0.26377012238958314,1.761881545947444,-20.000000000000007
-0.25708041157458583,1.7691667990844138,-20.000000000000007
-0.2547642681176279,1.767951694156837,-20.000000000000007
-0.23372330048396056,1.9258931696488693,-20.000000000000007
-0.22009438141336607,1.9320609053442979,-20.000000000000007
-0.20437906386028282,1.7469160927090361,-20.000000000000007
-0.18886938598024677,1.5715946146796025,-20.000000000000007
-0.18837473412143405,1.573377960684116,-20.000000000000007
-0.18220996636544406,1.5747645545787248,-20.000000000000007
-0.17259283802865874,1.5472393109831906,-20.000000000000007
-0.1733785324345783,1.551936566642219,-20.000000000000007
-0.14975414285615307,1.4356134548649342,-20.000000000000007
-0.16015086704143033,1.4658572207674505,-20.000000000000007
-0.16226514651890211,1.479978094344565,-20.000000000000007
-0.16226514651890211,1.479978094344565,-20.000000000000007
-0.17259283802865874,1.5472393109831908,-20.000000000000007
-0.15098676968313507,1.3990909895297734,-20.000000000000007
-0.17716407672167847,1.5760687284044745,-20.000000000000007
-0.16015086704143033,1.4658572207674505,-20.000000000000007
-0.17917386072802038,1.5901780441278879,-20.000000000000007
-0.17259283802865874,1.5472393109831906,-20.000000000000007
-0.17917386072802038,1.5901780441278877,-20.000000000000007
-0.17259283802865877,1.5472393109831906,-20.000000000000007
-0.179509115801908,1.5810607140359072,-20.000000000000007
-0.17716407672167847,1.5760687284044743,-20.000000000000007
-0.17917386072802038,1.5901780441278877,-20.000000000000007
-0.17917386072802038,1.5901780441278879,-20.000000000000007
-0.17917386072802038,1.5901780441278877,-20.000000000000007
-0.179509115801908,1.5810607140359074,-20.000000000000007
-0.16491224342351887,1.4962079272044329,-20.000000000000007
-0.17716407672167847,1.5760687284044748,-20.000000000000007
-0.14969871320520373,1.437675006587023,-20.000000000000007
-0.17917386072802038,1.5901780441278877,-20.000000000000007
-0.2129563632659695,1.85535961505459,-20.000000000000007
-0.24804881662550365,1.776457960474782,-20.000000000000007
-0.28011681502668095,1.508126153081086,-20.000000000000007
-0.28808649824126326,1.5734067062767982,-20.000000000000007
-0.28391254215135964,1.549416570949266,-20.000000000000007
-0.2902442769903578,1.5830981888051923,-20.000000000000007
-0.2833730331684438,1.5449463194670945,-20.000000000000007
-0.28091775621608633,1.5101713202633242,-20.000000000000007
-0.28011681502668095,1.508126153081086,-20.000000000000007
-0.2774810262592935,1.5683423569948085,-20.000000000000007
-0.2755708144406306,1.616651583644801,-20.000000000000007
-0.27757880112585687,1.567804174716799,-20.000000000000007
-0.2662334868970442,1.763788193469412,-20.000000000000007
-0.25343781920482006,1.7605229699872051,-20.000000000000007
-0.24445825285810688,1.8275298935859103,-20.000000000000007
-0.23192411036750973,1.9094552988336222,-20.000000000000007
-0.21896327629267132,1.929728595401465,-20.000000000000007
-0.2129928880647487,1.8546782983206902,-20.000000000000007
-0.19943351421520183,1.6818411216689304,-20.000000000000007
-0.18245135093884665,1.5726673984336743,-20.000000000000007
-0.18220996636544406,1.5747645545787243,-20.000000000000007
-0.15098649128259778,1.3992341320455801,-20.000000000000007
-0.16226514651890211,1.4799780943445653,-20.000000000000007
-0.1509864912825978,1.3992341320455806,-20.000000000000007
-0.17337853243457835,1.5519365666422185,-20.000000000000007
-0.17426758362483646,1.5596310191219986,-20.000000000000007
-0.17716407672167847,1.5760687284044748,-20.000000000000007
-0.1771640767216785,1.5760687284044743,-20.000000000000007
-0.17917386072802038,1.5901780441278879,-20.000000000000007
-0.17917386072802036,1.5901780441278877,-20.000000000000007
-0.17359964367809982,1.555262154034674,-20.000000000000007
-0.179509115801908,1.5810607140359072,-20.000000000000007
-0.17426758362483646,1.5596310191219986,-20.000000000000007
-0.17950911580190798,1.5810607140359074,-20.000000000000007
-0.17825534106184446,1.5837285229747722,-20.000000000000007
-0.179509115801908,1.5810607140359072,-20.000000000000007
-0.1735996436780998,1.555262154034674,-20.000000000000007
-0.17917386072802038,1.5901780441278877,-20.000000000000007
-0.17337853243457832,1.5519365666422185,-20.000000000000007
-0.17825534106184446,1.5837285229747722,-20.000000000000007
-0.176942965478157,1.572743141012019,-20.000000000000007
-0.17337853243457832,1.5519365666422185,-20.000000000000007
-0.17259283802865874,1.5472393109831908,-20.000000000000007
-0.14969871320520373,1.437675006587023,-20.000000000000007
-0.18837473412143402,1.5733779606841163,-20.000000000000007
-0.21911557977763285,1.9280293602799903,-20.000000000000007
-0.25574220959707933,1.7638071124893746,-20.000000000000007
-0.2858135332844407,1.563855856787399,-20.000000000000007
-0.28792142465882803,1.5730996135501174,-20.000000000000007
-0.2968910380238684,1.5890795057167368,-20.000000000000007
-0.28391254215135964,1.549416570949266,-20.000000000000007
-0.2855148121073891,1.5631726242681472,-20.000000000000007
-0.2828105754745732,1.537317099739418,-20.000000000000007
-0.2653606984182829,1.7659571933544054,-20.000000000000007
-0.2657712868319514,1.7641414463425071,-20.000000000000007
-0.25666855326715005,1.7687842849762667,-20.000000000000007
-0.2596277946217823,1.7759789734525393,-20.000000000000007
-0.2587112690546929,1.7769102434252317,-20.000000000000007
-0.2535707286870877,1.7642628668894367,-20.000000000000007
-0.2378991384744147,1.8975277227721494,-20.000000000000007
-0.220827662824018,1.9386752795527347,-20.000000000000007
-0.2129563632659695,1.8553596150545901,-20.000000000000007
-0.1990290336519761,1.6778574345842014,-20.000000000000007
-0.18837473412143407,1.573377960684116,-20.000000000000007
-0.1822099663654441,1.574764554578724,-20.000000000000007
-0.16270023080057264,1.4821412217524914,-20.000000000000007
-0.16226514651890214,1.479978094344565,-20.000000000000007
-0.1497541574130439,1.4356391577721639,-20.000000000000007
-0.14975414285615304,1.435613454864934,-20.000000000000007
-0.16226514651890211,1.4799780943445653,-20.000000000000007
-0.15098649128259778,1.3992341320455806,-20.000000000000007
-0.17716407672167844,1.5760687284044745,-20.000000000000007
-0.17337853243457835,1.551936566642219,-20.000000000000007
-0.17917386072802038,1.5901780441278877,-20.000000000000007
-0.17694296547815702,1.572743141012019,-20.000000000000007
-0.17917386072802038,1.5901780441278879,-20.000000000000007
-0.17694296547815702,1.5727431410120192,-20.000000000000007
-0.17694296547815702,1.5727431410120192,-20.000000000000007
-0.17337853243457832,1.5519365666422187,-20.000000000000007
-0.16270023080057264,1.4821412217524916,-20.000000000000007
-0.17259283802865877,1.5472393109831908,-20.000000000000007
-0.1617536389502492,1.4767475548411566,-20.000000000000007
-0.17337853243457832,1.5519365666422187,-20.000000000000007
-0.15280423597603293,1.4087123965335242,-20.000000000000007
-0.17337853243457832,1.5519365666422185,-20.000000000000007
-0.16015086704143033,1.4658572207674505,-20.000000000000007
-0.1622651465189021,1.4799780943445655,-20.000000000000007
-0.14947303603690426,1.4401127615108216,-20.000000000000007
-0.13559501490126286,1.4971204706629226,-20.000000000000007
-0.13500799762049986,1.4901723146345818,-20.000000000000007
-0.1316233486773816,1.512553191202664,-20.000000000000007
-0.13225188883939853,1.505849498802996,-20.000000000000007
-0.13162334867738157,1.5125531912026637,-20.000000000000007
-0.12942838191366204,1.5266195020865656,-20.000000000000007
-0.12540408018203894,1.5225047004235048,-20.000000000000007
-0.12405129492932988,1.5281230603556573,-20.000000000000007
-0.12405129492932987,1.528123060355657,-20.000000000000007
-0.12405129492932987,1.5281230603556573,-20.000000000000007
-0.12405129492932988,1.5281230603556573,-20.000000000000007
-0.12405129492932987,1.5281230603556573,-20.000000000000007
-0.1254040801820389,1.522504700423505,-20.000000000000007
-0.1296237382480963,1.525556298070263,-20.000000000000007
-0.1316233486773816,1.512553191202664,-20.000000000000007
-0.1316233486773816,1.512553191202664,-20.000000000000007
-0.1296237382480963,1.525556298070263,-20.000000000000007
-0.12684286767579064,1.5197244813100856,-20.000000000000007
-0.12540407940220547,1.5225030507157353,-20.000000000000007
-0.12405129492932988,1.528123060355657,-20.000000000000007
-0.12405129492932988,1.5281230603556573,-20.000000000000007
-0.12405129492932987,1.5281230603556573,-20.000000000000007
-0.12540407940220547,1.5225030507157356,-20.000000000000007
-0.12684286767579064,1.5197244813100856,-20.000000000000007
-0.12962373824809628,1.5255562980702628,-20.000000000000007
-0.13162334867738157,1.512553191202664,-20.000000000000007
-0.1316233486773816,1.512553191202664,-20.000000000000007
-0.1296237382480963,1.525556298070263,-20.000000000000007
-0.12684286767579067,1.5197244813100856,-20.000000000000007
-0.12540407940220547,1.5225030507157356,-20.000000000000007
-0.12405129492932988,1.5281230603556573,-20.000000000000007
-0.12405129492932987,1.5281230603556573,-20.000000000000007
-0.1240512949293299,1.5281230603556573,-20.000000000000007
-0.12405129492932987,1.5281230603556573,-20.000000000000007
-0.12540407940220547,1.5225030507157356,-20.000000000000007
-0.12962373824809628,1.5255562980702628,-20.000000000000007
-0.1316233486773816,1.5125531912026637,-20.000000000000007
-0.1316233486773816,1.512553191202664,-20.000000000000007
-0.12962373824809628,1.5255562980702628,-20.000000000000007
-0.12684286767579067,1.5197244813100856,-20.000000000000007
-0.1254040794022055,1.5225030507157356,-20.000000000000007
-0.12540407940220547,1.5225030507157356,-20.000000000000007
-0.12405129492932987,1.5281230603556573,-20.000000000000007
-0.12405129492932988,1.528123060355657,-20.000000000000007
-0.12405129492932987,1.5281230603556573,-20.000000000000007
-0.1254040794022055,1.5225030507157356,-20.000000000000007
-0.12962373824809628,1.5255562980702626,-20.000000000000007
-0.13162334867738157,1.5125531912026637,-20.000000000000007
-0.13496593015556185,1.490400499773179,-20.000000000000007
-0.1316233486773816,1.512553191202664,-20.000000000000007
-0.12942838191366204,1.5266195020865654,-20.000000000000007
-0.12540407940220547,1.5225030507157356,-20.000000000000007
-0.12405129492932987,1.5281230603556573,-20.000000000000007
-0.12405129492932988,1.5281230603556575,-20.000000000000007
-0.12405129492932988,1.528123060355657,-20.000000000000007
-0.12405129492932987,1.5281230603556573,-20.000000000000007
-0.12405129492932988,1.528123060355657,-20.000000000000007
-0.12405129492932988,1.5281230603556573,-20.000000000000007
-0.12405129492932987,1.528123060355657,-20.000000000000007
-0.12405129492932988,1.5281230603556573,-20.000000000000007
-0.12405129492932988,1.528123060355657,-20.000000000000007
-0.12405129492932988,1.5281230603556573,-20.000000000000007
-0.12405129492932987,1.5281230603556573,-20.000000000000007
-0.12612832293323067,1.5235850837677125,-20.000000000000007
-0.12612832293323067,1.5235850837677125,-20.000000000000007
-0.1261283229332307,1.5235850837677125,-20.000000000000007
-0.1261283229332307,1.5235850837677127,-20.000000000000007
-0.12849335850247093,1.5247118007304847,-20.000000000000007
-0.1316233486773816,1.5125531912026637,-20.000000000000007
-0.13496593015556185,1.4904004997731792,-20.000000000000007
-0.13505647193701792,1.4933154606281194,-20.000000000000007
-0.13496593015556188,1.4904004997731792,-20.000000000000007
-0.13160506288298884,1.5132325960306732,-20.000000000000007
-0.12684286767579067,1.5197244813100856,-20.000000000000007
-0.1254040794022055,1.5225030507157356,-20.000000000000007
-0.12540407940220547,1.5225030507157356,-20.000000000000007
-0.12405129492932987,1.5281230603556568,-20.000000000000007
-0.12405129492932987,1.5281230603556573,-20.000000000000007
-0.12405129492932987,1.5281230603556573,-20.000000000000007
-0.12540407940220547,1.5225030507157353,-20.000000000000007
-0.12540407940220547,1.5225030507157356,-20.000000000000007
-0.12540407940220547,1.5225030507157356,-20.000000000000007
-0.12612832293323067,1.5235850837677127,-20.000000000000007
-0.12612832293323067,1.5235850837677127,-20.000000000000007
-0.12612832293323067,1.5235850837677127,-20.000000000000007
-0.1261283229332307,1.5235850837677125,-20.000000000000007
-0.12612832371306412,1.5235867334754818,-20.000000000000007
-0.12612832293323067,1.5235850837677125,-20.000000000000007
-0.12756711120681585,1.520806514362063,-20.000000000000007
-0.12942838191366207,1.5266195020865658,-20.000000000000007
-0.12962373824809628,1.525556298070263,-20.000000000000007
-0.13162334867738157,1.512553191202664,-20.000000000000007
-0.13496593015556188,1.4904004997731792,-20.000000000000007
-0.13225188883939853,1.5058494988029958,-20.000000000000007
-0.13162334867738157,1.5125531912026637,-20.000000000000007
-0.12962373824809628,1.525556298070263,-20.000000000000007
-0.12684286767579067,1.5197244813100856,-20.000000000000007
-0.12684286767579067,1.5197244813100856,-20.000000000000007
-0.12684286767579064,1.5197244813100859,-20.000000000000007
-0.1254040801820389,1.5225047004235046,-20.000000000000007
-0.12684286767579064,1.5197244813100859,-20.000000000000007
-0.1254040794022055,1.5225030507157356,-20.000000000000007
-0.12684286767579067,1.5197244813100856,-20.000000000000007
-0.12612832371306415,1.523586733475482,-20.000000000000007
-0.12756711120681585,1.520806514362063,-20.000000000000007
-0.12756711120681585,1.520806514362063,-20.000000000000007
-0.12756711120681585,1.5208065143620628,-20.000000000000007
-0.12921760203349608,1.525793833782462,-20.000000000000007
-0.1303479817791215,1.5266383311222402,-20.000000000000007
-0.1303479817791215,1.5266383311222402,-20.000000000000007
-0.1303479817791215,1.5266383311222402,-20.000000000000007
-0.13225188883939853,1.505849498802996,-20.000000000000007
-0.13162334867738157,1.512553191202664,-20.000000000000007
-0.13477851668463559,1.4930631893815218,-20.000000000000007
-0.13496593015556188,1.4904004997731792,-20.000000000000007
-0.13496593015556185,1.490400499773179,-20.000000000000007
-0.13496593015556185,1.4904004997731795,-20.000000000000007
-0.1322518888393985,1.505849498802996,-20.000000000000007
-0.1296237382480963,1.5255562980702626,-20.000000000000007
-0.1296237382480963,1.5255562980702626,-20.000000000000007
-0.13160506288298887,1.5132325960306732,-20.000000000000007
-0.13160506288298884,1.5132325960306732,-20.000000000000007
-0.1316233486773816,1.512553191202664,-20.000000000000007
-0.1316233486773816,1.5125531912026637,-20.000000000000007
-0.13162334867738157,1.512553191202664,-20.000000000000007
-0.1316233486773816,1.5125531912026637,-20.000000000000007
-0.13162334867738157,1.5125531912026637,-20.000000000000007
-0.1322518888393985,1.505849498802996,-20.000000000000007
-0.13224807051494286,1.5055172220805708,-20.000000000000007
-0.13495829350665048,1.4897359463283293,-20.000000000000007
-0.13495829350665048,1.4897359463283293,-20.000000000000007
-0.13495829350665048,1.4897359463283297,-20.000000000000007
-0.13495605330512836,1.4898632237174256,-20.000000000000007
-0.13496211183110618,1.4900682230507545,-20.000000000000007
-0.13496593015556185,1.490400499773179,-20.000000000000007
-0.13496593015556185,1.490400499773179,-20.000000000000007
-0.13496593015556185,1.4904004997731792,-20.000000000000007
-0.13496593015556185,1.4904004997731792,-20.000000000000007
-0.13162334867738157,1.5125531912026637,-20.000000000000007
-0.13160506288298887,1.5132325960306734,-20.000000000000007
-0.12942838191366207,1.5266195020865654,-20.000000000000007
-0.12684286767579064,1.5197244813100856,-20.000000000000007
-0.1254040801820389,1.5225047004235046,-20.000000000000007
-0.12684286767579067,1.5197244813100859,-20.000000000000007
-0.12684286767579067,1.5197244813100859,-20.000000000000007
-0.1254040794022055,1.5225030507157356,-20.000000000000007
-0.12684286767579067,1.5197244813100856,-20.000000000000007
-0.12684286767579067,1.5197244813100856,-20.000000000000007
-0.12756711120681588,1.5208065143620628,-20.000000000000007
-0.1296237382480963,1.525556298070263,-20.000000000000007
-0.12756711120681585,1.5208065143620626,-20.000000000000007
-0.13034798177912152,1.52663833112224,-20.000000000000007
-0.13034798177912152,1.5266383311222402,-20.000000000000007
-0.1316233486773816,1.5125531912026637,-20.000000000000007
-0.1316233486773816,1.5125531912026637,-20.000000000000007
-0.13034416345466582,1.5263060543998155,-20.000000000000007
-0.1316233486773816,1.512553191202664,-20.000000000000007
-0.1316233486773816,1.5125531912026642,-20.000000000000007
-0.13496593015556188,1.490400499773179,-20.000000000000007
-0.13505647193701792,1.4933154606281194,-20.000000000000007
-0.13500799762049986,1.490172314634582,-20.000000000000007
-0.13496593015556188,1.490400499773179,-20.000000000000007
-0.1322518888393985,1.505849498802996,-20.000000000000007
-0.13162334867738157,1.512553191202664,-20.000000000000007
-0.13225188883939853,1.5058494988029958,-20.000000000000007
-0.13500799762049986,1.4901723146345818,-20.000000000000007
-0.13496593015556185,1.490400499773179,-20.000000000000007
-0.13559501490126286,1.4971204706629226,-20.000000000000007
-0.13541503259313709,1.4948226663941326,-20.000000000000007
-0.1352364542451437,1.4956132648969096,-20.000000000000007
-0.13774689261824094,1.4138227263361496,-20.000000000000007
-0.13559501490126288,1.4971204706629226,-20.000000000000007
-0.14975414285615307,1.435613454864934,-20.000000000000007
-0.14969871320520375,1.4376750065870232,-20.000000000000007
-0.1377468926182409,1.4138227263361496,-20.000000000000007
-0.16270023080057264,1.4821412217524916,-20.000000000000007
-0.14975414285615304,1.435613454864934,-20.000000000000007
-0.1804043718668858,1.561176753585045,-20.000000000000007
-0.22164106841618958,1.9189519988593982,-20.000000000000007
-0.26658848891324244,1.7605813432317965,-20.000000000000007
-0.3146248880309892,1.4964982068319448,-20.000000000000007
-0.3453298942442132,1.496651681358351,-20.000000000000007
-0.35641635761675605,1.5001630189963688,-20.000000000000007
-0.35449075037510486,1.4995359015571128,-20.000000000000007
-0.3523069271387732,1.4999610517970248,-20.000000000000007
-0.3429343935272438,1.4993336978443617,-20.000000000000007
-0.3398165683201796,1.4987347891638574,-20.000000000000007
-0.3385454897129965,1.5002830542994567,-20.000000000000007
-0.33039387972045847,1.4963661005382716,-20.000000000000007
-0.3264422702680586,1.499109752817048,-20.000000000000007
-0.3168209418906442,1.4984316868116512,-20.000000000000007
-0.31286943398502143,1.5045796759697252,-20.000000000000007
-0.307576303871034,1.5092767463599177,-20.000000000000007
-0.3072398290564171,1.5094781150519183,-20.000000000000007
-0.3033682290203279,1.520068745034974,-20.000000000000007
-0.2946971488274946,1.5967186902438684,-20.000000000000007
-0.2917384897809888,1.5878669729142671,-20.000000000000007
-0.28256991487903854,1.5332087128336518,-20.000000000000007
-0.2636632939167519,1.7594969943333099,-20.000000000000007
-0.23476005108754988,1.9246267303173614,-20.000000000000007
-0.18361747707950815,1.5838646708331459,-20.000000000000007
-0.1751010624546262,1.5664045252620538,-20.000000000000007
-0.1751010624546262,1.5664045252620538,-20.000000000000007
-0.21173096932913643,1.8478864443445637,-20.000000000000007
-0.2438211059993681,1.822101632374892,-20.000000000000007
-0.25066157960839835,1.6995027953829276,-20.000000000000007
-0.25362203347405415,1.7571569920026064,-20.000000000000007
-0.2506296023433252,1.698997203762813,-20.000000000000007
-0.25046604937110756,1.694453019701242,-20.000000000000007
-0.2565981846719644,1.7632821483535674,-20.000000000000007
-0.27326909033138813,1.6524217903639795,-20.000000000000007
-0.28015056852487374,1.5049249248193288,-20.000000000000007
-0.2843950157737849,1.556434668058825,-20.000000000000007
-0.28024248632243076,1.5048217717977548,-20.000000000000007
-0.2822484057017066,1.5366983250831803,-20.000000000000007
-0.28035323293839765,1.5049414149407445,-20.000000000000007
-0.2807866153310694,1.5114112648091447,-20.000000000000007
-0.2860847862583424,1.5660072351777896,-20.000000000000007
-0.28024248632243076,1.5048217717977546,-20.000000000000007
-0.28337303316844376,1.5449463194670945,-20.000000000000007
-0.2706946648376055,1.7110862402984544,-20.000000000000007
-0.279425824015851,1.5230811353673013,-20.000000000000007
-0.2669044752776751,1.7626785992729928,-20.000000000000007
-0.23679210284778984,1.9087170004281817,-20.000000000000007
-0.2002751479582084,1.7399956220515302,-20.000000000000007
-0.1382798588636003,1.4248050209160281,-20.000000000000007
-0.127381452621069,1.5267946817346165,-20.000000000000007
-0.11240583658738618,1.5333027470460343,-20.000000000000007
-0.1124058365873862,1.5333027470460345,-20.000000000000007
-0.11240579018729664,1.5333266041320022,-20.000000000000007
-0.11240579018729664,1.5333266041320022,-20.000000000000007
-0.11160983668258677,1.5394053130640604,-20.000000000000007
-0.12445744180165373,1.532299601382183,-20.000000000000007
-0.1257308357213163,1.539254732950738,-20.000000000000007
-0.12581054847571138,1.5266615549194809,-20.000000000000007
-0.12977878434227225,1.5366981790013698,-20.000000000000007
-0.13103589494983797,1.5232912541189423,-20.000000000000007
-0.13548266325810884,1.510385455395212,-20.000000000000007
-0.13827929829333077,1.4248276269423903,-20.000000000000007
-0.16930421010670235,1.5776091538352786,-20.000000000000007
-0.1723007520644122,1.5935067427276295,-20.000000000000007
-0.18160650863614658,1.5652904978856892,-20.000000000000007
-0.18889435397240922,1.6326007707810777,-20.000000000000007
-0.2117309693291365,1.8478864443445635,-20.000000000000007
-0.22094130554641433,1.9269729367606057,-20.000000000000007
-0.21173096932913643,1.8478864443445637,-20.000000000000007
-0.22718604684609814,1.9204048324940461,-20.000000000000007
-0.22695824138237483,1.9228620669991632,-20.000000000000007
-0.23577615157173543,1.9139808551233315,-20.000000000000007
-0.2360506929732718,1.913582861920025,-20.000000000000007
-0.24472429706453336,1.8147491635665436,-20.000000000000007
-0.22747948179221972,1.9178329122632694,-20.000000000000007
-0.24770498968745444,1.7812067663578977,-20.000000000000007
-0.24382110599936807,1.822101632374892,-20.000000000000007
-0.24885118685968372,1.7517256195884827,-20.000000000000007
-0.2563897159581635,1.7645036428511982,-20.000000000000007
-0.2549090030591316,1.7618896788549119,-20.000000000000007
-0.2566382211256999,1.7634746737325249,-20.000000000000007
-0.26269022191224417,1.7637239959233144,-20.000000000000007
-0.2626902219122442,1.7637239959233142,-20.000000000000007
-0.27069466483760557,1.7110862402984544,-20.000000000000007
-0.28011681502668095,1.508126153081086,-20.000000000000007
-0.28035323293839765,1.5049414149407445,-20.000000000000007
-0.2844883477018021,1.557908182971589,-20.000000000000007
-0.28011681502668095,1.508126153081086,-20.000000000000007
-0.28391254215135964,1.549416570949266,-20.000000000000007
-0.279371143037495,1.525713678077813,-20.000000000000007
-0.279371143037495,1.5257136780778133,-20.000000000000007
-0.24770498968745444,1.7812067663578974,-20.000000000000007
-0.18111185573755595,1.567072007968258,-20.000000000000007
-0.14956707810074568,1.4816980261491302,-20.000000000000007
-0.12569005849080103,1.5250578094106224,-20.000000000000007
-0.11240579018729663,1.5333266041320024,-20.000000000000007
-0.11160983668258675,1.5394053130640604,-20.000000000000007
-0.11160983668258678,1.5394053130640604,-20.000000000000007
-0.11161013015990386,1.5393901157399104,-20.000000000000007
-0.11161013015990387,1.5393901157399101,-20.000000000000007
-0.1257308357213163,1.5392547329507382,-20.000000000000007
-0.12722507223188106,1.5343970159211402,-20.000000000000007
-0.12793961775427445,1.5305380631712828,-20.000000000000007
-0.12977878434227222,1.5366981790013698,-20.000000000000007
-0.13517229201935854,1.5084781187085592,-20.000000000000007
-0.1382798588636003,1.4248050209160281,-20.000000000000007
-0.15890037786961222,1.5140226726475714,-20.000000000000007
-0.17212649503344188,1.5957115315232313,-20.000000000000007
-0.17177201680536933,1.5990902493924235,-20.000000000000007
-0.18160650863614658,1.5652904978856894,-20.000000000000007
-0.18111185573755592,1.567072007968258,-20.000000000000007
-0.21173096932913643,1.8478864443445637,-20.000000000000007
-0.22133860273891437,1.928683381788174,-20.000000000000007
-0.22695824138237483,1.9228620669991634,-20.000000000000007
-0.2330477743825276,1.9172453456714924,-20.000000000000007
-0.22171933042044595,1.9208641799238848,-20.000000000000007
-0.2271860468460981,1.9204048324940464,-20.000000000000007
-0.22164106841618958,1.9189519988593977,-20.000000000000007
-0.23233021493386957,1.9103137227061986,-20.000000000000007
-0.2438211059993681,1.822101632374892,-20.000000000000007
-0.25046604937110756,1.6944530197012417,-20.000000000000007
-0.24857298907910225,1.7619215994611606,-20.000000000000007
-0.2546237366083259,1.7638490147214088,-20.000000000000007
-0.24895189662939007,1.7485672935277123,-20.000000000000007
-0.2506296023433252,1.6989972037628127,-20.000000000000007
-0.2530609378567619,1.744821737334884,-20.000000000000007
-0.24912237621217412,1.7426063882047864,-20.000000000000007
-0.25848360902990564,1.7742685871436383,-20.000000000000007
-0.2563480765567966,1.7647460608830383,-20.000000000000007
-0.2636760231379563,1.7593222192529465,-20.000000000000007
-0.2689454237351966,1.7353491755139354,-20.000000000000007
-0.26269022191224417,1.7637239959233144,-20.000000000000007
-0.2706946648376055,1.7110862402984541,-20.000000000000007
-0.27965054770780057,1.5205278537775686,-20.000000000000007
-0.285587080344336,1.5632803966587596,-20.000000000000007
-0.26970401866921,1.7269373295611579,-20.000000000000007
-0.2271860468460981,1.9204048324940464,-20.000000000000007
-0.1751010624546262,1.5664045252620542,-20.000000000000007
-0.12581055003537822,1.5266648543350194,-20.000000000000007
-0.11240579018729663,1.533326604132002,-20.000000000000007
-0.11240579018729664,1.5333266041320022,-20.000000000000007
-0.11161013015990384,1.5393901157399104,-20.000000000000007
-0.1116098351229199,1.5394020136485218,-20.000000000000007
-0.11161013015990386,1.5393901157399101,-20.000000000000007
-0.12445744180165372,1.5322996013821832,-20.000000000000007
-0.12573083572131633,1.5392547329507382,-20.000000000000007
-0.12573083572131633,1.5392547329507382,-20.000000000000007
-0.12793961775427448,1.5305380631712828,-20.000000000000007
-0.13103590222828337,1.523304105572557,-20.000000000000007
-0.13634545199768403,1.4817557980269473,-20.000000000000007
-0.14956704378807442,1.4816374407249462,-20.000000000000007
-0.1729430531672716,1.5588135890686423,-20.000000000000007
-0.1810614761579772,1.566595938527179,-20.000000000000007
-0.1815757191223852,1.5680826023329122,-20.000000000000007
-0.18206498278704597,1.5720811476233032,-20.000000000000007
-0.1960505233279444,1.6994507469824103,-20.000000000000007
-0.21088307696788913,1.8406422820217243,-20.000000000000007
-0.2213517157031562,1.92749326438333,-20.000000000000007
-0.22694016458334337,1.9239439328329508,-20.000000000000007
-0.22052344232654952,1.9237271384636405,-20.000000000000007
-0.2271860468460981,1.9204048324940464,-20.000000000000007
-0.20381752614241744,1.7749092074767705,-20.000000000000007
-0.22899518854702022,1.92055617050709,-20.000000000000007
-0.22899518854702022,1.9205561705070902,-20.000000000000007
-0.23195297720193025,1.9083333632408706,-20.000000000000007
-0.2482266945530976,1.767300839790424,-20.000000000000007
-0.2444468331072167,1.8145508910196502,-20.000000000000007
-0.24857298907910227,1.7619215994611606,-20.000000000000007
-0.2504660493711075,1.6944530197012417,-20.000000000000007
-0.2504660493711075,1.6944530197012417,-20.000000000000007
-0.25507381806179613,1.7604089623898294,-20.000000000000007
-0.2612860966500918,1.7638263203536773,-20.000000000000007
-0.2621612193652905,1.7654869820179904,-20.000000000000007
-0.2669485297582125,1.7629212068466507,-20.000000000000007
-0.25582876071089,1.7613088506670544,-20.000000000000007
-0.2636632939167519,1.75949699433331,-20.000000000000007
-0.25490900305913167,1.761889678854912,-20.000000000000007
-0.2587301694228206,1.774480540132501,-20.000000000000007
-0.2801168150266809,1.5081261530810863,-20.000000000000007
-0.28091524268294427,1.5101868425258602,-20.000000000000007
-0.263663293916752,1.75949699433331,-20.000000000000007
-0.22959849940768703,1.919191087025267,-20.000000000000007
-0.18105946327790218,1.5666741382472233,-20.000000000000007
-0.13686489255195466,1.4170874067772863,-20.000000000000007
-0.14895985767511102,1.4478261398121643,-20.000000000000007
-0.15623113343541906,1.4978533786583441,-20.000000000000007
-0.15890037786961225,1.5140226726475712,-20.000000000000007
-0.16068037498543777,1.5278630466591987,-20.000000000000007
-0.1570510904732872,1.5036218935682937,-20.000000000000007
-0.1495670437880744,1.4816374407249464,-20.000000000000007
-0.1383658590250871,1.4276429064929175,-20.000000000000007
-0.13836585902508713,1.4276429064929175,-20.000000000000007
-0.13827985886360028,1.4248050209160283,-20.000000000000007
-0.13634545199768405,1.4817557980269473,-20.000000000000007
-0.13634545199768405,1.4817557980269473,-20.000000000000007
-0.1382798588636003,1.4248050209160283,-20.000000000000007
-0.1383658590250871,1.4276429064929173,-20.000000000000007
-0.14956706770296652,1.4816796669296808,-20.000000000000007
-0.15890037786961225,1.5140226726475712,-20.000000000000007
-0.1675013959742941,1.5659485007450447,-20.000000000000007
-0.1675013959742941,1.5659485007450447,-20.000000000000007
-0.17230075206441223,1.5935067427276293,-20.000000000000007
-0.16796189619745086,1.5698402087132621,-20.000000000000007
-0.15869101624652507,1.484929935683706,-20.000000000000007
-0.14969871320520373,1.437675006587023,-20.000000000000007
-0.13538760195196436,1.4982772609475221,-20.000000000000007
-0.13766089245675406,1.4109848407592605,-20.000000000000007
-0.14918550819910137,1.4453914796288407,-20.000000000000007
-0.15623113343541906,1.497853378658344,-20.000000000000007
-0.1570510904732872,1.5036218935682935,-20.000000000000007
-0.1510287985463179,1.4468251869807613,-20.000000000000007
-0.1495670437880744,1.4816374407249464,-20.000000000000007
-0.1383658590250871,1.4276429064929173,-20.000000000000007
-0.13827985886360028,1.4248050209160283,-20.000000000000007
-0.13606264930065265,1.4974974914946906,-20.000000000000007
-0.13606264930065268,1.4974974914946904,-20.000000000000007
-0.1382798588636003,1.4248050209160281,-20.000000000000007
-0.14911574455970508,1.4865068301192617,-20.000000000000007
-0.15051641496476997,1.4437806381826717,-20.000000000000007
-0.15890037786961222,1.5140226726475714,-20.000000000000007
-0.1606803749854378,1.5278630466591987,-20.000000000000007
-0.1606803749854378,1.5278630466591987,-20.000000000000007
-0.1669603097132642,1.5639589047489202,-20.000000000000007
-0.15705109047328716,1.5036218935682937,-20.000000000000007
-0.15023762373094232,1.4399096467933743,-20.000000000000007
-0.14969871320520373,1.4376750065870232,-20.000000000000007
-0.13766089245675406,1.4109848407592605,-20.000000000000007
-0.13766089245675403,1.4109848407592605,-20.000000000000007
-0.1362745899628907,1.4698692019264872,-20.000000000000007
-0.13686489255195466,1.417087406777286,-20.000000000000007
-0.13695133526891745,1.419907445491258,-20.000000000000007
-0.13827986614204568,1.424817872369643,-20.000000000000007
-0.13548266325810887,1.5103854553952123,-20.000000000000007
-0.1353026809499831,1.508087651126422,-20.000000000000007
-0.13517229201935854,1.5084781187085592,-20.000000000000007
-0.13517229201935854,1.508478118708559,-20.000000000000007
-0.13548266325810887,1.5103854553952125,-20.000000000000007
-0.13606264930065265,1.4974974914946906,-20.000000000000007
-0.13634545199768403,1.4817557980269473,-20.000000000000007
-0.13827985886360028,1.4248050209160281,-20.000000000000007
-0.13836585902508708,1.4276429064929173,-20.000000000000007
-0.14951161413712508,1.4836989924470356,-20.000000000000007
-0.14956706770296652,1.4816796669296806,-20.000000000000007
-0.1570510904732872,1.5036218935682935,-20.000000000000007
-0.1570510904732872,1.5036218935682937,-20.000000000000007
-0.14956704378807442,1.4816374407249464,-20.000000000000007
-0.15097162336819048,1.4462846489663435,-20.000000000000007
-0.14975414285615307,1.4356134548649337,-20.000000000000007
-0.14896232389835787,1.4412504362146568,-20.000000000000007
-0.14969871320520373,1.4376750065870232,-20.000000000000007
-0.13766033188648452,1.4110074467856224,-20.000000000000007
-0.13766089245675406,1.4109848407592605,-20.000000000000007
-0.1489623238983579,1.4412504362146568,-20.000000000000007
-0.14918550819910137,1.4453914796288407,-20.000000000000007
-0.14956707810074565,1.4816980261491306,-20.000000000000007
-0.14956704378807442,1.4816374407249464,-20.000000000000007
-0.1495116141371251,1.4836989924470356,-20.000000000000007
-0.14942742188949143,1.4869069607723526,-20.000000000000007
-0.13836585902508713,1.4276429064929173,-20.000000000000007
-0.13827985886360028,1.4248050209160281,-20.000000000000007
-0.1382798588636003,1.4248050209160283,-20.000000000000007
-0.1382798588636003,1.4248050209160281,-20.000000000000007
-0.1382798588636003,1.4248050209160283,-20.000000000000007
-0.1383658590250871,1.4276429064929175,-20.000000000000007
-0.1383658590250871,1.4276429064929173,-20.000000000000007
-0.14911574455970505,1.4865068301192617,-20.000000000000007
-0.14911574455970505,1.4865068301192619,-20.000000000000007
-0.1383658590250871,1.4276429064929173,-20.000000000000007
-0.1495670437880744,1.4816374407249464,-20.000000000000007
-0.14975414285615304,1.4356134548649337,-20.000000000000007
-0.14969871320520375,1.437675006587023,-20.000000000000007
-0.14969871320520373,1.437675006587023,-20.000000000000007
-0.13766089245675406,1.4109848407592605,-20.000000000000007
-0.13766089245675406,1.4109848407592605,-20.000000000000007
-0.13774689261824094,1.4138227263361494,-20.000000000000007
-0.13774684621815136,1.4138465834221172,-20.000000000000007
-0.13695089271344155,1.4199252923541756,-20.000000000000007
-0.1368653351074306,1.417069559914369,-20.000000000000007
-0.1382793055717762,1.4248404783960051,-20.000000000000007
-0.13634545199768405,1.4817557980269473,-20.000000000000007
-0.13634545199768405,1.4817557980269473,-20.000000000000007
-0.13634545199768403,1.4817557980269476,-20.000000000000007
-0.13634545199768403,1.4817557980269473,-20.000000000000007
-0.13634545199768405,1.4817557980269473,-20.000000000000007
-0.13827985886360028,1.4248050209160286,-20.000000000000007
-0.13836585902508713,1.4276429064929173,-20.000000000000007
-0.1383658590250871,1.4276429064929177,-20.000000000000007
-0.14911574455970505,1.4865068301192617,-20.000000000000007
-0.14911574455970505,1.4865068301192619,-20.000000000000007
-0.14911574455970505,1.4865068301192619,-20.000000000000007
-0.14956704378807442,1.4816374407249464,-20.000000000000007
-0.14975414285615307,1.4356134548649337,-20.000000000000007
-0.1489623238983579,1.441250436214657,-20.000000000000007
-0.13766089245675406,1.4109848407592605,-20.000000000000007
-0.13552422097192307,1.4980251333747931,-20.000000000000007
-0.135077230713214,1.496369924260869,-20.000000000000007
-0.1353876019519644,1.4982772609475223,-20.000000000000007
-0.13541178432692438,1.4985215265898588,-20.000000000000007
-0.13766084605666448,1.411008697845228,-20.000000000000007
-0.13695133526891742,1.419907445491258,-20.000000000000007
-0.14951164844979636,1.4837595778712198,-20.000000000000007
-0.14951161413712508,1.4836989924470354,-20.000000000000007
-0.14911574455970505,1.4865068301192619,-20.000000000000007
-0.13836585902508713,1.4276429064929175,-20.000000000000007
-0.1382798588636003,1.4248050209160283,-20.000000000000007
-0.1382798588636003,1.4248050209160283,-20.000000000000007
-0.13827985886360028,1.4248050209160281,-20.000000000000007
-0.1383658590250871,1.4276429064929177,-20.000000000000007
-0.1383658590250871,1.4276429064929175,-20.000000000000007
-0.1383658590250871,1.4276429064929175,-20.000000000000007
-0.14911574455970508,1.4865068301192619,-20.000000000000007
-0.14911574455970508,1.4865068301192619,-20.000000000000007
-0.1383658590250871,1.4276429064929173,-20.000000000000007
-0.13774684621815136,1.4138465834221174,-20.000000000000007
-0.13766089245675406,1.4109848407592602,-20.000000000000007
-0.1362745899628907,1.4698692019264867,-20.000000000000007
-0.13538760195196436,1.4982772609475221,-20.000000000000007
-0.1349173278163878,1.4901515886757666,-20.000000000000007
-0.1348194342851696,1.4901153512901544,-20.000000000000007
-0.13484361666012964,1.4903596169324909,-20.000000000000007
-0.13370893990229002,1.497613789203696,-20.000000000000007
-0.13493054469343518,1.474035804306483,-20.000000000000007
-0.13836586630353254,1.4276557579465319,-20.000000000000007
-0.14942742188949143,1.4869069607723526,-20.000000000000007
-0.13827985886360028,1.4248050209160283,-20.000000000000007
-0.13836585902508713,1.4276429064929173,-20.000000000000007
-0.1495670437880744,1.4816374407249466,-20.000000000000007
-0.15705109047328716,1.5036218935682937,-20.000000000000007
-0.16930421010670235,1.5776091538352786,-20.000000000000007
-0.16772250721781556,1.5692740881375005,-20.000000000000007
-0.15838886926118143,1.5107902972222178,-20.000000000000007
-0.15838886926118143,1.5107902972222176,-20.000000000000007
-0.15838886926118145,1.5107902972222176,-20.000000000000007
-0.15890037786961225,1.5140226726475712,-20.000000000000007
-0.15890037786961225,1.5140226726475712,-20.000000000000007
-0.157986172242014,1.4896072305743535,-20.000000000000007
-0.1497541428561531,1.435613454864934,-20.000000000000007
-0.13626488909486958,1.4776041952523142,-20.000000000000007
-0.13627458996289069,1.469869201926487,-20.000000000000007
-0.135077230713214,1.496369924260869,-20.000000000000007
-0.135077230713214,1.496369924260869,-20.000000000000007
-0.1354117843269244,1.4985215265898586,-20.000000000000007
-0.13510141308817403,1.4966141899032055,-20.000000000000007
-0.1343054595834642,1.5026928988352637,-20.000000000000007
-0.13406813950193916,1.5026499943935527,-20.000000000000007
-0.1382798661420457,1.4248178723696434,-20.000000000000007
-0.15051641496476997,1.4437806381826714,-20.000000000000007
-0.1570510904732872,1.5036218935682937,-20.000000000000007
-0.14956704378807442,1.4816374407249462,-20.000000000000007
-0.1495670437880744,1.4816374407249462,-20.000000000000007
-0.15051641496476997,1.4437806381826717,-20.000000000000007
-0.15838886926118143,1.5107902972222178,-20.000000000000007
-0.1682457767542655,1.5713804974097525,-20.000000000000007
-0.1606803749854378,1.527863046659199,-20.000000000000007
-0.15051641496476997,1.4437806381826714,-20.000000000000007
-0.1510287985463179,1.4468251869807613,-20.000000000000007
-0.15051641496476997,1.4437806381826717,-20.000000000000007
-0.13836585902508713,1.4276429064929173,-20.000000000000007
-0.1489623238983579,1.441250436214657,-20.000000000000007
-0.13634314369070832,1.4690918166037124,-20.000000000000007
-0.13559501490126288,1.4971204706629226,-20.000000000000007
-0.1362745899628907,1.469869201926487,-20.000000000000007
-0.1355242209719231,1.4980251333747934,-20.000000000000007
-0.13599181676955768,1.485609705603369,-20.000000000000007
-0.1362745899628907,1.4698692019264867,-20.000000000000007
-0.1376608460566645,1.4110086978452283,-20.000000000000007
-0.14821185599851588,1.4776929501189089,-20.000000000000007
-0.14849302182516147,1.473191263891299,-20.000000000000007
-0.15176282313823608,1.45324425128041,-20.000000000000007
-0.15102879854631793,1.4468251869807611,-20.000000000000007
-0.15051641496476997,1.4437806381826714,-20.000000000000007
-0.15051641496476995,1.4437806381826714,-20.000000000000007
-0.1495670437880744,1.4816374407249462,-20.000000000000007
-0.1495670437880744,1.4816374407249462,-20.000000000000007
-0.1495670437880744,1.4816374407249462,-20.000000000000007
-0.14911574455970508,1.4865068301192619,-20.000000000000007
-0.14942742188949143,1.4869069607723526,-20.000000000000007
-0.14911574455970508,1.4865068301192617,-20.000000000000007
-0.13836585902508713,1.4276429064929175,-20.000000000000007
-0.14956706770296652,1.4816796669296808,-20.000000000000007
-0.1377468926182409,1.4138227263361496,-20.000000000000007
-0.13627458996289069,1.469869201926487,-20.000000000000007
-0.13559501490126286,1.4971204706629226,-20.000000000000007
-0.13162334867738157,1.512553191202664,-20.000000000000007
-0.13225188883939853,1.5058494988029958,-20.000000000000007
-0.13224807051494286,1.505517222080571,-20.000000000000007
-0.13495605330512833,1.4898632237174252,-20.000000000000007
-0.13481943428516963,1.4901153512901544,-20.000000000000007
-0.13507723071321404,1.496369924260869,-20.000000000000007
-0.13520761964383857,1.495979456678732,-20.000000000000007
-0.13538760195196436,1.4982772609475221,-20.000000000000007
-0.13627454356280114,1.4698930590124546,-20.000000000000007
-0.13686489255195464,1.4170874067772863,-20.000000000000007
-0.13686489255195466,1.417087406777286,-20.000000000000007
-0.13686533510743057,1.417069559914369,-20.000000000000007
-0.13827986614204568,1.424817872369643,-20.000000000000007
-0.13836586630353256,1.4276557579465319,-20.000000000000007
-0.1495116484497964,1.4837595778712196,-20.000000000000007
-0.14951164844979636,1.4837595778712196,-20.000000000000007
-0.1495116141371251,1.4836989924470354,-20.000000000000007
-0.13836585902508713,1.4276429064929173,-20.000000000000007
-0.13836585902508713,1.4276429064929175,-20.000000000000007
-0.136196335367052,1.4783815805750888,-20.000000000000007
-0.13528464366251253,1.4952131339762693,-20.000000000000007
-0.13496593015556185,1.4904004997731795,-20.000000000000007
-0.13162334867738157,1.512553191202664,-20.000000000000007
-0.1316233486773816,1.5125531912026635,-20.000000000000007
-0.13477088003572418,1.4923986359366723,-20.000000000000007
-0.13495605330512836,1.4898632237174252,-20.000000000000007
-0.13495605330512836,1.4898632237174252,-20.000000000000007
-0.13502094116592733,1.4916749878512405,-20.000000000000007
-0.135077230713214,1.4963699242608688,-20.000000000000007
-0.135077230713214,1.496369924260869,-20.000000000000007
-0.13538760195196436,1.4982772609475221,-20.000000000000007
-0.13619628896696248,1.4784054376610567,-20.000000000000007
-0.13686489255195464,1.4170874067772863,-20.000000000000007
-0.13695089271344152,1.4199252923541752,-20.000000000000007
-0.14770115932666603,1.4788226724607554,-20.000000000000007
-0.13836586630353254,1.4276557579465319,-20.000000000000007
-0.13836586630353254,1.4276557579465319,-20.000000000000007
-0.13827986614204568,1.4248178723696432,-20.000000000000007
-0.13626720468029074,1.4902810281291639,-20.000000000000007
-0.13548266325810887,1.510385455395212,-20.000000000000007
-0.13517229201935854,1.5084781187085594,-20.000000000000007
-0.135077230713214,1.496369924260869,-20.000000000000007
-0.13496593015556185,1.490400499773179,-20.000000000000007
-0.13225188883939853,1.505849498802996,-20.000000000000007
-0.13162334867738157,1.512553191202664,-20.000000000000007
-0.12962373824809628,1.525556298070263,-20.000000000000007
-0.1296237382480963,1.525556298070263,-20.000000000000007
-0.13015262544468725,1.5277015351385426,-20.000000000000007
-0.1292176020334961,1.525793833782462,-20.000000000000007
-0.1292176020334961,1.525793833782462,-20.000000000000007
-0.13014880712023158,1.5273692584161176,-20.000000000000007
-0.13034416345466582,1.5263060543998155,-20.000000000000007
-0.1302893034720428,1.528323297314952,-20.000000000000007
-0.13136931143642383,1.5152803898427865,-20.000000000000007
-0.13136931143642386,1.5152803898427867,-20.000000000000007
-0.13136931143642386,1.5152803898427865,-20.000000000000007
-0.13085363461826827,1.5083299283438247,-20.000000000000007
-0.13085363461826827,1.508329928343825,-20.000000000000007
-0.13148217478028523,1.501626235944157,-20.000000000000007
-0.13148212838019568,1.5016500930301249,-20.000000000000007
-0.13148212838019568,1.5016500930301246,-20.000000000000007
-0.13005763471346887,1.5144324943618508,-20.000000000000007
-0.12962101714928753,1.5155700706076165,-20.000000000000007
-0.13085358821817875,1.508353785429793,-20.000000000000007
-0.13160506288298884,1.5132325960306732,-20.000000000000007
-0.13160506288298884,1.5132325960306734,-20.000000000000007
-0.13162334867738157,1.5125531912026637,-20.000000000000007
-0.12962373824809628,1.5255562980702626,-20.000000000000007
-0.12942838191366207,1.5266195020865654,-20.000000000000007
-0.12756711120681585,1.520806514362063,-20.000000000000007
-0.12756711120681585,1.520806514362063,-20.000000000000007
-0.12756711120681588,1.520806514362063,-20.000000000000007
-0.12756711120681585,1.520806514362063,-20.000000000000007
-0.1301488071202316,1.5273692584161174,-20.000000000000007
-0.1302893034720428,1.528323297314952,-20.000000000000007
-0.13034416345466582,1.5263060543998155,-20.000000000000007
-0.13136931143642383,1.5152803898427865,-20.000000000000007
-0.13136931143642383,1.5152803898427867,-20.000000000000007
-0.13136931143642386,1.5152803898427867,-20.000000000000007
-0.13136931143642383,1.5152803898427867,-20.000000000000007
-0.13136931143642383,1.5152803898427867,-20.000000000000007
-0.13085358821817875,1.5083537854297928,-20.000000000000007
-0.13085358821817875,1.5083537854297928,-20.000000000000007
-0.13005763471346887,1.5144324943618508,-20.000000000000007
-0.12962101792912092,1.5155717203153856,-20.000000000000007
-0.13005763471346884,1.5144324943618508,-20.000000000000007
-0.13160506288298882,1.5132325960306734,-20.000000000000007
-0.12962373824809625,1.525556298070263,-20.000000000000007
-0.13160506288298884,1.5132325960306734,-20.000000000000007
-0.12962373824809628,1.525556298070263,-20.000000000000007
-0.12684286767579067,1.5197244813100856,-20.000000000000007
-0.12684286767579067,1.5197244813100854,-20.000000000000007
-0.12756711120681585,1.5208065143620628,-20.000000000000007
-0.12756711120681588,1.520806514362063,-20.000000000000007
-0.12756711120681588,1.520806514362063,-20.000000000000007
-0.12756711120681585,1.520806514362063,-20.000000000000007
-0.12756711120681585,1.5208065143620628,-20.000000000000007
-0.13014880712023158,1.5273692584161178,-20.000000000000007
-0.1302893034720428,1.528323297314952,-20.000000000000007
-0.13011223033255653,1.5286861249343533,-20.000000000000007
-0.13011223033255653,1.528686124934353,-20.000000000000007
-0.13136931143642383,1.5152803898427867,-20.000000000000007
-0.13136931143642386,1.5152803898427867,-20.000000000000007
-0.13113839651683978,1.5130984929288611,-20.000000000000007
-0.13085363461826827,1.5083299283438252,-20.000000000000007
-0.12959655351440094,1.5217356634353916,-20.000000000000007
-0.12959650711431142,1.5217595205213597,-20.000000000000007
-0.13085363461826827,1.508329928343825,-20.000000000000007
-0.13034416345466582,1.5263060543998153,-20.000000000000007
-0.13015262544468725,1.5277015351385426,-20.000000000000007
-0.12849335850247093,1.5247118007304847,-20.000000000000007
-0.12756711120681588,1.520806514362063,-20.000000000000007
-0.12756711120681588,1.520806514362063,-20.000000000000007
-0.12756711120681588,1.5208065143620633,-20.000000000000007
-0.12612832293323067,1.523585083767713,-20.000000000000007
-0.12612832293323067,1.5235850837677127,-20.000000000000007
-0.12612832293323067,1.523585083767713,-20.000000000000007
-0.1261283229332307,1.5235850837677127,-20.000000000000007
-0.12612832371306415,1.523586733475482,-20.000000000000007
-0.1261283229332307,1.5235850837677125,-20.000000000000007
-0.12612832293323067,1.5235850837677127,-20.000000000000007
-0.12611003453939315,1.5242435170268305,-20.000000000000007
-0.12612832293323067,1.5235850837677125,-20.000000000000007
-0.12612832371306415,1.523586733475482,-20.000000000000007
-0.12737175227293684,1.521848746809474,-20.000000000000007
-0.12611003531922657,1.5242451667345995,-20.000000000000007
-0.12612832293323067,1.5235850837677125,-20.000000000000007
-0.12738145262106898,1.526794681734616,-20.000000000000007
-0.127381452621069,1.5267946817346165,-20.000000000000007
-0.127381452621069,1.526794681734616,-20.000000000000007
-0.12809599658379553,1.5229324295692201,-20.000000000000007
-0.12756711120681585,1.5208065143620628,-20.000000000000007
-0.1284933585024709,1.5247118007304845,-20.000000000000007
-0.12962373824809628,1.525556298070263,-20.000000000000007
-0.12756711120681585,1.5208065143620628,-20.000000000000007
-0.12756711120681585,1.5208065143620628,-20.000000000000007
-0.12612832371306415,1.523586733475482,-20.000000000000007
-0.12612832371306415,1.523586733475482,-20.000000000000007
-0.12756711120681588,1.5208065143620628,-20.000000000000007
-0.12612832293323067,1.5235850837677125,-20.000000000000007
-0.12612832293323067,1.5235850837677127,-20.000000000000007
-0.1261283229332307,1.5235850837677125,-20.000000000000007
-0.12756711120681585,1.520806514362063,-20.000000000000007
-0.12756711120681585,1.520806514362063,-20.000000000000007
-0.12612832293323067,1.5235850837677125,-20.000000000000007
-0.1261283229332307,1.5235850837677125,-20.000000000000007
-0.1261283229332307,1.5235850837677127,-20.000000000000007
-0.12612832293323067,1.5235850837677125,-20.000000000000007
-0.12756711120681585,1.520806514362063,-20.000000000000007
-0.1261283229332307,1.5235850837677125,-20.000000000000007
-0.1259329639993517,1.5246273162151236,-20.000000000000007
-0.1261283229332307,1.5235850837677125,-20.000000000000007
-0.12612832293323067,1.523585083767713,-20.000000000000007
-0.12612832293323067,1.5235850837677125,-20.000000000000007
-0.12540407940220547,1.5225030507157356,-20.000000000000007
-0.12540408018203894,1.5225047004235048,-20.000000000000007
-0.12684286767579067,1.5197244813100856,-20.000000000000007
-0.12684286767579064,1.5197244813100856,-20.000000000000007
-0.12684286767579064,1.5197244813100856,-20.000000000000007
-0.12756711120681585,1.520806514362063,-20.000000000000007
-0.12684286767579064,1.5197244813100856,-20.000000000000007
-0.12684286767579064,1.5197244813100859,-20.000000000000007
-0.12684286767579064,1.5197244813100856,-20.000000000000007
-0.12612832371306415,1.523586733475482,-20.000000000000007
-0.12684286767579067,1.5197244813100856,-20.000000000000007
-0.12684286767579067,1.5197244813100856,-20.000000000000007
-0.12684286767579064,1.5197244813100859,-20.000000000000007
-0.1284933585024709,1.5247118007304845,-20.000000000000007
-0.13015262544468728,1.5277015351385423,-20.000000000000007
-0.1303479817791215,1.5266383311222402,-20.000000000000007
-0.1303479817791215,1.5266383311222402,-20.000000000000007
-0.12962373824809628,1.525556298070263,-20.000000000000007
-0.1296237382480963,1.5255562980702626,-20.000000000000007
-0.13015262544468725,1.5277015351385426,-20.000000000000007
-0.12756711120681588,1.520806514362063,-20.000000000000007
-0.12756711120681588,1.520806514362063,-20.000000000000007
-0.12540408018203894,1.5225047004235048,-20.000000000000007
-0.12540407940220547,1.5225030507157356,-20.000000000000007
-0.12540408018203894,1.5225047004235048,-20.000000000000007
-0.1254040794022055,1.5225030507157356,-20.000000000000007
-0.1254040794022055,1.5225030507157356,-20.000000000000007
-0.1254040794022055,1.5225030507157356,-20.000000000000007
-0.1254040794022055,1.5225030507157356,-20.000000000000007
-0.12684286767579064,1.5197244813100856,-20.000000000000007
-0.12756711120681585,1.520806514362063,-20.000000000000007
-0.12684286767579064,1.5197244813100856,-20.000000000000007
-0.12684286767579064,1.5197244813100856,-20.000000000000007
-0.13015262544468725,1.5277015351385423,-20.000000000000007
-0.12942838191366207,1.5266195020865656,-20.000000000000007
-0.13015262544468728,1.5277015351385423,-20.000000000000007
-0.13015262544468728,1.5277015351385423,-20.000000000000007
-0.12756711120681585,1.5208065143620628,-20.000000000000007
-0.12756711120681588,1.5208065143620628,-20.000000000000007
-0.12612832371306415,1.5235867334754818,-20.000000000000007
-0.12612832371306415,1.523586733475482,-20.000000000000007
-0.12756711120681588,1.520806514362063,-20.000000000000007
-0.12684286767579064,1.5197244813100859,-20.000000000000007
-0.12756711120681585,1.520806514362063,-20.000000000000007
-0.12756711120681588,1.520806514362063,-20.000000000000007
-0.12684286767579067,1.5197244813100856,-20.000000000000007
-0.12540408018203894,1.5225047004235046,-20.000000000000007
-0.1254040794022055,1.5225030507157353,-20.000000000000007
-0.12540407940220547,1.5225030507157356,-20.000000000000007
-0.12540407940220547,1.5225030507157356,-20.000000000000007
-0.1254040794022055,1.5225030507157356,-20.000000000000007
-0.1254040801820389,1.5225047004235048,-20.000000000000007
-0.1254040794022055,1.522503050715735,-20.000000000000007
-0.1254040794022055,1.5225030507157353,-20.000000000000007
-0.12540407940220547,1.5225030507157356,-20.000000000000007
-0.1254040794022055,1.5225030507157356,-20.000000000000007
-0.12540407940220547,1.5225030507157356,-20.000000000000007
-0.12684286767579062,1.5197244813100856,-20.000000000000007
-0.12684286767579064,1.5197244813100856,-20.000000000000007
-0.12684286767579064,1.5197244813100856,-20.000000000000007
-0.12684286767579064,1.5197244813100859,-20.000000000000007
-0.12684286767579067,1.5197244813100856,-20.000000000000007
-0.12684286767579067,1.5197244813100859,-20.000000000000007
-0.12684286767579067,1.5197244813100856,-20.000000000000007
-0.12756711120681585,1.5208065143620628,-20.000000000000007
-0.12612832371306415,1.5235867334754818,-20.000000000000007
-0.12612832293323067,1.5235850837677125,-20.000000000000007
-0.12540407940220547,1.5225030507157356,-20.000000000000007
-0.1254040794022055,1.5225030507157356,-20.000000000000007
-0.1254040794022055,1.5225030507157356,-20.000000000000007
-0.12540407940220547,1.5225030507157353,-20.000000000000007
-0.1261283229332307,1.5235850837677127,-20.000000000000007
-0.12612832293323067,1.5235850837677125,-20.000000000000007
-0.12612832293323067,1.5235850837677125,-20.000000000000007
-0.12612832293323067,1.5235850837677125,-20.000000000000007
-0.12612832293323067,1.5235850837677125,-20.000000000000007
-0.12612832293323067,1.5235850837677125,-20.000000000000007
-0.12612832293323067,1.5235850837677125,-20.000000000000007
-0.12612832293323067,1.5235850837677125,-20.000000000000007
-0.1261283229332307,1.5235850837677125,-20.000000000000007
-0.12612832293323067,1.5235850837677125,-20.000000000000007
-0.12612832293323067,1.5235850837677125,-20.000000000000007
-0.1261283229332307,1.5235850837677125,-20.000000000000007
-0.12612832293323067,1.5235850837677125,-20.000000000000007
-0.12612832293323067,1.5235850837677125,-20.000000000000007
-0.12612832293323067,1.5235850837677127,-20.000000000000007
-0.12612832293323067,1.5235850837677125,-20.000000000000007
-0.1261283229332307,1.5235850837677125,-20.000000000000007
-0.1261283229332307,1.5235850837677125,-20.000000000000007
-0.12540407940220547,1.5225030507157353,-20.000000000000007
-0.12540407940220547,1.5225030507157353,-20.000000000000007
-0.1254040794022055,1.5225030507157353,-20.000000000000007
-0.1261283229332307,1.5235850837677125,-20.000000000000007
-0.12612832293323067,1.5235850837677125,-20.000000000000007
-0.12612832293323067,1.5235850837677125,-20.000000000000007
-0.12612832293323067,1.5235850837677125,-20.000000000000007
-0.12612832293323067,1.5235850837677125,-20.000000000000007
-0.1261283229332307,1.5235850837677125,-20.000000000000007
-0.12612832293323067,1.5235850837677125,-20.000000000000007
-0.1261283229332307,1.5235850837677125,-20.000000000000007
-0.1261283229332307,1.5235850837677127,-20.000000000000007
-0.1261283229332307,1.5235850837677127,-20.000000000000007
-0.12612832293323067,1.5235850837677125,-20.000000000000007
-0.12612832293323067,1.5235850837677125,-20.000000000000007
-0.12612832293323067,1.5235850837677125,-20.000000000000007
-0.1261283229332307,1.5235850837677125,-20.000000000000007
-0.1261283229332307,1.5235850837677125,-20.000000000000007
-0.12612832293323067,1.5235850837677125,-20.000000000000007
-0.1261283229332307,1.5235850837677125,-20.000000000000007
-0.1261283229332307,1.5235850837677125,-20.000000000000007
-0.12612832293323067,1.5235850837677127,-20.000000000000007
-0.1254040794022055,1.5225030507157353,-20.000000000000007
-0.12540407940220547,1.522503050715735,-20.000000000000007
-0.1254040801820389,1.5225047004235046,-20.000000000000007
-0.1261283229332307,1.5235850837677127,-20.000000000000007
-0.1261283229332307,1.5235850837677125,-20.000000000000007
-0.1261283229332307,1.5235850837677125,-20.000000000000007
-0.1261283229332307,1.5235850837677125,-20.000000000000007
-0.12612832293323067,1.5235850837677125,-20.000000000000007
-0.1261283229332307,1.5235850837677125,-20.000000000000007
-0.12612832293323067,1.5235850837677125,-20.000000000000007
-0.12612832293323067,1.5235850837677125,-20.000000000000007
-0.12612832293323067,1.5235850837677125,-20.000000000000007
-0.12612832293323067,1.5235850837677125,-20.000000000000007
-0.12612832293323067,1.5235850837677125,-20.000000000000007
-0.12612832293323067,1.5235850837677125,-20.000000000000007
-0.12612832293323067,1.5235850837677127,-20.000000000000007
-0.12612832293323067,1.5235850837677125,-20.000000000000007
-0.1261283229332307,1.5235850837677127,-20.000000000000007
-0.1261283229332307,1.5235850837677127,-20.000000000000007
-0.1261283229332307,1.5235850837677127,-20.000000000000007
-0.1261283229332307,1.5235850837677125,-20.000000000000007
-0.13162334867738157,1.512553191202664,-20.000000000000007
-0.1352364542451437,1.4956132648969094,-20.000000000000007
-0.13634314369070832,1.4690918166037121,-20.000000000000007
-0.14969871320520373,1.437675006587023,-20.000000000000007
-0.13559501490126286,1.4971204706629224,-20.000000000000007
-0.13496593015556185,1.490400499773179,-20.000000000000007
-0.13160506288298887,1.5132325960306732,-20.000000000000007
-0.12540408018203894,1.5225047004235046,-20.000000000000007
-0.1254040794022055,1.5225030507157353,-20.000000000000007
-0.12540407940220547,1.522503050715735,-20.000000000000007
-0.12405129492932987,1.5281230603556568,-20.000000000000007
-0.12540407940220544,1.522503050715735,-20.000000000000007
-0.1247755384603551,1.5292050934076344,-20.000000000000007
-0.12477553846035512,1.5292050934076342,-20.000000000000007
-0.12405129492932988,1.5281230603556573,-20.000000000000007
-0.12405129492932987,1.528123060355657,-20.000000000000007
-0.12405129492932987,1.5281230603556573,-20.000000000000007
-0.12405129492932987,1.5281230603556573,-20.000000000000007
-0.1240512949293299,1.5281230603556573,-20.000000000000007
-0.12477553846035512,1.5292050934076344,-20.000000000000007
-0.12477553846035512,1.5292050934076342,-20.000000000000007
-0.1247755384603551,1.5292050934076342,-20.000000000000007
-0.12684286767579064,1.5197244813100859,-20.000000000000007
-0.13496593015556185,1.4904004997731795,-20.000000000000007
-0.13559501490126286,1.4971204706629226,-20.000000000000007
-0.13766089245675406,1.4109848407592602,-20.000000000000007
-0.13559501490126288,1.4971204706629224,-20.000000000000007
-0.13496593015556188,1.490400499773179,-20.000000000000007
-0.1296237382480963,1.525556298070263,-20.000000000000007
-0.12540407940220547,1.522503050715735,-20.000000000000007
-0.1254040794022055,1.5225030507157353,-20.000000000000007
-0.12405129492932988,1.528123060355657,-20.000000000000007
-0.12405129492932987,1.528123060355657,-20.000000000000007
-0.12405129492932987,1.528123060355657,-20.000000000000007
-0.12405129492932987,1.5281230603556573,-20.000000000000007
-0.12405129492932987,1.528123060355657,-20.000000000000007
-0.12405129492932987,1.528123060355657,-20.000000000000007
-0.12477553846035512,1.5292050934076344,-20.000000000000007
-0.12405129492932988,1.528123060355657,-20.000000000000007
-0.12405129492932987,1.5281230603556573,-20.000000000000007
-0.12405129492932987,1.528123060355657,-20.000000000000007
-0.12405129492932987,1.5281230603556568,-20.000000000000007
-0.12405129492932987,1.528123060355657,-20.000000000000007
-0.12405129492932987,1.5281230603556573,-20.000000000000007
-0.13496593015556185,1.490400499773179,-20.000000000000007
-0.18842511370101273,1.5738540301251949,-20.000000000000007
-0.2442189784490007,1.8283794718169295,-20.000000000000007
-0.2855148121073891,1.5631726242681474,-20.000000000000007
-0.3085644277169147,1.508224672118752,-20.000000000000007
-0.3072398290564171,1.5094781150519185,-20.000000000000007
-0.31819743025380287,1.4990834853881123,-20.000000000000007
-0.31359437367213805,1.5056681752911172,-20.000000000000007
-0.31286943398502143,1.5045796759697254,-20.000000000000007
-0.31295695354635933,1.503645578219004,-20.000000000000007
-0.309274246977526,1.5058506198337374,-20.000000000000007
-0.3085644277169147,1.508224672118752,-20.000000000000007
-0.30176944672313,1.5365596759207838,-20.000000000000007
-0.29718105039475745,1.5871560875899227,-20.000000000000007
-0.2815542878837219,1.5250162078661562,-20.000000000000007
-0.27077577209665254,1.713170897260088,-20.000000000000007
-0.2666973363748439,1.7652218519100122,-20.000000000000007
-0.25652400535569914,1.768522489433091,-20.000000000000007
-0.25532028162539255,1.7656024735639246,-20.000000000000007
-0.2527259342791579,1.7476371303680351,-20.000000000000007
-0.2509954322818204,1.7291678735322153,-20.000000000000007
-0.22148247485970535,1.930725019429201,-20.000000000000007
-0.20437906386028282,1.7469160927090361,-20.000000000000007
-0.18837473412143405,1.573377960684116,-20.000000000000007
-0.17259283802865877,1.547239310983191,-20.000000000000007
-0.1822603459450228,1.5752406240198031,-20.000000000000007
-0.17950911580190798,1.5810607140359072,-20.000000000000007
-0.18226034594502277,1.5752406240198031,-20.000000000000007
-0.18885818653230285,1.5776548930151266,-20.000000000000007
-0.1822603459450228,1.575240624019803,-20.000000000000007
-0.19303815211615682,1.6120202560143864,-20.000000000000007
-0.18842511370101275,1.5738540301251949,-20.000000000000007
-0.1894245325731731,1.5791548760255547,-20.000000000000007
-0.2047365030509324,1.7580889424488189,-20.000000000000007
-0.2120497385941779,1.849753153164824,-20.000000000000007
-0.2259544067033732,1.9324083385227477,-20.000000000000007
-0.2290344770755029,1.9276403862238338,-20.000000000000007
-0.23173800461227245,1.9132869734140188,-20.000000000000007
-0.23895875197478736,1.8925583263992753,-20.000000000000007
-0.23678456029878003,1.9121691919893027,-20.000000000000007
-0.24339943407299336,1.835379958443204,-20.000000000000007
-0.24833768122779112,1.774006680074291,-20.000000000000007
-0.23310917684276275,1.9190441849763515,-20.000000000000007
-0.24841896203227115,1.770475116928055,-20.000000000000007
-0.22164106841618955,1.9189519988593977,-20.000000000000007
-0.22080080172119937,1.9395934009209097,-20.000000000000007
-0.21922162412794238,1.9329791594168282,-20.000000000000007
-0.18888897604606414,1.574862788567904,-20.000000000000007
-0.21248743473298976,1.8569242044846717,-20.000000000000007
-0.2047365030509324,1.7580889424488184,-20.000000000000007
-0.2309711531267507,1.9116541230441984,-20.000000000000007
-0.2452776421772323,1.8236949821295778,-20.000000000000007
-0.2615308196904413,1.7669184589844373,-20.000000000000007
-0.2817807748115673,1.5312253816335488,-20.000000000000007
-0.2808162366868341,1.5094232331057382,-20.000000000000007
-0.28409530427325347,1.5522139490568583,-20.000000000000007
-0.2805162497751269,1.5040957276763307,-20.000000000000007
-0.279950727823242,1.521363880679963,-20.000000000000007
-0.2789586953709386,1.5417068426196738,-20.000000000000007
-0.28337303316844376,1.5449463194670945,-20.000000000000007
-0.27995072782324193,1.5213638806799632,-20.000000000000007
-0.27995072782324193,1.5213638806799628,-20.000000000000007
-0.27070502892147236,1.715151828887534,-20.000000000000007
-0.25065855339975707,1.7267162509364216,-20.000000000000007
-0.256796933931714,1.7718729308496377,-20.000000000000007
-0.2535792345253515,1.7668743025174365,-20.000000000000007
-0.2502845554208489,1.7235141714337492,-20.000000000000007
-0.24343762362120383,1.8364278092211168,-20.000000000000007
-0.22014714604852798,1.9414399986101936,-20.000000000000007
-0.18911923876494982,1.575673225702896,-20.000000000000007
-0.18885818653230285,1.5776548930151268,-20.000000000000007
-0.18837473412143407,1.573377960684116,-20.000000000000007
-0.2040443086596288,1.7471900021231155,-20.000000000000007
-0.18885818653230282,1.5776548930151268,-20.000000000000007
-0.20336587397443145,1.7364901842809186,-20.000000000000007
-0.1894245325731731,1.5791548760255545,-20.000000000000007
-0.19303815211615682,1.6120202560143866,-20.000000000000007
-0.21248743473298978,1.8569242044846717,-20.000000000000007
-0.19927599968825097,1.68201699226254,-20.000000000000007
-0.2259544067033732,1.9324083385227473,-20.000000000000007
-0.20689323510108815,1.7805648176016644,-20.000000000000007
-0.22117610000737895,1.937196569906587,-20.000000000000007
-0.21922162412794235,1.9329791594168275,-20.000000000000007
-0.2270638623481137,1.9284685443398901,-20.000000000000007
-0.22745291741602414,1.9252796186882064,-20.000000000000007
-0.23618078121312,1.9174092122063837,-20.000000000000007
-0.24128839772783084,1.8576675564244574,-20.000000000000007
-0.23897558123527676,1.8893750050986524,-20.000000000000007
-0.24751557132974583,1.7859808762325302,-20.000000000000007
-0.229598499407687,1.919191087025267,-20.000000000000007
-0.2502845554208488,1.7235141714337492,-20.000000000000007
-0.2535107971226884,1.7670513187563048,-20.000000000000007
-0.2760565543954099,1.6127454742953382,-20.000000000000007
-0.2828105754745732,1.5373170997394179,-20.000000000000007
-0.2843016838457678,1.5549611531460619,-20.000000000000007
-0.29894638573214766,1.5687132940944095,-20.000000000000007
-0.3043385104883578,1.5063073724386005,-20.000000000000007
-0.3044396688085097,1.5054783843852264,-20.000000000000007
-0.30704219493411367,1.5098940827390654,-20.000000000000007
-0.303326762368314,1.5204584913047283,-20.000000000000007
-0.3010268413314588,1.5475787338878115,-20.000000000000007
-0.30443966880850964,1.5054783843852266,-20.000000000000007
-0.29902509188403986,1.5678429960582045,-20.000000000000007
-0.2962308331150285,1.5930388424887272,-20.000000000000007
-0.2833775869733104,1.5449714654708662,-20.000000000000007
-0.28046137474821714,1.504688143127389,-20.000000000000007
-0.26906902116139797,1.7400011676839244,-20.000000000000007
-0.2571030826973296,1.7710520558591136,-20.000000000000007
-0.2531821456783516,1.7571054794778598,-20.000000000000007
-0.23582227014141027,1.91861628239193,-20.000000000000007
-0.24816036179091075,1.7886810536172182,-20.000000000000007
-0.2200237836121359,1.9319658740432955,-20.000000000000007
-0.20404430865962883,1.7471900021231153,-20.000000000000007
-0.21023380688351329,1.8304416245211912,-20.000000000000007
-0.1822603459450228,1.575240624019803,-20.000000000000007
-0.18942453257317313,1.5791548760255543,-20.000000000000007
-0.18888897604606414,1.574862788567904,-20.000000000000007
-0.2040443086596288,1.7471900021231155,-20.000000000000007
-0.2108683643703081,1.836207293511332,-20.000000000000007
-0.2196570342500176,1.93847326178661,-20.000000000000007
-0.22752520271182747,1.9264565813725267,-20.000000000000007
-0.22903447707550284,1.9276403862238338,-20.000000000000007
-0.2336601450231435,1.9309227346713125,-20.000000000000007
-0.22760144644216082,1.9245423734898095,-20.000000000000007
-0.23196923971846878,1.9142976453010256,-20.000000000000007
-0.2261117179537413,1.930142122305032,-20.000000000000007
-0.23090645405062976,1.9115449702339888,-20.000000000000007
-0.23109118677912768,1.912143570149451,-20.000000000000007
-0.23541566628669192,1.91796702793989,-20.000000000000007
-0.24442914323554266,1.823080653604334,-20.000000000000007
-0.24415167927822606,1.8228823810574406,-20.000000000000007
-0.24960873447739032,1.7364008720342938,-20.000000000000007
-0.24898604638044855,1.7537781040714706,-20.000000000000007
-0.23716499547778624,1.9034434248714713,-20.000000000000007
-0.23099871432503813,1.911080062398029,-20.000000000000007
-0.22036530731212672,1.935112753283242,-20.000000000000007
-0.2129327072135938,1.855155187607469,-20.000000000000007
-0.2201452580717752,1.9377119567000256,-20.000000000000007
-0.22117610000737897,1.937196569906587,-20.000000000000007
-0.24352941008181267,1.8371727099357729,-20.000000000000007
-0.2481843753319315,1.7877491552761935,-20.000000000000007
-0.2653756251451287,1.765989234382833,-20.000000000000007
-0.28260871445195557,1.5311553222287393,-20.000000000000007
-0.28133535887410377,1.524910265310747,-20.000000000000007
-0.2881290121933375,1.5731894186807163,-20.000000000000007
-0.2866332679073138,1.5687364498004044,-20.000000000000007
-0.2809833505085008,1.5094406173762567,-20.000000000000007
-0.28337303316844376,1.5449463194670945,-20.000000000000007
-0.2809833505085008,1.5094406173762567,-20.000000000000007
-0.26535543506246706,1.7669455265133258,-20.000000000000007
-0.25977591631492003,1.7774783962318672,-20.000000000000007
-0.24745591114738283,1.798698472355619,-20.000000000000007
-0.2321563216302118,1.9097076288741355,-20.000000000000007
-0.22938363417509908,1.9231452996968355,-20.000000000000007
-0.221404212855449,1.9288128383647134,-20.000000000000007
-0.20704571840264321,1.7804684334386225,-20.000000000000007
-0.18911923876494985,1.5756732257028956,-20.000000000000007
-0.18837473412143405,1.573377960684116,-20.000000000000007
-0.17917386072802036,1.5901780441278877,-20.000000000000007
-0.18226034594502277,1.575240624019803,-20.000000000000007
-0.18110619219721427,1.5615965088310684,-20.000000000000007
-0.17337853243457835,1.5519365666422187,-20.000000000000007
-0.18842511370101273,1.5738540301251946,-20.000000000000007
-0.17950911580190798,1.5810607140359072,-20.000000000000007
-0.18888897604606417,1.574862788567904,-20.000000000000007
-0.20429629129942256,1.7509576343442548,-20.000000000000007
-0.1822603459450228,1.5752406240198031,-20.000000000000007
-0.21248743473298978,1.8569242044846719,-20.000000000000007
-0.18842511370101275,1.5738540301251949,-20.000000000000007
-0.1930381521161568,1.6120202560143866,-20.000000000000007
-0.20422406494602988,1.747052220087362,-20.000000000000007
-0.18888897604606417,1.574862788567904,-20.000000000000007
-0.212492495462084,1.8480238795029051,-20.000000000000007
-0.1883243545418553,1.5729018912430375,-20.000000000000007
-0.21295636326596953,1.85535961505459,-20.000000000000007
-0.20441558865906206,1.7462347759751362,-20.000000000000007
-0.2120074200228729,1.8485351362746147,-20.000000000000007
-0.22747948179221977,1.9178329122632696,-20.000000000000007
-0.21088242190780138,1.8406293706371104,-20.000000000000007
-0.23595842886468232,1.9166845794064784,-20.000000000000007
-0.24529814217869933,1.823114889521994,-20.000000000000007
-0.2645097652915035,1.7621367753841424,-20.000000000000007
-0.28091775621608633,1.5101713202633242,-20.000000000000007
-0.29145195086946407,1.588624020893299,-20.000000000000007
-0.3048766763381495,1.5053534247740101,-20.000000000000007
-0.31232386790013605,1.5046671802315479,-20.000000000000007
-0.3105684659592269,1.5015839586375437,-20.000000000000007
-0.3100761428942641,1.5036973378314789,-20.000000000000007
-0.30704219493411367,1.509894082739065,-20.000000000000007
-0.30088861967255287,1.5479376734836476,-20.000000000000007
-0.3015762558074406,1.5389990622252379,-20.000000000000007
-0.29611661702009706,1.5918471476143718,-20.000000000000007
-0.28621836386290783,1.566104825853512,-20.000000000000007
-0.28199086297947396,1.5311414213806553,-20.000000000000007
-0.28098321192560033,1.5101517329934913,-20.000000000000007
-0.27803459745870335,1.5660432631393415,-20.000000000000007
-0.27084956539536614,1.7153673736687587,-20.000000000000007
-0.25065855339975707,1.7267162509364216,-20.000000000000007
-0.2507003871746083,1.727042311021663,-20.000000000000007
-0.2483714485355345,1.7832149692570536,-20.000000000000007
-0.22716309140908014,1.928551184906833,-20.000000000000007
-0.21248743473298978,1.8569242044846714,-20.000000000000007
-0.18226034594502283,1.575240624019803,-20.000000000000007
-0.17933485877093763,1.5832655028315092,-20.000000000000007
-0.1627002308005726,1.4821412217524914,-20.000000000000007
-0.17950911580190798,1.5810607140359072,-20.000000000000007
-0.1822603459450228,1.5752406240198031,-20.000000000000007
-0.18226034594502277,1.575240624019803,-20.000000000000007
-0.1891192387649498,1.5756732257028958,-20.000000000000007
-0.18842511370101273,1.5738540301251946,-20.000000000000007
-0.18942453257317315,1.5791548760255547,-20.000000000000007
-0.18226034594502277,1.5752406240198031,-20.000000000000007
-0.18888897604606414,1.574862788567904,-20.000000000000007
-0.18842511370101278,1.5738540301251946,-20.000000000000007
-0.18885818653230285,1.5776548930151266,-20.000000000000007
-0.18888897604606417,1.5748627885679038,-20.000000000000007
-0.18250173051842536,1.5731434678747533,-20.000000000000007
-0.18842511370101275,1.5738540301251949,-20.000000000000007
-0.18110619219721433,1.5615965088310682,-20.000000000000007
-0.18837473412143407,1.573377960684116,-20.000000000000007
-0.1883243545418553,1.5729018912430375,-20.000000000000007
-0.18895055507358682,1.5692785796734587,-20.000000000000007
-0.17487637944398765,1.570743585880956,-20.000000000000007
-0.18842511370101275,1.5738540301251949,-20.000000000000007
-0.1990183180906803,1.6780788633052999,-20.000000000000007
-0.20438912631107456,1.746757119847901,-20.000000000000007
-0.2215118615830844,1.9376978287696403,-20.000000000000007
-0.22350403636552693,1.9310001143533553,-20.000000000000007
-0.23680819581554177,1.9141570200209541,-20.000000000000007
-0.24814893385176953,1.7858129224837662,-20.000000000000007
-0.2628172012811067,1.7659409011607992,-20.000000000000007
-0.280726805225728,1.5080051150374036,-20.000000000000007
-0.2803009774694844,1.505078036281602,-20.000000000000007
-0.2825915308221549,1.536951531280118,-20.000000000000007
-0.2809808369753587,1.5094561396387922,-20.000000000000007
-0.2789586953709386,1.5417068426196736,-20.000000000000007
-0.28021036706268587,1.5076787191445944,-20.000000000000007
-0.2803774808843525,1.5076961034151126,-20.000000000000007
-0.2667830223284414,1.7634789526244272,-20.000000000000007
-0.2657637769709599,1.7657257866152538,-20.000000000000007
-0.24983746969752973,1.7350726326056742,-20.000000000000007
-0.24837287595565613,1.782985069329368,-20.000000000000007
-0.25267361778827824,1.7508401504395792,-20.000000000000007
-0.25366023621444694,1.7672043906422128,-20.000000000000007
-0.24745591114738286,1.7986984723556187,-20.000000000000007
-0.22090647214137543,1.9372251416090736,-20.000000000000007
-0.18942453257317313,1.5791548760255547,-20.000000000000007
-0.1754824483155792,1.566996165209496,-20.000000000000007
-0.17917386072802038,1.5901780441278879,-20.000000000000007
-0.17716407672167844,1.5760687284044748,-20.000000000000007
-0.17917386072802038,1.5901780441278877,-20.000000000000007
-0.179509115801908,1.5810607140359072,-20.000000000000007
-0.1811061921972143,1.5615965088310684,-20.000000000000007
-0.18226034594502277,1.575240624019803,-20.000000000000007
-0.1822603459450228,1.5752406240198031,-20.000000000000007
-0.1822603459450228,1.575240624019803,-20.000000000000007
-0.1822603459450228,1.575240624019803,-20.000000000000007
-0.18837473412143407,1.573377960684116,-20.000000000000007
-0.1804043718668858,1.5611767535850447,-20.000000000000007
-0.18837473412143407,1.5733779606841163,-20.000000000000007
-0.179509115801908,1.5810607140359072,-20.000000000000007
-0.18226034594502277,1.575240624019803,-20.000000000000007
-0.1822603459450228,1.575240624019803,-20.000000000000007
-0.1822603459450228,1.5752406240198034,-20.000000000000007
-0.18837473412143407,1.5733779606841163,-20.000000000000007
-0.18886938598024683,1.5715946146796025,-20.000000000000007
-0.18168976794304426,1.5692099066412135,-20.000000000000007
-0.18163938836346555,1.5687338372001345,-20.000000000000007
-0.22140461161028016,1.9284170608693034,-20.000000000000007
-0.2423737834885847,1.8463345347353473,-20.000000000000007
-0.2801168150266809,1.5081261530810859,-20.000000000000007
-0.29571994544897245,1.5922860639245071,-20.000000000000007
-0.30103920601302403,1.5468891795845787,-20.000000000000007
-0.3094661644252115,1.5055564388929945,-20.000000000000007
-0.3120627524684875,1.5038001065633577,-20.000000000000007
-0.3087234174612784,1.5074575561331987,-20.000000000000007
-0.3090336352353067,1.5068264433831873,-20.000000000000007
-0.3082644234864066,1.5092640463390952,-20.000000000000007
-0.30389641771361003,1.5129411258974421,-20.000000000000007
-0.31229071222550575,1.5046696157310326,-20.000000000000007
-0.3046965132711314,1.5065028242821878,-20.000000000000007
-0.292346828390294,1.5890370986488092,-20.000000000000007
-0.2840255897958569,1.5506902601257058,-20.000000000000007
-0.2645581026822671,1.7629302717530586,-20.000000000000007
-0.25512975375966035,1.7697831337764407,-20.000000000000007
-0.2474947955921724,1.7990400987821107,-20.000000000000007
-0.2475199056439928,1.7992612868427913,-20.000000000000007
-0.23229853933436456,1.911859258626908,-20.000000000000007
-0.24749479559217247,1.799040098782111,-20.000000000000007
-0.22745291741602414,1.9252796186882066,-20.000000000000007
-0.19303815211615682,1.6120202560143864,-20.000000000000007
-0.18885818653230282,1.5776548930151266,-20.000000000000007
-0.1627002308005726,1.4821412217524919,-20.000000000000007
-0.17337853243457832,1.5519365666422185,-20.000000000000007
-0.17716407672167844,1.5760687284044748,-20.000000000000007
-0.17917386072802038,1.5901780441278879,-20.000000000000007
-0.1804043718668858,1.5611767535850447,-20.000000000000007
-0.1822603459450228,1.575240624019803,-20.000000000000007
-0.1804043718668858,1.561176753585045,-20.000000000000007
-0.1822603459450228,1.575240624019803,-20.000000000000007
-0.17933485877093763,1.5832655028315092,-20.000000000000007
-0.1804043718668858,1.561176753585045,-20.000000000000007
-0.17917386072802038,1.5901780441278879,-20.000000000000007
-0.17950911580190804,1.5810607140359072,-20.000000000000007
-0.1811061921972143,1.5615965088310682,-20.000000000000007
-0.1822603459450228,1.5752406240198031,-20.000000000000007
-0.18067000068203443,1.5594198148107747,-20.000000000000007
-0.18250173051842533,1.573143467874753,-20.000000000000007
-0.179509115801908,1.5810607140359074,-20.000000000000007
-0.18220996636544406,1.5747645545787246,-20.000000000000007
-0.18220996636544406,1.5747645545787248,-20.000000000000007
-0.1596376080968485,1.4903236025950413,-20.000000000000007
-0.18837473412143405,1.573377960684116,-20.000000000000007
-0.18837473412143407,1.5733779606841163,-20.000000000000007
-0.20621950573589576,1.7693061823890075,-20.000000000000007
-0.22760144644216082,1.9245423734898095,-20.000000000000007
-0.22903447707550284,1.9276403862238336,-20.000000000000007
-0.24527764217723236,1.8236949821295778,-20.000000000000007
-0.2495054676988277,1.7506184474221234,-20.000000000000007
-0.2662565157033914,1.763814612555425,-20.000000000000007
-0.28235087022662014,1.5328431443743515,-20.000000000000007
-0.28154544704201045,1.5248263050578528,-20.000000000000007
-0.28576098076397394,1.5635482586604632,-20.000000000000007
-0.2825915308221549,1.5369515312801183,-20.000000000000007
-0.279950727823242,1.521363880679963,-20.000000000000007
-0.2780345974587033,1.5660432631393417,-20.000000000000007
-0.28037748088435255,1.5076961034151126,-20.000000000000007
-0.2653606984182829,1.7659571933544054,-20.000000000000007
-0.2604995942067584,1.7685742495118257,-20.000000000000007
-0.25682264679478173,1.7691729871022037,-20.000000000000007
-0.2484747108950409,1.7786832186705117,-20.000000000000007
-0.24847471089504095,1.7786832186705115,-20.000000000000007
-0.24940730395532337,1.7533052030722835,-20.000000000000007
-0.23286904721631987,1.922353160245,-20.000000000000007
-0.21297145694215705,1.8551211557628875,-20.000000000000007
-0.19071249072710517,1.5909698512377526,-20.000000000000007
-0.18226034594502277,1.575240624019803,-20.000000000000007
-0.18110619219721427,1.5615965088310682,-20.000000000000007
-0.18226034594502277,1.575240624019803,-20.000000000000007
-0.18226034594502277,1.575240624019803,-20.000000000000007
-0.18226034594502283,1.575240624019803,-20.000000000000007
-0.18837473412143402,1.573377960684116,-20.000000000000007
-0.1888889760460642,1.5748627885679038,-20.000000000000007
-0.18888897604606417,1.5748627885679038,-20.000000000000007
-0.18885818653230282,1.5776548930151268,-20.000000000000007
-0.18911923876494982,1.5756732257028956,-20.000000000000007
-0.1822603459450228,1.5752406240198031,-20.000000000000007
-0.18842511370101278,1.5738540301251946,-20.000000000000007
-0.18226034594502277,1.5752406240198031,-20.000000000000007
-0.16226514651890211,1.4799780943445653,-20.000000000000007
-0.18888897604606417,1.5748627885679038,-20.000000000000007
-0.17337853243457835,1.5519365666422187,-20.000000000000007
-0.1754824483155792,1.5669961652094957,-20.000000000000007
-0.18842511370101273,1.5738540301251949,-20.000000000000007
-0.14975414285615304,1.4356134548649337,-20.000000000000007
-0.18837473412143407,1.573377960684116,-20.000000000000007
-0.18215363028809567,1.5702186650839227,-20.000000000000007
-0.20437906386028284,1.7469160927090361,-20.000000000000007
-0.24418078890079026,1.827331621039017,-20.000000000000007
-0.25010696895600215,1.7191578846324052,-20.000000000000007
-0.2794789793475652,1.524612824585176,-20.000000000000007
-0.28439501577378495,1.5564346680588255,-20.000000000000007
-0.2973263507804896,1.585694886089528,-20.000000000000007
-0.3061397492272496,1.5083932117331642,-20.000000000000007
-0.30388381341197457,1.513229247653649,-20.000000000000007
-0.30365016286918395,1.5165371407530632,-20.000000000000007
-0.303285782381105,1.5204381626563315,-20.000000000000007
-0.2952921453964856,1.592977347531367,-20.000000000000007
-0.30361748253552706,1.5170975172659213,-20.000000000000007
-0.2903327824317496,1.5830688895029197,-20.000000000000007
-0.28011681502668095,1.5081261530810859,-20.000000000000007
-0.2770201334874799,1.5853135153106686,-20.000000000000007
-0.24969522456923443,1.7343075389569036,-20.000000000000007
-0.24850771663044618,1.76822097419805,-20.000000000000007
-0.23582227014141027,1.91861628239193,-20.000000000000007
-0.23604703808890742,1.9176080925579517,-20.000000000000007
-0.2330214966601065,1.9186530388228018,-20.000000000000007
-0.255063593210691,1.766354976251576,-20.000000000000007
-0.24902189350397036,1.7544765488976224,-20.000000000000007
-0.22606632722860837,1.9325754248104319,-20.000000000000007
-0.21827512813214564,1.9327711581825628,-20.000000000000007
-0.16491224342351885,1.4962079272044326,-20.000000000000007
-0.16491224342351885,1.4962079272044329,-20.000000000000007
-0.16270023080057264,1.4821412217524914,-20.000000000000007
-0.16226514651890211,1.479978094344565,-20.000000000000007
-0.17716407672167844,1.5760687284044748,-20.000000000000007
-0.17426758362483646,1.5596310191219989,-20.000000000000007
-0.18067000068203443,1.5594198148107747,-20.000000000000007
-0.179509115801908,1.5810607140359072,-20.000000000000007
-0.18226034594502283,1.575240624019803,-20.000000000000007
-0.180374903390968,1.5624216849117096,-20.000000000000007
-0.1822603459450228,1.575240624019803,-20.000000000000007
-0.179509115801908,1.5810607140359072,-20.000000000000007
-0.176942965478157,1.572743141012019,-20.000000000000007
-0.17950911580190798,1.5810607140359074,-20.000000000000007
-0.17337853243457835,1.5519365666422187,-20.000000000000007
-0.18226034594502277,1.5752406240198034,-20.000000000000007
-0.180374903390968,1.5624216849117096,-20.000000000000007
-0.180374903390968,1.5624216849117096,-20.000000000000007
-0.1804043718668858,1.5611767535850447,-20.000000000000007
-0.17259283802865874,1.5472393109831906,-20.000000000000007
-0.179509115801908,1.5810607140359072,-20.000000000000007
-0.18888897604606417,1.5748627885679038,-20.000000000000007
-0.19316194813994036,1.6117989308347906,-20.000000000000007
-0.22595440670337325,1.9324083385227473,-20.000000000000007
-0.2290840101458849,1.9272000926378037,-20.000000000000007
-0.24753611064781528,1.7981305890838026,-20.000000000000007
-0.2532803119563147,1.757648403858878,-20.000000000000007
-0.27877707651735756,1.5422245005371173,-20.000000000000007
-0.2842583506786673,1.5552111529007744,-20.000000000000007
-0.28400587407937683,1.5508900858620294,-20.000000000000007
-0.2862183638629078,1.5661048258535117,-20.000000000000007
-0.2819252686870595,1.531872124267723,-20.000000000000007
-0.2801505685248738,1.5049249248193286,-20.000000000000007
-0.27965054770780057,1.5205278537775686,-20.000000000000007
-0.28024248632243076,1.5048217717977548,-20.000000000000007
-0.27608131768129485,1.612897122799116,-20.000000000000007
-0.261767480617753,1.7674088454002452,-20.000000000000007
-0.25506359321069094,1.7663549762515758,-20.000000000000007
-0.24428826346562457,1.82350964130103,-20.000000000000007
-0.2503836637376047,1.7099445186385251,-20.000000000000007
-0.25476426811762787,1.7679516941568372,-20.000000000000007
-0.2503836637376047,1.7099445186385256,-20.000000000000007
-0.24339943407299341,1.8353799584432042,-20.000000000000007
-0.20587468808445006,1.7697390646642215,-20.000000000000007
-0.18250173051842536,1.5731434678747531,-20.000000000000007
-0.17917386072802036,1.5901780441278879,-20.000000000000007
-0.17917386072802038,1.5901780441278877,-20.000000000000007
-0.18226034594502277,1.575240624019803,-20.000000000000007
-0.17950911580190798,1.5810607140359074,-20.000000000000007
-0.18226034594502277,1.575240624019803,-20.000000000000007
-0.17917386072802036,1.5901780441278874,-20.000000000000007
-0.176942965478157,1.572743141012019,-20.000000000000007
-0.17950911580190798,1.5810607140359074,-20.000000000000007
-0.1622651465189021,1.479978094344565,-20.000000000000007
-0.1822603459450228,1.5752406240198031,-20.000000000000007
-0.17950911580190798,1.5810607140359072,-20.000000000000007
-0.1822603459450228,1.575240624019803,-20.000000000000007
-0.18837473412143407,1.573377960684116,-20.000000000000007
-0.18837473412143405,1.5733779606841163,-20.000000000000007
-0.194314232302068,1.6246198918783432,-20.000000000000007
-0.19315943252724238,1.6118386740500745,-20.000000000000007
-0.20506874263888847,1.7578547762500234,-20.000000000000007
-0.20620692767240612,1.769504898465426,-20.000000000000007
-0.18945532208693444,1.5763627715783317,-20.000000000000007
-0.1888693859802468,1.5715946146796025,-20.000000000000007
-0.21898048682672566,1.9298461703898884,-20.000000000000007
-0.2310673450614077,1.906903478563647,-20.000000000000007
-0.2560220218278353,1.764438996846819,-20.000000000000007
-0.2801168150266809,1.5081261530810863,-20.000000000000007
-0.28448834770180204,1.557908182971589,-20.000000000000007
-0.29689103802386835,1.589079505716737,-20.000000000000007
-0.30328578238110493,1.5204381626563317,-20.000000000000007
-0.30240337139133655,1.5348900776147751,-20.000000000000007
-0.3025413358676734,1.5336593934785085,-20.000000000000007
-0.30458345399411885,1.5045726073313417,-20.000000000000007
-0.3015762558074405,1.5389990622252376,-20.000000000000007
-0.3085019766406504,1.5086757518799838,-20.000000000000007
-0.29611661702009706,1.5918471476143718,-20.000000000000007
-0.2855148121073891,1.5631726242681472,-20.000000000000007
-0.28036922875190046,1.5049893190725439,-20.000000000000007
-0.2623045057661836,1.7646516491463302,-20.000000000000007
-0.2551316173666182,1.764737837870049,-20.000000000000007
-0.2474679693869001,1.790282090325183,-20.000000000000007
-0.23894033178909882,1.8890659890283577,-20.000000000000007
-0.23690700311659066,1.9090154399479975,-20.000000000000007
-0.2506231946469256,1.7093249618024848,-20.000000000000007
-0.2432272032442527,1.8319538058978737,-20.000000000000007
-0.22117610000737897,1.937196569906587,-20.000000000000007
-0.21248743473298978,1.8569242044846717,-20.000000000000007
-0.180374903390968,1.5624216849117096,-20.000000000000007
-0.18226034594502277,1.575240624019803,-20.000000000000007
-0.18226034594502277,1.575240624019803,-20.000000000000007
-0.1822603459450228,1.575240624019803,-20.000000000000007
-0.18837473412143407,1.5733779606841163,-20.000000000000007
-0.18837473412143405,1.573377960684116,-20.000000000000007
-0.18837473412143405,1.5733779606841163,-20.000000000000007
-0.18837473412143405,1.5733779606841163,-20.000000000000007
-0.18842511370101273,1.5738540301251949,-20.000000000000007
-0.18842511370101275,1.5738540301251946,-20.000000000000007
-0.18888897604606414,1.5748627885679038,-20.000000000000007
-0.18837473412143405,1.573377960684116,-20.000000000000007
-0.18888897604606417,1.5748627885679038,-20.000000000000007
-0.18226034594502277,1.575240624019803,-20.000000000000007
-0.19901831809068027,1.6780788633052997,-20.000000000000007
-0.1894245325731731,1.5791548760255545,-20.000000000000007
-0.22009438141336607,1.932060905344298,-20.000000000000007
-0.2129563632659695,1.8553596150545901,-20.000000000000007
-0.19317769492663203,1.611498015683125,-20.000000000000007
-0.20441558865906206,1.7462347759751364,-20.000000000000007
-0.18226034594502277,1.5752406240198031,-20.000000000000007
-0.20438912631107453,1.746757119847901,-20.000000000000007
-0.19407852498107836,1.6210116389254263,-20.000000000000007
-0.22033055059070922,1.9384815235691368,-20.000000000000007
-0.22088539733767876,1.9311452890383747,-20.000000000000007
-0.24352941008181267,1.8371727099357726,-20.000000000000007
-0.24965204629655044,1.7463127307456157,-20.000000000000007
-0.27883842396684233,1.5421923891934406,-20.000000000000007
-0.2828105754745733,1.537317099739418,-20.000000000000007
-0.28042778371532373,1.504660240765871,-20.000000000000007
-0.28142764322586944,1.5247664416818105,-20.000000000000007
-0.27937114303749494,1.5257136780778133,-20.000000000000007
-0.27872285999479984,1.5410216059235349,-20.000000000000007
-0.27930830545628293,1.5288868098711779,-20.000000000000007
-0.28147985274959597,1.5255570079449203,-20.000000000000007
-0.27070692908312266,1.7119508949883162,-20.000000000000007
-0.2760851193043178,1.6129129311468915,-20.000000000000007
-0.2560666209570428,1.7660220949476069,-20.000000000000007
-0.24816825747449567,1.7779976210840762,-20.000000000000007
-0.25363890815984125,1.76308129542935,-20.000000000000007
-0.24991763605504108,1.7243616483341133,-20.000000000000007
-0.24840704630731456,1.772447313002039,-20.000000000000007
-0.2301999367835057,1.9212992879400872,-20.000000000000007
-0.18942453257317315,1.5791548760255547,-20.000000000000007
-0.17950911580190798,1.581060714035907,-20.000000000000007
-0.16226514651890211,1.479978094344565,-20.000000000000007
-0.17917386072802038,1.5901780441278879,-20.000000000000007
-0.17917386072802036,1.5901780441278879,-20.000000000000007
-0.1822603459450228,1.575240624019803,-20.000000000000007
-0.1822603459450228,1.5752406240198034,-20.000000000000007
-0.1822603459450228,1.575240624019803,-20.000000000000007
-0.18842511370101275,1.5738540301251949,-20.000000000000007
-0.179509115801908,1.5810607140359072,-20.000000000000007
-0.18837473412143407,1.573377960684116,-20.000000000000007
-0.18837473412143405,1.573377960684116,-20.000000000000007
-0.18842511370101273,1.5738540301251946,-20.000000000000007
-0.1888581865323028,1.5776548930151266,-20.000000000000007
-0.18842511370101273,1.5738540301251949,-20.000000000000007
-0.18226034594502283,1.5752406240198031,-20.000000000000007
-0.18250173051842536,1.573143467874753,-20.000000000000007
-0.18226034594502283,1.575240624019803,-20.000000000000007
-0.18837473412143405,1.5733779606841163,-20.000000000000007
-0.18886938598024677,1.5715946146796027,-20.000000000000007
-0.18832435454185534,1.5729018912430373,-20.000000000000007
-0.1888385964664855,1.5743867191268253,-20.000000000000007
-0.22094156048696237,1.93623832741002,-20.000000000000007
-0.2368800748831102,1.9096489479313532,-20.000000000000007
-0.26698069405333846,1.7645544372030848,-20.000000000000007
-0.2819252686870596,1.5318721242677231,-20.000000000000007
-0.2819252686870596,1.531872124267723,-20.000000000000007
-0.29933914510636656,1.5645769770689053,-20.000000000000007
-0.3008345553149947,1.5489744544843096,-20.000000000000007
-0.3022600457550737,1.5358618250536409,-20.000000000000007
-0.30565592100164996,1.5073161216508653,-20.000000000000007
-0.29684279401815894,1.5898217193019768,-20.000000000000007
-0.28831958847372885,1.5737907057255947,-20.000000000000007
-0.2844883477018021,1.557908182971589,-20.000000000000007
-0.2765382839592563,1.611646186148894,-20.000000000000007
-0.25724490580576287,1.7694488291823116,-20.000000000000007
-0.25009246119467077,1.7214354924889426,-20.000000000000007
-0.2480462245891288,1.7767633722573355,-20.000000000000007
-0.23906668755115562,1.8883358207712853,-20.000000000000007
-0.23577615157173537,1.9139808551233313,-20.000000000000007
-0.23304777438252763,1.9172453456714924,-20.000000000000007
-0.23074417539123546,1.908821166189998,-20.000000000000007
-0.24272730694058495,1.8331984741568825,-20.000000000000007
-0.22164106841618955,1.918951998859398,-20.000000000000007
-0.20404430865962883,1.7471900021231155,-20.000000000000007
-0.18837473412143407,1.573377960684116,-20.000000000000007
-0.17694296547815702,1.572743141012019,-20.000000000000007
-0.1627002308005726,1.4821412217524914,-20.000000000000007
-0.17259283802865877,1.5472393109831906,-20.000000000000007
-0.17917386072802038,1.5901780441278877,-20.000000000000007
-0.17716407672167844,1.5760687284044748,-20.000000000000007
-0.18110619219721427,1.5615965088310684,-20.000000000000007
-0.18226034594502277,1.575240624019803,-20.000000000000007
-0.18842511370101275,1.5738540301251946,-20.000000000000007
-0.18842511370101273,1.5738540301251946,-20.000000000000007
-0.18885818653230285,1.5776548930151268,-20.000000000000007
-0.18226034594502283,1.5752406240198031,-20.000000000000007
-0.18226034594502277,1.575240624019803,-20.000000000000007
-0.1822603459450228,1.575240624019803,-20.000000000000007
-0.18226034594502277,1.5752406240198031,-20.000000000000007
-0.1822603459450228,1.575240624019803,-20.000000000000007
-0.17950911580190798,1.5810607140359074,-20.000000000000007
-0.18837473412143407,1.573377960684116,-20.000000000000007
-0.18037490339096798,1.5624216849117096,-20.000000000000007
-0.18837473412143405,1.573377960684116,-20.000000000000007
-0.1811752876493266,1.5689554415254148,-20.000000000000007
-0.18837473412143407,1.573377960684116,-20.000000000000007
-0.2035456302608325,1.736352402245165,-20.000000000000007
-0.20139347992708184,1.7055505241438342,-20.000000000000007
-0.22088539733767876,1.931145289038375,-20.000000000000007
-0.2210049246831962,1.932983695042997,-20.000000000000007
-0.23787954483436075,1.9021277516891226,-20.000000000000007
-0.24754391918501353,1.798329388501767,-20.000000000000007
-0.2646014558325995,1.7627589679718105,-20.000000000000007
-0.2803774808843525,1.5076961034151128,-20.000000000000007
-0.2797646127424964,1.5215127561710626,-20.000000000000007
-0.2801168150266809,1.5081261530810859,-20.000000000000007
-0.26698069405333846,1.7645544372030848,-20.000000000000007
-0.2628342451257637,1.7651534701634923,-20.000000000000007
-0.25532028162539255,1.7656024735639249,-20.000000000000007
-0.25351079712268837,1.767051318756305,-20.000000000000007
-0.24336808301417073,1.8315248182011774,-20.000000000000007
-0.23894033178909882,1.8890659890283579,-20.000000000000007
-0.23219404399320692,1.909054580642701,-20.000000000000007
-0.23476005108754985,1.9246267303173612,-20.000000000000007
-0.23577615157173537,1.9139808551233315,-20.000000000000007
-0.23476005108754985,1.9246267303173612,-20.000000000000007
-0.22187224334523906,1.9254177131544248,-20.000000000000007
-0.1891192387649498,1.5756732257028958,-20.000000000000007
-0.1822603459450228,1.575240624019803,-20.000000000000007
-0.16175363895024922,1.4767475548411564,-20.000000000000007
-0.16226514651890214,1.479978094344565,-20.000000000000007
-0.17337853243457838,1.5519365666422185,-20.000000000000007
-0.17950911580190798,1.5810607140359072,-20.000000000000007
-0.17716407672167847,1.5760687284044745,-20.000000000000007
-0.18226034594502277,1.5752406240198031,-20.000000000000007
-0.1811061921972143,1.5615965088310684,-20.000000000000007
-0.179509115801908,1.5810607140359074,-20.000000000000007
-0.18837473412143405,1.5733779606841163,-20.000000000000007
-0.179509115801908,1.5810607140359074,-20.000000000000007
-0.1822603459450228,1.5752406240198031,-20.000000000000007
-0.1811061921972143,1.5615965088310686,-20.000000000000007
-0.18040437186688577,1.5611767535850447,-20.000000000000007
-0.17950911580190798,1.5810607140359072,-20.000000000000007
-0.18226034594502277,1.575240624019803,-20.000000000000007
-0.18245135093884665,1.5726673984336745,-20.000000000000007
-0.18886938598024683,1.5715946146796025,-20.000000000000007
-0.1883243545418553,1.5729018912430373,-20.000000000000007
-0.1931594325272424,1.6118386740500747,-20.000000000000007
-0.1816897679430442,1.5692099066412135,-20.000000000000007
-0.17542972117740843,1.5709628390265231,-20.000000000000007
-0.21295636326596956,1.85535961505459,-20.000000000000007
-0.2203670254151623,1.9358645650587785,-20.000000000000007
-0.25331321449376165,1.754702513253251,-20.000000000000007
-0.2665884889132424,1.7605813432317967,-20.000000000000007
-0.2796505477078005,1.5205278537775686,-20.000000000000007
-0.2880864982412632,1.573406706276798,-20.000000000000007
-0.28814166174155886,1.573486508549082,-20.000000000000007
-0.2962308331150285,1.593038842488727,-20.000000000000007
-0.30704219493411367,1.509894082739065,-20.000000000000007
-0.29927618564368685,1.5652021058156782,-20.000000000000007
-0.29933210788942427,1.5646418531780548,-20.000000000000007
-0.2928586680055261,1.5875398118644666,-20.000000000000007
-0.28015056852487374,1.5049249248193286,-20.000000000000007
-0.2697331469427906,1.7255516062713308,-20.000000000000007
-0.2566382211256999,1.7634746737325246,-20.000000000000007
-0.26269022191224417,1.7637239959233142,-20.000000000000007
-0.2565981846719644,1.7632821483535677,-20.000000000000007
-0.26066284440864385,1.764647313400243,-20.000000000000007
-0.2563253514305873,1.7645106905042565,-20.000000000000007
-0.25566094055508704,1.7606473690537876,-20.000000000000007
-0.2346607776410636,1.923000311493541,-20.000000000000007
-0.19602007226189508,1.700676311232154,-20.000000000000007
-0.18226034594502277,1.5752406240198031,-20.000000000000007
-0.14975415741304388,1.4356391577721634,-20.000000000000007
-0.16226514651890211,1.4799780943445655,-20.000000000000007
-0.17337853243457832,1.5519365666422185,-20.000000000000007
-0.1735996436780998,1.555262154034674,-20.000000000000007
-0.179509115801908,1.5810607140359072,-20.000000000000007
-0.18067000068203443,1.559419814810775,-20.000000000000007
-0.18226034594502277,1.5752406240198027,-20.000000000000007
-0.18837473412143407,1.573377960684116,-20.000000000000007
-0.18842511370101275,1.5738540301251949,-20.000000000000007
-0.18888897604606414,1.5748627885679038,-20.000000000000007
-0.18942453257317313,1.5791548760255545,-20.000000000000007
-0.1931206827986792,1.611872705894656,-20.000000000000007
-0.20139347992708184,1.7055505241438342,-20.000000000000007
-0.20139347992708181,1.7055505241438347,-20.000000000000007
-0.20437906386028282,1.7469160927090361,-20.000000000000007
-0.20463104650007657,1.7506837249301754,-20.000000000000007
-0.2129563632659695,1.8553596150545903,-20.000000000000007
-0.21911557977763285,1.9280293602799903,-20.000000000000007
-0.22210370765748003,1.926885423990722,-20.000000000000007
-0.22187224334523906,1.9254177131544246,-20.000000000000007
-0.18206296886719303,1.5721575114214021,-20.000000000000007
-0.20139347992708184,1.7055505241438347,-20.000000000000007
-0.18888897604606414,1.5748627885679038,-20.000000000000007
-0.2046411089508683,1.7505247520690403,-20.000000000000007
-0.2309987143250381,1.9110800623980293,-20.000000000000007
-0.23236880258704995,1.9150633562524644,-20.000000000000007
-0.24753611064781525,1.7981305890838024,-20.000000000000007
-0.25070038717460824,1.7270423110216628,-20.000000000000007
-0.27623749001742026,1.6145855580084154,-20.000000000000007
-0.27989624086094667,1.5214624166066664,-20.000000000000007
-0.27937114303749494,1.525713678077813,-20.000000000000007
-0.28091775621608633,1.5101713202633242,-20.000000000000007
-0.2807866153310694,1.5114112648091447,-20.000000000000007
-0.28024248632243076,1.5048217717977548,-20.000000000000007
-0.2796905254465768,1.5174133121275084,-20.000000000000007
-0.2626199900478547,1.762659207882547,-20.000000000000007
-0.24382110599936813,1.822101632374892,-20.000000000000007
-0.22899518854702025,1.9205561705070902,-20.000000000000007
-0.24272730694058497,1.8331984741568828,-20.000000000000007
-0.22984636498183234,1.9193688661135155,-20.000000000000007
-0.23233021493386957,1.9103137227061986,-20.000000000000007
-0.2645541010969535,1.7607079508033519,-20.000000000000007
-0.23719787085103516,1.9036803199373435,-20.000000000000007
-0.22704326993638438,1.9295901533889614,-20.000000000000007
-0.20473650305093238,1.7580889424488189,-20.000000000000007
-0.16015086704143033,1.4658572207674503,-20.000000000000007
-0.17259283802865877,1.5472393109831906,-20.000000000000007
-0.16015086704143036,1.4658572207674507,-20.000000000000007
-0.16226514651890211,1.479978094344565,-20.000000000000007
-0.17716407672167844,1.5760687284044748,-20.000000000000007
-0.17716407672167844,1.5760687284044748,-20.000000000000007
-0.18067000068203443,1.5594198148107747,-20.000000000000007
-0.1822603459450228,1.575240624019803,-20.000000000000007
-0.1822603459450228,1.575240624019803,-20.000000000000007
-0.1822603459450228,1.575240624019803,-20.000000000000007
-0.18067000068203443,1.5594198148107747,-20.000000000000007
-0.1822603459450228,1.5752406240198031,-20.000000000000007
-0.18837473412143407,1.573377960684116,-20.000000000000007
-0.18885818653230285,1.5776548930151266,-20.000000000000007
-0.18888897604606414,1.5748627885679038,-20.000000000000007
-0.18250173051842533,1.5731434678747531,-20.000000000000007
-0.18220996636544406,1.5747645545787243,-20.000000000000007
-0.18837473412143405,1.573377960684116,-20.000000000000007
-0.20468482335904076,1.7442442470352895,-20.000000000000007
-0.200229111530989,1.7430845352064552,-20.000000000000007
-0.20059793323548195,1.7432292693718763,-20.000000000000007
-0.21295636326596953,1.85535961505459,-20.000000000000007
-0.229924510011073,1.9216955694980073,-20.000000000000007
-0.2560220218278353,1.764438996846819,-20.000000000000007
-0.27069466483760557,1.7110862402984544,-20.000000000000007
-0.28011681502668095,1.508126153081086,-20.000000000000007
-0.2878229279914319,1.5732698110325467,-20.000000000000007
-0.285587080344336,1.5632803966587594,-20.000000000000007
-0.2911941062217188,1.5877170694326264,-20.000000000000007
-0.29471695753911203,1.5966423975469437,-20.000000000000007
-0.2843016838457678,1.5549611531460616,-20.000000000000007
-0.281479852749596,1.5255570079449203,-20.000000000000007
-0.27969052544657685,1.5174133121275084,-20.000000000000007
-0.2642130952063654,1.7610596515572126,-20.000000000000007
-0.25361823159108676,1.7618320846297002,-20.000000000000007
-0.2499295517799976,1.7223894522601295,-20.000000000000007
-0.2496952245692344,1.7343075389569034,-20.000000000000007
-0.2480607323504601,1.774485764400798,-20.000000000000007
-0.24745070868356125,1.7898376471194524,-20.000000000000007
-0.24396998978473286,1.8260755629471428,-20.000000000000007
-0.232243543985654,1.9100708028358504,-20.000000000000007
-0.2258618994167234,1.9236278053074976,-20.000000000000007
-0.22072104692078479,1.9246444040760093,-20.000000000000007
-0.18781209001487886,1.6223083903914193,-20.000000000000007
-0.202754357316416,1.764586173417836,-20.000000000000007
-0.196004486900725,1.702539660137335,-20.000000000000007
-0.20022911153098902,1.743084535206455,-20.000000000000007
-0.21191483429797653,1.847948051940096,-20.000000000000007
-0.19604954073781283,1.6994313799054894,-20.000000000000007
-0.20117831426366195,1.7518178034981569,-20.000000000000007
-0.19301630833170436,1.6718828761552997,-20.000000000000007
-0.19602007226189505,1.7006763112321543,-20.000000000000007
-0.2002751479582084,1.73999562205153,-20.000000000000007
-0.20027514795820844,1.73999562205153,-20.000000000000007
-0.20279075708190072,1.764371281991521,-20.000000000000007
-0.2108830769678891,1.8406422820217245,-20.000000000000007
-0.18361747707950815,1.5838646708331459,-20.000000000000007
-0.20027514795820844,1.73999562205153,-20.000000000000007
-0.18111185885688968,1.567077515734093,-20.000000000000007
-0.18206367474642643,1.5720589966979652,-20.000000000000007
-0.1861543817647462,1.6074417934864875,-20.000000000000007
-0.18180598392082672,1.568896711311794,-20.000000000000007
-0.20024469689215904,1.7412211863012739,-20.000000000000007
-0.18160651071570239,1.5652941697295795,-20.000000000000007
-0.18105946327790218,1.5666741382472231,-20.000000000000007
-0.15808010356950716,1.5082587093341728,-20.000000000000007
-0.13507723071321404,1.4963699242608688,-20.000000000000007
-0.12684286767579067,1.5197244813100859,-20.000000000000007
-0.11023310443464367,1.5300533484745646,-20.000000000000007
-0.1102329398897883,1.5292120197188135,-20.000000000000007
-0.1102329398897883,1.5292120197188135,-20.000000000000007
-0.1102329398897883,1.5292120197188135,-20.000000000000007
-0.1102329398897883,1.529212019718813,-20.000000000000007
-0.11023310443464365,1.5300533484745646,-20.000000000000007
-0.11023310443464365,1.5300533484745646,-20.000000000000007
-0.11023310443464367,1.5300533484745646,-20.000000000000007
-0.11023310443464367,1.5300533484745644,-20.000000000000007
-0.11023310443464367,1.5300533484745646,-20.000000000000007
-0.11023310443464365,1.5300533484745644,-20.000000000000007
-0.11023310443464365,1.5300533484745649,-20.000000000000007
-0.11023310443464365,1.5300533484745646,-20.000000000000007
-0.11023310443464365,1.5300533484745646,-20.000000000000007
-0.11023310443464367,1.5300533484745646,-20.000000000000007
-0.11023310443464365,1.5300533484745646,-20.000000000000007
-0.11023310443464367,1.5300533484745644,-20.000000000000007
-0.11023310443464367,1.5300533484745646,-20.000000000000007
-0.11023310443464365,1.5300533484745646,-20.000000000000007
-0.11023310443464367,1.5300533484745644,-20.000000000000007
-0.11023310443464365,1.5300533484745646,-20.000000000000007
-0.11023293988978831,1.5292120197188135,-20.000000000000007
-0.1102329398897883,1.5292120197188133,-20.000000000000007
-0.11023310443464365,1.5300533484745644,-20.000000000000007
-0.11023293988978833,1.5292120197188133,-20.000000000000007
-0.11023293988978833,1.5292120197188133,-20.000000000000007
-0.11023293988978833,1.5292120197188135,-20.000000000000007
-0.11023310443464368,1.5300533484745646,-20.000000000000007
-0.1102329398897883,1.5292120197188133,-20.000000000000007
-0.1102329398897883,1.5292120197188133,-20.000000000000007
-0.11023310443464365,1.5300533484745646,-20.000000000000007
-0.11023310443464365,1.5300533484745644,-20.000000000000007
-0.11023310443464365,1.5300533484745646,-20.000000000000007
-0.11023310443464365,1.5300533484745644,-20.000000000000007
-0.11023310443464365,1.5300533484745644,-20.000000000000007
-0.11023310443464365,1.5300533484745644,-20.000000000000007
-0.11023310443464367,1.5300533484745644,-20.000000000000007
-0.1102329398897883,1.5292120197188133,-20.000000000000007
-0.11023310443464367,1.5300533484745644,-20.000000000000007
-0.11023310443464365,1.5300533484745644,-20.000000000000007
-0.11023310443464367,1.5300533484745644,-20.000000000000007
-0.1102329398897883,1.5292120197188135,-20.000000000000007
-0.11023310443464365,1.5300533484745644,-20.000000000000007
-0.1102329398897883,1.5292120197188133,-20.000000000000007
-0.11023310443464367,1.5300533484745642,-20.000000000000007
-0.11023310443464367,1.5300533484745644,-20.000000000000007
-0.11023310443464367,1.5300533484745646,-20.000000000000007
-0.11023310443464367,1.5300533484745644,-20.000000000000007
-0.11023310443464367,1.5300533484745644,-20.000000000000007
-0.1102329398897883,1.529212019718813,-20.000000000000007
-0.1102329398897883,1.5292120197188135,-20.000000000000007
-0.1102329398897883,1.5292120197188135,-20.000000000000007
-0.1102329398897883,1.5292120197188135,-20.000000000000007
-0.11023293988978833,1.5292120197188135,-20.000000000000007
-0.11023310443464368,1.5300533484745646,-20.000000000000007
-0.11023310443464367,1.5300533484745644,-20.000000000000007
-0.11023310443464365,1.5300533484745644,-20.000000000000007
-0.11023293988978831,1.529212019718813,-20.000000000000007
-0.1102329398897883,1.5292120197188133,-20.000000000000007
-0.11023310443464365,1.5300533484745649,-20.000000000000007
-0.11023310443464367,1.5300533484745646,-20.000000000000007
-0.11023310443464367,1.5300533484745649,-20.000000000000007
-0.1102329398897883,1.5292120197188135,-20.000000000000007
-0.1102329398897883,1.5292120197188135,-20.000000000000007
-0.11023310443464367,1.5300533484745644,-20.000000000000007
-0.11023310443464368,1.5300533484745646,-20.000000000000007
-0.11023310443464367,1.5300533484745644,-20.000000000000007
-0.11023310443464365,1.5300533484745644,-20.000000000000007
-0.11023310443464365,1.5300533484745644,-20.000000000000007
-0.11023310443464365,1.5300533484745646,-20.000000000000007
-0.11023310443464365,1.5300533484745644,-20.000000000000007
-0.11023310443464365,1.5300533484745646,-20.000000000000007
-0.11023310443464367,1.5300533484745644,-20.000000000000007
-0.11023310443464367,1.5300533484745644,-20.000000000000007
-0.11023310443464365,1.5300533484745644,-20.000000000000007
-0.11023310443464365,1.5300533484745644,-20.000000000000007
-0.11023310443464365,1.5300533484745649,-20.000000000000007
-0.11023310443464365,1.5300533484745646,-20.000000000000007
-0.11023293988978833,1.5292120197188135,-20.000000000000007
-0.11023293988978833,1.5292120197188135,-20.000000000000007
-0.11023310443464365,1.5300533484745646,-20.000000000000007
-0.1102329398897883,1.5292120197188135,-20.000000000000007
-0.11023310443464367,1.5300533484745646,-20.000000000000007
-0.11023310443464365,1.5300533484745644,-20.000000000000007
-0.1102329398897883,1.5292120197188135,-20.000000000000007
-0.11023310443464365,1.5300533484745644,-20.000000000000007
-0.11023310443464364,1.5300533484745644,-20.000000000000007
-0.11023310443464365,1.5300533484745644,-20.000000000000007
-0.11023310443464368,1.5300533484745644,-20.000000000000007
-0.11023310443464367,1.5300533484745646,-20.000000000000007
-0.11023293988978829,1.5292120197188135,-20.000000000000007
-0.1102329398897883,1.5292120197188135,-20.000000000000007
-0.11023310443464365,1.5300533484745646,-20.000000000000007
-0.11023310443464365,1.5300533484745644,-20.000000000000007
-0.11023310443464367,1.5300533484745644,-20.000000000000007
-0.11023310443464367,1.5300533484745649,-20.000000000000007
-0.11023310443464367,1.5300533484745644,-20.000000000000007
-0.11023310443464365,1.5300533484745644,-20.000000000000007
-0.11023310443464367,1.5300533484745644,-20.000000000000007
-0.11023293988978831,1.5292120197188135,-20.000000000000007
-0.11023310443464368,1.5300533484745644,-20.000000000000007
-0.11023310443464365,1.5300533484745644,-20.000000000000007
-0.11023310443464365,1.5300533484745644,-20.000000000000007
-0.11023310443464367,1.5300533484745644,-20.000000000000007
-0.11023310443464365,1.5300533484745644,-20.000000000000007
-0.11023310443464368,1.5300533484745644,-20.000000000000007
-0.11023310443464365,1.5300533484745642,-20.000000000000007
-0.11023310443464367,1.5300533484745644,-20.000000000000007
-0.11023310443464365,1.5300533484745644,-20.000000000000007
-0.11023310443464367,1.5300533484745644,-20.000000000000007
-0.11023310443464365,1.5300533484745644,-20.000000000000007
-0.11023310443464365,1.5300533484745646,-20.000000000000007
-0.11023310443464367,1.5300533484745644,-20.000000000000007
-0.11023293988978831,1.5292120197188135,-20.000000000000007
-0.11023293988978831,1.5292120197188133,-20.000000000000007
-0.11023310443464365,1.5300533484745646,-20.000000000000007
-0.11023293988978831,1.5292120197188135,-20.000000000000007
-0.11023310443464367,1.5300533484745644,-20.000000000000007
-0.11023310443464368,1.5300533484745646,-20.000000000000007
-0.11023310443464365,1.5300533484745644,-20.000000000000007
-0.11023310443464367,1.5300533484745644,-20.000000000000007
-0.11023310443464367,1.5300533484745644,-20.000000000000007
-0.1102329398897883,1.5292120197188133,-20.000000000000007
-0.11023310443464367,1.5300533484745644,-20.000000000000007
-0.11023310443464367,1.5300533484745646,-20.000000000000007
-0.11023310443464367,1.5300533484745646,-20.000000000000007
-0.11023310443464365,1.5300533484745646,-20.000000000000007
-0.11023310443464368,1.5300533484745644,-20.000000000000007
-0.11023293988978833,1.5292120197188133,-20.000000000000007
-0.11023310443464365,1.5300533484745644,-20.000000000000007
-0.11023310443464365,1.5300533484745646,-20.000000000000007
-0.11023310443464365,1.5300533484745646,-20.000000000000007
-0.1102329398897883,1.5292120197188135,-20.000000000000007
-0.11023293988978831,1.5292120197188135,-20.000000000000007
-0.11023293988978831,1.5292120197188135,-20.000000000000007
-0.1102329398897883,1.5292120197188133,-20.000000000000007
-0.11023310443464365,1.5300533484745644,-20.000000000000007
-0.11023310443464365,1.5300533484745644,-20.000000000000007
-0.11023310443464367,1.5300533484745644,-20.000000000000007
-0.11023310443464368,1.5300533484745646,-20.000000000000007
-0.11023310443464365,1.5300533484745644,-20.000000000000007
-0.11023310443464365,1.5300533484745644,-20.000000000000007
-0.11023310443464367,1.5300533484745644,-20.000000000000007
-0.11023293988978831,1.5292120197188135,-20.000000000000007
-0.11023293988978831,1.5292120197188135,-20.000000000000007
-0.11023310443464367,1.5300533484745644,-20.000000000000007
-0.11023310443464365,1.5300533484745644,-20.000000000000007
-0.11023310443464365,1.5300533484745646,-20.000000000000007
-0.11023310443464367,1.5300533484745644,-20.000000000000007
-0.11023310443464368,1.5300533484745644,-20.000000000000007
-0.11023293988978831,1.529212019718813,-20.000000000000007
-0.11023293988978831,1.5292120197188135,-20.000000000000007
-0.11023293988978831,1.5292120197188133,-20.000000000000007
-0.11023310443464365,1.5300533484745644,-20.000000000000007
-0.11023310443464367,1.5300533484745646,-20.000000000000007
-0.11023310443464365,1.5300533484745644,-20.000000000000007
-0.11023293988978831,1.5292120197188133,-20.000000000000007
-0.11023310443464365,1.5300533484745644,-20.000000000000007
-0.11023310443464367,1.5300533484745646,-20.000000000000007
-0.11023310443464365,1.5300533484745644,-20.000000000000007
-0.11023293988978831,1.529212019718813,-20.000000000000007
-0.11023310443464365,1.5300533484745646,-20.000000000000007
-0.11023310443464365,1.5300533484745644,-20.000000000000007
-0.11023310443464365,1.5300533484745644,-20.000000000000007
-0.11023310443464365,1.5300533484745644,-20.000000000000007
-0.11023310443464365,1.5300533484745646,-20.000000000000007
-0.11023310443464365,1.5300533484745646,-20.000000000000007
-0.11023310443464367,1.5300533484745646,-20.000000000000007
-0.11023310443464365,1.5300533484745646,-20.000000000000007
-0.11023310443464367,1.5300533484745646,-20.000000000000007
-0.11023310443464365,1.5300533484745646,-20.000000000000007
-0.11023293988978831,1.5292120197188135,-20.000000000000007
-0.11023310443464368,1.5300533484745644,-20.000000000000007
-0.11023293988978833,1.5292120197188133,-20.000000000000007
-0.1102329398897883,1.5292120197188135,-20.000000000000007
-0.11023293988978831,1.5292120197188135,-20.000000000000007
-0.1102329398897883,1.5292120197188135,-20.000000000000007
-0.11023310443464365,1.5300533484745646,-20.000000000000007
-0.11023310443464367,1.5300533484745644,-20.000000000000007
-0.11023310443464367,1.5300533484745644,-20.000000000000007
-0.11023310443464367,1.5300533484745644,-20.000000000000007
-0.1102329398897883,1.5292120197188135,-20.000000000000007
-0.11023310443464365,1.5300533484745649,-20.000000000000007
-0.11023310443464368,1.5300533484745642,-20.000000000000007
-0.11023310443464365,1.5300533484745646,-20.000000000000007
-0.11023310443464367,1.5300533484745644,-20.000000000000007
-0.1102329398897883,1.5292120197188135,-20.000000000000007
-0.1102329398897883,1.5292120197188135,-20.000000000000007
-0.1102329398897883,1.529212019718813,-20.000000000000007
-0.11023293988978831,1.5292120197188135,-20.000000000000007
-0.11023310443464365,1.5300533484745649,-20.000000000000007
-0.11023310443464365,1.5300533484745646,-20.000000000000007
-0.11023310443464367,1.5300533484745644,-20.000000000000007
-0.11023310443464365,1.5300533484745644,-20.000000000000007
-0.11023310443464368,1.5300533484745644,-20.000000000000007
-0.11023310443464365,1.5300533484745642,-20.000000000000007
-0.11023310443464367,1.5300533484745644,-20.000000000000007
-0.11023310443464365,1.5300533484745644,-20.000000000000007
-0.1102329398897883,1.529212019718813,-20.000000000000007
-0.11023310443464368,1.5300533484745646,-20.000000000000007
-0.11023310443464367,1.5300533484745644,-20.000000000000007
-0.11023310443464365,1.5300533484745644,-20.000000000000007
-0.11023293988978831,1.5292120197188135,-20.000000000000007
-0.11023310443464367,1.5300533484745646,-20.000000000000007
-0.11023310443464365,1.5300533484745646,-20.000000000000007
-0.11023310443464367,1.5300533484745646,-20.000000000000007
-0.11023310443464368,1.5300533484745644,-20.000000000000007
-0.11023293988978831,1.5292120197188135,-20.000000000000007
-0.1102329398897883,1.5292120197188133,-20.000000000000007
-0.11023293988978831,1.529212019718813,-20.000000000000007
-0.11023310443464367,1.5300533484745649,-20.000000000000007
-0.11023310443464367,1.5300533484745644,-20.000000000000007
-0.11023310443464367,1.5300533484745646,-20.000000000000007
-0.11023310443464365,1.5300533484745644,-20.000000000000007
-0.11023310443464365,1.5300533484745644,-20.000000000000007
-0.11023310443464365,1.5300533484745644,-20.000000000000007
-0.11023310443464365,1.5300533484745646,-20.000000000000007
-0.11023310443464367,1.5300533484745649,-20.000000000000007
-0.11023310443464365,1.5300533484745646,-20.000000000000007
-0.1102329398897883,1.5292120197188135,-20.000000000000007
-0.1102329398897883,1.5292120197188133,-20.000000000000007
-0.1102329398897883,1.529212019718813,-20.000000000000007
-0.11023310443464367,1.5300533484745646,-20.000000000000007
-0.11023310443464367,1.5300533484745646,-20.000000000000007
-0.11023310443464365,1.5300533484745646,-20.000000000000007
-0.11023310443464367,1.5300533484745646,-20.000000000000007
-0.11023310443464367,1.5300533484745644,-20.000000000000007
-0.11023310443464367,1.5300533484745644,-20.000000000000007
-0.11023310443464367,1.5300533484745646,-20.000000000000007
-0.11023310443464365,1.5300533484745644,-20.000000000000007
-0.11023310443464367,1.5300533484745646,-20.000000000000007
-0.11023310443464367,1.5300533484745644,-20.000000000000007
-0.11023310443464365,1.5300533484745644,-20.000000000000007
-0.11023310443464365,1.5300533484745644,-20.000000000000007
-0.11023310443464365,1.5300533484745644,-20.000000000000007
-0.1102329398897883,1.5292120197188133,-20.000000000000007
-0.11023310443464365,1.5300533484745649,-20.000000000000007
-0.11023310443464365,1.5300533484745644,-20.000000000000007
-0.11023310443464367,1.5300533484745644,-20.000000000000007
-0.11023310443464365,1.5300533484745644,-20.000000000000007
-0.11023310443464365,1.5300533484745644,-20.000000000000007
-0.1102329398897883,1.5292120197188135,-20.000000000000007
-0.11023310443464367,1.5300533484745649,-20.000000000000007
-0.11023310443464365,1.5300533484745649,-20.000000000000007
-0.11023310443464367,1.5300533484745644,-20.000000000000007
-0.11023310443464365,1.5300533484745644,-20.000000000000007
-0.11023310443464367,1.5300533484745646,-20.000000000000007
-0.11023310443464365,1.5300533484745644,-20.000000000000007
-0.11023310443464365,1.5300533484745644,-20.000000000000007
-0.11023310443464365,1.5300533484745646,-20.000000000000007
-0.11023310443464367,1.5300533484745644,-20.000000000000007
-0.11023310443464365,1.5300533484745644,-20.000000000000007
-0.11023293988978831,1.5292120197188133,-20.000000000000007
-0.11023293988978831,1.5292120197188135,-20.000000000000007
-0.1102329398897883,1.5292120197188135,-20.000000000000007
-0.11023310443464365,1.5300533484745649,-20.000000000000007
-0.11023293988978833,1.5292120197188135,-20.000000000000007
-0.11023310443464365,1.5300533484745649,-20.000000000000007
-0.1102329398897883,1.5292120197188135,-20.000000000000007
-0.11023310443464367,1.5300533484745644,-20.000000000000007
-0.11023310443464365,1.5300533484745644,-20.000000000000007
-0.11023310443464365,1.5300533484745644,-20.000000000000007
-0.11023310443464367,1.5300533484745649,-20.000000000000007
-0.11023310443464365,1.5300533484745644,-20.000000000000007
-0.11023310443464365,1.5300533484745644,-20.000000000000007
-0.11023310443464365,1.5300533484745644,-20.000000000000007
-0.11023310443464367,1.5300533484745646,-20.000000000000007
-0.11023310443464365,1.5300533484745646,-20.000000000000007
-0.11023310443464368,1.5300533484745649,-20.000000000000007
-0.11023310443464367,1.5300533484745644,-20.000000000000007
-0.11023310443464365,1.5300533484745646,-20.000000000000007
-0.11023310443464365,1.5300533484745646,-20.000000000000007
-0.11023310443464365,1.5300533484745644,-20.000000000000007
-0.11023310443464367,1.5300533484745644,-20.000000000000007
-0.11023310443464367,1.5300533484745649,-20.000000000000007
-0.11023310443464367,1.5300533484745646,-20.000000000000007
-0.11023310443464367,1.5300533484745644,-20.000000000000007
-0.11023310443464365,1.5300533484745644,-20.000000000000007
-0.11023310443464365,1.5300533484745646,-20.000000000000007
-0.11023310443464365,1.5300533484745644,-20.000000000000007
-0.11023310443464368,1.5300533484745644,-20.000000000000007
-0.11023310443464365,1.5300533484745646,-20.000000000000007
-0.11023310443464365,1.5300533484745644,-20.000000000000007
-0.11023310443464365,1.5300533484745644,-20.000000000000007
-0.11023310443464365,1.5300533484745644,-20.000000000000007
-0.11023310443464365,1.5300533484745646,-20.000000000000007
-0.11023310443464365,1.5300533484745644,-20.000000000000007
-0.11023310443464365,1.5300533484745646,-20.000000000000007
-0.11023310443464367,1.5300533484745646,-20.000000000000007
-0.11023293988978831,1.5292120197188135,-20.000000000000007
-0.11023310443464365,1.5300533484745646,-20.000000000000007
-0.11023310443464365,1.5300533484745646,-20.000000000000007
-0.11023293988978831,1.5292120197188135,-20.000000000000007
-0.11023310443464365,1.5300533484745649,-20.000000000000007
-0.11023310443464365,1.5300533484745644,-20.000000000000007
-0.11023310443464365,1.5300533484745644,-20.000000000000007
-0.11023310443464365,1.5300533484745644,-20.000000000000007
-0.11023310443464365,1.5300533484745646,-20.000000000000007
-0.11023310443464365,1.5300533484745644,-20.000000000000007
-0.11023310443464365,1.5300533484745644,-20.000000000000007
-0.11023310443464365,1.5300533484745649,-20.000000000000007
-0.11023310443464364,1.5300533484745644,-20.000000000000007
-0.11023310443464367,1.5300533484745644,-20.000000000000007
-0.11023310443464365,1.5300533484745644,-20.000000000000007
-0.11023310443464367,1.5300533484745646,-20.000000000000007
-0.11023310443464365,1.5300533484745644,-20.000000000000007
-0.11023310443464365,1.5300533484745646,-20.000000000000007
-0.11023310443464365,1.5300533484745644,-20.000000000000007
-0.11023310443464365,1.5300533484745644,-20.000000000000007
-0.11023310443464364,1.5300533484745646,-20.000000000000007
-0.11023310443464367,1.5300533484745649,-20.000000000000007
-0.11023310443464365,1.5300533484745644,-20.000000000000007
-0.11023310443464365,1.5300533484745644,-20.000000000000007
-0.11023310443464365,1.5300533484745644,-20.000000000000007
-0.11023310443464365,1.5300533484745646,-20.000000000000007
-0.11023310443464365,1.5300533484745646,-20.000000000000007
-0.11023310443464365,1.5300533484745646,-20.000000000000007
-0.11023310443464365,1.5300533484745646,-20.000000000000007
-0.11023310443464365,1.5300533484745644,-20.000000000000007
-0.11023310443464365,1.5300533484745646,-20.000000000000007
-0.11023310443464367,1.5300533484745644,-20.000000000000007
-0.11023310443464365,1.5300533484745644,-20.000000000000007
-0.11023310443464365,1.5300533484745644,-20.000000000000007
-0.11023310443464365,1.5300533484745646,-20.000000000000007
-0.11023310443464365,1.5300533484745644,-20.000000000000007
-0.11023310443464365,1.5300533484745646,-20.000000000000007
-0.11023310443464365,1.5300533484745646,-20.000000000000007
-0.11023310443464365,1.5300533484745644,-20.000000000000007
-0.11023310443464365,1.5300533484745646,-20.000000000000007
-0.11023310443464367,1.5300533484745644,-20.000000000000007
-0.11023310443464365,1.5300533484745644,-20.000000000000007
-0.11023310443464365,1.5300533484745644,-20.000000000000007
-0.11023310443464365,1.5300533484745646,-20.000000000000007
-0.11023310443464365,1.5300533484745646,-20.000000000000007
-0.1102329398897883,1.5292120197188135,-20.000000000000007
-0.1102329398897883,1.5292120197188135,-20.000000000000007
-0.11023310443464367,1.5300533484745646,-20.000000000000007
-0.11023310443464365,1.5300533484745646,-20.000000000000007
-0.11023310443464365,1.5300533484745644,-20.000000000000007
-0.11023310443464365,1.5300533484745644,-20.000000000000007
-0.11023310443464367,1.5300533484745644,-20.000000000000007
-0.11023310443464368,1.5300533484745646,-20.000000000000007
-0.11023310443464367,1.5300533484745644,-20.000000000000007
-0.11023310443464368,1.5300533484745646,-20.000000000000007
-0.11023310443464365,1.5300533484745646,-20.000000000000007
-0.11023310443464365,1.5300533484745644,-20.000000000000007
-0.11023310443464365,1.5300533484745646,-20.000000000000007
-0.11023310443464367,1.5300533484745644,-20.000000000000007
-0.11023310443464365,1.5300533484745644,-20.000000000000007
-0.11023310443464367,1.5300533484745644,-20.000000000000007
-0.11023310443464367,1.5300533484745646,-20.000000000000007
-0.11023310443464365,1.5300533484745646,-20.000000000000007
-0.11023310443464365,1.5300533484745646,-20.000000000000007
-0.11023310443464367,1.5300533484745644,-20.000000000000007
-0.11023310443464365,1.5300533484745649,-20.000000000000007
-0.11023310443464365,1.5300533484745644,-20.000000000000007
-0.11023310443464365,1.5300533484745642,-20.000000000000007
-0.11023310443464365,1.5300533484745644,-20.000000000000007
-0.11023310443464365,1.5300533484745644,-20.000000000000007
-0.11023310443464365,1.5300533484745649,-20.000000000000007
-0.11023310443464365,1.5300533484745649,-20.000000000000007
-0.11023310443464365,1.5300533484745649,-20.000000000000007
-0.11023310443464365,1.5300533484745649,-20.000000000000007
-0.11023310443464365,1.5300533484745649,-20.000000000000007
-0.11023310443464365,1.5300533484745649,-20.000000000000007
-0.11023310443464365,1.5300533484745649,-20.000000000000007
-0.11023310443464365,1.5300533484745649,-20.000000000000007
-0.11023310443464365,1.5300533484745649,-20.000000000000007
-0.11023310443464365,1.5300533484745649,-20.000000000000004
-0.11023310443464364,1.5300533484745644,-20.0
-0.11023310443464367,1.5300533484745644,-19.999999999999996
-0.11023310443464364,1.5300533484745644,-20.0
-0.11023310443464365,1.5300533484745644,-20.0
