gain,ratio,threshold
-0.11022610724915125,1.5498308500002485,-20.0
-0.11023216213590639,1.5313395110577366,-20.0
-0.11023216213590639,1.5313395110577364,-20.000000000000004
-0.11023216213590638,1.5313395110577366,-20.0
-0.11023216213590639,1.5313395110577366,-20.0
-0.11022688396325524,1.5474513268711751,-20.0
-0.11095178515381296,1.5517726590510812,-20.000000000000004
-0.11022754162278774,1.550690625999104,-20.0
-0.11095178515381296,1.5517726590510814,-20.0
-0.11095178515381295,1.5517726590510812,-20.000000000000004
-0.11022754162278775,1.550690625999104,-20.0
-0.11022577659977367,1.5477701448035213,-20.0
-0.11287733272195968,1.5651796829266775,-20.0
-0.11287733272195968,1.5651796829266773,-20.0
-0.11287733272195968,1.5651796829266775,-19.999999999999996
-0.11287733272195968,1.565179682926677,-20.0
-0.11287733272195968,1.5651796829266773,-20.0
-0.11287733272195971,1.5651796829266773,-20.000000000000007
-0.11022577815944051,1.5481481924887466,-20.000000000000007
-0.11022577919921846,1.5484002242788966,-20.000000000000007
-0.11023293988978833,1.5292120197188133,-20.000000000000007
-0.12540407940220547,1.5225030507157356,-20.000000000000007
-0.12684286767579064,1.5197244813100856,-20.000000000000007
-0.13162334867738157,1.5125531912026637,-20.000000000000007
-0.13500799762049986,1.4901723146345818,-20.000000000000007
-0.13496593015556188,1.4904004997731792,-20.000000000000007
-0.134987587169906,1.4902841828006377,-20.000000000000007
-0.13500799762049986,1.4901723146345818,-20.000000000000007
-0.1352364542451437,1.4956132648969094,-20.000000000000007
-0.13766089245675403,1.4109848407592605,-20.000000000000007
-0.17259283802865877,1.5472393109831908,-20.000000000000007
-0.18245135093884668,1.5726673984336745,-20.000000000000007
-0.19315943252724238,1.6118386740500745,-20.000000000000007
-0.20151001609147665,1.7052082041631802,-20.000000000000007
-0.1891500282787112,1.572881121255673,-20.000000000000007
-0.1888385964664855,1.5743867191268253,-20.000000000000007
-0.18837473412143402,1.573377960684116,-20.000000000000007
-0.18915002827871116,1.5728811212556728,-20.000000000000007
-0.18945532208693439,1.576362771578332,-20.000000000000007
-0.1883243545418553,1.5729018912430373,-20.000000000000007
-0.18110619219721427,1.5615965088310684,-20.000000000000007
-0.179509115801908,1.5810607140359076,-20.000000000000007
-0.180374903390968,1.5624216849117094,-20.000000000000007
-0.18163938836346558,1.5687338372001345,-20.000000000000007
-0.1755250001870543,1.570596500535822,-20.000000000000007
-0.17694296547815702,1.572743141012019,-20.000000000000007
-0.1377468926182409,1.4138227263361494,-20.000000000000007
-0.13162334867738157,1.5125531912026637,-20.000000000000007
-0.12962373824809628,1.525556298070263,-20.000000000000007
-0.13160506288298887,1.5132325960306732,-20.000000000000007
-0.13225188883939853,1.5058494988029958,-20.000000000000007
-0.13496593015556185,1.4904004997731792,-20.000000000000007
-0.1352364542451437,1.4956132648969092,-20.000000000000007
-0.1363431436907083,1.4690918166037121,-20.000000000000007
-0.13766089245675403,1.4109848407592602,-20.000000000000007
-0.14969871320520373,1.4376750065870232,-20.000000000000007
-0.14896232389835787,1.441250436214657,-20.000000000000007
-0.1377468926182409,1.4138227263361496,-20.000000000000007
-0.1494730360369043,1.4401127615108211,-20.000000000000007
-0.14947306268121344,1.4401096667703466,-20.000000000000007
-0.14975414285615304,1.435613454864934,-20.000000000000007
-0.15890037786961222,1.5140226726475714,-20.000000000000007
-0.17033409817603948,1.5849866947369589,-20.000000000000007
-0.17510106245462626,1.5664045252620538,-20.000000000000007
-0.17510106245462626,1.566404525262054,-20.000000000000007
-0.18106147615797719,1.5665959385271793,-20.000000000000007
-0.18837473412143407,1.573377960684116,-20.000000000000007
-0.1822603459450228,1.575240624019803,-20.000000000000007
-0.17694296547815702,1.572743141012019,-20.000000000000007
-0.1377468926182409,1.4138227263361496,-20.000000000000007
-0.13496593015556185,1.490400499773179,-20.000000000000007
-0.13162334867738157,1.512553191202664,-20.000000000000007
-0.13510141308817405,1.4966141899032055,-20.000000000000007
-0.1382798588636003,1.4248050209160281,-20.000000000000007
-0.14956704378807442,1.4816374407249462,-20.000000000000007
-0.14951161413712508,1.4836989924470356,-20.000000000000007
-0.15176279818356606,1.4532001891537305,-20.000000000000007
-0.15890037786961222,1.5140226726475712,-20.000000000000007
-0.16772250721781556,1.5692740881375005,-20.000000000000007
-0.17177201680536933,1.599090249392424,-20.000000000000007
-0.1675013959742941,1.5659485007450447,-20.000000000000007
-0.15102879854631793,1.4468251869807611,-20.000000000000007
-0.1495116141371251,1.4836989924470354,-20.000000000000007
-0.1383658590250871,1.4276429064929175,-20.000000000000007
-0.13827929829333077,1.4248276269423905,-20.000000000000007
-0.13827985886360028,1.4248050209160283,-20.000000000000007
-0.13634545199768403,1.4817557980269471,-20.000000000000007
-0.13517229201935854,1.5084781187085592,-20.000000000000007
-0.14975398727938222,1.4357266337540457,-20.000000000000007
-0.1888693859802468,1.571594614679603,-20.000000000000007
-0.2503836637376047,1.7099445186385254,-20.000000000000007
-0.28024248632243076,1.5048217717977546,-20.000000000000007
-0.2883195884737289,1.5737907057255949,-20.000000000000007
-0.30273207071419717,1.530003503006474,-20.000000000000007
-0.30458345399411885,1.5045726073313417,-20.000000000000007
-0.31247185283810786,1.5050742957890713,-20.000000000000007
-0.3362007134610052,1.5006609008546439,-20.000000000000007
-0.34799964239545295,1.499933571071234,-20.000000000000007
-0.33983554047360004,1.4986765172367673,-20.000000000000007
-0.3421520267883904,1.4982106551334216,-20.000000000000007
-0.3305856219031175,1.496039818922373,-20.000000000000007
-0.2971208515099543,1.5878202981705969,-20.000000000000007
-0.28147973710679575,1.52529738204103,-20.000000000000007
-0.2532096570972712,1.749266009732264,-20.000000000000007
-0.22586575302864215,1.923645815642917,-20.000000000000007
-0.20059793323548197,1.7432292693718758,-20.000000000000007
-0.18208914079221106,1.5677928991274013,-20.000000000000007
-0.18218441980185696,1.5674265606367,-20.000000000000007
-0.18845590321477407,1.5710619256779719,-20.000000000000007
-0.18837473412143407,1.5733779606841163,-20.000000000000007
-0.1822099663654441,1.5747645545787243,-20.000000000000007
-0.1883243545418553,1.5729018912430375,-20.000000000000007
-0.18110619219721427,1.5615965088310682,-20.000000000000007
-0.18067000068203443,1.5594198148107745,-20.000000000000007
-0.18220996636544406,1.5747645545787243,-20.000000000000007
-0.17917386072802038,1.5901780441278879,-20.000000000000007
-0.179509115801908,1.5810607140359072,-20.000000000000007
-0.18067000068203443,1.5594198148107747,-20.000000000000007
-0.18067000068203443,1.5594198148107747,-20.000000000000007
-0.18229113545878414,1.5724485195725804,-20.000000000000007
-0.1822099663654441,1.5747645545787243,-20.000000000000007
-0.18229113545878414,1.5724485195725806,-20.000000000000007
-0.17917386072802036,1.5901780441278879,-20.000000000000007
-0.17825534106184446,1.5837285229747722,-20.000000000000007
-0.16491224342351885,1.4962079272044326,-20.000000000000007
-0.1622651465189021,1.479978094344565,-20.000000000000007
-0.1622651465189021,1.4799780943445653,-20.000000000000007
-0.15188571630985698,1.4022628753804087,-20.000000000000007
-0.1617536389502492,1.4767475548411566,-20.000000000000007
-0.16226514651890211,1.4799780943445653,-20.000000000000007
-0.16226514651890211,1.479978094344565,-20.000000000000007
-0.16226514651890211,1.4799780943445653,-20.000000000000007
-0.179509115801908,1.5810607140359072,-20.000000000000007
-0.19267268447527958,1.6078003855443996,-20.000000000000007
-0.23193210184063523,1.913614431844647,-20.000000000000007
-0.24814893385176953,1.7858129224837662,-20.000000000000007
-0.2509269948791573,1.7293448897710837,-20.000000000000007
-0.26302995349000896,1.7654048050969209,-20.000000000000007
-0.2802551438314519,1.5015545652917617,-20.000000000000007
-0.29157142970284317,1.587687725449654,-20.000000000000007
-0.3189235638248901,1.4967571119585519,-20.000000000000007
-0.31993457899492006,1.4998113265030866,-20.000000000000007
-0.3137573852124986,1.5046607220867072,-20.000000000000007
-0.3128694339850215,1.5045796759697254,-20.000000000000007
-0.281479852749596,1.5255570079449206,-20.000000000000007
-0.2559240883951396,1.7648312120638774,-20.000000000000007
-0.22164106841618955,1.9189519988593977,-20.000000000000007
-0.18163938836346555,1.5687338372001347,-20.000000000000007
-0.15188571630985698,1.4022628753804087,-20.000000000000007
-0.1355242209719231,1.4980251333747931,-20.000000000000007
-0.13495605330512836,1.4898632237174252,-20.000000000000007
-0.13160124455853314,1.5129003193082484,-20.000000000000007
-0.1301122303325565,1.5286861249343535,-20.000000000000007
-0.1319978515984408,1.5085766974431185,-20.000000000000007
-0.13461583082221454,1.5046002355219168,-20.000000000000007
-0.13634545199768405,1.4817557980269471,-20.000000000000007
-0.13836585902508713,1.4276429064929173,-20.000000000000007
-0.1495670437880744,1.4816374407249464,-20.000000000000007
-0.1382798588636003,1.4248050209160281,-20.000000000000007
-0.15890037786961225,1.5140226726475714,-20.000000000000007
-0.15917973565243243,1.5149770990087172,-20.000000000000007
-0.16930421010670238,1.5776091538352786,-20.000000000000007
-0.16930421010670235,1.5776091538352786,-20.000000000000007
-0.1703340981760395,1.5849866947369589,-20.000000000000007
-0.1682457767542655,1.5713804974097525,-20.000000000000007
-0.1721264950334419,1.5957115315232313,-20.000000000000007
-0.17510106245462623,1.5664045252620538,-20.000000000000007
-0.18160650863614658,1.5652904978856892,-20.000000000000007
-0.18111185573755592,1.5670720079682579,-20.000000000000007
-0.1861563967243771,1.6073672656103333,-20.000000000000007
-0.18106147615797719,1.566595938527179,-20.000000000000007
-0.18106147615797724,1.566595938527179,-20.000000000000007
-0.1811118557375559,1.5670720079682579,-20.000000000000007
-0.1810614761579772,1.5665959385271793,-20.000000000000007
-0.18160650863614658,1.5652904978856892,-20.000000000000007
-0.17177201680536935,1.5990902493924237,-20.000000000000007
-0.1816044947162936,1.5653668616837884,-20.000000000000007
-0.21348347107761395,1.8491291362183486,-20.000000000000007
-0.2547128787837196,1.767598941947543,-20.000000000000007
-0.2787228599947999,1.5410216059235349,-20.000000000000007
-0.2819252686870595,1.531872124267723,-20.000000000000007
-0.28663326790731386,1.568736449800404,-20.000000000000007
-0.29443703931599463,1.597902268882409,-20.000000000000007
-0.30347438241734637,1.5148288236772862,-20.000000000000007
-0.3255440075094746,1.4986744817900783,-20.000000000000007
-0.31829543196254073,1.4971448277981638,-20.000000000000007
-0.3043258873732406,1.5061705387306423,-20.000000000000007
-0.3087812062545956,1.5077581400590756,-20.000000000000007
-0.2790858188465218,1.4629854224262329,-20.000000000000007
-0.2579018024012154,1.774470377459582,-20.000000000000007
-0.24753611064781528,1.7981305890838026,-20.000000000000007
-0.1930381521161568,1.6120202560143864,-20.000000000000007
-0.18837473412143407,1.573377960684116,-20.000000000000007
-0.1617536389502492,1.4767475548411566,-20.000000000000007
-0.1489623238983579,1.441250436214657,-20.000000000000007
-0.13559501490126286,1.4971204706629226,-20.000000000000007
-0.13510340725224657,1.5054468408810775,-20.000000000000007
-0.13521384973317274,1.4961177966881398,-20.000000000000007
-0.13496593015556188,1.490400499773179,-20.000000000000007
-0.16015086704143033,1.4658572207674503,-20.000000000000007
-0.16491224342351887,1.4962079272044326,-20.000000000000007
-0.17950911580190798,1.5810607140359074,-20.000000000000007
-0.18832435454185534,1.5729018912430375,-20.000000000000007
-0.1822099663654441,1.5747645545787243,-20.000000000000007
-0.1822099663654441,1.5747645545787243,-20.000000000000007
-0.18837473412143407,1.5733779606841163,-20.000000000000007
-0.17933485877093766,1.5832655028315092,-20.000000000000007
-0.17359964367809982,1.555262154034674,-20.000000000000007
-0.15098649128259778,1.3992341320455803,-20.000000000000007
-0.16015086704143033,1.4658572207674503,-20.000000000000007
-0.16270023080057264,1.4821412217524914,-20.000000000000007
-0.16491224342351887,1.4962079272044329,-20.000000000000007
-0.17694296547815702,1.5727431410120192,-20.000000000000007
-0.17337853243457832,1.5519365666422187,-20.000000000000007
-0.17950911580190798,1.5810607140359072,-20.000000000000007
-0.17917386072802038,1.5901780441278877,-20.000000000000007
-0.1811061921972143,1.5615965088310684,-20.000000000000007
-0.18037490339096798,1.5624216849117096,-20.000000000000007
-0.18067000068203443,1.5594198148107745,-20.000000000000007
-0.17337853243457835,1.5519365666422185,-20.000000000000007
-0.18037490339096798,1.5624216849117096,-20.000000000000007
-0.20404430865962886,1.7471900021231155,-20.000000000000007
-0.2309987143250381,1.9110800623980297,-20.000000000000007
-0.2549620868411279,1.771807764152899,-20.000000000000007
-0.25707013486455704,1.7713929192899096,-20.000000000000007
-0.26424731702703064,1.7616489353042162,-20.000000000000007
-0.2807672738371604,1.503682573134228,-20.000000000000007
-0.3015123354599933,1.5416249607550996,-20.000000000000007
-0.32276585661765567,1.4990695615976926,-20.000000000000007
-0.3236490426783438,1.5001615104541952,-20.000000000000007
-0.31965375957272446,1.4994068091149024,-20.000000000000007
-0.3092668709067085,1.5058506663872815,-20.000000000000007
-0.2840058740793768,1.5508900858620296,-20.000000000000007
-0.2637701223895831,1.7618815459474435,-20.000000000000007
-0.2423101761792766,1.8427132390312073,-20.000000000000007
-0.21259171672471608,1.8468259302669428,-20.000000000000007
-0.18945532208693444,1.576362771578332,-20.000000000000007
-0.18220996636544406,1.5747645545787246,-20.000000000000007
-0.180374903390968,1.5624216849117096,-20.000000000000007
-0.17426758362483646,1.5596310191219989,-20.000000000000007
-0.15098649128259778,1.3992341320455803,-20.000000000000007
-0.16015086704143036,1.4658572207674503,-20.000000000000007
-0.1489623238983579,1.441250436214657,-20.000000000000007
-0.1742675836248365,1.5596310191219986,-20.000000000000007
-0.15098649128259778,1.3992341320455803,-20.000000000000007
-0.1822099663654441,1.5747645545787246,-20.000000000000007
-0.179509115801908,1.5810607140359072,-20.000000000000007
-0.1822099663654441,1.5747645545787243,-20.000000000000007
-0.18245135093884665,1.5726673984336743,-20.000000000000007
-0.17825534106184443,1.5837285229747724,-20.000000000000007
-0.1804043718668858,1.5611767535850447,-20.000000000000007
-0.17716407672167844,1.5760687284044748,-20.000000000000007
-0.17917386072802038,1.5901780441278874,-20.000000000000007
-0.1822099663654441,1.5747645545787243,-20.000000000000007
-0.1742447779158386,1.560110828285011,-20.000000000000007
-0.17542972117740843,1.570962839026523,-20.000000000000007
-0.17542972117740843,1.570962839026523,-20.000000000000007
-0.1754297211774084,1.5709628390265231,-20.000000000000007
-0.17530228404631795,1.5687209487160518,-20.000000000000007
-0.18159448893339833,1.5695762451319148,-20.000000000000007
-0.18159448893339833,1.5695762451319146,-20.000000000000007
-0.1884055236351954,1.5705858562368935,-20.000000000000007
-0.1884055236351954,1.5705858562368933,-20.000000000000007
-0.17716407672167847,1.5760687284044748,-20.000000000000007
-0.18220996636544406,1.5747645545787243,-20.000000000000007
-0.20439732625967244,1.7465754343420863,-20.000000000000007
-0.2500950532310457,1.7211300807063892,-20.000000000000007
-0.2639369511171422,1.7609758283563473,-20.000000000000007
-0.2801505685248738,1.5049249248193286,-20.000000000000007
-0.28551481210738916,1.5631726242681474,-20.000000000000007
-0.292783533068369,1.587519197072304,-20.000000000000007
-0.31958930280547454,1.4995668775896145,-20.000000000000007
-0.33913800025422064,1.4998180911477204,-20.000000000000007
-0.3375296852690181,1.4999863663567312,-20.000000000000007
-0.33759935475165004,1.4997432295040602,-20.000000000000007
-0.3263201886303775,1.498826179395593,-20.000000000000007
-0.30704219493411367,1.509894082739065,-20.000000000000007
-0.2843016838457678,1.5549611531460619,-20.000000000000007
-0.25492175112631066,1.7639890795780795,-20.000000000000007
-0.23308491226036115,1.9179285591278705,-20.000000000000007
-0.22052344232654952,1.9237271384636403,-20.000000000000007
-0.2199089409860234,1.926001591715591,-20.000000000000007
-0.20893551548162825,1.822551467297034,-20.000000000000007
-0.2134834710776139,1.8491291362183486,-20.000000000000007
-0.20543402987829715,1.7547684971494615,-20.000000000000007
-0.19317769492663203,1.6114980156831247,-20.000000000000007
-0.20460674253608638,1.7456863669336569,-20.000000000000007
-0.18220996636544406,1.5747645545787246,-20.000000000000007
-0.18220996636544406,1.5747645545787246,-20.000000000000007
-0.17235998236359257,1.5450335733037923,-20.000000000000007
-0.14975414285615307,1.4356134548649337,-20.000000000000007
-0.14975414285615307,1.435613454864934,-20.000000000000007
-0.15188571630985698,1.402262875380409,-20.000000000000007
-0.16015086704143036,1.4658572207674503,-20.000000000000007
-0.1627002308005726,1.4821412217524916,-20.000000000000007
-0.17259283802865874,1.5472393109831906,-20.000000000000007
-0.17259283802865877,1.5472393109831908,-20.000000000000007
-0.17716407672167844,1.5760687284044748,-20.000000000000007
-0.179509115801908,1.5810607140359072,-20.000000000000007
-0.17950911580190798,1.5810607140359074,-20.000000000000007
-0.18220996636544406,1.5747645545787246,-20.000000000000007
-0.18226034594502277,1.5752406240198034,-20.000000000000007
-0.18837473412143402,1.5733779606841163,-20.000000000000007
-0.18888897604606417,1.5748627885679043,-20.000000000000007
-0.18942453257317313,1.5791548760255545,-20.000000000000007
-0.19315943252724238,1.6118386740500745,-20.000000000000007
-0.19315943252724238,1.6118386740500747,-20.000000000000007
-0.18832435454185534,1.5729018912430375,-20.000000000000007
-0.18842511370101273,1.573854030125195,-20.000000000000007
-0.21900879081636257,1.9322315181967091,-20.000000000000007
-0.23479550972404745,1.9292577686435863,-20.000000000000007
-0.25378294800980744,1.7680678568789592,-20.000000000000007
-0.2570627543259439,1.7711732678264345,-20.000000000000007
-0.26431469145173203,1.7623122050150257,-20.000000000000007
-0.2766399312512201,1.6098017585754674,-20.000000000000007
-0.30845196028474176,1.5086217861557065,-20.000000000000007
-0.3207828419923168,1.4992136145830974,-20.000000000000007
-0.32201869247404946,1.495947041499606,-20.000000000000007
-0.3230431430999099,1.4984800674484027,-20.000000000000007
-0.292783533068369,1.5875191970723042,-20.000000000000007
-0.2583537515557689,1.7737702016450794,-20.000000000000007
-0.23649003800490168,1.9114501057498519,-20.000000000000007
-0.18208914079221106,1.5677928991274013,-20.000000000000007
-0.17137338206855132,1.5975545553250408,-20.000000000000007
-0.17291871573542972,1.5934671248005738,-20.000000000000007
-0.16747767331114563,1.5578840909231628,-20.000000000000007
-0.17825534106184443,1.5837285229747722,-20.000000000000007
-0.16817412669778328,1.5621404891113435,-20.000000000000007
-0.16491224342351887,1.4962079272044324,-20.000000000000007
-0.17426758362483646,1.5596310191219986,-20.000000000000007
-0.14975414285615304,1.435613454864934,-20.000000000000007
-0.17917386072802036,1.5901780441278879,-20.000000000000007
-0.15188571630985698,1.4022628753804087,-20.000000000000007
-0.17950911580190798,1.5810607140359072,-20.000000000000007
-0.17950911580190798,1.5810607140359072,-20.000000000000007
-0.179509115801908,1.5810607140359072,-20.000000000000007
-0.18220996636544406,1.5747645545787243,-20.000000000000007
-0.179509115801908,1.5810607140359072,-20.000000000000007
-0.1822099663654441,1.574764554578724,-20.000000000000007
-0.17258346066154212,1.6025844548925545,-20.000000000000007
-0.180374903390968,1.5624216849117096,-20.000000000000007
-0.16270023080057264,1.4821412217524914,-20.000000000000007
-0.17716407672167847,1.5760687284044748,-20.000000000000007
-0.16015086704143036,1.4658572207674505,-20.000000000000007
-0.16175363895024925,1.4767475548411564,-20.000000000000007
-0.16226514651890211,1.4799780943445653,-20.000000000000007
-0.16175363895024922,1.4767475548411566,-20.000000000000007
-0.17259283802865877,1.5472393109831906,-20.000000000000007
-0.1771640767216785,1.5760687284044748,-20.000000000000007
-0.17716407672167847,1.5760687284044748,-20.000000000000007
-0.17694296547815702,1.572743141012019,-20.000000000000007
-0.1509864912825978,1.3992341320455806,-20.000000000000007
-0.17359964367809982,1.5552621540346743,-20.000000000000007
-0.2129928880647487,1.8546782983206902,-20.000000000000007
-0.24840704630731456,1.772447313002039,-20.000000000000007
-0.26414914067621914,1.7600484683169833,-20.000000000000007
-0.2809152426829442,1.5101868425258598,-20.000000000000007
-0.28024248632243076,1.5048217717977548,-20.000000000000007
-0.28091524268294427,1.5101868425258598,-20.000000000000007
-0.31509465220423705,1.4942280719562915,-20.000000000000007
-0.31964841274223776,1.4994535630531076,-20.000000000000007
-0.32076290691112774,1.4991572347632636,-20.000000000000007
-0.321928539849787,1.4959613270164125,-20.000000000000007
-0.30226004575507365,1.5358618250536407,-20.000000000000007
-0.28011681502668095,1.5081261530810863,-20.000000000000007
-0.2475791536843839,1.785644899172236,-20.000000000000007
-0.1825476149431105,1.574583548865015,-20.000000000000007
-0.15938704384410576,1.4882349941672608,-20.000000000000007
-0.14969871320520373,1.4376750065870232,-20.000000000000007
-0.14969871320520375,1.4376750065870232,-20.000000000000007
-0.1509867696831351,1.3990909895297732,-20.000000000000007
-0.16123712368117582,1.506656613759873,-20.000000000000007
-0.1622651465189021,1.4799780943445653,-20.000000000000007
-0.15938704384410576,1.488234994167261,-20.000000000000007
-0.14975415741304388,1.4356391577721634,-20.000000000000007
-0.14896232389835787,1.4412504362146568,-20.000000000000007
-0.16015086704143033,1.4658572207674503,-20.000000000000007
-0.15098649128259778,1.3992341320455806,-20.000000000000007
-0.16886094927143705,1.5698775518625954,-20.000000000000007
-0.16747767331114563,1.557884090923163,-20.000000000000007
-0.16123712368117576,1.5066566137598734,-20.000000000000007
-0.16747767331114563,1.557884090923163,-20.000000000000007
-0.15938704384410574,1.4882349941672608,-20.000000000000007
-0.1687656702617912,1.5702438903532965,-20.000000000000007
-0.15098649128259778,1.3992341320455801,-20.000000000000007
-0.17107913479593206,1.5877029740219986,-20.000000000000007
-0.15149873566387712,1.4023502521015736,-20.000000000000007
-0.16772251345648304,1.5692851036691704,-20.000000000000007
-0.15890037786961225,1.5140226726475716,-20.000000000000007
-0.15838886926118145,1.5107902972222176,-20.000000000000007
-0.15890037786961225,1.5140226726475712,-20.000000000000007
-0.17177201680536935,1.5990902493924235,-20.000000000000007
-0.17230075206441223,1.5935067427276293,-20.000000000000007
-0.1751010624546262,1.5664045252620538,-20.000000000000007
-0.18111185573755592,1.567072007968258,-20.000000000000007
-0.1722403926963862,1.5948627900394903,-20.000000000000007
-0.18888897604606414,1.5748627885679038,-20.000000000000007
-0.20422406494602985,1.7470522200873617,-20.000000000000007
-0.22772843991301128,1.923062195734846,-20.000000000000007
-0.234408232611389,1.9331740021179948,-20.000000000000007
-0.2495054676988277,1.7506184474221236,-20.000000000000007
-0.25276036444532335,1.7515370979857023,-20.000000000000007
-0.2572701447900449,1.7712270908717915,-20.000000000000007
-0.2911889864852278,1.5866868215797367,-20.000000000000007
-0.2962308331150285,1.5930388424887267,-20.000000000000007
-0.30258667562744185,1.5325552975248482,-20.000000000000007
-0.3047031916672131,1.5060270850552282,-20.000000000000007
-0.28011681502668095,1.5081261530810863,-20.000000000000007
-0.25675642418406797,1.7674608212113467,-20.000000000000007
-0.22991462971637514,1.919796175340914,-20.000000000000007
-0.1888385964664855,1.5743867191268253,-20.000000000000007
-0.1804043718668858,1.561176753585045,-20.000000000000007
-0.17259283802865877,1.5472393109831908,-20.000000000000007
-0.15098649128259778,1.3992341320455806,-20.000000000000007
-0.1601508670414304,1.4658572207674505,-20.000000000000007
-0.17259283802865877,1.5472393109831908,-20.000000000000007
-0.17950911580190798,1.5810607140359072,-20.000000000000007
-0.1888693859802468,1.571594614679603,-20.000000000000007
-0.1883243545418553,1.572901891243037,-20.000000000000007
-0.1883243545418553,1.5729018912430373,-20.000000000000007
-0.18245135093884665,1.5726673984336743,-20.000000000000007
-0.17716407672167847,1.5760687284044748,-20.000000000000007
-0.1822099663654441,1.5747645545787246,-20.000000000000007
-0.179509115801908,1.5810607140359074,-20.000000000000007
-0.1822603459450228,1.5752406240198034,-20.000000000000007
-0.1883747341214341,1.573377960684116,-20.000000000000007
-0.1822603459450228,1.5752406240198034,-20.000000000000007
-0.18842511370101275,1.573854030125195,-20.000000000000007
-0.1822603459450228,1.575240624019803,-20.000000000000007
-0.1822603459450228,1.575240624019803,-20.000000000000007
-0.18110619219721427,1.5615965088310684,-20.000000000000007
-0.18226034594502277,1.5752406240198031,-20.000000000000007
-0.18226034594502277,1.575240624019803,-20.000000000000007
-0.1822603459450228,1.575240624019803,-20.000000000000007
-0.18837473412143407,1.573377960684116,-20.000000000000007
-0.18226034594502277,1.575240624019803,-20.000000000000007
-0.18842511370101275,1.573854030125195,-20.000000000000007
-0.18067000068203443,1.5594198148107745,-20.000000000000007
-0.179509115801908,1.5810607140359074,-20.000000000000007
-0.17716407672167847,1.5760687284044748,-20.000000000000007
-0.1806700006820344,1.5594198148107745,-20.000000000000007
-0.2327863050039776,1.9217446600094168,-20.000000000000007
-0.2537511410733544,1.7655719815319313,-20.000000000000007
-0.2794789793475652,1.5246128245851762,-20.000000000000007
-0.2840058740793768,1.5508900858620298,-20.000000000000007
-0.28011681502668095,1.508126153081086,-20.000000000000007
-0.2802424863224308,1.5048217717977548,-20.000000000000007
-0.3095147782669289,1.5055558944305698,-20.000000000000007
-0.3154250407356797,1.4951337219243528,-20.000000000000007
-0.3200559433071479,1.4997567446132252,-20.000000000000007
-0.3253762846687344,1.4993148538190364,-20.000000000000007
-0.2880864982412632,1.573406706276798,-20.000000000000007
-0.2636238678776398,1.760215120472804,-20.000000000000007
-0.2274175111583391,1.9218725433303432,-20.000000000000007
-0.18832435454185534,1.5729018912430373,-20.000000000000007
-0.1811061921972143,1.5615965088310686,-20.000000000000007
-0.1804043718668858,1.561176753585045,-20.000000000000007
-0.17917386072802038,1.5901780441278879,-20.000000000000007
-0.179509115801908,1.5810607140359072,-20.000000000000007
-0.17917386072802036,1.5901780441278874,-20.000000000000007
-0.17917386072802038,1.5901780441278879,-20.000000000000007
-0.180374903390968,1.5624216849117096,-20.000000000000007
-0.18226034594502283,1.5752406240198031,-20.000000000000007
-0.18911923876494982,1.5756732257028956,-20.000000000000007
-0.1888385964664855,1.574386719126825,-20.000000000000007
-0.18218441980185698,1.5674265606366997,-20.000000000000007
-0.18845590321477407,1.5710619256779719,-20.000000000000007
-0.17950911580190798,1.5810607140359072,-20.000000000000007
-0.1822099663654441,1.5747645545787243,-20.000000000000007
-0.17825534106184446,1.5837285229747726,-20.000000000000007
-0.1822099663654441,1.5747645545787246,-20.000000000000007
-0.1822099663654441,1.5747645545787243,-20.000000000000007
-0.1822099663654441,1.5747645545787243,-20.000000000000007
-0.18886938598024677,1.5715946146796025,-20.000000000000007
-0.18832435454185534,1.5729018912430373,-20.000000000000007
-0.1931594325272424,1.6118386740500745,-20.000000000000007
-0.1894553220869344,1.576362771578332,-20.000000000000007
-0.19317769492663203,1.6114980156831247,-20.000000000000007
-0.2007395051075761,1.7431564730484341,-20.000000000000007
-0.20293876816866246,1.7646585405005464,-20.000000000000007
-0.22052344232654952,1.9237271384636405,-20.000000000000007
-0.21173096932913646,1.8478864443445637,-20.000000000000007
-0.2002751479582084,1.7399956220515302,-20.000000000000007
-0.18157572120194107,1.5680862741768018,-20.000000000000007
-0.18250173051842536,1.5731434678747531,-20.000000000000007
-0.20689323510108817,1.7805648176016644,-20.000000000000007
-0.2261117179537413,1.9301421223050317,-20.000000000000007
-0.24338853031189459,1.837601697632469,-20.000000000000007
-0.2537715283888896,1.7682218800440643,-20.000000000000007
-0.2648605887651839,1.7626968015163673,-20.000000000000007
-0.2805977033452064,1.5023094172277558,-20.000000000000007
-0.30048079729559496,1.5535148091824562,-20.000000000000007
-0.3049680624842603,1.5058010831173119,-20.000000000000007
-0.3113029236186474,1.5005729845761215,-20.000000000000007
-0.3033267623683141,1.5204584913047285,-20.000000000000007
-0.2840255897958569,1.550690260125706,-20.000000000000007
-0.27608131768129485,1.612897122799116,-20.000000000000007
-0.2327810293657851,1.9124259977249853,-20.000000000000007
-0.21463162400711894,1.86685846949695,-20.000000000000007
-0.18945532208693439,1.5763627715783317,-20.000000000000007
-0.1811061921972143,1.5615965088310684,-20.000000000000007
-0.17933485877093766,1.5832655028315092,-20.000000000000007
-0.14975414285615304,1.4356134548649342,-20.000000000000007
-0.14975415741304388,1.4356391577721637,-20.000000000000007
-0.13695089271344152,1.4199252923541752,-20.000000000000007
-0.15798617224201397,1.4896072305743535,-20.000000000000007
-0.1680788476881374,1.5625068276020446,-20.000000000000007
-0.16226514651890206,1.4799780943445653,-20.000000000000007
-0.14975414285615304,1.435613454864934,-20.000000000000007
-0.15223273530112524,1.4087252542745432,-20.000000000000007
-0.1495670437880744,1.4816374407249462,-20.000000000000007
-0.15705109047328716,1.5036218935682935,-20.000000000000007
-0.17177201680536935,1.5990902493924235,-20.000000000000007
-0.1495670437880744,1.4816374407249464,-20.000000000000007
-0.14956704378807442,1.4816374407249462,-20.000000000000007
-0.13827985886360028,1.4248050209160283,-20.000000000000007
-0.1495116141371251,1.4836989924470356,-20.000000000000007
-0.1570510904732872,1.503621893568294,-20.000000000000007
-0.17102696315911337,1.5937445345710644,-20.000000000000007
-0.1721264950334419,1.5957115315232315,-20.000000000000007
-0.1703340981760395,1.5849866947369586,-20.000000000000007
-0.17510106245462623,1.566404525262054,-20.000000000000007
-0.18180598184127095,1.568893039467904,-20.000000000000007
-0.2086591739645731,1.8219049272644188,-20.000000000000007
-0.22164106841618952,1.9189519988593977,-20.000000000000007
-0.22062846119588836,1.9240573197414905,-20.000000000000007
-0.20120876532971133,1.7505922392484126,-20.000000000000007
-0.18111185573755592,1.5670720079682576,-20.000000000000007
-0.18268918681520463,1.5745107525415731,-20.000000000000007
-0.2202251457038187,1.930513277055828,-20.000000000000007
-0.23274312263716807,1.9126450482021071,-20.000000000000007
-0.25343781920482006,1.7605229699872054,-20.000000000000007
-0.26070010374553537,1.7679629538772288,-20.000000000000007
-0.2689896652457868,1.7367194218239126,-20.000000000000007
-0.281479852749596,1.5255570079449203,-20.000000000000007
-0.3047031916672131,1.5060270850552286,-20.000000000000007
-0.31417152483330046,1.50086919251346,-20.000000000000007
-0.31011758243081944,1.5036481952148817,-20.000000000000007
-0.30179522453982444,1.536324028837703,-20.000000000000007
-0.2698032958848912,1.7281583033037229,-20.000000000000007
-0.2296667641422298,1.9196183962526654,-20.000000000000007
-0.193177694926632,1.6114980156831247,-20.000000000000007
-0.17506914439190824,1.5677190487190198,-20.000000000000007
-0.17288411621543603,1.5613034517219715,-20.000000000000007
-0.18111185573755592,1.5670720079682579,-20.000000000000007
-0.17510106245462623,1.566404525262054,-20.000000000000007
-0.18106147615797719,1.566595938527179,-20.000000000000007
-0.173421512564583,1.5556575549672629,-20.000000000000007
-0.18106147615797719,1.566595938527179,-20.000000000000007
-0.1810614761579772,1.5665959385271793,-20.000000000000007
-0.17230075206441223,1.5935067427276295,-20.000000000000007
-0.18229113545878414,1.5724485195725804,-20.000000000000007
-0.180374903390968,1.5624216849117092,-20.000000000000007
-0.18037490339096798,1.5624216849117094,-20.000000000000007
-0.18837473412143407,1.573377960684116,-20.000000000000007
-0.18832435454185534,1.5729018912430373,-20.000000000000007
-0.1743400569254845,1.5597444897943094,-20.000000000000007
-0.1750691443919082,1.5677190487190198,-20.000000000000007
-0.17291871573542972,1.5934671248005738,-20.000000000000007
-0.17177189060232467,1.5964586619586683,-20.000000000000007
-0.17033409817603948,1.5849866947369586,-20.000000000000007
-0.16824577675426547,1.571380497409752,-20.000000000000007
-0.1682457767542655,1.5713804974097523,-20.000000000000007
-0.17212649503344188,1.5957115315232315,-20.000000000000007
-0.17212649503344193,1.5957115315232313,-20.000000000000007
-0.17388734112967544,1.5567068834857587,-20.000000000000007
-0.17288411621543603,1.5613034517219715,-20.000000000000007
-0.17510106245462623,1.5664045252620538,-20.000000000000007
-0.17388734112967544,1.5567068834857587,-20.000000000000007
-0.1751010624546262,1.5664045252620538,-20.000000000000007
-0.17230075206441223,1.5935067427276293,-20.000000000000007
-0.17506914439190818,1.5677190487190198,-20.000000000000007
-0.18888897604606417,1.574862788567904,-20.000000000000007
-0.21922162412794233,1.9329791594168277,-20.000000000000007
-0.23889206048921907,1.8949852356181967,-20.000000000000007
-0.24850050817507827,1.7781541308881685,-20.000000000000007
-0.2500036796922421,1.7348115636756964,-20.000000000000007
-0.2589207663038121,1.7781669561470543,-20.000000000000007
-0.2805540718593229,1.5028052171526856,-20.000000000000007
-0.2859860386145515,1.5590919602653381,-20.000000000000007
-0.30209111934055316,1.5362086858776718,-20.000000000000007
-0.30490505202372303,1.5056618751786137,-20.000000000000007
-0.2860847862583424,1.5660072351777898,-20.000000000000007
-0.2653103757015591,1.7658075427401108,-20.000000000000007
-0.24528069041616826,1.8180319558110971,-20.000000000000007
-0.18205835127844974,1.570585003574624,-20.000000000000007
-0.17187380287519202,1.6013198636481145,-20.000000000000007
-0.1682457767542655,1.5713804974097525,-20.000000000000007
-0.1570510904732872,1.5036218935682937,-20.000000000000007
-0.16750139597429406,1.5659485007450447,-20.000000000000007
-0.17011298693251806,1.581661107344503,-20.000000000000007
-0.16772250721781556,1.5692740881375005,-20.000000000000007
-0.1510287985463179,1.4468251869807613,-20.000000000000007
-0.1583594613523273,1.5092131356953187,-20.000000000000007
-0.16015086704143036,1.4658572207674503,-20.000000000000007
-0.17917386072802038,1.5901780441278879,-20.000000000000007
-0.17825534106184446,1.5837285229747724,-20.000000000000007
-0.1791738607280204,1.5901780441278879,-20.000000000000007
-0.16226514651890211,1.4799780943445653,-20.000000000000007
-0.16015086704143036,1.4658572207674503,-20.000000000000007
-0.15098676968313507,1.3990909895297732,-20.000000000000007
-0.17337853243457835,1.5519365666422187,-20.000000000000007
-0.17917386072802038,1.5901780441278879,-20.000000000000007
-0.1811061921972143,1.5615965088310684,-20.000000000000007
-0.18220996636544406,1.5747645545787246,-20.000000000000007
-0.18220996636544406,1.5747645545787243,-20.000000000000007
-0.1822099663654441,1.5747645545787243,-20.000000000000007
-0.1804043718668858,1.5611767535850447,-20.000000000000007
-0.179509115801908,1.5810607140359072,-20.000000000000007
-0.17825534106184446,1.5837285229747722,-20.000000000000007
-0.17917386072802038,1.5901780441278879,-20.000000000000007
-0.17917386072802038,1.5901780441278877,-20.000000000000007
-0.17716407672167844,1.5760687284044748,-20.000000000000007
-0.17337853243457835,1.5519365666422185,-20.000000000000007
-0.16226514651890211,1.479978094344565,-20.000000000000007
-0.13766089245675403,1.4109848407592602,-20.000000000000007
-0.1811061921972143,1.5615965088310682,-20.000000000000007
-0.22905988580352987,1.921481456305146,-20.000000000000007
-0.25465034842438905,1.767992691387308,-20.000000000000007
-0.27872285999479984,1.5410216059235347,-20.000000000000007
-0.2807866153310694,1.5114112648091447,-20.000000000000007
-0.27937114303749494,1.525713678077813,-20.000000000000007
-0.2946971488274946,1.5967186902438686,-20.000000000000007
-0.30926687090670857,1.5058506663872815,-20.000000000000007
-0.3259051942652127,1.5009206158454842,-20.000000000000007
-0.32779544108622705,1.4992430344162406,-20.000000000000007
-0.31359437367213805,1.5056681752911172,-20.000000000000007
-0.3010028004312816,1.5476422714487983,-20.000000000000007
-0.25461424272109645,1.7597978180667917,-20.000000000000007
-0.22740323806188642,1.9197471201459866,-20.000000000000007
-0.18915002827871114,1.5728811212556728,-20.000000000000007
-0.18220996636544412,1.5747645545787243,-20.000000000000007
-0.18226034594502277,1.575240624019803,-20.000000000000007
-0.18226034594502283,1.575240624019803,-20.000000000000007
-0.1822603459450228,1.5752406240198031,-20.000000000000007
-0.18226034594502277,1.575240624019803,-20.000000000000007
-0.1791738607280204,1.5901780441278879,-20.000000000000007
-0.17259283802865877,1.5472393109831906,-20.000000000000007
-0.1497541574130439,1.4356391577721637,-20.000000000000007
-0.14975414285615304,1.4356134548649337,-20.000000000000007
-0.14975414285615307,1.4356134548649337,-20.000000000000007
-0.15098649128259778,1.3992341320455806,-20.000000000000007
-0.1742675836248365,1.5596310191219989,-20.000000000000007
-0.17716407672167844,1.5760687284044745,-20.000000000000007
-0.1822099663654441,1.5747645545787243,-20.000000000000007
-0.176942965478157,1.572743141012019,-20.000000000000007
-0.17337853243457832,1.5519365666422185,-20.000000000000007
-0.14975415741304388,1.4356391577721637,-20.000000000000007
-0.1496985430715421,1.4377624825689053,-20.000000000000007
-0.15890039346628101,1.5140502114767458,-20.000000000000007
-0.17102696315911337,1.5937445345710641,-20.000000000000007
-0.173421512564583,1.5556575549672629,-20.000000000000007
-0.1810614761579772,1.5665959385271793,-20.000000000000007
-0.1810614761579772,1.5665959385271793,-20.000000000000007
-0.1811118557375559,1.567072007968258,-20.000000000000007
-0.18111185573755595,1.5670720079682579,-20.000000000000007
-0.18157571912238524,1.568082602332912,-20.000000000000007
-0.1810614761579772,1.566595938527179,-20.000000000000007
-0.1710269631591134,1.5937445345710641,-20.000000000000007
-0.18220996636544406,1.5747645545787246,-20.000000000000007
-0.1822603459450228,1.5752406240198031,-20.000000000000007
-0.22090647214137543,1.9372251416090738,-20.000000000000007
-0.24431076490960954,1.8291243725315853,-20.000000000000007
-0.24753611064781528,1.7981305890838026,-20.000000000000007
-0.255257808258889,1.7696267741050193,-20.000000000000007
-0.25495066722021004,1.7719617873180042,-20.000000000000007
-0.28061369915870915,1.5023573213595545,-20.000000000000007
-0.296249481661942,1.5926247117937218,-20.000000000000007
-0.31240675445477367,1.50512351251677,-20.000000000000007
-0.3081547562898898,1.5093923634240056,-20.000000000000007
-0.28391254215135964,1.5494165709492658,-20.000000000000007
-0.27552439095608156,1.615739421631903,-20.000000000000007
-0.22132548951472808,1.9286160178736897,-20.000000000000007
-0.2120074200228729,1.8485351362746147,-20.000000000000007
-0.18215363028809567,1.5702186650839227,-20.000000000000007
-0.17542972117740843,1.570962839026523,-20.000000000000007
-0.18832435454185534,1.5729018912430375,-20.000000000000007
-0.1681741266977833,1.5621404891113433,-20.000000000000007
-0.179509115801908,1.5810607140359072,-20.000000000000007
-0.16491224342351887,1.4962079272044326,-20.000000000000007
-0.16015086704143036,1.4658572207674503,-20.000000000000007
-0.16226514651890211,1.479978094344565,-20.000000000000007
-0.14975414285615304,1.4356134548649337,-20.000000000000007
-0.17933485877093766,1.5832655028315097,-20.000000000000007
-0.17337853243457835,1.5519365666422185,-20.000000000000007
-0.17825534106184443,1.5837285229747722,-20.000000000000007
-0.1791738607280204,1.5901780441278879,-20.000000000000007
-0.15188571630985698,1.402262875380409,-20.000000000000007
-0.16175363895024922,1.4767475548411562,-20.000000000000007
-0.14969871320520375,1.437675006587023,-20.000000000000007
-0.14975414285615304,1.4356134548649337,-20.000000000000007
-0.14969871320520375,1.4376750065870232,-20.000000000000007
-0.13766089245675406,1.4109848407592605,-20.000000000000007
-0.14969871320520375,1.4376750065870232,-20.000000000000007
-0.1622651465189021,1.479978094344565,-20.000000000000007
-0.17359964367809982,1.5552621540346743,-20.000000000000007
-0.1811061921972143,1.5615965088310684,-20.000000000000007
-0.179509115801908,1.5810607140359072,-20.000000000000007
-0.17950911580190798,1.5810607140359072,-20.000000000000007
-0.18220996636544406,1.5747645545787248,-20.000000000000007
-0.1734251876596306,1.5607195260805242,-20.000000000000007
-0.18220996636544412,1.5747645545787243,-20.000000000000007
-0.1742675836248365,1.5596310191219989,-20.000000000000007
-0.16015086704143033,1.4658572207674503,-20.000000000000007
-0.1822099663654441,1.5747645545787246,-20.000000000000007
-0.22752232467153932,1.9206349862589436,-20.000000000000007
-0.2503836637376047,1.7099445186385251,-20.000000000000007
-0.26611915304726375,1.7612193048709655,-20.000000000000007
-0.2802424863224308,1.5048217717977548,-20.000000000000007
-0.27937114303749494,1.525713678077813,-20.000000000000007
-0.2973263507804896,1.5856948860895277,-20.000000000000007
-0.30483653022033674,1.5054126349958046,-20.000000000000007
-0.31007614289426416,1.5036973378314789,-20.000000000000007
-0.31018235809308264,1.5015714691778654,-20.000000000000007
-0.28256991487903854,1.5332087128336518,-20.000000000000007
-0.26663273042383256,1.7619515895417737,-20.000000000000007
-0.2475791536843839,1.7856448991722362,-20.000000000000007
-0.19337497874937987,1.6787254915873149,-20.000000000000007
-0.17542972117740843,1.5709628390265231,-20.000000000000007
-0.1822099663654441,1.5747645545787246,-20.000000000000007
-0.14975414285615304,1.4356134548649337,-20.000000000000007
-0.1627002308005726,1.4821412217524914,-20.000000000000007
-0.16270023080057264,1.4821412217524919,-20.000000000000007
-0.151885716309857,1.402262875380409,-20.000000000000007
-0.16491224342351885,1.4962079272044329,-20.000000000000007
-0.1494730360369043,1.4401127615108216,-20.000000000000007
-0.1377468926182409,1.4138227263361496,-20.000000000000007
-0.14975414285615307,1.435613454864934,-20.000000000000007
-0.15148125907664828,1.4023480959233523,-20.000000000000007
-0.17117441380557794,1.5873366355312974,-20.000000000000007
-0.17825534106184443,1.5837285229747722,-20.000000000000007
-0.17548244831557921,1.5669961652094957,-20.000000000000007
-0.17359964367809982,1.5552621540346743,-20.000000000000007
-0.17337853243457835,1.551936566642219,-20.000000000000007
-0.17825534106184443,1.5837285229747724,-20.000000000000007
-0.17716407672167844,1.5760687284044748,-20.000000000000007
-0.17337853243457835,1.5519365666422187,-20.000000000000007
-0.176942965478157,1.572743141012019,-20.000000000000007
-0.15098649128259778,1.3992341320455806,-20.000000000000007
-0.17359964367809982,1.5552621540346743,-20.000000000000007
-0.1622651465189021,1.479978094344565,-20.000000000000007
-0.1742675836248365,1.5596310191219986,-20.000000000000007
-0.17716407672167844,1.5760687284044745,-20.000000000000007
-0.17716407672167847,1.5760687284044743,-20.000000000000007
-0.179509115801908,1.5810607140359072,-20.000000000000007
-0.17716407672167847,1.5760687284044748,-20.000000000000007
-0.17950911580190798,1.5810607140359072,-20.000000000000007
-0.17716407672167847,1.5760687284044748,-20.000000000000007
-0.18885818653230285,1.5776548930151268,-20.000000000000007
-0.2182751281321456,1.932771158182563,-20.000000000000007
-0.23889206048921913,1.8949852356181967,-20.000000000000007
-0.24965204629655047,1.7463127307456154,-20.000000000000007
-0.2573586666079389,1.771766274506665,-20.000000000000007
-0.2645551533522055,1.762341309909431,-20.000000000000007
-0.28077950942379853,1.507178387907725,-20.000000000000007
-0.2917702802434605,1.5865501409098661,-20.000000000000007
-0.30757630387103396,1.5092767463599177,-20.000000000000007
-0.3082644234864066,1.5092640463390952,-20.000000000000007
-0.2914519508694641,1.588624020893299,-20.000000000000007
-0.26575907918934477,1.764684846396567,-20.000000000000007
-0.22595440670337325,1.9324083385227475,-20.000000000000007
-0.18942453257317313,1.5791548760255545,-20.000000000000007
-0.1804043718668858,1.5611767535850447,-20.000000000000007
-0.16491224342351885,1.4962079272044326,-20.000000000000007
-0.18226034594502277,1.575240624019803,-20.000000000000007
-0.16491224342351885,1.4962079272044326,-20.000000000000007
-0.17917386072802038,1.5901780441278879,-20.000000000000007
-0.18837473412143405,1.5733779606841163,-20.000000000000007
-0.16015086704143033,1.4658572207674505,-20.000000000000007
-0.1891192387649498,1.5756732257028958,-20.000000000000007
-0.1822603459450228,1.5752406240198034,-20.000000000000007
-0.19433249470145758,1.6242792335113936,-20.000000000000007
-0.19315943252724238,1.6118386740500747,-20.000000000000007
-0.17716407672167844,1.5760687284044748,-20.000000000000007
-0.18915002827871114,1.5728811212556728,-20.000000000000007
-0.180374903390968,1.5624216849117096,-20.000000000000007
-0.18883859646648546,1.5743867191268253,-20.000000000000007
-0.18842511370101275,1.5738540301251949,-20.000000000000007
-0.18226034594502277,1.575240624019803,-20.000000000000007
-0.1822603459450228,1.575240624019803,-20.000000000000007
-0.179509115801908,1.5810607140359072,-20.000000000000007
-0.1811061921972143,1.5615965088310682,-20.000000000000007
-0.16491224342351885,1.4962079272044329,-20.000000000000007
-0.17950911580190798,1.5810607140359074,-20.000000000000007
-0.17716407672167844,1.5760687284044748,-20.000000000000007
-0.1822099663654441,1.5747645545787248,-20.000000000000007
-0.18883859646648546,1.5743867191268253,-20.000000000000007
-0.18220996636544406,1.5747645545787246,-20.000000000000007
-0.21274550865176575,1.8388437518029672,-20.000000000000007
-0.1821536302880956,1.5702186650839223,-20.000000000000007
-0.1888693859802468,1.5715946146796027,-20.000000000000007
-0.18632212556185834,1.6030043848690443,-20.000000000000007
-0.20441558865906206,1.746234775975136,-20.000000000000007
-0.25266271220756803,1.7470350566953499,-20.000000000000007
-0.26141696576315565,1.7657367384702374,-20.000000000000007
-0.2796900619655703,1.5217939303459362,-20.000000000000007
-0.2828105754745732,1.537317099739418,-20.000000000000007
-0.28035323293839765,1.5049414149407447,-20.000000000000007
-0.2966026757967801,1.5908239733584426,-20.000000000000007
-0.3193256350277239,1.4977846399072603,-20.000000000000007
-0.32928197357972666,1.496438812465021,-20.000000000000007
-0.3264422702680585,1.499109752817048,-20.000000000000007
-0.31511407586497137,1.4953884572981888,-20.000000000000007
-0.2843950157737849,1.5564346680588255,-20.000000000000007
-0.25345780406131535,1.760776357674405,-20.000000000000007
-0.22095926985447237,1.9282129138136423,-20.000000000000007
-0.1883243545418553,1.5729018912430375,-20.000000000000007
-0.17716407672167847,1.5760687284044745,-20.000000000000007
-0.13627458996289069,1.4698692019264867,-20.000000000000007
-0.14969871320520373,1.437675006587023,-20.000000000000007
-0.14975415741304388,1.4356391577721634,-20.000000000000007
-0.16226514651890211,1.4799780943445653,-20.000000000000007
-0.17917386072802038,1.5901780441278879,-20.000000000000007
-0.17337853243457832,1.5519365666422185,-20.000000000000007
-0.17548244831557921,1.566996165209496,-20.000000000000007
-0.16491224342351885,1.4962079272044326,-20.000000000000007
-0.17694296547815702,1.572743141012019,-20.000000000000007
-0.16491224342351885,1.4962079272044326,-20.000000000000007
-0.16491224342351885,1.4962079272044329,-20.000000000000007
-0.16015086704143033,1.4658572207674505,-20.000000000000007
-0.1617536389502492,1.4767475548411566,-20.000000000000007
-0.17359964367809982,1.555262154034674,-20.000000000000007
-0.17917386072802038,1.5901780441278877,-20.000000000000007
-0.18226034594502277,1.575240624019803,-20.000000000000007
-0.18250173051842533,1.5731434678747531,-20.000000000000007
-0.1822099663654441,1.5747645545787246,-20.000000000000007
-0.180374903390968,1.5624216849117096,-20.000000000000007
-0.17506089947291542,1.570818104861102,-20.000000000000007
-0.171873802875192,1.6013198636481147,-20.000000000000007
-0.17342151672369466,1.555664898655043,-20.000000000000007
-0.1729430573263833,1.5588209327564222,-20.000000000000007
-0.17011298693251806,1.581661107344503,-20.000000000000007
-0.1729430531672716,1.5588135890686423,-20.000000000000007
-0.17506089947291545,1.570818104861102,-20.000000000000007
-0.1804043718668858,1.5611767535850447,-20.000000000000007
-0.1822099663654441,1.5747645545787243,-20.000000000000007
-0.18842511370101273,1.5738540301251946,-20.000000000000007
-0.21296477688892934,1.8565486059439356,-20.000000000000007
-0.22995698799419934,1.9257483738802672,-20.000000000000007
-0.2481293851171244,1.785650413961235,-20.000000000000007
-0.25712213838228376,1.770859559149715,-20.000000000000007
-0.2648146341554893,1.7624857605731339,-20.000000000000007
-0.280461781496341,1.5062934119605098,-20.000000000000007
-0.30194698275874765,1.536897339476849,-20.000000000000007
-0.31503333720719595,1.493792536797946,-20.000000000000007
-0.3025304514724383,1.5334268900973882,-20.000000000000007
-0.28831958847372885,1.5737907057255949,-20.000000000000007
-0.2552284082133554,1.7648742597864935,-20.000000000000007
-0.2047733919019548,1.7498815169367201,-20.000000000000007
-0.18945532208693444,1.5763627715783317,-20.000000000000007
-0.18037490339096798,1.5624216849117096,-20.000000000000007
-0.17950911580190798,1.5810607140359072,-20.000000000000007
-0.1754824483155792,1.566996165209496,-20.000000000000007
-0.17548244831557921,1.566996165209496,-20.000000000000007
-0.17933485877093766,1.5832655028315095,-20.000000000000007
-0.179509115801908,1.5810607140359074,-20.000000000000007
-0.18067000068203443,1.5594198148107747,-20.000000000000007
-0.179509115801908,1.5810607140359074,-20.000000000000007
-0.17825534106184446,1.5837285229747722,-20.000000000000007
-0.17825534106184446,1.5837285229747722,-20.000000000000007
-0.17235998236359257,1.5450335733037925,-20.000000000000007
-0.179509115801908,1.5810607140359072,-20.000000000000007
-0.17716407672167844,1.5760687284044748,-20.000000000000007
-0.17950911580190804,1.5810607140359074,-20.000000000000007
-0.179509115801908,1.5810607140359072,-20.000000000000007
-0.17917386072802036,1.5901780441278879,-20.000000000000007
-0.17917386072802038,1.5901780441278879,-20.000000000000007
-0.14975415741304388,1.4356391577721634,-20.000000000000007
-0.17337853243457832,1.5519365666422187,-20.000000000000007
-0.14896232389835787,1.441250436214657,-20.000000000000007
-0.1509864912825978,1.3992341320455806,-20.000000000000007
-0.14896232389835787,1.4412504362146572,-20.000000000000007
-0.14975414285615307,1.4356134548649342,-20.000000000000007
-0.13836586630353256,1.427655757946532,-20.000000000000007
-0.15890037786961225,1.5140226726475712,-20.000000000000007
-0.15102879854631793,1.4468251869807613,-20.000000000000007
-0.1606803749854378,1.5278630466591987,-20.000000000000007
-0.16772251345648304,1.5692851036691704,-20.000000000000007
-0.17694296547815702,1.572743141012019,-20.000000000000007
-0.18842511370101275,1.5738540301251949,-20.000000000000007
-0.20438912631107456,1.7467571198479008,-20.000000000000007
-0.2531994915135074,1.756842226038719,-20.000000000000007
-0.25654585427405513,1.7685951618311329,-20.000000000000007
-0.26455410109695354,1.760707950803352,-20.000000000000007
-0.28024248632243076,1.5048217717977546,-20.000000000000007
-0.2801168150266809,1.5081261530810859,-20.000000000000007
-0.2825098217916384,1.534826745197063,-20.000000000000007
-0.3074330011748714,1.5092559588648091,-20.000000000000007
-0.3220186924740495,1.4959470414996057,-20.000000000000007
-0.3135524233203112,1.505618583994675,-20.000000000000007
-0.3048365302203368,1.5054126349958046,-20.000000000000007
-0.28086116610799555,1.511130090634271,-20.000000000000007
-0.22054821640013045,1.929143864295082,-20.000000000000007
-0.18837473412143407,1.573377960684116,-20.000000000000007
-0.17716407672167844,1.5760687284044745,-20.000000000000007
-0.1363431436907083,1.4690918166037121,-20.000000000000007
-0.14969871320520375,1.4376750065870232,-20.000000000000007
-0.13766033188648455,1.4110074467856226,-20.000000000000007
-0.14975414285615304,1.435613454864934,-20.000000000000007
-0.14969871320520373,1.437675006587023,-20.000000000000007
-0.1377468926182409,1.4138227263361496,-20.000000000000007
-0.15098649128259778,1.3992341320455806,-20.000000000000007
-0.16015086704143036,1.4658572207674503,-20.000000000000007
-0.16491224342351887,1.4962079272044329,-20.000000000000007
-0.17337853243457835,1.5519365666422185,-20.000000000000007
-0.1617536389502492,1.4767475548411566,-20.000000000000007
-0.14975414285615307,1.435613454864934,-20.000000000000007
-0.14975414285615307,1.4356134548649337,-20.000000000000007
-0.1377468926182409,1.4138227263361498,-20.000000000000007
-0.14961452095757002,1.4408829749123406,-20.000000000000007
-0.1377468926182409,1.4138227263361496,-20.000000000000007
-0.13766089245675403,1.4109848407592605,-20.000000000000007
-0.14969871320520375,1.4376750065870232,-20.000000000000007
-0.14896232389835787,1.4412504362146568,-20.000000000000007
-0.16015086704143033,1.4658572207674505,-20.000000000000007
-0.15098649128259778,1.3992341320455803,-20.000000000000007
-0.17337853243457832,1.5519365666422185,-20.000000000000007
-0.16491224342351885,1.4962079272044329,-20.000000000000007
-0.1742675836248365,1.5596310191219986,-20.000000000000007
-0.1742675836248365,1.5596310191219986,-20.000000000000007
-0.17337853243457838,1.5519365666422185,-20.000000000000007
-0.16270023080057264,1.4821412217524916,-20.000000000000007
-0.13774689261824094,1.4138227263361496,-20.000000000000007
-0.14975414285615307,1.435613454864934,-20.000000000000007
-0.15098649128259778,1.3992341320455803,-20.000000000000007
-0.18837473412143405,1.573377960684116,-20.000000000000007
-0.2040443086596288,1.7471900021231155,-20.000000000000007
-0.22014714604852798,1.9414399986101936,-20.000000000000007
-0.2317380046122724,1.913286973414019,-20.000000000000007
-0.2444473490970081,1.829751632775175,-20.000000000000007
-0.2495054676988277,1.7506184474221236,-20.000000000000007
-0.2698537513357648,1.7299337264435357,-20.000000000000007
-0.2789586953709386,1.541706842619674,-20.000000000000007
-0.25666855326715,1.768784284976267,-20.000000000000007
-0.24814893385176953,1.7858129224837667,-20.000000000000007
-0.2185133510658332,1.9363396679201959,-20.000000000000007
-0.18250173051842533,1.5731434678747531,-20.000000000000007
-0.1723599823635926,1.5450335733037923,-20.000000000000007
-0.14896232389835787,1.441250436214657,-20.000000000000007
-0.13500799762049986,1.4901723146345818,-20.000000000000007
-0.13496974848001755,1.490732776495604,-20.000000000000007
-0.13225188883939853,1.5058494988029958,-20.000000000000007
-0.13225188883939853,1.5058494988029958,-20.000000000000007
-0.13161953035292592,1.5122209144802388,-20.000000000000007
-0.12959650711431142,1.5217595205213599,-20.000000000000007
-0.13496593015556188,1.4904004997731795,-20.000000000000007
-0.13505647193701795,1.4933154606281196,-20.000000000000007
-0.14975414285615304,1.4356134548649337,-20.000000000000007
-0.1601508670414304,1.4658572207674505,-20.000000000000007
-0.17716407672167847,1.5760687284044748,-20.000000000000007
-0.17694296547815705,1.5727431410120192,-20.000000000000007
-0.17933485877093766,1.5832655028315092,-20.000000000000007
-0.17950911580190804,1.5810607140359072,-20.000000000000007
-0.1822603459450228,1.5752406240198031,-20.000000000000007
-0.18842511370101273,1.5738540301251946,-20.000000000000007
-0.1888385964664855,1.5743867191268253,-20.000000000000007
-0.18945532208693444,1.576362771578332,-20.000000000000007
-0.18832435454185534,1.572901891243037,-20.000000000000007
-0.1883243545418553,1.5729018912430375,-20.000000000000007
-0.1883243545418553,1.5729018912430373,-20.000000000000007
-0.1883243545418553,1.5729018912430373,-20.000000000000007
-0.18245135093884665,1.572667398433674,-20.000000000000007
-0.1822099663654441,1.5747645545787243,-20.000000000000007
-0.18220996636544406,1.5747645545787243,-20.000000000000007
-0.1822099663654441,1.5747645545787246,-20.000000000000007
-0.18220996636544406,1.5747645545787248,-20.000000000000007
-0.18040437186688577,1.5611767535850447,-20.000000000000007
-0.17950911580190798,1.5810607140359076,-20.000000000000007
-0.1888693859802468,1.5715946146796025,-20.000000000000007
-0.21925523455919244,1.9327333633936221,-20.000000000000007
-0.2345408019563055,1.926627769990608,-20.000000000000007
-0.2371683013217011,1.9042189145419641,-20.000000000000007
-0.2445042368415276,1.8207433734018141,-20.000000000000007
-0.24805643676794056,1.7755420123410839,-20.000000000000007
-0.2543149176280334,1.7613945359720533,-20.000000000000007
-0.2858135332844407,1.563855856787399,-20.000000000000007
-0.28448834770180204,1.5579081829715888,-20.000000000000007
-0.27937114303749494,1.525713678077813,-20.000000000000007
-0.27073283651463304,1.7131873457107314,-20.000000000000007
-0.23197397070799114,1.9092508644302244,-20.000000000000007
-0.2205482164001305,1.9291438642950816,-20.000000000000007
-0.1888693859802468,1.5715946146796025,-20.000000000000007
-0.1791738607280204,1.5901780441278874,-20.000000000000007
-0.16226514651890211,1.479978094344565,-20.000000000000007
-0.14969871320520375,1.437675006587023,-20.000000000000007
-0.14969871320520373,1.4376750065870232,-20.000000000000007
-0.14969871320520375,1.437675006587023,-20.000000000000007
-0.1489623238983579,1.441250436214657,-20.000000000000007
-0.14961452095757005,1.4408829749123404,-20.000000000000007
-0.14896232389835787,1.4412504362146568,-20.000000000000007
-0.14969871320520373,1.4376750065870232,-20.000000000000007
-0.13774689261824094,1.4138227263361494,-20.000000000000007
-0.14969871320520373,1.437675006587023,-20.000000000000007
-0.13634314369070832,1.4690918166037121,-20.000000000000007
-0.13634314369070832,1.469091816603712,-20.000000000000007
-0.1362648890948696,1.4776041952523142,-20.000000000000007
-0.1352364542451437,1.4956132648969094,-20.000000000000007
-0.13766089245675406,1.4109848407592605,-20.000000000000007
-0.13559501490126288,1.4971204706629226,-20.000000000000007
-0.13766089245675403,1.41098484075926,-20.000000000000007
-0.13559501490126286,1.4971204706629224,-20.000000000000007
-0.13766089245675403,1.4109848407592605,-20.000000000000007
-0.13766089245675406,1.4109848407592605,-20.000000000000007
-0.13774689261824094,1.4138227263361496,-20.000000000000007
-0.148449134358952,1.448958956894485,-20.000000000000007
-0.1495116484497964,1.4837595778712198,-20.000000000000007
-0.14951161413712508,1.4836989924470356,-20.000000000000007
-0.1495670437880744,1.4816374407249464,-20.000000000000007
-0.14911574455970508,1.486506830119262,-20.000000000000007
-0.13836585902508713,1.4276429064929173,-20.000000000000007
-0.1383658590250871,1.4276429064929175,-20.000000000000007
-0.13766089245675403,1.4109848407592605,-20.000000000000007
-0.179509115801908,1.5810607140359072,-20.000000000000007
-0.18842511370101273,1.5738540301251949,-20.000000000000007
-0.21276096579532144,1.8568777380279777,-20.000000000000007
-0.21941629570363214,1.934944495264261,-20.000000000000007
-0.21931127683429325,1.9346143139864107,-20.000000000000007
-0.22606632722860837,1.9325754248104319,-20.000000000000007
-0.24431076490960957,1.8291243725315853,-20.000000000000007
-0.2560112268535011,1.767451324948897,-20.000000000000007
-0.2657538158335289,1.7656731795554874,-20.000000000000007
-0.2640192510989392,1.7616310705907567,-20.000000000000007
-0.2568884798137073,1.768585278245372,-20.000000000000007
-0.24897413065549204,1.7557503001454544,-20.000000000000007
-0.22717162889558434,1.925411643669248,-20.000000000000007
-0.2046067425360864,1.7456863669336564,-20.000000000000007
-0.17950911580190798,1.5810607140359074,-20.000000000000007
-0.16491224342351885,1.4962079272044329,-20.000000000000007
-0.1377468926182409,1.4138227263361494,-20.000000000000007
-0.14969871320520375,1.437675006587023,-20.000000000000007
-0.13766089245675406,1.4109848407592602,-20.000000000000007
-0.13766089245675403,1.4109848407592602,-20.000000000000007
-0.13766089245675406,1.4109848407592602,-20.000000000000007
-0.13541503259313709,1.4948226663941326,-20.000000000000007
-0.14969871320520373,1.4376750065870232,-20.000000000000007
-0.13634314369070832,1.4690918166037121,-20.000000000000007
-0.16015086704143036,1.4658572207674505,-20.000000000000007
-0.15098676968313507,1.3990909895297732,-20.000000000000007
-0.16491224342351887,1.4962079272044329,-20.000000000000007
-0.17259283802865877,1.5472393109831908,-20.000000000000007
-0.17917386072802038,1.5901780441278879,-20.000000000000007
-0.179509115801908,1.5810607140359074,-20.000000000000007
-0.1806700006820344,1.5594198148107747,-20.000000000000007
-0.17950911580190798,1.5810607140359072,-20.000000000000007
-0.1822603459450228,1.5752406240198031,-20.000000000000007
-0.1822099663654441,1.5747645545787246,-20.000000000000007
-0.17107913479593206,1.5877029740219988,-20.000000000000007
-0.17282343672578382,1.5938334632912752,-20.000000000000007
-0.15895322042313184,1.487485701500304,-20.000000000000007
-0.16696031699170963,1.5639717562025353,-20.000000000000007
-0.16772250721781556,1.5692740881375005,-20.000000000000007
-0.17177201680536935,1.5990902493924235,-20.000000000000007
-0.17011298693251806,1.5816611073445033,-20.000000000000007
-0.15849767981066687,1.4928377700777622,-20.000000000000007
-0.13774689261824094,1.4138227263361496,-20.000000000000007
-0.14975414285615307,1.435613454864934,-20.000000000000007
-0.1822099663654441,1.5747645545787246,-20.000000000000007
-0.22016532728025395,1.9316147385872453,-20.000000000000007
-0.24743296435351883,1.7923876517343276,-20.000000000000007
-0.2502845554208489,1.7235141714337492,-20.000000000000007
-0.2495054676988277,1.7506184474221234,-20.000000000000007
-0.2485316828615717,1.7784212836840876,-20.000000000000007
-0.26338064406707434,1.7616662219360337,-20.000000000000007
-0.27867797291209545,1.4793883314631036,-20.000000000000007
-0.2779715575107142,1.5058608914785703,-20.000000000000007
-0.27049275923450966,1.7044255040025567,-20.000000000000007
-0.24812938511712435,1.7856504139612344,-20.000000000000007
-0.2192287461517709,1.9347618641061417,-20.000000000000007
-0.1891192387649498,1.5756732257028958,-20.000000000000007
-0.17259283802865877,1.5472393109831906,-20.000000000000007
-0.1489623238983579,1.441250436214657,-20.000000000000007
-0.13523645424514372,1.4956132648969092,-20.000000000000007
-0.1322518888393985,1.5058494988029958,-20.000000000000007
-0.13136931143642386,1.5152803898427865,-20.000000000000007
-0.12959650711431142,1.5217595205213599,-20.000000000000007
-0.13507723071321404,1.4963699242608688,-20.000000000000007
-0.13507723071321404,1.4963699242608688,-20.000000000000007
-0.13559501490126286,1.4971204706629226,-20.000000000000007
-0.14975414285615307,1.4356134548649337,-20.000000000000007
-0.13766089245675406,1.4109848407592607,-20.000000000000007
-0.16226514651890211,1.479978094344565,-20.000000000000007
-0.16015086704143036,1.4658572207674503,-20.000000000000007
-0.1735996436780998,1.5552621540346743,-20.000000000000007
-0.1622651465189021,1.479978094344565,-20.000000000000007
-0.17259283802865877,1.5472393109831906,-20.000000000000007
-0.1725928380286588,1.5472393109831906,-20.000000000000007
-0.16270023080057264,1.4821412217524916,-20.000000000000007
-0.179509115801908,1.5810607140359072,-20.000000000000007
-0.1742675836248365,1.5596310191219989,-20.000000000000007
-0.18226034594502277,1.575240624019803,-20.000000000000007
-0.17716407672167847,1.5760687284044748,-20.000000000000007
-0.1804043718668858,1.561176753585045,-20.000000000000007
-0.17716407672167847,1.5760687284044743,-20.000000000000007
-0.18037490339096796,1.5624216849117096,-20.000000000000007
-0.180374903390968,1.5624216849117094,-20.000000000000007
-0.17950911580190804,1.5810607140359072,-20.000000000000007
-0.1822603459450228,1.575240624019803,-20.000000000000007
-0.17716407672167844,1.5760687284044745,-20.000000000000007
-0.17548244831557921,1.566996165209496,-20.000000000000007
-0.16015086704143036,1.4658572207674503,-20.000000000000007
-0.17950911580190798,1.5810607140359074,-20.000000000000007
-0.18842511370101275,1.5738540301251949,-20.000000000000007
-0.20422406494602985,1.7470522200873617,-20.000000000000007
-0.21931127683429325,1.9346143139864107,-20.000000000000007
-0.22595440670337322,1.9324083385227473,-20.000000000000007
-0.2260663272286083,1.9325754248104317,-20.000000000000007
-0.24950546769882764,1.7506184474221234,-20.000000000000007
-0.24950546769882767,1.7506184474221236,-20.000000000000007
-0.25027783111207347,1.7252964706523974,-20.000000000000007
-0.24749479559217244,1.7990400987821107,-20.000000000000007
-0.22012880248147476,1.932296055321145,-20.000000000000007
-0.19431423230206799,1.6246198918783434,-20.000000000000007
-0.179509115801908,1.5810607140359072,-20.000000000000007
-0.16226514651890211,1.4799780943445653,-20.000000000000007
-0.13634314369070832,1.469091816603712,-20.000000000000007
-0.13559501490126288,1.4971204706629226,-20.000000000000007
-0.13559501490126286,1.4971204706629226,-20.000000000000007
-0.13500799762049986,1.4901723146345818,-20.000000000000007
-0.13559501490126286,1.4971204706629226,-20.000000000000007
-0.1350079976204999,1.4901723146345818,-20.000000000000007
-0.13523645424514372,1.4956132648969094,-20.000000000000007
-0.13559501490126286,1.4971204706629229,-20.000000000000007
-0.13766089245675406,1.4109848407592605,-20.000000000000007
-0.14969871320520373,1.437675006587023,-20.000000000000007
-0.16226514651890211,1.479978094344565,-20.000000000000007
-0.17337853243457835,1.5519365666422185,-20.000000000000007
-0.1627002308005726,1.4821412217524914,-20.000000000000007
-0.16226514651890211,1.479978094344565,-20.000000000000007
-0.1489623238983579,1.441250436214657,-20.000000000000007
-0.13559501490126286,1.4971204706629224,-20.000000000000007
-0.13559501490126286,1.4971204706629226,-20.000000000000007
-0.1377468926182409,1.4138227263361496,-20.000000000000007
-0.1509864912825978,1.3992341320455803,-20.000000000000007
-0.18229113545878414,1.5724485195725804,-20.000000000000007
-0.20053421993381249,1.74650077967274,-20.000000000000007
-0.18569661349308011,1.6005526290254368,-20.000000000000007
-0.18157441108176567,1.568060451407574,-20.000000000000007
-0.17341976989679414,1.5556304682960729,-20.000000000000007
-0.1703340981760395,1.5849866947369586,-20.000000000000007
-0.17510106245462623,1.566404525262054,-20.000000000000007
-0.1811118557375559,1.567072007968258,-20.000000000000007
-0.1861563967243771,1.6073672656103333,-20.000000000000007
-0.1822099663654441,1.5747645545787243,-20.000000000000007
-0.1811061921972143,1.5615965088310682,-20.000000000000007
-0.19431926352746381,1.6245404054477757,-20.000000000000007
-0.22140421285544903,1.9288128383647136,-20.000000000000007
-0.23605069297327178,1.9135828619200248,-20.000000000000007
-0.24989147641239964,1.720316611236751,-20.000000000000007
-0.24751557132974578,1.78598087623253,-20.000000000000007
-0.23104894066734633,1.9062717349328506,-20.000000000000007
-0.25274226236669134,1.7425467901204017,-20.000000000000007
-0.2501803470583963,1.7054241051776748,-20.000000000000007
-0.24969737138570242,1.7178771612556103,-20.000000000000007
-0.2503836637376046,1.7099445186385251,-20.000000000000007
-0.2134834710776139,1.8491291362183488,-20.000000000000007
-0.18945532208693444,1.5763627715783317,-20.000000000000007
-0.179509115801908,1.5810607140359076,-20.000000000000007
-0.1377468926182409,1.4138227263361496,-20.000000000000007
-0.1363431436907083,1.469091816603712,-20.000000000000007
-0.1352364542451437,1.4956132648969092,-20.000000000000007
-0.13505647193701792,1.4933154606281194,-20.000000000000007
-0.1352364542451437,1.4956132648969094,-20.000000000000007
-0.1352364542451437,1.4956132648969094,-20.000000000000007
-0.1352364542451437,1.4956132648969092,-20.000000000000007
-0.13559501490126286,1.4971204706629224,-20.000000000000007
-0.13559501490126286,1.4971204706629224,-20.000000000000007
-0.13766089245675406,1.4109848407592605,-20.000000000000007
-0.13626488909486958,1.477604195252314,-20.000000000000007
-0.13766089245675403,1.4109848407592602,-20.000000000000007
-0.13766089245675403,1.4109848407592605,-20.000000000000007
-0.13766089245675403,1.4109848407592605,-20.000000000000007
-0.1362648890948696,1.4776041952523142,-20.000000000000007
-0.13559501490126288,1.4971204706629226,-20.000000000000007
-0.13559501490126286,1.4971204706629224,-20.000000000000007
-0.13559501490126286,1.4971204706629226,-20.000000000000007
-0.1363431436907083,1.4690918166037121,-20.000000000000007
-0.14969871320520373,1.4376750065870232,-20.000000000000007
-0.1377468926182409,1.4138227263361496,-20.000000000000007
-0.15963760809684854,1.4903236025950413,-20.000000000000007
-0.16768554922156165,1.564217389983338,-20.000000000000007
-0.17177202096448102,1.5990975930802036,-20.000000000000007
-0.1815757191223852,1.568082602332912,-20.000000000000007
-0.1729430531672716,1.5588135890686423,-20.000000000000007
-0.17510106245462623,1.5664045252620542,-20.000000000000007
-0.17510106245462623,1.5664045252620538,-20.000000000000007
-0.1589003933363088,1.5140428595461541,-20.000000000000007
-0.1710256726647462,1.5937462423881994,-20.000000000000007
-0.180374903390968,1.5624216849117094,-20.000000000000007
-0.18226034594502277,1.575240624019803,-20.000000000000007
-0.1988532567256356,1.6783739635447608,-20.000000000000007
-0.21023380688351326,1.8304416245211912,-20.000000000000007
-0.2196570342500176,1.9384732617866103,-20.000000000000007
-0.2182751281321456,1.9327711581825628,-20.000000000000007
-0.21046607260458378,1.8304689331243624,-20.000000000000007
-0.22044999117975678,1.934300887703589,-20.000000000000007
-0.2205084808321297,1.935015830142532,-20.000000000000007
-0.22138700232139463,1.92869526337629,-20.000000000000007
-0.22610668672834544,1.930221608735599,-20.000000000000007
-0.20437906386028282,1.7469160927090361,-20.000000000000007
-0.1891192387649498,1.5756732257028958,-20.000000000000007
-0.1822603459450228,1.5752406240198031,-20.000000000000007
-0.17716407672167847,1.5760687284044745,-20.000000000000007
-0.1622651465189021,1.4799780943445653,-20.000000000000007
-0.16491224342351885,1.4962079272044329,-20.000000000000007
-0.16491224342351885,1.4962079272044329,-20.000000000000007
-0.16491224342351887,1.4962079272044329,-20.000000000000007
-0.1754824483155792,1.566996165209496,-20.000000000000007
-0.16226514651890211,1.479978094344565,-20.000000000000007
-0.16491224342351887,1.4962079272044326,-20.000000000000007
-0.1509864912825978,1.3992341320455806,-20.000000000000007
-0.14975414285615304,1.435613454864934,-20.000000000000007
-0.14969871320520375,1.437675006587023,-20.000000000000007
-0.1377468926182409,1.4138227263361496,-20.000000000000007
-0.14969871320520375,1.4376750065870234,-20.000000000000007
-0.14969871320520375,1.4376750065870232,-20.000000000000007
-0.14975415741304388,1.4356391577721637,-20.000000000000007
-0.14975414285615304,1.435613454864934,-20.000000000000007
-0.1497541574130439,1.4356391577721637,-20.000000000000007
-0.151885716309857,1.4022628753804087,-20.000000000000007
-0.1617536389502492,1.4767475548411566,-20.000000000000007
-0.1754824483155792,1.5669961652094957,-20.000000000000007
-0.17548244831557921,1.566996165209496,-20.000000000000007
-0.17716407672167847,1.5760687284044745,-20.000000000000007
-0.1711744138055779,1.5873366355312974,-20.000000000000007
-0.1717707263110021,1.5990919572095588,-20.000000000000007
-0.16696030971326423,1.5639589047489202,-20.000000000000007
-0.15890037786961225,1.5140226726475712,-20.000000000000007
-0.1495116141371251,1.4836989924470354,-20.000000000000007
-0.1495670437880744,1.481637440724946,-20.000000000000007
-0.16696030971326423,1.5639589047489202,-20.000000000000007
-0.1669603097132642,1.5639589047489204,-20.000000000000007
-0.18220996636544406,1.5747645545787243,-20.000000000000007
-0.2013934799270818,1.7055505241438345,-20.000000000000007
-0.22009438141336607,1.9320609053442983,-20.000000000000007
-0.23690700311659066,1.9090154399479973,-20.000000000000007
-0.2389403317890988,1.8890659890283577,-20.000000000000007
-0.2291094188739119,1.9210411627191155,-20.000000000000007
-0.23403834396478096,1.9248111522485147,-20.000000000000007
-0.22996407590031498,1.9201705127889528,-20.000000000000007
-0.23655382350615028,1.9139299524349604,-20.000000000000007
-0.2344270817704544,1.927284921421973,-20.000000000000007
-0.21239141325692507,1.8522121968369754,-20.000000000000007
-0.2007395051075761,1.7431564730484344,-20.000000000000007
-0.18229113545878411,1.5724485195725806,-20.000000000000007
-0.1622651465189021,1.4799780943445653,-20.000000000000007
-0.15098649128259778,1.3992341320455803,-20.000000000000007
-0.1362745899628907,1.469869201926487,-20.000000000000007
-0.13534423866379733,1.4957273291060031,-20.000000000000007
-0.13559501490126286,1.4971204706629229,-20.000000000000007
-0.1351046613543867,1.492915329707479,-20.000000000000007
-0.13559501490126288,1.4971204706629229,-20.000000000000007
-0.13552422097192307,1.4980251333747931,-20.000000000000007
-0.1363431436907083,1.4690918166037121,-20.000000000000007
-0.14975414285615307,1.4356134548649337,-20.000000000000007
-0.14947303603690426,1.4401127615108213,-20.000000000000007
-0.16175363895024922,1.4767475548411562,-20.000000000000007
-0.14969871320520375,1.437675006587023,-20.000000000000007
-0.14975414285615307,1.435613454864934,-20.000000000000007
-0.1377468926182409,1.4138227263361496,-20.000000000000007
-0.14969871320520373,1.4376750065870232,-20.000000000000007
-0.14975414285615304,1.4356134548649337,-20.000000000000007
-0.15098649128259778,1.3992341320455806,-20.000000000000007
-0.15280423597603293,1.4087123965335244,-20.000000000000007
-0.1509864912825978,1.3992341320455806,-20.000000000000007
-0.16015086704143036,1.4658572207674505,-20.000000000000007
-0.16015086704143036,1.4658572207674507,-20.000000000000007
-0.1622651465189021,1.4799780943445653,-20.000000000000007
-0.16175363895024922,1.4767475548411564,-20.000000000000007
-0.16226514651890211,1.4799780943445653,-20.000000000000007
-0.16015086704143036,1.4658572207674505,-20.000000000000007
-0.15280423597603293,1.4087123965335244,-20.000000000000007
-0.151885716309857,1.402262875380409,-20.000000000000007
-0.16015086704143033,1.4658572207674507,-20.000000000000007
-0.14975415741304388,1.4356391577721637,-20.000000000000007
-0.1497541574130439,1.4356391577721637,-20.000000000000007
-0.16226514651890211,1.479978094344565,-20.000000000000007
-0.1822603459450228,1.5752406240198034,-20.000000000000007
-0.18888897604606414,1.5748627885679038,-20.000000000000007
-0.20587468808445006,1.7697390646642215,-20.000000000000007
-0.2120497385941779,1.849753153164824,-20.000000000000007
-0.1894245325731731,1.5791548760255547,-20.000000000000007
-0.18837473412143407,1.573377960684116,-20.000000000000007
-0.18226034594502283,1.5752406240198034,-20.000000000000007
-0.16175363895024922,1.4767475548411564,-20.000000000000007
-0.13766089245675406,1.4109848407592605,-20.000000000000007
-0.13500799762049986,1.4901723146345816,-20.000000000000007
-0.1316195303529259,1.5122209144802388,-20.000000000000007
-0.13136931143642383,1.5152803898427865,-20.000000000000007
-0.13484361666012967,1.4903596169324909,-20.000000000000007
-0.12962137119366826,1.5155557931172825,-20.000000000000007
-0.1337092939466708,1.4975995117133623,-20.000000000000007
-0.13502593145006772,1.5053115867830242,-20.000000000000007
-0.1351238177028405,1.5053349727150214,-20.000000000000007
-0.13517229201935854,1.508478118708559,-20.000000000000007
-0.13512381770284052,1.5053349727150214,-20.000000000000007
-0.1363431436907083,1.4690918166037121,-20.000000000000007
-0.1363431436907083,1.4690918166037121,-20.000000000000007
-0.14896232389835787,1.4412504362146572,-20.000000000000007
-0.14896232389835787,1.441250436214657,-20.000000000000007
-0.15188571630985698,1.4022628753804087,-20.000000000000007
-0.16226514651890211,1.479978094344565,-20.000000000000007
-0.17259283802865877,1.5472393109831908,-20.000000000000007
-0.17716407672167847,1.5760687284044748,-20.000000000000007
-0.17359964367809982,1.5552621540346743,-20.000000000000007
-0.16175363895024922,1.4767475548411564,-20.000000000000007
-0.1622651465189021,1.479978094344565,-20.000000000000007
-0.15098649128259778,1.3992341320455803,-20.000000000000007
-0.1377468926182409,1.4138227263361494,-20.000000000000007
-0.17716407672167847,1.5760687284044743,-20.000000000000007
-0.1713733820685513,1.5975545553250405,-20.000000000000007
-0.18110984285748086,1.567150207688302,-20.000000000000007
-0.18106016915713552,1.5665756235237864,-20.000000000000007
-0.17342151672369463,1.555664898655043,-20.000000000000007
-0.17177201680536935,1.5990902493924237,-20.000000000000007
-0.16068037498543777,1.527863046659199,-20.000000000000007
-0.1570510904732872,1.5036218935682935,-20.000000000000007
-0.15051641496476997,1.4437806381826714,-20.000000000000007
-0.1495116141371251,1.4836989924470354,-20.000000000000007
-0.13766084605666448,1.411008697845228,-20.000000000000007
-0.1791738607280204,1.5901780441278877,-20.000000000000007
-0.1822099663654441,1.5747645545787246,-20.000000000000007
-0.20441558865906206,1.7462347759751364,-20.000000000000007
-0.200597933235482,1.7432292693718758,-20.000000000000007
-0.1893944988479852,1.6365474113113763,-20.000000000000007
-0.18886938598024677,1.5715946146796025,-20.000000000000007
-0.18110619219721427,1.5615965088310682,-20.000000000000007
-0.18220996636544406,1.5747645545787243,-20.000000000000007
-0.180374903390968,1.5624216849117096,-20.000000000000007
-0.17426758362483646,1.5596310191219989,-20.000000000000007
-0.151885716309857,1.402262875380409,-20.000000000000007
-0.134987587169906,1.4902841828006377,-20.000000000000007
-0.12959655351440094,1.5217356634353918,-20.000000000000007
-0.12977878434227222,1.5366981790013698,-20.000000000000007
-0.12793961775427445,1.5305380631712828,-20.000000000000007
-0.13103589494983794,1.523291254118942,-20.000000000000007
-0.12977878434227225,1.5366981790013698,-20.000000000000007
-0.13166443511185488,1.516587561719274,-20.000000000000007
-0.13502592417162232,1.5052987353294092,-20.000000000000007
-0.134987587169906,1.490284182800638,-20.000000000000007
-0.1352364542451437,1.4956132648969092,-20.000000000000007
-0.13559501490126288,1.4971204706629229,-20.000000000000007
-0.14896232389835787,1.441250436214657,-20.000000000000007
-0.1489623238983579,1.441250436214657,-20.000000000000007
-0.1509864912825978,1.3992341320455803,-20.000000000000007
-0.16226514651890211,1.4799780943445653,-20.000000000000007
-0.16226514651890211,1.4799780943445653,-20.000000000000007
-0.1754824483155792,1.566996165209496,-20.000000000000007
-0.16491224342351887,1.4962079272044326,-20.000000000000007
-0.1742675836248365,1.5596310191219986,-20.000000000000007
-0.16175363895024922,1.4767475548411566,-20.000000000000007
-0.16175363895024922,1.4767475548411566,-20.000000000000007
-0.1509864912825978,1.3992341320455806,-20.000000000000007
-0.14975415741304388,1.4356391577721639,-20.000000000000007
-0.16491224342351887,1.4962079272044326,-20.000000000000007
-0.16226514651890211,1.479978094344565,-20.000000000000007
-0.17359964367809982,1.555262154034674,-20.000000000000007
-0.16270023080057264,1.4821412217524914,-20.000000000000007
-0.1497541574130439,1.4356391577721637,-20.000000000000007
-0.16015086704143033,1.4658572207674503,-20.000000000000007
-0.14975414285615307,1.4356134548649337,-20.000000000000007
-0.16015086704143036,1.4658572207674503,-20.000000000000007
-0.16015086704143036,1.4658572207674505,-20.000000000000007
-0.14975414285615304,1.435613454864934,-20.000000000000007
-0.16491224342351885,1.4962079272044326,-20.000000000000007
-0.1742675836248365,1.5596310191219989,-20.000000000000007
-0.18837473412143407,1.5733779606841163,-20.000000000000007
-0.1891192387649498,1.5756732257028958,-20.000000000000007
-0.19303815211615682,1.6120202560143868,-20.000000000000007
-0.18842511370101273,1.5738540301251949,-20.000000000000007
-0.17950911580190798,1.5810607140359072,-20.000000000000007
-0.16491224342351887,1.4962079272044326,-20.000000000000007
-0.14969871320520373,1.4376750065870232,-20.000000000000007
-0.13559501490126286,1.4971204706629226,-20.000000000000007
-0.13559501490126288,1.4971204706629224,-20.000000000000007
-0.13496593015556185,1.4904004997731792,-20.000000000000007
-0.13225188883939853,1.5058494988029958,-20.000000000000007
-0.13559501490126288,1.4971204706629224,-20.000000000000007
-0.13523645424514372,1.4956132648969094,-20.000000000000007
-0.1377468926182409,1.4138227263361496,-20.000000000000007
-0.15188571630985698,1.402262875380409,-20.000000000000007
-0.1377468926182409,1.4138227263361496,-20.000000000000007
-0.1489623238983579,1.441250436214657,-20.000000000000007
-0.13559501490126288,1.4971204706629224,-20.000000000000007
-0.13559501490126286,1.4971204706629224,-20.000000000000007
-0.13766089245675406,1.4109848407592605,-20.000000000000007
-0.13766089245675406,1.4109848407592605,-20.000000000000007
-0.14969871320520375,1.4376750065870232,-20.000000000000007
-0.13774689261824094,1.4138227263361496,-20.000000000000007
-0.1363431436907083,1.4690918166037121,-20.000000000000007
-0.14896232389835787,1.441250436214657,-20.000000000000007
-0.1377468926182409,1.4138227263361494,-20.000000000000007
-0.14975414285615304,1.4356134548649337,-20.000000000000007
-0.14975414285615304,1.435613454864934,-20.000000000000007
-0.1489623238983579,1.441250436214657,-20.000000000000007
-0.13766089245675406,1.4109848407592605,-20.000000000000007
-0.13634314369070832,1.469091816603712,-20.000000000000007
-0.14969871320520373,1.437675006587023,-20.000000000000007
-0.17950911580190798,1.5810607140359072,-20.000000000000007
-0.1822099663654441,1.5747645545787243,-20.000000000000007
-0.1990290336519761,1.6778574345842014,-20.000000000000007
-0.18837473412143407,1.573377960684116,-20.000000000000007
-0.18208914079221108,1.5677928991274013,-20.000000000000007
-0.18110984285748083,1.567150207688302,-20.000000000000007
-0.18111054873671423,1.5670516929648648,-20.000000000000007
-0.18106147927731098,1.566601446293014,-20.000000000000007
-0.1606803749854378,1.527863046659199,-20.000000000000007
-0.17058251047841078,1.586400434858561,-20.000000000000007
-0.1497541574130439,1.4356391577721634,-20.000000000000007
-0.18220996636544412,1.5747645545787246,-20.000000000000007
-0.18832435454185537,1.5729018912430375,-20.000000000000007
-0.20437906386028284,1.746916092709036,-20.000000000000007
-0.20437906386028282,1.7469160927090361,-20.000000000000007
-0.18942453257317313,1.5791548760255545,-20.000000000000007
-0.18837473412143402,1.573377960684116,-20.000000000000007
-0.1822603459450228,1.575240624019803,-20.000000000000007
-0.17337853243457835,1.5519365666422185,-20.000000000000007
-0.1377468926182409,1.4138227263361496,-20.000000000000007
-0.1363431436907083,1.469091816603712,-20.000000000000007
-0.13505618703786867,1.4897721837139422,-20.000000000000007
-0.13199785159844077,1.5085766974431185,-20.000000000000007
-0.13024955731130447,1.5088663782079488,-20.000000000000007
-0.13103590222828337,1.523304105572557,-20.000000000000007
-0.13005763471346884,1.5144324943618508,-20.000000000000007
-0.1348194342851696,1.4901153512901544,-20.000000000000007
-0.13619633536705197,1.478381580575089,-20.000000000000007
-0.13766089245675406,1.4109848407592602,-20.000000000000007
-0.14969871320520373,1.4376750065870232,-20.000000000000007
-0.1617536389502492,1.4767475548411564,-20.000000000000007
-0.14969871320520375,1.4376750065870232,-20.000000000000007
-0.14975414285615307,1.435613454864934,-20.000000000000007
-0.14975414285615307,1.4356134548649337,-20.000000000000007
-0.14975414285615307,1.435613454864934,-20.000000000000007
-0.14975414285615304,1.435613454864934,-20.000000000000007
-0.1601508670414304,1.4658572207674505,-20.000000000000007
-0.16015086704143036,1.4658572207674505,-20.000000000000007
-0.1622651465189021,1.4799780943445653,-20.000000000000007
-0.1622651465189021,1.4799780943445655,-20.000000000000007
-0.16226514651890211,1.479978094344565,-20.000000000000007
-0.151885716309857,1.4022628753804087,-20.000000000000007
-0.16015086704143033,1.4658572207674503,-20.000000000000007
-0.16491224342351885,1.4962079272044326,-20.000000000000007
-0.17917386072802036,1.5901780441278879,-20.000000000000007
-0.18842511370101273,1.5738540301251946,-20.000000000000007
-0.20438912631107453,1.746757119847901,-20.000000000000007
-0.21297145694215705,1.8551211557628873,-20.000000000000007
-0.22140461161028013,1.9284170608693036,-20.000000000000007
-0.2201245687657412,1.9315839867608924,-20.000000000000007
-0.21868118369897113,1.9327819754603475,-20.000000000000007
-0.21276096579532144,1.8568777380279777,-20.000000000000007
-0.20404430865962886,1.7471900021231153,-20.000000000000007
-0.18888897604606417,1.5748627885679043,-20.000000000000007
-0.18837473412143407,1.573377960684116,-20.000000000000007
-0.18226034594502277,1.5752406240198031,-20.000000000000007
-0.18837473412143405,1.573377960684116,-20.000000000000007
-0.19280788939727117,1.6112098188793949,-20.000000000000007
-0.1930381521161568,1.6120202560143864,-20.000000000000007
-0.18911923876494982,1.5756732257028956,-20.000000000000007
-0.17917386072802038,1.5901780441278879,-20.000000000000007
-0.13774689261824094,1.4138227263361496,-20.000000000000007
-0.13496593015556185,1.490400499773179,-20.000000000000007
-0.1316233486773816,1.5125531912026637,-20.000000000000007
-0.13162334867738157,1.5125531912026637,-20.000000000000007
-0.13496593015556185,1.4904004997731792,-20.000000000000007
-0.13496593015556185,1.4904004997731792,-20.000000000000007
-0.13559501490126288,1.4971204706629229,-20.000000000000007
-0.13559501490126286,1.4971204706629226,-20.000000000000007
-0.13559501490126286,1.4971204706629229,-20.000000000000007
-0.13634314369070832,1.469091816603712,-20.000000000000007
-0.13766089245675406,1.4109848407592605,-20.000000000000007
-0.13634314369070832,1.4690918166037121,-20.000000000000007
-0.1363431436907083,1.4690918166037121,-20.000000000000007
-0.1352364542451437,1.4956132648969094,-20.000000000000007
-0.13496974848001755,1.490732776495604,-20.000000000000007
-0.13523645424514372,1.4956132648969094,-20.000000000000007
-0.13559501490126288,1.4971204706629226,-20.000000000000007
-0.1377468926182409,1.4138227263361491,-20.000000000000007
-0.14969871320520373,1.4376750065870232,-20.000000000000007
-0.14975414285615304,1.435613454864934,-20.000000000000007
-0.14975414285615304,1.435613454864934,-20.000000000000007
-0.15098649128259778,1.3992341320455806,-20.000000000000007
-0.16015086704143033,1.4658572207674505,-20.000000000000007
-0.16226514651890211,1.4799780943445653,-20.000000000000007
-0.17259283802865877,1.5472393109831906,-20.000000000000007
-0.180374903390968,1.5624216849117094,-20.000000000000007
-0.17950911580190798,1.5810607140359072,-20.000000000000007
-0.18888897604606414,1.5748627885679038,-20.000000000000007
-0.18842511370101273,1.5738540301251949,-20.000000000000007
-0.20370062917508547,1.7362162748668393,-20.000000000000007
-0.20437906386028284,1.7469160927090357,-20.000000000000007
-0.2046848233590407,1.7442442470352895,-20.000000000000007
-0.21114953747539905,1.823441391263917,-20.000000000000007
-0.18945532208693444,1.5763627715783317,-20.000000000000007
-0.18678059971275773,1.6097950346066583,-20.000000000000007
-0.18037490339096798,1.5624216849117096,-20.000000000000007
-0.180374903390968,1.5624216849117096,-20.000000000000007
-0.17426758362483646,1.5596310191219989,-20.000000000000007
-0.1822099663654441,1.5747645545787243,-20.000000000000007
-0.2065722149118148,1.7664186193648646,-20.000000000000007
-0.22103389127131068,1.927560021095125,-20.000000000000007
-0.21287071948836367,1.8458102602282551,-20.000000000000007
-0.1822099663654441,1.5747645545787246,-20.000000000000007
-0.16015086704143036,1.4658572207674503,-20.000000000000007
-0.13523645424514372,1.4956132648969094,-20.000000000000007
-0.13500799762049986,1.4901723146345816,-20.000000000000007
-0.13500799762049986,1.4901723146345818,-20.000000000000007
-0.1352364542451437,1.4956132648969094,-20.000000000000007
-0.13500799762049986,1.4901723146345818,-20.000000000000007
-0.13541503259313709,1.4948226663941326,-20.000000000000007
-0.13528464366251253,1.4952131339762695,-20.000000000000007
-0.13495605330512836,1.4898632237174252,-20.000000000000007
-0.13481943428516963,1.4901153512901544,-20.000000000000007
-0.1308536346182683,1.5083299283438252,-20.000000000000007
-0.13085358821817872,1.5083537854297928,-20.000000000000007
-0.13024991135568517,1.5088521007176148,-20.000000000000007
-0.13510341453069202,1.5054596923346923,-20.000000000000007
-0.13517229201935851,1.5084781187085587,-20.000000000000007
-0.13766089245675403,1.4109848407592602,-20.000000000000007
-0.14975414285615307,1.435613454864934,-20.000000000000007
-0.14975414285615304,1.435613454864934,-20.000000000000007
-0.14975414285615307,1.4356134548649337,-20.000000000000007
-0.13766089245675403,1.4109848407592605,-20.000000000000007
-0.13626488909486958,1.4776041952523142,-20.000000000000007
-0.13559501490126286,1.4971204706629226,-20.000000000000007
-0.13523645424514372,1.4956132648969094,-20.000000000000007
-0.1352364542451437,1.4956132648969094,-20.000000000000007
-0.13496593015556185,1.4904004997731792,-20.000000000000007
-0.13496593015556185,1.490400499773179,-20.000000000000007
-0.13496593015556185,1.4904004997731792,-20.000000000000007
-0.1352364542451437,1.4956132648969094,-20.000000000000007
-0.13523645424514372,1.4956132648969092,-20.000000000000007
-0.13559501490126286,1.4971204706629226,-20.000000000000007
-0.1352364542451437,1.4956132648969094,-20.000000000000007
-0.1350079976204999,1.4901723146345818,-20.000000000000007
-0.13496593015556188,1.4904004997731795,-20.000000000000007
-0.13496593015556185,1.4904004997731792,-20.000000000000007
-0.13496593015556185,1.4904004997731792,-20.000000000000007
-0.13496593015556188,1.4904004997731795,-20.000000000000007
-0.13496593015556185,1.4904004997731792,-20.000000000000007
-0.13559501490126288,1.4971204706629226,-20.000000000000007
-0.16015086704143033,1.4658572207674505,-20.000000000000007
-0.18250173051842536,1.573143467874753,-20.000000000000007
-0.19927599968825094,1.68201699226254,-20.000000000000007
-0.19303815211615682,1.6120202560143864,-20.000000000000007
-0.1891192387649498,1.5756732257028958,-20.000000000000007
-0.17917386072802038,1.5901780441278879,-20.000000000000007
-0.14975414285615307,1.4356134548649342,-20.000000000000007
-0.13541503259313709,1.4948226663941329,-20.000000000000007
-0.13162334867738157,1.5125531912026642,-20.000000000000007
-0.1296237382480963,1.525556298070263,-20.000000000000007
-0.13160506288298884,1.5132325960306732,-20.000000000000007
-0.13496593015556185,1.490400499773179,-20.000000000000007
-0.13498758716990603,1.490284182800638,-20.000000000000007
-0.1352364542451437,1.4956132648969092,-20.000000000000007
-0.1352364542451437,1.4956132648969094,-20.000000000000007
-0.13510466135438673,1.4929153297074795,-20.000000000000007
-0.1352364542451437,1.4956132648969094,-20.000000000000007
-0.13559501490126286,1.4971204706629226,-20.000000000000007
-0.13559501490126288,1.4971204706629226,-20.000000000000007
-0.13552422097192307,1.4980251333747931,-20.000000000000007
-0.13510242115286458,1.493042607096575,-20.000000000000007
-0.13559501490126286,1.4971204706629224,-20.000000000000007
-0.13559501490126288,1.4971204706629224,-20.000000000000007
-0.14975414285615304,1.435613454864934,-20.000000000000007
-0.15188571630985698,1.4022628753804087,-20.000000000000007
-0.16015086704143033,1.4658572207674505,-20.000000000000007
-0.16015086704143033,1.4658572207674505,-20.000000000000007
-0.14975414285615304,1.435613454864934,-20.000000000000007
-0.1497541574130439,1.4356391577721634,-20.000000000000007
-0.1497541574130439,1.4356391577721637,-20.000000000000007
-0.14975414285615304,1.435613454864934,-20.000000000000007
-0.14975414285615307,1.435613454864934,-20.000000000000007
-0.14969871320520373,1.4376750065870232,-20.000000000000007
-0.16015086704143036,1.4658572207674503,-20.000000000000007
-0.16175363895024922,1.4767475548411566,-20.000000000000007
-0.17259283802865874,1.5472393109831908,-20.000000000000007
-0.1708580235524106,1.584377386629543,-20.000000000000007
-0.16065409511847467,1.5076779881460989,-20.000000000000007
-0.17046475601922786,1.5860720442868579,-20.000000000000007
-0.15890039346628104,1.5140502114767456,-20.000000000000007
-0.1669603097132642,1.5639589047489204,-20.000000000000007
-0.1495116141371251,1.4836989924470356,-20.000000000000007
-0.13548266325810887,1.510385455395212,-20.000000000000007
-0.1489623238983579,1.4412504362146568,-20.000000000000007
-0.16226514651890211,1.479978094344565,-20.000000000000007
-0.18837473412143405,1.573377960684116,-20.000000000000007
-0.196373308605218,1.7026843943027559,-20.000000000000007
-0.18191979229284239,1.5712507065441943,-20.000000000000007
-0.1738080405172523,1.557923374777539,-20.000000000000007
-0.13766089245675406,1.41098484075926,-20.000000000000007
-0.13495605330512833,1.4898632237174254,-20.000000000000007
-0.13034416345466585,1.5263060543998157,-20.000000000000007
-0.12756711120681585,1.5208065143620628,-20.000000000000007
-0.12611003453939318,1.5242435170268307,-20.000000000000007
-0.13034416345466582,1.5263060543998155,-20.000000000000007
-0.1316195303529259,1.512220914480239,-20.000000000000007
-0.13541503259313709,1.4948226663941326,-20.000000000000007
-0.13559501490126286,1.4971204706629226,-20.000000000000007
-0.1355242209719231,1.4980251333747934,-20.000000000000007
-0.13559501490126288,1.4971204706629226,-20.000000000000007
-0.13552422097192307,1.4980251333747931,-20.000000000000007
-0.1363431436907083,1.469091816603712,-20.000000000000007
-0.14975414285615307,1.435613454864934,-20.000000000000007
-0.14969871320520373,1.437675006587023,-20.000000000000007
-0.13626488909486958,1.4776041952523142,-20.000000000000007
-0.1377468926182409,1.4138227263361494,-20.000000000000007
-0.13559501490126286,1.4971204706629224,-20.000000000000007
-0.14969871320520375,1.437675006587023,-20.000000000000007
-0.15098649128259778,1.3992341320455806,-20.000000000000007
-0.1509864912825978,1.3992341320455806,-20.000000000000007
-0.14969871320520375,1.437675006587023,-20.000000000000007
-0.1363431436907083,1.469091816603712,-20.000000000000007
-0.13559501490126286,1.4971204706629226,-20.000000000000007
-0.13523645424514372,1.495613264896909,-20.000000000000007
-0.13523645424514372,1.4956132648969094,-20.000000000000007
-0.13559501490126286,1.4971204706629226,-20.000000000000007
-0.1352364542451437,1.4956132648969094,-20.000000000000007
-0.13559501490126286,1.4971204706629226,-20.000000000000007
-0.1352364542451437,1.4956132648969094,-20.000000000000007
-0.13559501490126286,1.4971204706629226,-20.000000000000007
-0.13559501490126286,1.4971204706629229,-20.000000000000007
-0.13559501490126286,1.4971204706629222,-20.000000000000007
-0.13541503259313709,1.4948226663941326,-20.000000000000007
-0.1352364542451437,1.4956132648969094,-20.000000000000007
-0.1352364542451437,1.4956132648969094,-20.000000000000007
-0.13496593015556185,1.4904004997731792,-20.000000000000007
-0.134987587169906,1.490284182800638,-20.000000000000007
-0.13634314369070832,1.469091816603712,-20.000000000000007
-0.16015086704143036,1.4658572207674505,-20.000000000000007
-0.180374903390968,1.5624216849117094,-20.000000000000007
-0.18888897604606414,1.5748627885679038,-20.000000000000007
-0.18888897604606417,1.5748627885679038,-20.000000000000007
-0.18226034594502277,1.575240624019803,-20.000000000000007
-0.1622651465189021,1.4799780943445653,-20.000000000000007
-0.1352364542451437,1.4956132648969094,-20.000000000000007
-0.13162334867738157,1.512553191202664,-20.000000000000007
-0.13162334867738157,1.5125531912026637,-20.000000000000007
-0.13496593015556185,1.490400499773179,-20.000000000000007
-0.13500799762049986,1.4901723146345818,-20.000000000000007
-0.13559501490126286,1.4971204706629229,-20.000000000000007
-0.13766089245675406,1.4109848407592605,-20.000000000000007
-0.13774689261824094,1.4138227263361496,-20.000000000000007
-0.14969871320520375,1.437675006587023,-20.000000000000007
-0.14969871320520373,1.437675006587023,-20.000000000000007
-0.1489623238983579,1.441250436214657,-20.000000000000007
-0.1377468926182409,1.4138227263361496,-20.000000000000007
-0.1360729657172006,1.4831686616984474,-20.000000000000007
-0.13523645424514372,1.4956132648969092,-20.000000000000007
-0.13496593015556188,1.490400499773179,-20.000000000000007
-0.13496593015556185,1.490400499773179,-20.000000000000007
-0.13505647193701792,1.4933154606281192,-20.000000000000007
-0.13496593015556185,1.4904004997731795,-20.000000000000007
-0.13541503259313709,1.4948226663941326,-20.000000000000007
-0.13496593015556188,1.4904004997731792,-20.000000000000007
-0.13496593015556188,1.4904004997731792,-20.000000000000007
-0.13496593015556185,1.4904004997731792,-20.000000000000007
-0.13496593015556188,1.490400499773179,-20.000000000000007
-0.13496593015556185,1.4904004997731792,-20.000000000000007
-0.1352364542451437,1.4956132648969092,-20.000000000000007
-0.13766033188648452,1.4110074467856226,-20.000000000000007
-0.14969871320520375,1.437675006587023,-20.000000000000007
-0.15188571630985698,1.4022628753804092,-20.000000000000007
-0.14975414285615307,1.435613454864934,-20.000000000000007
-0.16226514651890211,1.4799780943445653,-20.000000000000007
-0.15098649128259778,1.3992341320455803,-20.000000000000007
-0.1742675836248365,1.5596310191219986,-20.000000000000007
-0.17337853243457835,1.5519365666422187,-20.000000000000007
-0.17917386072802038,1.5901780441278874,-20.000000000000007
-0.1742675836248365,1.5596310191219989,-20.000000000000007
-0.15280423597603296,1.4087123965335244,-20.000000000000007
-0.14975414285615307,1.435613454864934,-20.000000000000007
-0.13766089245675406,1.4109848407592605,-20.000000000000007
-0.17235998236359257,1.5450335733037923,-20.000000000000007
-0.17716407672167847,1.5760687284044748,-20.000000000000007
-0.18220996636544406,1.5747645545787243,-20.000000000000007
-0.179509115801908,1.5810607140359072,-20.000000000000007
-0.1497541574130439,1.4356391577721637,-20.000000000000007
-0.13559501490126286,1.4971204706629226,-20.000000000000007
-0.1322518888393985,1.505849498802996,-20.000000000000007
-0.13162334867738157,1.5125531912026637,-20.000000000000007
-0.13496593015556188,1.490400499773179,-20.000000000000007
-0.13496593015556188,1.4904004997731792,-20.000000000000007
-0.13500799762049986,1.4901723146345818,-20.000000000000007
-0.1352364542451437,1.4956132648969094,-20.000000000000007
-0.1352364542451437,1.4956132648969094,-20.000000000000007
-0.13766033188648452,1.4110074467856224,-20.000000000000007
-0.13600441198938298,1.483946047021222,-20.000000000000007
-0.15188571630985698,1.402262875380409,-20.000000000000007
-0.14975414285615307,1.435613454864934,-20.000000000000007
-0.17046475601922784,1.5860720442868579,-20.000000000000007
-0.16796189619745092,1.569840208713262,-20.000000000000007
-0.1669603097132642,1.5639589047489202,-20.000000000000007
-0.179509115801908,1.5810607140359074,-20.000000000000007
-0.16226514651890211,1.4799780943445655,-20.000000000000007
-0.17716407672167847,1.5760687284044748,-20.000000000000007
-0.14975415741304393,1.4356391577721637,-20.000000000000007
-0.13774689261824094,1.4138227263361496,-20.000000000000007
-0.13559501490126286,1.4971204706629226,-20.000000000000007
-0.13559501490126288,1.4971204706629226,-20.000000000000007
-0.14961452095757005,1.4408829749123404,-20.000000000000007
-0.14975414285615304,1.435613454864934,-20.000000000000007
-0.17933485877093763,1.5832655028315095,-20.000000000000007
-0.17917386072802036,1.5901780441278879,-20.000000000000007
-0.17716407672167844,1.5760687284044745,-20.000000000000007
-0.179509115801908,1.5810607140359074,-20.000000000000007
-0.1627002308005726,1.4821412217524914,-20.000000000000007
-0.1822099663654441,1.5747645545787243,-20.000000000000007
-0.19433249470145758,1.6242792335113934,-20.000000000000007
-0.193177694926632,1.611498015683125,-20.000000000000007
-0.20293876816866246,1.7646585405005466,-20.000000000000007
-0.17487637944398765,1.5707435858809558,-20.000000000000007
-0.15673542221591094,1.4788925013511103,-20.000000000000007
-0.1492409524069415,1.4433556308139812,-20.000000000000007
-0.13827986614204568,1.4248178723696432,-20.000000000000007
-0.14849302182516144,1.473191263891299,-20.000000000000007
-0.1754824483155792,1.5669961652094957,-20.000000000000007
-0.18226034594502277,1.575240624019803,-20.000000000000007
-0.18842511370101273,1.5738540301251946,-20.000000000000007
-0.18888897604606414,1.5748627885679038,-20.000000000000007
-0.18226034594502277,1.5752406240198031,-20.000000000000007
-0.1497541574130439,1.4356391577721634,-20.000000000000007
-0.13505647193701792,1.4933154606281194,-20.000000000000007
-0.12962373824809628,1.525556298070263,-20.000000000000007
-0.12684286767579064,1.5197244813100856,-20.000000000000007
-0.12962373824809628,1.5255562980702628,-20.000000000000007
-0.12962373824809628,1.5255562980702628,-20.000000000000007
-0.13162334867738157,1.5125531912026635,-20.000000000000007
-0.13496593015556188,1.4904004997731792,-20.000000000000007
-0.13496593015556188,1.4904004997731792,-20.000000000000007
-0.13496593015556185,1.4904004997731792,-20.000000000000007
-0.1350079976204999,1.490172314634582,-20.000000000000007
-0.13496593015556188,1.490400499773179,-20.000000000000007
-0.13496974848001755,1.490732776495604,-20.000000000000007
-0.13496593015556185,1.4904004997731792,-20.000000000000007
-0.13523645424514372,1.4956132648969094,-20.000000000000007
-0.1352364542451437,1.4956132648969094,-20.000000000000007
-0.1352364542451437,1.4956132648969094,-20.000000000000007
-0.13634314369070832,1.4690918166037121,-20.000000000000007
-0.13626488909486958,1.4776041952523142,-20.000000000000007
-0.13766033188648452,1.4110074467856226,-20.000000000000007
-0.13634314369070832,1.4690918166037121,-20.000000000000007
-0.13626488909486958,1.4776041952523142,-20.000000000000007
-0.13559501490126286,1.4971204706629226,-20.000000000000007
-0.13634314369070827,1.4690918166037121,-20.000000000000007
-0.1360729657172006,1.4831686616984474,-20.000000000000007
-0.1363431436907083,1.469091816603712,-20.000000000000007
-0.13559501490126286,1.4971204706629229,-20.000000000000007
-0.13523645424514372,1.4956132648969094,-20.000000000000007
-0.13541503259313706,1.4948226663941324,-20.000000000000007
-0.13559501490126286,1.4971204706629226,-20.000000000000007
-0.13766089245675403,1.4109848407592605,-20.000000000000007
-0.14896232389835787,1.441250436214657,-20.000000000000007
-0.14975414285615304,1.435613454864934,-20.000000000000007
-0.13634314369070832,1.4690918166037121,-20.000000000000007
-0.13766089245675403,1.4109848407592605,-20.000000000000007
-0.1353442386637973,1.495727329106003,-20.000000000000007
-0.13507723071321404,1.496369924260869,-20.000000000000007
-0.1348969173657939,1.4902634568418227,-20.000000000000007
-0.13523645424514372,1.4956132648969094,-20.000000000000007
-0.14975414285615307,1.435613454864934,-20.000000000000007
-0.1806700006820344,1.5594198148107747,-20.000000000000007
-0.19945177661459146,1.6815004633019806,-20.000000000000007
-0.1943324947014576,1.6242792335113936,-20.000000000000007
-0.18220996636544406,1.5747645545787243,-20.000000000000007
-0.14969871320520373,1.437675006587023,-20.000000000000007
-0.13162334867738157,1.5125531912026637,-20.000000000000007
-0.1254040794022055,1.5225030507157356,-20.000000000000007
-0.1254040794022055,1.5225030507157353,-20.000000000000007
-0.1254040794022055,1.5225030507157356,-20.000000000000007
-0.12540408018203894,1.5225047004235046,-20.000000000000007
-0.1284933585024709,1.5247118007304847,-20.000000000000007
-0.13162334867738157,1.5125531912026637,-20.000000000000007
-0.13162334867738157,1.512553191202664,-20.000000000000007
-0.13477851668463559,1.4930631893815218,-20.000000000000007
-0.13162334867738157,1.512553191202664,-20.000000000000007
-0.13162334867738157,1.512553191202664,-20.000000000000007
-0.13225188883939853,1.5058494988029958,-20.000000000000007
-0.1316233486773816,1.512553191202664,-20.000000000000007
-0.13162334867738157,1.512553191202664,-20.000000000000007
-0.13034798177912152,1.5266383311222402,-20.000000000000007
-0.13162334867738157,1.5125531912026637,-20.000000000000007
-0.13496593015556185,1.4904004997731792,-20.000000000000007
-0.13496593015556188,1.4904004997731792,-20.000000000000007
-0.13500799762049986,1.4901723146345816,-20.000000000000007
-0.13496593015556185,1.490400499773179,-20.000000000000007
-0.13496593015556185,1.4904004997731792,-20.000000000000007
-0.13162334867738157,1.5125531912026637,-20.000000000000007
-0.13160506288298887,1.5132325960306734,-20.000000000000007
-0.12962373824809628,1.5255562980702628,-20.000000000000007
-0.12962373824809628,1.525556298070263,-20.000000000000007
-0.12942838191366204,1.5266195020865654,-20.000000000000007
-0.12942838191366207,1.5266195020865654,-20.000000000000007
-0.12942838191366204,1.5266195020865654,-20.000000000000007
-0.12684286767579064,1.519724481310086,-20.000000000000007
-0.12942838191366207,1.5266195020865654,-20.000000000000007
-0.12849335850247093,1.5247118007304845,-20.000000000000007
-0.12684286767579064,1.5197244813100856,-20.000000000000007
-0.12684286767579064,1.5197244813100859,-20.000000000000007
-0.12540407940220547,1.5225030507157356,-20.000000000000007
-0.1254040794022055,1.5225030507157353,-20.000000000000007
-0.12612832293323067,1.523585083767713,-20.000000000000007
-0.12612832293323067,1.5235850837677125,-20.000000000000007
-0.1296237382480963,1.525556298070263,-20.000000000000007
-0.13559501490126286,1.4971204706629226,-20.000000000000007
-0.17716407672167844,1.5760687284044743,-20.000000000000007
-0.18837473412143405,1.573377960684116,-20.000000000000007
-0.18888897604606414,1.5748627885679038,-20.000000000000007
-0.18837473412143405,1.573377960684116,-20.000000000000007
-0.1617536389502492,1.4767475548411566,-20.000000000000007
-0.13559501490126286,1.4971204706629224,-20.000000000000007
-0.13162334867738157,1.512553191202664,-20.000000000000007
-0.12942838191366204,1.5266195020865656,-20.000000000000007
-0.12962373824809628,1.525556298070263,-20.000000000000007
-0.12962373824809628,1.525556298070263,-20.000000000000007
-0.1296237382480963,1.525556298070263,-20.000000000000007
-0.13160506288298884,1.5132325960306734,-20.000000000000007
-0.13162334867738157,1.512553191202664,-20.000000000000007
-0.13477851668463559,1.4930631893815218,-20.000000000000007
-0.13496593015556188,1.490400499773179,-20.000000000000007
-0.13162334867738157,1.5125531912026637,-20.000000000000007
-0.1352364542451437,1.4956132648969092,-20.000000000000007
-0.13559501490126286,1.4971204706629226,-20.000000000000007
-0.14896232389835787,1.4412504362146568,-20.000000000000007
-0.16015086704143033,1.4658572207674507,-20.000000000000007
-0.1489623238983579,1.4412504362146572,-20.000000000000007
-0.14975414285615304,1.435613454864934,-20.000000000000007
-0.14975414285615307,1.4356134548649337,-20.000000000000007
-0.14975414285615307,1.435613454864934,-20.000000000000007
-0.17337853243457835,1.5519365666422185,-20.000000000000007
-0.17337853243457835,1.5519365666422187,-20.000000000000007
-0.16015086704143036,1.4658572207674505,-20.000000000000007
-0.14975414285615307,1.435613454864934,-20.000000000000007
-0.13766089245675406,1.4109848407592605,-20.000000000000007
-0.13766089245675403,1.4109848407592605,-20.000000000000007
-0.13559501490126286,1.4971204706629226,-20.000000000000007
-0.13766089245675406,1.4109848407592602,-20.000000000000007
-0.13766033188648452,1.4110074467856226,-20.000000000000007
-0.13774689261824094,1.4138227263361494,-20.000000000000007
-0.14969871320520373,1.4376750065870234,-20.000000000000007
-0.15280423597603296,1.4087123965335244,-20.000000000000007
-0.17337853243457835,1.5519365666422187,-20.000000000000007
-0.17426758362483646,1.5596310191219989,-20.000000000000007
-0.179509115801908,1.5810607140359074,-20.000000000000007
-0.17917386072802036,1.5901780441278877,-20.000000000000007
-0.1806700006820344,1.5594198148107745,-20.000000000000007
-0.17917386072802036,1.5901780441278877,-20.000000000000007
-0.17716407672167844,1.5760687284044748,-20.000000000000007
-0.180374903390968,1.5624216849117094,-20.000000000000007
-0.18885818653230285,1.5776548930151266,-20.000000000000007
-0.2129928880647487,1.8546782983206902,-20.000000000000007
-0.220522896378157,1.9336673533666464,-20.000000000000007
-0.1990107712525865,1.6781980929511513,-20.000000000000007
-0.17716407672167844,1.5760687284044748,-20.000000000000007
-0.13607296571720057,1.4831686616984474,-20.000000000000007
-0.13496593015556185,1.4904004997731792,-20.000000000000007
-0.1322518888393985,1.5058494988029958,-20.000000000000007
-0.13162334867738157,1.5125531912026637,-20.000000000000007
-0.13162334867738157,1.512553191202664,-20.000000000000007
-0.1316233486773816,1.512553191202664,-20.000000000000007
-0.13496593015556185,1.490400499773179,-20.000000000000007
-0.13496593015556185,1.4904004997731795,-20.000000000000007
-0.13496593015556185,1.490400499773179,-20.000000000000007
-0.13434189990028764,1.494202415335057,-20.000000000000007
-0.13162334867738157,1.5125531912026637,-20.000000000000007
-0.13496593015556185,1.4904004997731792,-20.000000000000007
-0.1349173278163878,1.4901515886757668,-20.000000000000007
-0.135077230713214,1.4963699242608688,-20.000000000000007
-0.13634314369070832,1.4690918166037121,-20.000000000000007
-0.1363431436907083,1.4690918166037121,-20.000000000000007
-0.13766089245675406,1.4109848407592602,-20.000000000000007
-0.13766089245675406,1.4109848407592605,-20.000000000000007
-0.1377468926182409,1.4138227263361494,-20.000000000000007
-0.1377468926182409,1.4138227263361496,-20.000000000000007
-0.13766089245675403,1.4109848407592605,-20.000000000000007
-0.13766089245675406,1.4109848407592605,-20.000000000000007
-0.13559501490126286,1.4971204706629226,-20.000000000000007
-0.1352364542451437,1.495613264896909,-20.000000000000007
-0.13496974848001755,1.490732776495604,-20.000000000000007
-0.13496593015556188,1.4904004997731792,-20.000000000000007
-0.13160506288298884,1.5132325960306732,-20.000000000000007
-0.13160506288298887,1.5132325960306732,-20.000000000000007
-0.1296237382480963,1.5255562980702628,-20.000000000000007
-0.13162334867738157,1.512553191202664,-20.000000000000007
-0.13162334867738157,1.5125531912026637,-20.000000000000007
-0.13496593015556185,1.4904004997731795,-20.000000000000007
-0.13496974848001758,1.490732776495604,-20.000000000000007
-0.13500799762049986,1.490172314634582,-20.000000000000007
-0.13559501490126286,1.4971204706629226,-20.000000000000007
-0.1352364542451437,1.4956132648969094,-20.000000000000007
-0.13500799762049986,1.4901723146345816,-20.000000000000007
-0.13559501490126286,1.4971204706629226,-20.000000000000007
-0.15098649128259778,1.3992341320455806,-20.000000000000007
-0.1822603459450228,1.5752406240198031,-20.000000000000007
-0.20404430865962883,1.7471900021231155,-20.000000000000007
-0.20473650305093238,1.7580889424488189,-20.000000000000007
-0.18842511370101273,1.5738540301251949,-20.000000000000007
-0.16175363895024922,1.4767475548411566,-20.000000000000007
-0.13500799762049986,1.4901723146345818,-20.000000000000007
-0.12962373824809628,1.525556298070263,-20.000000000000007
-0.1296237382480963,1.5255562980702628,-20.000000000000007
-0.1296237382480963,1.5255562980702628,-20.000000000000007
-0.13225188883939853,1.5058494988029958,-20.000000000000007
-0.1322518888393985,1.505849498802996,-20.000000000000007
-0.13496593015556185,1.490400499773179,-20.000000000000007
-0.13496593015556188,1.4904004997731795,-20.000000000000007
-0.13496593015556188,1.4904004997731792,-20.000000000000007
-0.13496593015556185,1.4904004997731792,-20.000000000000007
-0.13496593015556188,1.4904004997731795,-20.000000000000007
-0.13496593015556185,1.4904004997731795,-20.000000000000007
-0.13496593015556188,1.4904004997731792,-20.000000000000007
-0.13496593015556188,1.490400499773179,-20.000000000000007
-0.1316233486773816,1.5125531912026637,-20.000000000000007
-0.13496593015556188,1.490400499773179,-20.000000000000007
-0.1350079976204999,1.4901723146345818,-20.000000000000007
-0.13541503259313706,1.4948226663941324,-20.000000000000007
-0.1360729657172006,1.4831686616984474,-20.000000000000007
-0.1352364542451437,1.4956132648969092,-20.000000000000007
-0.13496593015556185,1.4904004997731795,-20.000000000000007
-0.13162334867738157,1.5125531912026637,-20.000000000000007
-0.13162334867738157,1.512553191202664,-20.000000000000007
-0.13162334867738157,1.5125531912026637,-20.000000000000007
-0.13496593015556185,1.490400499773179,-20.000000000000007
-0.13496974848001755,1.490732776495604,-20.000000000000007
-0.1350079976204999,1.4901723146345818,-20.000000000000007
-0.13559501490126288,1.4971204706629224,-20.000000000000007
-0.13559501490126286,1.4971204706629226,-20.000000000000007
-0.13634314369070832,1.4690918166037121,-20.000000000000007
-0.13634314369070832,1.4690918166037121,-20.000000000000007
-0.13559501490126286,1.4971204706629229,-20.000000000000007
-0.13559501490126288,1.4971204706629229,-20.000000000000007
-0.13559501490126288,1.4971204706629226,-20.000000000000007
-0.13559501490126286,1.4971204706629226,-20.000000000000007
-0.13500799762049986,1.4901723146345818,-20.000000000000007
-0.1316233486773816,1.5125531912026635,-20.000000000000007
-0.1352364542451437,1.4956132648969094,-20.000000000000007
-0.1377468926182409,1.4138227263361496,-20.000000000000007
-0.18037490339096798,1.5624216849117096,-20.000000000000007
-0.20437906386028282,1.7469160927090361,-20.000000000000007
-0.18942453257317313,1.5791548760255545,-20.000000000000007
-0.18226034594502277,1.5752406240198031,-20.000000000000007
-0.14975414285615307,1.4356134548649337,-20.000000000000007
-0.1316233486773816,1.512553191202664,-20.000000000000007
-0.1254040801820389,1.5225047004235046,-20.000000000000007
-0.12540407940220547,1.5225030507157353,-20.000000000000007
-0.1254040794022055,1.5225030507157356,-20.000000000000007
-0.12684286767579067,1.5197244813100856,-20.000000000000007
-0.13160506288298884,1.5132325960306732,-20.000000000000007
-0.13162334867738157,1.5125531912026637,-20.000000000000007
-0.1322518888393985,1.505849498802996,-20.000000000000007
-0.13225188883939853,1.5058494988029958,-20.000000000000007
-0.1316233486773816,1.5125531912026637,-20.000000000000007
-0.1316233486773816,1.5125531912026637,-20.000000000000007
-0.1296237382480963,1.525556298070263,-20.000000000000007
-0.1296237382480963,1.5255562980702628,-20.000000000000007
-0.1296237382480963,1.525556298070263,-20.000000000000007
-0.12684286767579067,1.5197244813100856,-20.000000000000007
-0.12962373824809628,1.525556298070263,-20.000000000000007
-0.13162334867738157,1.512553191202664,-20.000000000000007
-0.1322518888393985,1.5058494988029958,-20.000000000000007
-0.13496593015556188,1.490400499773179,-20.000000000000007
-0.13496593015556188,1.4904004997731792,-20.000000000000007
-0.1316233486773816,1.512553191202664,-20.000000000000007
-0.1296237382480963,1.5255562980702628,-20.000000000000007
-0.12942838191366207,1.5266195020865654,-20.000000000000007
-0.1284933585024709,1.5247118007304843,-20.000000000000007
-0.12942838191366207,1.5266195020865654,-20.000000000000007
-0.13162334867738157,1.512553191202664,-20.000000000000007
-0.13496593015556185,1.490400499773179,-20.000000000000007
-0.13626488909486958,1.477604195252314,-20.000000000000007
-0.13766089245675403,1.4109848407592605,-20.000000000000007
-0.14975414285615307,1.4356134548649337,-20.000000000000007
-0.14975414285615304,1.4356134548649342,-20.000000000000007
-0.13626488909486958,1.4776041952523142,-20.000000000000007
-0.13523645424514372,1.4956132648969094,-20.000000000000007
-0.13496593015556188,1.490400499773179,-20.000000000000007
-0.13160506288298887,1.5132325960306734,-20.000000000000007
-0.1316233486773816,1.5125531912026637,-20.000000000000007
-0.13477851668463556,1.493063189381522,-20.000000000000007
-0.1360729657172006,1.4831686616984472,-20.000000000000007
-0.17337853243457832,1.5519365666422185,-20.000000000000007
-0.18837473412143407,1.573377960684116,-20.000000000000007
-0.19569031813307736,1.6387809844399341,-20.000000000000007
-0.18911923876494985,1.5756732257028956,-20.000000000000007
-0.1806700006820344,1.5594198148107745,-20.000000000000007
-0.14969871320520373,1.4376750065870232,-20.000000000000007
-0.13500799762049986,1.4901723146345818,-20.000000000000007
-0.1316233486773816,1.5125531912026637,-20.000000000000007
-0.1316233486773816,1.512553191202664,-20.000000000000007
-0.1316233486773816,1.512553191202664,-20.000000000000007
-0.1322518888393985,1.505849498802996,-20.000000000000007
-0.13496593015556185,1.490400499773179,-20.000000000000007
-0.13496974848001758,1.490732776495604,-20.000000000000007
-0.13523645424514372,1.4956132648969092,-20.000000000000007
-0.13559501490126286,1.4971204706629226,-20.000000000000007
-0.13559501490126286,1.4971204706629226,-20.000000000000007
-0.13500799762049984,1.490172314634582,-20.000000000000007
-0.13477851668463556,1.493063189381522,-20.000000000000007
-0.13496593015556185,1.490400499773179,-20.000000000000007
-0.13496593015556185,1.490400499773179,-20.000000000000007
-0.1350079976204999,1.4901723146345818,-20.000000000000007
-0.13559501490126286,1.4971204706629226,-20.000000000000007
-0.13559501490126288,1.4971204706629226,-20.000000000000007
-0.13559501490126286,1.4971204706629226,-20.000000000000007
-0.1362648890948696,1.477604195252314,-20.000000000000007
-0.13559501490126288,1.4971204706629224,-20.000000000000007
-0.1352364542451437,1.4956132648969092,-20.000000000000007
-0.13496593015556188,1.4904004997731792,-20.000000000000007
-0.13496593015556185,1.4904004997731792,-20.000000000000007
-0.1322518888393985,1.505849498802996,-20.000000000000007
-0.13496593015556188,1.4904004997731795,-20.000000000000007
-0.1352364542451437,1.4956132648969094,-20.000000000000007
-0.13774689261824094,1.4138227263361494,-20.000000000000007
-0.17359964367809982,1.5552621540346743,-20.000000000000007
-0.1822603459450228,1.575240624019803,-20.000000000000007
-0.18226034594502277,1.5752406240198031,-20.000000000000007
-0.1822603459450228,1.5752406240198034,-20.000000000000007
-0.17716407672167847,1.5760687284044748,-20.000000000000007
-0.15188571630985698,1.4022628753804085,-20.000000000000007
-0.1489623238983579,1.441250436214657,-20.000000000000007
-0.13559501490126286,1.4971204706629229,-20.000000000000007
-0.1363431436907083,1.469091816603712,-20.000000000000007
-0.13559501490126286,1.4971204706629226,-20.000000000000007
-0.1489623238983579,1.441250436214657,-20.000000000000007
-0.17950911580190798,1.5810607140359072,-20.000000000000007
-0.18888897604606414,1.5748627885679038,-20.000000000000007
-0.1894245325731731,1.5791548760255547,-20.000000000000007
-0.18250173051842536,1.5731434678747531,-20.000000000000007
-0.1617536389502492,1.4767475548411564,-20.000000000000007
-0.1352364542451437,1.4956132648969094,-20.000000000000007
-0.13523645424514372,1.4956132648969094,-20.000000000000007
-0.13559501490126288,1.4971204706629226,-20.000000000000007
-0.13766089245675403,1.4109848407592605,-20.000000000000007
-0.14896232389835787,1.441250436214657,-20.000000000000007
-0.14975414285615304,1.4356134548649337,-20.000000000000007
-0.1509864912825978,1.3992341320455806,-20.000000000000007
-0.1509864912825978,1.3992341320455806,-20.000000000000007
-0.15921534466681123,1.4594263141425161,-20.000000000000007
-0.14975414285615307,1.4356134548649337,-20.000000000000007
-0.14975414285615307,1.435613454864934,-20.000000000000007
-0.1377468926182409,1.4138227263361496,-20.000000000000007
-0.1363431436907083,1.469091816603712,-20.000000000000007
-0.13559501490126286,1.4971204706629226,-20.000000000000007
-0.13559501490126288,1.4971204706629226,-20.000000000000007
-0.13541503259313709,1.4948226663941324,-20.000000000000007
-0.13559501490126286,1.4971204706629226,-20.000000000000007
-0.13559501490126286,1.4971204706629224,-20.000000000000007
-0.13559501490126288,1.4971204706629226,-20.000000000000007
-0.13559501490126286,1.4971204706629226,-20.000000000000007
-0.13634314369070832,1.4690918166037121,-20.000000000000007
-0.13559501490126286,1.4971204706629224,-20.000000000000007
-0.13559501490126288,1.4971204706629226,-20.000000000000007
-0.13523645424514372,1.4956132648969094,-20.000000000000007
-0.13496974848001758,1.490732776495604,-20.000000000000007
-0.13496593015556188,1.4904004997731792,-20.000000000000007
-0.13496593015556185,1.490400499773179,-20.000000000000007
-0.1316233486773816,1.512553191202664,-20.000000000000007
-0.13160506288298887,1.5132325960306732,-20.000000000000007
-0.1296237382480963,1.5255562980702628,-20.000000000000007
-0.12684286767579064,1.5197244813100856,-20.000000000000007
-0.12540408018203894,1.5225047004235046,-20.000000000000007
-0.12540407940220547,1.5225030507157353,-20.000000000000007
-0.12540407940220547,1.522503050715735,-20.000000000000007
-0.12405129492932988,1.528123060355657,-20.000000000000007
-0.12405129492932988,1.5281230603556573,-20.000000000000007
-0.1254040794022055,1.5225030507157356,-20.000000000000007
-0.12684286767579067,1.5197244813100856,-20.000000000000007
-0.13523645424514372,1.4956132648969096,-20.000000000000007
-0.14975414285615307,1.4356134548649337,-20.000000000000007
-0.17716407672167847,1.5760687284044748,-20.000000000000007
-0.18226034594502277,1.575240624019803,-20.000000000000007
-0.17716407672167847,1.5760687284044745,-20.000000000000007
-0.15098649128259778,1.3992341320455806,-20.000000000000007
-0.13559501490126286,1.4971204706629226,-20.000000000000007
-0.13162334867738157,1.5125531912026637,-20.000000000000007
-0.12962373824809628,1.525556298070263,-20.000000000000007
-0.12962373824809628,1.525556298070263,-20.000000000000007
-0.12962373824809628,1.5255562980702633,-20.000000000000007
-0.13162334867738157,1.512553191202664,-20.000000000000007
-0.13496593015556188,1.4904004997731792,-20.000000000000007
-0.13496593015556185,1.4904004997731792,-20.000000000000007
-0.13523645424514372,1.4956132648969092,-20.000000000000007
-0.13505647193701795,1.4933154606281194,-20.000000000000007
-0.13496593015556185,1.4904004997731792,-20.000000000000007
-0.13496593015556185,1.4904004997731792,-20.000000000000007
-0.13496593015556188,1.4904004997731792,-20.000000000000007
-0.13496593015556188,1.4904004997731792,-20.000000000000007
-0.13496593015556188,1.490400499773179,-20.000000000000007
-0.13496593015556185,1.4904004997731792,-20.000000000000007
-0.1352364542451437,1.4956132648969094,-20.000000000000007
-0.13559501490126286,1.4971204706629226,-20.000000000000007
-0.13774689261824094,1.4138227263361494,-20.000000000000007
-0.1489623238983579,1.441250436214657,-20.000000000000007
-0.13766089245675403,1.4109848407592607,-20.000000000000007
-0.13766089245675403,1.4109848407592605,-20.000000000000007
-0.13559501490126286,1.4971204706629226,-20.000000000000007
-0.1352364542451437,1.4956132648969094,-20.000000000000007
-0.13500799762049986,1.4901723146345818,-20.000000000000007
-0.13496593015556185,1.4904004997731792,-20.000000000000007
-0.13496593015556185,1.4904004997731792,-20.000000000000007
-0.1350079976204999,1.4901723146345818,-20.000000000000007
-0.13496593015556185,1.490400499773179,-20.000000000000007
-0.13500799762049986,1.4901723146345818,-20.000000000000007
-0.1352364542451437,1.4956132648969094,-20.000000000000007
-0.13505647193701792,1.4933154606281194,-20.000000000000007
-0.1363431436907083,1.469091816603712,-20.000000000000007
-0.1363431436907083,1.469091816603712,-20.000000000000007
-0.1363431436907083,1.4690918166037121,-20.000000000000007
-0.1363431436907083,1.469091816603712,-20.000000000000007
-0.13496593015556185,1.4904004997731792,-20.000000000000007
-0.13496593015556188,1.4904004997731792,-20.000000000000007
-0.13559501490126286,1.4971204706629226,-20.000000000000007
-0.14975414285615304,1.435613454864934,-20.000000000000007
-0.1622651465189021,1.479978094344565,-20.000000000000007
-0.16015086704143033,1.4658572207674507,-20.000000000000007
-0.13634314369070832,1.4690918166037121,-20.000000000000007
-0.13162334867738157,1.512553191202664,-20.000000000000007
-0.12684286767579067,1.5197244813100856,-20.000000000000007
-0.12684286767579067,1.5197244813100856,-20.000000000000007
-0.12684286767579064,1.5197244813100856,-20.000000000000007
-0.12540407940220547,1.522503050715735,-20.000000000000007
-0.12684286767579064,1.5197244813100856,-20.000000000000007
-0.13160506288298887,1.5132325960306732,-20.000000000000007
-0.13162334867738157,1.5125531912026637,-20.000000000000007
-0.13496593015556185,1.490400499773179,-20.000000000000007
-0.13496593015556185,1.490400499773179,-20.000000000000007
-0.13496593015556185,1.490400499773179,-20.000000000000007
-0.13162334867738157,1.512553191202664,-20.000000000000007
-0.1316233486773816,1.5125531912026637,-20.000000000000007
-0.13225188883939853,1.5058494988029958,-20.000000000000007
-0.13496593015556188,1.490400499773179,-20.000000000000007
-0.13496593015556188,1.490400499773179,-20.000000000000007
-0.13162334867738157,1.512553191202664,-20.000000000000007
-0.1316233486773816,1.512553191202664,-20.000000000000007
-0.13496593015556185,1.4904004997731792,-20.000000000000007
-0.1360729657172006,1.4831686616984472,-20.000000000000007
-0.14969871320520373,1.437675006587023,-20.000000000000007
-0.14975414285615304,1.4356134548649337,-20.000000000000007
-0.13766089245675406,1.4109848407592605,-20.000000000000007
-0.13523645424514372,1.4956132648969094,-20.000000000000007
-0.13496593015556185,1.4904004997731792,-20.000000000000007
-0.13496593015556185,1.4904004997731792,-20.000000000000007
-0.13496593015556185,1.4904004997731792,-20.000000000000007
-0.13496593015556185,1.490400499773179,-20.000000000000007
-0.13476863983420206,1.4925259133257682,-20.000000000000007
-0.1316195303529259,1.512220914480239,-20.000000000000007
-0.13495605330512836,1.4898632237174256,-20.000000000000007
-0.13495605330512836,1.4898632237174256,-20.000000000000007
-0.13481943428516963,1.4901153512901544,-20.000000000000007
-0.13481943428516963,1.4901153512901542,-20.000000000000007
-0.1319978515984408,1.5085766974431187,-20.000000000000007
-0.13085358821817872,1.508353785429793,-20.000000000000007
-0.12962137119366823,1.5155557931172827,-20.000000000000007
-0.1348194342851696,1.4901153512901544,-20.000000000000007
-0.13496593015556188,1.490400499773179,-20.000000000000007
-0.1352364542451437,1.4956132648969092,-20.000000000000007
-0.1363431436907083,1.4690918166037121,-20.000000000000007
-0.13634314369070832,1.4690918166037121,-20.000000000000007
-0.13766089245675403,1.4109848407592605,-20.000000000000007
-0.13559501490126286,1.4971204706629226,-20.000000000000007
-0.13496593015556188,1.490400499773179,-20.000000000000007
-0.13496593015556185,1.490400499773179,-20.000000000000007
-0.1316195303529259,1.5122209144802392,-20.000000000000007
-0.1316195303529259,1.512220914480239,-20.000000000000007
-0.13495829350665048,1.4897359463283295,-20.000000000000007
-0.1349582935066505,1.4897359463283297,-20.000000000000007
-0.1349582935066505,1.4897359463283295,-20.000000000000007
-0.13495605330512836,1.4898632237174252,-20.000000000000007
-0.13505394683634653,1.4898994611030376,-20.000000000000007
-0.13521384973317274,1.4961177966881398,-20.000000000000007
-0.14969871320520373,1.437675006587023,-20.000000000000007
-0.176942965478157,1.5727431410120187,-20.000000000000007
-0.17337853243457835,1.5519365666422185,-20.000000000000007
-0.16491224342351885,1.4962079272044329,-20.000000000000007
-0.14969871320520375,1.4376750065870232,-20.000000000000007
-0.14969871320520375,1.437675006587023,-20.000000000000007
-0.16226514651890214,1.4799780943445653,-20.000000000000007
-0.16015086704143036,1.4658572207674503,-20.000000000000007
-0.1622651465189021,1.4799780943445653,-20.000000000000007
-0.14969871320520373,1.4376750065870232,-20.000000000000007
-0.13634314369070832,1.4690918166037121,-20.000000000000007
-0.14975414285615304,1.4356134548649337,-20.000000000000007
-0.1727105924878417,1.547567701554894,-20.000000000000007
-0.16015086704143036,1.4658572207674505,-20.000000000000007
-0.14975414285615307,1.435613454864934,-20.000000000000007
-0.1363431436907083,1.469091816603712,-20.000000000000007
-0.13162334867738157,1.512553191202664,-20.000000000000007
-0.12684286767579067,1.5197244813100859,-20.000000000000007
-0.12684286767579067,1.5197244813100856,-20.000000000000007
-0.1254040794022055,1.5225030507157353,-20.000000000000007
-0.12540407940220547,1.522503050715735,-20.000000000000007
-0.1254040794022055,1.5225030507157356,-20.000000000000007
-0.12540407940220547,1.5225030507157356,-20.000000000000007
-0.12540407940220547,1.5225030507157356,-20.000000000000007
-0.1254040794022055,1.5225030507157353,-20.000000000000007
-0.12540407940220547,1.5225030507157353,-20.000000000000007
-0.12540407940220547,1.5225030507157356,-20.000000000000007
-0.12405129492932988,1.5281230603556573,-20.000000000000007
-0.1352364542451437,1.4956132648969092,-20.000000000000007
-0.179509115801908,1.5810607140359072,-20.000000000000007
-0.21896327629267134,1.9297285954014647,-20.000000000000007
-0.2690516382841539,1.736401987789302,-20.000000000000007
-0.28804813937171764,1.573300546805953,-20.000000000000007
-0.32540377672382115,1.499453952330151,-20.000000000000007
-0.3636506440899935,1.502210432621207,-20.000000000000007
-0.38169676203700403,1.4990334879521312,-20.000000000000007
-0.4176836524414479,1.5173330455572003,-20.000000000000007
-0.4376765001498648,1.4201929508847861,-20.000000000000007
-0.44164049424241336,1.4343309440594691,-20.000000000000007
-0.445675322620682,1.4381805012874753,-20.000000000000007
-0.4305286007329786,1.405382497654161,-20.000000000000007
-0.41480469104006434,1.5097724664214403,-20.000000000000007
-0.3969749909415234,1.4987859504518137,-20.000000000000007
-0.38212348218264486,1.5007825535589467,-20.000000000000007
-0.36280122448994445,1.4974091973476513,-20.000000000000007
-0.34293326724738576,1.498482120441853,-20.000000000000007
-0.3287630787145059,1.4982035834538967,-20.000000000000007
-0.3088989161982865,1.5077598400660759,-20.000000000000007
-0.2937230945577858,1.5964980529330168,-20.000000000000007
-0.27790839685100754,1.5064756013616163,-20.000000000000007
-0.2502845554208488,1.7235141714337492,-20.000000000000007
-0.2290840101458849,1.9272000926378035,-20.000000000000007
-0.20404430865962886,1.7471900021231155,-20.000000000000007
-0.19071249072710514,1.5909698512377526,-20.000000000000007
-0.18911923876494982,1.5756732257028956,-20.000000000000007
-0.2011724582994196,1.7057620812394532,-20.000000000000007
-0.21248743473298976,1.8569242044846714,-20.000000000000007
-0.22760144644216082,1.9245423734898095,-20.000000000000007
-0.23644740113158186,1.9186569643032414,-20.000000000000007
-0.2423561646467396,1.8482118997688322,-20.000000000000007
-0.2552692278798069,1.769472750939914,-20.000000000000007
-0.2560112268535011,1.7674513249488975,-20.000000000000007
-0.27638202649131405,1.6148011027896403,-20.000000000000007
-0.2789505387680826,1.5422474317025268,-20.000000000000007
-0.2800532606485674,1.5149366368691366,-20.000000000000007
-0.2801168150266809,1.508126153081086,-20.000000000000007
-0.28011681502668095,1.508126153081086,-20.000000000000007
-0.2825098217916384,1.534826745197063,-20.000000000000007
-0.2802424863224308,1.5048217717977548,-20.000000000000007
-0.28409530427325347,1.552213949056858,-20.000000000000007
-0.2803532329383976,1.5049414149407447,-20.000000000000007
-0.2796505477078005,1.5205278537775686,-20.000000000000007
-0.2654028773994025,1.7666782020762966,-20.000000000000007
-0.24812420006958286,1.7869332679653114,-20.000000000000007
-0.23106341340115907,1.911189215208239,-20.000000000000007
-0.22700039482394935,1.931983712679078,-20.000000000000007
-0.22959559270852004,1.9265005679165845,-20.000000000000007
-0.2648358141067279,1.760182020911433,-20.000000000000007
-0.31996682378754027,1.498772982881888,-20.000000000000007
-0.3464397976636274,1.496548344731205,-20.000000000000007
-0.40055895601831437,1.4948240769130035,-20.000000000000007
-0.42137175589064046,1.4584498942470177,-20.000000000000007
-0.42035720850973224,1.4723648662483406,-20.000000000000007
-0.4292026925046876,1.4131236036743449,-20.000000000000007
-0.40485370671556486,1.4977910022249303,-20.000000000000007
-0.39181564151128867,1.5039955726762309,-20.000000000000007
-0.37879844201786883,1.4987309348648563,-20.000000000000007
-0.3719004112422988,1.4948038122088423,-20.000000000000007
-0.3500692671425215,1.501755500152892,-20.000000000000007
-0.32780678772438865,1.4990833924147988,-20.000000000000007
-0.30129494809984886,1.5420740301523705,-20.000000000000007
-0.2803774808843525,1.5076961034151126,-20.000000000000007
-0.2568529729575088,1.7715237275370592,-20.000000000000007
-0.24874556862336183,1.7709263334737653,-20.000000000000007
-0.22987965334187266,1.925712237895765,-20.000000000000007
-0.18885818653230285,1.5776548930151266,-20.000000000000007
-0.18837473412143407,1.573377960684116,-20.000000000000007
-0.17359964367809985,1.5552621540346743,-20.000000000000007
-0.18226034594502277,1.5752406240198031,-20.000000000000007
-0.20404430865962886,1.7471900021231153,-20.000000000000007
-0.21931127683429322,1.934614313986411,-20.000000000000007
-0.23193210184063526,1.9136144318446475,-20.000000000000007
-0.23595500071689005,1.921576377911016,-20.000000000000007
-0.24812938511712437,1.7856504139612348,-20.000000000000007
-0.24813754997321757,1.786481923865567,-20.000000000000007
-0.25672562427252743,1.772036559913798,-20.000000000000007
-0.2657590791893447,1.7646848463965672,-20.000000000000007
-0.28011681502668095,1.5081261530810859,-20.000000000000007
-0.2819252686870596,1.531872124267723,-20.000000000000007
-0.29761414913926276,1.5825050174610302,-20.000000000000007
-0.2958801853963091,1.592299549068172,-20.000000000000007
-0.30959501476071,1.5051451185337679,-20.000000000000007
-0.3134569033908726,1.5044050371811046,-20.000000000000007
-0.3164907217463612,1.4978964762349727,-20.000000000000007
-0.3186153246588819,1.4997621493726556,-20.000000000000007
-0.2986637062487994,1.5712575073414008,-20.000000000000007
-0.2914781792999133,1.5883460510202576,-20.000000000000007
-0.2552945687623248,1.7683024173113582,-20.000000000000007
-0.24804918561669193,1.7862182972330514,-20.000000000000007
-0.24989147641239964,1.720316611236751,-20.000000000000007
-0.2801168150266809,1.5081261530810859,-20.000000000000007
-0.30858539454617334,1.5081659865607486,-20.000000000000007
-0.3519144373919654,1.4994519078605815,-20.000000000000007
-0.3826409451659656,1.5025716827710967,-20.000000000000007
-0.4131120717914658,1.498876202790738,-20.000000000000007
-0.4212385201780514,1.4605036391538297,-20.000000000000007
-0.42164399041489575,1.455434926212857,-20.000000000000007
-0.42935393275174283,1.4115305141111616,-20.000000000000007
-0.4169791429204954,1.517277560154018,-20.000000000000007
-0.42048927668169284,1.4718388090615753,-20.000000000000007
-0.41120524451490886,1.497660494180415,-20.000000000000007
-0.391992040484768,1.5041966128179332,-20.000000000000007
-0.3719055753643096,1.4948734172483877,-20.000000000000007
-0.3389244925410592,1.500118527386492,-20.000000000000007
-0.3252406256481073,1.4996866582459425,-20.000000000000007
-0.29278353306836896,1.5875191970723042,-20.000000000000007
-0.28011681502668095,1.508126153081086,-20.000000000000007
-0.2503431653625295,1.7113441501340372,-20.000000000000007
-0.22745693797728467,1.9260292721451284,-20.000000000000007
-0.1988532567256356,1.6783739635447605,-20.000000000000007
-0.18842511370101273,1.5738540301251946,-20.000000000000007
-0.18837473412143405,1.5733779606841165,-20.000000000000007
-0.1894245325731731,1.5791548760255545,-20.000000000000007
-0.21248743473298976,1.8569242044846717,-20.000000000000007
-0.21827512813214564,1.9327711581825628,-20.000000000000007
-0.24444734909700808,1.829751632775175,-20.000000000000007
-0.23570267157110544,1.9231586283911628,-20.000000000000007
-0.2563924102826909,1.7678190033798524,-20.000000000000007
-0.24814893385176953,1.7858129224837664,-20.000000000000007
-0.25732642432946917,1.77128158263941,-20.000000000000007
-0.24983746969752976,1.7350726326056742,-20.000000000000007
-0.25666855326715005,1.7687842849762672,-20.000000000000007
-0.25476426811762787,1.7679516941568372,-20.000000000000007
-0.2642130952063654,1.761059651557213,-20.000000000000007
-0.2652341569258957,1.7639317048100187,-20.000000000000007
-0.2689454237351966,1.7353491755139359,-20.000000000000007
-0.27872285999479984,1.5410216059235349,-20.000000000000007
-0.27634946672315597,1.605988911425451,-20.000000000000007
-0.27869757006139995,1.5412398948221346,-20.000000000000007
-0.24770498968745447,1.7812067663578979,-20.000000000000007
-0.2505240863301698,1.7228946145977087,-20.000000000000007
-0.21971733240111876,1.9346251312641953,-20.000000000000007
-0.22959559270852004,1.9265005679165845,-20.000000000000007
-0.24154441301630342,1.8595951610927488,-20.000000000000007
-0.2552406432801047,1.7695258837127656,-20.000000000000007
-0.2850734543906426,1.5353425795332636,-20.000000000000007
-0.32280042362021966,1.499281516672602,-20.000000000000007
-0.37219916582221596,1.497911499652206,-20.000000000000007
-0.4038641958221894,1.4937870049526918,-20.000000000000007
-0.4160893256088709,1.5118513419479502,-20.000000000000007
-0.43440740205159273,1.4029351676830635,-20.000000000000007
-0.4201918607508577,1.4752384581258724,-20.000000000000007
-0.42618838334182113,1.4232137346337992,-20.000000000000007
-0.41510362322704697,1.5058677298664251,-20.000000000000007
-0.4048040816898233,1.4967685237304433,-20.000000000000007
-0.3815377947128517,1.4984810124318346,-20.000000000000007
-0.354918714355079,1.500204278278645,-20.000000000000007
-0.3450015972179274,1.4966559605387046,-20.000000000000007
-0.31003413740983793,1.5043318802934418,-20.000000000000007
-0.3070497638349951,1.5098224678706575,-20.000000000000007
-0.2667028227630229,1.7631502318302432,-20.000000000000007
-0.2484004524256817,1.7706868168948948,-20.000000000000007
-0.21973920250494972,1.937701139422241,-20.000000000000007
-0.18842511370101273,1.5738540301251946,-20.000000000000007
-0.18842511370101273,1.5738540301251946,-20.000000000000007
-0.18837473412143407,1.573377960684116,-20.000000000000007
-0.18942453257317313,1.5791548760255547,-20.000000000000007
-0.1894245325731731,1.5791548760255547,-20.000000000000007
-0.20404430865962883,1.7471900021231155,-20.000000000000007
-0.1894245325731731,1.5791548760255547,-20.000000000000007
-0.19303815211615682,1.6120202560143864,-20.000000000000007
-0.1930381521161568,1.6120202560143864,-20.000000000000007
-0.19585537949812198,1.6384858842004735,-20.000000000000007
-0.21297145694215708,1.8551211557628873,-20.000000000000007
-0.21891940663265874,1.9363504851979805,-20.000000000000007
-0.21973920250494972,1.937701139422241,-20.000000000000007
-0.21971733240111876,1.9346251312641956,-20.000000000000007
-0.21295636326596956,1.8553596150545901,-20.000000000000007
-0.20543402987829712,1.7547684971494615,-20.000000000000007
-0.2111006300913786,1.8362346021145037,-20.000000000000007
-0.1941542021624192,1.6248355056872366,-20.000000000000007
-0.18888897604606417,1.5748627885679038,-20.000000000000007
-0.1894245325731731,1.5791548760255545,-20.000000000000007
-0.1894245325731731,1.5791548760255545,-20.000000000000007
-0.20438912631107453,1.7467571198479008,-20.000000000000007
-0.2261117179537413,1.9301421223050315,-20.000000000000007
-0.2334617539668863,1.927750456192368,-20.000000000000007
-0.26377012238958314,1.7618815459474435,-20.000000000000007
-0.28808649824126326,1.5734067062767982,-20.000000000000007
-0.32716985993222697,1.4993362384014612,-20.000000000000007
-0.3499683655677911,1.5017949036483391,-20.000000000000007
-0.38747857783153955,1.4996801891830813,-20.000000000000007
-0.4050616590496578,1.499865363395425,-20.000000000000007
-0.4102108239201816,1.4974966583467837,-20.000000000000007
-0.4292260628780806,1.4126273412907908,-20.000000000000007
-0.41935666323315723,1.4904278997443692,-20.000000000000007
-0.427379971564114,1.4206990981375007,-20.000000000000007
-0.41812510789731877,1.5090662852791998,-20.000000000000007
-0.4038680853064463,1.4923228234903874,-20.000000000000007
-0.3744593085951898,1.4904717119801865,-20.000000000000007
-0.35394756960168544,1.4996801907616208,-20.000000000000007
-0.33267378904168293,1.4970605878940293,-20.000000000000007
-0.32098138329242143,1.497690301290885,-20.000000000000007
-0.3048365302203368,1.5054126349958046,-20.000000000000007
-0.28610584309337694,1.557260073495935,-20.000000000000007
-0.26635593286668163,1.7603067244530752,-20.000000000000007
-0.22701847162298072,1.9309018468452899,-20.000000000000007
-0.2124874347329898,1.8569242044846714,-20.000000000000007
-0.1822603459450228,1.5752406240198031,-20.000000000000007
-0.18250173051842533,1.5731434678747531,-20.000000000000007
-0.18837473412143407,1.573377960684116,-20.000000000000007
-0.18885818653230282,1.5776548930151264,-20.000000000000007
-0.1894245325731731,1.5791548760255545,-20.000000000000007
-0.2011724582994196,1.705762081239453,-20.000000000000007
-0.20429629129942256,1.750957634344255,-20.000000000000007
-0.21868118369897113,1.9327819754603475,-20.000000000000007
-0.22963178776772736,1.9255344588075163,-20.000000000000007
-0.23417643875453442,1.9292453359712052,-20.000000000000007
-0.24231997439650518,1.8451090692112224,-20.000000000000007
-0.24833256409074483,1.7828733428305619,-20.000000000000007
-0.2451245753003214,1.8178102846905109,-20.000000000000007
-0.25640662047257956,1.7676704339398444,-20.000000000000007
-0.25059534185591864,1.6984670324066027,-20.000000000000007
-0.2487172826348802,1.7574774701356635,-20.000000000000007
-0.26415371413938693,1.7596556714021896,-20.000000000000007
-0.26390256611633,1.7594260505114963,-20.000000000000007
-0.26523415692589575,1.7639317048100192,-20.000000000000007
-0.2586053479830527,1.773680677980318,-20.000000000000007
-0.24431076490960954,1.8291243725315853,-20.000000000000007
-0.21086836437030812,1.8362072935113323,-20.000000000000007
-0.2182751281321456,1.9327711581825626,-20.000000000000007
-0.2208853973376787,1.931145289038375,-20.000000000000007
-0.2481765667947332,1.7875503558582295,-20.000000000000007
-0.2981966019574354,1.5737719881241217,-20.000000000000007
-0.33134478178905613,1.4991095041838363,-20.000000000000007
-0.38445175791997244,1.4987690421511497,-20.000000000000007
-0.4048602966330444,1.4992060014733706,-20.000000000000007
-0.417792297926189,1.5177118522792308,-20.000000000000007
-0.4312482680064328,1.4046862995716016,-20.000000000000007
-0.41860604053637784,1.5090667754291565,-20.000000000000007
-0.41846599135405715,1.5125447850773956,-20.000000000000007
-0.4005204191842796,1.4934251332862358,-20.000000000000007
-0.3725595538880242,1.4942038132791202,-20.000000000000007
-0.3456444353985739,1.496287195469609,-20.000000000000007
-0.33196578750258926,1.4975927891806404,-20.000000000000007
-0.31007614289426416,1.503697337831479,-20.000000000000007
-0.3090336352353068,1.5068264433831877,-20.000000000000007
-0.294493074897525,1.598484401418129,-20.000000000000007
-0.28147973710679575,1.52529738204103,-20.000000000000007
-0.2662579021822576,1.7627013933612916,-20.000000000000007
-0.2194162957036321,1.934944495264261,-20.000000000000007
-0.21248743473298978,1.8569242044846717,-20.000000000000007
-0.1754824483155792,1.5669961652094957,-20.000000000000007
-0.179509115801908,1.5810607140359074,-20.000000000000007
-0.18037490339096798,1.5624216849117094,-20.000000000000007
-0.18837473412143405,1.573377960684116,-20.000000000000007
-0.18885818653230282,1.5776548930151266,-20.000000000000007
-0.2040443086596288,1.7471900021231153,-20.000000000000007
-0.2040443086596288,1.7471900021231155,-20.000000000000007
-0.20404430865962883,1.7471900021231155,-20.000000000000007
-0.20404430865962883,1.7471900021231153,-20.000000000000007
-0.20404430865962883,1.7471900021231157,-20.000000000000007
-0.1956903181330773,1.6387809844399341,-20.000000000000007
-0.2040443086596288,1.7471900021231155,-20.000000000000007
-0.2011724582994196,1.705762081239453,-20.000000000000007
-0.20429629129942256,1.750957634344255,-20.000000000000007
-0.19927599968825094,1.68201699226254,-20.000000000000007
-0.20404430865962886,1.7471900021231155,-20.000000000000007
-0.20117245829941957,1.7057620812394532,-20.000000000000007
-0.2040443086596288,1.7471900021231155,-20.000000000000007
-0.20404430865962883,1.7471900021231153,-20.000000000000007
-0.20404430865962883,1.7471900021231155,-20.000000000000007
-0.2235040363655269,1.9310001143533553,-20.000000000000007
-0.21898340119425475,1.9294106496791945,-20.000000000000007
-0.24745591114738288,1.7986984723556185,-20.000000000000007
-0.25640662047257956,1.767670433939844,-20.000000000000007
-0.2939214314156191,1.5971422552553445,-20.000000000000007
-0.33056941599558176,1.4957987357766171,-20.000000000000007
-0.36768747244859246,1.5009303848727842,-20.000000000000007
-0.38986534378445314,1.5013425742314976,-20.000000000000007
-0.4038148497818602,1.4934947072900853,-20.000000000000007
-0.4130625125966636,1.4987245436518832,-20.000000000000007
-0.41611294929815884,1.511810164803249,-20.000000000000007
-0.4034948620270723,1.4972263122854328,-20.000000000000007
-0.38767885257546564,1.5016939769691018,-20.000000000000007
-0.3518693388769202,1.4990414870906221,-20.000000000000007
-0.3066578652994123,1.511806423664141,-20.000000000000007
-0.27854783151360124,1.4857658922750323,-20.000000000000007
-0.23090645405062973,1.911544970233989,-20.000000000000007
-0.21965703425001756,1.93847326178661,-20.000000000000007
-0.19303815211615682,1.6120202560143864,-20.000000000000007
-0.18942453257317313,1.5791548760255547,-20.000000000000007
-0.1930381521161568,1.6120202560143864,-20.000000000000007
-0.18842511370101273,1.5738540301251949,-20.000000000000007
-0.19885325672563559,1.6783739635447608,-20.000000000000007
-0.18842511370101273,1.5738540301251949,-20.000000000000007
-0.1891192387649498,1.5756732257028956,-20.000000000000007
-0.18888897604606417,1.5748627885679038,-20.000000000000007
-0.18888897604606414,1.5748627885679038,-20.000000000000007
-0.18911923876494982,1.5756732257028956,-20.000000000000007
-0.18942453257317313,1.5791548760255545,-20.000000000000007
-0.2011724582994196,1.7057620812394532,-20.000000000000007
-0.1894245325731731,1.5791548760255547,-20.000000000000007
-0.20464110895086832,1.7505247520690408,-20.000000000000007
-0.19943351421520183,1.6818411216689304,-20.000000000000007
-0.21295636326596953,1.85535961505459,-20.000000000000007
-0.22012880248147476,1.9322960553211455,-20.000000000000007
-0.22578096225884497,1.9282331131689352,-20.000000000000007
-0.23001393624079639,1.9199660783855552,-20.000000000000007
-0.24804881662550363,1.776457960474782,-20.000000000000007
-0.24806055682295058,1.776421669579349,-20.000000000000007
-0.2488058331766391,1.7603722299631284,-20.000000000000007
-0.25612915131637337,1.7656283455078412,-20.000000000000007
-0.2474533007199361,1.7895322353368992,-20.000000000000007
-0.24960873447739032,1.736400872034294,-20.000000000000007
-0.2442148571592545,1.8225172969289045,-20.000000000000007
-0.22611171795374135,1.9301421223050317,-20.000000000000007
-0.21276096579532144,1.8568777380279777,-20.000000000000007
-0.2040443086596288,1.7471900021231153,-20.000000000000007
-0.2259544067033732,1.9324083385227475,-20.000000000000007
-0.2502845554208489,1.7235141714337492,-20.000000000000007
-0.28500616045125055,1.5348786479170937,-20.000000000000007
-0.34253520280844707,1.4979511754005244,-20.000000000000007
-0.3671022468676458,1.5008059319995692,-20.000000000000007
-0.40037209479943425,1.49424242275508,-20.000000000000007
-0.4181745508969387,1.5073492316550123,-20.000000000000007
-0.415001225702823,1.505838327290199,-20.000000000000007
-0.41127224364476833,1.496798665544841,-20.000000000000007
-0.39385576558738733,1.5008508299496466,-20.000000000000007
-0.36820969447377716,1.4997770652351492,-20.000000000000007
-0.3504206971803977,1.503617834433839,-20.000000000000007
-0.3356179247983563,1.4994995620807088,-20.000000000000007
-0.32373333318633923,1.50013872035405,-20.000000000000007
-0.3026329100673684,1.5319900558991006,-20.000000000000007
-0.3020911193405532,1.5362086858776713,-20.000000000000007
-0.27954433484848235,1.5270380397835082,-20.000000000000007
-0.2532420772427509,1.7543170276109916,-20.000000000000007
-0.2344298574576038,1.9279792844521224,-20.000000000000007
-0.1825017305184254,1.5731434678747531,-20.000000000000007
-0.1822603459450228,1.5752406240198034,-20.000000000000007
-0.18037490339096798,1.5624216849117096,-20.000000000000007
-0.1822603459450228,1.5752406240198031,-20.000000000000007
-0.18911923876494982,1.5756732257028956,-20.000000000000007
-0.21931127683429322,1.934614313986411,-20.000000000000007
-0.21204973859417786,1.8497531531648241,-20.000000000000007
-0.22765097951254284,1.9241020799037796,-20.000000000000007
-0.22140461161028016,1.9284170608693034,-20.000000000000007
-0.19944106105329562,1.681721892023079,-20.000000000000007
-0.24233012893262865,1.8479407891859196,-20.000000000000007
-0.22718116820811157,1.9274693190730454,-20.000000000000007
-0.22767639122993133,1.9235422325361597,-20.000000000000007
-0.2537829480098075,1.7680678568789594,-20.000000000000007
-0.22001954989640238,1.9312538054830428,-20.000000000000007
-0.23880095417334019,1.8960244199455638,-20.000000000000007
-0.24343762362120383,1.8364278092211168,-20.000000000000007
-0.2199893625440272,1.931730724066448,-20.000000000000007
-0.2553149347624128,1.7677128403807043,-20.000000000000007
-0.24833768122779112,1.774006680074291,-20.000000000000007
-0.253178855171161,1.7537149539383063,-20.000000000000007
-0.2568884798137073,1.768585278245372,-20.000000000000007
-0.23452608175534845,1.9293173658082714,-20.000000000000007
-0.24745591114738286,1.7986984723556187,-20.000000000000007
-0.2503836637376047,1.7099445186385254,-20.000000000000007
-0.25845357790416257,1.7754936138872344,-20.000000000000007
-0.2880481393717176,1.573300546805953,-20.000000000000007
-0.30757630387103396,1.509276746359918,-20.000000000000007
-0.3386199891265181,1.5002470981079516,-20.000000000000007
-0.3636151747632792,1.5028702210165314,-20.000000000000007
-0.3803373207759315,1.4992666834827815,-20.000000000000007
-0.3994977549070347,1.4937815030729376,-20.000000000000007
-0.382645778183696,1.5024532460070126,-20.000000000000007
-0.3744593085951898,1.4904717119801865,-20.000000000000007
-0.3532676085809935,1.5005698648643966,-20.000000000000007
-0.3440485057291901,1.4984503036808872,-20.000000000000007
-0.3355466371901669,1.5006753361893117,-20.000000000000007
-0.33288053577805704,1.4970995717113165,-20.000000000000007
-0.3198251703822356,1.4999916232952821,-20.000000000000007
-0.30926687090670857,1.5058506663872815,-20.000000000000007
-0.29428086603757053,1.5991142759508914,-20.000000000000007
-0.28402558979585685,1.5506902601257062,-20.000000000000007
-0.2798338404413626,1.522816308777059,-20.000000000000007
-0.2502845554208488,1.7235141714337492,-20.000000000000007
-0.24527764217723233,1.823694982129578,-20.000000000000007
-0.21204973859417786,1.8497531531648241,-20.000000000000007
-0.21023380688351329,1.8304416245211916,-20.000000000000007
-0.19303815211615682,1.6120202560143864,-20.000000000000007
-0.21248743473298976,1.8569242044846714,-20.000000000000007
-0.21204973859417786,1.8497531531648241,-20.000000000000007
-0.2276014464421608,1.9245423734898095,-20.000000000000007
-0.2276014464421608,1.9245423734898097,-20.000000000000007
-0.23440823261138902,1.9331740021179948,-20.000000000000007
-0.23193210184063526,1.9136144318446473,-20.000000000000007
-0.23221218850777522,1.9098485593608459,-20.000000000000007
-0.23109118677912768,1.9121435701494511,-20.000000000000007
-0.22725815115555778,1.9273187281239847,-20.000000000000007
-0.2202822389994352,1.9396231885002955,-20.000000000000007
-0.2182751281321456,1.9327711581825628,-20.000000000000007
-0.21023380688351329,1.8304416245211914,-20.000000000000007
-0.21248743473298976,1.8569242044846717,-20.000000000000007
-0.21023380688351326,1.8304416245211912,-20.000000000000007
-0.2182751281321456,1.9327711581825628,-20.000000000000007
-0.21248743473298978,1.8569242044846714,-20.000000000000007
-0.21248743473298976,1.8569242044846717,-20.000000000000007
-0.21827512813214564,1.9327711581825628,-20.000000000000007
-0.1891192387649498,1.5756732257028958,-20.000000000000007
-0.2040443086596288,1.7471900021231155,-20.000000000000007
-0.19303815211615682,1.6120202560143864,-20.000000000000007
-0.2208853973376787,1.931145289038375,-20.000000000000007
-0.2622244129079738,1.7669539857930756,-20.000000000000007
-0.31266987526589984,1.5032919950963552,-20.000000000000007
-0.3461414254059886,1.496282179298496,-20.000000000000007
-0.384595899863133,1.5003306358339248,-20.000000000000007
-0.415001225702823,1.5058383272901987,-20.000000000000007
-0.4160893256088709,1.5118513419479505,-20.000000000000007
-0.4131120717914658,1.4988762027907383,-20.000000000000007
-0.39218277429151394,1.5047390218032286,-20.000000000000007
-0.3650625775969067,1.5019356875175043,-20.000000000000007
-0.34708806918753266,1.4976886728086782,-20.000000000000007
-0.3392191300715745,1.4997899005689306,-20.000000000000007
-0.32891485097753465,1.496515356791877,-20.000000000000007
-0.31554673464532235,1.4955281786636154,-20.000000000000007
-0.30458345399411885,1.5045726073313417,-20.000000000000007
-0.28430168384576776,1.5549611531460616,-20.000000000000007
-0.2761817758897315,1.6138523993466576,-20.000000000000007
-0.24806055682295058,1.776421669579349,-20.000000000000007
-0.22163643964983373,1.9348203193043672,-20.000000000000007
-0.18888897604606414,1.5748627885679038,-20.000000000000007
-0.180374903390968,1.5624216849117092,-20.000000000000007
-0.1735996436780998,1.5552621540346743,-20.000000000000007
-0.17825534106184446,1.5837285229747722,-20.000000000000007
-0.17950911580190798,1.5810607140359072,-20.000000000000007
-0.1883747341214341,1.573377960684116,-20.000000000000007
-0.18837473412143405,1.5733779606841163,-20.000000000000007
-0.18888897604606417,1.574862788567904,-20.000000000000007
-0.1894245325731731,1.5791548760255545,-20.000000000000007
-0.18885818653230285,1.5776548930151266,-20.000000000000007
-0.19943351421520183,1.6818411216689304,-20.000000000000007
-0.1929599593221181,1.6082361324678602,-20.000000000000007
-0.18942453257317313,1.5791548760255547,-20.000000000000007
-0.20404430865962883,1.7471900021231153,-20.000000000000007
-0.1894245325731731,1.5791548760255543,-20.000000000000007
-0.19927599968825094,1.68201699226254,-20.000000000000007
-0.20404430865962883,1.747190002123115,-20.000000000000007
-0.20404430865962883,1.7471900021231155,-20.000000000000007
-0.20404430865962883,1.7471900021231153,-20.000000000000007
-0.21023380688351329,1.8304416245211912,-20.000000000000007
-0.21204973859417786,1.849753153164824,-20.000000000000007
-0.21204973859417786,1.8497531531648241,-20.000000000000007
-0.2261117179537413,1.9301421223050317,-20.000000000000007
-0.221465264325651,1.9306074444407773,-20.000000000000007
-0.24523014811134553,1.8183240231139262,-20.000000000000007
-0.2674390899609496,1.7588176811074245,-20.000000000000007
-0.307158243402049,1.50958646789031,-20.000000000000007
-0.3544907503751048,1.4995359015571132,-20.000000000000007
-0.37690860718194813,1.4920946990854367,-20.000000000000007
-0.41275585615948013,1.4979841301370087,-20.000000000000007
-0.4246887336824343,1.4334749744817021,-20.000000000000007
-0.4178136864828722,1.5184092610214814,-20.000000000000007
-0.4246887336824343,1.433474974481702,-20.000000000000007
-0.4051546547719842,1.5001632044078974,-20.000000000000007
-0.3941796014302738,1.499785853152987,-20.000000000000007
-0.3833009492027091,1.5030004261954617,-20.000000000000007
-0.36275055744426477,1.501178096280019,-20.000000000000007
-0.33842388313657557,1.5003663268173812,-20.000000000000007
-0.307158243402049,1.50958646789031,-20.000000000000007
-0.28059149327159716,1.510267635465585,-20.000000000000007
-0.2550159657932863,1.766458010046581,-20.000000000000007
-0.22910974614401128,1.9212770219017479,-20.000000000000007
-0.19433249470145758,1.6242792335113938,-20.000000000000007
-0.1806700006820344,1.5594198148107745,-20.000000000000007
-0.17337853243457835,1.551936566642219,-20.000000000000007
-0.16015086704143036,1.4658572207674507,-20.000000000000007
-0.17950911580190798,1.5810607140359072,-20.000000000000007
-0.17950911580190804,1.5810607140359072,-20.000000000000007
-0.20404430865962883,1.7471900021231153,-20.000000000000007
-0.20404430865962883,1.7471900021231155,-20.000000000000007
-0.22903447707550284,1.9276403862238336,-20.000000000000007
-0.22959559270852006,1.9265005679165847,-20.000000000000007
-0.23205591066668438,1.9145405651713738,-20.000000000000007
-0.24753611064781533,1.7981305890838024,-20.000000000000007
-0.24352941008181267,1.8371727099357726,-20.000000000000007
-0.25599926030939885,1.7682132022059605,-20.000000000000007
-0.2482266851950964,1.7872190292026697,-20.000000000000007
-0.25524064328010465,1.7695258837127659,-20.000000000000007
-0.23889206048921907,1.8949852356181967,-20.000000000000007
-0.24444734909700808,1.829751632775175,-20.000000000000007
-0.23060168877451886,1.9140944014911363,-20.000000000000007
-0.2320559106666844,1.9145405651713738,-20.000000000000007
-0.22959559270852004,1.9265005679165847,-20.000000000000007
-0.22903447707550284,1.9276403862238336,-20.000000000000007
-0.22760144644216082,1.9245423734898095,-20.000000000000007
-0.21248743473298978,1.8569242044846717,-20.000000000000007
-0.2185133510658332,1.936339667920196,-20.000000000000007
-0.2040443086596288,1.7471900021231153,-20.000000000000007
-0.2182751281321456,1.9327711581825628,-20.000000000000007
-0.2412992099234868,1.8633257096035758,-20.000000000000007
-0.2790418615852196,1.4658209857437952,-20.000000000000007
-0.33050886104081034,1.4966846039188701,-20.000000000000007
-0.3613496769325759,1.49635359306362,-20.000000000000007
-0.4049077818608189,1.5000883029663084,-20.000000000000007
-0.4194430518816683,1.4882839640349268,-20.000000000000007
-0.4161129492981589,1.511810164803249,-20.000000000000007
-0.4177922979261891,1.5177118522792308,-20.000000000000007
-0.4070133410458315,1.4995248557923948,-20.000000000000007
-0.4019731862321809,1.494323092287781,-20.000000000000007
-0.4068816327020164,1.4996860993427672,-20.000000000000007
-0.39949775490703476,1.4937815030729376,-20.000000000000007
-0.37170759134861386,1.496933611426328,-20.000000000000007
-0.36060415402804746,1.4996672443548293,-20.000000000000007
-0.3213435983191084,1.4974892924524281,-20.000000000000007
-0.3122907122255058,1.5046696157310329,-20.000000000000007
-0.2842583506786673,1.5552111529007744,-20.000000000000007
-0.2563480765567966,1.7647460608830383,-20.000000000000007
-0.23440823261138902,1.9331740021179948,-20.000000000000007
-0.1888889760460642,1.574862788567904,-20.000000000000007
-0.17933485877093766,1.5832655028315095,-20.000000000000007
-0.17359964367809982,1.5552621540346743,-20.000000000000007
-0.17271059248784174,1.5475677015548939,-20.000000000000007
-0.18226034594502277,1.575240624019803,-20.000000000000007
-0.18842511370101275,1.5738540301251946,-20.000000000000007
-0.19303815211615682,1.6120202560143864,-20.000000000000007
-0.2191828743993791,1.9330131912614092,-20.000000000000007
-0.21898340119425475,1.9294106496791947,-20.000000000000007
-0.23099871432503816,1.9110800623980295,-20.000000000000007
-0.22611171795374135,1.9301421223050317,-20.000000000000007
-0.24431076490960957,1.8291243725315853,-20.000000000000007
-0.2290706721347102,1.9266742771147651,-20.000000000000007
-0.23193210184063523,1.9136144318446475,-20.000000000000007
-0.2208853973376787,1.931145289038375,-20.000000000000007
-0.21851335106583322,1.936339667920196,-20.000000000000007
-0.21023380688351323,1.8304416245211912,-20.000000000000007
-0.21941629570363208,1.934944495264261,-20.000000000000007
-0.21354432849926214,1.8745224789689292,-20.000000000000007
-0.21931127683429325,1.9346143139864107,-20.000000000000007
-0.21248743473298978,1.8569242044846717,-20.000000000000007
-0.19315943252724244,1.6118386740500745,-20.000000000000007
-0.2294331672454811,1.9227050061108053,-20.000000000000007
-0.22022514570381868,1.9305132770558282,-20.000000000000007
-0.25700492402274255,1.76858081034675,-20.000000000000007
-0.2819252686870596,1.531872124267723,-20.000000000000007
-0.31554673464532235,1.4955281786636154,-20.000000000000007
-0.3442676016069174,1.4980313150968187,-20.000000000000007
-0.381696762037004,1.499033487952131,-20.000000000000007
-0.40358483108585447,1.4952416525702592,-20.000000000000007
-0.4034948620270723,1.4972263122854328,-20.000000000000007
-0.4168645708965859,1.5163805579080654,-20.000000000000007
-0.40458638650667594,1.4953751432521747,-20.000000000000007
-0.4049846509525832,1.4993612642310938,-20.000000000000007
-0.4035196596256286,1.4970491241462656,-20.000000000000007
-0.3911231558521962,1.5037090053803128,-20.000000000000007
-0.3694393921813809,1.5010424237351683,-20.000000000000007
-0.3453298942442132,1.496651681358351,-20.000000000000007
-0.3286019852307085,1.4967893332983533,-20.000000000000007
-0.3025413358676734,1.5336593934785085,-20.000000000000007
-0.2828016189900616,1.5368675710272242,-20.000000000000007
-0.2535224095574238,1.7633700775719912,-20.000000000000007
-0.22165365018388805,1.934937894292791,-20.000000000000007
-0.18842511370101273,1.5738540301251946,-20.000000000000007
-0.17716407672167844,1.5760687284044745,-20.000000000000007
-0.15098649128259778,1.3992341320455803,-20.000000000000007
-0.17825534106184443,1.5837285229747724,-20.000000000000007
-0.1791738607280204,1.5901780441278879,-20.000000000000007
-0.18837473412143407,1.5733779606841163,-20.000000000000007
-0.1891192387649498,1.5756732257028958,-20.000000000000007
-0.18942453257317313,1.5791548760255547,-20.000000000000007
-0.2120497385941779,1.8497531531648241,-20.000000000000007
-0.2011724582994196,1.7057620812394532,-20.000000000000007
-0.21851335106583322,1.9363396679201963,-20.000000000000007
-0.2040443086596288,1.7471900021231155,-20.000000000000007
-0.2182751281321456,1.9327711581825626,-20.000000000000007
-0.2040443086596288,1.7471900021231153,-20.000000000000007
-0.21931127683429325,1.934614313986411,-20.000000000000007
-0.2124874347329898,1.8569242044846714,-20.000000000000007
-0.2276014464421608,1.9245423734898095,-20.000000000000007
-0.22735754456642124,1.9266740001345566,-20.000000000000007
-0.2452776421772323,1.8236949821295778,-20.000000000000007
-0.24745591114738286,1.7986984723556185,-20.000000000000007
-0.2489153828132651,1.7500325613062624,-20.000000000000007
-0.2502146075458029,1.7059542765338849,-20.000000000000007
-0.21896327629267137,1.9297285954014647,-20.000000000000007
-0.22100492468319627,1.9329836950429968,-20.000000000000007
-0.18885818653230282,1.5776548930151268,-20.000000000000007
-0.2182751281321456,1.9327711581825628,-20.000000000000007
-0.24406813897134633,1.8320885388102743,-20.000000000000007
-0.28312949508500285,1.5188264880622553,-20.000000000000007
-0.31550812906409614,1.4949157633151202,-20.000000000000007
-0.36759471184604764,1.5018600152669495,-20.000000000000007
-0.40345407134443034,1.4985746155557251,-20.000000000000007
-0.4068816327020163,1.499686099342767,-20.000000000000007
-0.4211219474264712,1.459955625014826,-20.000000000000007
-0.4204460823574373,1.4729107769162963,-20.000000000000007
-0.4128764861894786,1.4974274455342231,-20.000000000000007
-0.4144214147978721,1.5038006128554438,-20.000000000000007
-0.3820305314523755,1.5014244105458374,-20.000000000000007
-0.35079790914534037,1.4993365639641278,-20.000000000000007
-0.31201784842440583,1.5042001719344675,-20.000000000000007
-0.28054120207314137,1.5045931605203238,-20.000000000000007
-0.25696952783790616,1.768124793029529,-20.000000000000007
-0.23894033178909882,1.8890659890283579,-20.000000000000007
-0.22905988580352987,1.9214814563051459,-20.000000000000007
-0.1931594325272424,1.6118386740500747,-20.000000000000007
-0.18837473412143407,1.573377960684116,-20.000000000000007
-0.17917386072802038,1.5901780441278879,-20.000000000000007
-0.179509115801908,1.5810607140359074,-20.000000000000007
-0.1825017305184254,1.573143467874753,-20.000000000000007
-0.2040443086596288,1.7471900021231155,-20.000000000000007
-0.21941629570363208,1.934944495264261,-20.000000000000007
-0.22745693797728467,1.9260292721451284,-20.000000000000007
-0.22959559270852004,1.9265005679165847,-20.000000000000007
-0.23358586926747643,1.9295563077585556,-20.000000000000007
-0.23090645405062976,1.9115449702339893,-20.000000000000007
-0.2309987143250381,1.9110800623980295,-20.000000000000007
-0.22088539733767876,1.931145289038375,-20.000000000000007
-0.2368081958155418,1.9141570200209541,-20.000000000000007
-0.21248743473298976,1.8569242044846717,-20.000000000000007
-0.22992079293499196,1.9267144829893357,-20.000000000000007
-0.2259544067033732,1.9324083385227475,-20.000000000000007
-0.2369819509587088,1.91396492739013,-20.000000000000007
-0.24950546769882767,1.7506184474221236,-20.000000000000007
-0.2645551533522055,1.7623413099094312,-20.000000000000007
-0.26747720503506683,1.7595107317757797,-20.000000000000007
-0.27623757514923714,1.6097422061583702,-20.000000000000007
-0.27965054770780057,1.5205278537775686,-20.000000000000007
-0.2503836637376047,1.7099445186385251,-20.000000000000007
-0.25515546662272803,1.7670831900290072,-20.000000000000007
-0.24745070868356128,1.7898376471194524,-20.000000000000007
-0.2809177562160864,1.5101713202633242,-20.000000000000007
-0.31861532465888187,1.4997621493726554,-20.000000000000007
-0.3688300472295174,1.4995267987339806,-20.000000000000007
-0.41779229792618905,1.5177118522792306,-20.000000000000007
-0.43576391263362013,1.404521425112352,-20.000000000000007
-0.44601893776896673,1.4395169590887802,-20.000000000000007
-0.4612058431739949,1.3688590926865505,-20.000000000000007
-0.4582764209603828,1.393874494771547,-20.000000000000007
-0.45830403759183047,1.3927388068873505,-20.000000000000007
-0.446143346026985,1.438495890310517,-20.000000000000007
-0.4260163889975703,1.4220244127862136,-20.000000000000007
-0.3989986990038685,1.4939906435312829,-20.000000000000007
-0.38188300064553227,1.5001020895040382,-20.000000000000007
-0.355157920366294,1.500181791846732,-20.000000000000007
-0.34293439352724375,1.4993336978443619,-20.000000000000007
-0.3134569033908726,1.5044050371811046,-20.000000000000007
-0.28380940378536984,1.5500685669769647,-20.000000000000007
-0.2779083968510076,1.5064756013616165,-20.000000000000007
-0.23090645405062976,1.911544970233989,-20.000000000000007
-0.22028223899943516,1.9396231885002955,-20.000000000000007
-0.18942453257317313,1.5791548760255547,-20.000000000000007
-0.18226034594502277,1.5752406240198031,-20.000000000000007
-0.18888897604606417,1.574862788567904,-20.000000000000007
-0.2040443086596288,1.7471900021231155,-20.000000000000007
-0.2185133510658332,1.9363396679201963,-20.000000000000007
-0.25493350224142575,1.7718608969257508,-20.000000000000007
-0.2368081958155418,1.9141570200209541,-20.000000000000007
-0.2560307117717766,1.7677522223127284,-20.000000000000007
-0.24812938511712435,1.7856504139612348,-20.000000000000007
-0.24894779568029932,1.7654260612210055,-20.000000000000007
-0.2553372520357342,1.767855612558387,-20.000000000000007
-0.2605149991014738,1.769851441186115,-20.000000000000007
-0.2670181665447029,1.7669985112019295,-20.000000000000007
-0.26059638264900914,1.7692901537939743,-20.000000000000007
-0.28730523098226285,1.570188072106489,-20.000000000000007
-0.2786975700613999,1.5412398948221349,-20.000000000000007
-0.30704219493411367,1.509894082739065,-20.000000000000007
-0.2855148121073891,1.5631726242681474,-20.000000000000007
-0.292783533068369,1.5875191970723042,-20.000000000000007
-0.2840255897958569,1.5506902601257058,-20.000000000000007
-0.25282111444491556,1.7411105378414136,-20.000000000000007
-0.2535975437797336,1.767748266302428,-20.000000000000007
-0.21941629570363208,1.9349444952642607,-20.000000000000007
-0.2309987143250381,1.9110800623980295,-20.000000000000007
-0.2502845554208488,1.7235141714337492,-20.000000000000007
-0.28247730946334776,1.5068376726865909,-20.000000000000007
-0.3202876157699306,1.499978158351574,-20.000000000000007
-0.37483238204906455,1.4925029766087148,-20.000000000000007
-0.404438138870438,1.4914017931945898,-20.000000000000007
-0.4367661839415373,1.4131860314416527,-20.000000000000007
-0.4706826282662672,1.3405569012402885,-20.000000000000007
-0.4725053898881518,1.3350645416853635,-20.000000000000007
-0.47342350092160645,1.335551916622813,-20.000000000000007
-0.45835314968212826,1.3920198556264223,-20.000000000000007
-0.4212385201780515,1.4605036391538295,-20.000000000000007
-0.3898653437844532,1.5013425742314976,-20.000000000000007
-0.3544907503751048,1.4995359015571132,-20.000000000000007
-0.29718105039475745,1.5871560875899227,-20.000000000000007
-0.2623045057661836,1.7646516491463298,-20.000000000000007
-0.23634290527053528,1.9142200580008786,-20.000000000000007
-0.2274032380618864,1.9197471201459864,-20.000000000000007
-0.22210370765748003,1.9268854239907218,-20.000000000000007
-0.22771094610446072,1.9193006230995664,-20.000000000000007
-0.2120497385941779,1.849753153164824,-20.000000000000007
-0.18837473412143407,1.5733779606841163,-20.000000000000007
-0.2040443086596288,1.7471900021231153,-20.000000000000007
-0.18226034594502277,1.575240624019803,-20.000000000000007
-0.18888897604606414,1.5748627885679038,-20.000000000000007
-0.1888889760460642,1.574862788567904,-20.000000000000007
-0.18885818653230288,1.5776548930151268,-20.000000000000007
-0.21204973859417786,1.8497531531648241,-20.000000000000007
-0.19927599968825094,1.6820169922625399,-20.000000000000007
-0.21248743473298978,1.8569242044846717,-20.000000000000007
-0.20429629129942256,1.750957634344255,-20.000000000000007
-0.1930381521161568,1.6120202560143866,-20.000000000000007
-0.22745693797728467,1.9260292721451286,-20.000000000000007
-0.21931127683429322,1.934614313986411,-20.000000000000007
-0.2319692397184688,1.9142976453010254,-20.000000000000007
-0.22016792406061553,1.9410595970279603,-20.000000000000007
-0.19254888845149612,1.6080217107239954,-20.000000000000007
-0.22117610000737895,1.937196569906587,-20.000000000000007
-0.21179073764840278,1.8465650450094246,-20.000000000000007
-0.23614757772495212,1.9207959698853627,-20.000000000000007
-0.22725815115555775,1.9273187281239847,-20.000000000000007
-0.20404430865962883,1.7471900021231153,-20.000000000000007
-0.21827512813214564,1.9327711581825626,-20.000000000000007
-0.20438912631107456,1.746757119847901,-20.000000000000007
-0.2537028219436905,1.7646791922144858,-20.000000000000007
-0.29611661702009706,1.5918471476143716,-20.000000000000007
-0.3420499818463595,1.4977883328875292,-20.000000000000007
-0.38138498063194676,1.4992378804840945,-20.000000000000007
-0.41447048107295564,1.5040326381263167,-20.000000000000007
-0.424738093499821,1.433353462240678,-20.000000000000007
-0.4561809563942913,1.3792211755370718,-20.000000000000007
-0.47548344589422,1.338106999587213,-20.000000000000007
-0.47264979359540293,1.3355224808704982,-20.000000000000007
-0.4699760473127458,1.3435670220873497,-20.000000000000007
-0.4351430335552955,1.40535626419706,-20.000000000000007
-0.4122833024407927,1.497097575951078,-20.000000000000007
-0.37732652628987595,1.4977596221932836,-20.000000000000007
-0.36191520668279525,1.4982028825644298,-20.000000000000007
-0.32436039732463007,1.4994598410928102,-20.000000000000007
-0.3090730473186497,1.5076237977683649,-20.000000000000007
-0.2850061604512506,1.534878647917094,-20.000000000000007
-0.27702138131845955,1.5300788191826162,-20.000000000000007
-0.2607120458548565,1.7689219818937816,-20.000000000000007
-0.23090645405062976,1.911544970233989,-20.000000000000007
-0.220147146048528,1.9414399986101936,-20.000000000000007
-0.18837473412143407,1.5733779606841163,-20.000000000000007
-0.1822603459450228,1.575240624019803,-20.000000000000007
-0.17950911580190798,1.5810607140359074,-20.000000000000007
-0.1822603459450228,1.575240624019803,-20.000000000000007
-0.18226034594502277,1.575240624019803,-20.000000000000007
-0.18842511370101275,1.5738540301251946,-20.000000000000007
-0.18226034594502277,1.5752406240198031,-20.000000000000007
-0.18885818653230285,1.5776548930151266,-20.000000000000007
-0.18837473412143407,1.573377960684116,-20.000000000000007
-0.18888897604606414,1.5748627885679038,-20.000000000000007
-0.1891192387649498,1.5756732257028958,-20.000000000000007
-0.19316194813994034,1.6117989308347909,-20.000000000000007
-0.18942453257317313,1.5791548760255545,-20.000000000000007
-0.1994335142152018,1.6818411216689304,-20.000000000000007
-0.19315943252724238,1.6118386740500745,-20.000000000000007
-0.2046848233590407,1.7442442470352897,-20.000000000000007
-0.1866390278406637,1.6098678309301002,-20.000000000000007
-0.200229111530989,1.743084535206455,-20.000000000000007
-0.200229111530989,1.7430845352064548,-20.000000000000007
-0.18154410935381965,1.569100175690836,-20.000000000000007
-0.1894553220869344,1.576362771578332,-20.000000000000007
-0.18226034594502277,1.575240624019803,-20.000000000000007
-0.19071249072710517,1.5909698512377528,-20.000000000000007
-0.2309987143250381,1.9110800623980295,-20.000000000000007
-0.2571237735630304,1.7708242970558312,-20.000000000000007
-0.2992599492840616,1.563841822766749,-20.000000000000007
-0.34867384767591414,1.4997092062388866,-20.000000000000007
-0.37267695904681314,1.4939637618027055,-20.000000000000007
-0.4120042800513369,1.4970736597367584,-20.000000000000007
-0.43702917159080457,1.4169797434129334,-20.000000000000007
-0.43576391263362,1.404521425112352,-20.000000000000007
-0.43479317051147975,1.4029872964151993,-20.000000000000007
-0.42935393275174283,1.4115305141111618,-20.000000000000007
-0.4161129492981589,1.5118101648032491,-20.000000000000007
-0.4169791429204954,1.517277560154018,-20.000000000000007
-0.3958122462886201,1.4990503505018986,-20.000000000000007
-0.36746442643831195,1.5032213572752287,-20.000000000000007
-0.3224168513305094,1.4973858402039375,-20.000000000000007
-0.2858135332844407,1.5638558567873995,-20.000000000000007
-0.2627683503050382,1.7648477377317,-20.000000000000007
-0.2365006027334134,1.9143753624293747,-20.000000000000007
-0.22090647214137543,1.9372251416090738,-20.000000000000007
-0.179509115801908,1.5810607140359072,-20.000000000000007
-0.17825534106184446,1.5837285229747724,-20.000000000000007
-0.14975414285615307,1.4356134548649337,-20.000000000000007
-0.17825534106184446,1.5837285229747724,-20.000000000000007
-0.18885818653230285,1.5776548930151266,-20.000000000000007
-0.2040443086596288,1.7471900021231153,-20.000000000000007
-0.22903447707550284,1.9276403862238338,-20.000000000000007
-0.2259544067033732,1.9324083385227475,-20.000000000000007
-0.2498374696975298,1.7350726326056738,-20.000000000000007
-0.24527764217723236,1.8236949821295778,-20.000000000000007
-0.2536089634006514,1.7675942431373228,-20.000000000000007
-0.24525055479274446,1.823059234225131,-20.000000000000007
-0.22140461161028013,1.9284170608693039,-20.000000000000007
-0.21918287439937909,1.9330131912614092,-20.000000000000007
-0.2186811836989711,1.9327819754603477,-20.000000000000007
-0.24749479559217244,1.799040098782111,-20.000000000000007
-0.2661953718229271,1.763095142801057,-20.000000000000007
-0.2822484057017066,1.53669832508318,-20.000000000000007
-0.292783533068369,1.5875191970723042,-20.000000000000007
-0.2859741591518499,1.5657933033163327,-20.000000000000007
-0.29564574900886464,1.5926551084486407,-20.000000000000007
-0.28742768842195043,1.5707318059949422,-20.000000000000007
-0.2661049531251819,1.761836475169007,-20.000000000000007
-0.26747720503506683,1.7595107317757792,-20.000000000000007
-0.235504275510917,1.918890541091363,-20.000000000000007
-0.2799303887599006,1.5136879349395191,-20.000000000000007
-0.313613742476464,1.505736453554661,-20.000000000000007
-0.3534478536442482,1.5011870803113496,-20.000000000000007
-0.39793169274749207,1.4964338925759118,-20.000000000000007
-0.4211780402607732,1.4602972491002633,-20.000000000000007
-0.4462830808714442,1.4362832873211353,-20.000000000000007
-0.4557521219577353,1.3791556669418428,-20.000000000000007
-0.4554363485528172,1.3784689786246014,-20.000000000000007
-0.44600625806718575,1.4394008205714908,-20.000000000000007
-0.44316633213833423,1.4443340720638551,-20.000000000000007
-0.4379188490522993,1.4223330320143013,-20.000000000000007
-0.4270875555353649,1.4192000352284382,-20.000000000000007
-0.39257584517669813,1.5040748809190956,-20.000000000000007
-0.34603978836883453,1.4969422054379538,-20.000000000000007
-0.30458345399411885,1.504572607331342,-20.000000000000007
-0.2637650896695065,1.7624734414920689,-20.000000000000007
-0.24894779568029934,1.7654260612210055,-20.000000000000007
-0.22044999117975683,1.934300887703589,-20.000000000000007
-0.20437906386028282,1.746916092709036,-20.000000000000007
-0.1822603459450228,1.575240624019803,-20.000000000000007
-0.17337853243457835,1.551936566642219,-20.000000000000007
-0.1489623238983579,1.441250436214657,-20.000000000000007
-0.1601508670414304,1.4658572207674507,-20.000000000000007
-0.14975415741304388,1.4356391577721639,-20.000000000000007
-0.179509115801908,1.5810607140359072,-20.000000000000007
-0.1822603459450228,1.575240624019803,-20.000000000000007
-0.18842511370101275,1.5738540301251944,-20.000000000000007
-0.2040443086596288,1.7471900021231155,-20.000000000000007
-0.2040443086596288,1.7471900021231157,-20.000000000000007
-0.22096168538854577,1.9359203816877502,-20.000000000000007
-0.21922162412794233,1.9329791594168277,-20.000000000000007
-0.22171818828939022,1.9373289534703138,-20.000000000000007
-0.21248743473298978,1.8569242044846712,-20.000000000000007
-0.22001954989640232,1.9312538054830426,-20.000000000000007
-0.2124774017858964,1.8482623387946076,-20.000000000000007
-0.2216719125832777,1.9345972359258408,-20.000000000000007
-0.22718970569461583,1.92432977783546,-20.000000000000007
-0.23716499547778627,1.9034434248714716,-20.000000000000007
-0.24368022622945001,1.822530620071588,-20.000000000000007
-0.2444468331072167,1.8145508910196502,-20.000000000000007
-0.23605069297327175,1.9135828619200248,-20.000000000000007
-0.22718116820811157,1.9274693190730454,-20.000000000000007
-0.22992079293499196,1.9267144829893357,-20.000000000000007
-0.21868118369897113,1.9327819754603475,-20.000000000000007
-0.25493350224142575,1.7718608969257508,-20.000000000000007
-0.2791294503324053,1.462489622501303,-20.000000000000007
-0.316495387051163,1.4967308033201527,-20.000000000000007
-0.3580806977004156,1.500907536179386,-20.000000000000007
-0.39207666326544544,1.505432870804663,-20.000000000000007
-0.41906990528591576,1.4982068757347924,-20.000000000000007
-0.42833803365954254,1.4221407955758338,-20.000000000000007
-0.4389026867873874,1.4297911652607664,-20.000000000000007
-0.4371311222704687,1.4201073656724148,-20.000000000000007
-0.4361377674481064,1.406576622275695,-20.000000000000007
-0.42960455204772907,1.4126394227380872,-20.000000000000007
-0.41300117310797857,1.4973469145919571,-20.000000000000007
-0.3725991380708589,1.4941785408583974,-20.000000000000007
-0.33817102773319274,1.4998149808893975,-20.000000000000007
-0.30470319166721316,1.5060270850552286,-20.000000000000007
-0.28162484506862717,1.5197951879830631,-20.000000000000007
-0.26427532097575235,1.7617360438575704,-20.000000000000007
-0.24965204629655044,1.7463127307456157,-20.000000000000007
-0.23278630500397757,1.9217446600094166,-20.000000000000007
-0.19303815211615682,1.6120202560143866,-20.000000000000007
-0.18226034594502277,1.575240624019803,-20.000000000000007
-0.1377468926182409,1.4138227263361496,-20.000000000000007
-0.14975414285615307,1.4356134548649337,-20.000000000000007
-0.176942965478157,1.5727431410120194,-20.000000000000007
-0.18226034594502277,1.575240624019803,-20.000000000000007
-0.21248743473298976,1.8569242044846717,-20.000000000000007
-0.21851335106583322,1.936339667920196,-20.000000000000007
-0.22760144644216082,1.9245423734898097,-20.000000000000007
-0.2277284399130113,1.9230621957348462,-20.000000000000007
-0.23595500071689007,1.921576377911016,-20.000000000000007
-0.24406813897134635,1.8320885388102743,-20.000000000000007
-0.24965204629655047,1.7463127307456157,-20.000000000000007
-0.24753611064781528,1.7981305890838026,-20.000000000000007
-0.24812938511712435,1.7856504139612348,-20.000000000000007
-0.23099871432503816,1.9110800623980295,-20.000000000000007
-0.24336808301417076,1.8315248182011774,-20.000000000000007
-0.23387338969686167,1.9268214956073826,-20.000000000000007
-0.2503836637376047,1.7099445186385251,-20.000000000000007
-0.2501803470583963,1.7054241051776746,-20.000000000000007
-0.2490720213273209,1.744185551235172,-20.000000000000007
-0.24991571688495082,1.713352094045662,-20.000000000000007
-0.22586189941672344,1.9236278053074973,-20.000000000000007
-0.24403913644590766,1.825901010501077,-20.000000000000007
-0.21370784754872535,1.8646967994289878,-20.000000000000007
-0.2797305031853531,1.5142987704774487,-20.000000000000007
-0.31011758243081944,1.503648195214882,-20.000000000000007
-0.36998434417424086,1.500672733213725,-20.000000000000007
-0.4100935649151761,1.4968339322623077,-20.000000000000007
-0.44647645356955734,1.435112438936466,-20.000000000000007
-0.4706826282662673,1.3405569012402885,-20.000000000000007
-0.4710196205491097,1.3407914473588105,-20.000000000000007
-0.4989804213466413,1.385066628739932,-20.000000000000007
-0.48955112850064425,1.3890769851192508,-20.000000000000007
-0.4968730835565155,1.3888316926234567,-20.000000000000007
-0.4826536726572762,1.3633754803819997,-20.000000000000007
-0.453108667525134,1.3926974435284731,-20.000000000000007
-0.4112722436447683,1.4967986655448413,-20.000000000000007
-0.3671298954722643,1.5024801772321736,-20.000000000000007
-0.3331135725015608,1.4972582135607013,-20.000000000000007
-0.3057452495897283,1.5076253147717793,-20.000000000000007
-0.2874276884219504,1.5707318059949422,-20.000000000000007
-0.27796298571153877,1.5064299668154149,-20.000000000000007
-0.2563420079579703,1.768573501603391,-20.000000000000007
-0.22959559270852004,1.9265005679165847,-20.000000000000007
-0.19927599968825097,1.6820169922625399,-20.000000000000007
-0.17950911580190798,1.5810607140359072,-20.000000000000007
-0.17825534106184446,1.5837285229747722,-20.000000000000007
-0.179509115801908,1.5810607140359072,-20.000000000000007
-0.1822603459450228,1.575240624019803,-20.000000000000007
-0.18842511370101273,1.5738540301251946,-20.000000000000007
-0.19303815211615682,1.6120202560143864,-20.000000000000007
-0.19303815211615682,1.6120202560143866,-20.000000000000007
-0.22012456876574127,1.9315839867608926,-20.000000000000007
-0.21131112123821424,1.834478019849413,-20.000000000000007
-0.22610668672834547,1.9302216087355992,-20.000000000000007
-0.22140461161028016,1.9284170608693034,-20.000000000000007
-0.2261117179537413,1.9301421223050317,-20.000000000000007
-0.22138700232139466,1.92869526337629,-20.000000000000007
-0.2294829406995203,1.9233152027414766,-20.000000000000007
-0.22763470237412742,1.9212148309822838,-20.000000000000007
-0.22586575302864217,1.9236458156429173,-20.000000000000007
-0.2444468331072167,1.8145508910196502,-20.000000000000007
-0.23233021493386954,1.9103137227061986,-20.000000000000007
-0.2478189269269457,1.7792916262672178,-20.000000000000007
-0.2452926061411248,1.8160597597371133,-20.000000000000007
-0.24610831432149347,1.8161161492556017,-20.000000000000007
-0.23099871432503813,1.9110800623980293,-20.000000000000007
-0.24451821561584364,1.8284025365562284,-20.000000000000007
-0.25375436341010527,1.7681209896518109,-20.000000000000007
-0.2817879916501446,1.4999219417366931,-20.000000000000007
-0.3319262063923795,1.49771059821879,-20.000000000000007
-0.3692557827379639,1.4978925579783593,-20.000000000000007
-0.41693293921900365,1.5168952330208896,-20.000000000000007
-0.43960072453562604,1.4305121670180203,-20.000000000000007
-0.4575219943660664,1.389604527471087,-20.000000000000007
-0.48500332185284517,1.353979211801435,-20.000000000000007
-0.4768071540174247,1.3415115177776362,-20.000000000000007
-0.47800149154250243,1.350344637501537,-20.000000000000007
-0.44659802791286274,1.4351962181923918,-20.000000000000007
-0.4028216949867746,1.4958521776843416,-20.000000000000007
-0.35641635761675605,1.500163018996369,-20.000000000000007
-0.3164907217463612,1.4978964762349731,-20.000000000000007
-0.2809152426829442,1.5101868425258598,-20.000000000000007
-0.26378285161078746,1.76170677086708,-20.000000000000007
-0.2503836637376046,1.7099445186385254,-20.000000000000007
-0.23626161517304012,1.9164835262217572,-20.000000000000007
-0.2291094188739119,1.9210411627191155,-20.000000000000007
-0.19303815211615682,1.6120202560143861,-20.000000000000007
-0.18888897604606417,1.5748627885679038,-20.000000000000007
-0.18067000068203443,1.5594198148107745,-20.000000000000007
-0.18250173051842536,1.5731434678747531,-20.000000000000007
-0.18888897604606417,1.5748627885679038,-20.000000000000007
-0.20429629129942256,1.7509576343442548,-20.000000000000007
-0.2194162957036321,1.934944495264261,-20.000000000000007
-0.21827512813214567,1.9327711581825628,-20.000000000000007
-0.220147146048528,1.9414399986101936,-20.000000000000007
-0.2185133510658332,1.936339667920196,-20.000000000000007
-0.21248743473298976,1.8569242044846714,-20.000000000000007
-0.19209041430059667,1.6012310609863811,-20.000000000000007
-0.18888897604606414,1.5748627885679038,-20.000000000000007
-0.18040437186688577,1.5611767535850447,-20.000000000000007
-0.19303815211615682,1.6120202560143864,-20.000000000000007
-0.18942453257317313,1.5791548760255547,-20.000000000000007
-0.22725815115555778,1.9273187281239845,-20.000000000000007
-0.2290840101458849,1.9272000926378035,-20.000000000000007
-0.23366014502314347,1.9309227346713127,-20.000000000000007
-0.2388920604892191,1.894985235618197,-20.000000000000007
-0.22903447707550284,1.9276403862238336,-20.000000000000007
-0.234408232611389,1.9331740021179948,-20.000000000000007
-0.2182751281321456,1.932771158182563,-20.000000000000007
-0.23430923262649492,1.9311415577316968,-20.000000000000007
-0.2321563216302118,1.9097076288741353,-20.000000000000007
-0.28576098076397394,1.5635482586604632,-20.000000000000007
-0.32043263932697735,1.4995002345861888,-20.000000000000007
-0.3613080255802617,1.4983822466804522,-20.000000000000007
-0.4178136864828722,1.518409261021481,-20.000000000000007
-0.42737997156411395,1.4206990981375007,-20.000000000000007
-0.45546729624279425,1.3782904875213025,-20.000000000000007
-0.47585249803949387,1.3403330707308923,-20.000000000000007
-0.4646129319542565,1.3456615005424504,-20.000000000000007
-0.4646129319542565,1.3456615005424504,-20.000000000000007
-0.4467652702120884,1.4363399269311479,-20.000000000000007
-0.4169577678159391,1.5186533915515206,-20.000000000000007
-0.3918213805655016,1.502958273299182,-20.000000000000007
-0.3647941975293897,1.498441530210701,-20.000000000000007
-0.331364674456648,1.4993359513903477,-20.000000000000007
-0.3199180150280798,1.4987384243668975,-20.000000000000007
-0.280605263635427,1.4882392549076287,-20.000000000000007
-0.2786779729120955,1.4793883314631038,-20.000000000000007
-0.2483968894966769,1.782053170988344,-20.000000000000007
-0.2182751281321456,1.9327711581825628,-20.000000000000007
-0.2040443086596288,1.7471900021231155,-20.000000000000007
-0.1742675836248365,1.5596310191219986,-20.000000000000007
-0.17259283802865877,1.5472393109831906,-20.000000000000007
-0.16015086704143036,1.4658572207674503,-20.000000000000007
-0.14975414285615307,1.4356134548649342,-20.000000000000007
-0.1804043718668858,1.5611767535850452,-20.000000000000007
-0.1822603459450228,1.575240624019803,-20.000000000000007
-0.18250173051842536,1.5731434678747531,-20.000000000000007
-0.19303815211615682,1.6120202560143864,-20.000000000000007
-0.1822603459450228,1.575240624019803,-20.000000000000007
-0.18885818653230285,1.5776548930151268,-20.000000000000007
-0.18837473412143407,1.573377960684116,-20.000000000000007
-0.1926726844752796,1.6078003855443996,-20.000000000000007
-0.1894245325731731,1.5791548760255547,-20.000000000000007
-0.21249249546208399,1.8480238795029054,-20.000000000000007
-0.20437906386028284,1.746916092709036,-20.000000000000007
-0.21299288806474873,1.8546782983206902,-20.000000000000007
-0.22054821640013048,1.9291438642950818,-20.000000000000007
-0.2207210469207848,1.9246444040760091,-20.000000000000007
-0.23310917684276275,1.919044184976351,-20.000000000000007
-0.21334968096843676,1.8529075364882377,-20.000000000000007
-0.21334968096843673,1.8529075364882375,-20.000000000000007
-0.19585537949812198,1.6384858842004735,-20.000000000000007
-0.1925488884514961,1.6080217107239954,-20.000000000000007
-0.21965703425001754,1.93847326178661,-20.000000000000007
-0.25687366382320964,1.7712959687337775,-20.000000000000007
-0.29416792188346913,1.5961785760272298,-20.000000000000007
-0.326221642896749,1.499942438994535,-20.000000000000007
-0.3778980897738684,1.496123797546972,-20.000000000000007
-0.3943181389704616,1.500722974654488,-20.000000000000007
-0.4248018337707302,1.4318332586716909,-20.000000000000007
-0.4566352525225619,1.3831918720426526,-20.000000000000007
-0.4476164912923647,1.4299242209078404,-20.000000000000007
-0.44658534821108176,1.4350800796751024,-20.000000000000007
-0.4212461969233987,1.4607128679033792,-20.000000000000007
-0.3816021599877682,1.4981758151567743,-20.000000000000007
-0.34410104663338803,1.4982722572441975,-20.000000000000007
-0.3057812868626367,1.5079045589811981,-20.000000000000007
-0.28030097746948446,1.5050780362816019,-20.000000000000007
-0.2532803119563146,1.757648403858878,-20.000000000000007
-0.2453754064510582,1.824009921135028,-20.000000000000007
-0.23440823261138902,1.9331740021179946,-20.000000000000007
-0.21297145694215708,1.8551211557628875,-20.000000000000007
-0.19263141913401843,1.6078741606042646,-20.000000000000007
-0.17917386072802038,1.5901780441278874,-20.000000000000007
-0.14975414285615307,1.435613454864934,-20.000000000000007
-0.1497541574130439,1.4356391577721637,-20.000000000000007
-0.151885716309857,1.402262875380409,-20.000000000000007
-0.17716407672167847,1.5760687284044748,-20.000000000000007
-0.17825534106184443,1.5837285229747726,-20.000000000000007
-0.18067000068203443,1.5594198148107745,-20.000000000000007
-0.17950911580190798,1.5810607140359072,-20.000000000000007
-0.18226034594502277,1.575240624019803,-20.000000000000007
-0.18837473412143405,1.5733779606841163,-20.000000000000007
-0.18226034594502277,1.575240624019803,-20.000000000000007
-0.1894245325731731,1.5791548760255543,-20.000000000000007
-0.18837473412143405,1.573377960684116,-20.000000000000007
-0.20404430865962883,1.7471900021231157,-20.000000000000007
-0.18942453257317313,1.5791548760255543,-20.000000000000007
-0.20438912631107453,1.746757119847901,-20.000000000000007
-0.21066147007523187,1.828950810150975,-20.000000000000007
-0.20704571840264321,1.7804684334386223,-20.000000000000007
-0.21920149922635893,1.9332971051390981,-20.000000000000007
-0.2120497385941779,1.8497531531648241,-20.000000000000007
-0.19303815211615682,1.6120202560143866,-20.000000000000007
-0.18842511370101273,1.5738540301251946,-20.000000000000007
-0.19303815211615682,1.6120202560143866,-20.000000000000007
-0.1930381521161568,1.6120202560143864,-20.000000000000007
-0.24420046351354954,1.831548902235672,-20.000000000000007
-0.2801598476979634,1.4819241385848265,-20.000000000000007
-0.32436039732463,1.49945984109281,-20.000000000000007
-0.36770386246789805,1.5004869104623557,-20.000000000000007
-0.4112722436447683,1.4967986655448415,-20.000000000000007
-0.41895352255374985,1.4979991861952324,-20.000000000000007
-0.44351933765095963,1.4406815040165821,-20.000000000000007
-0.4646129319542565,1.3456615005424506,-20.000000000000007
-0.4639338749619758,1.3472332067786725,-20.000000000000007
-0.4649239891864876,1.347244928372425,-20.000000000000007
-0.44659802791286274,1.4351962181923916,-20.000000000000007
-0.415103623227047,1.505867729866425,-20.000000000000007
-0.39233269655507325,1.5035430567114143,-20.000000000000007
-0.35787369768916893,1.4995304542573757,-20.000000000000007
-0.3386199891265181,1.5002470981079519,-20.000000000000007
-0.3100761428942642,1.5036973378314789,-20.000000000000007
-0.2975115224577339,1.5837350831575452,-20.000000000000007
-0.28551481210738916,1.5631726242681472,-20.000000000000007
-0.2766298161616714,1.6081022753105607,-20.000000000000007
-0.2573264243294691,1.7712815826394097,-20.000000000000007
-0.22117610000737895,1.937196569906587,-20.000000000000007
-0.2042962912994226,1.750957634344255,-20.000000000000007
-0.17917386072802036,1.5901780441278877,-20.000000000000007
-0.18067000068203443,1.5594198148107745,-20.000000000000007
-0.17716407672167844,1.5760687284044745,-20.000000000000007
-0.1888889760460641,1.574862788567904,-20.000000000000007
-0.18885818653230285,1.5776548930151266,-20.000000000000007
-0.21827512813214564,1.9327711581825628,-20.000000000000007
-0.21248743473298976,1.8569242044846717,-20.000000000000007
-0.22959559270852006,1.9265005679165847,-20.000000000000007
-0.2343672252000374,1.9320226810721592,-20.000000000000007
-0.24233012893262865,1.8479407891859196,-20.000000000000007
-0.2536089634006514,1.7675942431373226,-20.000000000000007
-0.24987554506512769,1.737145473629053,-20.000000000000007
-0.27662981616167137,1.6081022753105607,-20.000000000000007
-0.26190988717156993,1.7663580930815734,-20.000000000000007
-0.2819252686870596,1.5318721242677227,-20.000000000000007
-0.279371143037495,1.5257136780778133,-20.000000000000007
-0.2842583506786672,1.5552111529007746,-20.000000000000007
-0.2801168150266809,1.5081261530810859,-20.000000000000007
-0.26638293580170685,1.762384314531559,-20.000000000000007
-0.26144837024056866,1.7658361029923326,-20.000000000000007
-0.23278630500397757,1.9217446600094166,-20.000000000000007
-0.2353846769406121,1.9234328870905961,-20.000000000000007
-0.2444473490970081,1.829751632775175,-20.000000000000007
-0.26554475678581557,1.7640050352116357,-20.000000000000007
-0.3081905089560865,1.5093013509780795,-20.000000000000007
-0.3538203659039867,1.499207316503967,-20.000000000000007
-0.3777845230202461,1.496359013073349,-20.000000000000007
-0.41806477497864336,1.517531695147667,-20.000000000000007
-0.4465799134218819,1.4348272010920413,-20.000000000000007
-0.4563980522754417,1.3824316692583725,-20.000000000000007
-0.46464976803654967,1.3463905622164325,-20.000000000000007
-0.44549681692717064,1.439077375377408,-20.000000000000007
-0.42706441586269717,1.421533042270459,-20.000000000000007
-0.3998141458750494,1.493656080869322,-20.000000000000007
-0.3770111024452963,1.4927630265779332,-20.000000000000007
-0.33774127001446275,1.49960258603065,-20.000000000000007
-0.31007614289426416,1.5036973378314789,-20.000000000000007
-0.28078661533106947,1.511411264809145,-20.000000000000007
-0.26894542373519664,1.7353491755139356,-20.000000000000007
-0.25473720380321263,1.7565613409799143,-20.000000000000007
-0.24142985892856286,1.855049209066705,-20.000000000000007
-0.2415444130163034,1.8595951610927488,-20.000000000000007
-0.1822603459450228,1.575240624019803,-20.000000000000007
-0.18885818653230285,1.5776548930151266,-20.000000000000007
-0.1509864912825978,1.3992341320455806,-20.000000000000007
-0.17917386072802038,1.5901780441278879,-20.000000000000007
-0.17950911580190798,1.5810607140359074,-20.000000000000007
-0.18226034594502277,1.575240624019803,-20.000000000000007
-0.18842511370101273,1.5738540301251946,-20.000000000000007
-0.18226034594502277,1.5752406240198034,-20.000000000000007
-0.18888897604606414,1.5748627885679038,-20.000000000000007
-0.18226034594502277,1.5752406240198031,-20.000000000000007
-0.18226034594502283,1.575240624019803,-20.000000000000007
-0.18226034594502277,1.575240624019803,-20.000000000000007
-0.179509115801908,1.5810607140359072,-20.000000000000007
-0.18942453257317313,1.5791548760255547,-20.000000000000007
-0.18837473412143407,1.5733779606841165,-20.000000000000007
-0.21023380688351329,1.8304416245211912,-20.000000000000007
-0.20429629129942253,1.750957634344255,-20.000000000000007
-0.22012993551447363,1.9413224236217699,-20.000000000000007
-0.22028223899943516,1.9396231885002952,-20.000000000000007
-0.2208853973376787,1.931145289038375,-20.000000000000007
-0.22595440670337325,1.9324083385227475,-20.000000000000007
-0.20404430865962883,1.7471900021231157,-20.000000000000007
-0.2198364418858859,1.9383820500166025,-20.000000000000007
-0.20473650305093238,1.7580889424488184,-20.000000000000007
-0.2502845554208488,1.7235141714337492,-20.000000000000007
-0.28100974039696475,1.506867063089333,-20.000000000000007
-0.3207629069111277,1.4991572347632636,-20.000000000000007
-0.36904418763941793,1.4998818355910513,-20.000000000000007
-0.3918986642687103,1.5049200439210424,-20.000000000000007
-0.4290195500515276,1.4134305654357397,-20.000000000000007
-0.4369870275722174,1.4175504673873514,-20.000000000000007
-0.4288479420497592,1.4159563769229735,-20.000000000000007
-0.42138539881668935,1.4579097880568521,-20.000000000000007
-0.3999058550671617,1.4935404204622795,-20.000000000000007
-0.37701110244529634,1.4927630265779332,-20.000000000000007
-0.35095391924361763,1.5000432914416368,-20.000000000000007
-0.3094661644252116,1.5055564388929947,-20.000000000000007
-0.2653606984182829,1.7659571933544054,-20.000000000000007
-0.22060816759033794,1.9341782461378014,-20.000000000000007
-0.18832435454185534,1.5729018912430375,-20.000000000000007
-0.18220996636544406,1.5747645545787243,-20.000000000000007
-0.17359964367809982,1.5552621540346743,-20.000000000000007
-0.179509115801908,1.5810607140359072,-20.000000000000007
-0.17337853243457832,1.5519365666422187,-20.000000000000007
-0.1742675836248365,1.5596310191219989,-20.000000000000007
-0.1754824483155792,1.566996165209496,-20.000000000000007
-0.18037490339096798,1.5624216849117096,-20.000000000000007
-0.18226034594502277,1.5752406240198034,-20.000000000000007
-0.19303815211615682,1.6120202560143866,-20.000000000000007
-0.1941542021624192,1.624835505687237,-20.000000000000007
-0.2124874347329898,1.8569242044846717,-20.000000000000007
-0.2124874347329898,1.8569242044846717,-20.000000000000007
-0.22146875096095117,1.931203897542237,-20.000000000000007
-0.22610759256986954,1.9325016497505667,-20.000000000000007
-0.23153221358655218,1.9120783927131244,-20.000000000000007
-0.24233012893262865,1.8479407891859199,-20.000000000000007
-0.24813200860678114,1.787132067383276,-20.000000000000007
-0.2502845554208488,1.7235141714337496,-20.000000000000007
-0.2532803119563146,1.757648403858878,-20.000000000000007
-0.2535606442709875,1.7667014538198773,-20.000000000000007
-0.25483937504576737,1.770944297916153,-20.000000000000007
-0.2498423142178034,1.7249884684594283,-20.000000000000007
-0.2559185070622395,1.7650215225375847,-20.000000000000007
-0.25017498011470546,1.7007594263643189,-20.000000000000007
-0.24770498968745444,1.7812067663578977,-20.000000000000007
-0.2531821456783516,1.7571054794778598,-20.000000000000007
-0.22365722223202322,1.931093425581175,-20.000000000000007
-0.24352941008181267,1.8371727099357726,-20.000000000000007
-0.25540545828276917,1.7680451672476831,-20.000000000000007
-0.29004142801625366,1.5754744787830817,-20.000000000000007
-0.32648952762522626,1.498661637025191,-20.000000000000007
-0.36947588276496807,1.498398051073517,-20.000000000000007
-0.4035980341858445,1.4979628054033007,-20.000000000000007
-0.4408598223537496,1.4288271119990057,-20.000000000000007
-0.45639805227544183,1.3824316692583725,-20.000000000000007
-0.45836195855066886,1.394520209548954,-20.000000000000007
-0.4575632796580663,1.3923814704457398,-20.000000000000007
-0.42749813628067124,1.4200335635900905,-20.000000000000007
-0.42127462679114963,1.4616552965088876,-20.000000000000007
-0.3878458599498682,1.500870240101973,-20.000000000000007
-0.34857591045278696,1.5009292233714187,-20.000000000000007
-0.30176944672312994,1.536559675920784,-20.000000000000007
-0.24747988511185665,1.7883098942511992,-20.000000000000007
-0.22052344232654955,1.9237271384636403,-20.000000000000007
-0.18110984285748086,1.567150207688302,-20.000000000000007
-0.18837473412143407,1.5733779606841158,-20.000000000000007
-0.18067000068203443,1.5594198148107745,-20.000000000000007
-0.18226034594502277,1.575240624019803,-20.000000000000007
-0.17716407672167844,1.5760687284044748,-20.000000000000007
-0.17716407672167847,1.5760687284044748,-20.000000000000007
-0.179509115801908,1.5810607140359074,-20.000000000000007
-0.1822603459450228,1.5752406240198034,-20.000000000000007
-0.18837473412143407,1.573377960684116,-20.000000000000007
-0.18842511370101275,1.573854030125195,-20.000000000000007
-0.18885818653230285,1.577654893015127,-20.000000000000007
-0.18885818653230282,1.5776548930151268,-20.000000000000007
-0.18888897604606417,1.5748627885679038,-20.000000000000007
-0.18888897604606414,1.5748627885679038,-20.000000000000007
-0.19071249072710514,1.5909698512377526,-20.000000000000007
-0.19071249072710517,1.590969851237753,-20.000000000000007
-0.2011724582994196,1.7057620812394532,-20.000000000000007
-0.20117245829941957,1.705762081239453,-20.000000000000007
-0.2040443086596288,1.7471900021231153,-20.000000000000007
-0.20117245829941957,1.7057620812394534,-20.000000000000007
-0.2040443086596288,1.7471900021231155,-20.000000000000007
-0.20336587397443143,1.7364901842809184,-20.000000000000007
-0.2040443086596288,1.7471900021231155,-20.000000000000007
-0.19303815211615682,1.6120202560143866,-20.000000000000007
-0.1811061921972143,1.5615965088310682,-20.000000000000007
-0.18842511370101278,1.5738540301251946,-20.000000000000007
-0.18885818653230285,1.5776548930151266,-20.000000000000007
-0.18883859646648546,1.5743867191268248,-20.000000000000007
-0.18832435454185534,1.5729018912430373,-20.000000000000007
-0.16226514651890211,1.4799780943445653,-20.000000000000007
-0.13496593015556185,1.490400499773179,-20.000000000000007
-0.12962373824809628,1.5255562980702628,-20.000000000000007
-0.1296237382480963,1.5255562980702628,-20.000000000000007
-0.1316233486773816,1.512553191202664,-20.000000000000007
-0.13496593015556185,1.4904004997731795,-20.000000000000007
-0.1350079976204999,1.4901723146345818,-20.000000000000007
-0.13634314369070832,1.4690918166037121,-20.000000000000007
-0.13766089245675403,1.4109848407592602,-20.000000000000007
-0.14975414285615304,1.4356134548649337,-20.000000000000007
-0.17337853243457835,1.5519365666422187,-20.000000000000007
-0.17917386072802038,1.5901780441278874,-20.000000000000007
-0.18226034594502277,1.575240624019803,-20.000000000000007
-0.18837473412143407,1.573377960684116,-20.000000000000007
-0.18250173051842536,1.573143467874753,-20.000000000000007
-0.18226034594502277,1.5752406240198031,-20.000000000000007
-0.17716407672167844,1.5760687284044743,-20.000000000000007
-0.17716407672167847,1.5760687284044745,-20.000000000000007
-0.15188571630985698,1.4022628753804087,-20.000000000000007
-0.14969871320520375,1.4376750065870232,-20.000000000000007
-0.14969871320520373,1.437675006587023,-20.000000000000007
-0.15098649128259778,1.3992341320455806,-20.000000000000007
-0.17259283802865877,1.5472393109831906,-20.000000000000007
-0.15098649128259778,1.3992341320455806,-20.000000000000007
-0.14975414285615304,1.435613454864934,-20.000000000000007
-0.13559501490126286,1.4971204706629226,-20.000000000000007
-0.13496593015556185,1.4904004997731792,-20.000000000000007
-0.13434189990028766,1.4942024153350566,-20.000000000000007
-0.13162334867738157,1.512553191202664,-20.000000000000007
-0.1316233486773816,1.512553191202664,-20.000000000000007
-0.1316233486773816,1.5125531912026637,-20.000000000000007
-0.13162334867738157,1.512553191202664,-20.000000000000007
-0.13162334867738157,1.512553191202664,-20.000000000000007
-0.1296237382480963,1.525556298070263,-20.000000000000007
-0.1316233486773816,1.512553191202664,-20.000000000000007
-0.13496593015556185,1.490400499773179,-20.000000000000007
-0.13496593015556188,1.490400499773179,-20.000000000000007
-0.13505647193701792,1.4933154606281192,-20.000000000000007
-0.13496593015556185,1.4904004997731792,-20.000000000000007
-0.13496593015556185,1.490400499773179,-20.000000000000007
-0.1316233486773816,1.512553191202664,-20.000000000000007
-0.1296237382480963,1.525556298070263,-20.000000000000007
-0.12684286767579064,1.5197244813100859,-20.000000000000007
-0.1254040794022055,1.5225030507157353,-20.000000000000007
-0.12540407940220547,1.522503050715735,-20.000000000000007
-0.1254040794022055,1.5225030507157356,-20.000000000000007
-0.12540407940220547,1.5225030507157353,-20.000000000000007
-0.1254040801820389,1.5225047004235046,-20.000000000000007
-0.1254040794022055,1.5225030507157356,-20.000000000000007
-0.1254040794022055,1.5225030507157353,-20.000000000000007
-0.1254040794022055,1.5225030507157353,-20.000000000000007
-0.1254040794022055,1.5225030507157356,-20.000000000000007
-0.1254040794022055,1.5225030507157356,-20.000000000000007
-0.12942838191366207,1.5266195020865656,-20.000000000000007
-0.13496593015556188,1.4904004997731792,-20.000000000000007
-0.14969871320520373,1.4376750065870234,-20.000000000000007
-0.1627002308005726,1.4821412217524914,-20.000000000000007
-0.1822603459450228,1.5752406240198031,-20.000000000000007
-0.1811061921972143,1.5615965088310682,-20.000000000000007
-0.17694296547815702,1.572743141012019,-20.000000000000007
-0.17917386072802038,1.5901780441278879,-20.000000000000007
-0.14896232389835787,1.4412504362146568,-20.000000000000007
-0.14975414285615304,1.435613454864934,-20.000000000000007
-0.1509864912825978,1.3992341320455806,-20.000000000000007
-0.14975414285615307,1.4356134548649337,-20.000000000000007
-0.17259283802865874,1.5472393109831908,-20.000000000000007
-0.1622651465189021,1.4799780943445653,-20.000000000000007
-0.16015086704143036,1.4658572207674505,-20.000000000000007
-0.16226514651890211,1.4799780943445653,-20.000000000000007
-0.15188571630985698,1.402262875380409,-20.000000000000007
-0.14975414285615307,1.435613454864934,-20.000000000000007
-0.14975414285615304,1.4356134548649337,-20.000000000000007
-0.13766089245675406,1.4109848407592605,-20.000000000000007
-0.13634314369070832,1.4690918166037124,-20.000000000000007
-0.13634314369070832,1.4690918166037121,-20.000000000000007
-0.13559501490126286,1.4971204706629224,-20.000000000000007
-0.13559501490126288,1.4971204706629226,-20.000000000000007
-0.13541503259313709,1.4948226663941324,-20.000000000000007
-0.13559501490126286,1.4971204706629224,-20.000000000000007
-0.1363431436907083,1.469091816603712,-20.000000000000007
-0.13766089245675406,1.4109848407592605,-20.000000000000007
-0.13766089245675406,1.41098484075926,-20.000000000000007
-0.13766089245675406,1.4109848407592602,-20.000000000000007
-0.13634314369070832,1.4690918166037121,-20.000000000000007
-0.13541503259313709,1.4948226663941324,-20.000000000000007
-0.13496593015556185,1.490400499773179,-20.000000000000007
-0.13160506288298884,1.5132325960306732,-20.000000000000007
-0.12684286767579064,1.5197244813100859,-20.000000000000007
-0.12684286767579064,1.5197244813100856,-20.000000000000007
-0.12684286767579064,1.5197244813100856,-20.000000000000007
-0.1254040801820389,1.5225047004235048,-20.000000000000007
-0.1296237382480963,1.5255562980702628,-20.000000000000007
-0.1296237382480963,1.525556298070263,-20.000000000000007
-0.1316233486773816,1.5125531912026637,-20.000000000000007
-0.13496593015556185,1.490400499773179,-20.000000000000007
-0.1316233486773816,1.5125531912026642,-20.000000000000007
-0.13500799762049986,1.4901723146345818,-20.000000000000007
-0.1363431436907083,1.4690918166037121,-20.000000000000007
-0.13766089245675406,1.4109848407592605,-20.000000000000007
-0.1377468926182409,1.4138227263361494,-20.000000000000007
-0.13766089245675406,1.4109848407592602,-20.000000000000007
-0.13559501490126286,1.4971204706629226,-20.000000000000007
-0.13559501490126286,1.4971204706629226,-20.000000000000007
-0.13634314369070832,1.4690918166037121,-20.000000000000007
-0.13634314369070832,1.469091816603712,-20.000000000000007
-0.13634314369070832,1.4690918166037121,-20.000000000000007
-0.13607296571720057,1.4831686616984472,-20.000000000000007
-0.1362648890948696,1.4776041952523142,-20.000000000000007
-0.13626488909486958,1.477604195252314,-20.000000000000007
-0.13766089245675403,1.4109848407592602,-20.000000000000007
-0.13766089245675406,1.4109848407592605,-20.000000000000007
-0.1497541574130439,1.4356391577721634,-20.000000000000007
-0.16015086704143033,1.4658572207674505,-20.000000000000007
-0.14975415741304388,1.4356391577721637,-20.000000000000007
-0.16226514651890211,1.4799780943445653,-20.000000000000007
-0.14969871320520375,1.4376750065870232,-20.000000000000007
-0.13559501490126286,1.4971204706629226,-20.000000000000007
-0.13523645424514372,1.4956132648969094,-20.000000000000007
-0.13559501490126286,1.4971204706629226,-20.000000000000007
-0.13766089245675403,1.4109848407592605,-20.000000000000007
-0.16491224342351885,1.4962079272044329,-20.000000000000007
-0.179509115801908,1.5810607140359072,-20.000000000000007
-0.18226034594502277,1.575240624019803,-20.000000000000007
-0.1811061921972143,1.5615965088310682,-20.000000000000007
-0.179509115801908,1.5810607140359072,-20.000000000000007
-0.17716407672167844,1.5760687284044748,-20.000000000000007
-0.1622651465189021,1.4799780943445653,-20.000000000000007
-0.1497541574130439,1.4356391577721637,-20.000000000000007
-0.13766089245675406,1.4109848407592605,-20.000000000000007
-0.13523645424514372,1.4956132648969092,-20.000000000000007
-0.13225188883939853,1.5058494988029962,-20.000000000000007
-0.1296237382480963,1.525556298070263,-20.000000000000007
-0.12684286767579067,1.5197244813100856,-20.000000000000007
-0.12684286767579067,1.519724481310086,-20.000000000000007
-0.12962373824809628,1.525556298070263,-20.000000000000007
-0.13160506288298884,1.5132325960306732,-20.000000000000007
-0.13162334867738157,1.5125531912026637,-20.000000000000007
-0.1352364542451437,1.4956132648969094,-20.000000000000007
-0.13766089245675403,1.4109848407592605,-20.000000000000007
-0.1377468926182409,1.4138227263361496,-20.000000000000007
-0.1509864912825978,1.3992341320455806,-20.000000000000007
-0.1509864912825978,1.3992341320455806,-20.000000000000007
-0.14969871320520373,1.4376750065870232,-20.000000000000007
-0.1617536389502492,1.4767475548411566,-20.000000000000007
-0.14975415741304388,1.4356391577721639,-20.000000000000007
-0.16015086704143033,1.4658572207674503,-20.000000000000007
-0.14975414285615302,1.435613454864934,-20.000000000000007
-0.14975414285615304,1.4356134548649337,-20.000000000000007
-0.1622651465189021,1.479978094344565,-20.000000000000007
-0.1622651465189021,1.479978094344565,-20.000000000000007
-0.17548244831557921,1.566996165209496,-20.000000000000007
-0.17426758362483646,1.5596310191219986,-20.000000000000007
-0.17716407672167847,1.5760687284044743,-20.000000000000007
-0.17716407672167847,1.5760687284044748,-20.000000000000007
-0.18037490339096798,1.5624216849117096,-20.000000000000007
-0.1811061921972143,1.5615965088310684,-20.000000000000007
-0.1822603459450228,1.575240624019803,-20.000000000000007
-0.18842511370101275,1.5738540301251946,-20.000000000000007
-0.18250173051842536,1.573143467874753,-20.000000000000007
-0.18837473412143405,1.573377960684116,-20.000000000000007
-0.1822603459450228,1.5752406240198034,-20.000000000000007
-0.18250173051842533,1.5731434678747531,-20.000000000000007
-0.1822603459450228,1.575240624019803,-20.000000000000007
-0.18837473412143407,1.573377960684116,-20.000000000000007
-0.1822603459450228,1.575240624019803,-20.000000000000007
-0.18110619219721427,1.5615965088310684,-20.000000000000007
-0.1822603459450228,1.5752406240198031,-20.000000000000007
-0.179509115801908,1.5810607140359072,-20.000000000000007
-0.1804043718668858,1.5611767535850452,-20.000000000000007
-0.17917386072802038,1.5901780441278879,-20.000000000000007
-0.179509115801908,1.5810607140359074,-20.000000000000007
-0.18837473412143407,1.5733779606841163,-20.000000000000007
-0.21898340119425475,1.9294106496791945,-20.000000000000007
-0.23060168877451892,1.9140944014911363,-20.000000000000007
-0.28025514383145184,1.5015545652917615,-20.000000000000007
-0.31541030739127995,1.4951199768567334,-20.000000000000007
-0.35621990667236625,1.5000392288422821,-20.000000000000007
-0.4070133410458315,1.4995248557923948,-20.000000000000007
-0.427379971564114,1.4206990981375005,-20.000000000000007
-0.4646129319542565,1.3456615005424504,-20.000000000000007
-0.4982342815223788,1.3837646738034044,-20.000000000000007
-0.5051179460114003,1.417652734553845,-20.000000000000007
-0.5053837849916603,1.4161145466017013,-20.000000000000007
-0.4954896177067819,1.3864699719441496,-20.000000000000007
-0.45269220696567936,1.401974838437268,-20.000000000000007
-0.42764032961502907,1.420830882123688,-20.000000000000007
-0.3806418723451875,1.4994793167946665,-20.000000000000007
-0.33791990029448915,1.4995768975710724,-20.000000000000007
-0.2853348266799296,1.5626328779315255,-20.000000000000007
-0.24336808301417073,1.8315248182011774,-20.000000000000007
-0.22016532728025395,1.9316147385872455,-20.000000000000007
-0.18886938598024677,1.5715946146796027,-20.000000000000007
-0.19433249470145758,1.6242792335113934,-20.000000000000007
-0.18220996636544406,1.5747645545787243,-20.000000000000007
-0.18911923876494982,1.5756732257028958,-20.000000000000007
-0.18250173051842533,1.5731434678747531,-20.000000000000007
-0.18942453257317313,1.5791548760255547,-20.000000000000007
-0.18888897604606414,1.574862788567904,-20.000000000000007
-0.20404430865962883,1.7471900021231153,-20.000000000000007
-0.2040443086596288,1.7471900021231155,-20.000000000000007
-0.2185133510658332,1.9363396679201959,-20.000000000000007
-0.22088539733767873,1.931145289038375,-20.000000000000007
-0.23193210184063526,1.9136144318446473,-20.000000000000007
-0.2360274194291973,1.918826731299164,-20.000000000000007
-0.2440410515868585,1.8314527909058276,-20.000000000000007
-0.24608633016702225,1.8164385723452239,-20.000000000000007
-0.24753611064781528,1.7981305890838026,-20.000000000000007
-0.2502845554208488,1.7235141714337494,-20.000000000000007
-0.2537715283888896,1.7682218800440646,-20.000000000000007
-0.2646717835515157,1.7629831314878703,-20.000000000000007
-0.25602307928197693,1.767232864400826,-20.000000000000007
-0.2804152139050713,1.5047738534858532,-20.000000000000007
-0.25977278411391735,1.7758756285480928,-20.000000000000007
-0.27889605180578736,1.5423459676292297,-20.000000000000007
-0.2552284082133554,1.7648742597864933,-20.000000000000007
-0.22712916904445493,1.9236157752965164,-20.000000000000007
-0.23205591066668438,1.9145405651713743,-20.000000000000007
-0.19885325672563559,1.6783739635447605,-20.000000000000007
-0.24753611064781525,1.7981305890838024,-20.000000000000007
-0.27049275923450966,1.7044255040025567,-20.000000000000007
-0.30891123140916804,1.5077660068053516,-20.000000000000007
-0.35911853149264994,1.4981511481996717,-20.000000000000007
-0.38481472336778566,1.4999744388839433,-20.000000000000007
-0.4407074539476543,1.428337770843198,-20.000000000000007
-0.4744223231562008,1.3393097232369187,-20.000000000000007
-0.4891372588078141,1.3866140712155495,-20.000000000000007
-0.5051064680329467,1.4195692941931783,-20.000000000000007
-0.5015828740866694,1.3920531660248476,-20.000000000000007
-0.4755467993027579,1.3444938100398445,-20.000000000000007
-0.4702992622782435,1.3444635031476497,-20.000000000000007
-0.4387978535184067,1.4329233080298929,-20.000000000000007
-0.4131120717914658,1.4988762027907383,-20.000000000000007
-0.37228545094783827,1.4944032144150174,-20.000000000000007
-0.3534701592038215,1.5014286260495047,-20.000000000000007
-0.33447244643473717,1.498058414455469,-20.000000000000007
-0.3207509129672528,1.4988126114523814,-20.000000000000007
-0.31733348818931284,1.4995566285861248,-20.000000000000007
-0.2817807748115673,1.5312253816335488,-20.000000000000007
-0.2753451016599375,1.5791338225699154,-20.000000000000007
-0.2208853973376787,1.931145289038375,-20.000000000000007
-0.2040443086596288,1.7471900021231153,-20.000000000000007
-0.18837473412143407,1.5733779606841163,-20.000000000000007
-0.18842511370101273,1.5738540301251946,-20.000000000000007
-0.18842511370101278,1.5738540301251946,-20.000000000000007
-0.19927599968825097,1.68201699226254,-20.000000000000007
-0.1888889760460642,1.5748627885679038,-20.000000000000007
-0.21248743473298978,1.8569242044846717,-20.000000000000007
-0.20422406494602988,1.7470522200873617,-20.000000000000007
-0.22044999117975678,1.9343008877035888,-20.000000000000007
-0.234408232611389,1.9331740021179946,-20.000000000000007
-0.24420046351354954,1.831548902235672,-20.000000000000007
-0.25637463163997715,1.7681466942019595,-20.000000000000007
-0.2552692278798069,1.7694727509399142,-20.000000000000007
-0.26459920783274293,1.7625839174830888,-20.000000000000007
-0.2597727841139173,1.775875628548093,-20.000000000000007
-0.27965054770780057,1.5205278537775686,-20.000000000000007
-0.28024248632243076,1.5048217717977548,-20.000000000000007
-0.2809152426829442,1.5101868425258598,-20.000000000000007
-0.28402558979585685,1.5506902601257058,-20.000000000000007
-0.2797646127424964,1.5215127561710626,-20.000000000000007
-0.2662610864371423,1.7637694835014495,-20.000000000000007
-0.2537829480098075,1.7680678568789596,-20.000000000000007
-0.28082674432503957,1.507078039870947,-20.000000000000007
-0.31951707177308125,1.4988454212664348,-20.000000000000007
-0.3607510472235762,1.4999714155790795,-20.000000000000007
-0.40917096847474604,1.50104749700126,-20.000000000000007
-0.4428714981710252,1.4442340758541476,-20.000000000000007
-0.4706826282662673,1.3405569012402885,-20.000000000000007
-0.47618421474912986,1.3413472739316226,-20.000000000000007
-0.48204022019272375,1.366121717548745,-20.000000000000007
-0.4761842147491299,1.3413472739316226,-20.000000000000007
-0.45836238446969807,1.3980362943775946,-20.000000000000007
-0.45603049052183975,1.3828624851180895,-20.000000000000007
-0.42023984552693516,1.4754024191724844,-20.000000000000007
-0.39912294668118464,1.4947964176867325,-20.000000000000007
-0.3524089694001267,1.5001401502367877,-20.000000000000007
-0.3307398541275785,1.4962619292248114,-20.000000000000007
-0.31355242332031125,1.505618583994675,-20.000000000000007
-0.307576303871034,1.509276746359918,-20.000000000000007
-0.303285782381105,1.5204381626563315,-20.000000000000007
-0.29150498529450247,1.5881390989797999,-20.000000000000007
-0.2838003182059311,1.538960305062173,-20.000000000000007
-0.23430923262649495,1.931141557731697,-20.000000000000007
-0.23595500071689002,1.9215763779110162,-20.000000000000007
-0.1822603459450228,1.5752406240198034,-20.000000000000007
-0.20404430865962883,1.7471900021231153,-20.000000000000007
-0.1891192387649498,1.575673225702896,-20.000000000000007
-0.21931127683429322,1.9346143139864107,-20.000000000000007
-0.22088539733767873,1.931145289038375,-20.000000000000007
-0.24352941008181267,1.8371727099357729,-20.000000000000007
-0.2502845554208489,1.7235141714337492,-20.000000000000007
-0.25736831568202245,1.7713388710559972,-20.000000000000007
-0.27985288563105837,1.5184410716734091,-20.000000000000007
-0.28046178149634104,1.5062934119605096,-20.000000000000007
-0.28476675363292536,1.5329115731342655,-20.000000000000007
-0.29119034934163945,1.5847427541469254,-20.000000000000007
-0.2959641627348446,1.5920776156156908,-20.000000000000007
-0.307608379232655,1.5093871325714923,-20.000000000000007
-0.3045834539941188,1.504572607331342,-20.000000000000007
-0.3200744267080845,1.4997419670736178,-20.000000000000007
-0.31756181987001814,1.4998334669940097,-20.000000000000007
-0.3195086764599606,1.4988062873942332,-20.000000000000007
-0.3039912153385734,1.5121795265068443,-20.000000000000007
-0.25602307928197693,1.767232864400826,-20.000000000000007
-0.2552406432801047,1.7695258837127659,-20.000000000000007
-0.2040443086596288,1.7471900021231155,-20.000000000000007
-0.2502845554208488,1.7235141714337494,-20.000000000000007
-0.2788349926997162,1.4728625517255738,-20.000000000000007
-0.3155081290640961,1.4949157633151202,-20.000000000000007
-0.3511225382737915,1.4989103965917097,-20.000000000000007
-0.39769802456096986,1.4981463828825976,-20.000000000000007
-0.41789239299218806,1.5197421264409796,-20.000000000000007
-0.42948230958212585,1.4094443724861114,-20.000000000000007
-0.4646129319542565,1.3456615005424504,-20.000000000000007
-0.46492398918648764,1.3472449283724253,-20.000000000000007
-0.48255718373605166,1.364785916580488,-20.000000000000007
-0.4631037891874737,1.353816175136974,-20.000000000000007
-0.4356995768299088,1.4064825659236242,-20.000000000000007
-0.39089248190114434,1.503306750654893,-20.000000000000007
-0.3442937483823071,1.4982533182458415,-20.000000000000007
-0.32099813607237104,1.4976588514289229,-20.000000000000007
-0.29747966765900347,1.5840239844180637,-20.000000000000007
-0.2904363118517153,1.582700590103038,-20.000000000000007
-0.2819252686870595,1.5318721242677227,-20.000000000000007
-0.2801168150266809,1.5081261530810859,-20.000000000000007
-0.2482380690736484,1.7865500278208692,-20.000000000000007
-0.23246637703641987,1.9154094041285457,-20.000000000000007
-0.18911923876494982,1.5756732257028956,-20.000000000000007
-0.18842511370101278,1.5738540301251949,-20.000000000000007
-0.18837473412143407,1.573377960684116,-20.000000000000007
-0.19303815211615682,1.6120202560143861,-20.000000000000007
-0.19967494609849962,1.689222075426969,-20.000000000000007
-0.21827512813214564,1.9327711581825628,-20.000000000000007
-0.22903447707550287,1.927640386223834,-20.000000000000007
-0.2261075925698695,1.9325016497505665,-20.000000000000007
-0.24812508953460477,1.7867066619015204,-20.000000000000007
-0.24352941008181264,1.837172709935773,-20.000000000000007
-0.2571221383822837,1.7708595591497152,-20.000000000000007
-0.24983746969752973,1.7350726326056742,-20.000000000000007
-0.2631168609227145,1.7633229437224207,-20.000000000000007
-0.24839688949667688,1.782053170988344,-20.000000000000007
-0.2588812639709953,1.778022025073854,-20.000000000000007
-0.2537829480098075,1.7680678568789594,-20.000000000000007
-0.27646966147612395,1.6106471431415148,-20.000000000000007
-0.279371143037495,1.525713678077813,-20.000000000000007
-0.25655658185778313,1.763708836465723,-20.000000000000007
-0.2625751596330467,1.763370660812314,-20.000000000000007
-0.22747246433105794,1.9208394206623414,-20.000000000000007
-0.2495054676988277,1.7506184474221236,-20.000000000000007
-0.2378795448343607,1.902127751689123,-20.000000000000007
-0.28652048547117165,1.5606268094722258,-20.000000000000007
-0.3319114771556863,1.4981092563314018,-20.000000000000007
-0.38160215998776814,1.4981758151567743,-20.000000000000007
-0.41846599135405715,1.5125447850773959,-20.000000000000007
-0.44684644827351294,1.433753104081558,-20.000000000000007
-0.46124612274080456,1.3683552353866084,-20.000000000000007
-0.47342350092160645,1.3355519166228131,-20.000000000000007
-0.5042525376813354,1.4105663131622965,-20.000000000000007
-0.5042525376813354,1.410566313162296,-20.000000000000007
-0.5104728506335958,1.3545128002279019,-20.000000000000007
-0.49654377055347904,1.388725730336301,-20.000000000000007
-0.460071821476243,1.3847182340568935,-20.000000000000007
-0.4192403952014928,1.4849987767576902,-20.000000000000007
-0.382477170461107,1.5041332660194566,-20.000000000000007
-0.35776817949897843,1.4989891154684925,-20.000000000000007
-0.3420097102890889,1.4973190763753366,-20.000000000000007
-0.3295585486707632,1.4958974479914238,-20.000000000000007
-0.32275221012955513,1.4985849014809909,-20.000000000000007
-0.3090730473186497,1.5076237977683649,-20.000000000000007
-0.2785184250344418,1.4848018943959362,-20.000000000000007
-0.2502845554208489,1.7235141714337494,-20.000000000000007
-0.21112736531608323,1.8393954016667318,-20.000000000000007
-0.1894245325731731,1.5791548760255545,-20.000000000000007
-0.19303815211615682,1.6120202560143864,-20.000000000000007
-0.20404430865962883,1.7471900021231155,-20.000000000000007
-0.22100492468319627,1.932983695042997,-20.000000000000007
-0.22765097951254284,1.9241020799037796,-20.000000000000007
-0.24129920992348686,1.8633257096035758,-20.000000000000007
-0.24755077931477928,1.7988804440720865,-20.000000000000007
-0.24839724581557182,1.7826858814747113,-20.000000000000007
-0.2560649706345302,1.7672901528174134,-20.000000000000007
-0.2590863383297862,1.7776798539299297,-20.000000000000007
-0.2627523210886698,1.7625191310530544,-20.000000000000007
-0.27844904081650607,1.4869524381669,-20.000000000000007
-0.26493585542920584,1.7631212044665514,-20.000000000000007
-0.28008452293635033,1.5133503238230783,-20.000000000000007
-0.2570804115745858,1.7691667990844135,-20.000000000000007
-0.2762375751492372,1.6097422061583704,-20.000000000000007
-0.2593545571017538,1.7721205421266204,-20.000000000000007
-0.25637091579863236,1.7644380145528284,-20.000000000000007
-0.25697011908162415,1.7683511155121732,-20.000000000000007
-0.22146875096095114,1.9312038975422365,-20.000000000000007
-0.2324663770364199,1.9154094041285452,-20.000000000000007
-0.21248743473298976,1.8569242044846714,-20.000000000000007
-0.2549335022414257,1.7718608969257508,-20.000000000000007
-0.2845968356926818,1.5319198581045175,-20.000000000000007
-0.3255172524660343,1.4984893661709886,-20.000000000000007
-0.3723093849133552,1.495642553764767,-20.000000000000007
-0.3921814661859082,1.505884639504835,-20.000000000000007
-0.41311207179146575,1.4988762027907383,-20.000000000000007
-0.44600625806718575,1.4394008205714908,-20.000000000000007
-0.4564512934538203,1.3818075670975078,-20.000000000000007
-0.46536479796548025,1.347473686066103,-20.000000000000007
-0.4606981206569043,1.3829369451036586,-20.000000000000007
-0.429581181674336,1.4131356851216414,-20.000000000000007
-0.3927500757583177,1.5039524632919072,-20.000000000000007
-0.3677249255091071,1.503227237201866,-20.000000000000007
-0.33401077629092074,1.4977705142242874,-20.000000000000007
-0.32268309051072946,1.4980489530038867,-20.000000000000007
-0.30176944672312994,1.5365596759207838,-20.000000000000007
-0.2939412323938883,1.5973849164057103,-20.000000000000007
-0.279371143037495,1.5257136780778133,-20.000000000000007
-0.25506359321069094,1.7663549762515758,-20.000000000000007
-0.2502845554208489,1.7235141714337492,-20.000000000000007
-0.19927599968825094,1.6820169922625399,-20.000000000000007
-0.21973920250494972,1.937701139422241,-20.000000000000007
-0.18837473412143405,1.5733779606841163,-20.000000000000007
-0.1925488884514961,1.6080217107239951,-20.000000000000007
-0.1930381521161568,1.6120202560143864,-20.000000000000007
-0.2185133510658332,1.936339667920196,-20.000000000000007
-0.2185133510658332,1.9363396679201959,-20.000000000000007
-0.2185133510658332,1.936339667920196,-20.000000000000007
-0.21973920250494974,1.937701139422241,-20.000000000000007
-0.18942453257317313,1.5791548760255547,-20.000000000000007
-0.18842511370101273,1.5738540301251949,-20.000000000000007
-0.17716407672167844,1.5760687284044745,-20.000000000000007
-0.18885818653230285,1.5776548930151268,-20.000000000000007
-0.18885818653230285,1.5776548930151266,-20.000000000000007
-0.220147146048528,1.941439998610194,-20.000000000000007
-0.2319692397184688,1.9142976453010254,-20.000000000000007
-0.22088539733767873,1.9311452890383747,-20.000000000000007
-0.22903447707550284,1.927640386223834,-20.000000000000007
-0.2196570342500176,1.93847326178661,-20.000000000000007
-0.21248743473298978,1.8569242044846717,-20.000000000000007
-0.21204973859417786,1.8497531531648241,-20.000000000000007
-0.21965703425001756,1.9384732617866098,-20.000000000000007
-0.2203305505907092,1.9384815235691373,-20.000000000000007
-0.24850050817507824,1.7781541308881685,-20.000000000000007
-0.301561190920104,1.5393647665325947,-20.000000000000007
-0.33982566577583173,1.4988847089659931,-20.000000000000007
-0.37827423349697364,1.496333394176538,-20.000000000000007
-0.41909635138737333,1.4961652433109727,-20.000000000000007
-0.42118841321524536,1.4603045291113563,-20.000000000000007
-0.44512897937247603,1.4363428571289245,-20.000000000000007
-0.4617061214010887,1.365032367831447,-20.000000000000007
-0.4497566469430233,1.4145250454070877,-20.000000000000007
-0.4520301671087603,1.4008784631480737,-20.000000000000007
-0.4293749460785702,1.4162480217657687,-20.000000000000007
-0.40267933788739485,1.4970072050879013,-20.000000000000007
-0.3727776053250804,1.4929726563835883,-20.000000000000007
-0.34755695190529795,1.499444574473442,-20.000000000000007
-0.3030801358032825,1.519378183676917,-20.000000000000007
-0.28317282825210344,1.5185764883075428,-20.000000000000007
-0.24812508953460483,1.7867066619015204,-20.000000000000007
-0.2295955927085201,1.9265005679165847,-20.000000000000007
-0.21308585434836272,1.8677318292313152,-20.000000000000007
-0.1822603459450228,1.5752406240198031,-20.000000000000007
-0.18226034594502277,1.5752406240198031,-20.000000000000007
-0.17337853243457835,1.5519365666422187,-20.000000000000007
-0.17337853243457835,1.5519365666422187,-20.000000000000007
-0.18226034594502277,1.575240624019803,-20.000000000000007
-0.18837473412143407,1.573377960684116,-20.000000000000007
-0.18842511370101273,1.5738540301251946,-20.000000000000007
-0.1988532567256356,1.6783739635447605,-20.000000000000007
-0.18942453257317313,1.5791548760255547,-20.000000000000007
-0.21135963103715374,1.8394227102699032,-20.000000000000007
-0.21411960987166215,1.8728504890414885,-20.000000000000007
-0.2475199056439928,1.7992612868427913,-20.000000000000007
-0.23686139741737333,1.9098754181470878,-20.000000000000007
-0.2653584261786037,1.765980870655737,-20.000000000000007
-0.25495066722021004,1.7719617873180042,-20.000000000000007
-0.26481463415548934,1.762485760573134,-20.000000000000007
-0.2804142130863332,1.50599461874078,-20.000000000000007
-0.2662140236191466,1.7653936969263742,-20.000000000000007
-0.28011681502668095,1.508126153081086,-20.000000000000007
-0.2669806940533385,1.7645544372030848,-20.000000000000007
-0.26441383349628406,1.7606200005237973,-20.000000000000007
-0.25017498011470546,1.7007594263643189,-20.000000000000007
-0.24746521644489264,1.7875600392629154,-20.000000000000007
-0.22126242425464535,1.9315727728415628,-20.000000000000007
-0.21941629570363208,1.934944495264261,-20.000000000000007
-0.23246637703641987,1.9154094041285457,-20.000000000000007
-0.26404433515631154,1.7598858800564579,-20.000000000000007
-0.3023842193969529,1.5330982155223123,-20.000000000000007
-0.3392249125933782,1.5007472739322358,-20.000000000000007
-0.36329814992065185,1.4991751870405274,-20.000000000000007
-0.38921130183428565,1.4997537378964052,-20.000000000000007
-0.41843199133101877,1.5138488833497876,-20.000000000000007
-0.43611116304046094,1.406433885899426,-20.000000000000007
-0.44304327741121946,1.4456078412374769,-20.000000000000007
-0.43960072453562604,1.4305121670180203,-20.000000000000007
-0.4268164363678839,1.4234842117942104,-20.000000000000007
-0.4047564948237573,1.4967658396778418,-20.000000000000007
-0.3891880745603285,1.5009069272376274,-20.000000000000007
-0.35801597945338937,1.5008743148748123,-20.000000000000007
-0.3222818056894973,1.4981655692568543,-20.000000000000007
-0.30389641771361003,1.5129411258974423,-20.000000000000007
-0.28023056887534203,1.514523961841914,-20.000000000000007
-0.2802548166263386,1.5051637466400662,-20.000000000000007
-0.2506585533997571,1.7267162509364216,-20.000000000000007
-0.24418078890079026,1.827331621039017,-20.000000000000007
-0.22088539733767865,1.9311452890383747,-20.000000000000007
-0.21204973859417786,1.8497531531648241,-20.000000000000007
-0.20473650305093238,1.7580889424488189,-20.000000000000007
-0.2202822389994352,1.939623188500295,-20.000000000000007
-0.21973920250494974,1.9377011394222405,-20.000000000000007
-0.2368081958155418,1.9141570200209546,-20.000000000000007
-0.2378795448343607,1.902127751689123,-20.000000000000007
-0.24983746969752973,1.735072632605674,-20.000000000000007
-0.2502845554208489,1.7235141714337492,-20.000000000000007
-0.25526922787980694,1.7694727509399142,-20.000000000000007
-0.25360896340065137,1.7675942431373228,-20.000000000000007
-0.259794229338497,1.7765001732393544,-20.000000000000007
-0.2639714562772899,1.7616699232604902,-20.000000000000007
-0.2768689254735401,1.5332495441711376,-20.000000000000007
-0.2794900199694323,1.4682209696905222,-20.000000000000007
-0.2817266873839365,1.5202102580429686,-20.000000000000007
-0.29465426806126704,1.5959949184169766,-20.000000000000007
-0.2984656355253733,1.5732309493915573,-20.000000000000007
-0.3085644277169147,1.5082246721187522,-20.000000000000007
-0.312323867900136,1.5046671802315479,-20.000000000000007
-0.3026329100673685,1.5319900558991009,-20.000000000000007
-0.28032299392205723,1.5077946393418158,-20.000000000000007
-0.27589105700599426,1.6170387434588507,-20.000000000000007
-0.22995698799419928,1.9257483738802672,-20.000000000000007
-0.26591576238135795,1.7638550246016618,-20.000000000000007
-0.29149152036543574,1.587784202184685,-20.000000000000007
-0.33184185314048015,1.497591925570437,-20.000000000000007
-0.38784585994986814,1.500870240101973,-20.000000000000007
-0.4034579608286872,1.4971104340934207,-20.000000000000007
-0.43350461688973196,1.4042974918641,-20.000000000000007
-0.4618362914584617,1.3631836064725669,-20.000000000000007
-0.44979863980389573,1.4140743495788193,-20.000000000000007
-0.4616023529946673,1.3662005391197913,-20.000000000000007
-0.4342448915867091,1.4015665234571155,-20.000000000000007
-0.40417873579055347,1.4935751566298747,-20.000000000000007
-0.3723093849133553,1.4956425537647666,-20.000000000000007
-0.33965447873302695,1.4990350305733724,-20.000000000000007
-0.303346625327095,1.5210491019364254,-20.000000000000007
-0.25496339533665036,1.770320953721897,-20.000000000000007
-0.23595842886468235,1.9166845794064784,-20.000000000000007
-0.19431423230206796,1.6246198918783432,-20.000000000000007
-0.20437906386028282,1.7469160927090361,-20.000000000000007
-0.1822603459450228,1.5752406240198034,-20.000000000000007
-0.18888897604606414,1.5748627885679043,-20.000000000000007
-0.1822603459450228,1.5752406240198031,-20.000000000000007
-0.18942453257317313,1.5791548760255547,-20.000000000000007
-0.18911923876494982,1.5756732257028958,-20.000000000000007
-0.2208853973376787,1.931145289038375,-20.000000000000007
-0.21973920250494977,1.9377011394222414,-20.000000000000007
-0.24338853031189459,1.837601697632469,-20.000000000000007
-0.23787954483436075,1.9021277516891226,-20.000000000000007
-0.24950546769882767,1.7506184474221236,-20.000000000000007
-0.25092699487915726,1.729344889771084,-20.000000000000007
-0.26151955792080844,1.7673475575760564,-20.000000000000007
-0.2804142130863332,1.50599461874078,-20.000000000000007
-0.2804642872636418,1.5061256320852192,-20.000000000000007
-0.29243380847748157,1.5849758108195906,-20.000000000000007
-0.27908581884652184,1.462985422426233,-20.000000000000007
-0.2937683133296457,1.5970675836384352,-20.000000000000007
-0.28106607036561787,1.5065051281475137,-20.000000000000007
-0.29680221457289935,1.5903350977380737,-20.000000000000007
-0.29285749526600796,1.5874020119029237,-20.000000000000007
-0.30469651327113145,1.506502824282188,-20.000000000000007
-0.3025071207080854,1.5335323154134946,-20.000000000000007
-0.28032299392205723,1.507794639341816,-20.000000000000007
-0.2646014558325994,1.7627589679718105,-20.000000000000007
-0.23889206048921907,1.8949852356181967,-20.000000000000007
-0.2215118615830844,1.9376978287696403,-20.000000000000007
-0.24812938511712437,1.7856504139612348,-20.000000000000007
-0.27490223428313465,1.5881070213723938,-20.000000000000007
-0.3026328023203817,1.5264748277183688,-20.000000000000007
-0.3502239915229113,1.50161516141791,-20.000000000000007
-0.3777853172481094,1.4964320191970926,-20.000000000000007
-0.4205054246926883,1.4726884029442169,-20.000000000000007
-0.4497566469430233,1.4145250454070877,-20.000000000000007
-0.4521437410108558,1.3995482756275477,-20.000000000000007
-0.46124612274080456,1.3683552353866084,-20.000000000000007
-0.44368350493696784,1.438694888249916,-20.000000000000007
-0.42113632469567397,1.4567411659482694,-20.000000000000007
-0.40448929964816294,1.4961879247861818,-20.000000000000007
-0.36843798489641955,1.499219586814175,-20.000000000000007
-0.3296511429958278,1.4976253496615426,-20.000000000000007
-0.28101632193123477,1.5066209984468277,-20.000000000000007
-0.2531994915135074,1.756842226038719,-20.000000000000007
-0.2277410903060523,1.9236513853463695,-20.000000000000007
-0.2050813207023781,1.7576560601736042,-20.000000000000007
-0.18837473412143407,1.573377960684116,-20.000000000000007
-0.16226514651890211,1.4799780943445653,-20.000000000000007
-0.14969871320520373,1.4376750065870232,-20.000000000000007
-0.16015086704143036,1.4658572207674503,-20.000000000000007
-0.17825534106184446,1.5837285229747722,-20.000000000000007
-0.20117245829941957,1.7057620812394534,-20.000000000000007
-0.21204973859417786,1.8497531531648241,-20.000000000000007
-0.2290840101458849,1.9272000926378037,-20.000000000000007
-0.2273575445664212,1.9266740001345564,-20.000000000000007
-0.2343092326264949,1.9311415577316968,-20.000000000000007
-0.23196923971846883,1.9142976453010259,-20.000000000000007
-0.23803140017504001,1.900030487245212,-20.000000000000007
-0.24611612285869175,1.8163149486735666,-20.000000000000007
-0.21297145694215708,1.8551211557628875,-20.000000000000007
-0.22117610000737895,1.9371965699065867,-20.000000000000007
-0.2309064540506297,1.911544970233989,-20.000000000000007
-0.2461083143214935,1.8161161492556017,-20.000000000000007
-0.2873955492764528,1.5661448446443718,-20.000000000000007
-0.2962308331150285,1.593038842488727,-20.000000000000007
-0.3072398290564171,1.5094781150519185,-20.000000000000007
-0.31147282422384354,1.5002357140496883,-20.000000000000007
-0.31018235809308264,1.5015714691778657,-20.000000000000007
-0.30483653022033685,1.5054126349958048,-20.000000000000007
-0.2819998194639856,1.5315909500928488,-20.000000000000007
-0.2805003391584271,1.503251993319707,-20.000000000000007
-0.24755858785197754,1.7990792434900513,-20.000000000000007
-0.2870664414021035,1.5626633370591594,-20.000000000000007
-0.32213216109131987,1.496753966544277,-20.000000000000007
-0.363046686292504,1.5016907658447671,-20.000000000000007
-0.4029639474585015,1.496110275615305,-20.000000000000007
-0.4281163186299819,1.423491092354493,-20.000000000000007
-0.4463941413703698,1.435476817538018,-20.000000000000007
-0.4564512934538203,1.3818075670975078,-20.000000000000007
-0.4709025345371552,1.3401225564079025,-20.000000000000007
-0.4710196205491096,1.3407914473588103,-20.000000000000007
-0.4584235842382255,1.3983022090231516,-20.000000000000007
-0.45598689874247544,1.3900194410147675,-20.000000000000007
-0.4266919818397483,1.4225031900332374,-20.000000000000007
-0.38872646430925917,1.4989423034721319,-20.000000000000007
-0.35076246123155264,1.4987288457968688,-20.000000000000007
-0.3134280409917548,1.504299353145016,-20.000000000000007
-0.29245122625227193,1.588900264539528,-20.000000000000007
-0.28027204239963804,1.5047202641362771,-20.000000000000007
-0.26535543506246706,1.7669455265133256,-20.000000000000007
-0.26430337099963297,1.7624113466060107,-20.000000000000007
-0.2502845554208489,1.7235141714337496,-20.000000000000007
-0.21354432849926216,1.8745224789689292,-20.000000000000007
-0.2047365030509324,1.7580889424488189,-20.000000000000007
-0.18226034594502277,1.5752406240198031,-20.000000000000007
-0.18837473412143405,1.573377960684116,-20.000000000000007
-0.1941542021624192,1.6248355056872368,-20.000000000000007
-0.2182751281321456,1.932771158182563,-20.000000000000007
-0.22028223899943516,1.939623188500295,-20.000000000000007
-0.23595500071689005,1.9215763779110162,-20.000000000000007
-0.234408232611389,1.9331740021179946,-20.000000000000007
-0.24950546769882764,1.7506184474221236,-20.000000000000007
-0.24839724581557177,1.7826858814747113,-20.000000000000007
-0.2568240276198555,1.7713066462589602,-20.000000000000007
-0.2549335022414257,1.771860896925751,-20.000000000000007
-0.26483581410672785,1.760182020911433,-20.000000000000007
-0.26397145627728985,1.7616699232604902,-20.000000000000007
-0.2801320913463582,1.5136491170428084,-20.000000000000007
-0.2805162497751269,1.5040957276763307,-20.000000000000007
-0.285587080344336,1.5632803966587596,-20.000000000000007
-0.2956457490088646,1.5926551084486404,-20.000000000000007
-0.2911941062217188,1.5877170694326264,-20.000000000000007
-0.28317275143850984,1.5429047687795259,-20.000000000000007
-0.2502845554208488,1.7235141714337492,-20.000000000000007
-0.2549335022414257,1.771860896925751,-20.000000000000007
-0.22126242425464532,1.9315727728415628,-20.000000000000007
-0.2655447567858155,1.7640050352116352,-20.000000000000007
-0.2851737895803543,1.535504724456564,-20.000000000000007
-0.3270521933362543,1.5000760491849017,-20.000000000000007
-0.36064105129477236,1.4987363414971306,-20.000000000000007
-0.4028154299349081,1.4959126344174072,-20.000000000000007
-0.4179870806281436,1.519851058523179,-20.000000000000007
-0.43519420648542484,1.4038041564677326,-20.000000000000007
-0.4564512934538203,1.3818075670975078,-20.000000000000007
-0.4582764209603828,1.393874494771547,-20.000000000000007
-0.4575962076050862,1.3929497479511594,-20.000000000000007
-0.4427891890911715,1.4437354523497592,-20.000000000000007
-0.40444462968408484,1.493422045502038,-20.000000000000007
-0.3609301371682992,1.496901111701685,-20.000000000000007
-0.3294789141781029,1.4983115095693051,-20.000000000000007
-0.3008843180138311,1.5479130758217625,-20.000000000000007
-0.28584311948271457,1.559183925721169,-20.000000000000007
-0.2788542129295257,1.5422096315626037,-20.000000000000007
-0.2568278147509737,1.7706332651819525,-20.000000000000007
-0.24231997439650516,1.8451090692112226,-20.000000000000007
-0.22700039482394935,1.931983712679078,-20.000000000000007
-0.19885325672563559,1.6783739635447605,-20.000000000000007
-0.1822603459450228,1.575240624019803,-20.000000000000007
-0.18842511370101273,1.5738540301251949,-20.000000000000007
-0.179509115801908,1.5810607140359074,-20.000000000000007
-0.18842511370101273,1.5738540301251946,-20.000000000000007
-0.18885818653230285,1.5776548930151266,-20.000000000000007
-0.18888897604606414,1.5748627885679038,-20.000000000000007
-0.18911923876494982,1.5756732257028958,-20.000000000000007
-0.18842511370101273,1.5738540301251946,-20.000000000000007
-0.18885818653230282,1.5776548930151266,-20.000000000000007
-0.18837473412143407,1.5733779606841163,-20.000000000000007
-0.19577284881559964,1.638633434320204,-20.000000000000007
-0.18885818653230282,1.5776548930151268,-20.000000000000007
-0.19927599968825094,1.6820169922625399,-20.000000000000007
-0.18226034594502277,1.575240624019803,-20.000000000000007
-0.18837473412143407,1.573377960684116,-20.000000000000007
-0.18226034594502277,1.575240624019803,-20.000000000000007
-0.18250173051842533,1.5731434678747531,-20.000000000000007
-0.18837473412143407,1.5733779606841163,-20.000000000000007
-0.18037490339096798,1.5624216849117094,-20.000000000000007
-0.18110619219721427,1.5615965088310684,-20.000000000000007
-0.18837473412143405,1.573377960684116,-20.000000000000007
-0.20621950573589576,1.7693061823890073,-20.000000000000007
-0.20508132070237814,1.7576560601736042,-20.000000000000007
-0.22140461161028016,1.9284170608693034,-20.000000000000007
-0.18883859646648546,1.574386719126825,-20.000000000000007
-0.17337853243457835,1.5519365666422187,-20.000000000000007
-0.13766033188648455,1.4110074467856224,-20.000000000000007
-0.13034416345466585,1.5263060543998153,-20.000000000000007
-0.12477553846035512,1.5292050934076342,-20.000000000000007
-0.1247755384603551,1.5292050934076342,-20.000000000000007
-0.1247755384603551,1.5292050934076342,-20.000000000000007
-0.1254040794022055,1.522503050715735,-20.000000000000007
-0.12684286767579067,1.5197244813100859,-20.000000000000007
-0.12962373824809628,1.525556298070263,-20.000000000000007
-0.13162334867738157,1.5125531912026637,-20.000000000000007
-0.13160506288298884,1.5132325960306732,-20.000000000000007
-0.13160506288298884,1.5132325960306732,-20.000000000000007
-0.1296237382480963,1.5255562980702628,-20.000000000000007
-0.12962373824809628,1.525556298070263,-20.000000000000007
-0.12756711120681585,1.5208065143620628,-20.000000000000007
-0.13011223033255648,1.5286861249343535,-20.000000000000007
-0.13136931143642383,1.5152803898427867,-20.000000000000007
-0.1352364542451437,1.4956132648969094,-20.000000000000007
-0.14969871320520373,1.437675006587023,-20.000000000000007
-0.17259283802865874,1.5472393109831908,-20.000000000000007
-0.18067000068203443,1.5594198148107745,-20.000000000000007
-0.1804043718668858,1.5611767535850447,-20.000000000000007
-0.18067000068203443,1.5594198148107745,-20.000000000000007
-0.179509115801908,1.5810607140359072,-20.000000000000007
-0.17950911580190798,1.5810607140359072,-20.000000000000007
-0.179509115801908,1.5810607140359072,-20.000000000000007
-0.17950911580190798,1.5810607140359074,-20.000000000000007
-0.1742675836248365,1.5596310191219986,-20.000000000000007
-0.16491224342351885,1.4962079272044326,-20.000000000000007
-0.1509864912825978,1.3992341320455806,-20.000000000000007
-0.13774689261824094,1.4138227263361496,-20.000000000000007
-0.14969871320520373,1.4376750065870232,-20.000000000000007
-0.13559501490126286,1.4971204706629226,-20.000000000000007
-0.13766089245675403,1.4109848407592605,-20.000000000000007
-0.13559501490126286,1.4971204706629224,-20.000000000000007
-0.1363431436907083,1.4690918166037121,-20.000000000000007
-0.1362648890948696,1.4776041952523142,-20.000000000000007
-0.1348194342851696,1.4901153512901544,-20.000000000000007
-0.13766089245675403,1.4109848407592605,-20.000000000000007
-0.17933485877093763,1.5832655028315095,-20.000000000000007
-0.1894245325731731,1.5791548760255547,-20.000000000000007
-0.2040443086596288,1.7471900021231153,-20.000000000000007
-0.19927599968825094,1.68201699226254,-20.000000000000007
-0.1822603459450228,1.5752406240198034,-20.000000000000007
-0.15098649128259778,1.3992341320455806,-20.000000000000007
-0.13766089245675406,1.4109848407592605,-20.000000000000007
-0.13496593015556188,1.490400499773179,-20.000000000000007
-0.1254040794022055,1.5225030507157356,-20.000000000000007
-0.1240512949293299,1.528123060355657,-20.000000000000007
-0.12405129492932987,1.5281230603556568,-20.000000000000007
-0.12684286767579064,1.5197244813100856,-20.000000000000007
-0.13160506288298884,1.513232596030673,-20.000000000000007
-0.13496593015556188,1.490400499773179,-20.000000000000007
-0.13523645424514372,1.4956132648969094,-20.000000000000007
-0.13496593015556185,1.4904004997731792,-20.000000000000007
-0.13496593015556185,1.4904004997731792,-20.000000000000007
-0.13162334867738157,1.512553191202664,-20.000000000000007
-0.1296237382480963,1.5255562980702628,-20.000000000000007
-0.1296237382480963,1.5255562980702628,-20.000000000000007
-0.12756711120681585,1.520806514362063,-20.000000000000007
-0.13014880712023158,1.5273692584161178,-20.000000000000007
-0.13496974848001758,1.4907327764956038,-20.000000000000007
-0.13766089245675403,1.4109848407592605,-20.000000000000007
-0.17337853243457832,1.5519365666422187,-20.000000000000007
-0.17950911580190804,1.5810607140359072,-20.000000000000007
-0.180374903390968,1.5624216849117096,-20.000000000000007
-0.18037490339096804,1.5624216849117094,-20.000000000000007
-0.17716407672167844,1.5760687284044745,-20.000000000000007
-0.17917386072802038,1.5901780441278877,-20.000000000000007
-0.17259283802865877,1.5472393109831906,-20.000000000000007
-0.16015086704143033,1.4658572207674505,-20.000000000000007
-0.17259283802865877,1.5472393109831906,-20.000000000000007
-0.14975415741304388,1.4356391577721634,-20.000000000000007
-0.179509115801908,1.5810607140359074,-20.000000000000007
-0.179509115801908,1.5810607140359072,-20.000000000000007
-0.18842511370101273,1.5738540301251949,-20.000000000000007
-0.18885818653230282,1.5776548930151268,-20.000000000000007
-0.19316194813994036,1.6117989308347906,-20.000000000000007
-0.20404430865962886,1.7471900021231157,-20.000000000000007
-0.18942453257317313,1.5791548760255547,-20.000000000000007
-0.1894245325731731,1.5791548760255547,-20.000000000000007
-0.18110619219721427,1.5615965088310686,-20.000000000000007
-0.1822603459450228,1.5752406240198031,-20.000000000000007
-0.18250173051842533,1.573143467874753,-20.000000000000007
-0.20438912631107453,1.746757119847901,-20.000000000000007
-0.20508132070237817,1.7576560601736044,-20.000000000000007
-0.1921704293704211,1.6011232540819347,-20.000000000000007
-0.17917386072802038,1.5901780441278877,-20.000000000000007
-0.13634314369070832,1.4690918166037121,-20.000000000000007
-0.13496593015556185,1.490400499773179,-20.000000000000007
-0.13162334867738157,1.5125531912026635,-20.000000000000007
-0.12684286767579067,1.5197244813100856,-20.000000000000007
-0.1254040794022055,1.5225030507157353,-20.000000000000007
-0.12540407940220547,1.5225030507157356,-20.000000000000007
-0.12684286767579067,1.5197244813100856,-20.000000000000007
-0.12962373824809628,1.5255562980702628,-20.000000000000007
-0.13434189990028766,1.4942024153350568,-20.000000000000007
-0.1316233486773816,1.5125531912026637,-20.000000000000007
-0.13160506288298887,1.5132325960306732,-20.000000000000007
-0.1284933585024709,1.5247118007304845,-20.000000000000007
-0.12684286767579067,1.5197244813100859,-20.000000000000007
-0.12684286767579067,1.5197244813100856,-20.000000000000007
-0.13160506288298884,1.5132325960306732,-20.000000000000007
-0.1316233486773816,1.512553191202664,-20.000000000000007
-0.13225188883939853,1.505849498802996,-20.000000000000007
-0.13162334867738157,1.5125531912026637,-20.000000000000007
-0.13496593015556185,1.4904004997731792,-20.000000000000007
-0.13496593015556185,1.490400499773179,-20.000000000000007
-0.1352364542451437,1.4956132648969094,-20.000000000000007
-0.1377468926182409,1.4138227263361496,-20.000000000000007
-0.13766089245675406,1.4109848407592605,-20.000000000000007
-0.13766089245675406,1.4109848407592605,-20.000000000000007
-0.13559501490126286,1.4971204706629226,-20.000000000000007
-0.13498758716990603,1.4902841828006377,-20.000000000000007
-0.13162334867738157,1.5125531912026637,-20.000000000000007
-0.1303479817791215,1.52663833112224,-20.000000000000007
-0.1303479817791215,1.5266383311222402,-20.000000000000007
-0.12684286767579064,1.5197244813100856,-20.000000000000007
-0.1296237382480963,1.5255562980702628,-20.000000000000007
-0.1296237382480963,1.5255562980702628,-20.000000000000007
-0.1316233486773816,1.5125531912026637,-20.000000000000007
-0.13162334867738157,1.5125531912026637,-20.000000000000007
-0.1322518888393985,1.505849498802996,-20.000000000000007
-0.13496593015556185,1.4904004997731792,-20.000000000000007
-0.13495605330512833,1.4898632237174252,-20.000000000000007
-0.13495605330512833,1.4898632237174254,-20.000000000000007
-0.1349582935066505,1.4897359463283295,-20.000000000000007
-0.1349582935066505,1.4897359463283293,-20.000000000000007
-0.1349582935066505,1.4897359463283295,-20.000000000000007
-0.1350079976204999,1.4901723146345818,-20.000000000000007
-0.1352364542451437,1.4956132648969094,-20.000000000000007
-0.13559501490126286,1.4971204706629226,-20.000000000000007
-0.13559501490126286,1.4971204706629226,-20.000000000000007
-0.13559501490126288,1.4971204706629226,-20.000000000000007
-0.13766089245675406,1.4109848407592605,-20.000000000000007
-0.1377468926182409,1.4138227263361496,-20.000000000000007
-0.14969871320520373,1.4376750065870232,-20.000000000000007
-0.16015086704143033,1.4658572207674507,-20.000000000000007
-0.16015086704143036,1.4658572207674505,-20.000000000000007
-0.151885716309857,1.4022628753804087,-20.000000000000007
-0.151885716309857,1.4022628753804087,-20.000000000000007
-0.13766089245675406,1.4109848407592605,-20.000000000000007
-0.13559501490126286,1.4971204706629224,-20.000000000000007
-0.1316233486773816,1.512553191202664,-20.000000000000007
-0.12612832371306415,1.5235867334754818,-20.000000000000007
-0.12612832293323067,1.5235850837677125,-20.000000000000007
-0.11095734796566892,1.5311353815265414,-20.000000000000007
-0.11095734796566892,1.5311353815265414,-20.000000000000007
-0.11023216213590639,1.5313395110577366,-20.000000000000007
-0.11023216213590642,1.5313395110577366,-20.000000000000007
-0.1102321621359064,1.5313395110577368,-20.000000000000007
-0.11023216213590639,1.5313395110577366,-20.000000000000007
-0.11023216213590639,1.5313395110577366,-20.000000000000007
-0.1102321621359064,1.5313395110577366,-20.000000000000007
-0.11023216213590639,1.5313395110577368,-20.000000000000007
-0.1102321621359064,1.5313395110577366,-20.000000000000007
-0.11022688448314422,1.54757734276625,-20.000000000000007
-0.11022610724915127,1.5498308500002485,-20.000000000000007
-0.11022610724915125,1.5498308500002485,-20.000000000000007
-0.11022610724915127,1.5498308500002487,-20.000000000000007
-0.11022610724915125,1.5498308500002485,-20.000000000000007
-0.11022610724915125,1.5498308500002485,-20.000000000000007
-0.11022610724915125,1.5498308500002485,-20.000000000000007
-0.12405129492932987,1.5281230603556573,-20.000000000000007
-0.1254040794022055,1.5225030507157356,-20.000000000000007
-0.12684286767579064,1.5197244813100856,-20.000000000000007
-0.13162334867738157,1.5125531912026637,-20.000000000000007
-0.1316233486773816,1.512553191202664,-20.000000000000007
-0.12962373824809628,1.525556298070263,-20.000000000000007
-0.12962373824809628,1.525556298070263,-20.000000000000007
-0.13766089245675403,1.4109848407592602,-20.000000000000007
-0.1822603459450228,1.575240624019803,-20.000000000000007
-0.22700039482394935,1.9319837126790782,-20.000000000000007
-0.280605263635427,1.4882392549076289,-20.000000000000007
-0.3189181985139756,1.4931845373473964,-20.000000000000007
-0.35383514970036056,1.4992722895729114,-20.000000000000007
-0.39212439810490624,1.5009519485278413,-20.000000000000007
-0.40296755711252646,1.4964228762415948,-20.000000000000007
-0.4360127701558982,1.4070858843350673,-20.000000000000007
-0.4449935754629856,1.4380363019527111,-20.000000000000007
-0.44897999535567557,1.4232190537775167,-20.000000000000007
-0.45826180350248125,1.415509547714342,-20.000000000000007
-0.4298145869920037,1.4108700121623794,-20.000000000000007
-0.4146928570763408,1.507451604235853,-20.000000000000007
-0.38929851645637953,1.5002541416725255,-20.000000000000007
-0.3544212581177449,1.4989230214758262,-20.000000000000007
-0.3191183849011485,1.4935553759220408,-20.000000000000007
-0.2807568504209661,1.5012617913917519,-20.000000000000007
-0.24813200860678117,1.787132067383276,-20.000000000000007
-0.22733561155602625,1.9262788439550511,-20.000000000000007
-0.2129563632659695,1.85535961505459,-20.000000000000007
-0.21297145694215708,1.8551211557628875,-20.000000000000007
-0.18842511370101273,1.5738540301251949,-20.000000000000007
-0.18842511370101275,1.5738540301251949,-20.000000000000007
-0.1822603459450228,1.5752406240198031,-20.000000000000007
-0.18226034594502277,1.5752406240198031,-20.000000000000007
-0.1888889760460642,1.574862788567904,-20.000000000000007
-0.1930381521161568,1.6120202560143864,-20.000000000000007
-0.2040443086596288,1.7471900021231155,-20.000000000000007
-0.22117610000737897,1.937196569906587,-20.000000000000007
-0.24812420006958286,1.7869332679653116,-20.000000000000007
-0.2485005081750783,1.7781541308881688,-20.000000000000007
-0.26616960225946973,1.7622825598971765,-20.000000000000007
-0.2707823085305555,1.7139078657374642,-20.000000000000007
-0.2670181665447029,1.7669985112019293,-20.000000000000007
-0.2791394120872044,1.5012773719131045,-20.000000000000007
-0.26891437148255287,1.7314946268396973,-20.000000000000007
-0.2819630755320104,1.522213933476204,-20.000000000000007
-0.27659826796745424,1.6097514856726025,-20.000000000000007
-0.2993391451063665,1.5645769770689055,-20.000000000000007
-0.2844883477018021,1.5579081829715888,-20.000000000000007
-0.2815021940027956,1.5244852675069365,-20.000000000000007
-0.2803774808843525,1.5076961034151128,-20.000000000000007
-0.25484181585944143,1.7686168378818954,-20.000000000000007
-0.25512975375966035,1.769783133776441,-20.000000000000007
-0.23803140017504,1.9000304872452123,-20.000000000000007
-0.24839724581557182,1.7826858814747109,-20.000000000000007
-0.24233012893262862,1.8479407891859194,-20.000000000000007
-0.26701742554047175,1.7647516582318379,-20.000000000000007
-0.2917028801492418,1.5860595925725052,-20.000000000000007
-0.3295990905592283,1.4979910266788912,-20.000000000000007
-0.3606460854445436,1.4981698423905987,-20.000000000000007
-0.3829985042560061,1.497812852157527,-20.000000000000007
-0.39131563739564823,1.5027686708816335,-20.000000000000007
-0.40701334104583153,1.4995248557923946,-20.000000000000007
-0.4181251078973187,1.5090662852791998,-20.000000000000007
-0.41296388712677795,1.4983408592421554,-20.000000000000007
-0.41851196675931013,1.5129104091200223,-20.000000000000007
-0.3874323207114572,1.4992984024991414,-20.000000000000007
-0.3507618419300773,1.4987370258431445,-20.000000000000007
-0.3188927872189969,1.4971766567772056,-20.000000000000007
-0.28256991487903854,1.5332087128336516,-20.000000000000007
-0.25643500478506054,1.7680961219534523,-20.000000000000007
-0.26217194480447653,1.767962887253322,-20.000000000000007
-0.25017498011470546,1.7007594263643186,-20.000000000000007
-0.25287017142698387,1.7445691566008616,-20.000000000000007
-0.2509269948791573,1.729344889771084,-20.000000000000007
-0.2346141315790542,1.9310863878357944,-20.000000000000007
-0.2290344770755029,1.9276403862238338,-20.000000000000007
-0.22028223899943516,1.939623188500295,-20.000000000000007
-0.21204973859417786,1.8497531531648241,-20.000000000000007
-0.21973920250494972,1.9377011394222408,-20.000000000000007
-0.22725815115555778,1.9273187281239843,-20.000000000000007
-0.23282344288181106,1.9224278734657947,-20.000000000000007
-0.24129920992348683,1.8633257096035756,-20.000000000000007
-0.24753611064781528,1.7981305890838026,-20.000000000000007
-0.24813289807180305,1.7869054613194848,-20.000000000000007
-0.23595500071689002,1.9215763779110162,-20.000000000000007
-0.23430923262649492,1.931141557731697,-20.000000000000007
-0.23614757772495212,1.9207959698853625,-20.000000000000007
-0.2495054676988277,1.7506184474221234,-20.000000000000007
-0.2808478318660158,1.502195648259097,-20.000000000000007
-0.28831958847372885,1.5737907057255947,-20.000000000000007
-0.30268093799422946,1.534587973207346,-20.000000000000007
-0.2961945278231154,1.5908414666552204,-20.000000000000007
-0.27796298571153877,1.506429966815415,-20.000000000000007
-0.26554475678581557,1.7640050352116357,-20.000000000000007
-0.22088539733767873,1.931145289038375,-20.000000000000007
-0.22903447707550287,1.9276403862238336,-20.000000000000007
-0.2182751281321456,1.9327711581825628,-20.000000000000007
-0.2290706721347102,1.9266742771147654,-20.000000000000007
-0.28054534185143876,1.5028863104162786,-20.000000000000007
-0.3165468258151387,1.4977774056470632,-20.000000000000007
-0.349025779990582,1.5001045733592016,-20.000000000000007
-0.3775935112678659,1.4931505730589636,-20.000000000000007
-0.40276009951776365,1.4956930630221819,-20.000000000000007
-0.409170968474746,1.50104749700126,-20.000000000000007
-0.4150954204190599,1.5060276255044165,-20.000000000000007
-0.4231096676703451,1.4399684040545373,-20.000000000000007
-0.4211884132152453,1.4603045291113563,-20.000000000000007
-0.42057566533020396,1.4696948733521324,-20.000000000000007
-0.416002549253169,1.5110946322847596,-20.000000000000007
-0.38631939571772445,1.5009528370584122,-20.000000000000007
-0.3500876310177371,1.501357852087928,-20.000000000000007
-0.3207350837619146,1.498703380250285,-20.000000000000007
-0.2911941062217189,1.5877170694326264,-20.000000000000007
-0.27973050318535303,1.5142987704774487,-20.000000000000007
-0.26230450576618364,1.7646516491463298,-20.000000000000007
-0.24961681985545897,1.7368013901653736,-20.000000000000007
-0.24182544958555666,1.847491232514845,-20.000000000000007
-0.2208853973376787,1.9311452890383747,-20.000000000000007
-0.18842511370101273,1.5738540301251946,-20.000000000000007
-0.1822603459450228,1.5752406240198031,-20.000000000000007
-0.17716407672167844,1.5760687284044748,-20.000000000000007
-0.18885818653230285,1.5776548930151266,-20.000000000000007
-0.18888897604606417,1.574862788567904,-20.000000000000007
-0.20404430865962883,1.7471900021231153,-20.000000000000007
-0.2042962912994226,1.750957634344255,-20.000000000000007
-0.21248743473298978,1.8569242044846717,-20.000000000000007
-0.21891940663265871,1.9363504851979807,-20.000000000000007
-0.21922162412794235,1.932979159416828,-20.000000000000007
-0.23173800461227245,1.913286973414019,-20.000000000000007
-0.24406813897134635,1.8320885388102743,-20.000000000000007
-0.24352941008181267,1.8371727099357729,-20.000000000000007
-0.2502845554208488,1.7235141714337496,-20.000000000000007
-0.24352941008181267,1.837172709935773,-20.000000000000007
-0.22990250993500239,1.9220397278085488,-20.000000000000007
-0.23106734506140772,1.9069034785636467,-20.000000000000007
-0.22022514570381868,1.9305132770558282,-20.000000000000007
-0.20493680599883451,1.7480118792564292,-20.000000000000007
-0.22187253272843055,1.9204197096956948,-20.000000000000007
-0.2119148342979765,1.847948051940096,-20.000000000000007
-0.19316194813994036,1.6117989308347909,-20.000000000000007
-0.22117610000737897,1.9371965699065867,-20.000000000000007
-0.19303815211615682,1.6120202560143864,-20.000000000000007
-0.2368081958155418,1.9141570200209543,-20.000000000000007
-0.2779629857115387,1.506429966815415,-20.000000000000007
-0.30869507693319564,1.5084842271221302,-20.000000000000007
-0.33919544969002025,1.5002720727465229,-20.000000000000007
-0.37083869570089467,1.4976949512942959,-20.000000000000007
-0.37774355434062196,1.4929734584957992,-20.000000000000007
-0.40345407134443023,1.4985746155557254,-20.000000000000007
-0.42737997156411395,1.4206990981375005,-20.000000000000007
-0.4302474260032346,1.406541620966939,-20.000000000000007
-0.4429757307083144,1.445779211788948,-20.000000000000007
-0.41684792418210703,1.5184354910004438,-20.000000000000007
-0.37858097272647384,1.4981079772790546,-20.000000000000007
-0.34779599537555106,1.4996069776268555,-20.000000000000007
-0.31652280272928157,1.497615952605743,-20.000000000000007
-0.2918921499486805,1.5877765777041217,-20.000000000000007
-0.28282190184040923,1.5372665680078783,-20.000000000000007
-0.26523415692589575,1.763931704810019,-20.000000000000007
-0.2549090030591316,1.7618896788549123,-20.000000000000007
-0.24823843475054452,1.767264548894991,-20.000000000000007
-0.22992079293499199,1.926714482989336,-20.000000000000007
-0.21023380688351329,1.8304416245211912,-20.000000000000007
-0.20117245829941957,1.705762081239453,-20.000000000000007
-0.18837473412143405,1.573377960684116,-20.000000000000007
-0.21248743473298978,1.8569242044846717,-20.000000000000007
-0.2040443086596288,1.7471900021231155,-20.000000000000007
-0.22760144644216082,1.9245423734898097,-20.000000000000007
-0.22700039482394935,1.9319837126790782,-20.000000000000007
-0.23430923262649492,1.9311415577316968,-20.000000000000007
-0.23358586926747638,1.9295563077585558,-20.000000000000007
-0.24154441301630342,1.8595951610927486,-20.000000000000007
-0.2452776421772323,1.823694982129578,-20.000000000000007
-0.24814112531457128,1.785614123065802,-20.000000000000007
-0.25354922465006957,1.7668554769849827,-20.000000000000007
-0.25027783111207347,1.7252964706523972,-20.000000000000007
-0.2563403727772235,1.7686087636972747,-20.000000000000007
-0.24451821561584366,1.8284025365562289,-20.000000000000007
-0.24894779568029934,1.7654260612210055,-20.000000000000007
-0.2276014464421608,1.92454237348981,-20.000000000000007
-0.2327863050039776,1.9217446600094166,-20.000000000000007
-0.2192287461517709,1.9347618641061415,-20.000000000000007
-0.20404430865962883,1.7471900021231153,-20.000000000000007
-0.21023380688351329,1.8304416245211912,-20.000000000000007
-0.2194162957036321,1.934944495264261,-20.000000000000007
-0.24753611064781525,1.7981305890838026,-20.000000000000007
-0.29413467946861555,1.5962431302748084,-20.000000000000007
-0.32338208362397713,1.5004193596648232,-20.000000000000007
-0.36293434910876166,1.4974010804429636,-20.000000000000007
-0.3999236494365165,1.4951009450188386,-20.000000000000007
-0.4178923929921881,1.5197421264409794,-20.000000000000007
-0.4246887336824343,1.433474974481702,-20.000000000000007
-0.4386924958764253,1.4318355823356506,-20.000000000000007
-0.4462882427189409,1.4364560205001884,-20.000000000000007
-0.43960072453562604,1.43051216701802,-20.000000000000007
-0.4358413012244262,1.405348213912099,-20.000000000000007
-0.41089708221935706,1.4953634837298138,-20.000000000000007
-0.36584695252464966,1.4993431155727885,-20.000000000000007
-0.3355989584993613,1.4995499925337898,-20.000000000000007
-0.2976070159703147,1.5824402237570048,-20.000000000000007
-0.27628570065275715,1.6147633026497172,-20.000000000000007
-0.24230198987776388,1.8469404039599389,-20.000000000000007
-0.2273330959433283,1.9263185871703346,-20.000000000000007
-0.2124774017858964,1.8482623387946078,-20.000000000000007
-0.1888889760460642,1.574862788567904,-20.000000000000007
-0.18888897604606417,1.5748627885679038,-20.000000000000007
-0.179509115801908,1.5810607140359074,-20.000000000000007
-0.17917386072802038,1.5901780441278877,-20.000000000000007
-0.17716407672167847,1.5760687284044748,-20.000000000000007
-0.17259283802865877,1.5472393109831906,-20.000000000000007
-0.180374903390968,1.5624216849117096,-20.000000000000007
-0.1811061921972143,1.5615965088310686,-20.000000000000007
-0.18226034594502277,1.5752406240198031,-20.000000000000007
-0.18911923876494982,1.5756732257028958,-20.000000000000007
-0.2013109492445595,1.7056980742635648,-20.000000000000007
-0.21297145694215705,1.8551211557628875,-20.000000000000007
-0.20621950573589581,1.7693061823890075,-20.000000000000007
-0.2047365030509324,1.7580889424488189,-20.000000000000007
-0.19885325672563559,1.678373963544761,-20.000000000000007
-0.2011724582994196,1.7057620812394532,-20.000000000000007
-0.2040443086596288,1.7471900021231155,-20.000000000000007
-0.21112736531608323,1.8393954016667315,-20.000000000000007
-0.21248743473298978,1.8569242044846714,-20.000000000000007
-0.22088539733767876,1.9311452890383747,-20.000000000000007
-0.22701847162298072,1.9309018468452903,-20.000000000000007
-0.21851335106583322,1.9363396679201959,-20.000000000000007
-0.20404430865962883,1.7471900021231153,-20.000000000000007
-0.1930381521161568,1.6120202560143864,-20.000000000000007
-0.19303815211615682,1.6120202560143864,-20.000000000000007
-0.22725815115555778,1.9273187281239845,-20.000000000000007
-0.26697337105993435,1.7645090506581802,-20.000000000000007
-0.30103147859474977,1.5466692282696268,-20.000000000000007
-0.3280974772266326,1.500905308351515,-20.000000000000007
-0.37102985204739153,1.493930383446808,-20.000000000000007
-0.382645778183696,1.5024532460070124,-20.000000000000007
-0.4100935649151761,1.4968339322623079,-20.000000000000007
-0.4363153481291884,1.4080553886422529,-20.000000000000007
-0.4363153481291883,1.408055388642253,-20.000000000000007
-0.43960072453562604,1.43051216701802,-20.000000000000007
-0.4161196531363065,1.5103353611064558,-20.000000000000007
-0.38182372525681574,1.499154007318434,-20.000000000000007
-0.3503978331626037,1.5001706112818571,-20.000000000000007
-0.3180989613192333,1.4994413093041887,-20.000000000000007
-0.30102068032237,1.5476996980544975,-20.000000000000007
-0.28022511930179994,1.504643750644455,-20.000000000000007
-0.27334388493623574,1.6528926956140757,-20.000000000000007
-0.2570532431524065,1.7694735996641953,-20.000000000000007
-0.25361823159108676,1.7618320846297,-20.000000000000007
-0.2561983192929955,1.7656534068950287,-20.000000000000007
-0.22959559270852006,1.9265005679165847,-20.000000000000007
-0.21851335106583322,1.936339667920196,-20.000000000000007
-0.1894245325731731,1.5791548760255545,-20.000000000000007
-0.18837473412143407,1.573377960684116,-20.000000000000007
-0.18888897604606414,1.5748627885679038,-20.000000000000007
-0.2185133510658332,1.9363396679201963,-20.000000000000007
-0.21827512813214567,1.9327711581825628,-20.000000000000007
-0.23659925647226115,1.9165596998593313,-20.000000000000007
-0.23060168877451886,1.9140944014911363,-20.000000000000007
-0.22733561155602625,1.9262788439550507,-20.000000000000007
-0.22963178776772736,1.9255344588075158,-20.000000000000007
-0.21411960987166215,1.8728504890414885,-20.000000000000007
-0.21293270721359386,1.8551551876074688,-20.000000000000007
-0.2185133510658332,1.936339667920196,-20.000000000000007
-0.21248743473298976,1.8569242044846714,-20.000000000000007
-0.23205591066668438,1.914540565171374,-20.000000000000007
-0.22784598615666635,1.9231134606847027,-20.000000000000007
-0.235504275510917,1.918890541091363,-20.000000000000007
-0.24816566543812085,1.7783030328666294,-20.000000000000007
-0.22210370765748005,1.9268854239907218,-20.000000000000007
-0.24421485715925448,1.8225172969289045,-20.000000000000007
-0.2312038763501047,1.9069419640305973,-20.000000000000007
-0.24749479559217244,1.799040098782111,-20.000000000000007
-0.24578628450786277,1.8198804365109682,-20.000000000000007
-0.2645551533522055,1.7623413099094312,-20.000000000000007
-0.3090336352353068,1.5068264433831875,-20.000000000000007
-0.35014326306795657,1.5029817911774785,-20.000000000000007
-0.3874323207114573,1.4992984024991411,-20.000000000000007
-0.4168645708965859,1.5163805579080651,-20.000000000000007
-0.4241334088975675,1.4295691498044851,-20.000000000000007
-0.4473062448269644,1.4319835832756198,-20.000000000000007
-0.4706826282662672,1.3405569012402887,-20.000000000000007
-0.4736386363014944,1.338828693761545,-20.000000000000007
-0.4732027879130272,1.3355189080197762,-20.000000000000007
-0.4473925076623475,1.430440002336206,-20.000000000000007
-0.4159584721574619,1.519479437367409,-20.000000000000007
-0.40359803418584445,1.497962805403301,-20.000000000000007
-0.37231066939650637,1.4965023209345023,-20.000000000000007
-0.32903250638038695,1.4972242700786704,-20.000000000000007
-0.33567929905542776,1.4997064857520428,-20.000000000000007
-0.3020911193405532,1.5362086858776713,-20.000000000000007
-0.29690973868965,1.5893699734772535,-20.000000000000007
-0.2879214246588281,1.5730996135501174,-20.000000000000007
-0.24804622458912878,1.7767633722573355,-20.000000000000007
-0.2298434582826654,1.926678347004833,-20.000000000000007
-0.18888897604606414,1.5748627885679038,-20.000000000000007
-0.1822603459450228,1.575240624019803,-20.000000000000007
-0.18837473412143407,1.573377960684116,-20.000000000000007
-0.18885818653230282,1.5776548930151266,-20.000000000000007
-0.18837473412143407,1.5733779606841163,-20.000000000000007
-0.18842511370101275,1.5738540301251946,-20.000000000000007
-0.18888897604606414,1.574862788567904,-20.000000000000007
-0.1891192387649498,1.5756732257028956,-20.000000000000007
-0.2011724582994196,1.7057620812394532,-20.000000000000007
-0.20117245829941957,1.7057620812394532,-20.000000000000007
-0.21086836437030812,1.8362072935113323,-20.000000000000007
-0.1988532567256356,1.6783739635447605,-20.000000000000007
-0.22725815115555778,1.9273187281239843,-20.000000000000007
-0.2120497385941779,1.849753153164824,-20.000000000000007
-0.22959559270852004,1.9265005679165843,-20.000000000000007
-0.22752520271182747,1.9264565813725267,-20.000000000000007
-0.22117610000737897,1.937196569906587,-20.000000000000007
-0.23684107118879075,1.9143939150868259,-20.000000000000007
-0.23019993678350573,1.9212992879400874,-20.000000000000007
-0.2319992418604025,1.9091048307788103,-20.000000000000007
-0.22163643964983373,1.9348203193043676,-20.000000000000007
-0.22908401014588486,1.9272000926378037,-20.000000000000007
-0.2182751281321456,1.9327711581825628,-20.000000000000007
-0.24839724581557182,1.7826858814747113,-20.000000000000007
-0.26404433515631154,1.7598858800564579,-20.000000000000007
-0.2926173299946784,1.5866558748438624,-20.000000000000007
-0.33585751272988346,1.4989988389386564,-20.000000000000007
-0.34883263995902436,1.5001751903363418,-20.000000000000007
-0.38330094920270913,1.5030004261954617,-20.000000000000007
-0.4053077120309493,1.5016481318951995,-20.000000000000007
-0.4145731417259787,1.5041850806489452,-20.000000000000007
-0.42125216121950293,1.460608509573096,-20.000000000000007
-0.41252678450619834,1.497850345418629,-20.000000000000007
-0.39233158451259104,1.5025324667613205,-20.000000000000007
-0.3655794472027984,1.500275367145516,-20.000000000000007
-0.34475023925721027,1.4971680441709172,-20.000000000000007
-0.3150554735510365,1.495078755833979,-20.000000000000007
-0.2941432669294458,1.597095473759582,-20.000000000000007
-0.28097641726935024,1.508253639927686,-20.000000000000007
-0.254962086841128,1.7718077641528995,-20.000000000000007
-0.2662565157033914,1.763814612555425,-20.000000000000007
-0.24430208633823924,1.829034002337281,-20.000000000000007
-0.22140461161028013,1.9284170608693036,-20.000000000000007
-0.2185133510658332,1.9363396679201959,-20.000000000000007
-0.17950911580190804,1.5810607140359074,-20.000000000000007
-0.18888897604606414,1.5748627885679038,-20.000000000000007
-0.18885818653230285,1.5776548930151266,-20.000000000000007
-0.19071249072710517,1.5909698512377526,-20.000000000000007
-0.20404430865962883,1.7471900021231153,-20.000000000000007
-0.21248743473298978,1.8569242044846717,-20.000000000000007
-0.21868118369897113,1.9327819754603475,-20.000000000000007
-0.2388920604892191,1.8949852356181969,-20.000000000000007
-0.23173800461227242,1.9132869734140188,-20.000000000000007
-0.24749479559217244,1.799040098782111,-20.000000000000007
-0.25366023621444694,1.767204390642213,-20.000000000000007
-0.24753611064781525,1.7981305890838022,-20.000000000000007
-0.26481463415548934,1.7624857605731337,-20.000000000000007
-0.24812580977577067,1.7865182147609995,-20.000000000000007
-0.25267361778827824,1.7508401504395787,-20.000000000000007
-0.2503836637376046,1.7099445186385251,-20.000000000000007
-0.2503836637376047,1.7099445186385251,-20.000000000000007
-0.2573620283399167,1.7707963196551508,-20.000000000000007
-0.25652956348855444,1.761779676321293,-20.000000000000007
-0.25906070351504845,1.7775666349084525,-20.000000000000007
-0.2502845554208488,1.7235141714337492,-20.000000000000007
-0.24233012893262865,1.8479407891859199,-20.000000000000007
-0.2216540489387192,1.9345421167973809,-20.000000000000007
-0.24753611064781528,1.7981305890838026,-20.000000000000007
-0.2803774808843525,1.5076961034151128,-20.000000000000007
-0.3094809273058028,1.5055338095898603,-20.000000000000007
-0.35440046688910526,1.500002827783506,-20.000000000000007
-0.3694393921813809,1.5010424237351683,-20.000000000000007
-0.40439236271262835,1.4941969581360024,-20.000000000000007
-0.42948230958212574,1.4094443724861117,-20.000000000000007
-0.4358602331758082,1.4044676996471692,-20.000000000000007
-0.44600625806718575,1.4394008205714908,-20.000000000000007
-0.4293218076432471,1.412191269964043,-20.000000000000007
-0.404281206814079,1.4924513599655622,-20.000000000000007
-0.3819936078337791,1.5012315547311965,-20.000000000000007
-0.34144662784229396,1.498699791032449,-20.000000000000007
-0.30212448453043367,1.5355978921442897,-20.000000000000007
-0.2813285266883695,1.5242433619821254,-20.000000000000007
-0.24606122011520187,1.8162173842845435,-20.000000000000007
-0.2452776421772323,1.8236949821295783,-20.000000000000007
-0.24352941008181264,1.8371727099357729,-20.000000000000007
-0.1930381521161568,1.6120202560143864,-20.000000000000007
-0.1941542021624192,1.6248355056872366,-20.000000000000007
-0.1822603459450228,1.575240624019803,-20.000000000000007
-0.17359964367809982,1.555262154034674,-20.000000000000007
-0.18837473412143407,1.5733779606841163,-20.000000000000007
-0.18837473412143407,1.5733779606841163,-20.000000000000007
-0.18942453257317313,1.5791548760255547,-20.000000000000007
-0.1894245325731731,1.5791548760255547,-20.000000000000007
-0.19303815211615682,1.6120202560143866,-20.000000000000007
-0.20404430865962883,1.7471900021231153,-20.000000000000007
-0.2040443086596288,1.7471900021231155,-20.000000000000007
-0.21204973859417786,1.8497531531648241,-20.000000000000007
-0.20404430865962883,1.7471900021231155,-20.000000000000007
-0.21931127683429322,1.934614313986411,-20.000000000000007
-0.20587468808445003,1.7697390646642215,-20.000000000000007
-0.22765097951254282,1.9241020799037796,-20.000000000000007
-0.2196570342500176,1.93847326178661,-20.000000000000007
-0.24444734909700808,1.8297516327751748,-20.000000000000007
-0.23595500071689005,1.9215763779110162,-20.000000000000007
-0.25357072868708763,1.7642628668894362,-20.000000000000007
-0.2503836637376046,1.7099445186385254,-20.000000000000007
-0.2587301694228207,1.7744805401325012,-20.000000000000007
-0.25468323828954265,1.7585410973226767,-20.000000000000007
-0.22907067213471016,1.9266742771147656,-20.000000000000007
-0.24753611064781525,1.7981305890838024,-20.000000000000007
-0.20404430865962883,1.7471900021231155,-20.000000000000007
-0.23595500071689002,1.9215763779110162,-20.000000000000007
-0.2663559328666817,1.7603067244530752,-20.000000000000007
-0.29619452782311545,1.5908414666552204,-20.000000000000007
-0.33748661661979495,1.4999564425948522,-20.000000000000007
-0.36502578979930067,1.4991291603007846,-20.000000000000007
-0.4027488092192243,1.496917350059395,-20.000000000000007
-0.41789239299218806,1.5197421264409796,-20.000000000000007
-0.42057566533020385,1.4696948733521324,-20.000000000000007
-0.4235225768033382,1.4345902143906013,-20.000000000000007
-0.393830119140134,1.5005027472288623,-20.000000000000007
-0.3730541615562755,1.4931513449381257,-20.000000000000007
-0.3357204693110292,1.4992856949200568,-20.000000000000007
-0.28421010569816607,1.5461130612405813,-20.000000000000007
-0.2474947955921724,1.799040098782111,-20.000000000000007
-0.18883859646648546,1.5743867191268253,-20.000000000000007
-0.16491224342351887,1.4962079272044329,-20.000000000000007
-0.1601508670414304,1.4658572207674503,-20.000000000000007
-0.14969871320520375,1.437675006587023,-20.000000000000007
-0.13766089245675406,1.4109848407592605,-20.000000000000007
-0.1509864912825978,1.3992341320455803,-20.000000000000007
-0.16226514651890211,1.479978094344565,-20.000000000000007
-0.17359964367809982,1.555262154034674,-20.000000000000007
-0.1822603459450228,1.575240624019803,-20.000000000000007
-0.1822603459450228,1.575240624019803,-20.000000000000007
-0.1891192387649498,1.5756732257028956,-20.000000000000007
-0.21248743473298978,1.8569242044846717,-20.000000000000007
-0.21248743473298976,1.8569242044846717,-20.000000000000007
-0.21276096579532144,1.856877738027978,-20.000000000000007
-0.1894245325731731,1.5791548760255547,-20.000000000000007
-0.1888889760460642,1.5748627885679038,-20.000000000000007
-0.18885818653230285,1.5776548930151268,-20.000000000000007
-0.19267268447527958,1.6078003855443996,-20.000000000000007
-0.22117610000737892,1.9371965699065865,-20.000000000000007
-0.22701847162298075,1.93090184684529,-20.000000000000007
-0.24953763946735746,1.7508988717906362,-20.000000000000007
-0.2481352517390904,1.7884598655565378,-20.000000000000007
-0.25034316536252954,1.7113441501340372,-20.000000000000007
-0.2535061231909792,1.7616691469918506,-20.000000000000007
-0.2503836637376047,1.7099445186385251,-20.000000000000007
-0.253486138334484,1.7614157593046509,-20.000000000000007
-0.23478404220835924,1.92614838172832,-20.000000000000007
-0.2330214966601065,1.9186530388228022,-20.000000000000007
-0.2276789068426293,1.923502489320876,-20.000000000000007
-0.23681743567202893,1.9124060870551745,-20.000000000000007
-0.2810188354643769,1.5066054761842915,-20.000000000000007
-0.3186769725391985,1.4990050675486621,-20.000000000000007
-0.3482022644793199,1.5001536259053927,-20.000000000000007
-0.3722757714277575,1.4944246863007316,-20.000000000000007
-0.40420644808156947,1.4917143678686169,-20.000000000000007
-0.41846599135405704,1.5125447850773959,-20.000000000000007
-0.42811631862998195,1.4234910923544928,-20.000000000000007
-0.44562179576332084,1.438336267572611,-20.000000000000007
-0.44278045326702964,1.4440584376269345,-20.000000000000007
-0.4388376151458416,1.4322722379896395,-20.000000000000007
-0.43748539910655593,1.418669849759013,-20.000000000000007
-0.4050344173881215,1.5003865244336052,-20.000000000000007
-0.37703425498521564,1.4928029165439003,-20.000000000000007
-0.3395187206004439,1.4986966606876748,-20.000000000000007
-0.31507191153822184,1.4940676551326475,-20.000000000000007
-0.3020911193405532,1.5362086858776713,-20.000000000000007
-0.28022511930179994,1.504643750644455,-20.000000000000007
-0.2637757521371424,1.762939959906741,-20.000000000000007
-0.22992451001107297,1.9216955694980076,-20.000000000000007
-0.21293270721359384,1.8551551876074688,-20.000000000000007
-0.18837473412143405,1.573377960684116,-20.000000000000007
-0.1822603459450228,1.5752406240198034,-20.000000000000007
-0.17950911580190798,1.5810607140359074,-20.000000000000007
-0.179509115801908,1.5810607140359072,-20.000000000000007
-0.18226034594502277,1.575240624019803,-20.000000000000007
-0.18837473412143407,1.573377960684116,-20.000000000000007
-0.18837473412143407,1.573377960684116,-20.000000000000007
-0.18888897604606417,1.5748627885679038,-20.000000000000007
-0.1920904143005967,1.6012310609863811,-20.000000000000007
-0.2040443086596288,1.7471900021231153,-20.000000000000007
-0.20404430865962883,1.7471900021231153,-20.000000000000007
-0.21931127683429322,1.9346143139864107,-20.000000000000007
-0.21112736531608323,1.8393954016667318,-20.000000000000007
-0.2306016887745189,1.9140944014911363,-20.000000000000007
-0.22014714604852803,1.9414399986101933,-20.000000000000007
-0.24352941008181267,1.8371727099357726,-20.000000000000007
-0.23193210184063526,1.913614431844647,-20.000000000000007
-0.24965204629655047,1.7463127307456157,-20.000000000000007
-0.2498162325585057,1.7217774292055068,-20.000000000000007
-0.25483399464994977,1.756697762896359,-20.000000000000007
-0.25462373660832593,1.763849014721409,-20.000000000000007
-0.2290706721347102,1.9266742771147654,-20.000000000000007
-0.24753611064781528,1.7981305890838026,-20.000000000000007
-0.21248743473298976,1.8569242044846717,-20.000000000000007
-0.25493350224142575,1.771860896925751,-20.000000000000007
-0.2790418615852196,1.4658209857437952,-20.000000000000007
-0.3141371628700678,1.4998219338885996,-20.000000000000007
-0.35078054467541475,1.4985977074066668,-20.000000000000007
-0.38158811509007523,1.4983997890724903,-20.000000000000007
-0.3938858522112767,1.5018424445147065,-20.000000000000007
-0.4176836524414479,1.5173330455572003,-20.000000000000007
-0.4336034232159889,1.4038054198345973,-20.000000000000007
-0.43602584347860684,1.4048706221751506,-20.000000000000007
-0.4429727553838049,1.447410804075999,-20.000000000000007
-0.4173749441325174,1.5123936308036985,-20.000000000000007
-0.37731442028556067,1.4973774965246298,-20.000000000000007
-0.3340424247059195,1.4975920377024141,-20.000000000000007
-0.28473904023714525,1.5518409632668877,-20.000000000000007
-0.24754720397342556,1.7997482448718514,-20.000000000000007
-0.22760266311229596,1.9254166972035933,-20.000000000000007
-0.212492495462084,1.8480238795029051,-20.000000000000007
-0.20438912631107453,1.746757119847901,-20.000000000000007
-0.18837473412143407,1.5733779606841165,-20.000000000000007
-0.17917386072802036,1.5901780441278879,-20.000000000000007
-0.17426758362483646,1.5596310191219986,-20.000000000000007
-0.1489623238983579,1.4412504362146568,-20.000000000000007
-0.17825534106184443,1.5837285229747724,-20.000000000000007
-0.17917386072802036,1.5901780441278879,-20.000000000000007
-0.18226034594502277,1.5752406240198031,-20.000000000000007
-0.18885818653230282,1.5776548930151266,-20.000000000000007
-0.18885818653230285,1.5776548930151268,-20.000000000000007
-0.2040443086596288,1.7471900021231153,-20.000000000000007
-0.1925488884514961,1.6080217107239954,-20.000000000000007
-0.21827512813214564,1.9327711581825628,-20.000000000000007
-0.2040443086596288,1.7471900021231155,-20.000000000000007
-0.2198364418858859,1.9383820500166025,-20.000000000000007
-0.21248743473298976,1.8569242044846717,-20.000000000000007
-0.21983644188588583,1.9383820500166025,-20.000000000000007
-0.2185133510658332,1.9363396679201959,-20.000000000000007
-0.21965703425001756,1.9384732617866098,-20.000000000000007
-0.2196570342500176,1.93847326178661,-20.000000000000007
-0.22016792406061556,1.94105959702796,-20.000000000000007
-0.22088539733767873,1.931145289038375,-20.000000000000007
-0.2194162957036321,1.934944495264261,-20.000000000000007
-0.22028223899943516,1.9396231885002952,-20.000000000000007
-0.2108683643703081,1.836207293511332,-20.000000000000007
-0.23278630500397757,1.9217446600094164,-20.000000000000007
-0.24753611064781525,1.7981305890838026,-20.000000000000007
-0.30240052368331993,1.5349201640465089,-20.000000000000007
-0.33878636238260995,1.5003857985060014,-20.000000000000007
-0.36786805877020884,1.4999258211986872,-20.000000000000007
-0.41781368648287215,1.518409261021481,-20.000000000000007
-0.4188744349658273,1.5005060956058867,-20.000000000000007
-0.4359270371523498,1.405362694204653,-20.000000000000007
-0.4646129319542565,1.3456615005424506,-20.000000000000007
-0.459852758595218,1.3834663696634346,-20.000000000000007
-0.4718122929046303,1.3378061347347783,-20.000000000000007
-0.4538172458920341,1.3882997750411386,-20.000000000000007
-0.41788698556214465,1.5178207843614302,-20.000000000000007
-0.3848913330349596,1.5007219298752408,-20.000000000000007
-0.34204387774886513,1.498071489199933,-20.000000000000007
-0.32022211363189573,1.499709520323697,-20.000000000000007
-0.30168584255114095,1.5375637019549586,-20.000000000000007
-0.2809897934598704,1.509905668350986,-20.000000000000007
-0.28091775621608633,1.5101713202633242,-20.000000000000007
-0.2761817758897314,1.6138523993466576,-20.000000000000007
-0.2503431653625295,1.7113441501340372,-20.000000000000007
-0.22700039482394932,1.9319837126790778,-20.000000000000007
-0.18842511370101275,1.573854030125195,-20.000000000000007
-0.17825534106184449,1.5837285229747724,-20.000000000000007
-0.17716407672167844,1.5760687284044748,-20.000000000000007
-0.179509115801908,1.5810607140359072,-20.000000000000007
-0.18837473412143407,1.573377960684116,-20.000000000000007
-0.18837473412143407,1.5733779606841163,-20.000000000000007
-0.18942453257317313,1.5791548760255547,-20.000000000000007
-0.1894245325731731,1.5791548760255547,-20.000000000000007
-0.19944106105329562,1.6817218920230794,-20.000000000000007
-0.19316194813994036,1.6117989308347906,-20.000000000000007
-0.20437906386028282,1.7469160927090357,-20.000000000000007
-0.20422406494602985,1.7470522200873617,-20.000000000000007
-0.22014525807177523,1.9377119567000256,-20.000000000000007
-0.2189446514656916,1.929444681523776,-20.000000000000007
-0.2129563632659695,1.85535961505459,-20.000000000000007
-0.21898048682672572,1.9298461703898884,-20.000000000000007
-0.22996407590031498,1.9201705127889528,-20.000000000000007
-0.2330720389649292,1.918360971519973,-20.000000000000007
-0.2460122840073165,1.8086753750631521,-20.000000000000007
-0.23104894066734633,1.9062717349328506,-20.000000000000007
-0.18210050926905264,1.573669472571729,-20.000000000000007
-0.21297145694215708,1.8551211557628877,-20.000000000000007
-0.18885818653230282,1.5776548930151266,-20.000000000000007
-0.22595440670337322,1.9324083385227473,-20.000000000000007
-0.25359754377973354,1.767748266302428,-20.000000000000007
-0.28711665010068016,1.5498945121053431,-20.000000000000007
-0.32013762155861336,1.4997493257441477,-20.000000000000007
-0.36094083982985026,1.4973651999678548,-20.000000000000007
-0.3790860705191713,1.4998548190177257,-20.000000000000007
-0.4068912585760551,1.5005634048913044,-20.000000000000007
-0.44614334602698497,1.4384958903105174,-20.000000000000007
-0.446143346026985,1.4384958903105172,-20.000000000000007
-0.44617368648665845,1.437693684457455,-20.000000000000007
-0.4281031217036734,1.4216911908128078,-20.000000000000007
-0.392561138492854,1.5015635117324433,-20.000000000000007
-0.3591223351952286,1.496276112716227,-20.000000000000007
-0.3468468424654152,1.4965459967202766,-20.000000000000007
-0.31011758243081944,1.5036481952148821,-20.000000000000007
-0.3015762558074406,1.5389990622252379,-20.000000000000007
-0.2805914932715971,1.510267635465585,-20.000000000000007
-0.2755708144406306,1.616651583644801,-20.000000000000007
-0.2503836637376046,1.7099445186385254,-20.000000000000007
-0.21922162412794235,1.9329791594168277,-20.000000000000007
-0.2196570342500176,1.9384732617866103,-20.000000000000007
-0.18226034594502283,1.575240624019803,-20.000000000000007
-0.18842511370101273,1.5738540301251949,-20.000000000000007
-0.18837473412143402,1.5733779606841165,-20.000000000000007
-0.1822603459450228,1.575240624019803,-20.000000000000007
-0.18888897604606414,1.574862788567904,-20.000000000000007
-0.18842511370101275,1.5738540301251946,-20.000000000000007
-0.1928078893972712,1.6112098188793946,-20.000000000000007
-0.18942453257317313,1.5791548760255547,-20.000000000000007
-0.20404430865962883,1.7471900021231153,-20.000000000000007
-0.19303815211615682,1.6120202560143866,-20.000000000000007
-0.18226034594502277,1.5752406240198031,-20.000000000000007
-0.2011724582994196,1.705762081239453,-20.000000000000007
-0.18842511370101273,1.5738540301251946,-20.000000000000007
-0.2317380046122724,1.913286973414019,-20.000000000000007
-0.24338853031189459,1.837601697632469,-20.000000000000007
-0.2532688923353968,1.7578024270239831,-20.000000000000007
-0.24983746969752976,1.7350726326056742,-20.000000000000007
-0.25493350224142575,1.7718608969257512,-20.000000000000007
-0.2502845554208489,1.7235141714337494,-20.000000000000007
-0.24812938511712435,1.7856504139612348,-20.000000000000007
-0.24894779568029934,1.7654260612210053,-20.000000000000007
-0.2368081958155418,1.9141570200209541,-20.000000000000007
-0.24950546769882767,1.7506184474221234,-20.000000000000007
-0.2621554542516436,1.768456194427439,-20.000000000000007
-0.3044015021354134,1.5060216249131337,-20.000000000000007
-0.3387049733437474,1.500196555406899,-20.000000000000007
-0.384595899863133,1.5003306358339246,-20.000000000000007
-0.4026079723401452,1.4951828211979945,-20.000000000000007
-0.42618838334182113,1.4232137346337994,-20.000000000000007
-0.46160235299466723,1.3662005391197911,-20.000000000000007
-0.4742436070376334,1.338877050051328,-20.000000000000007
-0.4982342815223787,1.3837646738034044,-20.000000000000007
-0.48731164754457573,1.3654568441151682,-20.000000000000007
-0.46110387748253706,1.3778466768016513,-20.000000000000007
-0.4359087369960246,1.4064277879202702,-20.000000000000007
-0.41315720023261915,1.4988334757340829,-20.000000000000007
-0.37217253652488663,1.495209588415556,-20.000000000000007
-0.34135488898604865,1.498463727843626,-20.000000000000007
-0.3151594012953004,1.4956085394446514,-20.000000000000007
-0.27872285999479984,1.5410216059235347,-20.000000000000007
-0.26495244430603804,1.7608238424898723,-20.000000000000007
-0.23060168877451886,1.9140944014911359,-20.000000000000007
-0.2040443086596288,1.747190002123115,-20.000000000000007
-0.1894245325731731,1.5791548760255547,-20.000000000000007
-0.17950911580190798,1.5810607140359074,-20.000000000000007
-0.18250173051842536,1.5731434678747531,-20.000000000000007
-0.18888897604606414,1.5748627885679038,-20.000000000000007
-0.18888897604606417,1.5748627885679038,-20.000000000000007
-0.21941629570363208,1.934944495264261,-20.000000000000007
-0.21941629570363208,1.934944495264261,-20.000000000000007
-0.2309064540506297,1.911544970233989,-20.000000000000007
-0.23479550972404747,1.9292577686435866,-20.000000000000007
-0.24813289807180308,1.786905461319485,-20.000000000000007
-0.24751990564399282,1.7992612868427913,-20.000000000000007
-0.26908962159891314,1.7393641179858732,-20.000000000000007
-0.2633806440670744,1.7616662219360335,-20.000000000000007
-0.27850372179486205,1.484319895456388,-20.000000000000007
-0.28476493343669546,1.54844236727586,-20.000000000000007
-0.25706781232562104,1.7707522420607886,-20.000000000000007
-0.2779629857115387,1.506429966815415,-20.000000000000007
-0.24753611064781528,1.7981305890838026,-20.000000000000007
-0.24352941008181261,1.8371727099357726,-20.000000000000007
-0.23196923971846878,1.9142976453010254,-20.000000000000007
-0.22760144644216082,1.9245423734898097,-20.000000000000007
-0.22959559270852004,1.9265005679165845,-20.000000000000007
-0.22760144644216082,1.9245423734898095,-20.000000000000007
-0.22903447707550284,1.9276403862238336,-20.000000000000007
-0.24352941008181267,1.8371727099357724,-20.000000000000007
-0.2571450098572349,1.7709511941364189,-20.000000000000007
-0.28513543071080866,1.5353985649857198,-20.000000000000007
-0.33549342820841066,1.499898308694545,-20.000000000000007
-0.36273580354800466,1.4973066856412771,-20.000000000000007
-0.4050815145837746,1.5005423394126773,-20.000000000000007
-0.4304133658506469,1.4061398927781537,-20.000000000000007
-0.4406651674794926,1.4280282521150256,-20.000000000000007
-0.4462882427189409,1.4364560205001884,-20.000000000000007
-0.4262911104756447,1.4215647388126946,-20.000000000000007
-0.4177723672031316,1.516072848882026,-20.000000000000007
-0.40373157240882124,1.495308272296913,-20.000000000000007
-0.36769644790905115,1.500616414930185,-20.000000000000007
-0.3385947379167223,1.5002867207923645,-20.000000000000007
-0.29533359390112546,1.592925073118745,-20.000000000000007
-0.2474947955921724,1.799040098782111,-20.000000000000007
-0.22009438141336607,1.932060905344298,-20.000000000000007
-0.19267016886258168,1.6078401287596833,-20.000000000000007
-0.18842511370101275,1.5738540301251946,-20.000000000000007
-0.18885818653230285,1.5776548930151266,-20.000000000000007
-0.18837473412143407,1.5733779606841163,-20.000000000000007
-0.18226034594502277,1.575240624019803,-20.000000000000007
-0.17917386072802038,1.5901780441278879,-20.000000000000007
-0.17917386072802038,1.5901780441278879,-20.000000000000007
-0.1822603459450228,1.575240624019803,-20.000000000000007
-0.18885818653230285,1.5776548930151268,-20.000000000000007
-0.20404430865962883,1.7471900021231155,-20.000000000000007
-0.2126869079381141,1.8605267460668862,-20.000000000000007
-0.21931127683429325,1.934614313986411,-20.000000000000007
-0.21248743473298976,1.8569242044846717,-20.000000000000007
-0.20473650305093238,1.7580889424488189,-20.000000000000007
-0.2182751281321456,1.9327711581825628,-20.000000000000007
-0.22029949326914816,1.9398441916845455,-20.000000000000007
-0.2306016887745189,1.9140944014911363,-20.000000000000007
-0.22984345828266536,1.9266783470048332,-20.000000000000007
-0.22725815115555778,1.9273187281239843,-20.000000000000007
-0.22595440670337325,1.9324083385227475,-20.000000000000007
-0.22088539733767873,1.931145289038375,-20.000000000000007
-0.22760144644216085,1.9245423734898095,-20.000000000000007
-0.22765097951254282,1.9241020799037793,-20.000000000000007
-0.21248743473298976,1.8569242044846714,-20.000000000000007
-0.22725815115555775,1.9273187281239845,-20.000000000000007
-0.22014714604852798,1.9414399986101936,-20.000000000000007
-0.22743500496688968,1.925634115965623,-20.000000000000007
-0.2640139730562603,1.7622023750882017,-20.000000000000007
-0.28477524082017275,1.5519229100790066,-20.000000000000007
-0.3212990039115486,1.4978936048979992,-20.000000000000007
-0.3501155432872903,1.501997136055095,-20.000000000000007
-0.37182018906171055,1.496001435837546,-20.000000000000007
-0.4038109602976033,1.4949588887523901,-20.000000000000007
-0.42035720850973235,1.4723648662483408,-20.000000000000007
-0.41697914292049554,1.517277560154018,-20.000000000000007
-0.4293711674606338,1.4120697577230192,-20.000000000000007
-0.4007955829578855,1.4951203923604905,-20.000000000000007
-0.39388585221127675,1.5018424445147065,-20.000000000000007
-0.36348815659770317,1.4978152108704195,-20.000000000000007
-0.32098952261303115,1.4994119987648538,-20.000000000000007
-0.2809291823681092,1.508353987964464,-20.000000000000007
-0.22938363417509905,1.9231452996968357,-20.000000000000007
-0.22610668672834547,1.9302216087355992,-20.000000000000007
-0.20620692767240612,1.7695048984654262,-20.000000000000007
-0.2216364396498337,1.9348203193043676,-20.000000000000007
-0.20620692767240614,1.769504898465426,-20.000000000000007
-0.21898340119425475,1.9294106496791947,-20.000000000000007
-0.18837473412143405,1.573377960684116,-20.000000000000007
-0.18911923876494982,1.5756732257028958,-20.000000000000007
-0.1822603459450228,1.575240624019803,-20.000000000000007
-0.2011724582994196,1.705762081239453,-20.000000000000007
-0.20404430865962883,1.7471900021231157,-20.000000000000007
-0.22033055059070922,1.9384815235691368,-20.000000000000007
-0.22903447707550287,1.9276403862238336,-20.000000000000007
-0.2290344770755029,1.9276403862238336,-20.000000000000007
-0.2388920604892191,1.8949852356181969,-20.000000000000007
-0.2368126993536448,1.9131695772152835,-20.000000000000007
-0.2494168558751578,1.7530031422084709,-20.000000000000007
-0.25027783111207347,1.7252964706523972,-20.000000000000007
-0.26175657282751474,1.765686231959381,-20.000000000000007
-0.27797155751071423,1.5058608914785698,-20.000000000000007
-0.2783379440228326,1.4898384639207842,-20.000000000000007
-0.27867797291209545,1.4793883314631033,-20.000000000000007
-0.27796298571153877,1.5064299668154149,-20.000000000000007
-0.26276927440766196,1.7625609162699798,-20.000000000000007
-0.2645397981718718,1.7593873789892278,-20.000000000000007
-0.26483581410672785,1.7601820209114332,-20.000000000000007
-0.24894779568029934,1.7654260612210055,-20.000000000000007
-0.234408232611389,1.9331740021179948,-20.000000000000007
-0.2353846769406121,1.9234328870905961,-20.000000000000007
-0.21931127683429325,1.934614313986411,-20.000000000000007
-0.25493350224142575,1.771860896925751,-20.000000000000007
-0.2801051246410949,1.4811490945842525,-20.000000000000007
-0.3119272047605736,1.5025157261757227,-20.000000000000007
-0.34454848481589073,1.497316571313085,-20.000000000000007
-0.38457942893610825,1.4991820900749353,-20.000000000000007
-0.4103262540208172,1.4974440094991917,-20.000000000000007
-0.42035720850973235,1.4723648662483408,-20.000000000000007
-0.4437894035883968,1.4377156852877457,-20.000000000000007
-0.45337973749812244,1.390489797421323,-20.000000000000007
-0.4469396672231607,1.432657762602098,-20.000000000000007
-0.4568796165795856,1.3868402912059852,-20.000000000000007
-0.42063158588630234,1.4721521144122023,-20.000000000000007
-0.382645778183696,1.5024532460070121,-20.000000000000007
-0.344638182167706,1.4972801664417341,-20.000000000000007
-0.3100341374098379,1.5043318802934418,-20.000000000000007
-0.29392143141561916,1.5971422552553443,-20.000000000000007
-0.2794127067300322,1.5270883793479049,-20.000000000000007
-0.2568226467947818,1.769172987102204,-20.000000000000007
-0.22595826031529195,1.9324263488581668,-20.000000000000007
-0.20473650305093244,1.7580889424488189,-20.000000000000007
-0.18250173051842533,1.5731434678747531,-20.000000000000007
-0.1822603459450228,1.5752406240198031,-20.000000000000007
-0.18842511370101273,1.5738540301251946,-20.000000000000007
-0.1894245325731731,1.5791548760255547,-20.000000000000007
-0.20587468808445003,1.7697390646642217,-20.000000000000007
-0.21204973859417786,1.849753153164824,-20.000000000000007
-0.2182751281321456,1.9327711581825628,-20.000000000000007
-0.21248743473298978,1.8569242044846712,-20.000000000000007
-0.21248743473298976,1.8569242044846717,-20.000000000000007
-0.21248743473298976,1.8569242044846717,-20.000000000000007
-0.18250173051842536,1.5731434678747531,-20.000000000000007
-0.17917386072802038,1.5901780441278879,-20.000000000000007
-0.18888897604606414,1.574862788567904,-20.000000000000007
-0.18110619219721427,1.5615965088310684,-20.000000000000007
-0.23282344288181106,1.9224278734657947,-20.000000000000007
-0.23205591066668438,1.9145405651713738,-20.000000000000007
-0.24129920992348683,1.8633257096035758,-20.000000000000007
-0.2452776421772323,1.8236949821295778,-20.000000000000007
-0.2368081958155418,1.9141570200209543,-20.000000000000007
-0.2458729677384549,1.8196671662315556,-20.000000000000007
-0.2208853973376787,1.9311452890383747,-20.000000000000007
-0.2453754064510582,1.824009921135028,-20.000000000000007
-0.22963178776772736,1.9255344588075163,-20.000000000000007
-0.2565221114652095,1.7702420953753906,-20.000000000000007
-0.2814932375182839,1.524035738794743,-20.000000000000007
-0.3155627751367826,1.4953879168490005,-20.000000000000007
-0.35022302841236913,1.5040992753328457,-20.000000000000007
-0.38164778849711356,1.498900179738704,-20.000000000000007
-0.4181837451981559,1.507581362072683,-20.000000000000007
-0.4302474260032346,1.406541620966939,-20.000000000000007
-0.4473590291529207,1.4322221784822668,-20.000000000000007
-0.4728380459071638,1.3344192763904492,-20.000000000000007
-0.46393387496197586,1.3472332067786723,-20.000000000000007
-0.47164451628952764,1.337663639420251,-20.000000000000007
-0.44301319312683035,1.4462938250979298,-20.000000000000007
-0.4159661925734818,1.5100648657527058,-20.000000000000007
-0.37520843300448375,1.4897117269808762,-20.000000000000007
-0.3412952433686999,1.4984466394824154,-20.000000000000007
-0.31498225279628494,1.4943084477200779,-20.000000000000007
-0.29278236032885085,1.5873813971107607,-20.000000000000007
-0.28021708360561987,1.5080859965693252,-20.000000000000007
-0.2643719555308714,1.7621457506448788,-20.000000000000007
-0.2565640028177628,1.7702993837919778,-20.000000000000007
-0.22638606166750125,1.9313937377440498,-20.000000000000007
-0.21248743473298976,1.8569242044846714,-20.000000000000007
-0.1822603459450228,1.575240624019803,-20.000000000000007
-0.1822603459450228,1.575240624019803,-20.000000000000007
-0.1822603459450228,1.575240624019803,-20.000000000000007
-0.18885818653230285,1.5776548930151266,-20.000000000000007
-0.18885818653230285,1.5776548930151266,-20.000000000000007
-0.19303815211615682,1.6120202560143866,-20.000000000000007
-0.20429629129942256,1.7509576343442548,-20.000000000000007
-0.22171818828939024,1.9373289534703138,-20.000000000000007
-0.22611171795374133,1.9301421223050315,-20.000000000000007
-0.23193210184063526,1.9136144318446473,-20.000000000000007
-0.23479550972404747,1.9292577686435866,-20.000000000000007
-0.22903447707550287,1.9276403862238336,-20.000000000000007
-0.2475439191850135,1.7983293885017666,-20.000000000000007
-0.22772843991301128,1.923062195734846,-20.000000000000007
-0.24521767941949552,1.8228223391592597,-20.000000000000007
-0.23007702164657629,1.9262378209855204,-20.000000000000007
-0.2366246846961241,1.9113237430442522,-20.000000000000007
-0.23185803826464935,1.9137764205192718,-20.000000000000007
-0.2293836341750991,1.9231452996968357,-20.000000000000007
-0.22611171795374133,1.9301421223050315,-20.000000000000007
-0.20438912631107456,1.746757119847901,-20.000000000000007
-0.21204973859417786,1.849753153164824,-20.000000000000007
-0.20429629129942262,1.750957634344255,-20.000000000000007
-0.24894779568029934,1.7654260612210053,-20.000000000000007
-0.2806052636354269,1.4882392549076289,-20.000000000000007
-0.32337953344069426,1.5001830808983105,-20.000000000000007
-0.3723763564566068,1.4950106463939195,-20.000000000000007
-0.3926722429873827,1.50376466228247,-20.000000000000007
-0.4120989676872925,1.4971825918189579,-20.000000000000007
-0.4342558862633895,1.4028196587088133,-20.000000000000007
-0.44600625806718575,1.439400820571491,-20.000000000000007
-0.4464390330021026,1.4349477742357133,-20.000000000000007
-0.4467445707032336,1.4323425616660759,-20.000000000000007
-0.4173749441325174,1.5123936308036985,-20.000000000000007
-0.3746450219967287,1.492995346955467,-20.000000000000007
-0.34038749929223705,1.4989491217246877,-20.000000000000007
-0.301044108793354,1.5482783270347134,-20.000000000000007
-0.2667520647605743,1.7648084722420616,-20.000000000000007
-0.25363959987210055,1.7640771185418005,-20.000000000000007
-0.2319739707079911,1.9092508644302244,-20.000000000000007
-0.22747246433105792,1.9208394206623416,-20.000000000000007
-0.2135935326099057,1.8661332079566522,-20.000000000000007
-0.18226034594502277,1.5752406240198031,-20.000000000000007
-0.18226034594502277,1.5752406240198034,-20.000000000000007
-0.17426758362483646,1.5596310191219989,-20.000000000000007
-0.17917386072802038,1.5901780441278879,-20.000000000000007
-0.18837473412143405,1.573377960684116,-20.000000000000007
-0.18842511370101278,1.5738540301251949,-20.000000000000007
-0.20473650305093244,1.7580889424488186,-20.000000000000007
-0.19303815211615682,1.6120202560143864,-20.000000000000007
-0.20587468808445006,1.769739064664222,-20.000000000000007
-0.2011724582994196,1.7057620812394534,-20.000000000000007
-0.1894245325731731,1.5791548760255543,-20.000000000000007
-0.1891192387649498,1.5756732257028956,-20.000000000000007
-0.18888897604606414,1.5748627885679043,-20.000000000000007
-0.18942453257317315,1.5791548760255547,-20.000000000000007
-0.20117245829941957,1.7057620812394532,-20.000000000000007
-0.20587468808445006,1.7697390646642215,-20.000000000000007
-0.2185133510658332,1.9363396679201959,-20.000000000000007
-0.21973920250494972,1.937701139422241,-20.000000000000007
-0.22117610000737895,1.9371965699065872,-20.000000000000007
-0.22725815115555775,1.9273187281239845,-20.000000000000007
-0.20587468808445003,1.7697390646642217,-20.000000000000007
-0.2126869079381141,1.860526746066886,-20.000000000000007
-0.21941629570363208,1.9349444952642607,-20.000000000000007
-0.2327863050039776,1.9217446600094166,-20.000000000000007
-0.25065855339975707,1.7267162509364218,-20.000000000000007
-0.3087234174612784,1.5074575561331989,-20.000000000000007
-0.33619795853692114,1.500640341846469,-20.000000000000007
-0.37051646173336855,1.4960182743078938,-20.000000000000007
-0.4150954204190599,1.5060276255044167,-20.000000000000007
-0.41572186711821313,1.5082503094764514,-20.000000000000007
-0.4389026867873874,1.4297911652607667,-20.000000000000007
-0.46148938632287534,1.3700300205333031,-20.000000000000007
-0.4576102101643221,1.3893635719462534,-20.000000000000007
-0.461610351096377,1.3728924417006854,-20.000000000000007
-0.44346951266292733,1.4411148543689523,-20.000000000000007
-0.40412100433124043,1.4944034699244106,-20.000000000000007
-0.37247907163298455,1.494804861803973,-20.000000000000007
-0.34305166151658034,1.5001058913767922,-20.000000000000007
-0.32095709530283173,1.4984279574447041,-20.000000000000007
-0.30073065248478437,1.5497326091802062,-20.000000000000007
-0.3135073236192693,1.505434398911365,-20.000000000000007
-0.2911941062217188,1.5877170694326264,-20.000000000000007
-0.29445299301849176,1.5988117548357343,-20.000000000000007
-0.2939214314156191,1.5971422552553445,-20.000000000000007
-0.23205591066668435,1.914540565171374,-20.000000000000007
-0.24352941008181264,1.8371727099357726,-20.000000000000007
-0.18110619219721427,1.5615965088310684,-20.000000000000007
-0.18842511370101273,1.5738540301251949,-20.000000000000007
-0.18837473412143405,1.573377960684116,-20.000000000000007
-0.21204973859417792,1.8497531531648241,-20.000000000000007
-0.2120497385941779,1.8497531531648241,-20.000000000000007
-0.22908401014588486,1.927200092637804,-20.000000000000007
-0.23595500071689002,1.9215763779110162,-20.000000000000007
-0.23680819581554177,1.9141570200209543,-20.000000000000007
-0.2481352517390904,1.788459865556538,-20.000000000000007
-0.24352941008181267,1.8371727099357726,-20.000000000000007
-0.25991477599130375,1.7753663081713775,-20.000000000000007
-0.24983746969752973,1.7350726326056742,-20.000000000000007
-0.25890844727499596,1.7778534643314239,-20.000000000000007
-0.2662565157033915,1.7638146125554253,-20.000000000000007
-0.2809923069930125,1.5098901460884502,-20.000000000000007
-0.2843016838457678,1.5549611531460619,-20.000000000000007
-0.2858135332844407,1.563855856787399,-20.000000000000007
-0.2876455743718525,1.5727026620492435,-20.000000000000007
-0.26563253769695755,1.7626593578521805,-20.000000000000007
-0.25368467742912215,1.7599049580047685,-20.000000000000007
-0.25603071177177666,1.7677522223127284,-20.000000000000007
-0.22700039482394935,1.931983712679078,-20.000000000000007
-0.2423561646467396,1.848211899768832,-20.000000000000007
-0.25524064328010465,1.7695258837127656,-20.000000000000007
-0.27949660150370237,1.4679749050480169,-20.000000000000007
-0.3181330221286636,1.496531945844033,-20.000000000000007
-0.3558615063045117,1.5009389138030906,-20.000000000000007
-0.38445106893713027,1.4982344480076049,-20.000000000000007
-0.4261883833418211,1.4232137346337994,-20.000000000000007
-0.4639338749619758,1.347233206778672,-20.000000000000007
-0.4781361267961677,1.3516282356265565,-20.000000000000007
-0.4864626389817346,1.3567782160724757,-20.000000000000007
-0.46319750333135457,1.3550330922665954,-20.000000000000007
-0.43732141410661374,1.4212648617515482,-20.000000000000007
-0.4036178459193165,1.4959899729637758,-20.000000000000007
-0.3688300472295173,1.4995267987339806,-20.000000000000007
-0.3312199451170081,1.4980072128977242,-20.000000000000007
-0.3020911193405531,1.5362086858776713,-20.000000000000007
-0.28024248632243076,1.5048217717977548,-20.000000000000007
-0.26443354651584017,1.7602609374540503,-20.000000000000007
-0.25514735693985063,1.770351485539278,-20.000000000000007
-0.24154441301630342,1.8595951610927486,-20.000000000000007
-0.22959559270852004,1.9265005679165845,-20.000000000000007
-0.20404430865962883,1.7471900021231155,-20.000000000000007
-0.18885818653230285,1.5776548930151266,-20.000000000000007
-0.19303815211615682,1.6120202560143866,-20.000000000000007
-0.20429629129942256,1.7509576343442548,-20.000000000000007
-0.2182751281321456,1.9327711581825626,-20.000000000000007
-0.21973920250494972,1.937701139422241,-20.000000000000007
-0.22088539733767873,1.9311452890383747,-20.000000000000007
-0.22126242425464532,1.9315727728415628,-20.000000000000007
-0.22907067213471016,1.9266742771147654,-20.000000000000007
-0.2391124501268661,1.8895367608048956,-20.000000000000007
-0.2414406711242189,1.8607073622458234,-20.000000000000007
-0.2483972458155718,1.7826858814747113,-20.000000000000007
-0.2520857115623823,1.7455739038596287,-20.000000000000007
-0.2698096968552275,1.7296911188698778,-20.000000000000007
-0.2662282235412283,1.7647765266283326,-20.000000000000007
-0.25506359321069094,1.766354976251576,-20.000000000000007
-0.2564066204725796,1.7676704339398441,-20.000000000000007
-0.24966256585970895,1.7246644416135954,-20.000000000000007
-0.24757915368438388,1.785644899172236,-20.000000000000007
-0.2483972458155718,1.7826858814747113,-20.000000000000007
-0.2336601450231435,1.9309227346713125,-20.000000000000007
-0.22903447707550284,1.9276403862238336,-20.000000000000007
-0.22907067213471016,1.9266742771147651,-20.000000000000007
-0.24352941008181261,1.837172709935773,-20.000000000000007
-0.2675194165742324,1.7619796381606811,-20.000000000000007
-0.29690973868965004,1.5893699734772535,-20.000000000000007
-0.34033108276004154,1.4988498105075716,-20.000000000000007
-0.36245194518394996,1.501146059415324,-20.000000000000007
-0.3912009801099494,1.502996570277789,-20.000000000000007
-0.409170968474746,1.5010474970012597,-20.000000000000007
-0.4119258838507431,1.4973456357072448,-20.000000000000007
-0.417792297926189,1.5177118522792308,-20.000000000000007
-0.4093531645350432,1.5011022929304034,-20.000000000000007
-0.39168378980809326,1.5014679731583414,-20.000000000000007
-0.3664327258411071,1.5003944176672426,-20.000000000000007
-0.3395577105989386,1.4991177642474027,-20.000000000000007
-0.28584776238355153,1.5590937593992815,-20.000000000000007
-0.26459740479284866,1.7627617789430174,-20.000000000000007
-0.22094156048696234,1.93623832741002,-20.000000000000007
-0.21410451619547458,1.8730889483331914,-20.000000000000007
-0.20138593308898803,1.7056697537896857,-20.000000000000007
-0.1888078069527241,1.577178823574048,-20.000000000000007
-0.18942453257317313,1.5791548760255547,-20.000000000000007
-0.17716407672167844,1.5760687284044748,-20.000000000000007
-0.18837473412143407,1.5733779606841163,-20.000000000000007
-0.17825534106184446,1.5837285229747726,-20.000000000000007
-0.18842511370101273,1.5738540301251946,-20.000000000000007
-0.18942453257317315,1.5791548760255547,-20.000000000000007
-0.21023380688351329,1.8304416245211912,-20.000000000000007
-0.21973920250494977,1.937701139422241,-20.000000000000007
-0.21827512813214564,1.9327711581825628,-20.000000000000007
-0.2186811836989711,1.9327819754603477,-20.000000000000007
-0.18842511370101275,1.5738540301251946,-20.000000000000007
-0.19316194813994036,1.6117989308347906,-20.000000000000007
-0.18250173051842536,1.5731434678747531,-20.000000000000007
-0.22760144644216082,1.9245423734898095,-20.000000000000007
-0.23684107118879075,1.914393915086826,-20.000000000000007
-0.24813289807180305,1.7869054613194848,-20.000000000000007
-0.24948472107503603,1.7417384223272256,-20.000000000000007
-0.1929599593221181,1.6082361324678602,-20.000000000000007
-0.2312038763501047,1.9069419640305973,-20.000000000000007
-0.23679210284778984,1.9087170004281817,-20.000000000000007
-0.26390256611633,1.7594260505114967,-20.000000000000007
-0.27947897934756516,1.5246128245851762,-20.000000000000007
-0.25324207724275094,1.7543170276109914,-20.000000000000007
-0.23538467694061216,1.9234328870905966,-20.000000000000007
-0.20605444437085113,1.7696012826284684,-20.000000000000007
-0.23570267157110547,1.9231586283911628,-20.000000000000007
-0.2655447567858155,1.7640050352116354,-20.000000000000007
-0.3036158817974238,1.5144008119997177,-20.000000000000007
-0.34825173215184857,1.5009356165056493,-20.000000000000007
-0.39386020576402353,1.501494361793922,-20.000000000000007
-0.4358485634233151,1.4041998359063967,-20.000000000000007
-0.4584282982013845,1.3924112457178668,-20.000000000000007
-0.4807901627886858,1.3572223379517339,-20.000000000000007
-0.5001952192316528,1.3886088020140595,-20.000000000000007
-0.49936942371080845,1.385678373877924,-20.000000000000007
-0.501611531015923,1.393185256978903,-20.000000000000007
-0.472294952874754,1.3371382529790867,-20.000000000000007
-0.42126162202879736,1.4563170813564352,-20.000000000000007
-0.3747077163160396,1.4900187583050375,-20.000000000000007
-0.31361374247646395,1.505736453554661,-20.000000000000007
-0.2919258820014539,1.5878844227343158,-20.000000000000007
-0.2669485297582125,1.7629212068466509,-20.000000000000007
-0.2628344847295875,1.765433294887578,-20.000000000000007
-0.2554340428824714,1.7679920344748314,-20.000000000000007
-0.2346141315790542,1.931086387835794,-20.000000000000007
-0.23097115312675073,1.9116541230441984,-20.000000000000007
-0.18888897604606414,1.5748627885679038,-20.000000000000007
-0.19927599968825097,1.68201699226254,-20.000000000000007
-0.18942453257317313,1.5791548760255545,-20.000000000000007
-0.1891192387649498,1.5756732257028958,-20.000000000000007
-0.20587468808445003,1.7697390646642215,-20.000000000000007
-0.1941542021624192,1.6248355056872368,-20.000000000000007
-0.21248743473298976,1.8569242044846717,-20.000000000000007
-0.2120497385941779,1.849753153164824,-20.000000000000007
-0.21965703425001756,1.93847326178661,-20.000000000000007
-0.2196570342500176,1.93847326178661,-20.000000000000007
-0.2368081958155418,1.9141570200209541,-20.000000000000007
-0.2290840101458849,1.9272000926378037,-20.000000000000007
-0.2453754064510582,1.8240099211350282,-20.000000000000007
-0.23205591066668438,1.9145405651713738,-20.000000000000007
-0.22959559270852006,1.9265005679165845,-20.000000000000007
-0.23659925647226115,1.9165596998593313,-20.000000000000007
-0.2276014464421608,1.9245423734898095,-20.000000000000007
-0.24753611064781528,1.7981305890838026,-20.000000000000007
-0.22992079293499196,1.9267144829893357,-20.000000000000007
-0.2208853973376787,1.9311452890383747,-20.000000000000007
-0.22765097951254282,1.9241020799037793,-20.000000000000007
-0.2343092326264949,1.9311415577316968,-20.000000000000007
-0.24610831432149347,1.8161161492556017,-20.000000000000007
-0.2955947557328635,1.593597311376481,-20.000000000000007
-0.3180989613192334,1.4994413093041885,-20.000000000000007
-0.35518301184833057,1.5004075944605668,-20.000000000000007
-0.3878440849189916,1.5002141264935784,-20.000000000000007
-0.41860604053637784,1.5090667754291562,-20.000000000000007
-0.43479317051147975,1.4029872964151993,-20.000000000000007
-0.44234234752070456,1.443722542302891,-20.000000000000007
-0.4617061214010887,1.3650323678314473,-20.000000000000007
-0.45670779314883,1.3827771500641295,-20.000000000000007
-0.46108233276420796,1.378296269524968,-20.000000000000007
-0.44669500422998587,1.4341809346283834,-20.000000000000007
-0.4159381891446489,1.5094697193610658,-20.000000000000007
-0.3699705173049799,1.5014869097487555,-20.000000000000007
-0.3295657110621416,1.4970977542012092,-20.000000000000007
-0.2941100443678518,1.5970235323474944,-20.000000000000007
-0.2798129078922822,1.5215556133234691,-20.000000000000007
-0.25481610299637375,1.7713167816293292,-20.000000000000007
-0.24964249437671598,1.7466147916094283,-20.000000000000007
-0.23261774660585355,1.9118225707554937,-20.000000000000007
-0.21023380688351329,1.8304416245211912,-20.000000000000007
-0.2122492117993022,1.8533556947470387,-20.000000000000007
-0.18250173051842533,1.5731434678747531,-20.000000000000007
-0.20587468808445003,1.7697390646642215,-20.000000000000007
-0.21248743473298976,1.8569242044846714,-20.000000000000007
-0.22725815115555775,1.9273187281239847,-20.000000000000007
-0.23855890206251498,1.895816397307371,-20.000000000000007
-0.24235616464673965,1.8482118997688322,-20.000000000000007
-0.24755077931477926,1.7988804440720867,-20.000000000000007
-0.24753611064781522,1.7981305890838024,-20.000000000000007
-0.24420856227875892,1.828285975980229,-20.000000000000007
-0.24435556263639926,1.829006732060519,-20.000000000000007
-0.2364474011315819,1.9186569643032416,-20.000000000000007
-0.23173800461227242,1.9132869734140188,-20.000000000000007
-0.23614757772495212,1.9207959698853627,-20.000000000000007
-0.22995698799419928,1.9257483738802672,-20.000000000000007
-0.24231997439650518,1.8451090692112224,-20.000000000000007
-0.23076257978529685,1.9094529098207942,-20.000000000000007
-0.2442882634656246,1.8235096413010303,-20.000000000000007
-0.23123143754839212,1.906367903384428,-20.000000000000007
-0.23228980864412618,1.9108422703737897,-20.000000000000007
-0.2218725327284306,1.9204197096956945,-20.000000000000007
-0.21297145694215708,1.8551211557628875,-20.000000000000007
-0.21276096579532142,1.8568777380279777,-20.000000000000007
-0.20491625933733346,1.7579511604130653,-20.000000000000007
-0.24753611064781528,1.7981305890838024,-20.000000000000007
-0.2633393508467678,1.762356087248377,-20.000000000000007
-0.3015611909201041,1.5393647665325947,-20.000000000000007
-0.34062842374692637,1.4988122553514165,-20.000000000000007
-0.3643429942205332,1.4993612984773794,-20.000000000000007
-0.3844517579199725,1.49876904215115,-20.000000000000007
-0.4068816327020163,1.499686099342767,-20.000000000000007
-0.4261883833418211,1.4232137346337992,-20.000000000000007
-0.4304133658506468,1.4061398927781539,-20.000000000000007
-0.42981458699200364,1.4108700121623794,-20.000000000000007
-0.4102216142155152,1.4968722782024013,-20.000000000000007
-0.36258213935117345,1.5010123284743144,-20.000000000000007
-0.32343296273738925,1.4996552931036158,-20.000000000000007
-0.2809177562160864,1.510171320263324,-20.000000000000007
-0.2536182315910868,1.7618320846297,-20.000000000000007
-0.2357761515717354,1.9139808551233315,-20.000000000000007
-0.22164106841618952,1.9189519988593977,-20.000000000000007
-0.21173042344573004,1.8478756848573852,-20.000000000000007
-0.20865851890448536,1.8218920158798049,-20.000000000000007
-0.1930381521161568,1.6120202560143864,-20.000000000000007
-0.18837473412143407,1.573377960684116,-20.000000000000007
-0.1822603459450228,1.575240624019803,-20.000000000000007
-0.18837473412143407,1.5733779606841163,-20.000000000000007
-0.1822603459450228,1.5752406240198034,-20.000000000000007
-0.18888897604606417,1.574862788567904,-20.000000000000007
-0.18888897604606414,1.5748627885679038,-20.000000000000007
-0.2126869079381141,1.8605267460668862,-20.000000000000007
-0.23099871432503813,1.9110800623980295,-20.000000000000007
-0.2549620868411279,1.7718077641528993,-20.000000000000007
-0.2531994915135074,1.756842226038719,-20.000000000000007
-0.2321840950081804,1.9106619838153474,-20.000000000000007
-0.25000367969224213,1.7348115636756964,-20.000000000000007
-0.2502845554208488,1.7235141714337492,-20.000000000000007
-0.2804642872636418,1.5061256320852192,-20.000000000000007
-0.29761374347965636,1.5826546287790506,-20.000000000000007
-0.2958801853963091,1.592299549068172,-20.000000000000007
-0.29043631185171537,1.5827005901030378,-20.000000000000007
-0.2813353588741037,1.524910265310747,-20.000000000000007
-0.25731736383467263,1.7722605531139513,-20.000000000000007
-0.2503836637376047,1.7099445186385251,-20.000000000000007
-0.2344270817704544,1.927284921421973,-20.000000000000007
-0.24445825285810688,1.8275298935859103,-20.000000000000007
-0.24230198987776388,1.8469404039599389,-20.000000000000007
-0.2500036796922421,1.7348115636756969,-20.000000000000007
-0.2828129453558975,1.5368170392956844,-20.000000000000007
-0.3180300702647143,1.4992691901503274,-20.000000000000007
-0.3465756489863062,1.4950037556667712,-20.000000000000007
-0.3878440849189916,1.5002141264935782,-20.000000000000007
-0.40349486202707235,1.497226312285433,-20.000000000000007
-0.4251366415451551,1.429317720534915,-20.000000000000007
-0.45645129345382035,1.3818075670975076,-20.000000000000007
-0.45581906311997594,1.380522938373343,-20.000000000000007
-0.4525637997217923,1.3974729705438174,-20.000000000000007
-0.42971546892732987,1.4116973705741667,-20.000000000000007
-0.39661134967055733,1.4988408108602915,-20.000000000000007
-0.3671022468676458,1.5008059319995692,-20.000000000000007
-0.3346562287327035,1.4988253142390515,-20.000000000000007
-0.30263291006736837,1.5319900558991009,-20.000000000000007
-0.2809923069930125,1.5098901460884504,-20.000000000000007
-0.25666855326715,1.7687842849762672,-20.000000000000007
-0.25476426811762787,1.767951694156837,-20.000000000000007
-0.24336808301417073,1.8315248182011774,-20.000000000000007
-0.23440823261138902,1.9331740021179948,-20.000000000000007
-0.21248743473298976,1.8569242044846712,-20.000000000000007
-0.20404430865962883,1.7471900021231153,-20.000000000000007
-0.19254888845149612,1.6080217107239956,-20.000000000000007
-0.1894245325731731,1.5791548760255547,-20.000000000000007
-0.18888897604606414,1.5748627885679038,-20.000000000000007
-0.20404430865962883,1.7471900021231155,-20.000000000000007
-0.2011724582994196,1.7057620812394534,-20.000000000000007
-0.2040443086596288,1.7471900021231153,-20.000000000000007
-0.2040443086596288,1.7471900021231155,-20.000000000000007
-0.2042240649460299,1.7470522200873617,-20.000000000000007
-0.21297145694215702,1.855121155762887,-20.000000000000007
-0.22140461161028013,1.9284170608693036,-20.000000000000007
-0.22725815115555775,1.9273187281239843,-20.000000000000007
-0.2361475777249521,1.9207959698853627,-20.000000000000007
-0.23099871432503813,1.9110800623980293,-20.000000000000007
-0.2270638623481137,1.9284685443398901,-20.000000000000007
-0.23118157720791066,1.9065723377878263,-20.000000000000007
-0.22717162889558434,1.9254116436692479,-20.000000000000007
-0.24770498968745444,1.7812067663578977,-20.000000000000007
-0.2556574582738569,1.758657993886004,-20.000000000000007
-0.2612549707681743,1.7643194343155373,-20.000000000000007
-0.249805670559411,1.7255115159194465,-20.000000000000007
-0.2560649706345302,1.7672901528174136,-20.000000000000007
-0.22749820331854587,1.9259554970852633,-20.000000000000007
-0.24950546769882775,1.7506184474221231,-20.000000000000007
-0.2655447567858155,1.7640050352116354,-20.000000000000007
-0.29681930962661873,1.5875907613739308,-20.000000000000007
-0.34608977942564656,1.496041455203636,-20.000000000000007
-0.3718303098375447,1.4949277901823994,-20.000000000000007
-0.4035925985518251,1.4968839874888946,-20.000000000000007
-0.43873123956127935,1.431713024512732,-20.000000000000007
-0.44704790355529145,1.4324397229254877,-20.000000000000007
-0.46461293195425646,1.3456615005424504,-20.000000000000007
-0.4829931653460645,1.3649800368321896,-20.000000000000007
-0.46043356229312116,1.3875318596188653,-20.000000000000007
-0.4578166613190474,1.4097291913486414,-20.000000000000007
-0.42103462492741833,1.4584549576137926,-20.000000000000007
-0.38466019079392844,1.4997102106003832,-20.000000000000007
-0.33958966970851445,1.4998881614551558,-20.000000000000007
-0.29594557443006414,1.5919126717274488,-20.000000000000007
-0.2785478315136013,1.4857658922750328,-20.000000000000007
-0.25065855339975707,1.7267162509364216,-20.000000000000007
-0.24950546769882767,1.7506184474221234,-20.000000000000007
-0.22117610000737897,1.937196569906587,-20.000000000000007
-0.21941629570363208,1.934944495264261,-20.000000000000007
-0.18842511370101273,1.5738540301251946,-20.000000000000007
-0.1894245325731731,1.5791548760255547,-20.000000000000007
-0.18888897604606417,1.574862788567904,-20.000000000000007
-0.18842511370101273,1.5738540301251946,-20.000000000000007
-0.20336587397443145,1.7364901842809184,-20.000000000000007
-0.18837473412143407,1.573377960684116,-20.000000000000007
-0.19415420216241916,1.6248355056872368,-20.000000000000007
-0.20587468808445003,1.7697390646642215,-20.000000000000007
-0.21827512813214564,1.9327711581825628,-20.000000000000007
-0.21941629570363214,1.934944495264261,-20.000000000000007
-0.22725815115555775,1.9273187281239845,-20.000000000000007
-0.2276014464421608,1.9245423734898097,-20.000000000000007
-0.24894779568029932,1.7654260612210055,-20.000000000000007
-0.2506585533997571,1.7267162509364216,-20.000000000000007
-0.2619637290166539,1.7681328011044384,-20.000000000000007
-0.2779676667917211,1.567496777084472,-20.000000000000007
-0.2502845554208488,1.7235141714337494,-20.000000000000007
-0.25716381001676597,1.7710168224347886,-20.000000000000007
-0.24527764217723233,1.8236949821295783,-20.000000000000007
-0.23889206048921907,1.8949852356181967,-20.000000000000007
-0.24134888466361004,1.8599624615311674,-20.000000000000007
-0.22987473655703378,1.9210853728673367,-20.000000000000007
-0.22610668672834547,1.9302216087355992,-20.000000000000007
-0.2502845554208489,1.7235141714337494,-20.000000000000007
-0.2825481964528111,1.5335650591429193,-20.000000000000007
-0.3217993977428571,1.4962868534749683,-20.000000000000007
-0.36365064408999354,1.5022104326212071,-20.000000000000007
-0.387732105581318,1.5000306311518559,-20.000000000000007
-0.41509542041905984,1.5060276255044167,-20.000000000000007
-0.4270644158626972,1.4215330422704588,-20.000000000000007
-0.427379971564114,1.4206990981375005,-20.000000000000007
-0.43873123956127935,1.431713024512732,-20.000000000000007
-0.4180647749786434,1.517531695147667,-20.000000000000007
-0.4149735182207799,1.512232216289449,-20.000000000000007
-0.4004753723007066,1.4960876800233576,-20.000000000000007
-0.36991952451637455,1.5010372239183507,-20.000000000000007
-0.3441900262297565,1.4982948523010462,-20.000000000000007
-0.31668335260354685,1.4974453493850994,-20.000000000000007
-0.2874276884219504,1.5707318059949422,-20.000000000000007
-0.2802424863224308,1.5048217717977548,-20.000000000000007
-0.2644335465158401,1.7602609374540505,-20.000000000000007
-0.2367711454090255,1.912842311955107,-20.000000000000007
-0.22029259161325182,1.9400072866747107,-20.000000000000007
-0.18226034594502277,1.575240624019803,-20.000000000000007
-0.17825534106184446,1.5837285229747722,-20.000000000000007
-0.14975415741304388,1.4356391577721634,-20.000000000000007
-0.1742675836248365,1.5596310191219989,-20.000000000000007
-0.17917386072802038,1.5901780441278879,-20.000000000000007
-0.1822603459450228,1.5752406240198031,-20.000000000000007
-0.18911923876494982,1.5756732257028958,-20.000000000000007
-0.20404430865962883,1.7471900021231157,-20.000000000000007
-0.20422406494602985,1.747052220087362,-20.000000000000007
-0.22096168538854577,1.9359203816877502,-20.000000000000007
-0.21898340119425477,1.9294106496791945,-20.000000000000007
-0.21248743473298976,1.8569242044846717,-20.000000000000007
-0.21204973859417792,1.8497531531648241,-20.000000000000007
-0.2040443086596288,1.7471900021231155,-20.000000000000007
-0.22076428478574062,1.9403808535813332,-20.000000000000007
-0.22995698799419928,1.9257483738802672,-20.000000000000007
-0.24525925773390972,1.8227732630955018,-20.000000000000007
-0.24741829568655477,1.7916377967460435,-20.000000000000007
-0.24128839772783084,1.8576675564244578,-20.000000000000007
-0.22905988580352984,1.9214814563051457,-20.000000000000007
-0.2130706782047891,1.8539232065269249,-20.000000000000007
-0.2106378140228562,1.8287463827038537,-20.000000000000007
-0.21248743473298976,1.8569242044846717,-20.000000000000007
-0.2182751281321456,1.9327711581825626,-20.000000000000007
-0.25276036444532335,1.7515370979857021,-20.000000000000007
-0.2789095434766424,1.4725813775507002,-20.000000000000007
-0.3140420592010965,1.5004549218902743,-20.000000000000007
-0.3607325657234837,1.4985514907516522,-20.000000000000007
-0.3892985164563796,1.5002541416725252,-20.000000000000007
-0.41588862124170667,1.5101321077985737,-20.000000000000007
-0.44351933765095963,1.4406815040165821,-20.000000000000007
-0.4575654047041842,1.389952499694092,-20.000000000000007
-0.46496082526878074,1.3479739900464076,-20.000000000000007
-0.45595811275078785,1.3962161848521575,-20.000000000000007
-0.4206007774615801,1.4574163036356342,-20.000000000000007
-0.3728656753269764,1.4935343323824404,-20.000000000000007
-0.326322033579008,1.4989253368923723,-20.000000000000007
-0.29028280846303767,1.5827721037041096,-20.000000000000007
-0.2588983422582958,1.7767238776536944,-20.000000000000007
-0.2477046273898365,1.786003924183123,-20.000000000000007
-0.23358586926747643,1.9295563077585558,-20.000000000000007
-0.22765097951254282,1.9241020799037796,-20.000000000000007
-0.22908401014588486,1.9272000926378037,-20.000000000000007
-0.21851335106583317,1.9363396679201959,-20.000000000000007
-0.2117907376484028,1.8465650450094246,-20.000000000000007
-0.1930381521161568,1.6120202560143866,-20.000000000000007
-0.18885818653230285,1.5776548930151268,-20.000000000000007
-0.19303815211615682,1.6120202560143866,-20.000000000000007
-0.20473650305093238,1.7580889424488189,-20.000000000000007
-0.2276014464421608,1.9245423734898095,-20.000000000000007
-0.22959559270852004,1.9265005679165847,-20.000000000000007
-0.24983746969752973,1.735072632605674,-20.000000000000007
-0.2458729677384549,1.8196671662315556,-20.000000000000007
-0.25092699487915726,1.7293448897710837,-20.000000000000007
-0.25234215549930117,1.744217042249531,-20.000000000000007
-0.25276036444532335,1.7515370979857021,-20.000000000000007
-0.25675478594897355,1.7713705758462703,-20.000000000000007
-0.2552406432801047,1.7695258837127654,-20.000000000000007
-0.2560135467929922,1.7676513319204752,-20.000000000000007
-0.2570779244907945,1.7701615935040067,-20.000000000000007
-0.2597759163149201,1.7774783962318677,-20.000000000000007
-0.2806660440485233,1.5099864612907112,-20.000000000000007
-0.27552439095608156,1.6157394216319032,-20.000000000000007
-0.2807866153310694,1.5114112648091447,-20.000000000000007
-0.26978717656526774,1.7264759754628813,-20.000000000000007
-0.24812938511712435,1.7856504139612348,-20.000000000000007
-0.25354922465006957,1.7668554769849822,-20.000000000000007
-0.23570267157110542,1.9231586283911628,-20.000000000000007
-0.28015984769796337,1.4819241385848265,-20.000000000000007
-0.3128036725479201,1.501656457441048,-20.000000000000007
-0.34593136690749493,1.4979640592052852,-20.000000000000007
-0.4036178459193166,1.4959899729637758,-20.000000000000007
-0.41593586504604607,1.5115808465942004,-20.000000000000007
-0.43856237247908625,1.4302892705225425,-20.000000000000007
-0.4618362914584616,1.363183606472567,-20.000000000000007
-0.4558190631199759,1.3805229383733433,-20.000000000000007
-0.4638824884874567,1.3474029072886424,-20.000000000000007
-0.44167974982293323,1.4345001081334874,-20.000000000000007
-0.4052616316081268,1.5007738649018258,-20.000000000000007
-0.3633340365232416,1.4982827283134426,-20.000000000000007
-0.32056884432442834,1.4999771866132317,-20.000000000000007
-0.2925689934162413,1.5895576785703374,-20.000000000000007
-0.2763431276845919,1.6135518753517801,-20.000000000000007
-0.2628344847295874,1.7654332948875777,-20.000000000000007
-0.255063593210691,1.766354976251576,-20.000000000000007
-0.2628344847295874,1.7654332948875773,-20.000000000000007
-0.24969263253285956,1.7346129507394568,-20.000000000000007
-0.24537540645105824,1.824009921135028,-20.000000000000007
-0.2182751281321456,1.9327711581825628,-20.000000000000007
-0.1891192387649498,1.5756732257028956,-20.000000000000007
-0.18888897604606417,1.574862788567904,-20.000000000000007
-0.18888897604606417,1.574862788567904,-20.000000000000007
-0.2040443086596288,1.7471900021231155,-20.000000000000007
-0.22903447707550284,1.9276403862238336,-20.000000000000007
-0.2208853973376787,1.9311452890383747,-20.000000000000007
-0.2495054676988277,1.7506184474221236,-20.000000000000007
-0.2452776421772323,1.823694982129578,-20.000000000000007
-0.24451821561584364,1.8284025365562289,-20.000000000000007
-0.2483972458155718,1.7826858814747113,-20.000000000000007
-0.23889206048921907,1.8949852356181967,-20.000000000000007
-0.2505240863301698,1.7228946145977089,-20.000000000000007
-0.24420046351354951,1.8315489022356717,-20.000000000000007
-0.2502560588773389,1.7274481982612546,-20.000000000000007
-0.23614757772495212,1.9207959698853627,-20.000000000000007
-0.2495376394673574,1.750898871790636,-20.000000000000007
-0.2461083143214935,1.8161161492556017,-20.000000000000007
-0.24894779568029934,1.7654260612210053,-20.000000000000007
-0.25276036444532335,1.7515370979857021,-20.000000000000007
-0.22117610000737895,1.937196569906587,-20.000000000000007
-0.2290344770755029,1.9276403862238336,-20.000000000000007
-0.21248743473298976,1.8569242044846714,-20.000000000000007
-0.2335858692674764,1.9295563077585558,-20.000000000000007
-0.2645397981718718,1.7593873789892278,-20.000000000000007
-0.30199941955518167,1.536166835846976,-20.000000000000007
-0.3385399860872491,1.501305819339033,-20.000000000000007
-0.3647941975293897,1.4984415302107013,-20.000000000000007
-0.3939465606847384,1.501881621462314,-20.000000000000007
-0.43596840699129163,1.4049183154782559,-20.000000000000007
-0.46106359791572726,1.3783505341015931,-20.000000000000007
-0.4654128614397487,1.3476446419164643,-20.000000000000007
-0.46113680542955693,1.378414954307071,-20.000000000000007
-0.4298044696279406,1.410404150848304,-20.000000000000007
-0.3999663495413308,1.4963020029078289,-20.000000000000007
-0.35838464285169447,1.5007764373864516,-20.000000000000007
-0.32237691471982366,1.4987314527329,-20.000000000000007
-0.285824006057593,1.55757061747227,-20.000000000000007
-0.24965204629655047,1.7463127307456152,-20.000000000000007
-0.22907067213471016,1.9266742771147651,-20.000000000000007
-0.23282344288181112,1.9224278734657951,-20.000000000000007
-0.2275343983777531,1.9249893879761952,-20.000000000000007
-0.21898340119425475,1.9294106496791947,-20.000000000000007
-0.21248743473298978,1.8569242044846717,-20.000000000000007
-0.18942453257317313,1.5791548760255547,-20.000000000000007
-0.18226034594502277,1.575240624019803,-20.000000000000007
-0.18942453257317313,1.5791548760255547,-20.000000000000007
-0.1941542021624192,1.6248355056872366,-20.000000000000007
-0.18885818653230282,1.5776548930151266,-20.000000000000007
-0.20336587397443143,1.7364901842809186,-20.000000000000007
-0.2040443086596288,1.7471900021231155,-20.000000000000007
-0.2202994932691481,1.9398441916845455,-20.000000000000007
-0.22700039482394935,1.9319837126790778,-20.000000000000007
-0.2259544067033732,1.9324083385227473,-20.000000000000007
-0.2185133510658332,1.9363396679201959,-20.000000000000007
-0.22088539733767873,1.931145289038375,-20.000000000000007
-0.23060168877451886,1.9140944014911363,-20.000000000000007
-0.24983746969752976,1.7350726326056742,-20.000000000000007
-0.2549620868411279,1.771807764152899,-20.000000000000007
-0.2624531060171076,1.7647461118302403,-20.000000000000007
-0.2527420551909413,1.7506631342007104,-20.000000000000007
-0.24902189350397036,1.7544765488976224,-20.000000000000007
-0.2480488166255036,1.776457960474782,-20.000000000000007
-0.21911557977763282,1.9280293602799898,-20.000000000000007
-0.21247740178589644,1.8482623387946078,-20.000000000000007
-0.2062195057358958,1.7693061823890075,-20.000000000000007
-0.21898340119425475,1.9294106496791947,-20.000000000000007
-0.2235930828813522,1.9283065889082416,-20.000000000000007
-0.2319692397184688,1.9142976453010254,-20.000000000000007
-0.18942453257317313,1.5791548760255547,-20.000000000000007
-0.17337853243457835,1.5519365666422185,-20.000000000000007
-0.13766089245675403,1.4109848407592605,-20.000000000000007
-0.13496593015556185,1.4904004997731792,-20.000000000000007
-0.13496593015556188,1.490400499773179,-20.000000000000007
-0.1352364542451437,1.4956132648969094,-20.000000000000007
-0.13541503259313706,1.4948226663941324,-20.000000000000007
-0.13766089245675406,1.4109848407592605,-20.000000000000007
-0.13766089245675406,1.4109848407592605,-20.000000000000007
-0.14975414285615304,1.435613454864934,-20.000000000000007
-0.1377468926182409,1.4138227263361496,-20.000000000000007
-0.15098649128259778,1.3992341320455803,-20.000000000000007
-0.14969871320520375,1.4376750065870232,-20.000000000000007
-0.16226514651890206,1.479978094344565,-20.000000000000007
-0.16123712368117582,1.5066566137598731,-20.000000000000007
-0.17187380287519202,1.6013198636481147,-20.000000000000007
-0.17232681240826253,1.5925309241278376,-20.000000000000007
-0.17337853243457832,1.5519365666422185,-20.000000000000007
-0.17716407672167847,1.5760687284044748,-20.000000000000007
-0.14975414285615304,1.4356134548649337,-20.000000000000007
-0.14975415741304388,1.4356391577721639,-20.000000000000007
-0.14969871320520373,1.4376750065870232,-20.000000000000007
-0.14961452095757005,1.4408829749123404,-20.000000000000007
-0.14975414285615307,1.435613454864934,-20.000000000000007
-0.14975414285615307,1.4356134548649337,-20.000000000000007
-0.15280423597603293,1.4087123965335242,-20.000000000000007
-0.16270023080057264,1.4821412217524914,-20.000000000000007
-0.16175363895024922,1.4767475548411566,-20.000000000000007
-0.17259283802865877,1.5472393109831906,-20.000000000000007
-0.16015086704143036,1.4658572207674505,-20.000000000000007
-0.1509867696831351,1.3990909895297734,-20.000000000000007
-0.14969871320520373,1.4376750065870232,-20.000000000000007
-0.14969871320520373,1.4376750065870234,-20.000000000000007
-0.13774689261824094,1.4138227263361496,-20.000000000000007
-0.1489623238983579,1.441250436214657,-20.000000000000007
-0.1377468926182409,1.4138227263361496,-20.000000000000007
-0.1377468926182409,1.4138227263361496,-20.000000000000007
-0.14896232389835787,1.441250436214657,-20.000000000000007
-0.13559501490126288,1.4971204706629224,-20.000000000000007
-0.16015086704143033,1.4658572207674503,-20.000000000000007
-0.18226034594502277,1.575240624019803,-20.000000000000007
-0.2040443086596288,1.7471900021231157,-20.000000000000007
-0.2208853973376787,1.931145289038375,-20.000000000000007
-0.21248743473298978,1.8569242044846712,-20.000000000000007
-0.18067000068203443,1.5594198148107745,-20.000000000000007
-0.14896232389835787,1.4412504362146568,-20.000000000000007
-0.13496593015556188,1.490400499773179,-20.000000000000007
-0.1296237382480963,1.525556298070263,-20.000000000000007
-0.1296237382480963,1.5255562980702633,-20.000000000000007
-0.1316233486773816,1.512553191202664,-20.000000000000007
-0.13162334867738157,1.512553191202664,-20.000000000000007
-0.13225188883939853,1.5058494988029958,-20.000000000000007
-0.1322518888393985,1.5058494988029958,-20.000000000000007
-0.1352364542451437,1.4956132648969094,-20.000000000000007
-0.13559501490126286,1.4971204706629226,-20.000000000000007
-0.13559501490126286,1.4971204706629226,-20.000000000000007
-0.13559501490126286,1.4971204706629229,-20.000000000000007
-0.13559501490126288,1.4971204706629226,-20.000000000000007
-0.13559501490126288,1.4971204706629226,-20.000000000000007
-0.13541503259313709,1.4948226663941324,-20.000000000000007
-0.1352364542451437,1.4956132648969094,-20.000000000000007
-0.13496974848001758,1.490732776495604,-20.000000000000007
-0.13559501490126288,1.4971204706629224,-20.000000000000007
-0.13559501490126286,1.4971204706629226,-20.000000000000007
-0.14896232389835787,1.441250436214657,-20.000000000000007
-0.13634314369070832,1.469091816603712,-20.000000000000007
-0.1352364542451437,1.4956132648969092,-20.000000000000007
-0.13496593015556185,1.4904004997731792,-20.000000000000007
-0.13496593015556185,1.4904004997731792,-20.000000000000007
-0.1316233486773816,1.512553191202664,-20.000000000000007
-0.1296237382480963,1.5255562980702628,-20.000000000000007
-0.12684286767579064,1.5197244813100856,-20.000000000000007
-0.12684286767579064,1.5197244813100859,-20.000000000000007
-0.1296237382480963,1.5255562980702633,-20.000000000000007
-0.1322518888393985,1.505849498802996,-20.000000000000007
-0.13559501490126286,1.4971204706629226,-20.000000000000007
-0.13559501490126288,1.4971204706629226,-20.000000000000007
-0.1363431436907083,1.469091816603712,-20.000000000000007
-0.13559501490126286,1.4971204706629226,-20.000000000000007
-0.1352364542451437,1.4956132648969094,-20.000000000000007
-0.13523645424514372,1.4956132648969092,-20.000000000000007
-0.13496593015556188,1.4904004997731792,-20.000000000000007
-0.13225188883939853,1.5058494988029958,-20.000000000000007
-0.13766089245675406,1.4109848407592602,-20.000000000000007
-0.20139347992708181,1.7055505241438342,-20.000000000000007
-0.2291202052050922,1.9262339835287354,-20.000000000000007
-0.24965204629655044,1.7463127307456157,-20.000000000000007
-0.23198999777981755,1.910334525384719,-20.000000000000007
-0.179509115801908,1.5810607140359072,-20.000000000000007
-0.1362745899628907,1.4698692019264867,-20.000000000000007
-0.13034416345466585,1.5263060543998155,-20.000000000000007
-0.12612832293323067,1.5235850837677125,-20.000000000000007
-0.1261283229332307,1.5235850837677125,-20.000000000000007
-0.1275488228129783,1.5214649476211808,-20.000000000000007
-0.12756711120681588,1.520806514362063,-20.000000000000007
-0.12684286767579067,1.5197244813100859,-20.000000000000007
-0.13559501490126286,1.4971204706629226,-20.000000000000007
-0.14975414285615304,1.435613454864934,-20.000000000000007
-0.17359964367809982,1.5552621540346743,-20.000000000000007
-0.1822603459450228,1.5752406240198031,-20.000000000000007
-0.17917386072802038,1.5901780441278877,-20.000000000000007
-0.17259283802865877,1.5472393109831906,-20.000000000000007
-0.17359964367809982,1.5552621540346745,-20.000000000000007
-0.14975415741304388,1.4356391577721637,-20.000000000000007
-0.14896232389835787,1.4412504362146568,-20.000000000000007
-0.14961452095757005,1.4408829749123404,-20.000000000000007
-0.14969871320520375,1.4376750065870234,-20.000000000000007
-0.14961452095757002,1.4408829749123404,-20.000000000000007
-0.14975414285615307,1.4356134548649337,-20.000000000000007
-0.13774689261824094,1.4138227263361496,-20.000000000000007
-0.1363431436907083,1.469091816603712,-20.000000000000007
-0.13559501490126286,1.4971204706629229,-20.000000000000007
-0.13559501490126286,1.4971204706629226,-20.000000000000007
-0.13559501490126286,1.4971204706629224,-20.000000000000007
-0.13626488909486958,1.477604195252314,-20.000000000000007
-0.13559501490126286,1.4971204706629224,-20.000000000000007
-0.1362648890948696,1.477604195252314,-20.000000000000007
-0.1363431436907083,1.469091816603712,-20.000000000000007
-0.13634314369070832,1.469091816603712,-20.000000000000007
-0.13766089245675403,1.4109848407592605,-20.000000000000007
-0.13766089245675403,1.4109848407592602,-20.000000000000007
-0.1377468926182409,1.4138227263361496,-20.000000000000007
-0.13774689261824094,1.4138227263361496,-20.000000000000007
-0.13766089245675406,1.4109848407592607,-20.000000000000007
-0.13766089245675406,1.4109848407592602,-20.000000000000007
-0.13559501490126286,1.4971204706629226,-20.000000000000007
-0.13496593015556185,1.490400499773179,-20.000000000000007
-0.16015086704143033,1.4658572207674505,-20.000000000000007
-0.18842511370101275,1.5738540301251946,-20.000000000000007
-0.21248743473298976,1.8569242044846717,-20.000000000000007
-0.23193210184063523,1.9136144318446475,-20.000000000000007
-0.20587468808445003,1.7697390646642217,-20.000000000000007
-0.17716407672167844,1.5760687284044745,-20.000000000000007
-0.13766089245675406,1.4109848407592605,-20.000000000000007
-0.13162334867738157,1.512553191202664,-20.000000000000007
-0.12684286767579064,1.5197244813100856,-20.000000000000007
-0.1296237382480963,1.525556298070263,-20.000000000000007
-0.13162334867738157,1.512553191202664,-20.000000000000007
-0.1322518888393985,1.5058494988029958,-20.000000000000007
-0.13500799762049986,1.4901723146345813,-20.000000000000007
-0.13559501490126286,1.4971204706629226,-20.000000000000007
-0.13559501490126286,1.4971204706629224,-20.000000000000007
-0.13634314369070832,1.469091816603712,-20.000000000000007
-0.13634314369070832,1.4690918166037121,-20.000000000000007
-0.13634314369070832,1.469091816603712,-20.000000000000007
-0.13766033188648452,1.4110074467856224,-20.000000000000007
-0.1363431436907083,1.4690918166037121,-20.000000000000007
-0.13766033188648455,1.4110074467856224,-20.000000000000007
-0.13559501490126286,1.4971204706629226,-20.000000000000007
-0.13559501490126286,1.4971204706629226,-20.000000000000007
-0.13559501490126288,1.4971204706629229,-20.000000000000007
-0.13559501490126288,1.4971204706629224,-20.000000000000007
-0.13559501490126286,1.4971204706629226,-20.000000000000007
-0.1362648890948696,1.4776041952523142,-20.000000000000007
-0.13559501490126286,1.4971204706629226,-20.000000000000007
-0.1363431436907083,1.4690918166037124,-20.000000000000007
-0.1377468926182409,1.4138227263361494,-20.000000000000007
-0.1509864912825978,1.3992341320455806,-20.000000000000007
-0.14969871320520375,1.4376750065870232,-20.000000000000007
-0.14975414285615307,1.4356134548649337,-20.000000000000007
-0.14969871320520375,1.437675006587023,-20.000000000000007
-0.1363431436907083,1.469091816603712,-20.000000000000007
-0.14975414285615307,1.435613454864934,-20.000000000000007
-0.14975414285615304,1.435613454864934,-20.000000000000007
-0.14975414285615304,1.4356134548649342,-20.000000000000007
-0.14975415741304388,1.4356391577721637,-20.000000000000007
-0.1377468926182409,1.4138227263361496,-20.000000000000007
-0.13559501490126286,1.4971204706629226,-20.000000000000007
-0.1350079976204999,1.4901723146345816,-20.000000000000007
-0.13225188883939853,1.5058494988029958,-20.000000000000007
-0.13496593015556188,1.4904004997731792,-20.000000000000007
-0.16226514651890211,1.479978094344565,-20.000000000000007
-0.19316194813994036,1.6117989308347906,-20.000000000000007
-0.2209292477617999,1.9374414169331244,-20.000000000000007
-0.2324663770364199,1.9154094041285457,-20.000000000000007
-0.19267268447527958,1.6078003855443996,-20.000000000000007
-0.16015086704143036,1.4658572207674505,-20.000000000000007
-0.1350079976204999,1.4901723146345818,-20.000000000000007
-0.1296237382480963,1.525556298070263,-20.000000000000007
-0.12684286767579067,1.5197244813100856,-20.000000000000007
-0.12942838191366204,1.5266195020865654,-20.000000000000007
-0.12962373824809628,1.525556298070263,-20.000000000000007
-0.13162334867738157,1.512553191202664,-20.000000000000007
-0.13496593015556188,1.4904004997731792,-20.000000000000007
-0.13496593015556188,1.490400499773179,-20.000000000000007
-0.1352364542451437,1.4956132648969094,-20.000000000000007
-0.1352364542451437,1.4956132648969092,-20.000000000000007
-0.13559501490126286,1.4971204706629226,-20.000000000000007
-0.13559501490126288,1.4971204706629226,-20.000000000000007
-0.13521384973317271,1.4961177966881398,-20.000000000000007
-0.13766089245675403,1.4109848407592605,-20.000000000000007
-0.13766089245675406,1.4109848407592605,-20.000000000000007
-0.13766089245675406,1.4109848407592602,-20.000000000000007
-0.14975414285615304,1.435613454864934,-20.000000000000007
-0.14969871320520373,1.437675006587023,-20.000000000000007
-0.14969871320520375,1.437675006587023,-20.000000000000007
-0.1742675836248365,1.559631019121999,-20.000000000000007
-0.17716407672167847,1.5760687284044748,-20.000000000000007
-0.18837473412143405,1.573377960684116,-20.000000000000007
-0.18888897604606414,1.5748627885679038,-20.000000000000007
-0.1894245325731731,1.5791548760255543,-20.000000000000007
-0.20404430865962883,1.7471900021231153,-20.000000000000007
-0.18837473412143407,1.573377960684116,-20.000000000000007
-0.18842511370101275,1.5738540301251946,-20.000000000000007
-0.17950911580190798,1.5810607140359074,-20.000000000000007
-0.17950911580190798,1.5810607140359072,-20.000000000000007
-0.17917386072802036,1.5901780441278879,-20.000000000000007
-0.14975414285615307,1.435613454864934,-20.000000000000007
-0.17716407672167844,1.5760687284044748,-20.000000000000007
-0.13766089245675406,1.4109848407592605,-20.000000000000007
-0.1509864912825978,1.3992341320455806,-20.000000000000007
-0.14975414285615307,1.4356134548649337,-20.000000000000007
-0.13766089245675406,1.4109848407592605,-20.000000000000007
-0.13774689261824094,1.4138227263361498,-20.000000000000007
-0.13559501490126288,1.4971204706629226,-20.000000000000007
-0.1822603459450228,1.5752406240198031,-20.000000000000007
-0.19303815211615682,1.6120202560143866,-20.000000000000007
-0.2208853973376787,1.931145289038375,-20.000000000000007
-0.22701847162298075,1.93090184684529,-20.000000000000007
-0.18885818653230285,1.5776548930151268,-20.000000000000007
-0.1509864912825978,1.3992341320455806,-20.000000000000007
-0.1350079976204999,1.4901723146345818,-20.000000000000007
-0.1296237382480963,1.525556298070263,-20.000000000000007
-0.1296237382480963,1.5255562980702628,-20.000000000000007
-0.12962373824809628,1.525556298070263,-20.000000000000007
-0.13162334867738157,1.512553191202664,-20.000000000000007
-0.13496593015556188,1.490400499773179,-20.000000000000007
-0.13496593015556185,1.4904004997731795,-20.000000000000007
-0.13496593015556188,1.4904004997731792,-20.000000000000007
-0.13496593015556188,1.4904004997731792,-20.000000000000007
-0.13496593015556185,1.4904004997731795,-20.000000000000007
-0.1350079976204999,1.4901723146345816,-20.000000000000007
-0.13505647193701792,1.4933154606281194,-20.000000000000007
-0.1352364542451437,1.4956132648969094,-20.000000000000007
-0.13523645424514372,1.4956132648969092,-20.000000000000007
-0.13496593015556188,1.4904004997731792,-20.000000000000007
-0.13496593015556185,1.490400499773179,-20.000000000000007
-0.134987587169906,1.4902841828006377,-20.000000000000007
-0.1352364542451437,1.4956132648969094,-20.000000000000007
-0.13559501490126286,1.4971204706629226,-20.000000000000007
-0.1363431436907083,1.4690918166037121,-20.000000000000007
-0.13559501490126286,1.4971204706629224,-20.000000000000007
-0.1352364542451437,1.4956132648969092,-20.000000000000007
-0.134987587169906,1.490284182800638,-20.000000000000007
-0.13496593015556185,1.4904004997731792,-20.000000000000007
-0.13162334867738157,1.512553191202664,-20.000000000000007
-0.1296237382480963,1.525556298070263,-20.000000000000007
-0.12684286767579064,1.519724481310086,-20.000000000000007
-0.12962373824809628,1.525556298070263,-20.000000000000007
-0.13496593015556188,1.4904004997731792,-20.000000000000007
-0.1352364542451437,1.4956132648969096,-20.000000000000007
-0.1377468926182409,1.4138227263361496,-20.000000000000007
-0.13766089245675406,1.4109848407592605,-20.000000000000007
-0.13766033188648452,1.4110074467856226,-20.000000000000007
-0.1362745899628907,1.4698692019264867,-20.000000000000007
-0.13507723071321404,1.4963699242608688,-20.000000000000007
-0.13507723071321404,1.4963699242608688,-20.000000000000007
-0.13085358821817875,1.5083537854297928,-20.000000000000007
-0.13559501490126286,1.4971204706629226,-20.000000000000007
-0.1822603459450228,1.575240624019803,-20.000000000000007
-0.21297145694215708,1.8551211557628877,-20.000000000000007
-0.23684107118879075,1.914393915086826,-20.000000000000007
-0.22963178776772739,1.9255344588075163,-20.000000000000007
-0.18226034594502277,1.575240624019803,-20.000000000000007
-0.13766089245675406,1.4109848407592605,-20.000000000000007
-0.1316195303529259,1.5122209144802388,-20.000000000000007
-0.13014880712023158,1.5273692584161176,-20.000000000000007
-0.13034416345466582,1.5263060543998153,-20.000000000000007
-0.13034416345466585,1.5263060543998153,-20.000000000000007
-0.13034416345466582,1.5263060543998153,-20.000000000000007
-0.13160506288298884,1.5132325960306732,-20.000000000000007
-0.13160506288298884,1.5132325960306732,-20.000000000000007
-0.1316233486773816,1.5125531912026642,-20.000000000000007
-0.13162334867738157,1.5125531912026637,-20.000000000000007
-0.1322518888393985,1.5058494988029958,-20.000000000000007
-0.13496593015556188,1.490400499773179,-20.000000000000007
-0.1349582935066505,1.4897359463283295,-20.000000000000007
-0.13494345808530306,1.4915268822995724,-20.000000000000007
-0.1346320208142433,1.4927780408984974,-20.000000000000007
-0.1348194342851696,1.4901153512901542,-20.000000000000007
-0.13496593015556185,1.4904004997731792,-20.000000000000007
-0.1352364542451437,1.4956132648969094,-20.000000000000007
-0.13523645424514372,1.4956132648969092,-20.000000000000007
-0.1363431436907083,1.4690918166037124,-20.000000000000007
-0.13559501490126286,1.4971204706629224,-20.000000000000007
-0.1360729657172006,1.4831686616984472,-20.000000000000007
-0.13559501490126286,1.4971204706629224,-20.000000000000007
-0.13541503259313709,1.4948226663941326,-20.000000000000007
-0.1352364542451437,1.4956132648969094,-20.000000000000007
-0.1350079976204999,1.4901723146345818,-20.000000000000007
-0.13559501490126288,1.4971204706629226,-20.000000000000007
-0.13634314369070832,1.4690918166037121,-20.000000000000007
-0.13766089245675403,1.4109848407592602,-20.000000000000007
-0.13559501490126286,1.4971204706629226,-20.000000000000007
-0.13559501490126286,1.4971204706629224,-20.000000000000007
-0.1350079976204999,1.4901723146345818,-20.000000000000007
-0.13505647193701795,1.4933154606281192,-20.000000000000007
-0.13500799762049986,1.4901723146345813,-20.000000000000007
-0.13496593015556185,1.4904004997731792,-20.000000000000007
-0.13496593015556185,1.4904004997731792,-20.000000000000007
-0.13495605330512833,1.4898632237174254,-20.000000000000007
-0.1352364542451437,1.4956132648969096,-20.000000000000007
-0.1377468926182409,1.4138227263361496,-20.000000000000007
-0.17933485877093766,1.5832655028315095,-20.000000000000007
-0.18942453257317313,1.5791548760255547,-20.000000000000007
-0.21248743473298978,1.8569242044846712,-20.000000000000007
-0.1956903181330773,1.6387809844399341,-20.000000000000007
-0.180374903390968,1.5624216849117094,-20.000000000000007
-0.13766089245675406,1.41098484075926,-20.000000000000007
-0.1322518888393985,1.505849498802996,-20.000000000000007
-0.12684286767579067,1.5197244813100859,-20.000000000000007
-0.12684286767579067,1.5197244813100859,-20.000000000000007
-0.12684286767579064,1.5197244813100856,-20.000000000000007
-0.12942838191366204,1.5266195020865656,-20.000000000000007
-0.13162334867738157,1.512553191202664,-20.000000000000007
-0.13496593015556185,1.490400499773179,-20.000000000000007
-0.13559501490126288,1.4971204706629224,-20.000000000000007
-0.1363431436907083,1.4690918166037121,-20.000000000000007
-0.1494730626812134,1.4401096667703468,-20.000000000000007
-0.14975414285615304,1.4356134548649337,-20.000000000000007
-0.17825534106184443,1.5837285229747722,-20.000000000000007
-0.179509115801908,1.5810607140359072,-20.000000000000007
-0.18250173051842533,1.573143467874753,-20.000000000000007
-0.18885818653230282,1.5776548930151268,-20.000000000000007
-0.1825017305184254,1.573143467874753,-20.000000000000007
-0.18226034594502277,1.575240624019803,-20.000000000000007
-0.16491224342351885,1.4962079272044329,-20.000000000000007
-0.15188571630985698,1.4022628753804087,-20.000000000000007
-0.1377468926182409,1.4138227263361494,-20.000000000000007
-0.13766089245675403,1.4109848407592602,-20.000000000000007
-0.13766089245675403,1.4109848407592605,-20.000000000000007
-0.13766089245675403,1.4109848407592605,-20.000000000000007
-0.13766089245675403,1.4109848407592605,-20.000000000000007
-0.1494730360369043,1.4401127615108213,-20.000000000000007
-0.16175363895024922,1.4767475548411566,-20.000000000000007
-0.15280423597603293,1.4087123965335244,-20.000000000000007
-0.16226514651890211,1.479978094344565,-20.000000000000007
-0.16015086704143036,1.4658572207674505,-20.000000000000007
-0.1497541574130439,1.4356391577721637,-20.000000000000007
-0.1489623238983579,1.4412504362146568,-20.000000000000007
-0.14975414285615307,1.4356134548649337,-20.000000000000007
-0.16015086704143036,1.4658572207674505,-20.000000000000007
-0.16270023080057264,1.4821412217524916,-20.000000000000007
-0.179509115801908,1.5810607140359074,-20.000000000000007
-0.17337853243457835,1.5519365666422185,-20.000000000000007
-0.15098649128259778,1.3992341320455806,-20.000000000000007
-0.17917386072802038,1.5901780441278879,-20.000000000000007
-0.20422406494602988,1.747052220087362,-20.000000000000007
-0.2291202052050922,1.9262339835287354,-20.000000000000007
-0.248657644027909,1.7725607524170897,-20.000000000000007
-0.2292402388574692,1.9267234306339882,-20.000000000000007
-0.180374903390968,1.5624216849117096,-20.000000000000007
-0.13766089245675406,1.4109848407592605,-20.000000000000007
-0.12962373824809628,1.525556298070263,-20.000000000000007
-0.12684286767579067,1.5197244813100856,-20.000000000000007
-0.12942838191366207,1.5266195020865652,-20.000000000000007
-0.1296237382480963,1.525556298070263,-20.000000000000007
-0.12962373824809628,1.525556298070263,-20.000000000000007
-0.13162334867738157,1.512553191202664,-20.000000000000007
-0.1316233486773816,1.5125531912026637,-20.000000000000007
-0.13496593015556185,1.490400499773179,-20.000000000000007
-0.13500799762049986,1.490172314634582,-20.000000000000007
-0.13505647193701792,1.4933154606281196,-20.000000000000007
-0.13496593015556185,1.490400499773179,-20.000000000000007
-0.13496593015556185,1.4904004997731795,-20.000000000000007
-0.13495605330512833,1.4898632237174254,-20.000000000000007
-0.1352364542451437,1.4956132648969094,-20.000000000000007
-0.13559501490126286,1.4971204706629226,-20.000000000000007
-0.1352364542451437,1.4956132648969094,-20.000000000000007
-0.13559501490126286,1.4971204706629226,-20.000000000000007
-0.13523645424514372,1.4956132648969094,-20.000000000000007
-0.13559501490126288,1.4971204706629226,-20.000000000000007
-0.1363431436907083,1.4690918166037121,-20.000000000000007
-0.1363431436907083,1.4690918166037121,-20.000000000000007
-0.13559501490126286,1.4971204706629226,-20.000000000000007
-0.13541503259313709,1.4948226663941324,-20.000000000000007
-0.13523645424514372,1.4956132648969096,-20.000000000000007
-0.13500799762049986,1.4901723146345818,-20.000000000000007
-0.13496593015556185,1.4904004997731792,-20.000000000000007
-0.13496593015556188,1.490400499773179,-20.000000000000007
-0.1316233486773816,1.512553191202664,-20.000000000000007
-0.1316233486773816,1.5125531912026637,-20.000000000000007
-0.13162334867738157,1.5125531912026637,-20.000000000000007
-0.13162334867738157,1.512553191202664,-20.000000000000007
-0.13496593015556185,1.4904004997731792,-20.000000000000007
-0.13496593015556188,1.4904004997731792,-20.000000000000007
-0.13496593015556185,1.490400499773179,-20.000000000000007
-0.13496593015556185,1.4904004997731792,-20.000000000000007
-0.13225188883939853,1.5058494988029958,-20.000000000000007
-0.13225188883939853,1.5058494988029958,-20.000000000000007
-0.1362648890948696,1.477604195252314,-20.000000000000007
-0.1806700006820344,1.5594198148107745,-20.000000000000007
-0.19303815211615682,1.6120202560143864,-20.000000000000007
-0.21931127683429325,1.934614313986411,-20.000000000000007
-0.2011724582994196,1.705762081239453,-20.000000000000007
-0.1742675836248365,1.5596310191219989,-20.000000000000007
-0.13634314369070832,1.469091816603712,-20.000000000000007
-0.13160506288298884,1.5132325960306732,-20.000000000000007
-0.1296237382480963,1.5255562980702628,-20.000000000000007
-0.12849335850247093,1.5247118007304845,-20.000000000000007
-0.12942838191366207,1.5266195020865656,-20.000000000000007
-0.12962373824809628,1.5255562980702626,-20.000000000000007
-0.13162334867738157,1.5125531912026637,-20.000000000000007
-0.13225188883939853,1.5058494988029958,-20.000000000000007
-0.13496593015556188,1.490400499773179,-20.000000000000007
-0.13496593015556185,1.490400499773179,-20.000000000000007
-0.13496593015556185,1.4904004997731792,-20.000000000000007
-0.13496593015556185,1.490400499773179,-20.000000000000007
-0.13496593015556185,1.490400499773179,-20.000000000000007
-0.13496593015556185,1.4904004997731792,-20.000000000000007
-0.13496593015556185,1.490400499773179,-20.000000000000007
-0.13162334867738157,1.512553191202664,-20.000000000000007
-0.13496593015556185,1.490400499773179,-20.000000000000007
-0.13496593015556188,1.490400499773179,-20.000000000000007
-0.1352364542451437,1.4956132648969096,-20.000000000000007
-0.13559501490126288,1.4971204706629226,-20.000000000000007
-0.1352364542451437,1.4956132648969094,-20.000000000000007
-0.13496593015556185,1.4904004997731792,-20.000000000000007
-0.13162334867738157,1.5125531912026637,-20.000000000000007
-0.12962373824809628,1.525556298070263,-20.000000000000007
-0.12540407940220547,1.5225030507157353,-20.000000000000007
-0.12540407940220547,1.5225030507157353,-20.000000000000007
-0.12405129492932988,1.528123060355657,-20.000000000000007
-0.1254040794022055,1.5225030507157356,-20.000000000000007
-0.12962373824809628,1.525556298070263,-20.000000000000007
-0.13225188883939853,1.505849498802996,-20.000000000000007
-0.13496593015556188,1.4904004997731792,-20.000000000000007
-0.13496593015556188,1.4904004997731792,-20.000000000000007
-0.13162334867738157,1.512553191202664,-20.000000000000007
-0.12962373824809628,1.5255562980702628,-20.000000000000007
-0.12684286767579067,1.5197244813100859,-20.000000000000007
-0.1254040794022055,1.5225030507157356,-20.000000000000007
-0.12540407940220547,1.5225030507157356,-20.000000000000007
-0.12684286767579064,1.5197244813100856,-20.000000000000007
-0.16015086704143033,1.4658572207674505,-20.000000000000007
-0.19303815211615682,1.6120202560143866,-20.000000000000007
-0.2235930828813522,1.9283065889082416,-20.000000000000007
-0.23461413157905422,1.9310863878357942,-20.000000000000007
-0.18888897604606417,1.574862788567904,-20.000000000000007
-0.14975414285615307,1.4356134548649337,-20.000000000000007
-0.13496593015556185,1.490400499773179,-20.000000000000007
-0.12540408018203894,1.522504700423505,-20.000000000000007
-0.1254040794022055,1.5225030507157353,-20.000000000000007
-0.12540407940220547,1.5225030507157353,-20.000000000000007
-0.1254040801820389,1.5225047004235048,-20.000000000000007
-0.1254040801820389,1.5225047004235046,-20.000000000000007
-0.12684286767579067,1.519724481310086,-20.000000000000007
-0.12684286767579067,1.5197244813100856,-20.000000000000007
-0.12849335850247093,1.5247118007304845,-20.000000000000007
-0.12684286767579064,1.5197244813100856,-20.000000000000007
-0.12684286767579064,1.5197244813100859,-20.000000000000007
-0.12684286767579067,1.5197244813100856,-20.000000000000007
-0.12684286767579067,1.5197244813100856,-20.000000000000007
-0.12684286767579064,1.5197244813100856,-20.000000000000007
-0.12540407940220547,1.5225030507157353,-20.000000000000007
-0.1254040794022055,1.5225030507157353,-20.000000000000007
-0.1284933585024709,1.5247118007304845,-20.000000000000007
-0.1316233486773816,1.512553191202664,-20.000000000000007
-0.13496593015556188,1.4904004997731792,-20.000000000000007
-0.13496593015556185,1.4904004997731795,-20.000000000000007
-0.13496593015556185,1.4904004997731792,-20.000000000000007
-0.13160506288298884,1.5132325960306734,-20.000000000000007
-0.1296237382480963,1.525556298070263,-20.000000000000007
-0.12684286767579064,1.5197244813100856,-20.000000000000007
-0.1296237382480963,1.5255562980702628,-20.000000000000007
-0.13434189990028766,1.4942024153350568,-20.000000000000007
-0.13496974848001758,1.4907327764956038,-20.000000000000007
-0.13766089245675406,1.4109848407592602,-20.000000000000007
-0.14975415741304388,1.4356391577721634,-20.000000000000007
-0.17548244831557924,1.5669961652094957,-20.000000000000007
-0.179509115801908,1.5810607140359072,-20.000000000000007
-0.18226034594502277,1.575240624019803,-20.000000000000007
-0.18837473412143405,1.573377960684116,-20.000000000000007
-0.18888897604606417,1.574862788567904,-20.000000000000007
-0.18942453257317313,1.5791548760255545,-20.000000000000007
-0.18888897604606414,1.5748627885679038,-20.000000000000007
-0.18837473412143405,1.573377960684116,-20.000000000000007
-0.18226034594502277,1.575240624019803,-20.000000000000007
-0.18837473412143405,1.5733779606841163,-20.000000000000007
-0.1925488884514961,1.6080217107239954,-20.000000000000007
-0.19303815211615682,1.6120202560143866,-20.000000000000007
-0.18888897604606414,1.5748627885679038,-20.000000000000007
-0.17950911580190798,1.5810607140359074,-20.000000000000007
-0.13634314369070832,1.4690918166037121,-20.000000000000007
-0.13477851668463556,1.4930631893815223,-20.000000000000007
-0.12684286767579067,1.5197244813100856,-20.000000000000007
-0.12684286767579064,1.5197244813100856,-20.000000000000007
-0.12540408018203894,1.5225047004235046,-20.000000000000007
-0.12684286767579064,1.5197244813100856,-20.000000000000007
-0.12684286767579064,1.5197244813100856,-20.000000000000007
-0.12962373824809628,1.5255562980702628,-20.000000000000007
-0.1316233486773816,1.512553191202664,-20.000000000000007
-0.13162334867738157,1.512553191202664,-20.000000000000007
-0.1316233486773816,1.5125531912026637,-20.000000000000007
-0.13162334867738157,1.512553191202664,-20.000000000000007
-0.1296237382480963,1.525556298070263,-20.000000000000007
-0.1296237382480963,1.525556298070263,-20.000000000000007
-0.13160506288298884,1.5132325960306732,-20.000000000000007
-0.13162334867738157,1.5125531912026637,-20.000000000000007
-0.13496593015556185,1.4904004997731792,-20.000000000000007
-0.13500799762049986,1.4901723146345818,-20.000000000000007
-0.13559501490126288,1.4971204706629224,-20.000000000000007
-0.13559501490126288,1.4971204706629226,-20.000000000000007
-0.13559501490126288,1.4971204706629224,-20.000000000000007
-0.1352364542451437,1.4956132648969094,-20.000000000000007
-0.13496593015556188,1.4904004997731792,-20.000000000000007
-0.13559501490126286,1.4971204706629226,-20.000000000000007
-0.13559501490126286,1.4971204706629226,-20.000000000000007
-0.1363431436907083,1.4690918166037121,-20.000000000000007
-0.13766089245675406,1.4109848407592605,-20.000000000000007
-0.1352364542451437,1.4956132648969094,-20.000000000000007
-0.13498758716990603,1.490284182800638,-20.000000000000007
-0.1322518888393985,1.5058494988029958,-20.000000000000007
-0.13162334867738157,1.5125531912026637,-20.000000000000007
-0.13496593015556188,1.4904004997731792,-20.000000000000007
-0.13434189990028766,1.4942024153350566,-20.000000000000007
-0.13496593015556188,1.490400499773179,-20.000000000000007
-0.13225188883939853,1.505849498802996,-20.000000000000007
-0.12962373824809628,1.5255562980702626,-20.000000000000007
-0.1296237382480963,1.5255562980702626,-20.000000000000007
-0.1296237382480963,1.525556298070263,-20.000000000000007
-0.13766033188648452,1.4110074467856226,-20.000000000000007
-0.18226034594502277,1.575240624019803,-20.000000000000007
-0.22001954989640238,1.9312538054830428,-20.000000000000007
-0.24352941008181267,1.8371727099357729,-20.000000000000007
-0.22725815115555778,1.9273187281239845,-20.000000000000007
-0.18842511370101273,1.5738540301251946,-20.000000000000007
-0.1489623238983579,1.441250436214657,-20.000000000000007
-0.13162334867738157,1.512553191202664,-20.000000000000007
-0.12684286767579064,1.5197244813100859,-20.000000000000007
-0.12684286767579064,1.5197244813100856,-20.000000000000007
-0.1296237382480963,1.525556298070263,-20.000000000000007
-0.13160506288298887,1.5132325960306732,-20.000000000000007
-0.1316233486773816,1.5125531912026635,-20.000000000000007
-0.12962373824809628,1.5255562980702628,-20.000000000000007
-0.1296237382480963,1.525556298070263,-20.000000000000007
-0.12942838191366207,1.5266195020865654,-20.000000000000007
-0.12962373824809628,1.5255562980702628,-20.000000000000007
-0.1284933585024709,1.5247118007304847,-20.000000000000007
-0.12962373824809628,1.525556298070263,-20.000000000000007
-0.1316233486773816,1.512553191202664,-20.000000000000007
-0.13496593015556188,1.490400499773179,-20.000000000000007
-0.13505647193701795,1.4933154606281192,-20.000000000000007
-0.13505647193701792,1.4933154606281194,-20.000000000000007
-0.13559501490126286,1.4971204706629224,-20.000000000000007
-0.13541503259313709,1.4948226663941326,-20.000000000000007
-0.13559501490126288,1.4971204706629226,-20.000000000000007
-0.13559501490126286,1.4971204706629226,-20.000000000000007
-0.13523645424514372,1.4956132648969092,-20.000000000000007
-0.134987587169906,1.4902841828006381,-20.000000000000007
-0.13500799762049986,1.4901723146345818,-20.000000000000007
-0.13496593015556185,1.4904004997731792,-20.000000000000007
-0.13496593015556185,1.4904004997731792,-20.000000000000007
-0.13496593015556185,1.490400499773179,-20.000000000000007
-0.13496593015556185,1.4904004997731792,-20.000000000000007
-0.13496593015556188,1.4904004997731792,-20.000000000000007
-0.13162334867738157,1.5125531912026637,-20.000000000000007
-0.1322518888393985,1.5058494988029958,-20.000000000000007
-0.13162334867738157,1.512553191202664,-20.000000000000007
-0.1296237382480963,1.5255562980702626,-20.000000000000007
-0.12684286767579067,1.5197244813100856,-20.000000000000007
-0.1254040801820389,1.5225047004235046,-20.000000000000007
-0.1254040801820389,1.5225047004235048,-20.000000000000007
-0.12684286767579064,1.5197244813100859,-20.000000000000007
-0.1316233486773816,1.512553191202664,-20.000000000000007
-0.13766089245675406,1.4109848407592602,-20.000000000000007
-0.18037490339096798,1.5624216849117096,-20.000000000000007
-0.2040443086596288,1.7471900021231153,-20.000000000000007
-0.21922874615177093,1.9347618641061417,-20.000000000000007
-0.20404430865962886,1.7471900021231153,-20.000000000000007
-0.179509115801908,1.5810607140359072,-20.000000000000007
-0.13766033188648455,1.4110074467856224,-20.000000000000007
-0.13162334867738157,1.5125531912026635,-20.000000000000007
-0.1254040801820389,1.5225047004235048,-20.000000000000007
-0.12540407940220547,1.5225030507157353,-20.000000000000007
-0.1254040794022055,1.5225030507157356,-20.000000000000007
-0.1254040794022055,1.5225030507157356,-20.000000000000007
-0.1254040794022055,1.5225030507157353,-20.000000000000007
-0.12684286767579067,1.5197244813100856,-20.000000000000007
-0.12684286767579067,1.5197244813100859,-20.000000000000007
-0.1284933585024709,1.5247118007304847,-20.000000000000007
-0.1296237382480963,1.525556298070263,-20.000000000000007
-0.1296237382480963,1.525556298070263,-20.000000000000007
-0.1296237382480963,1.5255562980702626,-20.000000000000007
-0.12962373824809628,1.5255562980702628,-20.000000000000007
-0.1296237382480963,1.525556298070263,-20.000000000000007
-0.1296237382480963,1.525556298070263,-20.000000000000007
-0.1316233486773816,1.512553191202664,-20.000000000000007
-0.13496593015556185,1.490400499773179,-20.000000000000007
-0.13559501490126288,1.4971204706629224,-20.000000000000007
-0.13634314369070832,1.4690918166037121,-20.000000000000007
-0.13559501490126286,1.4971204706629224,-20.000000000000007
-0.13500799762049986,1.4901723146345818,-20.000000000000007
-0.13162334867738157,1.512553191202664,-20.000000000000007
-0.13160506288298884,1.5132325960306732,-20.000000000000007
-0.12942838191366204,1.5266195020865656,-20.000000000000007
-0.12684286767579067,1.5197244813100859,-20.000000000000007
-0.12684286767579067,1.5197244813100859,-20.000000000000007
-0.1316233486773816,1.5125531912026637,-20.000000000000007
-0.13496593015556185,1.490400499773179,-20.000000000000007
-0.1352364542451437,1.4956132648969094,-20.000000000000007
-0.13559501490126286,1.4971204706629226,-20.000000000000007
-0.13505647193701792,1.4933154606281192,-20.000000000000007
-0.13496593015556185,1.4904004997731792,-20.000000000000007
-0.13162334867738157,1.512553191202664,-20.000000000000007
-0.12962373824809628,1.525556298070263,-20.000000000000007
-0.1296237382480963,1.5255562980702628,-20.000000000000007
-0.12942838191366207,1.5266195020865654,-20.000000000000007
-0.12684286767579064,1.5197244813100859,-20.000000000000007
-0.13505647193701792,1.4933154606281192,-20.000000000000007
-0.1822603459450228,1.575240624019803,-20.000000000000007
-0.21127237150965103,1.8345120516939946,-20.000000000000007
-0.2215118615830844,1.9376978287696405,-20.000000000000007
-0.20404430865962883,1.7471900021231155,-20.000000000000007
-0.15098649128259778,1.3992341320455806,-20.000000000000007
-0.13496593015556185,1.490400499773179,-20.000000000000007
-0.12684286767579064,1.5197244813100859,-20.000000000000007
-0.1254040801820389,1.5225047004235046,-20.000000000000007
-0.12540407940220547,1.5225030507157353,-20.000000000000007
-0.1254040801820389,1.5225047004235048,-20.000000000000007
-0.12540408018203894,1.5225047004235046,-20.000000000000007
-0.12540408018203894,1.5225047004235046,-20.000000000000007
-0.12684286767579067,1.5197244813100856,-20.000000000000007
-0.12684286767579064,1.5197244813100856,-20.000000000000007
-0.1254040801820389,1.5225047004235046,-20.000000000000007
-0.12684286767579064,1.5197244813100859,-20.000000000000007
-0.12684286767579067,1.5197244813100856,-20.000000000000007
-0.12684286767579067,1.5197244813100859,-20.000000000000007
-0.12684286767579064,1.5197244813100859,-20.000000000000007
-0.12942838191366207,1.5266195020865656,-20.000000000000007
-0.12962373824809628,1.525556298070263,-20.000000000000007
-0.12942838191366204,1.5266195020865656,-20.000000000000007
-0.13162334867738157,1.5125531912026637,-20.000000000000007
-0.13766089245675403,1.4109848407592602,-20.000000000000007
-0.15098649128259778,1.3992341320455803,-20.000000000000007
-0.17337853243457835,1.5519365666422185,-20.000000000000007
-0.16226514651890211,1.479978094344565,-20.000000000000007
-0.13559501490126286,1.4971204706629224,-20.000000000000007
-0.1350079976204999,1.4901723146345816,-20.000000000000007
-0.13496593015556185,1.490400499773179,-20.000000000000007
-0.1322518888393985,1.505849498802996,-20.000000000000007
-0.13162334867738157,1.512553191202664,-20.000000000000007
-0.13162334867738157,1.512553191202664,-20.000000000000007
-0.12962373824809628,1.525556298070263,-20.000000000000007
-0.13160506288298887,1.5132325960306734,-20.000000000000007
-0.13162334867738157,1.512553191202664,-20.000000000000007
-0.1352364542451437,1.4956132648969094,-20.000000000000007
-0.13766089245675406,1.4109848407592605,-20.000000000000007
-0.14969871320520375,1.4376750065870232,-20.000000000000007
-0.16015086704143033,1.4658572207674505,-20.000000000000007
-0.1377468926182409,1.4138227263361496,-20.000000000000007
-0.13552422097192307,1.4980251333747931,-20.000000000000007
-0.13500799762049986,1.4901723146345816,-20.000000000000007
-0.13505647193701792,1.4933154606281192,-20.000000000000007
-0.13634314369070832,1.469091816603712,-20.000000000000007
-0.13766033188648452,1.4110074467856226,-20.000000000000007
-0.13766089245675406,1.4109848407592602,-20.000000000000007
-0.13523645424514372,1.4956132648969092,-20.000000000000007
-0.1316233486773816,1.512553191202664,-20.000000000000007
-0.13162334867738157,1.5125531912026637,-20.000000000000007
-0.12942838191366207,1.5266195020865654,-20.000000000000007
-0.12962373824809628,1.525556298070263,-20.000000000000007
-0.13160506288298884,1.5132325960306732,-20.000000000000007
-0.13162334867738157,1.5125531912026637,-20.000000000000007
-0.13496593015556185,1.4904004997731792,-20.000000000000007
-0.13496593015556188,1.490400499773179,-20.000000000000007
-0.1352364542451437,1.4956132648969094,-20.000000000000007
-0.1363431436907083,1.469091816603712,-20.000000000000007
-0.13766089245675403,1.4109848407592602,-20.000000000000007
-0.13559501490126288,1.4971204706629226,-20.000000000000007
-0.13559501490126286,1.4971204706629226,-20.000000000000007
-0.14969871320520373,1.4376750065870232,-20.000000000000007
-0.16491224342351885,1.4962079272044329,-20.000000000000007
-0.17950911580190798,1.5810607140359074,-20.000000000000007
-0.18837473412143407,1.573377960684116,-20.000000000000007
-0.18832435454185534,1.572901891243037,-20.000000000000007
-0.179509115801908,1.5810607140359072,-20.000000000000007
-0.1742675836248365,1.5596310191219989,-20.000000000000007
-0.13766089245675406,1.4109848407592602,-20.000000000000007
-0.1350079976204999,1.490172314634582,-20.000000000000007
-0.13496593015556185,1.490400499773179,-20.000000000000007
-0.13162334867738157,1.512553191202664,-20.000000000000007
-0.12962373824809628,1.525556298070263,-20.000000000000007
-0.12684286767579064,1.5197244813100856,-20.000000000000007
-0.12684286767579064,1.5197244813100856,-20.000000000000007
-0.12684286767579064,1.519724481310086,-20.000000000000007
-0.12540408018203894,1.5225047004235046,-20.000000000000007
-0.12540407940220547,1.5225030507157353,-20.000000000000007
-0.1254040794022055,1.5225030507157353,-20.000000000000007
-0.12540407940220547,1.5225030507157356,-20.000000000000007
-0.12540407940220547,1.5225030507157356,-20.000000000000007
-0.12540407940220547,1.5225030507157353,-20.000000000000007
-0.12540407940220547,1.5225030507157356,-20.000000000000007
-0.12540407940220547,1.5225030507157353,-20.000000000000007
-0.12540407940220547,1.5225030507157356,-20.000000000000007
-0.1254040794022055,1.5225030507157356,-20.000000000000007
-0.1296237382480963,1.525556298070263,-20.000000000000007
-0.17259283802865877,1.5472393109831908,-20.000000000000007
-0.2047365030509324,1.7580889424488186,-20.000000000000007
-0.2567783491361841,1.77192273891938,-20.000000000000007
-0.3277097450781637,1.5011607732457573,-20.000000000000007
-0.36300351909995354,1.4975911371588881,-20.000000000000007
-0.3938858522112767,1.5018424445147065,-20.000000000000007
-0.4295118551965678,1.4098444977882203,-20.000000000000007
-0.4295980900229333,1.4079149090426684,-20.000000000000007
-0.456539343797415,1.3831742311925443,-20.000000000000007
-0.4754831001680625,1.3386262433685205,-20.000000000000007
-0.48437797172947755,1.3552220415967826,-20.000000000000007
-0.482993842501433,1.3637084380168918,-20.000000000000007
-0.45767184819924156,1.4103692528135012,-20.000000000000007
-0.42061209960331825,1.4575077810819017,-20.000000000000007
-0.3780540730328781,1.497264871462161,-20.000000000000007
-0.3447056520732638,1.496452421689042,-20.000000000000007
-0.31489898454567256,1.4938607323888171,-20.000000000000007
-0.2871166501006802,1.549894512105343,-20.000000000000007
-0.2790418615852196,1.4658209857437952,-20.000000000000007
-0.2578527113664203,1.7738292937481257,-20.000000000000007
-0.2565417798393012,1.7706195191653706,-20.000000000000007
-0.24975166384454114,1.7402675372883705,-20.000000000000007
-0.23387894087620215,1.9283405232980624,-20.000000000000007
-0.2306016887745189,1.9140944014911363,-20.000000000000007
-0.19303815211615682,1.6120202560143868,-20.000000000000007
-0.21248743473298976,1.8569242044846717,-20.000000000000007
-0.20587468808445006,1.7697390646642215,-20.000000000000007
-0.22701847162298072,1.93090184684529,-20.000000000000007
-0.23366014502314347,1.9309227346713127,-20.000000000000007
-0.24610831432149347,1.816116149255602,-20.000000000000007
-0.2495054676988277,1.7506184474221234,-20.000000000000007
-0.25326889233539673,1.7578024270239831,-20.000000000000007
-0.2502845554208488,1.7235141714337494,-20.000000000000007
-0.24975166384454112,1.7402675372883702,-20.000000000000007
-0.2483972458155718,1.782685881474711,-20.000000000000007
-0.2502845554208489,1.7235141714337496,-20.000000000000007
-0.2537543634101053,1.7681209896518113,-20.000000000000007
-0.2589281468424253,1.7783866076105288,-20.000000000000007
-0.28013459711365896,1.5134813371675182,-20.000000000000007
-0.2637778188907108,1.762298666411705,-20.000000000000007
-0.2821249840629594,1.5268853483064393,-20.000000000000007
-0.2690993203873784,1.7391975444727668,-20.000000000000007
-0.26577400591619055,1.7647168874249948,-20.000000000000007
-0.25533725203573415,1.767855612558387,-20.000000000000007
-0.23855890206251495,1.8958163973073707,-20.000000000000007
-0.23440823261138902,1.9331740021179948,-20.000000000000007
-0.23479550972404747,1.9292577686435866,-20.000000000000007
-0.25683304333921547,1.7714910356285514,-20.000000000000007
-0.29261732999467843,1.5866558748438624,-20.000000000000007
-0.3441379793245111,1.4979553148310634,-20.000000000000007
-0.37305416155627547,1.4931513449381257,-20.000000000000007
-0.41903557565327765,1.4979728556178071,-20.000000000000007
-0.45629678986377253,1.3792913434999299,-20.000000000000007
-0.45876814961355417,1.3923277495288922,-20.000000000000007
-0.46124612274080456,1.3683552353866084,-20.000000000000007
-0.4430432774112194,1.4456078412374773,-20.000000000000007
-0.4151110500357776,1.504855485125129,-20.000000000000007
-0.3914581261569067,1.501890750772807,-20.000000000000007
-0.3620864076440023,1.4977320670436136,-20.000000000000007
-0.3289733842311039,1.4984120311116764,-20.000000000000007
-0.29231008835748595,1.5882961496344046,-20.000000000000007
-0.2645551533522055,1.7623413099094312,-20.000000000000007
-0.24754391918501353,1.798329388501767,-20.000000000000007
-0.2388636886540731,1.893760897746654,-20.000000000000007
-0.2453754064510582,1.8240099211350282,-20.000000000000007
-0.2335858692674764,1.9295563077585556,-20.000000000000007
-0.22959559270852004,1.9265005679165845,-20.000000000000007
-0.21931127683429325,1.934614313986411,-20.000000000000007
-0.2124874347329898,1.8569242044846717,-20.000000000000007
-0.21973920250494977,1.9377011394222408,-20.000000000000007
-0.2495054676988277,1.7506184474221236,-20.000000000000007
-0.25675478594897355,1.7713705758462706,-20.000000000000007
-0.2806052636354269,1.4882392549076289,-20.000000000000007
-0.2873997390940624,1.5520020262216156,-20.000000000000007
-0.3043258873732406,1.5061705387306423,-20.000000000000007
-0.3088989161982865,1.507759840066076,-20.000000000000007
-0.3206298571157042,1.4999753678144292,-20.000000000000007
-0.31813302212866357,1.4965319458440332,-20.000000000000007
-0.32932433811203543,1.4979037358900387,-20.000000000000007
-0.32861179466767854,1.4984395133363793,-20.000000000000007
-0.33185754462093764,1.4980023347911935,-20.000000000000007
-0.3413433627310315,1.4984425700605588,-20.000000000000007
-0.3412444030586521,1.498037654077721,-20.000000000000007
-0.3573547123626676,1.5003539792256149,-20.000000000000007
-0.35410327454301527,1.4998982824363998,-20.000000000000007
-0.3680722991946173,1.4998982435748927,-20.000000000000007
-0.3417415138561001,1.4974688094727902,-20.000000000000007
-0.31349014465222264,1.5051122384880748,-20.000000000000007
-0.2880534915635592,1.5692592733887103,-20.000000000000007
-0.2563746316399771,1.7681466942019597,-20.000000000000007
-0.2798483979495687,1.5212790240037997,-20.000000000000007
-0.3105988583753031,1.5015860447179006,-20.000000000000007
-0.3361456900071517,1.5000874897656737,-20.000000000000007
-0.38773210558131793,1.5000306311518563,-20.000000000000007
-0.4051546547719841,1.5001632044078974,-20.000000000000007
-0.44435722201978356,1.437900332695906,-20.000000000000007
-0.47342350092160634,1.3355519166228134,-20.000000000000007
-0.4726926934025634,1.3354211921310741,-20.000000000000007
-0.4814555175875763,1.3595740565753731,-20.000000000000007
-0.45853533125052076,1.3934736971185422,-20.000000000000007
-0.42979318433333247,1.410113392930785,-20.000000000000007
-0.4045394037515798,1.4974301014941687,-20.000000000000007
-0.3723763564566068,1.4950106463939195,-20.000000000000007
-0.33339701539644145,1.497512173639665,-20.000000000000007
-0.30848290972934395,1.5083963254696249,-20.000000000000007
-0.28049810695019767,1.5029866584530562,-20.000000000000007
-0.28013459711365896,1.5134813371675182,-20.000000000000007
-0.26376508966950646,1.7624734414920686,-20.000000000000007
-0.28416995122963695,1.5437566286692956,-20.000000000000007
-0.2807384800146454,1.5039463046459922,-20.000000000000007
-0.25707177004530374,1.771357657196026,-20.000000000000007
-0.2553086674360319,1.7679087453312388,-20.000000000000007
-0.22992079293499196,1.9267144829893355,-20.000000000000007
-0.22959559270852006,1.9265005679165847,-20.000000000000007
-0.25524064328010465,1.7695258837127659,-20.000000000000007
-0.25524064328010465,1.7695258837127659,-20.000000000000007
-0.2801598476979634,1.481924138584827,-20.000000000000007
-0.2833956926911652,1.5216054649451896,-20.000000000000007
-0.3034617781157109,1.5151169454334923,-20.000000000000007
-0.30981551295767024,1.50619454216597,-20.000000000000007
-0.31542216156625774,1.4958367497328646,-20.000000000000007
-0.32647853951011313,1.4991295739852077,-20.000000000000007
-0.3245199178339886,1.499653419290029,-20.000000000000007
-0.34339081674327954,1.499010886563287,-20.000000000000007
-0.33951582283686843,1.4996952729995248,-20.000000000000007
-0.3621314211637014,1.4995369511522443,-20.000000000000007
-0.3515974896878623,1.4996474506708637,-20.000000000000007
-0.3769875511830388,1.4924424342599363,-20.000000000000007
-0.3637970986941996,1.5012352180135153,-20.000000000000007
-0.38188300064553227,1.5001020895040384,-20.000000000000007
-0.36632912792577105,1.5018984256863768,-20.000000000000007
-0.322081591154399,1.4969209435113977,-20.000000000000007
-0.3044054789285222,1.5076842266763237,-20.000000000000007
-0.24431076490960954,1.8291243725315853,-20.000000000000007
-0.2589971054987555,1.7768843989761656,-20.000000000000007
-0.2828967342021925,1.5143055952871867,-20.000000000000007
-0.3201310903804629,1.4997792412120041,-20.000000000000007
-0.3538022041258556,1.4991163306524218,-20.000000000000007
-0.38745016648483277,1.5011421845016648,-20.000000000000007
-0.42480183377073016,1.4318332586716909,-20.000000000000007
-0.44085982235374954,1.428827111999006,-20.000000000000007
-0.46160235299466723,1.3662005391197913,-20.000000000000007
-0.4649239891864876,1.3472449283724253,-20.000000000000007
-0.4525166810157335,1.3985614266471107,-20.000000000000007
-0.4466363343711028,1.4325606013426864,-20.000000000000007
-0.4199064443120874,1.4655249073448138,-20.000000000000007
-0.3825615658553512,1.5034713655915128,-20.000000000000007
-0.34849694066845316,1.5008112243845542,-20.000000000000007
-0.30817173825151417,1.5086618307650546,-20.000000000000007
-0.28790483016069646,1.5688606375324579,-20.000000000000007
-0.28046428726364175,1.5061256320852192,-20.000000000000007
-0.27671991207335944,1.6063399352131942,-20.000000000000007
-0.2570779244907945,1.7701615935040067,-20.000000000000007
-0.24451821561584364,1.8284025365562284,-20.000000000000007
-0.22595826031529193,1.9324263488581663,-20.000000000000007
-0.21112736531608323,1.839395401666732,-20.000000000000007
-0.2040443086596288,1.7471900021231155,-20.000000000000007
-0.21965703425001756,1.93847326178661,-20.000000000000007
-0.23246637703641987,1.9154094041285457,-20.000000000000007
-0.24753611064781528,1.7981305890838029,-20.000000000000007
-0.25375436341010527,1.7681209896518115,-20.000000000000007
-0.2572695114353212,1.771838883692051,-20.000000000000007
-0.26675651348288526,1.7618320179012814,-20.000000000000007
-0.27961293695846623,1.4749709331022642,-20.000000000000007
-0.28660077565973424,1.5576377285528518,-20.000000000000007
-0.296905356090716,1.5870492068066966,-20.000000000000007
-0.29610670277015155,1.5917938009987194,-20.000000000000007
-0.30332417541710305,1.5166963477196633,-20.000000000000007
-0.29358124324537654,1.5962943958935378,-20.000000000000007
-0.3074337131465535,1.5101352993918233,-20.000000000000007
-0.303285782381105,1.5204381626563317,-20.000000000000007
-0.3176128992201349,1.4995297415065652,-20.000000000000007
-0.31554673464532235,1.4955281786636156,-20.000000000000007
-0.31756181987001814,1.4998334669940097,-20.000000000000007
-0.31286943398502154,1.5045796759697254,-20.000000000000007
-0.27073283651463304,1.7131873457107312,-20.000000000000007
-0.2857905669622477,1.558876327594233,-20.000000000000007
-0.256760315942839,1.7715100530355163,-20.000000000000007
-0.3036053175400614,1.5178577484104063,-20.000000000000007
-0.34102118602115084,1.4981896361483429,-20.000000000000007
-0.3787984420178687,1.4987309348648563,-20.000000000000007
-0.4169791429204954,1.517277560154018,-20.000000000000007
-0.45588281229398364,1.3806037636196224,-20.000000000000007
-0.4794820486048189,1.3562034443476783,-20.000000000000007
-0.48420224549231056,1.3586575128104847,-20.000000000000007
-0.5032122652199691,1.3994810739815948,-20.000000000000007
-0.5015828740866694,1.3920531660248474,-20.000000000000007
-0.4827263799079555,1.3641288523701305,-20.000000000000007
-0.47337973225002405,1.334654417538176,-20.000000000000007
-0.4293945378340267,1.4115734953394647,-20.000000000000007
-0.38663630137580807,1.5013978292749026,-20.000000000000007
-0.34564443539857387,1.496287195469609,-20.000000000000007
-0.32207761343117625,1.4963120041608495,-20.000000000000007
-0.30761372905250317,1.5100234210589016,-20.000000000000007
-0.3047806955921353,1.5059165829948928,-20.000000000000007
-0.3047031916672131,1.5060270850552282,-20.000000000000007
-0.2801051246410948,1.4811490945842525,-20.000000000000007
-0.27904186158521965,1.465820985743795,-20.000000000000007
-0.22725815115555775,1.9273187281239845,-20.000000000000007
-0.2194162957036321,1.934944495264261,-20.000000000000007
-0.18942453257317313,1.5791548760255547,-20.000000000000007
-0.2194162957036321,1.934944495264261,-20.000000000000007
-0.22033055059070922,1.9384815235691373,-20.000000000000007
-0.24814112531457125,1.7856141230658018,-20.000000000000007
-0.24898120575934207,1.7636391831670084,-20.000000000000007
-0.26404433515631154,1.7598858800564579,-20.000000000000007
-0.27049275923450966,1.7044255040025562,-20.000000000000007
-0.27969846960980715,1.4839242728050213,-20.000000000000007
-0.2842762823312001,1.5446230404210044,-20.000000000000007
-0.28006463432429857,1.4804481976705712,-20.000000000000007
-0.2941014370537619,1.5963076845223867,-20.000000000000007
-0.2801597320551632,1.481664512680936,-20.000000000000007
-0.29658060555194665,1.589650847729583,-20.000000000000007
-0.2860277875825164,1.5655035388086336,-20.000000000000007
-0.2977072512926068,1.5807711636260167,-20.000000000000007
-0.303557790867389,1.5175367590495399,-20.000000000000007
-0.2982396218102058,1.575271076717898,-20.000000000000007
-0.2993321078894243,1.5646418531780548,-20.000000000000007
-0.28037748088435255,1.5076961034151126,-20.000000000000007
-0.25276036444532335,1.7515370979857023,-20.000000000000007
-0.24839688949667688,1.7820531709883438,-20.000000000000007
-0.23097115312675073,1.9116541230441981,-20.000000000000007
-0.26276927440766196,1.76256091626998,-20.000000000000007
-0.27908581884652184,1.462985422426233,-20.000000000000007
-0.3210647727421473,1.500103129199853,-20.000000000000007
-0.36082640483567285,1.4977705478284546,-20.000000000000007
-0.3913407905982522,1.5032504492269465,-20.000000000000007
-0.42023984552693516,1.4754024191724846,-20.000000000000007
-0.44658534821108187,1.4350800796751024,-20.000000000000007
-0.4728380459071637,1.3344192763904492,-20.000000000000007
-0.48145551758757643,1.3595740565753733,-20.000000000000007
-0.4723093066189814,1.3373631044558605,-20.000000000000007
-0.43866881831364396,1.4338464345729125,-20.000000000000007
-0.3914806371538513,1.502031443073929,-20.000000000000007
-0.3439557948193649,1.4979805959025405,-20.000000000000007
-0.3141596733471234,1.5010879617964745,-20.000000000000007
-0.2833357978439236,1.545901972623442,-20.000000000000007
-0.26902778031990393,1.737412472492268,-20.000000000000007
-0.25666855326715005,1.768784284976267,-20.000000000000007
-0.2474653773505253,1.7905875021077367,-20.000000000000007
-0.2568414469543128,1.7692386154005735,-20.000000000000007
-0.2527603644453234,1.7515370979857021,-20.000000000000007
-0.23358586926747643,1.9295563077585556,-20.000000000000007
-0.2361475777249521,1.9207959698853627,-20.000000000000007
-0.2111273653160832,1.8393954016667315,-20.000000000000007
-0.22992079293499196,1.9267144829893357,-20.000000000000007
-0.24444734909700808,1.8297516327751753,-20.000000000000007
-0.25716381001676597,1.7710168224347889,-20.000000000000007
-0.2631168609227145,1.7633229437224207,-20.000000000000007
-0.26675651348288526,1.7618320179012814,-20.000000000000007
-0.2658734230794807,1.761208999322645,-20.000000000000007
-0.2553086674360319,1.7679087453312385,-20.000000000000007
-0.26634173294459984,1.7609238947511168,-20.000000000000007
-0.25524064328010465,1.7695258837127659,-20.000000000000007
-0.26554475678581557,1.7640050352116357,-20.000000000000007
-0.27049275923450966,1.7044255040025564,-20.000000000000007
-0.2689145148419332,1.7307917784395808,-20.000000000000007
-0.2790418615852196,1.465820985743795,-20.000000000000007
-0.27947937043403426,1.4686975767129973,-20.000000000000007
-0.2850061604512506,1.5348786479170937,-20.000000000000007
-0.28476675363292536,1.5329115731342655,-20.000000000000007
-0.2851737895803543,1.535504724456564,-20.000000000000007
-0.26964945128659146,1.7218119825450946,-20.000000000000007
-0.24975166384454117,1.7402675372883702,-20.000000000000007
-0.24965204629655047,1.7463127307456157,-20.000000000000007
-0.2361475777249521,1.9207959698853623,-20.000000000000007
-0.2937902562179309,1.597344178844185,-20.000000000000007
-0.3319717915803527,1.4973381503028471,-20.000000000000007
-0.36114180489533265,1.4986204033741193,-20.000000000000007
-0.41895352255374985,1.4979991861952322,-20.000000000000007
-0.42117804026077316,1.4602972491002633,-20.000000000000007
-0.4461736864866584,1.4376936844574546,-20.000000000000007
-0.47797999543379094,1.3498658685485352,-20.000000000000007
-0.47323437129722806,1.3349781051317464,-20.000000000000007
-0.48052996954257043,1.3562490860842622,-20.000000000000007
-0.44714491522486377,1.4310842327511897,-20.000000000000007
-0.4142000578418317,1.507872907654761,-20.000000000000007
-0.3717766531379162,1.4949214698699387,-20.000000000000007
-0.33610238981170676,1.5002292675655298,-20.000000000000007
-0.31359935111339654,1.5036198554774673,-20.000000000000007
-0.29736375401289683,1.5825723717437468,-20.000000000000007
-0.29116412091119015,1.5850207240199665,-20.000000000000007
-0.2806052636354269,1.4882392549076289,-20.000000000000007
-0.2950352088322855,1.5909320043352628,-20.000000000000007
-0.2828967342021925,1.514305595287187,-20.000000000000007
-0.2756211707551784,1.5720927022998594,-20.000000000000007
-0.25359754377973354,1.7677482663024282,-20.000000000000007
-0.22992079293499196,1.9267144829893357,-20.000000000000007
-0.22908401014588486,1.9272000926378037,-20.000000000000007
-0.24812420006958286,1.7869332679653114,-20.000000000000007
-0.2502845554208488,1.7235141714337496,-20.000000000000007
-0.2670174255404718,1.7647516582318383,-20.000000000000007
-0.2649524443060381,1.7608238424898726,-20.000000000000007
-0.27918189016694045,1.4773595611279755,-20.000000000000007
-0.2825820223130484,1.531111201575694,-20.000000000000007
-0.29537039258390657,1.5926748665485755,-20.000000000000007
-0.2972418259988809,1.5879298252820018,-20.000000000000007
-0.3010314785947498,1.5466692282696268,-20.000000000000007
-0.30714822353341237,1.5109309658097099,-20.000000000000007
-0.2867106643939335,1.5488805391306157,-20.000000000000007
-0.3025865847605999,1.5350043430207945,-20.000000000000007
-0.2871146547018714,1.56958678506161,-20.000000000000007
-0.2937652585271117,1.5947036921994804,-20.000000000000007
-0.2958801853963091,1.592299549068172,-20.000000000000007
-0.3038838134119745,1.5132292476536489,-20.000000000000007
-0.29770725129260683,1.5807711636260167,-20.000000000000007
-0.28098335050850076,1.5094406173762565,-20.000000000000007
-0.26311686092271447,1.763322943722421,-20.000000000000007
-0.23090645405062976,1.911544970233989,-20.000000000000007
-0.24812938511712437,1.7856504139612346,-20.000000000000007
-0.26587342307948075,1.7612089993226447,-20.000000000000007
-0.3044054789285222,1.5076842266763237,-20.000000000000007
-0.34549429392058595,1.4981427228777555,-20.000000000000007
-0.369903732791781,1.4991845951371865,-20.000000000000007
-0.404552837487309,1.4943688359605731,-20.000000000000007
-0.44549890272167214,1.438768228810038,-20.000000000000007
-0.46461293195425646,1.3456615005424504,-20.000000000000007
-0.4743027345287723,1.3389768447965609,-20.000000000000007
-0.4619243897618128,1.3644406848629458,-20.000000000000007
-0.429769545177348,1.4111761814433308,-20.000000000000007
-0.4040715728341636,1.4948985042575822,-20.000000000000007
-0.3727830242576671,1.4928672562170981,-20.000000000000007
-0.3509556607254099,1.4984006090658994,-20.000000000000007
-0.31552158151582776,1.4954417910714843,-20.000000000000007
-0.2946873135031916,1.5957001401728614,-20.000000000000007
-0.28540709491687655,1.5627406503221377,-20.000000000000007
-0.2590607035150484,1.7775666349084527,-20.000000000000007
-0.2853348266799296,1.5626328779315253,-20.000000000000007
-0.2637650896695065,1.7624734414920686,-20.000000000000007
-0.24537540645105818,1.824009921135028,-20.000000000000007
-0.23099871432503816,1.9110800623980293,-20.000000000000007
-0.18888897604606414,1.5748627885679038,-20.000000000000007
-0.20404430865962883,1.7471900021231153,-20.000000000000007
-0.2276014464421608,1.9245423734898097,-20.000000000000007
-0.24753611064781525,1.7981305890838026,-20.000000000000007
-0.25524064328010465,1.7695258837127659,-20.000000000000007
-0.27908581884652184,1.462985422426233,-20.000000000000007
-0.27534510165993753,1.5791338225699154,-20.000000000000007
-0.2807802336616108,1.4992514604070295,-20.000000000000007
-0.2796388423104208,1.4843721685981521,-20.000000000000007
-0.25634037277722355,1.7686087636972747,-20.000000000000007
-0.2779634009078582,1.506401480561423,-20.000000000000007
-0.25375436341010527,1.7681209896518113,-20.000000000000007
-0.25918519761973097,1.776650682067562,-20.000000000000007
-0.2567611841573997,1.7718218485271269,-20.000000000000007
-0.2568801068070723,1.7705838815705013,-20.000000000000007
-0.25677700892743516,1.7710504404728777,-20.000000000000007
-0.2771661414745777,1.5943147082858118,-20.000000000000007
-0.26621928697496244,1.7644053637674535,-20.000000000000007
-0.27873101659765587,1.540481016840682,-20.000000000000007
-0.28011681502668095,1.508126153081086,-20.000000000000007
-0.25672562427252743,1.772036559913798,-20.000000000000007
-0.2804145465951,1.5063937599972879,-20.000000000000007
-0.28809185043310487,1.569365432859555,-20.000000000000007
-0.32873030688349675,1.4974296205746562,-20.000000000000007
-0.3625238855984154,1.5013212960513342,-20.000000000000007
-0.415001225702823,1.505838327290199,-20.000000000000007
-0.41895352255374974,1.4979991861952324,-20.000000000000007
-0.4612058431739948,1.3688590926865505,-20.000000000000007
-0.48508297897912167,1.3544356976598424,-20.000000000000007
-0.4756735943709847,1.339869581507164,-20.000000000000007
-0.48760590859425246,1.3666043285068663,-20.000000000000007
-0.44892956677656254,1.4193674195658235,-20.000000000000007
-0.4307110719445071,1.4076826948821286,-20.000000000000007
-0.4040715728341637,1.4948985042575822,-20.000000000000007
-0.3875864569999558,1.5011263132213242,-20.000000000000007
-0.3542461536271559,1.4998716005670023,-20.000000000000007
-0.32717064867218726,1.4992115362871457,-20.000000000000007
-0.31286943398502143,1.5045796759697254,-20.000000000000007
-0.29410026616634816,1.5976193200543345,-20.000000000000007
-0.2952921453964855,1.592977347531367,-20.000000000000007
-0.28804813937171764,1.5733005468059533,-20.000000000000007
-0.28281294535589757,1.5368170392956846,-20.000000000000007
-0.26964945128659146,1.7218119825450944,-20.000000000000007
-0.2552406432801047,1.7695258837127659,-20.000000000000007
-0.24753611064781525,1.7981305890838026,-20.000000000000007
-0.24431076490960957,1.8291243725315856,-20.000000000000007
-0.255308667436032,1.7679087453312385,-20.000000000000007
-0.2560323469525233,1.7677169602188452,-20.000000000000007
-0.2696494512865915,1.7218119825450944,-20.000000000000007
-0.278614720134564,1.4825899495104604,-20.000000000000007
-0.2789828273816558,1.5030054750476975,-20.000000000000007
-0.2817268030267368,1.5204698839468593,-20.000000000000007
-0.28008485644511716,1.5137494650795862,-20.000000000000007
-0.2860532905729102,1.5569524753689996,-20.000000000000007
-0.2755296385527634,1.5756366131381927,-20.000000000000007
-0.2794793704340342,1.468697576712997,-20.000000000000007
-0.2560323469525233,1.7677169602188454,-20.000000000000007
-0.25687064365827755,1.7716222922252913,-20.000000000000007
-0.24965204629655047,1.7463127307456154,-20.000000000000007
-0.24753611064781525,1.7981305890838026,-20.000000000000007
-0.24753611064781528,1.7981305890838024,-20.000000000000007
-0.23461413157905422,1.931086387835794,-20.000000000000007
-0.21973920250494974,1.937701139422241,-20.000000000000007
-0.2040443086596288,1.7471900021231153,-20.000000000000007
-0.21248743473298976,1.8569242044846717,-20.000000000000007
-0.2040443086596288,1.7471900021231157,-20.000000000000007
-0.2502845554208489,1.7235141714337492,-20.000000000000007
-0.2869198409365515,1.5494559971188624,-20.000000000000007
-0.3163939756994304,1.4967174416503983,-20.000000000000007
-0.36110381293092086,1.4973020920907272,-20.000000000000007
-0.3920179924967567,1.5046871215580266,-20.000000000000007
-0.42708755553536487,1.419200035228438,-20.000000000000007
-0.44677839233937305,1.4343397710394763,-20.000000000000007
-0.4554363485528172,1.3784689786246014,-20.000000000000007
-0.4612461227408046,1.3683552353866086,-20.000000000000007
-0.44160132860268336,1.4353310840766969,-20.000000000000007
-0.4296975185912876,1.411282703710759,-20.000000000000007
-0.404489299648163,1.4961879247861818,-20.000000000000007
-0.36993172968950877,1.4993814109461012,-20.000000000000007
-0.3293941873723749,1.4974046863315404,-20.000000000000007
-0.29471999239090724,1.5964804601079727,-20.000000000000007
-0.2666973363748439,1.7652218519100122,-20.000000000000007
-0.2502845554208488,1.7235141714337494,-20.000000000000007
-0.24606122011520193,1.8162173842845437,-20.000000000000007
-0.23447630830130928,1.9287071691776,-20.000000000000007
-0.23538467694061213,1.9234328870905963,-20.000000000000007
-0.2047365030509324,1.7580889424488189,-20.000000000000007
-0.2040443086596288,1.7471900021231153,-20.000000000000007
-0.18888897604606414,1.5748627885679038,-20.000000000000007
-0.2011724582994196,1.705762081239453,-20.000000000000007
-0.2309064540506298,1.9115449702339888,-20.000000000000007
-0.24874625585157886,1.7701760576307422,-20.000000000000007
-0.26657818754098117,1.7617140186301457,-20.000000000000007
-0.278503721794862,1.4843198954563879,-20.000000000000007
-0.28289673420219247,1.5143055952871867,-20.000000000000007
-0.2838947283511551,1.5320889926143604,-20.000000000000007
-0.28622320851315364,1.5579441903987474,-20.000000000000007
-0.29111812662746944,1.585506976053831,-20.000000000000007
-0.2915379469368254,1.5845444724364752,-20.000000000000007
-0.3030391558160735,1.5193578550285198,-20.000000000000007
-0.2913267590413063,1.584378138363094,-20.000000000000007
-0.2926173299946784,1.5866558748438622,-20.000000000000007
-0.2790418615852196,1.4658209857437952,-20.000000000000007
-0.2779715575107142,1.50586089147857,-20.000000000000007
-0.278757928389648,1.4731592481629836,-20.000000000000007
-0.2790858188465218,1.4629854224262329,-20.000000000000007
-0.26964945128659146,1.7218119825450946,-20.000000000000007
-0.24853168286157168,1.7784212836840871,-20.000000000000007
-0.24839724581557182,1.7826858814747109,-20.000000000000007
-0.23282344288181106,1.922427873465795,-20.000000000000007
-0.28217221896420036,1.5267850002696615,-20.000000000000007
-0.31749652684513185,1.4992559234605047,-20.000000000000007
-0.36312199263055217,1.5016977314856643,-20.000000000000007
-0.40079394732223594,1.493837326925735,-20.000000000000007
-0.43024742600323457,1.406541620966939,-20.000000000000007
-0.45752199436606633,1.3896045274710873,-20.000000000000007
-0.46124612274080456,1.3683552353866086,-20.000000000000007
-0.48095720714019036,1.3587234815901708,-20.000000000000007
-0.4768071540174248,1.3415115177776364,-20.000000000000007
-0.46505878625559127,1.3467756649039555,-20.000000000000007
-0.45150763659446497,1.4092215121097627,-20.000000000000007
-0.41606597440638327,1.5100804355052075,-20.000000000000007
-0.3662011427342391,1.4988473727695923,-20.000000000000007
-0.3301351398458426,1.4973851443042612,-20.000000000000007
-0.3009753816825689,1.5478856504334078,-20.000000000000007
-0.281990862979474,1.5311414213806551,-20.000000000000007
-0.27880600229418884,1.5420318869213019,-20.000000000000007
-0.2615103053920279,1.767346810094028,-20.000000000000007
-0.25978497680971646,1.7764994257573261,-20.000000000000007
-0.24987554506512766,1.737145473629053,-20.000000000000007
-0.24352941008181267,1.837172709935773,-20.000000000000007
-0.22088539733767873,1.931145289038375,-20.000000000000007
-0.22595440670337322,1.9324083385227473,-20.000000000000007
-0.22595826031529195,1.9324263488581668,-20.000000000000007
-0.2532688923353968,1.757802427023983,-20.000000000000007
-0.2779634009078582,1.506401480561423,-20.000000000000007
-0.280605263635427,1.4882392549076289,-20.000000000000007
-0.30264988293093603,1.5254772569751773,-20.000000000000007
-0.30325568311741524,1.518476582261883,-20.000000000000007
-0.3189158637982655,1.4948194726604898,-20.000000000000007
-0.31639397569943034,1.4967174416503986,-20.000000000000007
-0.32524855259877544,1.49925982625278,-20.000000000000007
-0.31754781935784493,1.4977287325791422,-20.000000000000007
-0.31280367254792,1.501656457441048,-20.000000000000007
-0.30325568311741524,1.518476582261883,-20.000000000000007
-0.2961067027701516,1.5917938009987191,-20.000000000000007
-0.28517378958035433,1.5355047244565643,-20.000000000000007
-0.28717181360097577,1.5499743143776266,-20.000000000000007
-0.28317282825210344,1.518576488307543,-20.000000000000007
-0.29004142801625366,1.5754744787830817,-20.000000000000007
-0.27912945033240527,1.462489622501303,-20.000000000000007
-0.255308667436032,1.7679087453312385,-20.000000000000007
-0.2550634487465466,1.7711283224574594,-20.000000000000007
-0.2259544067033732,1.9324083385227477,-20.000000000000007
-0.2560323469525233,1.7677169602188454,-20.000000000000007
-0.27908581884652184,1.4629854224262329,-20.000000000000007
-0.32893508794837983,1.4985902337970423,-20.000000000000007
-0.37102985204739153,1.4939303834468078,-20.000000000000007
-0.4102216142155152,1.496872278202401,-20.000000000000007
-0.4335842865583295,1.4038239593821424,-20.000000000000007
-0.4454853212724925,1.4389500728386964,-20.000000000000007
-0.46160235299466734,1.3662005391197913,-20.000000000000007
-0.4706826282662673,1.3405569012402885,-20.000000000000007
-0.4623973825267256,1.3615505102920082,-20.000000000000007
-0.44628197870685227,1.443084328264587,-20.000000000000007
-0.4054294509191101,1.5017227483969942,-20.000000000000007
-0.3570835378432591,1.5008535078486185,-20.000000000000007
-0.3155627751367825,1.4953879168490005,-20.000000000000007
-0.28142764322586944,1.5247664416818103,-20.000000000000007
-0.2561540489935542,1.7618598337232063,-20.000000000000007
-0.25462373660832593,1.7638490147214092,-20.000000000000007
-0.25092489732216816,1.703998411188939,-20.000000000000007
-0.2536220334740542,1.7571569920026067,-20.000000000000007
-0.24965204629655044,1.7463127307456157,-20.000000000000007
-0.2259544067033732,1.9324083385227473,-20.000000000000007
-0.21827512813214564,1.9327711581825628,-20.000000000000007
-0.18837473412143407,1.5733779606841163,-20.000000000000007
-0.1894245325731731,1.5791548760255547,-20.000000000000007
-0.20587468808445003,1.7697390646642217,-20.000000000000007
-0.22903447707550284,1.927640386223834,-20.000000000000007
-0.2502845554208488,1.7235141714337494,-20.000000000000007
-0.2568330433392154,1.7714910356285514,-20.000000000000007
-0.2795938396174092,1.4847378515015806,-20.000000000000007
-0.2771139873840114,1.550705155721355,-20.000000000000007
-0.2819630755320104,1.5222139334762037,-20.000000000000007
-0.27796298571153877,1.5064299668154149,-20.000000000000007
-0.27904186158521965,1.4658209857437952,-20.000000000000007
-0.27552963855276336,1.575636613138193,-20.000000000000007
-0.26964945128659146,1.7218119825450946,-20.000000000000007
-0.27552963855276336,1.5756366131381927,-20.000000000000007
-0.26554475678581557,1.7640050352116354,-20.000000000000007
-0.27908581884652184,1.462985422426233,-20.000000000000007
-0.27912945033240527,1.462489622501303,-20.000000000000007
-0.2965965832830616,1.590843449729172,-20.000000000000007
-0.279308305456283,1.5288868098711776,-20.000000000000007
-0.2698450940473488,1.7306706830902248,-20.000000000000007
-0.25277178406624123,1.7513830748205974,-20.000000000000007
-0.24753611064781525,1.7981305890838026,-20.000000000000007
-0.29439320887510523,1.594684821693695,-20.000000000000007
-0.33003435641817724,1.4962031613954583,-20.000000000000007
-0.3645734149206761,1.5024250952930391,-20.000000000000007
-0.4161129492981589,1.5118101648032491,-20.000000000000007
-0.4194430518816683,1.4882839640349266,-20.000000000000007
-0.4463941413703698,1.435476817538018,-20.000000000000007
-0.47681013025173985,1.3413995308197786,-20.000000000000007
-0.4810558972712653,1.3590001426130003,-20.000000000000007
-0.48139400861509085,1.3593117902293852,-20.000000000000007
-0.45369480411400137,1.4032145997119527,-20.000000000000007
-0.4115258542518495,1.496136515493584,-20.000000000000007
-0.36222982957344824,1.4972469737649141,-20.000000000000007
-0.3298771032766754,1.4974132283316206,-20.000000000000007
-0.3020283574031847,1.5391879948336062,-20.000000000000007
-0.2809476234468353,1.5085173714394498,-20.000000000000007
-0.2653756251451287,1.765989234382833,-20.000000000000007
-0.2554340428824714,1.7679920344748317,-20.000000000000007
-0.262445897171823,1.7647522487210692,-20.000000000000007
-0.25673511757488177,1.7709931520562905,-20.000000000000007
-0.2495054676988277,1.7506184474221236,-20.000000000000007
-0.23358586926747643,1.9295563077585558,-20.000000000000007
-0.21922874615177096,1.9347618641061415,-20.000000000000007
-0.21086836437030812,1.8362072935113323,-20.000000000000007
-0.23060168877451892,1.9140944014911363,-20.000000000000007
-0.24451821561584364,1.8284025365562284,-20.000000000000007
-0.25354922465006957,1.7668554769849827,-20.000000000000007
-0.2567547859489736,1.7713705758462703,-20.000000000000007
-0.25683304333921547,1.7714910356285516,-20.000000000000007
-0.2560323469525233,1.767716960218845,-20.000000000000007
-0.2554054582827691,1.7680451672476831,-20.000000000000007
-0.25375436341010527,1.7681209896518113,-20.000000000000007
-0.2563597866006839,1.768245810781284,-20.000000000000007
-0.2569987245418709,1.7705084698542461,-20.000000000000007
-0.2648358141067279,1.760182020911433,-20.000000000000007
-0.2704927592345097,1.7044255040025564,-20.000000000000007
-0.2784007816040445,1.4866653321274192,-20.000000000000007
-0.2821509299662527,1.5056957729810942,-20.000000000000007
-0.28538190870132374,1.541832464883131,-20.000000000000007
-0.307576303871034,1.509276746359918,-20.000000000000007
-0.30470319166721316,1.5060270850552284,-20.000000000000007
-0.2984656355253733,1.5732309493915573,-20.000000000000007
-0.2792177480456651,1.4770199291462722,-20.000000000000007
-0.2502845554208489,1.7235141714337494,-20.000000000000007
-0.24812938511712435,1.7856504139612348,-20.000000000000007
-0.2749486577676837,1.5890191833852914,-20.000000000000007
-0.3044054789285222,1.5076842266763237,-20.000000000000007
-0.3411662393653979,1.4989879042270844,-20.000000000000007
-0.387900238255371,1.5013553756534306,-20.000000000000007
-0.4035278768605343,1.4979746326789496,-20.000000000000007
-0.4362992172745286,1.4083060500458975,-20.000000000000007
-0.464667861602,1.3449684900399048,-20.000000000000007
-0.4639338749619759,1.347233206778672,-20.000000000000007
-0.4726057362554763,1.3359445379752295,-20.000000000000007
-0.43955637365339617,1.4326377028405495,-20.000000000000007
-0.4040012221751471,1.4956358227644329,-20.000000000000007
-0.36336905786813883,1.4980654538272669,-20.000000000000007
-0.3371735787243577,1.5002467400603647,-20.000000000000007
-0.30843984506864397,1.5087593690011527,-20.000000000000007
-0.29175767072668896,1.5863271220106734,-20.000000000000007
-0.28000584004948903,1.513719629441693,-20.000000000000007
-0.28045227961581876,1.5034715100680283,-20.000000000000007
-0.27992588457193646,1.5199487127418132,-20.000000000000007
-0.26376508966950646,1.7624734414920686,-20.000000000000007
-0.25276036444532335,1.7515370979857023,-20.000000000000007
-0.22735754456642124,1.9266740001345564,-20.000000000000007
-0.21204973859417786,1.849753153164824,-20.000000000000007
-0.2185133510658332,1.9363396679201959,-20.000000000000007
-0.2272581511555578,1.9273187281239843,-20.000000000000007
-0.2475361106478153,1.7981305890838026,-20.000000000000007
-0.24950546769882767,1.7506184474221236,-20.000000000000007
-0.2502845554208489,1.7235141714337492,-20.000000000000007
-0.25065855339975707,1.7267162509364216,-20.000000000000007
-0.2502845554208488,1.7235141714337492,-20.000000000000007
-0.2572695114353212,1.7718388836920504,-20.000000000000007
-0.24451821561584364,1.8284025365562286,-20.000000000000007
-0.26311686092271447,1.763322943722421,-20.000000000000007
-0.25326889233539673,1.757802427023983,-20.000000000000007
-0.27795934986810755,1.5064042915326301,-20.000000000000007
-0.2850061604512506,1.5348786479170937,-20.000000000000007
-0.2968434316294735,1.587219654581311,-20.000000000000007
-0.31273588839385646,1.502688601236065,-20.000000000000007
-0.3196801352170433,1.496937161000278,-20.000000000000007
-0.3373675299532792,1.5000655009602284,-20.000000000000007
-0.3259066682885055,1.5008285816295344,-20.000000000000007
-0.29690973868965,1.5893699734772535,-20.000000000000007
-0.2804642872636418,1.5061256320852192,-20.000000000000007
-0.2453754064510582,1.8240099211350282,-20.000000000000007
-0.25654014465855446,1.7706547812592537,-20.000000000000007
-0.30709857823200143,1.5098904199918444,-20.000000000000007
-0.3413465121452327,1.4985147194920738,-20.000000000000007
-0.37880671926745624,1.4995029946227356,-20.000000000000007
-0.417792297926189,1.5177118522792306,-20.000000000000007
-0.4365992358994622,1.4108950528855788,-20.000000000000007
-0.47622229024670004,1.3402842087733047,-20.000000000000007
-0.5015828740866694,1.3920531660248476,-20.000000000000007
-0.5001952192316528,1.3886088020140595,-20.000000000000007
-0.48446164291840255,1.355562915742084,-20.000000000000007
-0.44617894087438975,1.4363640245437597,-20.000000000000007
-0.4044000785146337,1.4935944589599124,-20.000000000000007
-0.36789971913046876,1.4998856101737967,-20.000000000000007
-0.33636356251169647,1.500745757263258,-20.000000000000007
-0.30728997234646416,1.5108938444418614,-20.000000000000007
-0.30159780249159973,1.5392708782013602,-20.000000000000007
-0.28172680302673675,1.5204698839468591,-20.000000000000007
-0.2926041821003971,1.5870271654427162,-20.000000000000007
-0.28317282825210344,1.518576488307543,-20.000000000000007
-0.2655447567858155,1.7640050352116357,-20.000000000000007
-0.2502845554208488,1.7235141714337496,-20.000000000000007
-0.21248743473298976,1.8569242044846714,-20.000000000000007
-0.20404430865962883,1.7471900021231155,-20.000000000000007
-0.2040443086596288,1.7471900021231155,-20.000000000000007
-0.2324663770364199,1.9154094041285454,-20.000000000000007
-0.2527603644453234,1.7515370979857021,-20.000000000000007
-0.2552406432801047,1.7695258837127659,-20.000000000000007
-0.27947937043403426,1.468697576712997,-20.000000000000007
-0.26697337105993435,1.7645090506581798,-20.000000000000007
-0.27921936756475696,1.4950482886129846,-20.000000000000007
-0.279475390164168,1.5209143531717404,-20.000000000000007
-0.27796340090785826,1.506401480561423,-20.000000000000007
-0.2784007816040445,1.486665332127419,-20.000000000000007
-0.2790858188465218,1.4629854224262329,-20.000000000000007
-0.2831728282521034,1.5185764883075428,-20.000000000000007
-0.2816720799698682,1.5196948399462848,-20.000000000000007
-0.3021011266506223,1.5371406083650023,-20.000000000000007
-0.2953212908588948,1.592973188346786,-20.000000000000007
-0.3085644277169147,1.5082246721187522,-20.000000000000007
-0.3010028004312816,1.5476422714487983,-20.000000000000007
-0.2843016838457678,1.5549611531460616,-20.000000000000007
-0.2801619207551855,1.513452768642177,-20.000000000000007
-0.25326889233539673,1.757802427023983,-20.000000000000007
-0.24782020091483847,1.793090816260431,-20.000000000000007
-0.2495054676988277,1.7506184474221236,-20.000000000000007
-0.27049275923450966,1.7044255040025562,-20.000000000000007
-0.2959455744300641,1.591912671727449,-20.000000000000007
-0.3493880604825067,1.4991325541611564,-20.000000000000007
-0.37464502199672867,1.492995346955467,-20.000000000000007
-0.4207761322380863,1.4704995414595907,-20.000000000000007
-0.45320915049328225,1.3934695806080428,-20.000000000000007
-0.46129102438039987,1.3686016930587463,-20.000000000000007
-0.4770226884120884,1.3412828954638047,-20.000000000000007
-0.461103877482537,1.3778466768016515,-20.000000000000007
-0.447036678892733,1.4313022724278004,-20.000000000000007
-0.4209710436125582,1.4517261206818728,-20.000000000000007
-0.38623652028383654,1.5022894393362327,-20.000000000000007
-0.35189896661757103,1.4983172129402893,-20.000000000000007
-0.3119539245352151,1.5043070406779844,-20.000000000000007
-0.2853348266799296,1.562632877931525,-20.000000000000007
-0.28021708360561987,1.5080859965693254,-20.000000000000007
-0.25630892131484573,1.7690697435905065,-20.000000000000007
-0.231962224401849,1.9093801704435065,-20.000000000000007
-0.21922162412794235,1.9329791594168273,-20.000000000000007
-0.18885818653230285,1.5776548930151268,-20.000000000000007
-0.1822603459450228,1.575240624019803,-20.000000000000007
-0.1822603459450228,1.575240624019803,-20.000000000000007
-0.17716407672167847,1.5760687284044748,-20.000000000000007
-0.20117245829941957,1.7057620812394532,-20.000000000000007
-0.18250173051842533,1.573143467874753,-20.000000000000007
-0.1894245325731731,1.5791548760255547,-20.000000000000007
-0.22725815115555778,1.9273187281239843,-20.000000000000007
-0.1894245325731731,1.5791548760255547,-20.000000000000007
-0.23889206048921907,1.8949852356181969,-20.000000000000007
-0.21204973859417786,1.8497531531648241,-20.000000000000007
-0.2185133510658332,1.936339667920196,-20.000000000000007
-0.22033055059070922,1.9384815235691373,-20.000000000000007
-0.2011724582994196,1.705762081239453,-20.000000000000007
-0.23659925647226115,1.9165596998593306,-20.000000000000007
-0.2040443086596288,1.7471900021231155,-20.000000000000007
-0.23684107118879075,1.914393915086826,-20.000000000000007
-0.21941629570363208,1.934944495264261,-20.000000000000007
-0.20404430865962883,1.7471900021231153,-20.000000000000007
-0.23440823261138902,1.9331740021179946,-20.000000000000007
-0.18837473412143405,1.573377960684116,-20.000000000000007
-0.20587468808445003,1.7697390646642215,-20.000000000000007
-0.2235040363655269,1.9310001143533557,-20.000000000000007
-0.2186811836989711,1.9327819754603475,-20.000000000000007
-0.28402426086219973,1.533644454339243,-20.000000000000007
-0.31980433704259026,1.4999785931188665,-20.000000000000007
-0.3650299395854604,1.502175299410743,-20.000000000000007
-0.4039906266432146,1.4914855510465874,-20.000000000000007
-0.4354161454571544,1.404320409852716,-20.000000000000007
-0.46148938632287534,1.3700300205333031,-20.000000000000007
-0.4639338749619759,1.3472332067786723,-20.000000000000007
-0.4823189374723471,1.3688437324249967,-20.000000000000007
-0.4781361267961676,1.3516282356265565,-20.000000000000007
-0.4641993042697366,1.3470978143577328,-20.000000000000007
-0.45006869183430337,1.4149948774174013,-20.000000000000007
-0.41517860590172545,1.513056680890138,-20.000000000000007
-0.3711350887826971,1.492330207310533,-20.000000000000007
-0.3294564801249823,1.4977826495871869,-20.000000000000007
-0.302301175843973,1.5343889034310132,-20.000000000000007
-0.2817766652843087,1.4999724734682327,-20.000000000000007
-0.27796340090785826,1.5064014805614228,-20.000000000000007
-0.2669733710599344,1.7645090506581802,-20.000000000000007
-0.2689145148419331,1.7307917784395805,-20.000000000000007
-0.25524064328010465,1.7695258837127656,-20.000000000000007
-0.24527764217723233,1.8236949821295778,-20.000000000000007
-0.22117610000737895,1.937196569906587,-20.000000000000007
-0.22088539733767876,1.931145289038375,-20.000000000000007
-0.23538467694061216,1.9234328870905961,-20.000000000000007
-0.25654177983930115,1.7706195191653702,-20.000000000000007
-0.2851737895803543,1.5355047244565643,-20.000000000000007
-0.29634099340997583,1.589913430853709,-20.000000000000007
-0.31503132145148505,1.4940271262594227,-20.000000000000007
-0.30714822353341237,1.51093096580971,-20.000000000000007
-0.32092039105706754,1.4995570978672517,-20.000000000000007
-0.31148525749555045,1.5000430092219246,-20.000000000000007
-0.31503132145148505,1.4940271262594225,-20.000000000000007
-0.3134616331050424,1.5042515485414834,-20.000000000000007
-0.30970322821772656,1.5055559396463685,-20.000000000000007
-0.30692537902884287,1.5107437239778978,-20.000000000000007
-0.3085033782450358,1.5085914209378073,-20.000000000000007
-0.3021244845304337,1.5355978921442897,-20.000000000000007
-0.303777928716315,1.5145630957810028,-20.000000000000007
-0.2990968552438219,1.5672370040285748,-20.000000000000007
-0.295322463598413,1.5931109883083292,-20.000000000000007
-0.28576098076397394,1.5635482586604632,-20.000000000000007
-0.2551587765607685,1.770197462374173,-20.000000000000007
-0.25326889233539673,1.7578024270239831,-20.000000000000007
-0.2276014464421608,1.92454237348981,-20.000000000000007
-0.25524064328010465,1.7695258837127659,-20.000000000000007
-0.27949001996943235,1.4682209696905226,-20.000000000000007
-0.3288893747600895,1.4985437402510022,-20.000000000000007
-0.3727830242576671,1.4928672562170981,-20.000000000000007
-0.41139109864389023,1.4966048810672639,-20.000000000000007
-0.4305094640753191,1.4054010372017058,-20.000000000000007
-0.44316633213833423,1.4443340720638553,-20.000000000000007
-0.45830403759183036,1.3927388068873505,-20.000000000000007
-0.45543634855281734,1.3784689786246016,-20.000000000000007
-0.4462311071823465,1.4383634583204026,-20.000000000000007
-0.4206265871539664,1.4573776904139875,-20.000000000000007
-0.38154670684433656,1.4990866068834974,-20.000000000000007
-0.3379742597296476,1.4996379509386373,-20.000000000000007
-0.30382223196371894,1.5152352106986022,-20.000000000000007
-0.27963884231042074,1.4843721685981521,-20.000000000000007
-0.26481380376285035,1.7625427330811179,-20.000000000000007
-0.256989708822511,1.7703240804846554,-20.000000000000007
-0.2553258324148163,1.7680096357234925,-20.000000000000007
-0.2689145148419331,1.7307917784395808,-20.000000000000007
-0.25359754377973354,1.7677482663024282,-20.000000000000007
-0.2443107649096095,1.8291243725315853,-20.000000000000007
-0.23173800461227242,1.913286973414019,-20.000000000000007
-0.21248743473298976,1.8569242044846714,-20.000000000000007
-0.23614757772495212,1.9207959698853627,-20.000000000000007
-0.25540545828276917,1.7680451672476833,-20.000000000000007
-0.27875792838964797,1.4731592481629834,-20.000000000000007
-0.28697500443684704,1.5495357993911463,-20.000000000000007
-0.2937559701259931,1.596421658834982,-20.000000000000007
-0.29532226864005356,1.5906582127765634,-20.000000000000007
-0.2960455013119851,1.5915429549861937,-20.000000000000007
-0.2852790942586481,1.542592234639188,-20.000000000000007
-0.296905356090716,1.5870492068066964,-20.000000000000007
-0.2942232762479987,1.5960524765230601,-20.000000000000007
-0.31238158262513643,1.503433242214052,-20.000000000000007
-0.3172859290804434,1.497194604773684,-20.000000000000007
-0.3283860553577485,1.49944304347721,-20.000000000000007
-0.3311587442321237,1.4986087031556286,-20.000000000000007
-0.3400093142921532,1.4990727639464163,-20.000000000000007
-0.3393192048700274,1.4999743713946825,-20.000000000000007
-0.3207509129672528,1.4988126114523816,-20.000000000000007
-0.3044396688085097,1.5054783843852264,-20.000000000000007
-0.2559992603093989,1.7682132022059605,-20.000000000000007
-0.26425355127547645,1.7617728091844502,-20.000000000000007
-0.2500036796922421,1.7348115636756964,-20.000000000000007
-0.3036565787213415,1.515760380157444,-20.000000000000007
-0.3363013541260964,1.5009109637509446,-20.000000000000007
-0.35959895269094616,1.4975201724348015,-20.000000000000007
-0.41442141479787215,1.5038006128554438,-20.000000000000007
-0.4189535225537498,1.4979991861952324,-20.000000000000007
-0.45546729624279425,1.3782904875213022,-20.000000000000007
-0.48530863379219596,1.3558068217984263,-20.000000000000007
-0.5018280465710236,1.3931392460245569,-20.000000000000007
-0.5051064680329467,1.4195692941931781,-20.000000000000007
-0.47788837501271825,1.3512004738398504,-20.000000000000007
-0.4358413012244261,1.4053482139120987,-20.000000000000007
-0.3842655772357391,1.497023366926568,-20.000000000000007
-0.34560768459431646,1.4980180803122265,-20.000000000000007
-0.31883710102721635,1.4974506243832149,-20.000000000000007
-0.30250689361408967,1.5361634090780645,-20.000000000000007
-0.29409241142401876,1.5971895413487154,-20.000000000000007
-0.28603926585340733,1.559897670877876,-20.000000000000007
-0.2915048705615079,1.586954681574822,-20.000000000000007
-0.28448883938678454,1.5441714742555037,-20.000000000000007
-0.2689139575209697,1.7308680938447352,-20.000000000000007
-0.2506585533997571,1.7267162509364216,-20.000000000000007
-0.23193210184063523,1.9136144318446473,-20.000000000000007
-0.2208853973376787,1.931145289038375,-20.000000000000007
-0.2453754064510582,1.8240099211350282,-20.000000000000007
-0.24983746969752973,1.7350726326056742,-20.000000000000007
-0.2663559328666817,1.7603067244530752,-20.000000000000007
-0.2790818393239959,1.462706444093735,-20.000000000000007
-0.2817766652843087,1.4999724734682327,-20.000000000000007
-0.2851857623306309,1.5411187197264242,-20.000000000000007
-0.2809764172693503,1.508253639927686,-20.000000000000007
-0.2816315896530719,1.518993943032604,-20.000000000000007
-0.26311686092271447,1.7633229437224207,-20.000000000000007
-0.2689145148419331,1.7307917784395808,-20.000000000000007
-0.25710497340349936,1.7707586687574617,-20.000000000000007
-0.279322378038063,1.4762063504497125,-20.000000000000007
-0.28045194610705193,1.5030723688115204,-20.000000000000007
-0.2843956344741386,1.5561362920819217,-20.000000000000007
-0.2804068877859218,1.5047866790540922,-20.000000000000007
-0.253618923303346,1.7628279077421505,-20.000000000000007
-0.24822150950555616,1.768583693794501,-20.000000000000007
-0.2204431975307916,1.9288136830172322,-20.000000000000007
-0.22903447707550284,1.9276403862238338,-20.000000000000007
-0.22126242425464537,1.9315727728415633,-20.000000000000007
-0.24839724581557182,1.7826858814747109,-20.000000000000007
-0.2790418615852196,1.465820985743795,-20.000000000000007
-0.30677391376734775,1.5114988088153865,-20.000000000000007
-0.34405458229577907,1.4980598278047284,-20.000000000000007
-0.378701351455147,1.4980706274242719,-20.000000000000007
-0.40455283748730897,1.494368835960573,-20.000000000000007
-0.44658534821108176,1.4350800796751024,-20.000000000000007
-0.47552817181134727,1.338222871893145,-20.000000000000007
-0.477226110433797,1.3461124863939467,-20.000000000000007
-0.4617674150095731,1.3712747493921842,-20.000000000000007
-0.4196141237479483,1.4688869165311003,-20.000000000000007
-0.372790848846437,1.4931765518093185,-20.000000000000007
-0.33855512192318193,1.5001207191487438,-20.000000000000007
-0.3093189552346752,1.5055149864402662,-20.000000000000007
-0.28764465475327106,1.572620408759627,-20.000000000000007
-0.2802170836056198,1.5080859965693252,-20.000000000000007
-0.270761615682778,1.7140802113214757,-20.000000000000007
-0.2796729822160821,1.5255675074412578,-20.000000000000007
-0.279081850209171,1.5400260369158447,-20.000000000000007
-0.2707090611477414,1.7127428620047551,-20.000000000000007
-0.25000367969224213,1.7348115636756964,-20.000000000000007
-0.2335858692674764,1.9295563077585558,-20.000000000000007
-0.21248743473298976,1.8569242044846717,-20.000000000000007
-0.2124874347329898,1.8569242044846714,-20.000000000000007
-0.2346141315790542,1.9310863878357942,-20.000000000000007
-0.24431076490960957,1.8291243725315856,-20.000000000000007
-0.2560323469525233,1.767716960218845,-20.000000000000007
-0.25276036444532335,1.7515370979857023,-20.000000000000007
-0.2704927592345097,1.7044255040025564,-20.000000000000007
-0.2649772189644941,1.7633386230948065,-20.000000000000007
-0.28236022748053274,1.5128180340465143,-20.000000000000007
-0.2795490577147397,1.487692583530686,-20.000000000000007
-0.27908581884652184,1.4629854224262329,-20.000000000000007
-0.26635593286668163,1.760306724453075,-20.000000000000007
-0.2704927592345097,1.7044255040025562,-20.000000000000007
-0.26983038970300494,1.7295187732858663,-20.000000000000007
-0.28009274894438224,1.51471569448542,-20.000000000000007
-0.2839125421513597,1.549416570949266,-20.000000000000007
-0.2856804122723532,1.5647539115715234,-20.000000000000007
-0.2903327824317496,1.5830688895029197,-20.000000000000007
-0.2477049896874544,1.7812067663578977,-20.000000000000007
-0.24411423005189256,1.8235637302985566,-20.000000000000007
-0.20437906386028284,1.746916092709036,-20.000000000000007
-0.21898340119425475,1.9294106496791952,-20.000000000000007
-0.25711981584334775,1.7702188819205942,-20.000000000000007
-0.3100312161862731,1.5034656833836624,-20.000000000000007
-0.34652703780901983,1.4946214590342408,-20.000000000000007
-0.41359062717327616,1.5007335837790703,-20.000000000000007
-0.43775967302522323,1.4221418406226305,-20.000000000000007
-0.4784509744088229,1.3516707229592158,-20.000000000000007
-0.508892745753395,1.3664230241247486,-20.000000000000007
-0.5051179460114001,1.4176527345538452,-20.000000000000007
-0.5088927457533952,1.3664230241247486,-20.000000000000007
-0.48382998381255143,1.3621228802285075,-20.000000000000007
-0.44760679302378836,1.4323212848236573,-20.000000000000007
-0.4210743286522204,1.4511456325029397,-20.000000000000007
-0.3996031359440193,1.4952561946666563,-20.000000000000007
-0.3609739041567412,1.499432755759365,-20.000000000000007
-0.33859473791672223,1.5002867207923647,-20.000000000000007
-0.3122298260799926,1.504323900284712,-20.000000000000007
-0.3120627524684875,1.5038001065633577,-20.000000000000007
-0.3037002748846608,1.5154356624998269,-20.000000000000007
-0.29749703805891253,1.580961970014528,-20.000000000000007
-0.2851354307108087,1.5353985649857194,-20.000000000000007
-0.2500036796922421,1.7348115636756967,-20.000000000000007
-0.234408232611389,1.933174002117995,-20.000000000000007
-0.21112736531608323,1.8393954016667315,-20.000000000000007
-0.20429629129942256,1.750957634344255,-20.000000000000007
-0.2327863050039776,1.9217446600094166,-20.000000000000007
-0.23570267157110547,1.923158628391163,-20.000000000000007
-0.25524064328010465,1.7695258837127659,-20.000000000000007
-0.25326889233539673,1.7578024270239831,-20.000000000000007
-0.2616876141711846,1.7671884405937441,-20.000000000000007
-0.25706275432594383,1.7711732678264345,-20.000000000000007
-0.2666222852697814,1.7645342062435545,-20.000000000000007
-0.2663982721685589,1.7629527497320923,-20.000000000000007
-0.2786779729120955,1.4793883314631036,-20.000000000000007
-0.2801051246410949,1.4811490945842523,-20.000000000000007
-0.2817879916501447,1.4999219417366931,-20.000000000000007
-0.2953671870460677,1.5930209549583458,-20.000000000000007
-0.2828105754745732,1.5373170997394179,-20.000000000000007
-0.2987389270001277,1.5705932947541086,-20.000000000000007
-0.28439501577378495,1.5564346680588255,-20.000000000000007
-0.29730949874236534,1.5855299648091852,-20.000000000000007
-0.28078661533106947,1.511411264809145,-20.000000000000007
-0.26426873684203744,1.7621011640717923,-20.000000000000007
-0.24753611064781522,1.7981305890838026,-20.000000000000007
-0.21941629570363208,1.9349444952642607,-20.000000000000007
-0.2452776421772323,1.8236949821295783,-20.000000000000007
-0.2663559328666817,1.7603067244530752,-20.000000000000007
-0.29888468807246327,1.5674877374029283,-20.000000000000007
-0.34962037992272854,1.4998453594847518,-20.000000000000007
-0.372790848846437,1.4931765518093185,-20.000000000000007
-0.42164739575256005,1.4570342461920025,-20.000000000000007
-0.45543634855281734,1.3784689786246016,-20.000000000000007
-0.4572466674123138,1.3898138268536002,-20.000000000000007
-0.4710196205491097,1.3407914473588105,-20.000000000000007
-0.44164049424241325,1.434330944059469,-20.000000000000007
-0.41836308914762665,1.5108160799573207,-20.000000000000007
-0.4033916457427248,1.4983333518143245,-20.000000000000007
-0.36326986376970494,1.5008369893669977,-20.000000000000007
-0.3419749908859508,1.4974866891996557,-20.000000000000007
-0.3188979075566095,1.496998668131122,-20.000000000000007
-0.28742768842195043,1.5707318059949422,-20.000000000000007
-0.28199981946398567,1.5315909500928488,-20.000000000000007
-0.2758573877298127,1.6174579847012422,-20.000000000000007
-0.26747720503506683,1.7595107317757792,-20.000000000000007
-0.2646014558325995,1.7627589679718105,-20.000000000000007
-0.24812508953460477,1.7867066619015202,-20.000000000000007
-0.22984345828266534,1.9266783470048334,-20.000000000000007
-0.21204973859417786,1.8497531531648241,-20.000000000000007
-0.21268690793811407,1.8605267460668862,-20.000000000000007
-0.23278630500397757,1.9217446600094166,-20.000000000000007
-0.2483972458155718,1.782685881474711,-20.000000000000007
-0.26404433515631154,1.7598858800564579,-20.000000000000007
-0.26634173294459984,1.7609238947511168,-20.000000000000007
-0.2779715575107142,1.50586089147857,-20.000000000000007
-0.278757928389648,1.4731592481629836,-20.000000000000007
-0.25654177983930115,1.7706195191653704,-20.000000000000007
-0.27562117075517845,1.5720927022998594,-20.000000000000007
-0.2502845554208489,1.7235141714337492,-20.000000000000007
-0.25991477599130375,1.7753663081713769,-20.000000000000007
-0.25901590565828647,1.7769500272745358,-20.000000000000007
-0.2568330433392154,1.7714910356285514,-20.000000000000007
-0.26697337105993435,1.7645090506581804,-20.000000000000007
-0.26455493772826,1.7594211128342738,-20.000000000000007
-0.27795934986810755,1.5064042915326303,-20.000000000000007
-0.26406406578710606,1.7599132362164824,-20.000000000000007
-0.24765004788730655,1.796215448993123,-20.000000000000007
-0.22700039482394932,1.931983712679078,-20.000000000000007
-0.22760144644216082,1.9245423734898095,-20.000000000000007
-0.2140808601430989,1.87288452088607,-20.000000000000007
-0.28142244622088197,1.5144228762391463,-20.000000000000007
-0.31879791182189465,1.4995712924173636,-20.000000000000007
-0.3573031244961632,1.5001394893905031,-20.000000000000007
-0.3982505248541114,1.4964929751767844,-20.000000000000007
-0.4211219474264712,1.459955625014826,-20.000000000000007
-0.4454853212724926,1.4389500728386964,-20.000000000000007
-0.4469396672231607,1.4326577626020978,-20.000000000000007
-0.46166202234007303,1.3653859949722933,-20.000000000000007
-0.46124612274080456,1.3683552353866084,-20.000000000000007
-0.4441514757045138,1.4379710338841258,-20.000000000000007
-0.4351430335552955,1.40535626419706,-20.000000000000007
-0.4020474311844272,1.4969517226277593,-20.000000000000007
-0.3606410512947724,1.4987363414971306,-20.000000000000007
-0.3270521933362543,1.5000760491849014,-20.000000000000007
-0.29829252965852937,1.5733807730097908,-20.000000000000007
-0.28339569269116516,1.5216054649451893,-20.000000000000007
-0.27049275923450966,1.7044255040025564,-20.000000000000007
-0.27796298571153877,1.506429966815415,-20.000000000000007
-0.27796340090785826,1.5064014805614228,-20.000000000000007
-0.2667565134828852,1.7618320179012814,-20.000000000000007
-0.24850050817507824,1.7781541308881685,-20.000000000000007
-0.2328234428818111,1.922427873465795,-20.000000000000007
-0.22088539733767873,1.931145289038375,-20.000000000000007
-0.21248743473298978,1.8569242044846714,-20.000000000000007
-0.24765004788730655,1.7962154489931232,-20.000000000000007
-0.2502845554208488,1.7235141714337492,-20.000000000000007
-0.2554054582827691,1.7680451672476833,-20.000000000000007
-0.2689143714825529,1.7314946268396976,-20.000000000000007
-0.25682402761985557,1.77130664625896,-20.000000000000007
-0.26281720128110664,1.7659409011607994,-20.000000000000007
-0.25890844727499596,1.7778534643314243,-20.000000000000007
-0.2788180014938162,1.4909269068472844,-20.000000000000007
-0.26455493772825994,1.7594211128342738,-20.000000000000007
-0.2926173299946784,1.5866558748438622,-20.000000000000007
-0.2844888393867846,1.5441714742555037,-20.000000000000007
-0.29165194773274183,1.5875175501738006,-20.000000000000007
-0.3038838134119745,1.5132292476536489,-20.000000000000007
-0.28199981946398567,1.5315909500928488,-20.000000000000007
-0.28621836386290783,1.5661048258535117,-20.000000000000007
-0.2797646127424965,1.5215127561710626,-20.000000000000007
-0.2535075066154978,1.7636607932167516,-20.000000000000007
-0.2414406711242189,1.8607073622458234,-20.000000000000007
-0.22903447707550284,1.927640386223834,-20.000000000000007
-0.2182751281321456,1.9327711581825628,-20.000000000000007
-0.24950546769882767,1.7506184474221234,-20.000000000000007
-0.27908581884652184,1.462985422426233,-20.000000000000007
-0.3134616331050424,1.5042515485414834,-20.000000000000007
-0.36064105129477236,1.4987363414971306,-20.000000000000007
-0.39780160515750507,1.497910136221977,-20.000000000000007
-0.4206464803150465,1.4698965970817932,-20.000000000000007
-0.44617368648665845,1.4376936844574548,-20.000000000000007
-0.4616620223400731,1.3653859949722935,-20.000000000000007
-0.4565390225060386,1.3831875802874907,-20.000000000000007
-0.4415667366210795,1.4369529854676868,-20.000000000000007
-0.4070364050746556,1.499532177541148,-20.000000000000007
-0.35936336556178516,1.4976688037204569,-20.000000000000007
-0.3260854242970668,1.4994402239040865,-20.000000000000007
-0.2982858651694773,1.5768083661063792,-20.000000000000007
-0.2847216002695949,1.5486923670305728,-20.000000000000007
-0.27978184283737284,1.5248541080248792,-20.000000000000007
-0.27901868954946435,1.5406407467988912,-20.000000000000007
-0.26397145627728985,1.7616699232604902,-20.000000000000007
-0.2554054582827691,1.7680451672476833,-20.000000000000007
-0.2482380690736484,1.7865500278208692,-20.000000000000007
-0.21851335106583322,1.9363396679201959,-20.000000000000007
-0.2182751281321456,1.9327711581825626,-20.000000000000007
-0.18911923876494982,1.5756732257028956,-20.000000000000007
-0.21248743473298978,1.8569242044846714,-20.000000000000007
-0.22117610000737897,1.9371965699065867,-20.000000000000007
-0.23278630500397762,1.9217446600094166,-20.000000000000007
-0.2378795448343607,1.9021277516891226,-20.000000000000007
-0.24812508953460477,1.78670666190152,-20.000000000000007
-0.2560307117717766,1.7677522223127289,-20.000000000000007
-0.2674800075614837,1.7612966715016287,-20.000000000000007
-0.2849877978757573,1.551471343913506,-20.000000000000007
-0.28339569269116516,1.5216054649451891,-20.000000000000007
-0.3010664190644211,1.5461640641260912,-20.000000000000007
-0.28517378958035433,1.5355047244565643,-20.000000000000007
-0.305449339598494,1.5083550434456754,-20.000000000000007
-0.2968063983792928,1.5880407154223115,-20.000000000000007
-0.3112621144312077,1.5004936902458095,-20.000000000000007
-0.31059885837530304,1.5015860447179004,-20.000000000000007
-0.3156451901846279,1.4956226162731587,-20.000000000000007
-0.3177825653391642,1.4994434657499591,-20.000000000000007
-0.28657897359637075,1.5473008647470072,-20.000000000000007
-0.2831728282521034,1.518576488307543,-20.000000000000007
-0.25532583241481627,1.768009635723492,-20.000000000000007
-0.25603071177177666,1.7677522223127284,-20.000000000000007
-0.29129581170875296,1.586600398403575,-20.000000000000007
-0.3225613748226134,1.4989233093586607,-20.000000000000007
-0.35086728491508057,1.49861595826873,-20.000000000000007
-0.4039867371589577,1.4929497325088918,-20.000000000000007
-0.4131120717914658,1.4988762027907383,-20.000000000000007
-0.4388376151458416,1.4322722379896395,-20.000000000000007
-0.4618620830197205,1.362744877848128,-20.000000000000007
-0.4572466674123137,1.3898138268536002,-20.000000000000007
-0.4576739182671021,1.389163943928717,-20.000000000000007
-0.42981458699200364,1.4108700121623794,-20.000000000000007
-0.39256113849285396,1.501563511732443,-20.000000000000007
-0.3565819393581552,1.50165714589203,-20.000000000000007
-0.32909602615490413,1.4976870982554522,-20.000000000000007
-0.30920612750320753,1.5058353957546768,-20.000000000000007
-0.2963645233730326,1.5928445539486393,-20.000000000000007
-0.2837030726838067,1.549202155225256,-20.000000000000007
-0.2812831493503773,1.5241196990476367,-20.000000000000007
-0.2804981069501977,1.5029866584530565,-20.000000000000007
-0.2874012419955623,1.5569799051719144,-20.000000000000007
-0.28317282825210344,1.5185764883075428,-20.000000000000007
-0.2648358141067279,1.7601820209114334,-20.000000000000007
-0.26587342307948075,1.7612089993226447,-20.000000000000007
-0.24233012893262865,1.8479407891859196,-20.000000000000007
-0.26430046527525786,1.759837535940159,-20.000000000000007
-0.27883499269971623,1.472862551725574,-20.000000000000007
-0.30303915581607355,1.5193578550285196,-20.000000000000007
-0.30974872444782503,1.504721382825964,-20.000000000000007
-0.3242246276397488,1.5012477352983005,-20.000000000000007
-0.33057449797746785,1.4966542635607423,-20.000000000000007
-0.33375037514730344,1.4974774775041046,-20.000000000000007
-0.337525609079639,1.4998127087955275,-20.000000000000007
-0.3429332672473858,1.4984821204418535,-20.000000000000007
-0.34162798130954664,1.4980431948566826,-20.000000000000007
-0.3502239915229112,1.50161516141791,-20.000000000000007
-0.3478911942573112,1.4999370027229166,-20.000000000000007
-0.3579018200101079,1.5004098713034335,-20.000000000000007
-0.358850700362887,1.4982151962443475,-20.000000000000007
-0.36702409361766086,1.502473768896058,-20.000000000000007
-0.37470925054084914,1.4899490363465342,-20.000000000000007
-0.35592647042652226,1.5005964201830688,-20.000000000000007
-0.34255089353377943,1.4989121011916366,-20.000000000000007
-0.2852031445255208,1.541163380360447,-20.000000000000007
-0.2648358141067279,1.760182020911433,-20.000000000000007
-0.24753611064781528,1.7981305890838026,-20.000000000000007
-0.2753733810848211,1.5787915297789388,-20.000000000000007
-0.3056723229784016,1.5082439222767148,-20.000000000000007
-0.34982269500336527,1.5007447033427497,-20.000000000000007
-0.3822016095573231,1.5009398825983928,-20.000000000000007
-0.4158886212417068,1.5101321077985737,-20.000000000000007
-0.45846018273126465,1.393082307027098,-20.000000000000007
-0.47576304620523935,1.3401013261190282,-20.000000000000007
-0.48420224549231056,1.3586575128104847,-20.000000000000007
-0.4770327571015476,1.3428909758032306,-20.000000000000007
-0.44243282561576325,1.4428306721838324,-20.000000000000007
-0.41383693217074025,1.5045253487955284,-20.000000000000007
-0.38064187234518737,1.4994793167946665,-20.000000000000007
-0.3485759104527869,1.5009292233714187,-20.000000000000007
-0.32099813607237104,1.4976588514289226,-20.000000000000007
-0.2903327824317496,1.5830688895029197,-20.000000000000007
-0.2819252686870595,1.5318721242677227,-20.000000000000007
-0.2707751257447049,1.7130212180849267,-20.000000000000007
-0.2808753892301222,1.5108612797696737,-20.000000000000007
-0.26669733637484383,1.7652218519100122,-20.000000000000007
-0.2483972458155718,1.782685881474711,-20.000000000000007
-0.23196923971846883,1.9142976453010256,-20.000000000000007
-0.1930381521161568,1.6120202560143864,-20.000000000000007
-0.2040443086596288,1.7471900021231153,-20.000000000000007
-0.22765097951254284,1.9241020799037793,-20.000000000000007
-0.24352941008181267,1.8371727099357729,-20.000000000000007
-0.25603234695252336,1.7677169602188452,-20.000000000000007
-0.26311686092271447,1.7633229437224207,-20.000000000000007
-0.2767711506069767,1.5337877264491468,-20.000000000000007
-0.27796340090785826,1.506401480561423,-20.000000000000007
-0.2786779729120955,1.4793883314631033,-20.000000000000007
-0.26483581410672785,1.760182020911433,-20.000000000000007
-0.26404433515631154,1.7598858800564579,-20.000000000000007
-0.2537543634101053,1.7681209896518113,-20.000000000000007
-0.25354922465006957,1.7668554769849825,-20.000000000000007
-0.2554054582827691,1.7680451672476831,-20.000000000000007
-0.25524064328010465,1.7695258837127656,-20.000000000000007
-0.2658734230794807,1.761208999322645,-20.000000000000007
-0.2568330433392154,1.7714910356285514,-20.000000000000007
-0.2789095434766423,1.4725813775507,-20.000000000000007
-0.25616111506433364,1.7683589737554046,-20.000000000000007
-0.24850050817507824,1.7781541308881688,-20.000000000000007
-0.23538467694061216,1.9234328870905961,-20.000000000000007
-0.21998080016783916,1.9312878373276243,-20.000000000000007
-0.24950546769882767,1.7506184474221236,-20.000000000000007
-0.2812426590335809,1.5234188021339559,-20.000000000000007
-0.31923108236793907,1.4973755201394057,-20.000000000000007
-0.36546185306437295,1.5024794676919526,-20.000000000000007
-0.38164778849711356,1.4989001797387043,-20.000000000000007
-0.4144784540900231,1.5040761485667458,-20.000000000000007
-0.4454853212724926,1.4389500728386964,-20.000000000000007
-0.4554363485528173,1.3784689786246016,-20.000000000000007
-0.4614893863228753,1.3700300205333031,-20.000000000000007
-0.44751912219913337,1.4310777222113167,-20.000000000000007
-0.41990644431208735,1.4655249073448136,-20.000000000000007
-0.39688547288641274,1.4987018501369644,-20.000000000000007
-0.3710259089170928,1.495797592583891,-20.000000000000007
-0.34420648693771383,1.4981593616895856,-20.000000000000007
-0.3197892135540203,1.4997357235477495,-20.000000000000007
-0.30176944672313,1.5365596759207838,-20.000000000000007
-0.29283065590104634,1.5876264806507052,-20.000000000000007
-0.285587080344336,1.5632803966587596,-20.000000000000007
-0.30176944672313,1.5365596759207838,-20.000000000000007
-0.29043631185171537,1.5827005901030378,-20.000000000000007
-0.27049275923450966,1.7044255040025564,-20.000000000000007
-0.2537543634101053,1.7681209896518109,-20.000000000000007
-0.22701847162298078,1.9309018468452899,-20.000000000000007
-0.22700039482394938,1.9319837126790778,-20.000000000000007
-0.2535492246500696,1.7668554769849827,-20.000000000000007
-0.2572695114353212,1.7718388836920507,-20.000000000000007
-0.28132352876836003,1.4958962719169133,-20.000000000000007
-0.28476675363292536,1.5329115731342655,-20.000000000000007
-0.30462254204042183,1.506488093296124,-20.000000000000007
-0.3056690381899896,1.507420708735632,-20.000000000000007
-0.3149689925653724,1.4942054193763858,-20.000000000000007
-0.31975251671667376,1.4970694273774978,-20.000000000000007
-0.3133654138274754,1.5043099293610585,-20.000000000000007
-0.32876307871450594,1.4982035834538965,-20.000000000000007
-0.3154123360548588,1.4946572017215614,-20.000000000000007
-0.3372645970977699,1.500144427142974,-20.000000000000007
-0.3278451787552635,1.500688103342108,-20.000000000000007
-0.3468468424654152,1.4965459967202768,-20.000000000000007
-0.33452710121150203,1.4981548252396468,-20.000000000000007
-0.35404174079457157,1.499745116728546,-20.000000000000007
-0.3355248686961959,1.50020928745709,-20.000000000000007
-0.29392143141561916,1.5971422552553443,-20.000000000000007
-0.28517378958035433,1.5355047244565643,-20.000000000000007
-0.2259544067033732,1.9324083385227475,-20.000000000000007
-0.24853168286157168,1.7784212836840876,-20.000000000000007
-0.2790858188465218,1.4629854224262329,-20.000000000000007
-0.3085853617769224,1.5085232448780213,-20.000000000000007
-0.3681252214211197,1.4987912936749503,-20.000000000000007
-0.39661134967055733,1.4988408108602913,-20.000000000000007
-0.43879785351840667,1.4329233080298929,-20.000000000000007
-0.4613310221673941,1.3713895466858201,-20.000000000000007
-0.45581906311997594,1.3805229383733433,-20.000000000000007
-0.4618362914584618,1.363183606472567,-20.000000000000007
-0.44542176887645574,1.4401910651068042,-20.000000000000007
-0.4356454916767923,1.4055501305446627,-20.000000000000007
-0.4177723672031316,1.5160728488820259,-20.000000000000007
-0.3938602057640235,1.501494361793922,-20.000000000000007
-0.35765594109413823,1.4985415082270692,-20.000000000000007
-0.33031887800383164,1.4965167991758463,-20.000000000000007
-0.30761372905250317,1.5100234210589014,-20.000000000000007
-0.30328578238110504,1.5204381626563315,-20.000000000000007
-0.2977802812643571,1.5800999856653763,-20.000000000000007
-0.29690973868965004,1.5893699734772535,-20.000000000000007
-0.2817807748115673,1.531225381633549,-20.000000000000007
-0.24753611064781525,1.7981305890838026,-20.000000000000007
-0.22117610000737895,1.9371965699065867,-20.000000000000007
-0.18888897604606414,1.5748627885679038,-20.000000000000007
-0.18888897604606414,1.5748627885679038,-20.000000000000007
-0.22028223899943516,1.9396231885002952,-20.000000000000007
-0.2272581511555578,1.9273187281239845,-20.000000000000007
-0.24537540645105818,1.824009921135028,-20.000000000000007
-0.24839724581557182,1.7826858814747113,-20.000000000000007
-0.24894779568029934,1.7654260612210055,-20.000000000000007
-0.25065855339975707,1.7267162509364216,-20.000000000000007
-0.24812938511712435,1.7856504139612346,-20.000000000000007
-0.2507003871746083,1.727042311021663,-20.000000000000007
-0.24753611064781528,1.7981305890838026,-20.000000000000007
-0.2537543634101053,1.768120989651811,-20.000000000000007
-0.24975166384454114,1.74026753728837,-20.000000000000007
-0.26311686092271447,1.7633229437224212,-20.000000000000007
-0.2572695114353212,1.7718388836920507,-20.000000000000007
-0.2783379440228326,1.4898384639207838,-20.000000000000007
-0.2784007816040446,1.4866653321274192,-20.000000000000007
-0.2763109041871108,1.550908563940168,-20.000000000000007
-0.25991477599130375,1.7753663081713773,-20.000000000000007
-0.2328234428818111,1.9224278734657951,-20.000000000000007
-0.24343762362120383,1.8364278092211168,-20.000000000000007
-0.22096168538854577,1.93592038168775,-20.000000000000007
-0.2789708254526113,1.540628406263732,-20.000000000000007
-0.3134345200104209,1.5043234309589935,-20.000000000000007
-0.3439676773418297,1.4986308929042522,-20.000000000000007
-0.3813849806319468,1.4992378804840945,-20.000000000000007
-0.41611294929815884,1.5118101648032491,-20.000000000000007
-0.4458249050718208,1.4425078372692537,-20.000000000000007
-0.4612910243803998,1.3686016930587463,-20.000000000000007
-0.47903548049594413,1.355003380136057,-20.000000000000007
-0.4718122929046303,1.337806134734778,-20.000000000000007
-0.45548732132569764,1.379813234412063,-20.000000000000007
-0.4365847532877593,1.414308620656863,-20.000000000000007
-0.4042771316644778,1.4934538364891068,-20.000000000000007
-0.3647941975293897,1.4984415302107008,-20.000000000000007
-0.32781878611605897,1.500862368774874,-20.000000000000007
-0.30526619152403467,1.5069973695355985,-20.000000000000007
-0.2847216002695949,1.5486923670305728,-20.000000000000007
-0.28015984769796337,1.4819241385848265,-20.000000000000007
-0.2785478315136013,1.4857658922750325,-20.000000000000007
-0.26635593286668163,1.7603067244530752,-20.000000000000007
-0.2568330433392154,1.7714910356285511,-20.000000000000007
-0.22760144644216085,1.9245423734898095,-20.000000000000007
-0.22700039482394935,1.931983712679078,-20.000000000000007
-0.19303815211615682,1.6120202560143864,-20.000000000000007
-0.22903447707550287,1.9276403862238338,-20.000000000000007
-0.234408232611389,1.9331740021179946,-20.000000000000007
-0.25493350224142575,1.7718608969257508,-20.000000000000007
-0.2640640657871061,1.7599132362164824,-20.000000000000007
-0.2790418615852196,1.4658209857437952,-20.000000000000007
-0.28530312775040767,1.5418028366292362,-20.000000000000007
-0.28236022748053274,1.512818034046514,-20.000000000000007
-0.3044393150403199,1.5051572596445142,-20.000000000000007
-0.28339569269116516,1.5216054649451891,-20.000000000000007
-0.3097032282177266,1.505555939646368,-20.000000000000007
-0.2873997390940624,1.5520020262216156,-20.000000000000007
-0.3018409534202319,1.536573002140282,-20.000000000000007
-0.28845804864794106,1.5697992305540256,-20.000000000000007
-0.2944537756463327,1.5987326081925275,-20.000000000000007
-0.2952921453964855,1.5929773475313669,-20.000000000000007
-0.3019369754486786,1.535965416989518,-20.000000000000007
-0.30723982905641706,1.5094781150519185,-20.000000000000007
-0.270706282731175,1.711801215813155,-20.000000000000007
-0.2771131569913724,1.550762128229339,-20.000000000000007
-0.23440823261138902,1.9331740021179946,-20.000000000000007
-0.2309711531267507,1.9116541230441981,-20.000000000000007
-0.2591851976197309,1.7766506820675625,-20.000000000000007
-0.2806052636354269,1.4882392549076289,-20.000000000000007
-0.32743565997221463,1.5004461041528145,-20.000000000000007
-0.35928339880914084,1.4976107008844,-20.000000000000007
-0.40296755711252646,1.4964228762415948,-20.000000000000007
-0.42721046300393223,1.4205458007954879,-20.000000000000007
-0.44164049424241336,1.4343309440594691,-20.000000000000007
-0.4614893863228754,1.370030020533303,-20.000000000000007
-0.4706826282662673,1.3405569012402887,-20.000000000000007
-0.4585674064496765,1.4017338874607685,-20.000000000000007
-0.4426539679226499,1.4430152893589439,-20.000000000000007
-0.40346563283004766,1.499104163455638,-20.000000000000007
-0.34996991842586195,1.5021059093469018,-20.000000000000007
-0.31752744675354255,1.499313456149423,-20.000000000000007
-0.2861467625785085,1.5660632206302456,-20.000000000000007
-0.28023056887534203,1.5145239618419137,-20.000000000000007
-0.26770561662432957,1.7529648760230936,-20.000000000000007
-0.25775613100972516,1.7721960250527413,-20.000000000000007
-0.2637681370636228,1.7625253917020656,-20.000000000000007
-0.25706275432594383,1.7711732678264347,-20.000000000000007
-0.2368081958155418,1.9141570200209543,-20.000000000000007
-0.2368081958155418,1.9141570200209541,-20.000000000000007
-0.21827512813214564,1.9327711581825628,-20.000000000000007
-0.2306016887745189,1.9140944014911363,-20.000000000000007
-0.24965204629655047,1.7463127307456157,-20.000000000000007
-0.2658734230794807,1.761208999322645,-20.000000000000007
-0.278757928389648,1.4731592481629834,-20.000000000000007
-0.2794991150368445,1.4679593827854813,-20.000000000000007
-0.27875792838964797,1.4731592481629836,-20.000000000000007
-0.2633806440670744,1.7616662219360335,-20.000000000000007
-0.25524064328010465,1.7695258837127659,-20.000000000000007
-0.24894779568029932,1.7654260612210053,-20.000000000000007
-0.2481250895346048,1.7867066619015204,-20.000000000000007
-0.24812420006958288,1.7869332679653116,-20.000000000000007
-0.24527764217723233,1.8236949821295778,-20.000000000000007
-0.2489477956802993,1.7654260612210053,-20.000000000000007
-0.24451821561584364,1.8284025365562286,-20.000000000000007
-0.2532688923353968,1.7578024270239831,-20.000000000000007
-0.24894779568029934,1.7654260612210053,-20.000000000000007
-0.24823806907364837,1.7865500278208695,-20.000000000000007
-0.23595500071689002,1.921576377911016,-20.000000000000007
-0.2166009851522569,1.910393945565672,-20.000000000000007
-0.24352941008181267,1.837172709935773,-20.000000000000007
-0.2368081958155418,1.9141570200209541,-20.000000000000007
-0.2860392658534074,1.559897670877876,-20.000000000000007
-0.32400119041006015,1.5003983992326635,-20.000000000000007
-0.371693806882796,1.496928801428554,-20.000000000000007
-0.40420644808156947,1.491714367868617,-20.000000000000007
-0.4379188490522993,1.422333032014301,-20.000000000000007
-0.45752199436606633,1.3896045274710873,-20.000000000000007
-0.44658534821108176,1.4350800796751022,-20.000000000000007
-0.4562925347026195,1.382302004261081,-20.000000000000007
-0.4430432774112195,1.4456078412374769,-20.000000000000007
-0.4296975185912876,1.411282703710759,-20.000000000000007
-0.4166805272159163,1.518795804460924,-20.000000000000007
-0.38449974121220026,1.4999068163832516,-20.000000000000007
-0.35806574254214235,1.5008809129032419,-20.000000000000007
-0.3146352793115471,1.4956303599468472,-20.000000000000007
-0.2975816024170683,1.5807142341265508,-20.000000000000007
-0.2801598476979634,1.4819241385848265,-20.000000000000007
-0.278449040816506,1.4869524381668997,-20.000000000000007
-0.2770213813184595,1.5300788191826162,-20.000000000000007
-0.2755296385527634,1.575636613138193,-20.000000000000007
-0.26306970030060844,1.7625351014937816,-20.000000000000007
-0.2378795448343607,1.9021277516891226,-20.000000000000007
-0.24431076490960957,1.8291243725315853,-20.000000000000007
-0.21248743473298976,1.8569242044846717,-20.000000000000007
-0.22992079293499199,1.9267144829893357,-20.000000000000007
-0.24352941008181267,1.8371727099357729,-20.000000000000007
-0.2520857115623823,1.7455739038596287,-20.000000000000007
-0.2571237735630304,1.7708242970558317,-20.000000000000007
-0.2786779729120955,1.4793883314631033,-20.000000000000007
-0.28622320851315364,1.5579441903987474,-20.000000000000007
-0.2846457083091282,1.5503674483541243,-20.000000000000007
-0.30465716287586275,1.506208742334613,-20.000000000000007
-0.29439320887510523,1.594684821693695,-20.000000000000007
-0.30889891619828647,1.5077598400660759,-20.000000000000007
-0.3071482235334123,1.51093096580971,-20.000000000000007
-0.30371870314487476,1.5155705821615015,-20.000000000000007
-0.30250712070808533,1.5335323154134946,-20.000000000000007
-0.3025071207080854,1.5335323154134943,-20.000000000000007
-0.29298011517099515,1.587253273196303,-20.000000000000007
-0.3092742469775259,1.5058506198337374,-20.000000000000007
-0.3090336352353068,1.5068264433831877,-20.000000000000007
-0.2802251193017999,1.5046437506444552,-20.000000000000007
-0.28046428726364175,1.5061256320852192,-20.000000000000007
-0.23246637703641987,1.9154094041285457,-20.000000000000007
-0.2259544067033732,1.9324083385227473,-20.000000000000007
-0.25276036444532335,1.7515370979857023,-20.000000000000007
-0.2801598476979634,1.4819241385848267,-20.000000000000007
-0.31865441636877734,1.496127932785908,-20.000000000000007
-0.3760847362250421,1.4948554933313283,-20.000000000000007
-0.4007648941076237,1.494849778750037,-20.000000000000007
-0.4290164170057053,1.4149025309716476,-20.000000000000007
-0.46395864182209745,1.3474310737880129,-20.000000000000007
-0.4728380459071637,1.3344192763904494,-20.000000000000007
-0.47681936101017025,1.3418991215141742,-20.000000000000007
-0.4551779964934485,1.3892198108569198,-20.000000000000007
-0.4092339033726724,1.5005311159953543,-20.000000000000007
-0.3463758206807767,1.496237384983564,-20.000000000000007
-0.28538190870132374,1.5418324648831312,-20.000000000000007
-0.24812508953460477,1.7867066619015204,-20.000000000000007
-0.2423561646467396,1.8482118997688322,-20.000000000000007
-0.23686139741737336,1.9098754181470876,-20.000000000000007
-0.24874556862336183,1.7709263334737655,-20.000000000000007
-0.2838003182059311,1.5389603050621732,-20.000000000000007
-0.2495054676988277,1.750618447422124,-20.000000000000007
-0.24814112531457128,1.7856141230658018,-20.000000000000007
-0.2259544067033732,1.932408338522747,-20.000000000000007
-0.18250173051842533,1.5731434678747531,-20.000000000000007
-0.2196570342500176,1.9384732617866098,-20.000000000000007
-0.2309987143250381,1.9110800623980293,-20.000000000000007
-0.23440823261138902,1.9331740021179948,-20.000000000000007
-0.23461413157905425,1.9310863878357942,-20.000000000000007
-0.2453754064510582,1.824009921135028,-20.000000000000007
-0.23595500071689002,1.921576377911016,-20.000000000000007
-0.2598458173349736,1.7768685168057405,-20.000000000000007
-0.25354922465006957,1.7668554769849825,-20.000000000000007
-0.2502845554208488,1.7235141714337492,-20.000000000000007
-0.2500036796922421,1.7348115636756964,-20.000000000000007
-0.2343092326264949,1.931141557731697,-20.000000000000007
-0.2567799843169307,1.7718874768254964,-20.000000000000007
-0.24233012893262862,1.8479407891859196,-20.000000000000007
-0.2782117949166368,1.5235698025000315,-20.000000000000007
-0.2690993203873783,1.7391975444727663,-20.000000000000007
-0.24963129967275877,1.7374327056507175,-20.000000000000007
-0.2805162497751269,1.5040957276763307,-20.000000000000007
-0.23708075825975766,1.908823347317173,-20.000000000000007
-0.2537028219436904,1.7646791922144858,-20.000000000000007
-0.2563266999575595,1.7687420527683997,-20.000000000000007
-0.26246030933857206,1.7644589843032226,-20.000000000000007
-0.29298011517099515,1.587253273196303,-20.000000000000007
-0.31891398173524954,1.4969516495868542,-20.000000000000007
-0.3573547123626676,1.5003539792256146,-20.000000000000007
-0.37876689713794387,1.498055321475186,-20.000000000000007
-0.39195255719288435,1.5040965379487894,-20.000000000000007
-0.4038680853064463,1.4923228234903874,-20.000000000000007
-0.4019731862321809,1.494323092287781,-20.000000000000007
-0.41944305188166836,1.4882839640349266,-20.000000000000007
-0.45336174635079685,1.390900279014112,-20.000000000000007
-0.44572419153291964,1.4402312723860076,-20.000000000000007
-0.4456204384632225,1.4387681557691328,-20.000000000000007
-0.4042706847814479,1.492251925118478,-20.000000000000007
-0.3671216296927271,1.50075025770672,-20.000000000000007
-0.33558039479257795,1.5002819436009325,-20.000000000000007
-0.3285289181574559,1.4993384352560646,-20.000000000000007
-0.30826582509079214,1.5091797153969193,-20.000000000000007
-0.29873892700012783,1.5705932947541084,-20.000000000000007
-0.28370307268380673,1.549202155225256,-20.000000000000007
-0.25977591631492003,1.7774783962318674,-20.000000000000007
-0.2502845554208488,1.7235141714337492,-20.000000000000007
-0.21993701921388006,1.9314013556027736,-20.000000000000007
-0.2209292477617999,1.9374414169331242,-20.000000000000007
-0.18888897604606417,1.5748627885679038,-20.000000000000007
-0.1894245325731731,1.5791548760255547,-20.000000000000007
-0.18885818653230282,1.5776548930151266,-20.000000000000007
-0.18837473412143405,1.573377960684116,-20.000000000000007
-0.18842511370101273,1.5738540301251949,-20.000000000000007
-0.18885818653230285,1.5776548930151266,-20.000000000000007
-0.1894245325731731,1.5791548760255545,-20.000000000000007
-0.20438912631107456,1.746757119847901,-20.000000000000007
-0.21297145694215708,1.8551211557628875,-20.000000000000007
-0.2261117179537413,1.930142122305032,-20.000000000000007
-0.22995698799419928,1.9257483738802674,-20.000000000000007
-0.22995698799419928,1.9257483738802672,-20.000000000000007
-0.2291202052050922,1.9262339835287352,-20.000000000000007
-0.22704578554908228,1.9295504101736776,-20.000000000000007
-0.2201245687657412,1.9315839867608924,-20.000000000000007
-0.22009438141336607,1.932060905344298,-20.000000000000007
-0.21315583647109385,1.8589621566368044,-20.000000000000007
-0.21295636326596953,1.8553596150545903,-20.000000000000007
-0.20437906386028282,1.7469160927090361,-20.000000000000007
-0.23435863085067832,1.9269011950070363,-20.000000000000007
-0.2495254687368668,1.7504018656205753,-20.000000000000007
-0.2861467625785086,1.5660632206302456,-20.000000000000007
-0.32590666828850545,1.5008285816295341,-20.000000000000007
-0.3338699337472861,1.4979520154556574,-20.000000000000007
-0.35035637031227795,1.50220842103098,-20.000000000000007
-0.34103181263269516,1.4982046269245854,-20.000000000000007
-0.31993457899492006,1.4998113265030868,-20.000000000000007
-0.32590666828850545,1.5008285816295344,-20.000000000000007
-0.3074330011748714,1.509255958864809,-20.000000000000007
-0.2983756903164971,1.5740870760206478,-20.000000000000007
-0.2971215569342849,1.5881154701132172,-20.000000000000007
-0.2560649706345302,1.7672901528174136,-20.000000000000007
-0.2645333836519296,1.762378075236311,-20.000000000000007
-0.24753253530646158,1.798998389883567,-20.000000000000007
-0.2485005081750783,1.778154130888169,-20.000000000000007
-0.24754720397342556,1.7997482448718514,-20.000000000000007
-0.2343954723918055,1.931767227462756,-20.000000000000007
-0.23445763083557242,1.928933639393334,-20.000000000000007
-0.21295636326596953,1.8553596150545901,-20.000000000000007
-0.20437906386028284,1.746916092709036,-20.000000000000007
-0.1806700006820344,1.5594198148107745,-20.000000000000007
-0.17950911580190798,1.5810607140359072,-20.000000000000007
-0.1742675836248365,1.5596310191219986,-20.000000000000007
-0.18067000068203443,1.559419814810775,-20.000000000000007
-0.1822603459450228,1.575240624019803,-20.000000000000007
-0.1822603459450228,1.575240624019803,-20.000000000000007
-0.18067000068203443,1.5594198148107745,-20.000000000000007
-0.180374903390968,1.5624216849117094,-20.000000000000007
-0.179509115801908,1.5810607140359074,-20.000000000000007
-0.18067000068203443,1.5594198148107745,-20.000000000000007
-0.17950911580190798,1.5810607140359072,-20.000000000000007
-0.1811061921972143,1.5615965088310684,-20.000000000000007
-0.18226034594502277,1.575240624019803,-20.000000000000007
-0.18885818653230285,1.5776548930151268,-20.000000000000007
-0.20438912631107453,1.746757119847901,-20.000000000000007
-0.21297145694215708,1.8551211557628873,-20.000000000000007
-0.22012456876574124,1.9315839867608926,-20.000000000000007
-0.21898340119425475,1.9294106496791947,-20.000000000000007
-0.21922162412794235,1.9329791594168277,-20.000000000000007
-0.21360862628609328,1.8658947486649493,-20.000000000000007
-0.22091889527795544,1.9376860594183727,-20.000000000000007
-0.2129563632659695,1.85535961505459,-20.000000000000007
-0.2124774017858964,1.8482623387946078,-20.000000000000007
-0.22739779501944926,1.9264277399805438,-20.000000000000007
-0.2559992603093989,1.7682132022059605,-20.000000000000007
-0.3026329100673684,1.5319900558991009,-20.000000000000007
-0.3303087174971084,1.4966307871334459,-20.000000000000007
-0.3459104103297967,1.4962001550576667,-20.000000000000007
-0.35356597506380316,1.5005062716531965,-20.000000000000007
-0.3508214828115628,1.5002901619420403,-20.000000000000007
-0.34799964239545295,1.499933571071234,-20.000000000000007
-0.35191443739196543,1.4994519078605817,-20.000000000000007
-0.33850326490041593,1.5002313579266717,-20.000000000000007
-0.32128457272823624,1.4978563053424478,-20.000000000000007
-0.2964119074986512,1.5931961676487112,-20.000000000000007
-0.2787188900902198,1.50535734299718,-20.000000000000007
-0.2532803119563147,1.757648403858878,-20.000000000000007
-0.25277178406624123,1.751383074820597,-20.000000000000007
-0.24950546769882767,1.7506184474221236,-20.000000000000007
-0.2502560588773389,1.7274481982612548,-20.000000000000007
-0.2360274194291973,1.9188267312991638,-20.000000000000007
-0.2192014992263589,1.933297105139098,-20.000000000000007
-0.21896327629267134,1.929728595401465,-20.000000000000007
-0.18250173051842533,1.573143467874753,-20.000000000000007
-0.18250173051842536,1.5731434678747531,-20.000000000000007
-0.179509115801908,1.5810607140359072,-20.000000000000007
-0.1791738607280204,1.5901780441278879,-20.000000000000007
-0.17426758362483646,1.5596310191219986,-20.000000000000007
-0.17716407672167847,1.5760687284044743,-20.000000000000007
-0.17259283802865877,1.5472393109831908,-20.000000000000007
-0.17337853243457835,1.5519365666422185,-20.000000000000007
-0.17259283802865874,1.5472393109831906,-20.000000000000007
-0.151885716309857,1.4022628753804092,-20.000000000000007
-0.14896232389835787,1.441250436214657,-20.000000000000007
-0.1362648890948696,1.4776041952523142,-20.000000000000007
-0.13559501490126286,1.4971204706629226,-20.000000000000007
-0.1377468926182409,1.4138227263361496,-20.000000000000007
-0.16491224342351885,1.4962079272044326,-20.000000000000007
-0.18226034594502277,1.575240624019803,-20.000000000000007
-0.18885818653230282,1.5776548930151268,-20.000000000000007
-0.18942453257317313,1.5791548760255543,-20.000000000000007
-0.1891192387649498,1.5756732257028956,-20.000000000000007
-0.18885818653230285,1.5776548930151266,-20.000000000000007
-0.18226034594502277,1.575240624019803,-20.000000000000007
-0.17359964367809982,1.555262154034674,-20.000000000000007
-0.14975414285615307,1.435613454864934,-20.000000000000007
-0.14896232389835787,1.4412504362146568,-20.000000000000007
-0.18226034594502277,1.5752406240198031,-20.000000000000007
-0.25092699487915726,1.729344889771084,-20.000000000000007
-0.3072398290564171,1.5094781150519188,-20.000000000000007
-0.3539000757145105,1.4996504243186146,-20.000000000000007
-0.37064908472432695,1.494311848269177,-20.000000000000007
-0.3675698312927094,1.5018277541961065,-20.000000000000007
-0.35088984783593485,1.5001896161864756,-20.000000000000007
-0.32208905323922,1.496189428305121,-20.000000000000007
-0.30892496702167027,1.5069197942082742,-20.000000000000007
-0.29145195086946407,1.588624020893299,-20.000000000000007
-0.28430168384576776,1.5549611531460619,-20.000000000000007
-0.2804981069501977,1.5029866584530562,-20.000000000000007
-0.2820827887703236,1.5254611370748328,-20.000000000000007
-0.2563746316399771,1.7681466942019595,-20.000000000000007
-0.26429046053214056,1.761769777702617,-20.000000000000007
-0.2527717840662413,1.751383074820597,-20.000000000000007
-0.24236774062426175,1.8474141940916826,-20.000000000000007
-0.2442085622787589,1.828285975980229,-20.000000000000007
-0.2271630914090802,1.928551184906833,-20.000000000000007
-0.22610668672834547,1.930221608735599,-20.000000000000007
-0.19315943252724238,1.6118386740500745,-20.000000000000007
-0.1822603459450228,1.5752406240198031,-20.000000000000007
-0.1617536389502492,1.4767475548411566,-20.000000000000007
-0.14975414285615304,1.435613454864934,-20.000000000000007
-0.14969871320520375,1.437675006587023,-20.000000000000007
-0.16175363895024922,1.4767475548411566,-20.000000000000007
-0.16491224342351885,1.4962079272044329,-20.000000000000007
-0.17337853243457835,1.5519365666422187,-20.000000000000007
-0.17426758362483646,1.5596310191219989,-20.000000000000007
-0.179509115801908,1.5810607140359072,-20.000000000000007
-0.180374903390968,1.5624216849117096,-20.000000000000007
-0.18226034594502277,1.5752406240198031,-20.000000000000007
-0.18226034594502277,1.575240624019803,-20.000000000000007
-0.179509115801908,1.5810607140359072,-20.000000000000007
-0.17950911580190798,1.5810607140359074,-20.000000000000007
-0.17950911580190804,1.5810607140359072,-20.000000000000007
-0.17917386072802036,1.5901780441278877,-20.000000000000007
-0.179509115801908,1.5810607140359072,-20.000000000000007
-0.17917386072802038,1.5901780441278879,-20.000000000000007
-0.179509115801908,1.5810607140359072,-20.000000000000007
-0.1806700006820344,1.559419814810775,-20.000000000000007
-0.1811061921972143,1.5615965088310682,-20.000000000000007
-0.18067000068203445,1.5594198148107747,-20.000000000000007
-0.18226034594502277,1.575240624019803,-20.000000000000007
-0.22140461161028016,1.9284170608693034,-20.000000000000007
-0.25599926030939885,1.7682132022059605,-20.000000000000007
-0.30959501476071,1.5051451185337676,-20.000000000000007
-0.348843352628438,1.5005707265693482,-20.000000000000007
-0.3673333819602038,1.5031072802237782,-20.000000000000007
-0.3775355538518142,1.4932946148073056,-20.000000000000007
-0.3665172390876797,1.5023519899085787,-20.000000000000007
-0.3540417407945716,1.499745116728546,-20.000000000000007
-0.3468435645330388,1.496382921796294,-20.000000000000007
-0.32989701066920396,1.4964420253284247,-20.000000000000007
-0.3183535607551136,1.499888986375928,-20.000000000000007
-0.30785288286361745,1.5113571214991506,-20.000000000000007
-0.284452222762618,1.5448287514349475,-20.000000000000007
-0.2789382638323489,1.5407953445967628,-20.000000000000007
-0.2604731077489204,1.769794152769527,-20.000000000000007
-0.24965204629655044,1.7463127307456157,-20.000000000000007
-0.23595160499717144,1.9198984617709434,-20.000000000000007
-0.22610668672834544,1.9302216087355992,-20.000000000000007
-0.20437906386028284,1.7469160927090361,-20.000000000000007
-0.18842511370101273,1.5738540301251946,-20.000000000000007
-0.17548244831557921,1.566996165209496,-20.000000000000007
-0.15098649128259778,1.3992341320455806,-20.000000000000007
-0.14975414285615304,1.435613454864934,-20.000000000000007
-0.1622651465189021,1.4799780943445653,-20.000000000000007
-0.1822603459450228,1.5752406240198031,-20.000000000000007
-0.18885818653230285,1.5776548930151266,-20.000000000000007
-0.20139347992708184,1.7055505241438342,-20.000000000000007
-0.2046411089508683,1.7505247520690406,-20.000000000000007
-0.2043891263110746,1.746757119847901,-20.000000000000007
-0.20438912631107456,1.746757119847901,-20.000000000000007
-0.18888897604606417,1.5748627885679038,-20.000000000000007
-0.1822603459450228,1.5752406240198031,-20.000000000000007
-0.1804043718668858,1.5611767535850447,-20.000000000000007
-0.1771640767216785,1.5760687284044745,-20.000000000000007
-0.17426758362483646,1.5596310191219986,-20.000000000000007
-0.1649122434235189,1.4962079272044326,-20.000000000000007
-0.17259283802865874,1.5472393109831906,-20.000000000000007
-0.16015086704143033,1.4658572207674503,-20.000000000000007
-0.14975415741304388,1.4356391577721637,-20.000000000000007
-0.14969871320520375,1.437675006587023,-20.000000000000007
-0.1377468926182409,1.4138227263361494,-20.000000000000007
-0.1377468926182409,1.4138227263361494,-20.000000000000007
-0.1377468926182409,1.4138227263361496,-20.000000000000007
-0.179509115801908,1.5810607140359074,-20.000000000000007
-0.22009438141336607,1.9320609053442983,-20.000000000000007
-0.28792142465882803,1.5730996135501178,-20.000000000000007
-0.3351370464123321,1.500616228360451,-20.000000000000007
-0.3706490847243269,1.4943118482691773,-20.000000000000007
-0.384595899863133,1.5003306358339246,-20.000000000000007
-0.36409030703372147,1.5014376598449681,-20.000000000000007
-0.3539794634570739,1.5002529887766858,-20.000000000000007
-0.3318418531404802,1.497591925570437,-20.000000000000007
-0.33356080115009107,1.4967240804622297,-20.000000000000007
-0.31843219029649383,1.500109542351852,-20.000000000000007
-0.32129900391154864,1.4978936048979992,-20.000000000000007
-0.29606388997940547,1.5918839528729554,-20.000000000000007
-0.26453338365192963,1.762378075236311,-20.000000000000007
-0.2538312671394714,1.7689606461964051,-20.000000000000007
-0.2273330959433283,1.9263185871703346,-20.000000000000007
-0.2275318827650552,1.925029131191479,-20.000000000000007
-0.21896327629267134,1.929728595401465,-20.000000000000007
-0.21295636326596953,1.8553596150545901,-20.000000000000007
-0.19585034827272613,1.6385653706310412,-20.000000000000007
-0.18888897604606414,1.5748627885679038,-20.000000000000007
-0.17917386072802038,1.5901780441278877,-20.000000000000007
-0.17337853243457835,1.5519365666422185,-20.000000000000007
-0.14975415741304388,1.4356391577721634,-20.000000000000007
-0.14969871320520375,1.4376750065870232,-20.000000000000007
-0.15098649128259778,1.3992341320455803,-20.000000000000007
-0.14975415741304388,1.4356391577721634,-20.000000000000007
-0.14975415741304388,1.4356391577721637,-20.000000000000007
-0.15098649128259778,1.3992341320455806,-20.000000000000007
-0.16270023080057264,1.4821412217524914,-20.000000000000007
-0.1754824483155792,1.566996165209496,-20.000000000000007
-0.17917386072802038,1.5901780441278879,-20.000000000000007
-0.17950911580190798,1.5810607140359072,-20.000000000000007
-0.17716407672167844,1.5760687284044748,-20.000000000000007
-0.17259283802865877,1.5472393109831906,-20.000000000000007
-0.15098649128259778,1.3992341320455803,-20.000000000000007
-0.14969871320520375,1.437675006587023,-20.000000000000007
-0.13766089245675406,1.4109848407592602,-20.000000000000007
-0.13766089245675406,1.4109848407592605,-20.000000000000007
-0.13766089245675406,1.4109848407592605,-20.000000000000007
-0.13634314369070832,1.469091816603712,-20.000000000000007
-0.13559501490126286,1.4971204706629224,-20.000000000000007
-0.1352364542451437,1.495613264896909,-20.000000000000007
-0.1350079976204999,1.4901723146345816,-20.000000000000007
-0.16015086704143033,1.4658572207674503,-20.000000000000007
-0.20437906386028282,1.746916092709036,-20.000000000000007
-0.2640172657729789,1.7622749163453784,-20.000000000000007
-0.326908210970252,1.4986123440115993,-20.000000000000007
-0.35304496524095785,1.4999058802289402,-20.000000000000007
-0.3650299395854603,1.5021752994107427,-20.000000000000007
-0.3634729490658337,1.5036671981574738,-20.000000000000007
-0.3487501180293201,1.5010117486246983,-20.000000000000007
-0.3445687964225964,1.4974155214057994,-20.000000000000007
-0.3340107762909207,1.4977705142242872,-20.000000000000007
-0.32769216113537786,1.499724053457199,-20.000000000000007
-0.31350823735660693,1.5054828001493974,-20.000000000000007
-0.2856098285081249,1.5442338430282343,-20.000000000000007
-0.2756217750935996,1.5959598517175477,-20.000000000000007
-0.2475585878519776,1.7990792434900513,-20.000000000000007
-0.23090645405062976,1.911544970233989,-20.000000000000007
-0.22358805165595635,1.9283860753388087,-20.000000000000007
-0.2173212029881181,1.9087448011210406,-20.000000000000007
-0.2050687426388885,1.7578547762500234,-20.000000000000007
-0.18842511370101275,1.5738540301251946,-20.000000000000007
-0.18226034594502277,1.5752406240198031,-20.000000000000007
-0.1622651465189021,1.4799780943445655,-20.000000000000007
-0.16226514651890211,1.4799780943445653,-20.000000000000007
-0.16491224342351885,1.4962079272044329,-20.000000000000007
-0.180374903390968,1.5624216849117096,-20.000000000000007
-0.18837473412143405,1.573377960684116,-20.000000000000007
-0.1894245325731731,1.5791548760255547,-20.000000000000007
-0.1894245325731731,1.5791548760255547,-20.000000000000007
-0.18942453257317313,1.5791548760255547,-20.000000000000007
-0.18942453257317313,1.5791548760255545,-20.000000000000007
-0.18911923876494982,1.5756732257028956,-20.000000000000007
-0.18888897604606417,1.5748627885679043,-20.000000000000007
-0.18837473412143407,1.5733779606841163,-20.000000000000007
-0.18837473412143405,1.573377960684116,-20.000000000000007
-0.18226034594502277,1.5752406240198031,-20.000000000000007
-0.18837473412143407,1.573377960684116,-20.000000000000007
-0.18885818653230285,1.5776548930151266,-20.000000000000007
-0.18885818653230282,1.5776548930151268,-20.000000000000007
-0.18885818653230285,1.5776548930151268,-20.000000000000007
-0.18885818653230282,1.5776548930151268,-20.000000000000007
-0.18885818653230285,1.5776548930151266,-20.000000000000007
-0.18885818653230282,1.5776548930151268,-20.000000000000007
-0.18885818653230282,1.5776548930151268,-20.000000000000007
-0.18885818653230285,1.5776548930151266,-20.000000000000007
-0.2129563632659695,1.8553596150545901,-20.000000000000007
-0.24949591577899324,1.7509205082859363,-20.000000000000007
-0.2990250918840398,1.5678429960582048,-20.000000000000007
-0.32542966451226146,1.4994800675305489,-20.000000000000007
-0.34824677157193523,1.5001837522019426,-20.000000000000007
-0.35573810305683634,1.5005445935138702,-20.000000000000007
-0.34215202678839035,1.4982106551334218,-20.000000000000007
-0.3306412237016212,1.4959439994217127,-20.000000000000007
-0.30826442348640654,1.5092640463390952,-20.000000000000007
-0.28037748088435255,1.5076961034151126,-20.000000000000007
-0.2535107971226884,1.7670513187563048,-20.000000000000007
-0.25065855339975707,1.7267162509364218,-20.000000000000007
-0.23440823261138904,1.9331740021179948,-20.000000000000007
-0.2537715283888896,1.7682218800440648,-20.000000000000007
-0.23611920588980612,1.9195716320138199,-20.000000000000007
-0.2475439191850135,1.7983293885017668,-20.000000000000007
-0.23582220684492955,1.9196801561505246,-20.000000000000007
-0.22140461161028013,1.9284170608693034,-20.000000000000007
-0.23245596086617804,1.9153159082918454,-20.000000000000007
-0.20704571840264321,1.7804684334386223,-20.000000000000007
-0.2129563632659695,1.8553596150545901,-20.000000000000007
-0.18226034594502277,1.5752406240198031,-20.000000000000007
-0.17917386072802038,1.5901780441278877,-20.000000000000007
-0.17359964367809982,1.5552621540346743,-20.000000000000007
-0.179509115801908,1.5810607140359072,-20.000000000000007
-0.18885818653230285,1.5776548930151266,-20.000000000000007
-0.1894245325731731,1.5791548760255545,-20.000000000000007
-0.18888897604606414,1.574862788567904,-20.000000000000007
-0.18837473412143402,1.5733779606841163,-20.000000000000007
-0.1822603459450228,1.575240624019803,-20.000000000000007
-0.1822603459450228,1.575240624019803,-20.000000000000007
-0.18040437186688577,1.5611767535850447,-20.000000000000007
-0.17716407672167847,1.5760687284044745,-20.000000000000007
-0.17917386072802038,1.5901780441278879,-20.000000000000007
-0.179509115801908,1.5810607140359072,-20.000000000000007
-0.18226034594502277,1.5752406240198031,-20.000000000000007
-0.18885818653230282,1.5776548930151266,-20.000000000000007
-0.18842511370101273,1.5738540301251946,-20.000000000000007
-0.18842511370101275,1.5738540301251949,-20.000000000000007
-0.1822603459450228,1.575240624019803,-20.000000000000007
-0.17950911580190798,1.5810607140359074,-20.000000000000007
-0.17548244831557921,1.5669961652094961,-20.000000000000007
-0.1617536389502492,1.4767475548411564,-20.000000000000007
-0.16015086704143036,1.4658572207674505,-20.000000000000007
-0.1822603459450228,1.575240624019803,-20.000000000000007
-0.23614757772495212,1.9207959698853625,-20.000000000000007
-0.2645551533522055,1.7623413099094307,-20.000000000000007
-0.2915149764555207,1.586756505412493,-20.000000000000007
-0.30241637849318925,1.5331253985111795,-20.000000000000007
-0.280856926933428,1.501934061354056,-20.000000000000007
-0.2690993203873783,1.7391975444727663,-20.000000000000007
-0.2434376236212038,1.8364278092211168,-20.000000000000007
-0.20138593308898803,1.7056697537896857,-20.000000000000007
-0.17917386072802038,1.5901780441278879,-20.000000000000007
-0.14975414285615307,1.4356134548649337,-20.000000000000007
-0.1377468926182409,1.4138227263361494,-20.000000000000007
-0.14969871320520375,1.4376750065870232,-20.000000000000007
-0.16015086704143033,1.4658572207674503,-20.000000000000007
-0.16226514651890206,1.4799780943445653,-20.000000000000007
-0.17716407672167847,1.5760687284044748,-20.000000000000007
-0.17716407672167847,1.5760687284044745,-20.000000000000007
-0.179509115801908,1.5810607140359072,-20.000000000000007
-0.18226034594502283,1.575240624019803,-20.000000000000007
-0.179509115801908,1.5810607140359072,-20.000000000000007
-0.18110619219721433,1.5615965088310684,-20.000000000000007
-0.17694296547815702,1.572743141012019,-20.000000000000007
-0.17716407672167847,1.5760687284044745,-20.000000000000007
-0.17716407672167847,1.5760687284044745,-20.000000000000007
-0.17917386072802038,1.5901780441278874,-20.000000000000007
-0.18226034594502283,1.575240624019803,-20.000000000000007
-0.18250173051842536,1.573143467874753,-20.000000000000007
-0.18837473412143407,1.573377960684116,-20.000000000000007
-0.1894245325731731,1.5791548760255547,-20.000000000000007
-0.18911923876494982,1.5756732257028958,-20.000000000000007
-0.20139347992708181,1.7055505241438347,-20.000000000000007
-0.20437906386028282,1.7469160927090361,-20.000000000000007
-0.20437906386028284,1.7469160927090361,-20.000000000000007
-0.20438912631107453,1.746757119847901,-20.000000000000007
-0.19209041430059665,1.6012310609863811,-20.000000000000007
-0.19303815211615682,1.6120202560143864,-20.000000000000007
-0.18942453257317313,1.5791548760255545,-20.000000000000007
-0.19254888845149612,1.6080217107239954,-20.000000000000007
-0.19303815211615682,1.6120202560143864,-20.000000000000007
-0.19316194813994034,1.6117989308347909,-20.000000000000007
-0.18888897604606414,1.574862788567904,-20.000000000000007
-0.18842511370101275,1.5738540301251946,-20.000000000000007
-0.18226034594502277,1.575240624019803,-20.000000000000007
-0.18837473412143407,1.573377960684116,-20.000000000000007
-0.19585537949812196,1.6384858842004733,-20.000000000000007
-0.2423214503612583,1.8478504189916154,-20.000000000000007
-0.2828959313311753,1.5276025897279375,-20.000000000000007
-0.30728014355326616,1.511776278371605,-20.000000000000007
-0.3186502398570758,1.4959219857936563,-20.000000000000007
-0.29905613663078673,1.5681189206521282,-20.000000000000007
-0.25732642432946917,1.7712815826394097,-20.000000000000007
-0.23387485922798903,1.9270241188371275,-20.000000000000007
-0.18837473412143407,1.5733779606841163,-20.000000000000007
-0.17694296547815705,1.5727431410120192,-20.000000000000007
-0.14975414285615304,1.4356134548649337,-20.000000000000007
-0.13559501490126286,1.4971204706629226,-20.000000000000007
-0.1363431436907083,1.469091816603712,-20.000000000000007
-0.14969871320520373,1.4376750065870232,-20.000000000000007
-0.14969871320520375,1.4376750065870232,-20.000000000000007
-0.13766089245675406,1.4109848407592602,-20.000000000000007
-0.1363431436907083,1.4690918166037121,-20.000000000000007
-0.13626488909486958,1.4776041952523142,-20.000000000000007
-0.13559501490126286,1.4971204706629226,-20.000000000000007
-0.1363431436907083,1.4690918166037121,-20.000000000000007
-0.13559501490126286,1.4971204706629224,-20.000000000000007
-0.13559501490126286,1.4971204706629226,-20.000000000000007
-0.13559501490126286,1.4971204706629226,-20.000000000000007
-0.13559501490126286,1.4971204706629226,-20.000000000000007
-0.13766089245675406,1.4109848407592605,-20.000000000000007
-0.13774689261824094,1.4138227263361496,-20.000000000000007
-0.14975414285615307,1.435613454864934,-20.000000000000007
-0.14975415741304388,1.4356391577721634,-20.000000000000007
-0.14975414285615307,1.4356134548649342,-20.000000000000007
-0.1489623238983579,1.441250436214657,-20.000000000000007
-0.13774689261824094,1.4138227263361496,-20.000000000000007
-0.14975414285615307,1.435613454864934,-20.000000000000007
-0.15098649128259778,1.3992341320455806,-20.000000000000007
-0.17716407672167844,1.5760687284044745,-20.000000000000007
-0.17917386072802038,1.5901780441278879,-20.000000000000007
-0.18226034594502277,1.575240624019803,-20.000000000000007
-0.1811061921972143,1.5615965088310682,-20.000000000000007
-0.18226034594502277,1.575240624019803,-20.000000000000007
-0.1822603459450228,1.575240624019803,-20.000000000000007
-0.18037490339096798,1.5624216849117096,-20.000000000000007
-0.179509115801908,1.5810607140359074,-20.000000000000007
-0.17950911580190798,1.5810607140359074,-20.000000000000007
-0.1793348587709377,1.5832655028315095,-20.000000000000007
-0.18842511370101273,1.5738540301251949,-20.000000000000007
-0.20437906386028282,1.746916092709036,-20.000000000000007
-0.24839724581557185,1.7826858814747113,-20.000000000000007
-0.2832370981598892,1.5311449231302028,-20.000000000000007
-0.2913475593111398,1.5871533163163134,-20.000000000000007
-0.2899901593290768,1.57694805790763,-20.000000000000007
-0.26216892230004407,1.7677301085516337,-20.000000000000007
-0.2306016887745189,1.914094401491136,-20.000000000000007
-0.18942453257317313,1.5791548760255543,-20.000000000000007
-0.1822603459450228,1.575240624019803,-20.000000000000007
-0.1497541574130439,1.4356391577721637,-20.000000000000007
-0.13634314369070832,1.4690918166037121,-20.000000000000007
-0.13559501490126288,1.4971204706629224,-20.000000000000007
-0.13559501490126286,1.4971204706629222,-20.000000000000007
-0.1377468926182409,1.4138227263361496,-20.000000000000007
-0.1489623238983579,1.441250436214657,-20.000000000000007
-0.1377468926182409,1.4138227263361498,-20.000000000000007
-0.13766089245675406,1.4109848407592605,-20.000000000000007
-0.13634314369070832,1.4690918166037121,-20.000000000000007
-0.13541503259313706,1.4948226663941326,-20.000000000000007
-0.13496593015556188,1.490400499773179,-20.000000000000007
-0.13162334867738157,1.512553191202664,-20.000000000000007
-0.13162334867738157,1.512553191202664,-20.000000000000007
-0.13498758716990603,1.490284182800638,-20.000000000000007
-0.13559501490126288,1.4971204706629224,-20.000000000000007
-0.14975414285615307,1.4356134548649337,-20.000000000000007
-0.16015086704143036,1.4658572207674507,-20.000000000000007
-0.17917386072802036,1.5901780441278877,-20.000000000000007
-0.1822603459450228,1.5752406240198031,-20.000000000000007
-0.1822603459450228,1.575240624019803,-20.000000000000007
-0.18888897604606414,1.5748627885679038,-20.000000000000007
-0.18842511370101273,1.5738540301251946,-20.000000000000007
-0.18842511370101273,1.5738540301251949,-20.000000000000007
-0.18837473412143407,1.5733779606841163,-20.000000000000007
-0.18842511370101275,1.5738540301251946,-20.000000000000007
-0.18842511370101275,1.5738540301251946,-20.000000000000007
-0.18888897604606414,1.5748627885679038,-20.000000000000007
-0.1894245325731731,1.5791548760255545,-20.000000000000007
-0.19071249072710514,1.5909698512377526,-20.000000000000007
-0.1894245325731731,1.5791548760255547,-20.000000000000007
-0.18942453257317313,1.5791548760255547,-20.000000000000007
-0.18842511370101273,1.5738540301251946,-20.000000000000007
-0.1822603459450228,1.575240624019803,-20.000000000000007
-0.17933485877093763,1.5832655028315092,-20.000000000000007
-0.18837473412143407,1.573377960684116,-20.000000000000007
-0.2189834011942548,1.9294106496791947,-20.000000000000007
-0.25637463163997715,1.7681466942019597,-20.000000000000007
-0.3016998656622373,1.5368452349579071,-20.000000000000007
-0.3021215202698111,1.5362892984224137,-20.000000000000007
-0.28999015932907685,1.57694805790763,-20.000000000000007
-0.25603071177177666,1.7677522223127284,-20.000000000000007
-0.2106765637514194,1.8287123508592724,-20.000000000000007
-0.18067000068203437,1.5594198148107747,-20.000000000000007
-0.1377468926182409,1.4138227263361496,-20.000000000000007
-0.13496593015556185,1.490400499773179,-20.000000000000007
-0.1296237382480963,1.525556298070263,-20.000000000000007
-0.13162334867738157,1.512553191202664,-20.000000000000007
-0.13496593015556185,1.4904004997731792,-20.000000000000007
-0.13559501490126288,1.4971204706629226,-20.000000000000007
-0.13559501490126286,1.4971204706629224,-20.000000000000007
-0.13634314369070832,1.469091816603712,-20.000000000000007
-0.13766033188648452,1.4110074467856226,-20.000000000000007
-0.13766089245675403,1.4109848407592605,-20.000000000000007
-0.13766089245675406,1.4109848407592605,-20.000000000000007
-0.13607296571720057,1.4831686616984472,-20.000000000000007
-0.13559501490126288,1.4971204706629226,-20.000000000000007
-0.1352364542451437,1.4956132648969094,-20.000000000000007
-0.13766089245675403,1.4109848407592605,-20.000000000000007
-0.14961452095757002,1.4408829749123402,-20.000000000000007
-0.1754824483155792,1.5669961652094957,-20.000000000000007
-0.17825534106184446,1.5837285229747724,-20.000000000000007
-0.17716407672167847,1.5760687284044745,-20.000000000000007
-0.17259283802865877,1.5472393109831906,-20.000000000000007
-0.1509864912825978,1.3992341320455801,-20.000000000000007
-0.16015086704143036,1.4658572207674503,-20.000000000000007
-0.14975415741304388,1.4356391577721637,-20.000000000000007
-0.16175363895024922,1.4767475548411564,-20.000000000000007
-0.1622651465189021,1.4799780943445655,-20.000000000000007
-0.17337853243457835,1.5519365666422185,-20.000000000000007
-0.17716407672167844,1.5760687284044745,-20.000000000000007
-0.179509115801908,1.5810607140359074,-20.000000000000007
-0.17548244831557921,1.5669961652094957,-20.000000000000007
-0.1622651465189021,1.4799780943445655,-20.000000000000007
-0.14975415741304388,1.4356391577721637,-20.000000000000007
-0.13766089245675403,1.4109848407592605,-20.000000000000007
-0.13766089245675403,1.4109848407592605,-20.000000000000007
-0.1352364542451437,1.4956132648969094,-20.000000000000007
-0.13500799762049986,1.490172314634582,-20.000000000000007
-0.13559501490126286,1.4971204706629226,-20.000000000000007
-0.17716407672167847,1.5760687284044745,-20.000000000000007
-0.19316194813994034,1.6117989308347906,-20.000000000000007
-0.23803140017504001,1.9000304872452123,-20.000000000000007
-0.24144067112421885,1.8607073622458234,-20.000000000000007
-0.21248743473298976,1.8569242044846717,-20.000000000000007
-0.18837473412143407,1.573377960684116,-20.000000000000007
-0.1489623238983579,1.4412504362146568,-20.000000000000007
-0.1352364542451437,1.4956132648969092,-20.000000000000007
-0.13496593015556188,1.490400499773179,-20.000000000000007
-0.13496593015556188,1.4904004997731792,-20.000000000000007
-0.1350079976204999,1.4901723146345816,-20.000000000000007
-0.1363431436907083,1.4690918166037121,-20.000000000000007
-0.1497541574130439,1.4356391577721637,-20.000000000000007
-0.1622651465189021,1.4799780943445655,-20.000000000000007
-0.1622651465189021,1.4799780943445653,-20.000000000000007
-0.14975415741304388,1.4356391577721637,-20.000000000000007
-0.1509864912825978,1.3992341320455806,-20.000000000000007
-0.15098649128259778,1.3992341320455806,-20.000000000000007
-0.14969871320520375,1.437675006587023,-20.000000000000007
-0.13774689261824094,1.4138227263361496,-20.000000000000007
-0.13559501490126288,1.4971204706629224,-20.000000000000007
-0.13766033188648452,1.4110074467856224,-20.000000000000007
-0.16015086704143033,1.4658572207674505,-20.000000000000007
-0.1742675836248365,1.5596310191219986,-20.000000000000007
-0.17933485877093763,1.5832655028315092,-20.000000000000007
-0.17917386072802036,1.5901780441278877,-20.000000000000007
-0.1617536389502492,1.4767475548411566,-20.000000000000007
-0.1617536389502492,1.4767475548411566,-20.000000000000007
-0.1742675836248365,1.5596310191219986,-20.000000000000007
-0.17548244831557921,1.5669961652094957,-20.000000000000007
-0.17917386072802038,1.5901780441278879,-20.000000000000007
-0.17716407672167847,1.5760687284044748,-20.000000000000007
-0.17548244831557921,1.5669961652094957,-20.000000000000007
-0.17337853243457835,1.5519365666422185,-20.000000000000007
-0.16226514651890211,1.4799780943445653,-20.000000000000007
-0.15188571630985698,1.402262875380409,-20.000000000000007
-0.13766089245675403,1.4109848407592605,-20.000000000000007
-0.137660892456754,1.4109848407592605,-20.000000000000007
-0.13766089245675406,1.4109848407592602,-20.000000000000007
-0.14975414285615307,1.4356134548649337,-20.000000000000007
-0.16015086704143036,1.4658572207674505,-20.000000000000007
-0.14969871320520375,1.437675006587023,-20.000000000000007
-0.13766033188648452,1.4110074467856224,-20.000000000000007
-0.1742675836248365,1.5596310191219986,-20.000000000000007
-0.18888897604606414,1.5748627885679043,-20.000000000000007
-0.23614757772495212,1.9207959698853625,-20.000000000000007
-0.2509269948791573,1.7293448897710837,-20.000000000000007
-0.22959559270852004,1.9265005679165847,-20.000000000000007
-0.21179073764840278,1.8465650450094246,-20.000000000000007
-0.18040437186688577,1.561176753585045,-20.000000000000007
-0.16015086704143036,1.4658572207674503,-20.000000000000007
-0.14975415741304388,1.4356391577721637,-20.000000000000007
-0.13634314369070832,1.4690918166037121,-20.000000000000007
-0.13496974848001758,1.490732776495604,-20.000000000000007
-0.13559501490126286,1.4971204706629224,-20.000000000000007
-0.13766033188648455,1.4110074467856226,-20.000000000000007
-0.13766089245675403,1.4109848407592602,-20.000000000000007
-0.13766089245675403,1.4109848407592602,-20.000000000000007
-0.134987587169906,1.4902841828006377,-20.000000000000007
-0.1350079976204999,1.4901723146345816,-20.000000000000007
-0.13559501490126286,1.4971204706629224,-20.000000000000007
-0.1377468926182409,1.4138227263361496,-20.000000000000007
-0.15188571630985698,1.402262875380409,-20.000000000000007
-0.1509864912825978,1.3992341320455806,-20.000000000000007
-0.14969871320520373,1.437675006587023,-20.000000000000007
-0.14975414285615304,1.4356134548649342,-20.000000000000007
-0.14975414285615307,1.4356134548649337,-20.000000000000007
-0.151885716309857,1.402262875380409,-20.000000000000007
-0.1617536389502492,1.4767475548411566,-20.000000000000007
-0.16015086704143036,1.4658572207674503,-20.000000000000007
-0.17337853243457835,1.5519365666422187,-20.000000000000007
-0.1742675836248365,1.559631019121999,-20.000000000000007
-0.17716407672167847,1.5760687284044748,-20.000000000000007
-0.17917386072802036,1.5901780441278879,-20.000000000000007
-0.1727105924878417,1.547567701554894,-20.000000000000007
-0.16491224342351887,1.4962079272044329,-20.000000000000007
-0.1771640767216785,1.5760687284044748,-20.000000000000007
-0.1742675836248365,1.5596310191219986,-20.000000000000007
-0.17548244831557921,1.566996165209496,-20.000000000000007
-0.17259283802865877,1.5472393109831906,-20.000000000000007
-0.1509867696831351,1.3990909895297732,-20.000000000000007
-0.1725928380286587,1.5472393109831906,-20.000000000000007
-0.17825534106184446,1.5837285229747724,-20.000000000000007
-0.17950911580190798,1.5810607140359074,-20.000000000000007
-0.1806700006820344,1.5594198148107745,-20.000000000000007
-0.17917386072802038,1.5901780441278879,-20.000000000000007
-0.16015086704143033,1.4658572207674503,-20.000000000000007
-0.18067000068203443,1.5594198148107745,-20.000000000000007
-0.212492495462084,1.848023879502905,-20.000000000000007
-0.22753439837775313,1.9249893879761952,-20.000000000000007
-0.24352941008181267,1.8371727099357729,-20.000000000000007
-0.2270416601652105,1.9319099376192128,-20.000000000000007
-0.18842511370101273,1.5738540301251949,-20.000000000000007
-0.17917386072802036,1.5901780441278877,-20.000000000000007
-0.14975414285615307,1.4356134548649337,-20.000000000000007
-0.13559501490126288,1.4971204706629224,-20.000000000000007
-0.13434189990028766,1.494202415335057,-20.000000000000007
-0.1296237382480963,1.525556298070263,-20.000000000000007
-0.1316233486773816,1.512553191202664,-20.000000000000007
-0.13523645424514372,1.4956132648969092,-20.000000000000007
-0.13766089245675403,1.4109848407592602,-20.000000000000007
-0.14975415741304388,1.4356391577721637,-20.000000000000007
-0.14975414285615304,1.4356134548649337,-20.000000000000007
-0.14896232389835784,1.441250436214657,-20.000000000000007
-0.13766089245675406,1.4109848407592605,-20.000000000000007
-0.1363431436907083,1.4690918166037121,-20.000000000000007
-0.1362648890948696,1.4776041952523142,-20.000000000000007
-0.13559501490126286,1.4971204706629226,-20.000000000000007
-0.13559501490126286,1.4971204706629229,-20.000000000000007
-0.13626488909486958,1.4776041952523142,-20.000000000000007
-0.1363431436907083,1.4690918166037121,-20.000000000000007
-0.1377468926182409,1.4138227263361496,-20.000000000000007
-0.14969871320520375,1.4376750065870232,-20.000000000000007
-0.14969871320520375,1.437675006587023,-20.000000000000007
-0.1494730626812134,1.4401096667703468,-20.000000000000007
-0.13766089245675406,1.4109848407592605,-20.000000000000007
-0.13766033188648455,1.4110074467856224,-20.000000000000007
-0.1360729657172006,1.4831686616984474,-20.000000000000007
-0.13541503259313709,1.4948226663941329,-20.000000000000007
-0.13541503259313706,1.4948226663941329,-20.000000000000007
-0.13634314369070832,1.4690918166037121,-20.000000000000007
-0.13766089245675406,1.4109848407592602,-20.000000000000007
-0.14975414285615307,1.435613454864934,-20.000000000000007
-0.15098649128259778,1.3992341320455806,-20.000000000000007
-0.14969871320520375,1.437675006587023,-20.000000000000007
-0.13766089245675406,1.4109848407592605,-20.000000000000007
-0.13505647193701795,1.4933154606281192,-20.000000000000007
-0.1322518888393985,1.505849498802996,-20.000000000000007
-0.12962373824809628,1.525556298070263,-20.000000000000007
-0.1296237382480963,1.5255562980702628,-20.000000000000007
-0.13496593015556185,1.490400499773179,-20.000000000000007
-0.1617536389502492,1.4767475548411564,-20.000000000000007
-0.1822603459450228,1.575240624019803,-20.000000000000007
-0.19316194813994034,1.6117989308347904,-20.000000000000007
-0.18942453257317313,1.5791548760255547,-20.000000000000007
-0.1822603459450228,1.575240624019803,-20.000000000000007
-0.17259283802865877,1.5472393109831906,-20.000000000000007
-0.13766089245675403,1.4109848407592605,-20.000000000000007
-0.13523645424514372,1.4956132648969094,-20.000000000000007
-0.13162334867738157,1.512553191202664,-20.000000000000007
-0.12942838191366207,1.5266195020865654,-20.000000000000007
-0.1296237382480963,1.5255562980702628,-20.000000000000007
-0.13496593015556188,1.490400499773179,-20.000000000000007
-0.13541503259313706,1.4948226663941324,-20.000000000000007
-0.13766089245675403,1.4109848407592605,-20.000000000000007
-0.13766089245675403,1.4109848407592605,-20.000000000000007
-0.13559501490126288,1.4971204706629226,-20.000000000000007
-0.13500799762049986,1.4901723146345818,-20.000000000000007
-0.13496593015556188,1.4904004997731792,-20.000000000000007
-0.13225188883939853,1.505849498802996,-20.000000000000007
-0.13162334867738157,1.512553191202664,-20.000000000000007
-0.13160506288298884,1.5132325960306732,-20.000000000000007
-0.13162334867738157,1.512553191202664,-20.000000000000007
-0.13496593015556185,1.490400499773179,-20.000000000000007
-0.13559501490126286,1.4971204706629226,-20.000000000000007
-0.13774689261824094,1.4138227263361494,-20.000000000000007
-0.14969871320520373,1.4376750065870232,-20.000000000000007
-0.13774689261824094,1.4138227263361494,-20.000000000000007
-0.13559501490126288,1.4971204706629226,-20.000000000000007
-0.13559501490126288,1.4971204706629226,-20.000000000000007
-0.13496593015556185,1.4904004997731792,-20.000000000000007
-0.13162334867738157,1.512553191202664,-20.000000000000007
-0.13160506288298884,1.5132325960306734,-20.000000000000007
-0.13162334867738157,1.512553191202664,-20.000000000000007
-0.13496593015556185,1.490400499773179,-20.000000000000007
-0.13559501490126288,1.4971204706629226,-20.000000000000007
-0.13766089245675406,1.4109848407592602,-20.000000000000007
-0.13766033188648452,1.4110074467856224,-20.000000000000007
-0.1363431436907083,1.469091816603712,-20.000000000000007
-0.13559501490126286,1.4971204706629224,-20.000000000000007
-0.1362648890948696,1.4776041952523142,-20.000000000000007
-0.13766089245675403,1.4109848407592605,-20.000000000000007
-0.13766089245675406,1.4109848407592605,-20.000000000000007
-0.1363431436907083,1.4690918166037121,-20.000000000000007
-0.1363431436907083,1.469091816603712,-20.000000000000007
-0.15188571630985698,1.402262875380409,-20.000000000000007
-0.17716407672167844,1.5760687284044745,-20.000000000000007
-0.18226034594502277,1.575240624019803,-20.000000000000007
-0.18110619219721433,1.5615965088310682,-20.000000000000007
-0.16226514651890211,1.479978094344565,-20.000000000000007
-0.1377468926182409,1.4138227263361494,-20.000000000000007
-0.13634314369070832,1.4690918166037121,-20.000000000000007
-0.13541503259313709,1.4948226663941326,-20.000000000000007
-0.13541503259313709,1.4948226663941326,-20.000000000000007
-0.1352364542451437,1.4956132648969094,-20.000000000000007
-0.13496593015556185,1.4904004997731795,-20.000000000000007
-0.13496593015556188,1.4904004997731792,-20.000000000000007
-0.13496593015556185,1.490400499773179,-20.000000000000007
-0.13496593015556188,1.4904004997731792,-20.000000000000007
-0.13496593015556188,1.4904004997731792,-20.000000000000007
-0.13496593015556188,1.490400499773179,-20.000000000000007
-0.13496593015556185,1.4904004997731792,-20.000000000000007
-0.13496593015556188,1.4904004997731792,-20.000000000000007
-0.13496593015556185,1.4904004997731792,-20.000000000000007
-0.13496593015556188,1.4904004997731792,-20.000000000000007
-0.13496593015556188,1.490400499773179,-20.000000000000007
-0.13559501490126286,1.4971204706629226,-20.000000000000007
-0.1622651465189021,1.479978094344565,-20.000000000000007
-0.18110619219721424,1.5615965088310684,-20.000000000000007
-0.18220996636544406,1.5747645545787246,-20.000000000000007
-0.18220996636544406,1.5747645545787246,-20.000000000000007
-0.1754824483155792,1.566996165209496,-20.000000000000007
-0.1509864912825978,1.3992341320455806,-20.000000000000007
-0.14969871320520373,1.4376750065870232,-20.000000000000007
-0.13766089245675406,1.4109848407592602,-20.000000000000007
-0.1352076196438386,1.4959794566787321,-20.000000000000007
-0.1348194342851696,1.4901153512901544,-20.000000000000007
-0.1348194342851696,1.4901153512901544,-20.000000000000007
-0.13481943428516963,1.4901153512901542,-20.000000000000007
-0.13463202081424333,1.4927780408984972,-20.000000000000007
-0.13481943428516963,1.4901153512901542,-20.000000000000007
-0.13199785159844077,1.5085766974431187,-20.000000000000007
-0.1348194342851696,1.4901153512901544,-20.000000000000007
-0.13481943428516963,1.4901153512901544,-20.000000000000007
-0.13481943428516963,1.4901153512901544,-20.000000000000007
-0.13484361666012964,1.4903596169324909,-20.000000000000007
-0.14975414285615304,1.435613454864934,-20.000000000000007
-0.176942965478157,1.5727431410120192,-20.000000000000007
-0.17694296547815702,1.5727431410120192,-20.000000000000007
-0.18226034594502277,1.5752406240198031,-20.000000000000007
-0.1622651465189021,1.4799780943445653,-20.000000000000007
-0.17716407672167844,1.5760687284044748,-20.000000000000007
-0.17716407672167847,1.5760687284044748,-20.000000000000007
-0.17933485877093763,1.5832655028315092,-20.000000000000007
-0.16015086704143033,1.4658572207674505,-20.000000000000007
-0.13766033188648452,1.4110074467856224,-20.000000000000007
-0.135077230713214,1.496369924260869,-20.000000000000007
-0.1314821747802852,1.5016262359441572,-20.000000000000007
-0.13148217478028523,1.501626235944157,-20.000000000000007
-0.13085358821817875,1.508353785429793,-20.000000000000007
-0.13148217478028523,1.5016262359441572,-20.000000000000007
-0.1308536346182683,1.5083299283438252,-20.000000000000007
-0.13085363461826827,1.508329928343825,-20.000000000000007
-0.13085363461826827,1.508329928343825,-20.000000000000007
-0.1308536346182683,1.508329928343825,-20.000000000000007
-0.13085363461826827,1.5083299283438252,-20.000000000000007
-0.13113839651683976,1.5130984929288611,-20.000000000000007
-0.1308536346182683,1.5083299283438252,-20.000000000000007
-0.13199785159844077,1.5085766974431187,-20.000000000000007
-0.13496974848001758,1.4907327764956038,-20.000000000000007
-0.13634314369070832,1.469091816603712,-20.000000000000007
-0.13559501490126288,1.4971204706629224,-20.000000000000007
-0.13766089245675406,1.4109848407592605,-20.000000000000007
-0.13504135161652123,1.4915631196851846,-20.000000000000007
-0.13481943428516963,1.4901153512901544,-20.000000000000007
-0.1314821747802852,1.5016262359441575,-20.000000000000007
-0.1308536346182683,1.508329928343825,-20.000000000000007
-0.13113839651683978,1.5130984929288611,-20.000000000000007
-0.13085363461826827,1.5083299283438252,-20.000000000000007
-0.13136931143642383,1.5152803898427867,-20.000000000000007
-0.13136931143642386,1.5152803898427862,-20.000000000000007
-0.13136931143642383,1.5152803898427867,-20.000000000000007
-0.13136931143642386,1.5152803898427862,-20.000000000000007
-0.13136931143642383,1.5152803898427867,-20.000000000000007
-0.13136931143642386,1.5152803898427862,-20.000000000000007
-0.13136931143642383,1.5152803898427867,-20.000000000000007
-0.13136931143642383,1.5152803898427865,-20.000000000000007
-0.13148217478028523,1.501626235944157,-20.000000000000007
-0.13136931143642383,1.5152803898427867,-20.000000000000007
-0.14975414285615307,1.4356134548649337,-20.000000000000007
-0.16175363895024922,1.4767475548411566,-20.000000000000007
-0.17917386072802038,1.590178044127888,-20.000000000000007
-0.18885818653230285,1.5776548930151268,-20.000000000000007
-0.180374903390968,1.5624216849117096,-20.000000000000007
-0.1806700006820344,1.5594198148107745,-20.000000000000007
-0.17917386072802038,1.5901780441278879,-20.000000000000007
-0.17716407672167844,1.5760687284044748,-20.000000000000007
-0.17933485877093763,1.5832655028315092,-20.000000000000007
-0.17950911580190798,1.5810607140359076,-20.000000000000007
-0.1822603459450228,1.575240624019803,-20.000000000000007
-0.17337853243457838,1.5519365666422187,-20.000000000000007
-0.17426758362483652,1.559631019121999,-20.000000000000007
-0.1822099663654441,1.5747645545787248,-20.000000000000007
-0.18220996636544406,1.5747645545787246,-20.000000000000007
-0.18837473412143405,1.573377960684116,-20.000000000000007
-0.18220996636544406,1.5747645545787246,-20.000000000000007
-0.1725928380286588,1.5472393109831906,-20.000000000000007
-0.17426758362483652,1.559631019121999,-20.000000000000007
-0.1509864912825978,1.3992341320455806,-20.000000000000007
-0.14969871320520373,1.4376750065870234,-20.000000000000007
-0.13766089245675403,1.4109848407592605,-20.000000000000007
-0.13559501490126286,1.4971204706629226,-20.000000000000007
-0.13559501490126288,1.4971204706629224,-20.000000000000007
-0.1352364542451437,1.4956132648969092,-20.000000000000007
-0.1352364542451437,1.4956132648969092,-20.000000000000007
-0.13505647193701792,1.4933154606281192,-20.000000000000007
-0.13626488909486958,1.4776041952523142,-20.000000000000007
-0.13766089245675403,1.4109848407592605,-20.000000000000007
-0.14969871320520373,1.4376750065870232,-20.000000000000007
-0.14975414285615307,1.435613454864934,-20.000000000000007
-0.14975414285615307,1.4356134548649337,-20.000000000000007
-0.16015086704143033,1.4658572207674505,-20.000000000000007
-0.1509864912825978,1.3992341320455803,-20.000000000000007
-0.17337853243457832,1.5519365666422187,-20.000000000000007
-0.16491224342351885,1.4962079272044329,-20.000000000000007
-0.16491224342351887,1.4962079272044326,-20.000000000000007
-0.15280423597603293,1.4087123965335242,-20.000000000000007
-0.1617536389502492,1.4767475548411566,-20.000000000000007
-0.1509864912825978,1.3992341320455806,-20.000000000000007
-0.16175363895024922,1.4767475548411566,-20.000000000000007
-0.16175363895024925,1.4767475548411566,-20.000000000000007
-0.16175363895024925,1.4767475548411564,-20.000000000000007
-0.16226514651890211,1.479978094344565,-20.000000000000007
-0.16175363895024922,1.4767475548411566,-20.000000000000007
-0.16491224342351887,1.4962079272044329,-20.000000000000007
-0.14975414285615307,1.435613454864934,-20.000000000000007
-0.14975414285615304,1.4356134548649337,-20.000000000000007
-0.14975415741304388,1.4356391577721637,-20.000000000000007
-0.14961452095757002,1.4408829749123404,-20.000000000000007
-0.1377468926182409,1.4138227263361496,-20.000000000000007
-0.14969871320520375,1.4376750065870232,-20.000000000000007
-0.1489623238983579,1.441250436214657,-20.000000000000007
-0.14969871320520373,1.4376750065870232,-20.000000000000007
-0.1377468926182409,1.4138227263361496,-20.000000000000007
-0.13766089245675403,1.4109848407592605,-20.000000000000007
-0.13634314369070832,1.4690918166037121,-20.000000000000007
-0.13634314369070832,1.4690918166037124,-20.000000000000007
-0.13559501490126286,1.4971204706629226,-20.000000000000007
-0.1352364542451437,1.4956132648969094,-20.000000000000007
-0.13505647193701795,1.4933154606281194,-20.000000000000007
-0.13496593015556188,1.490400499773179,-20.000000000000007
-0.1350079976204999,1.4901723146345818,-20.000000000000007
-0.1350079976204999,1.4901723146345818,-20.000000000000007
-0.13500799762049986,1.4901723146345818,-20.000000000000007
-0.13498758716990603,1.4902841828006377,-20.000000000000007
-0.13496974848001755,1.490732776495604,-20.000000000000007
-0.13496593015556185,1.4904004997731792,-20.000000000000007
-0.13496593015556185,1.490400499773179,-20.000000000000007
-0.13496593015556188,1.490400499773179,-20.000000000000007
-0.13162334867738157,1.512553191202664,-20.000000000000007
-0.13162334867738157,1.512553191202664,-20.000000000000007
-0.1296237382480963,1.525556298070263,-20.000000000000007
-0.1296237382480963,1.525556298070263,-20.000000000000007
-0.1296237382480963,1.5255562980702628,-20.000000000000007
-0.13160506288298887,1.5132325960306732,-20.000000000000007
-0.13162334867738157,1.5125531912026637,-20.000000000000007
-0.13162334867738157,1.512553191202664,-20.000000000000007
-0.1316233486773816,1.5125531912026637,-20.000000000000007
-0.13162334867738157,1.512553191202664,-20.000000000000007
-0.1316233486773816,1.512553191202664,-20.000000000000007
-0.13495829350665048,1.4897359463283293,-20.000000000000007
-0.1362745899628907,1.4698692019264872,-20.000000000000007
-0.1362745899628907,1.469869201926487,-20.000000000000007
-0.13766089245675403,1.4109848407592605,-20.000000000000007
-0.13766089245675403,1.4109848407592605,-20.000000000000007
-0.13766089245675403,1.4109848407592605,-20.000000000000007
-0.1362745899628907,1.469869201926487,-20.000000000000007
-0.13507723071321404,1.4963699242608688,-20.000000000000007
-0.13627458996289069,1.4698692019264867,-20.000000000000007
-0.13627458996289069,1.469869201926487,-20.000000000000007
-0.1377468926182409,1.4138227263361496,-20.000000000000007
-0.14975414285615304,1.435613454864934,-20.000000000000007
-0.14969871320520373,1.4376750065870232,-20.000000000000007
-0.13766089245675406,1.4109848407592607,-20.000000000000007
-0.13766089245675406,1.4109848407592605,-20.000000000000007
-0.13774689261824094,1.4138227263361496,-20.000000000000007
-0.13774689261824094,1.4138227263361494,-20.000000000000007
-0.13634314369070832,1.469091816603712,-20.000000000000007
-0.13552422097192307,1.4980251333747931,-20.000000000000007
-0.135077230713214,1.4963699242608688,-20.000000000000007
-0.13484361666012967,1.490359616932491,-20.000000000000007
-0.1314821747802852,1.5016262359441572,-20.000000000000007
-0.1340476631554198,1.496438325864549,-20.000000000000007
-0.1306861748754858,1.507728801962183,-20.000000000000007
-0.13404766315541977,1.4964383258645488,-20.000000000000007
-0.13404766315541977,1.496438325864549,-20.000000000000007
-0.1354785900580913,1.4759717679445132,-20.000000000000007
-0.1484929628177647,1.4731936434730215,-20.000000000000007
-0.16796188073075438,1.5698200218146792,-20.000000000000007
-0.18106016915713552,1.5665756235237867,-20.000000000000007
-0.18832435454185534,1.5729018912430375,-20.000000000000007
-0.20463104650007657,1.7506837249301757,-20.000000000000007
-0.18945532208693444,1.576362771578332,-20.000000000000007
-0.18245135093884665,1.5726673984336745,-20.000000000000007
-0.179509115801908,1.5810607140359072,-20.000000000000007
-0.16015086704143033,1.4658572207674503,-20.000000000000007
-0.1377468926182409,1.4138227263361496,-20.000000000000007
-0.13559501490126286,1.4971204706629224,-20.000000000000007
-0.13523645424514372,1.4956132648969094,-20.000000000000007
-0.13160506288298884,1.5132325960306732,-20.000000000000007
-0.12942838191366207,1.5266195020865654,-20.000000000000007
-0.12684286767579067,1.5197244813100854,-20.000000000000007
-0.1254040794022055,1.522503050715735,-20.000000000000007
-0.12540407940220547,1.5225030507157356,-20.000000000000007
-0.1254040794022055,1.5225030507157353,-20.000000000000007
-0.1254040794022055,1.5225030507157353,-20.000000000000007
-0.12540407940220547,1.5225030507157353,-20.000000000000007
-0.12540407940220547,1.5225030507157356,-20.000000000000007
-0.1254040794022055,1.5225030507157356,-20.000000000000007
-0.12540407940220547,1.5225030507157356,-20.000000000000007
-0.12540407940220547,1.5225030507157353,-20.000000000000007
-0.1254040794022055,1.5225030507157353,-20.000000000000007
-0.12540407940220547,1.5225030507157356,-20.000000000000007
-0.12405129492932988,1.5281230603556573,-20.000000000000007
-0.1254040794022055,1.5225030507157356,-20.000000000000007
-0.12684286767579067,1.5197244813100856,-20.000000000000007
-0.13162334867738157,1.512553191202664,-20.000000000000007
-0.1350079976204999,1.4901723146345816,-20.000000000000007
-0.13559501490126286,1.4971204706629226,-20.000000000000007
-0.13559501490126288,1.4971204706629229,-20.000000000000007
-0.13505647193701792,1.4933154606281192,-20.000000000000007
-0.1316233486773816,1.5125531912026637,-20.000000000000007
-0.1284933585024709,1.5247118007304847,-20.000000000000007
-0.12684286767579067,1.5197244813100856,-20.000000000000007
-0.12612832371306415,1.523586733475482,-20.000000000000007
-0.1280959965837955,1.5229324295692201,-20.000000000000007
-0.12775738770623662,1.515577197313074,-20.000000000000007
-0.12993516239195985,1.5290908956915379,-20.000000000000007
-0.13085363461826827,1.5083299283438252,-20.000000000000007
-0.13085363461826827,1.5083299283438252,-20.000000000000007
-0.13085363461826827,1.508329928343825,-20.000000000000007
-0.1314821747802852,1.501626235944157,-20.000000000000007
-0.13481943428516963,1.4901153512901544,-20.000000000000007
-0.13523180201879859,1.4962237223210686,-20.000000000000007
-0.13559501490126286,1.4971204706629226,-20.000000000000007
-0.13559501490126286,1.4971204706629226,-20.000000000000007
-0.13496593015556188,1.490400499773179,-20.000000000000007
-0.13162334867738157,1.512553191202664,-20.000000000000007
-0.13015262544468725,1.5277015351385423,-20.000000000000007
-0.12612832293323067,1.5235850837677125,-20.000000000000007
-0.1247755384603551,1.5292050934076342,-20.000000000000007
-0.12477553846035512,1.5292050934076342,-20.000000000000007
-0.11240583658738618,1.5333027470460345,-20.000000000000007
-0.11240583658738619,1.5333027470460345,-20.000000000000007
-0.1109573479656689,1.5311353815265414,-20.000000000000007
-0.11095734796566889,1.5311353815265414,-20.000000000000007
-0.11095734796566889,1.5311353815265414,-20.000000000000007
-0.11095734796566889,1.5311353815265412,-20.000000000000007
-0.11095734796566892,1.5311353815265414,-20.000000000000007
-0.11095734796566889,1.5311353815265414,-20.000000000000007
-0.1109573479656689,1.5311353815265414,-20.000000000000007
-0.11095734796566889,1.5311353815265414,-20.000000000000007
-0.1124058365873862,1.5333027470460345,-20.000000000000007
-0.11095734796566889,1.5311353815265414,-20.000000000000007
-0.11095734796566889,1.5311353815265414,-20.000000000000007
-0.11095734796566889,1.5311353815265416,-20.000000000000007
-0.12477553846035512,1.5292050934076342,-20.000000000000007
-0.12540407940220547,1.5225030507157356,-20.000000000000007
-0.12962373824809628,1.525556298070263,-20.000000000000007
-0.1316233486773816,1.512553191202664,-20.000000000000007
-0.13162334867738157,1.5125531912026637,-20.000000000000007
-0.13162334867738157,1.512553191202664,-20.000000000000007
-0.1296237382480963,1.5255562980702628,-20.000000000000007
-0.1296237382480963,1.525556298070263,-20.000000000000007
-0.12684286767579067,1.5197244813100856,-20.000000000000007
-0.12942838191366207,1.5266195020865656,-20.000000000000007
-0.12684286767579064,1.5197244813100854,-20.000000000000007
-0.12942838191366204,1.5266195020865656,-20.000000000000007
-0.12962373824809628,1.525556298070263,-20.000000000000007
-0.1284933585024709,1.5247118007304845,-20.000000000000007
-0.12962373824809628,1.525556298070263,-20.000000000000007
-0.12942838191366207,1.5266195020865656,-20.000000000000007
-0.12942838191366204,1.5266195020865654,-20.000000000000007
-0.12684286767579064,1.5197244813100859,-20.000000000000007
-0.12684286767579067,1.5197244813100859,-20.000000000000007
-0.12962373824809628,1.525556298070263,-20.000000000000007
-0.1296237382480963,1.525556298070263,-20.000000000000007
-0.1296237382480963,1.5255562980702628,-20.000000000000007
-0.1296237382480963,1.525556298070263,-20.000000000000007
-0.1284933585024709,1.5247118007304845,-20.000000000000007
-0.12684286767579067,1.5197244813100859,-20.000000000000007
-0.12684286767579067,1.5197244813100856,-20.000000000000007
-0.12684286767579067,1.5197244813100856,-20.000000000000007
-0.12684286767579067,1.5197244813100856,-20.000000000000007
-0.12684286767579064,1.519724481310086,-20.000000000000007
-0.12684286767579067,1.5197244813100859,-20.000000000000007
-0.12684286767579067,1.5197244813100856,-20.000000000000007
-0.12942838191366204,1.5266195020865656,-20.000000000000007
-0.12942838191366204,1.5266195020865652,-20.000000000000007
-0.12684286767579064,1.5197244813100856,-20.000000000000007
-0.12684286767579064,1.5197244813100859,-20.000000000000007
-0.12684286767579067,1.5197244813100859,-20.000000000000007
-0.12684286767579067,1.5197244813100856,-20.000000000000007
-0.12684286767579064,1.5197244813100856,-20.000000000000007
-0.12684286767579064,1.5197244813100859,-20.000000000000007
-0.12942838191366207,1.5266195020865654,-20.000000000000007
-0.1296237382480963,1.525556298070263,-20.000000000000007
-0.12684286767579067,1.5197244813100859,-20.000000000000007
-0.12942838191366207,1.5266195020865654,-20.000000000000007
-0.12684286767579064,1.5197244813100856,-20.000000000000007
-0.13160506288298884,1.5132325960306734,-20.000000000000007
-0.13496593015556185,1.490400499773179,-20.000000000000007
-0.1352364542451437,1.4956132648969094,-20.000000000000007
-0.13559501490126288,1.4971204706629229,-20.000000000000007
-0.13626488909486958,1.477604195252314,-20.000000000000007
-0.13626488909486958,1.4776041952523142,-20.000000000000007
-0.1352364542451437,1.4956132648969092,-20.000000000000007
-0.13496593015556185,1.490400499773179,-20.000000000000007
-0.13496593015556185,1.4904004997731792,-20.000000000000007
-0.13162334867738157,1.512553191202664,-20.000000000000007
-0.13162334867738157,1.5125531912026637,-20.000000000000007
-0.13162334867738157,1.512553191202664,-20.000000000000007
-0.13160506288298884,1.5132325960306732,-20.000000000000007
-0.12962373824809628,1.5255562980702628,-20.000000000000007
-0.13162334867738157,1.512553191202664,-20.000000000000007
-0.12962373824809628,1.5255562980702628,-20.000000000000007
-0.13225188883939853,1.505849498802996,-20.000000000000007
-0.13496593015556185,1.490400499773179,-20.000000000000007
-0.13496974848001758,1.490732776495604,-20.000000000000007
-0.1352364542451437,1.4956132648969094,-20.000000000000007
-0.1352364542451437,1.4956132648969094,-20.000000000000007
-0.1352364542451437,1.4956132648969094,-20.000000000000007
-0.13559501490126288,1.4971204706629226,-20.000000000000007
-0.13559501490126286,1.4971204706629226,-20.000000000000007
-0.13766089245675406,1.4109848407592602,-20.000000000000007
-0.14969871320520373,1.4376750065870232,-20.000000000000007
-0.1377468926182409,1.4138227263361496,-20.000000000000007
-0.1377468926182409,1.4138227263361496,-20.000000000000007
-0.13559501490126286,1.4971204706629226,-20.000000000000007
-0.13496593015556185,1.490400499773179,-20.000000000000007
-0.1316233486773816,1.5125531912026637,-20.000000000000007
-0.12962373824809628,1.525556298070263,-20.000000000000007
-0.1284933585024709,1.5247118007304847,-20.000000000000007
-0.12684286767579064,1.5197244813100856,-20.000000000000007
-0.1254040794022055,1.5225030507157356,-20.000000000000007
-0.12540407940220547,1.522503050715735,-20.000000000000007
-0.12540407940220547,1.5225030507157353,-20.000000000000007
-0.12405129492932987,1.5281230603556573,-20.000000000000007
-0.12405129492932988,1.5281230603556573,-20.000000000000007
-0.1109573479656689,1.5311353815265414,-20.000000000000007
-0.11095734796566889,1.5311353815265414,-20.000000000000007
-0.11095734796566889,1.5311353815265416,-20.000000000000007
-0.1109573479656689,1.5311353815265414,-20.000000000000007
-0.12405129492932987,1.5281230603556573,-20.000000000000007
-0.1254040794022055,1.5225030507157356,-20.000000000000007
-0.12684286767579067,1.5197244813100859,-20.000000000000007
-0.1296237382480963,1.525556298070263,-20.000000000000007
-0.13162334867738157,1.512553191202664,-20.000000000000007
-0.13162334867738157,1.512553191202664,-20.000000000000007
-0.12962373824809628,1.5255562980702628,-20.000000000000007
-0.12684286767579067,1.5197244813100856,-20.000000000000007
-0.12540407940220547,1.5225030507157353,-20.000000000000007
-0.12405129492932988,1.5281230603556573,-20.000000000000007
-0.12405129492932988,1.5281230603556573,-20.000000000000007
-0.1102321621359064,1.5313395110577368,-20.000000000000007
-0.1102321621359064,1.5313395110577366,-20.000000000000007
-0.11023216213590639,1.5313395110577368,-20.000000000000007
-0.11023293988978831,1.5292120197188133,-20.000000000000007
-0.1102329398897883,1.5292120197188133,-20.000000000000007
-0.11023310443464367,1.5300533484745644,-20.000000000000007
-0.11023310443464367,1.5300533484745644,-20.000000000000007
-0.11023310443464365,1.5300533484745644,-20.000000000000007
-0.1102329398897883,1.5292120197188135,-20.000000000000007
-0.1240512949293299,1.5281230603556573,-20.000000000000007
-0.12405129492932988,1.5281230603556568,-20.000000000000007
-0.13500799762049986,1.4901723146345818,-20.000000000000007
-0.13766033188648455,1.4110074467856226,-20.000000000000007
-0.13766089245675406,1.4109848407592602,-20.000000000000007
-0.13766089245675406,1.4109848407592605,-20.000000000000007
-0.1316195303529259,1.5122209144802388,-20.000000000000007
-0.1296237382480963,1.525556298070263,-20.000000000000007
-0.1296237382480963,1.5255562980702633,-20.000000000000007
-0.1316233486773816,1.512553191202664,-20.000000000000007
-0.13496593015556188,1.4904004997731795,-20.000000000000007
-0.13496593015556188,1.490400499773179,-20.000000000000007
-0.13496593015556185,1.490400499773179,-20.000000000000007
-0.13162334867738157,1.512553191202664,-20.000000000000007
-0.1316233486773816,1.5125531912026637,-20.000000000000007
-0.13162334867738157,1.5125531912026637,-20.000000000000007
-0.13162334867738157,1.512553191202664,-20.000000000000007
-0.1316233486773816,1.512553191202664,-20.000000000000007
-0.13162334867738157,1.5125531912026637,-20.000000000000007
-0.1316233486773816,1.512553191202664,-20.000000000000007
-0.1322518888393985,1.5058494988029958,-20.000000000000007
-0.13496593015556185,1.4904004997731792,-20.000000000000007
-0.13496593015556188,1.4904004997731792,-20.000000000000007
-0.13496593015556188,1.4904004997731792,-20.000000000000007
-0.13225188883939853,1.505849498802996,-20.000000000000007
-0.13477851668463559,1.4930631893815218,-20.000000000000007
-0.13496593015556185,1.4904004997731792,-20.000000000000007
-0.13521384973317271,1.49611779668814,-20.000000000000007
-0.13496580213290585,1.4932947346693042,-20.000000000000007
-0.13431942783002881,1.4953287978614502,-20.000000000000007
-0.1275488228129783,1.521464947621181,-20.000000000000007
-0.12602866814819338,1.5324146913745378,-20.000000000000007
-0.12477553846035512,1.5292050934076344,-20.000000000000007
-0.11095734796566889,1.5311353815265416,-20.000000000000007
-0.11095734796566892,1.5311353815265414,-20.000000000000007
-0.1109573479656689,1.5311353815265414,-20.000000000000007
-0.11095734796566892,1.5311353815265414,-20.000000000000007
-0.11095734796566889,1.5311353815265414,-20.000000000000007
-0.1109573479656689,1.5311353815265414,-20.000000000000007
-0.11095734796566889,1.5311353815265414,-20.000000000000007
-0.11095734796566889,1.5311353815265414,-20.000000000000007
-0.11095734796566889,1.5311353815265418,-20.000000000000007
-0.11095734796566889,1.5311353815265416,-20.000000000000007
-0.1109573479656689,1.5311353815265414,-20.000000000000007
-0.11095734796566889,1.5311353815265414,-20.000000000000007
-0.11023293988978831,1.5292120197188135,-20.000000000000007
-0.1254040794022055,1.5225030507157356,-20.000000000000007
-0.1296237382480963,1.525556298070263,-20.000000000000007
-0.13162334867738157,1.5125531912026637,-20.000000000000007
-0.13496593015556185,1.4904004997731792,-20.000000000000007
-0.13494345808530306,1.4915268822995724,-20.000000000000007
-0.13085363461826827,1.5083299283438252,-20.000000000000007
-0.12959655351440094,1.5217356634353918,-20.000000000000007
-0.1277573877062366,1.515577197313074,-20.000000000000007
-0.13085363461826827,1.508329928343825,-20.000000000000007
-0.13085358821817875,1.5083537854297928,-20.000000000000007
-0.13484361666012967,1.490359616932491,-20.000000000000007
-0.13510141308817403,1.4966141899032057,-20.000000000000007
-0.13494151019134784,1.490395854318103,-20.000000000000007
-0.13419403100315602,1.4996177092436986,-20.000000000000007
-0.13484361666012964,1.4903596169324909,-20.000000000000007
-0.1308536346182683,1.5083299283438252,-20.000000000000007
-0.13085358821817875,1.508353785429793,-20.000000000000007
-0.13085363461826827,1.5083299283438252,-20.000000000000007
-0.12959655351440097,1.5217356634353918,-20.000000000000007
-0.12959655351440094,1.5217356634353916,-20.000000000000007
-0.12921760203349608,1.5257938337824624,-20.000000000000007
-0.12942838191366207,1.5266195020865654,-20.000000000000007
-0.13496593015556185,1.4904004997731792,-20.000000000000007
-0.1352364542451437,1.4956132648969092,-20.000000000000007
-0.13766089245675403,1.4109848407592605,-20.000000000000007
-0.13766089245675403,1.4109848407592602,-20.000000000000007
-0.13559501490126286,1.4971204706629226,-20.000000000000007
-0.1352364542451437,1.4956132648969092,-20.000000000000007
-0.13496593015556188,1.490400499773179,-20.000000000000007
-0.13496593015556185,1.4904004997731792,-20.000000000000007
-0.13496593015556185,1.490400499773179,-20.000000000000007
-0.1322518888393985,1.5058494988029962,-20.000000000000007
-0.13496593015556188,1.490400499773179,-20.000000000000007
-0.13225188883939853,1.5058494988029958,-20.000000000000007
-0.1316233486773816,1.512553191202664,-20.000000000000007
-0.1316233486773816,1.512553191202664,-20.000000000000007
-0.1316233486773816,1.5125531912026635,-20.000000000000007
-0.13160506288298884,1.5132325960306732,-20.000000000000007
-0.1296237382480963,1.525556298070263,-20.000000000000007
-0.13162334867738157,1.512553191202664,-20.000000000000007
-0.13160506288298884,1.5132325960306732,-20.000000000000007
-0.13162334867738157,1.5125531912026637,-20.000000000000007
-0.13162334867738157,1.5125531912026637,-20.000000000000007
-0.1316233486773816,1.512553191202664,-20.000000000000007
-0.13496593015556185,1.490400499773179,-20.000000000000007
-0.13496593015556185,1.490400499773179,-20.000000000000007
-0.13496593015556185,1.4904004997731792,-20.000000000000007
-0.1322518888393985,1.505849498802996,-20.000000000000007
-0.13162334867738157,1.512553191202664,-20.000000000000007
-0.13496593015556185,1.4904004997731792,-20.000000000000007
-0.13160506288298884,1.5132325960306734,-20.000000000000007
-0.1303479817791215,1.52663833112224,-20.000000000000007
-0.13034798177912152,1.52663833112224,-20.000000000000007
-0.13034416345466585,1.5263060543998153,-20.000000000000007
-0.13034416345466582,1.5263060543998155,-20.000000000000007
-0.12809599658379553,1.5229324295692201,-20.000000000000007
-0.12738145262106898,1.5267946817346165,-20.000000000000007
-0.12602866814819338,1.532414691374538,-20.000000000000007
-0.12602866814819338,1.5324146913745378,-20.000000000000007
-0.1260286681481934,1.5324146913745378,-20.000000000000007
-0.12775738770623662,1.5155771973130738,-20.000000000000007
-0.12880055360960155,1.5278382294534176,-20.000000000000007
-0.13148217478028523,1.5016262359441572,-20.000000000000007
-0.13481943428516963,1.4901153512901542,-20.000000000000007
-0.1348194342851696,1.4901153512901542,-20.000000000000007
-0.1352076196438386,1.4959794566787321,-20.000000000000007
-0.13766089245675403,1.4109848407592605,-20.000000000000007
-0.1377468926182409,1.4138227263361496,-20.000000000000007
-0.1497541574130439,1.4356391577721637,-20.000000000000007
-0.13766089245675403,1.4109848407592602,-20.000000000000007
-0.13496974848001755,1.490732776495604,-20.000000000000007
-0.13162334867738157,1.512553191202664,-20.000000000000007
-0.12754882281297833,1.521464947621181,-20.000000000000007
-0.12809599658379553,1.5229324295692204,-20.000000000000007
-0.12704284452334355,1.5194410991862395,-20.000000000000007
-0.12704284452334352,1.5194410991862393,-20.000000000000007
-0.12775734130614705,1.515601054399042,-20.000000000000007
-0.12775734130614705,1.5156010543990417,-20.000000000000007
-0.12880055360960152,1.5278382294534179,-20.000000000000007
-0.12962137119366823,1.5155557931172827,-20.000000000000007
-0.12962137119366823,1.5155557931172825,-20.000000000000007
-0.12962137119366826,1.5155557931172825,-20.000000000000007
-0.13520761964383857,1.495979456678732,-20.000000000000007
-0.13559501490126286,1.4971204706629226,-20.000000000000007
-0.14975414285615304,1.435613454864934,-20.000000000000007
-0.1509864912825978,1.3992341320455806,-20.000000000000007
-0.13766033188648455,1.4110074467856224,-20.000000000000007
-0.1363431436907083,1.4690918166037121,-20.000000000000007
-0.13496593015556185,1.4904004997731792,-20.000000000000007
-0.13496593015556185,1.4904004997731792,-20.000000000000007
-0.1322518888393985,1.5058494988029958,-20.000000000000007
-0.13162334867738157,1.512553191202664,-20.000000000000007
-0.12962373824809628,1.525556298070263,-20.000000000000007
-0.12684286767579067,1.5197244813100856,-20.000000000000007
-0.12684286767579064,1.5197244813100859,-20.000000000000007
-0.12684286767579064,1.5197244813100856,-20.000000000000007
-0.12684286767579067,1.5197244813100856,-20.000000000000007
-0.12684286767579067,1.5197244813100859,-20.000000000000007
-0.12684286767579064,1.5197244813100859,-20.000000000000007
-0.12540407940220547,1.5225030507157356,-20.000000000000007
-0.12405129492932987,1.528123060355657,-20.000000000000007
-0.12405129492932987,1.528123060355657,-20.000000000000007
-0.11023216213590639,1.5313395110577368,-20.000000000000007
-0.1102329398897883,1.5292120197188133,-20.000000000000007
-0.11023293988978831,1.5292120197188133,-20.000000000000007
-0.11023293988978831,1.5292120197188135,-20.000000000000007
-0.11023310443464367,1.5300533484745644,-20.000000000000007
-0.11023310443464367,1.5300533484745646,-20.000000000000007
-0.11023310443464365,1.5300533484745644,-20.000000000000007
-0.11023216213590639,1.5313395110577366,-20.000000000000007
-0.1254040794022055,1.5225030507157353,-20.000000000000007
-0.1296237382480963,1.525556298070263,-20.000000000000007
-0.13496593015556185,1.4904004997731792,-20.000000000000007
-0.13523645424514372,1.4956132648969094,-20.000000000000007
-0.13500799762049986,1.4901723146345818,-20.000000000000007
-0.13496593015556185,1.4904004997731792,-20.000000000000007
-0.13496593015556188,1.4904004997731792,-20.000000000000007
-0.13496593015556185,1.490400499773179,-20.000000000000007
-0.13496593015556185,1.4904004997731792,-20.000000000000007
-0.1322518888393985,1.505849498802996,-20.000000000000007
-0.13162334867738157,1.5125531912026637,-20.000000000000007
-0.13496593015556188,1.490400499773179,-20.000000000000007
-0.13496593015556185,1.4904004997731792,-20.000000000000007
-0.13496593015556185,1.490400499773179,-20.000000000000007
-0.13496593015556188,1.490400499773179,-20.000000000000007
-0.13162334867738157,1.512553191202664,-20.000000000000007
-0.13162334867738157,1.512553191202664,-20.000000000000007
-0.13162334867738157,1.512553191202664,-20.000000000000007
-0.13162334867738157,1.512553191202664,-20.000000000000007
-0.13160506288298887,1.5132325960306734,-20.000000000000007
-0.13034798177912152,1.5266383311222402,-20.000000000000007
-0.1303479817791215,1.52663833112224,-20.000000000000007
-0.13160506288298887,1.5132325960306734,-20.000000000000007
-0.13160506288298884,1.5132325960306734,-20.000000000000007
-0.13160506288298884,1.5132325960306732,-20.000000000000007
-0.1316233486773816,1.512553191202664,-20.000000000000007
-0.13477851668463559,1.493063189381522,-20.000000000000007
-0.13495829350665048,1.4897359463283293,-20.000000000000007
-0.13496593015556185,1.490400499773179,-20.000000000000007
-0.1322518888393985,1.5058494988029958,-20.000000000000007
-0.1316233486773816,1.5125531912026637,-20.000000000000007
-0.13225188883939853,1.5058494988029958,-20.000000000000007
-0.13162334867738157,1.512553191202664,-20.000000000000007
-0.1316233486773816,1.5125531912026642,-20.000000000000007
-0.1303479817791215,1.52663833112224,-20.000000000000007
-0.1303479817791215,1.52663833112224,-20.000000000000007
-0.13162334867738157,1.5125531912026637,-20.000000000000007
-0.1316233486773816,1.512553191202664,-20.000000000000007
-0.1316233486773816,1.512553191202664,-20.000000000000007
-0.13162334867738157,1.512553191202664,-20.000000000000007
-0.1316233486773816,1.512553191202664,-20.000000000000007
-0.13162334867738157,1.512553191202664,-20.000000000000007
-0.13034798177912152,1.5266383311222402,-20.000000000000007
-0.1296237382480963,1.525556298070263,-20.000000000000007
-0.12942838191366207,1.5266195020865656,-20.000000000000007
-0.12684286767579067,1.5197244813100856,-20.000000000000007
-0.1254040794022055,1.5225030507157353,-20.000000000000007
-0.1254040794022055,1.5225030507157353,-20.000000000000007
-0.12405129492932987,1.5281230603556573,-20.000000000000007
-0.12405129492932988,1.528123060355657,-20.000000000000007
-0.12405129492932987,1.5281230603556573,-20.000000000000007
-0.11023293988978829,1.5292120197188135,-20.000000000000007
-0.11095734796566889,1.5311353815265414,-20.000000000000007
-0.11095734796566889,1.5311353815265416,-20.000000000000007
-0.1109573479656689,1.5311353815265416,-20.000000000000007
-0.11023310443464367,1.5300533484745644,-20.000000000000007
-0.1102329398897883,1.5292120197188135,-20.000000000000007
-0.11023310443464367,1.5300533484745646,-20.000000000000007
-0.11095734796566889,1.5311353815265416,-20.000000000000007
-0.11023293988978831,1.5292120197188135,-20.000000000000007
-0.1102321621359064,1.5313395110577366,-20.000000000000007
-0.11023216213590639,1.5313395110577368,-20.000000000000007
-0.11023310443464365,1.5300533484745646,-20.000000000000007
-0.12405129492932988,1.528123060355657,-20.000000000000007
-0.12540407940220547,1.5225030507157353,-20.000000000000007
-0.1296237382480963,1.525556298070263,-20.000000000000007
-0.13523645424514372,1.4956132648969092,-20.000000000000007
-0.13766089245675406,1.4109848407592602,-20.000000000000007
-0.1377468926182409,1.4138227263361496,-20.000000000000007
-0.13766089245675406,1.4109848407592605,-20.000000000000007
-0.1352364542451437,1.4956132648969092,-20.000000000000007
-0.13496593015556185,1.490400499773179,-20.000000000000007
-0.13162334867738157,1.5125531912026635,-20.000000000000007
-0.13162334867738157,1.512553191202664,-20.000000000000007
-0.1316233486773816,1.5125531912026637,-20.000000000000007
-0.13160506288298884,1.5132325960306732,-20.000000000000007
-0.13162334867738157,1.5125531912026637,-20.000000000000007
-0.1316233486773816,1.5125531912026637,-20.000000000000007
-0.1316233486773816,1.512553191202664,-20.000000000000007
-0.1322518888393985,1.5058494988029958,-20.000000000000007
-0.1316233486773816,1.5125531912026637,-20.000000000000007
-0.13162334867738157,1.512553191202664,-20.000000000000007
-0.1316233486773816,1.512553191202664,-20.000000000000007
-0.1316233486773816,1.5125531912026635,-20.000000000000007
-0.1322518888393985,1.505849498802996,-20.000000000000007
-0.13496593015556185,1.490400499773179,-20.000000000000007
-0.13225188883939853,1.5058494988029962,-20.000000000000007
-0.1316233486773816,1.512553191202664,-20.000000000000007
-0.1316233486773816,1.512553191202664,-20.000000000000007
-0.1322518888393985,1.5058494988029958,-20.000000000000007
-0.13496593015556185,1.4904004997731792,-20.000000000000007
-0.13498758716990603,1.4902841828006377,-20.000000000000007
-0.13496593015556188,1.490400499773179,-20.000000000000007
-0.1350079976204999,1.4901723146345818,-20.000000000000007
-0.134987587169906,1.490284182800638,-20.000000000000007
-0.13496593015556185,1.4904004997731795,-20.000000000000007
-0.1322518888393985,1.5058494988029958,-20.000000000000007
-0.13160506288298884,1.5132325960306732,-20.000000000000007
-0.1296237382480963,1.525556298070263,-20.000000000000007
-0.1284933585024709,1.5247118007304845,-20.000000000000007
-0.12849335850247093,1.5247118007304845,-20.000000000000007
-0.12942838191366207,1.5266195020865654,-20.000000000000007
-0.12962373824809628,1.525556298070263,-20.000000000000007
-0.13162334867738157,1.512553191202664,-20.000000000000007
-0.13162334867738157,1.512553191202664,-20.000000000000007
-0.12962373824809628,1.5255562980702633,-20.000000000000007
-0.1296237382480963,1.525556298070263,-20.000000000000007
-0.1296237382480963,1.525556298070263,-20.000000000000007
-0.1296237382480963,1.525556298070263,-20.000000000000007
-0.12962373824809628,1.5255562980702628,-20.000000000000007
-0.12962373824809628,1.5255562980702628,-20.000000000000007
-0.12962373824809628,1.5255562980702628,-20.000000000000007
-0.12962373824809628,1.525556298070263,-20.000000000000007
-0.13160506288298887,1.5132325960306732,-20.000000000000007
-0.12962373824809628,1.525556298070263,-20.000000000000007
-0.13162334867738157,1.5125531912026637,-20.000000000000007
-0.1316233486773816,1.5125531912026637,-20.000000000000007
-0.13162334867738157,1.512553191202664,-20.000000000000007
-0.1316233486773816,1.512553191202664,-20.000000000000007
-0.13162334867738157,1.512553191202664,-20.000000000000007
-0.13162334867738157,1.5125531912026637,-20.000000000000007
-0.1316233486773816,1.512553191202664,-20.000000000000007
-0.13477851668463559,1.4930631893815218,-20.000000000000007
-0.1322518888393985,1.5058494988029958,-20.000000000000007
-0.1322518888393985,1.505849498802996,-20.000000000000007
-0.13225188883939853,1.5058494988029958,-20.000000000000007
-0.13225188883939853,1.5058494988029958,-20.000000000000007
-0.13225188883939853,1.5058494988029958,-20.000000000000007
-0.13225188883939853,1.5058494988029958,-20.000000000000007
-0.13162334867738157,1.5125531912026637,-20.000000000000007
-0.1322518888393985,1.505849498802996,-20.000000000000007
-0.13496593015556188,1.4904004997731792,-20.000000000000007
-0.1352364542451437,1.4956132648969094,-20.000000000000007
-0.13541503259313709,1.4948226663941324,-20.000000000000007
-0.13559501490126286,1.4971204706629224,-20.000000000000007
-0.13523645424514372,1.4956132648969094,-20.000000000000007
-0.13496593015556188,1.4904004997731792,-20.000000000000007
-0.1322518888393985,1.5058494988029958,-20.000000000000007
-0.12962373824809628,1.5255562980702628,-20.000000000000007
-0.12962373824809628,1.5255562980702626,-20.000000000000007
-0.12962373824809628,1.5255562980702626,-20.000000000000007
-0.13160506288298887,1.5132325960306734,-20.000000000000007
-0.13160506288298884,1.5132325960306732,-20.000000000000007
-0.1296237382480963,1.5255562980702628,-20.000000000000007
-0.12942838191366207,1.5266195020865658,-20.000000000000007
-0.12684286767579064,1.5197244813100856,-20.000000000000007
-0.1254040794022055,1.5225030507157353,-20.000000000000007
-0.12540407940220547,1.5225030507157356,-20.000000000000007
-0.12405129492932988,1.528123060355657,-20.000000000000007
-0.12477553846035513,1.5292050934076344,-20.000000000000007
-0.12405129492932988,1.5281230603556568,-20.000000000000007
-0.1254040794022055,1.5225030507157353,-20.000000000000007
-0.12684286767579064,1.5197244813100856,-20.000000000000007
-0.12962373824809628,1.525556298070263,-20.000000000000007
-0.13496593015556185,1.4904004997731795,-20.000000000000007
-0.13496593015556185,1.4904004997731792,-20.000000000000007
-0.13496593015556188,1.4904004997731792,-20.000000000000007
-0.134987587169906,1.490284182800638,-20.000000000000007
-0.13496593015556185,1.490400499773179,-20.000000000000007
-0.13496593015556188,1.4904004997731792,-20.000000000000007
-0.13496593015556185,1.4904004997731795,-20.000000000000007
-0.13496593015556188,1.4904004997731792,-20.000000000000007
-0.13496593015556185,1.4904004997731792,-20.000000000000007
-0.13496593015556185,1.490400499773179,-20.000000000000007
-0.13496593015556188,1.4904004997731792,-20.000000000000007
-0.13496593015556185,1.490400499773179,-20.000000000000007
-0.13225188883939853,1.505849498802996,-20.000000000000007
-0.13162334867738157,1.512553191202664,-20.000000000000007
-0.1322518888393985,1.5058494988029958,-20.000000000000007
-0.13162334867738157,1.512553191202664,-20.000000000000007
-0.1296237382480963,1.5255562980702628,-20.000000000000007
-0.13160506288298884,1.5132325960306732,-20.000000000000007
-0.1296237382480963,1.525556298070263,-20.000000000000007
-0.1296237382480963,1.525556298070263,-20.000000000000007
-0.13766089245675403,1.4109848407592605,-20.000000000000007
-0.14969871320520373,1.4376750065870232,-20.000000000000007
-0.17716407672167847,1.5760687284044745,-20.000000000000007
-0.18226034594502277,1.575240624019803,-20.000000000000007
-0.1723599823635926,1.5450335733037923,-20.000000000000007
-0.16015086704143033,1.4658572207674503,-20.000000000000007
-0.13766033188648455,1.4110074467856226,-20.000000000000007
-0.13559501490126286,1.4971204706629226,-20.000000000000007
-0.13541503259313706,1.4948226663941324,-20.000000000000007
-0.13634314369070832,1.469091816603712,-20.000000000000007
-0.13559501490126288,1.4971204706629226,-20.000000000000007
-0.1363431436907083,1.4690918166037121,-20.000000000000007
-0.1362648890948696,1.477604195252314,-20.000000000000007
-0.13559501490126286,1.4971204706629224,-20.000000000000007
-0.13559501490126286,1.4971204706629226,-20.000000000000007
-0.13559501490126286,1.4971204706629226,-20.000000000000007
-0.13559501490126286,1.4971204706629226,-20.000000000000007
-0.13523645424514372,1.4956132648969092,-20.000000000000007
-0.13523645424514372,1.4956132648969092,-20.000000000000007
-0.13500799762049986,1.4901723146345818,-20.000000000000007
-0.13521384973317274,1.4961177966881398,-20.000000000000007
-0.135077230713214,1.496369924260869,-20.000000000000007
-0.13627458996289069,1.469869201926487,-20.000000000000007
-0.13766089245675406,1.4109848407592605,-20.000000000000007
-0.14969871320520373,1.4376750065870232,-20.000000000000007
-0.151885716309857,1.402262875380409,-20.000000000000007
-0.16015086704143033,1.4658572207674505,-20.000000000000007
-0.16270023080057266,1.4821412217524919,-20.000000000000007
-0.16270023080057264,1.4821412217524916,-20.000000000000007
-0.1727105924878417,1.547567701554894,-20.000000000000007
-0.1742675836248365,1.5596310191219989,-20.000000000000007
-0.17337853243457835,1.5519365666422185,-20.000000000000007
-0.17259283802865877,1.5472393109831906,-20.000000000000007
-0.16226514651890211,1.4799780943445653,-20.000000000000007
-0.16015086704143033,1.4658572207674503,-20.000000000000007
-0.14975415741304388,1.4356391577721637,-20.000000000000007
-0.14969871320520373,1.4376750065870232,-20.000000000000007
-0.1489623238983579,1.4412504362146568,-20.000000000000007
-0.13766089245675406,1.4109848407592607,-20.000000000000007
-0.13766089245675406,1.4109848407592605,-20.000000000000007
-0.13774689261824094,1.4138227263361496,-20.000000000000007
-0.14975414285615304,1.4356134548649337,-20.000000000000007
-0.16491224342351885,1.4962079272044326,-20.000000000000007
-0.17716407672167844,1.5760687284044745,-20.000000000000007
-0.17426758362483646,1.5596310191219986,-20.000000000000007
-0.179509115801908,1.5810607140359074,-20.000000000000007
-0.17694296547815697,1.5727431410120192,-20.000000000000007
-0.17337853243457832,1.5519365666422187,-20.000000000000007
-0.17259283802865877,1.5472393109831906,-20.000000000000007
-0.1489623238983579,1.441250436214657,-20.000000000000007
-0.1489623238983579,1.441250436214657,-20.000000000000007
-0.13766089245675406,1.4109848407592605,-20.000000000000007
-0.13766089245675406,1.4109848407592602,-20.000000000000007
-0.13766089245675403,1.41098484075926,-20.000000000000007
-0.13766089245675403,1.4109848407592605,-20.000000000000007
-0.13766089245675406,1.4109848407592602,-20.000000000000007
-0.13766089245675403,1.4109848407592605,-20.000000000000007
-0.13634314369070832,1.4690918166037121,-20.000000000000007
-0.13634314369070832,1.469091816603712,-20.000000000000007
-0.13559501490126286,1.4971204706629224,-20.000000000000007
-0.13523645424514372,1.4956132648969094,-20.000000000000007
-0.13521384973317274,1.4961177966881398,-20.000000000000007
-0.13224807051494286,1.505517222080571,-20.000000000000007
-0.13034416345466585,1.5263060543998153,-20.000000000000007
-0.1301122303325565,1.5286861249343535,-20.000000000000007
-0.1280959965837955,1.5229324295692201,-20.000000000000007
-0.12993516239195982,1.5290908956915379,-20.000000000000007
-0.13034416345466582,1.526306054399815,-20.000000000000007
-0.13034798177912152,1.5266383311222402,-20.000000000000007
-0.13160506288298884,1.5132325960306732,-20.000000000000007
-0.1303479817791215,1.5266383311222402,-20.000000000000007
-0.1303479817791215,1.52663833112224,-20.000000000000007
-0.13160124455853317,1.5129003193082484,-20.000000000000007
-0.13034416345466585,1.5263060543998155,-20.000000000000007
-0.13136931143642386,1.5152803898427865,-20.000000000000007
-0.1301122303325565,1.5286861249343535,-20.000000000000007
-0.13136931143642383,1.5152803898427867,-20.000000000000007
-0.12959655351440094,1.5217356634353916,-20.000000000000007
-0.13136931143642386,1.5152803898427867,-20.000000000000007
-0.13136931143642386,1.5152803898427867,-20.000000000000007
-0.13136931143642386,1.5152803898427867,-20.000000000000007
-0.13085363461826827,1.508329928343825,-20.000000000000007
-0.13494345808530306,1.4915268822995726,-20.000000000000007
-0.1363431436907083,1.4690918166037121,-20.000000000000007
-0.14969871320520373,1.4376750065870232,-20.000000000000007
-0.1627002308005726,1.4821412217524914,-20.000000000000007
-0.1622651465189021,1.4799780943445653,-20.000000000000007
-0.17825534106184443,1.5837285229747722,-20.000000000000007
-0.1822603459450228,1.575240624019803,-20.000000000000007
-0.1822603459450228,1.575240624019803,-20.000000000000007
-0.17716407672167844,1.5760687284044748,-20.000000000000007
-0.14969871320520375,1.437675006587023,-20.000000000000007
-0.13496593015556188,1.4904004997731792,-20.000000000000007
-0.13162334867738157,1.512553191202664,-20.000000000000007
-0.13162334867738157,1.512553191202664,-20.000000000000007
-0.13162334867738157,1.512553191202664,-20.000000000000007
-0.13496593015556185,1.490400499773179,-20.000000000000007
-0.13496974848001758,1.490732776495604,-20.000000000000007
-0.13496974848001758,1.4907327764956038,-20.000000000000007
-0.1352364542451437,1.4956132648969094,-20.000000000000007
-0.1352364542451437,1.4956132648969094,-20.000000000000007
-0.13559501490126286,1.4971204706629226,-20.000000000000007
-0.13559501490126288,1.4971204706629226,-20.000000000000007
-0.13559501490126288,1.4971204706629226,-20.000000000000007
-0.1352364542451437,1.4956132648969094,-20.000000000000007
-0.1352364542451437,1.4956132648969094,-20.000000000000007
-0.13541503259313709,1.4948226663941326,-20.000000000000007
-0.13559501490126286,1.4971204706629226,-20.000000000000007
-0.13559501490126288,1.4971204706629226,-20.000000000000007
-0.13559501490126288,1.4971204706629226,-20.000000000000007
-0.13559501490126286,1.4971204706629224,-20.000000000000007
-0.13766033188648455,1.4110074467856226,-20.000000000000007
-0.14896232389835787,1.441250436214657,-20.000000000000007
-0.14969871320520375,1.4376750065870232,-20.000000000000007
-0.14975415741304388,1.4356391577721637,-20.000000000000007
-0.16015086704143036,1.4658572207674505,-20.000000000000007
-0.16015086704143033,1.4658572207674505,-20.000000000000007
-0.17716407672167847,1.5760687284044748,-20.000000000000007
-0.17825534106184443,1.5837285229747722,-20.000000000000007
-0.17359964367809982,1.555262154034674,-20.000000000000007
-0.17337853243457835,1.5519365666422185,-20.000000000000007
-0.16226514651890211,1.479978094344565,-20.000000000000007
-0.1617536389502492,1.4767475548411566,-20.000000000000007
-0.1622651465189021,1.4799780943445653,-20.000000000000007
-0.16015086704143036,1.4658572207674503,-20.000000000000007
-0.14975414285615307,1.4356134548649342,-20.000000000000007
-0.1377468926182409,1.4138227263361496,-20.000000000000007
-0.13766089245675403,1.4109848407592605,-20.000000000000007
-0.1377468926182409,1.4138227263361494,-20.000000000000007
-0.13766089245675403,1.4109848407592602,-20.000000000000007
-0.1377468926182409,1.4138227263361496,-20.000000000000007
-0.13766089245675403,1.4109848407592605,-20.000000000000007
-0.13766089245675406,1.4109848407592605,-20.000000000000007
-0.13766089245675403,1.4109848407592605,-20.000000000000007
-0.13766089245675406,1.4109848407592602,-20.000000000000007
-0.13766089245675406,1.4109848407592602,-20.000000000000007
-0.13766089245675403,1.4109848407592602,-20.000000000000007
-0.13559501490126286,1.4971204706629224,-20.000000000000007
-0.13541503259313709,1.4948226663941324,-20.000000000000007
-0.13500799762049986,1.4901723146345816,-20.000000000000007
-0.134987587169906,1.4902841828006377,-20.000000000000007
-0.13505647193701792,1.4933154606281192,-20.000000000000007
-0.13496593015556185,1.4904004997731792,-20.000000000000007
-0.1352364542451437,1.4956132648969092,-20.000000000000007
-0.13500799762049986,1.4901723146345818,-20.000000000000007
-0.1352364542451437,1.4956132648969096,-20.000000000000007
-0.13496593015556185,1.4904004997731792,-20.000000000000007
-0.13162334867738157,1.512553191202664,-20.000000000000007
-0.1296237382480963,1.5255562980702628,-20.000000000000007
-0.1296237382480963,1.525556298070263,-20.000000000000007
-0.12962373824809628,1.525556298070263,-20.000000000000007
-0.1296237382480963,1.525556298070263,-20.000000000000007
-0.13496593015556185,1.4904004997731792,-20.000000000000007
-0.13496593015556188,1.490400499773179,-20.000000000000007
-0.13559501490126288,1.4971204706629226,-20.000000000000007
-0.13766089245675406,1.4109848407592602,-20.000000000000007
-0.1489623238983579,1.441250436214657,-20.000000000000007
-0.14969871320520373,1.437675006587023,-20.000000000000007
-0.13766089245675403,1.4109848407592605,-20.000000000000007
-0.1362648890948696,1.4776041952523142,-20.000000000000007
-0.13496974848001755,1.490732776495604,-20.000000000000007
-0.13496593015556185,1.490400499773179,-20.000000000000007
-0.13496593015556188,1.490400499773179,-20.000000000000007
-0.13496593015556185,1.4904004997731792,-20.000000000000007
-0.13559501490126286,1.4971204706629226,-20.000000000000007
-0.13766089245675403,1.4109848407592605,-20.000000000000007
-0.14969871320520373,1.4376750065870232,-20.000000000000007
-0.16015086704143036,1.4658572207674505,-20.000000000000007
-0.1497541574130439,1.4356391577721637,-20.000000000000007
-0.14969871320520373,1.437675006587023,-20.000000000000007
-0.13766089245675403,1.4109848407592605,-20.000000000000007
-0.13634314369070832,1.4690918166037121,-20.000000000000007
-0.1363431436907083,1.469091816603712,-20.000000000000007
-0.13559501490126288,1.4971204706629224,-20.000000000000007
-0.13559501490126288,1.4971204706629224,-20.000000000000007
-0.13559501490126286,1.4971204706629226,-20.000000000000007
-0.1352364542451437,1.4956132648969094,-20.000000000000007
-0.13541503259313709,1.4948226663941329,-20.000000000000007
-0.13541503259313709,1.4948226663941329,-20.000000000000007
-0.13523645424514372,1.495613264896909,-20.000000000000007
-0.1352364542451437,1.4956132648969094,-20.000000000000007
-0.13500799762049986,1.4901723146345818,-20.000000000000007
-0.13496974848001755,1.490732776495604,-20.000000000000007
-0.13496593015556185,1.490400499773179,-20.000000000000007
-0.13496593015556185,1.4904004997731792,-20.000000000000007
-0.13496593015556185,1.490400499773179,-20.000000000000007
-0.134987587169906,1.4902841828006377,-20.000000000000007
-0.13496593015556188,1.4904004997731792,-20.000000000000007
-0.1350079976204999,1.4901723146345818,-20.000000000000007
-0.13496593015556185,1.4904004997731792,-20.000000000000007
-0.1352364542451437,1.4956132648969094,-20.000000000000007
-0.13559501490126288,1.4971204706629224,-20.000000000000007
-0.13634314369070832,1.4690918166037121,-20.000000000000007
-0.13774689261824094,1.4138227263361496,-20.000000000000007
-0.13766089245675406,1.4109848407592605,-20.000000000000007
-0.14975414285615307,1.435613454864934,-20.000000000000007
-0.13766089245675406,1.4109848407592605,-20.000000000000007
-0.13766089245675406,1.4109848407592605,-20.000000000000007
-0.1353876019519644,1.4982772609475226,-20.000000000000007
-0.1355242209719231,1.4980251333747931,-20.000000000000007
-0.13559501490126286,1.4971204706629226,-20.000000000000007
-0.13766089245675403,1.4109848407592602,-20.000000000000007
-0.1494730626812134,1.4401096667703468,-20.000000000000007
-0.14969871320520373,1.4376750065870232,-20.000000000000007
-0.1497541574130439,1.4356391577721639,-20.000000000000007
-0.1489623238983579,1.441250436214657,-20.000000000000007
-0.14969871320520375,1.4376750065870232,-20.000000000000007
-0.1363431436907083,1.469091816603712,-20.000000000000007
-0.1363431436907083,1.469091816603712,-20.000000000000007
-0.13523645424514372,1.4956132648969094,-20.000000000000007
-0.13500799762049986,1.4901723146345818,-20.000000000000007
-0.13496593015556185,1.490400499773179,-20.000000000000007
-0.13496593015556185,1.4904004997731792,-20.000000000000007
-0.13162334867738157,1.512553191202664,-20.000000000000007
-0.1303479817791215,1.52663833112224,-20.000000000000007
-0.12900013898076865,1.5271831943354572,-20.000000000000007
-0.13160124455853314,1.5129003193082486,-20.000000000000007
-0.13500799762049986,1.4901723146345818,-20.000000000000007
-0.1377468926182409,1.4138227263361496,-20.000000000000007
-0.16015086704143036,1.4658572207674507,-20.000000000000007
-0.17337853243457835,1.5519365666422187,-20.000000000000007
-0.17917386072802038,1.5901780441278879,-20.000000000000007
-0.16491224342351885,1.4962079272044329,-20.000000000000007
-0.17716407672167847,1.5760687284044748,-20.000000000000007
-0.1754824483155792,1.5669961652094957,-20.000000000000007
-0.17716407672167847,1.5760687284044748,-20.000000000000007
-0.17694296547815702,1.572743141012019,-20.000000000000007
-0.17917386072802038,1.5901780441278879,-20.000000000000007
-0.17716407672167847,1.5760687284044745,-20.000000000000007
-0.179509115801908,1.5810607140359072,-20.000000000000007
-0.1822099663654441,1.5747645545787243,-20.000000000000007
-0.17950911580190798,1.5810607140359074,-20.000000000000007
-0.18837473412143405,1.5733779606841165,-20.000000000000007
-0.18220996636544406,1.5747645545787246,-20.000000000000007
-0.18837473412143405,1.573377960684116,-20.000000000000007
-0.18837473412143407,1.573377960684116,-20.000000000000007
-0.1888693859802468,1.5715946146796025,-20.000000000000007
-0.1883243545418553,1.5729018912430375,-20.000000000000007
-0.18883859646648546,1.574386719126825,-20.000000000000007
-0.1822099663654441,1.5747645545787246,-20.000000000000007
-0.18067000068203443,1.5594198148107747,-20.000000000000007
-0.17542972117740843,1.5709628390265231,-20.000000000000007
-0.16768033915436406,1.5636027209684167,-20.000000000000007
-0.17225067116104018,1.5971341454532495,-20.000000000000007
-0.17259283802865877,1.5472393109831908,-20.000000000000007
-0.17716407672167844,1.5760687284044748,-20.000000000000007
-0.17259283802865877,1.5472393109831906,-20.000000000000007
-0.1627002308005726,1.4821412217524916,-20.000000000000007
-0.16270023080057264,1.4821412217524916,-20.000000000000007
-0.1509864912825978,1.3992341320455803,-20.000000000000007
-0.15098649128259778,1.3992341320455806,-20.000000000000007
-0.14975414285615304,1.435613454864934,-20.000000000000007
-0.13766089245675403,1.4109848407592605,-20.000000000000007
-0.13766089245675406,1.4109848407592602,-20.000000000000007
-0.13552422097192307,1.4980251333747936,-20.000000000000007
-0.1352076196438386,1.4959794566787321,-20.000000000000007
-0.13507723071321404,1.496369924260869,-20.000000000000007
-0.13627458996289069,1.469869201926487,-20.000000000000007
-0.13627458996289069,1.469869201926487,-20.000000000000007
-0.1509864912825978,1.3992341320455806,-20.000000000000007
-0.16175363895024922,1.4767475548411566,-20.000000000000007
-0.16175363895024922,1.4767475548411566,-20.000000000000007
-0.17337853243457835,1.5519365666422185,-20.000000000000007
-0.14975414285615307,1.435613454864934,-20.000000000000007
-0.14975414285615304,1.4356134548649337,-20.000000000000007
-0.13774689261824094,1.4138227263361496,-20.000000000000007
-0.13766089245675406,1.4109848407592605,-20.000000000000007
-0.14969871320520373,1.4376750065870232,-20.000000000000007
-0.13766089245675403,1.4109848407592605,-20.000000000000007
-0.13766089245675403,1.4109848407592605,-20.000000000000007
-0.13626488909486958,1.4776041952523142,-20.000000000000007
-0.1352364542451437,1.4956132648969094,-20.000000000000007
-0.13559501490126286,1.4971204706629226,-20.000000000000007
-0.1352364542451437,1.4956132648969092,-20.000000000000007
-0.13626488909486958,1.4776041952523142,-20.000000000000007
-0.13559501490126288,1.4971204706629226,-20.000000000000007
-0.13634314369070832,1.4690918166037121,-20.000000000000007
-0.1363431436907083,1.4690918166037124,-20.000000000000007
-0.13541503259313706,1.4948226663941326,-20.000000000000007
-0.13500799762049986,1.4901723146345818,-20.000000000000007
-0.13496593015556188,1.4904004997731792,-20.000000000000007
-0.1322518888393985,1.5058494988029958,-20.000000000000007
-0.13496593015556185,1.490400499773179,-20.000000000000007
-0.1352364542451437,1.4956132648969092,-20.000000000000007
-0.1352364542451437,1.4956132648969092,-20.000000000000007
-0.13766089245675403,1.4109848407592605,-20.000000000000007
-0.1377468926182409,1.4138227263361496,-20.000000000000007
-0.1489623238983579,1.441250436214657,-20.000000000000007
-0.13766089245675406,1.4109848407592605,-20.000000000000007
-0.13559501490126286,1.4971204706629224,-20.000000000000007
-0.1360729657172006,1.4831686616984472,-20.000000000000007
-0.1352364542451437,1.4956132648969094,-20.000000000000007
-0.13634314369070832,1.469091816603712,-20.000000000000007
-0.1363431436907083,1.469091816603712,-20.000000000000007
-0.13766089245675403,1.4109848407592605,-20.000000000000007
-0.13766089245675403,1.4109848407592605,-20.000000000000007
-0.1363431436907083,1.469091816603712,-20.000000000000007
-0.13766089245675403,1.4109848407592605,-20.000000000000007
-0.1363431436907083,1.4690918166037121,-20.000000000000007
-0.1363431436907083,1.4690918166037121,-20.000000000000007
-0.13559501490126288,1.4971204706629226,-20.000000000000007
-0.13559501490126286,1.4971204706629224,-20.000000000000007
-0.1350079976204999,1.490172314634582,-20.000000000000007
-0.13496593015556188,1.490400499773179,-20.000000000000007
-0.13496593015556188,1.4904004997731792,-20.000000000000007
-0.13162334867738157,1.5125531912026637,-20.000000000000007
-0.13162334867738157,1.5125531912026637,-20.000000000000007
-0.1296237382480963,1.525556298070263,-20.000000000000007
-0.1316233486773816,1.512553191202664,-20.000000000000007
-0.1316233486773816,1.512553191202664,-20.000000000000007
-0.13162334867738157,1.512553191202664,-20.000000000000007
-0.13496593015556185,1.4904004997731792,-20.000000000000007
-0.13496593015556188,1.490400499773179,-20.000000000000007
-0.13496593015556188,1.490400499773179,-20.000000000000007
-0.13496593015556185,1.490400499773179,-20.000000000000007
-0.13496593015556188,1.490400499773179,-20.000000000000007
-0.13496593015556185,1.4904004997731792,-20.000000000000007
-0.13496593015556185,1.4904004997731792,-20.000000000000007
-0.13496593015556188,1.490400499773179,-20.000000000000007
-0.13496593015556188,1.4904004997731792,-20.000000000000007
-0.13162334867738157,1.512553191202664,-20.000000000000007
-0.13495829350665048,1.4897359463283293,-20.000000000000007
-0.13199785159844077,1.5085766974431185,-20.000000000000007
-0.1348194342851696,1.4901153512901542,-20.000000000000007
-0.13482325260962533,1.490447628012579,-20.000000000000007
-0.1349173278163878,1.4901515886757666,-20.000000000000007
-0.1362648890948696,1.4776041952523142,-20.000000000000007
-0.1363431436907083,1.4690918166037121,-20.000000000000007
-0.1377468926182409,1.4138227263361496,-20.000000000000007
-0.13634314369070832,1.469091816603712,-20.000000000000007
-0.13523645424514372,1.4956132648969092,-20.000000000000007
-0.134987587169906,1.4902841828006377,-20.000000000000007
-0.13496593015556185,1.490400499773179,-20.000000000000007
-0.13523645424514372,1.4956132648969092,-20.000000000000007
-0.13559501490126286,1.4971204706629226,-20.000000000000007
-0.1363431436907083,1.469091816603712,-20.000000000000007
-0.13559501490126286,1.4971204706629226,-20.000000000000007
-0.1352364542451437,1.4956132648969096,-20.000000000000007
-0.13496593015556185,1.4904004997731792,-20.000000000000007
-0.13496593015556185,1.490400499773179,-20.000000000000007
-0.1352364542451437,1.4956132648969094,-20.000000000000007
-0.13559501490126288,1.4971204706629224,-20.000000000000007
-0.13559501490126286,1.4971204706629226,-20.000000000000007
-0.13541503259313706,1.4948226663941326,-20.000000000000007
-0.13500799762049986,1.4901723146345818,-20.000000000000007
-0.13496593015556185,1.4904004997731792,-20.000000000000007
-0.13496974848001758,1.490732776495604,-20.000000000000007
-0.13496593015556185,1.490400499773179,-20.000000000000007
-0.1352364542451437,1.4956132648969092,-20.000000000000007
-0.13521384973317271,1.49611779668814,-20.000000000000007
-0.15098649128259778,1.3992341320455803,-20.000000000000007
-0.17917386072802036,1.5901780441278879,-20.000000000000007
-0.1806700006820344,1.5594198148107745,-20.000000000000007
-0.1822603459450228,1.5752406240198031,-20.000000000000007
-0.1622651465189021,1.479978094344565,-20.000000000000007
-0.1377468926182409,1.4138227263361496,-20.000000000000007
-0.13559501490126286,1.4971204706629224,-20.000000000000007
-0.13541503259313709,1.4948226663941324,-20.000000000000007
-0.13559501490126288,1.4971204706629226,-20.000000000000007
-0.13634314369070832,1.4690918166037121,-20.000000000000007
-0.13774689261824094,1.4138227263361496,-20.000000000000007
-0.13774689261824094,1.4138227263361496,-20.000000000000007
-0.13766089245675406,1.4109848407592605,-20.000000000000007
-0.13559501490126286,1.4971204706629224,-20.000000000000007
-0.1352364542451437,1.4956132648969094,-20.000000000000007
-0.13559501490126286,1.4971204706629224,-20.000000000000007
-0.13505647193701795,1.4933154606281194,-20.000000000000007
-0.1352364542451437,1.4956132648969092,-20.000000000000007
-0.13496593015556185,1.4904004997731792,-20.000000000000007
-0.13496593015556188,1.490400499773179,-20.000000000000007
-0.13496593015556188,1.4904004997731792,-20.000000000000007
-0.13500799762049986,1.4901723146345818,-20.000000000000007
-0.13523645424514372,1.4956132648969092,-20.000000000000007
-0.13559501490126288,1.4971204706629226,-20.000000000000007
-0.1363431436907083,1.4690918166037121,-20.000000000000007
-0.1363431436907083,1.4690918166037121,-20.000000000000007
-0.1377468926182409,1.4138227263361496,-20.000000000000007
-0.14896232389835787,1.441250436214657,-20.000000000000007
-0.14975414285615304,1.435613454864934,-20.000000000000007
-0.14975414285615304,1.4356134548649337,-20.000000000000007
-0.1509864912825978,1.3992341320455806,-20.000000000000007
-0.15098649128259778,1.3992341320455806,-20.000000000000007
-0.16226514651890211,1.479978094344565,-20.000000000000007
-0.16491224342351885,1.4962079272044329,-20.000000000000007
-0.17337853243457835,1.5519365666422185,-20.000000000000007
-0.17917386072802038,1.5901780441278877,-20.000000000000007
-0.1735996436780998,1.5552621540346743,-20.000000000000007
-0.17917386072802038,1.5901780441278879,-20.000000000000007
-0.17259283802865877,1.5472393109831908,-20.000000000000007
-0.1622651465189021,1.4799780943445653,-20.000000000000007
-0.14975414285615307,1.435613454864934,-20.000000000000007
-0.13766089245675406,1.4109848407592605,-20.000000000000007
-0.13766089245675406,1.4109848407592602,-20.000000000000007
-0.13559501490126286,1.4971204706629224,-20.000000000000007
-0.1377468926182409,1.4138227263361496,-20.000000000000007
-0.1377468926182409,1.4138227263361496,-20.000000000000007
-0.14947303603690426,1.4401127615108213,-20.000000000000007
-0.1489623238983579,1.441250436214657,-20.000000000000007
-0.13766089245675406,1.4109848407592605,-20.000000000000007
-0.13634314369070832,1.469091816603712,-20.000000000000007
-0.13559501490126286,1.4971204706629226,-20.000000000000007
-0.13541503259313709,1.4948226663941326,-20.000000000000007
-0.13523645424514372,1.4956132648969094,-20.000000000000007
-0.1352364542451437,1.4956132648969094,-20.000000000000007
-0.13496593015556185,1.4904004997731792,-20.000000000000007
-0.13505647193701792,1.4933154606281194,-20.000000000000007
-0.13496593015556185,1.4904004997731792,-20.000000000000007
-0.13496593015556188,1.4904004997731792,-20.000000000000007
-0.13477851668463556,1.4930631893815218,-20.000000000000007
-0.13162334867738157,1.512553191202664,-20.000000000000007
-0.1316233486773816,1.5125531912026637,-20.000000000000007
-0.13162334867738157,1.5125531912026637,-20.000000000000007
-0.13162334867738157,1.512553191202664,-20.000000000000007
-0.13162334867738157,1.512553191202664,-20.000000000000007
-0.1316233486773816,1.512553191202664,-20.000000000000007
-0.13496593015556185,1.4904004997731792,-20.000000000000007
-0.13434189990028764,1.4942024153350566,-20.000000000000007
-0.13496593015556185,1.4904004997731792,-20.000000000000007
-0.13496593015556185,1.4904004997731792,-20.000000000000007
-0.13523645424514372,1.4956132648969094,-20.000000000000007
-0.13559501490126286,1.4971204706629226,-20.000000000000007
-0.13559501490126286,1.4971204706629226,-20.000000000000007
-0.13627458996289069,1.4698692019264867,-20.000000000000007
-0.13559501490126288,1.4971204706629224,-20.000000000000007
-0.13559501490126286,1.4971204706629224,-20.000000000000007
-0.13559501490126286,1.4971204706629226,-20.000000000000007
-0.13559501490126286,1.4971204706629224,-20.000000000000007
-0.1362648890948696,1.4776041952523142,-20.000000000000007
-0.13766089245675406,1.4109848407592605,-20.000000000000007
-0.13634314369070832,1.469091816603712,-20.000000000000007
-0.13766089245675406,1.4109848407592602,-20.000000000000007
-0.13627458996289069,1.4698692019264872,-20.000000000000007
-0.14896232389835787,1.441250436214657,-20.000000000000007
-0.14969871320520373,1.4376750065870232,-20.000000000000007
-0.16491224342351887,1.4962079272044329,-20.000000000000007
-0.16707916477737228,1.558979984289535,-20.000000000000007
-0.17259283802865874,1.5472393109831906,-20.000000000000007
-0.17259283802865877,1.5472393109831906,-20.000000000000007
-0.14975414285615307,1.4356134548649337,-20.000000000000007
-0.14969871320520375,1.437675006587023,-20.000000000000007
-0.13559501490126288,1.4971204706629224,-20.000000000000007
-0.13559501490126286,1.4971204706629226,-20.000000000000007
-0.13559501490126286,1.4971204706629226,-20.000000000000007
-0.1363431436907083,1.469091816603712,-20.000000000000007
-0.13766089245675403,1.4109848407592602,-20.000000000000007
-0.13774689261824094,1.4138227263361496,-20.000000000000007
-0.13774689261824094,1.4138227263361496,-20.000000000000007
-0.13766089245675403,1.4109848407592602,-20.000000000000007
-0.13607296571720057,1.4831686616984474,-20.000000000000007
-0.13626488909486958,1.4776041952523142,-20.000000000000007
-0.13559501490126286,1.4971204706629224,-20.000000000000007
-0.13559501490126288,1.4971204706629224,-20.000000000000007
-0.1362648890948696,1.4776041952523142,-20.000000000000007
-0.1363431436907083,1.469091816603712,-20.000000000000007
-0.13766089245675406,1.4109848407592605,-20.000000000000007
-0.13774689261824094,1.4138227263361496,-20.000000000000007
-0.13766089245675403,1.4109848407592605,-20.000000000000007
-0.1363431436907083,1.4690918166037121,-20.000000000000007
-0.13766089245675406,1.4109848407592605,-20.000000000000007
-0.13634314369070832,1.469091816603712,-20.000000000000007
-0.14969871320520375,1.437675006587023,-20.000000000000007
-0.14975414285615307,1.4356134548649337,-20.000000000000007
-0.14969871320520373,1.437675006587023,-20.000000000000007
-0.13774689261824094,1.4138227263361498,-20.000000000000007
-0.1363431436907083,1.469091816603712,-20.000000000000007
-0.13559501490126286,1.4971204706629229,-20.000000000000007
-0.13559501490126286,1.4971204706629224,-20.000000000000007
-0.13559501490126286,1.4971204706629224,-20.000000000000007
-0.13607296571720057,1.4831686616984476,-20.000000000000007
-0.13559501490126288,1.4971204706629224,-20.000000000000007
-0.13559501490126288,1.4971204706629224,-20.000000000000007
-0.13523645424514372,1.4956132648969092,-20.000000000000007
-0.1350079976204999,1.4901723146345816,-20.000000000000007
-0.13496974848001758,1.490732776495604,-20.000000000000007
-0.13496593015556185,1.4904004997731792,-20.000000000000007
-0.13500799762049986,1.4901723146345818,-20.000000000000007
-0.1352364542451437,1.4956132648969094,-20.000000000000007
-0.1352364542451437,1.4956132648969092,-20.000000000000007
-0.13500799762049986,1.4901723146345818,-20.000000000000007
-0.1350079976204999,1.4901723146345818,-20.000000000000007
-0.13500799762049986,1.4901723146345816,-20.000000000000007
-0.13523645424514372,1.4956132648969092,-20.000000000000007
-0.13559501490126286,1.4971204706629226,-20.000000000000007
-0.1363431436907083,1.469091816603712,-20.000000000000007
-0.13766089245675403,1.4109848407592602,-20.000000000000007
-0.13766089245675406,1.4109848407592605,-20.000000000000007
-0.13766089245675406,1.4109848407592605,-20.000000000000007
-0.13766089245675406,1.4109848407592605,-20.000000000000007
-0.13634314369070832,1.4690918166037124,-20.000000000000007
-0.13559501490126286,1.4971204706629226,-20.000000000000007
-0.1352364542451437,1.4956132648969092,-20.000000000000007
-0.13498758716990603,1.4902841828006377,-20.000000000000007
-0.13496593015556185,1.4904004997731792,-20.000000000000007
-0.13162334867738157,1.512553191202664,-20.000000000000007
-0.13162334867738157,1.512553191202664,-20.000000000000007
-0.1296237382480963,1.5255562980702628,-20.000000000000007
-0.1284933585024709,1.5247118007304845,-20.000000000000007
-0.12684286767579064,1.5197244813100856,-20.000000000000007
-0.12684286767579064,1.5197244813100854,-20.000000000000007
-0.12684286767579064,1.5197244813100856,-20.000000000000007
-0.12684286767579064,1.5197244813100856,-20.000000000000007
-0.1296237382480963,1.525556298070263,-20.000000000000007
-0.12962373824809628,1.5255562980702628,-20.000000000000007
-0.13162334867738157,1.5125531912026635,-20.000000000000007
-0.1316233486773816,1.512553191202664,-20.000000000000007
-0.13500799762049986,1.4901723146345816,-20.000000000000007
-0.13523645424514372,1.4956132648969094,-20.000000000000007
-0.1352364542451437,1.4956132648969092,-20.000000000000007
-0.1352364542451437,1.4956132648969094,-20.000000000000007
-0.1352364542451437,1.4956132648969094,-20.000000000000007
-0.13505647193701792,1.4933154606281192,-20.000000000000007
-0.13559501490126286,1.4971204706629224,-20.000000000000007
-0.1363431436907083,1.4690918166037121,-20.000000000000007
-0.13559501490126286,1.4971204706629226,-20.000000000000007
-0.13607296571720057,1.4831686616984474,-20.000000000000007
-0.13766089245675406,1.4109848407592607,-20.000000000000007
-0.13774689261824094,1.4138227263361496,-20.000000000000007
-0.14975414285615304,1.435613454864934,-20.000000000000007
-0.14969871320520373,1.4376750065870232,-20.000000000000007
-0.13766089245675406,1.4109848407592605,-20.000000000000007
-0.1352364542451437,1.4956132648969094,-20.000000000000007
-0.13496593015556185,1.490400499773179,-20.000000000000007
-0.13496593015556188,1.490400499773179,-20.000000000000007
-0.13496593015556185,1.4904004997731792,-20.000000000000007
-0.13523645424514372,1.4956132648969094,-20.000000000000007
-0.1362648890948696,1.477604195252314,-20.000000000000007
-0.13559501490126286,1.4971204706629226,-20.000000000000007
-0.13559501490126288,1.4971204706629224,-20.000000000000007
-0.1352364542451437,1.4956132648969094,-20.000000000000007
-0.13496593015556185,1.4904004997731795,-20.000000000000007
-0.13496593015556185,1.490400499773179,-20.000000000000007
-0.13496593015556185,1.490400499773179,-20.000000000000007
-0.13500799762049986,1.4901723146345818,-20.000000000000007
-0.13523645424514372,1.4956132648969092,-20.000000000000007
-0.13559501490126288,1.4971204706629226,-20.000000000000007
-0.13634314369070832,1.4690918166037121,-20.000000000000007
-0.1377468926182409,1.4138227263361496,-20.000000000000007
-0.14969871320520373,1.4376750065870234,-20.000000000000007
-0.14947306268121344,1.4401096667703468,-20.000000000000007
-0.13766089245675403,1.4109848407592602,-20.000000000000007
-0.1352364542451437,1.4956132648969094,-20.000000000000007
-0.13496593015556185,1.4904004997731792,-20.000000000000007
-0.1350079976204999,1.4901723146345818,-20.000000000000007
-0.1350079976204999,1.4901723146345818,-20.000000000000007
-0.13496593015556188,1.4904004997731792,-20.000000000000007
-0.13496593015556185,1.4904004997731792,-20.000000000000007
-0.13477851668463559,1.4930631893815218,-20.000000000000007
-0.13496593015556188,1.4904004997731792,-20.000000000000007
-0.13496593015556185,1.4904004997731792,-20.000000000000007
-0.13496593015556188,1.4904004997731795,-20.000000000000007
-0.13225188883939853,1.5058494988029958,-20.000000000000007
-0.1316233486773816,1.512553191202664,-20.000000000000007
-0.13160506288298884,1.5132325960306736,-20.000000000000007
-0.12962373824809628,1.525556298070263,-20.000000000000007
-0.12684286767579064,1.5197244813100859,-20.000000000000007
-0.12684286767579064,1.5197244813100859,-20.000000000000007
-0.12684286767579067,1.5197244813100859,-20.000000000000007
-0.13160506288298887,1.5132325960306734,-20.000000000000007
-0.13496593015556185,1.490400499773179,-20.000000000000007
-0.13496593015556185,1.490400499773179,-20.000000000000007
-0.13496974848001755,1.490732776495604,-20.000000000000007
-0.13496593015556185,1.490400499773179,-20.000000000000007
-0.13162334867738157,1.512553191202664,-20.000000000000007
-0.13162334867738157,1.512553191202664,-20.000000000000007
-0.1316233486773816,1.5125531912026637,-20.000000000000007
-0.13160506288298887,1.5132325960306732,-20.000000000000007
-0.13162334867738157,1.512553191202664,-20.000000000000007
-0.12962373824809628,1.525556298070263,-20.000000000000007
-0.13496593015556185,1.4904004997731792,-20.000000000000007
-0.1352364542451437,1.4956132648969092,-20.000000000000007
-0.1352364542451437,1.4956132648969092,-20.000000000000007
-0.13523645424514372,1.4956132648969094,-20.000000000000007
-0.13496593015556188,1.4904004997731795,-20.000000000000007
-0.1316233486773816,1.5125531912026637,-20.000000000000007
-0.13162334867738157,1.512553191202664,-20.000000000000007
-0.1296237382480963,1.5255562980702626,-20.000000000000007
-0.1296237382480963,1.525556298070263,-20.000000000000007
-0.1296237382480963,1.5255562980702633,-20.000000000000007
-0.1296237382480963,1.5255562980702628,-20.000000000000007
-0.13225188883939853,1.505849498802996,-20.000000000000007
-0.13496593015556185,1.4904004997731795,-20.000000000000007
-0.13496593015556185,1.4904004997731792,-20.000000000000007
-0.13496593015556185,1.4904004997731792,-20.000000000000007
-0.1322518888393985,1.5058494988029958,-20.000000000000007
-0.13162334867738157,1.512553191202664,-20.000000000000007
-0.13160506288298884,1.5132325960306732,-20.000000000000007
-0.1296237382480963,1.525556298070263,-20.000000000000007
-0.12962373824809628,1.5255562980702628,-20.000000000000007
-0.12962373824809628,1.5255562980702628,-20.000000000000007
-0.13160506288298887,1.5132325960306734,-20.000000000000007
-0.13496593015556188,1.490400499773179,-20.000000000000007
-0.13505647193701795,1.4933154606281192,-20.000000000000007
-0.1352364542451437,1.4956132648969094,-20.000000000000007
-0.1352364542451437,1.4956132648969094,-20.000000000000007
-0.13496593015556185,1.490400499773179,-20.000000000000007
-0.1316233486773816,1.512553191202664,-20.000000000000007
-0.13160506288298884,1.5132325960306732,-20.000000000000007
-0.12962373824809628,1.5255562980702626,-20.000000000000007
-0.12962373824809628,1.525556298070263,-20.000000000000007
-0.1296237382480963,1.525556298070263,-20.000000000000007
-0.13162334867738157,1.5125531912026635,-20.000000000000007
-0.13496593015556185,1.4904004997731792,-20.000000000000007
-0.13500799762049986,1.4901723146345818,-20.000000000000007
-0.1352364542451437,1.4956132648969094,-20.000000000000007
-0.1352364542451437,1.4956132648969094,-20.000000000000007
-0.1352364542451437,1.4956132648969094,-20.000000000000007
-0.13496974848001758,1.490732776495604,-20.000000000000007
-0.13496593015556185,1.4904004997731792,-20.000000000000007
-0.13500799762049986,1.4901723146345818,-20.000000000000007
-0.13496593015556185,1.4904004997731795,-20.000000000000007
-0.1350079976204999,1.4901723146345818,-20.000000000000007
-0.1352364542451437,1.4956132648969094,-20.000000000000007
-0.13634314369070832,1.4690918166037121,-20.000000000000007
-0.13774689261824094,1.4138227263361496,-20.000000000000007
-0.13774689261824094,1.4138227263361494,-20.000000000000007
-0.1489623238983579,1.4412504362146568,-20.000000000000007
-0.13634314369070832,1.469091816603712,-20.000000000000007
-0.1363431436907083,1.4690918166037121,-20.000000000000007
-0.13766033188648452,1.4110074467856224,-20.000000000000007
-0.13766089245675403,1.4109848407592605,-20.000000000000007
-0.137660892456754,1.4109848407592605,-20.000000000000007
-0.1377468926182409,1.4138227263361494,-20.000000000000007
-0.14969871320520373,1.4376750065870232,-20.000000000000007
-0.15188571630985698,1.402262875380409,-20.000000000000007
-0.1622651465189021,1.4799780943445653,-20.000000000000007
-0.16226514651890211,1.4799780943445653,-20.000000000000007
-0.14969871320520375,1.4376750065870232,-20.000000000000007
-0.13634314369070832,1.469091816603712,-20.000000000000007
-0.13523645424514372,1.4956132648969092,-20.000000000000007
-0.13496593015556185,1.490400499773179,-20.000000000000007
-0.1322518888393985,1.5058494988029958,-20.000000000000007
-0.13496593015556185,1.490400499773179,-20.000000000000007
-0.13496593015556188,1.4904004997731792,-20.000000000000007
-0.13496593015556185,1.4904004997731795,-20.000000000000007
-0.13607296571720057,1.4831686616984474,-20.000000000000007
-0.13766089245675406,1.4109848407592605,-20.000000000000007
-0.13766089245675403,1.4109848407592607,-20.000000000000007
-0.13766089245675406,1.4109848407592602,-20.000000000000007
-0.13559501490126286,1.4971204706629226,-20.000000000000007
-0.13541503259313709,1.4948226663941324,-20.000000000000007
-0.1352364542451437,1.4956132648969096,-20.000000000000007
-0.13523645424514372,1.4956132648969094,-20.000000000000007
-0.13523645424514372,1.4956132648969094,-20.000000000000007
-0.1352364542451437,1.4956132648969094,-20.000000000000007
-0.13559501490126288,1.4971204706629224,-20.000000000000007
-0.1377468926182409,1.4138227263361494,-20.000000000000007
-0.14969871320520375,1.4376750065870232,-20.000000000000007
-0.16015086704143033,1.4658572207674505,-20.000000000000007
-0.16015086704143036,1.4658572207674505,-20.000000000000007
-0.14975414285615304,1.435613454864934,-20.000000000000007
-0.14969871320520375,1.4376750065870232,-20.000000000000007
-0.13766089245675406,1.4109848407592605,-20.000000000000007
-0.13766089245675406,1.4109848407592602,-20.000000000000007
-0.1363431436907083,1.4690918166037121,-20.000000000000007
-0.13626488909486958,1.4776041952523142,-20.000000000000007
-0.13766089245675406,1.4109848407592607,-20.000000000000007
-0.1497541574130439,1.4356391577721634,-20.000000000000007
-0.16015086704143033,1.4658572207674505,-20.000000000000007
-0.1622651465189021,1.4799780943445653,-20.000000000000007
-0.16015086704143033,1.4658572207674505,-20.000000000000007
-0.14947306268121344,1.4401096667703468,-20.000000000000007
-0.13766089245675403,1.4109848407592602,-20.000000000000007
-0.1377468926182409,1.4138227263361496,-20.000000000000007
-0.14896232389835787,1.441250436214657,-20.000000000000007
-0.14969871320520373,1.4376750065870232,-20.000000000000007
-0.14969871320520373,1.4376750065870234,-20.000000000000007
-0.16015086704143033,1.4658572207674505,-20.000000000000007
-0.16015086704143036,1.4658572207674507,-20.000000000000007
-0.16226514651890211,1.4799780943445653,-20.000000000000007
-0.1617536389502492,1.4767475548411566,-20.000000000000007
-0.14896232389835787,1.441250436214657,-20.000000000000007
-0.1363431436907083,1.469091816603712,-20.000000000000007
-0.13559501490126286,1.4971204706629224,-20.000000000000007
-0.13559501490126288,1.4971204706629224,-20.000000000000007
-0.13559501490126286,1.4971204706629226,-20.000000000000007
-0.1363431436907083,1.469091816603712,-20.000000000000007
-0.13559501490126286,1.4971204706629224,-20.000000000000007
-0.1363431436907083,1.469091816603712,-20.000000000000007
-0.13766089245675406,1.4109848407592605,-20.000000000000007
-0.1377468926182409,1.4138227263361496,-20.000000000000007
-0.14969871320520375,1.4376750065870232,-20.000000000000007
-0.13766089245675406,1.4109848407592605,-20.000000000000007
-0.13559501490126288,1.4971204706629224,-20.000000000000007
-0.13541503259313709,1.4948226663941324,-20.000000000000007
-0.13559501490126288,1.4971204706629226,-20.000000000000007
-0.13634314369070832,1.469091816603712,-20.000000000000007
-0.13559501490126286,1.4971204706629224,-20.000000000000007
-0.1352364542451437,1.4956132648969094,-20.000000000000007
-0.13541503259313709,1.4948226663941324,-20.000000000000007
-0.13559501490126288,1.4971204706629226,-20.000000000000007
-0.13766089245675403,1.4109848407592602,-20.000000000000007
-0.13766089245675406,1.4109848407592605,-20.000000000000007
-0.13559501490126286,1.4971204706629224,-20.000000000000007
-0.13496593015556188,1.490400499773179,-20.000000000000007
-0.13496593015556188,1.4904004997731795,-20.000000000000007
-0.13225188883939853,1.5058494988029958,-20.000000000000007
-0.13496593015556185,1.490400499773179,-20.000000000000007
-0.13496593015556188,1.4904004997731792,-20.000000000000007
-0.13225188883939853,1.5058494988029958,-20.000000000000007
-0.13500799762049986,1.4901723146345818,-20.000000000000007
-0.13541503259313709,1.4948226663941324,-20.000000000000007
-0.1377468926182409,1.4138227263361496,-20.000000000000007
-0.16015086704143033,1.4658572207674503,-20.000000000000007
-0.1525536562565937,1.4066317404677335,-20.000000000000007
-0.1509864912825978,1.3992341320455803,-20.000000000000007
-0.14969871320520373,1.437675006587023,-20.000000000000007
-0.14969871320520373,1.437675006587023,-20.000000000000007
-0.14969871320520373,1.4376750065870232,-20.000000000000007
-0.14969871320520375,1.4376750065870232,-20.000000000000007
-0.13766089245675406,1.4109848407592605,-20.000000000000007
-0.13766089245675403,1.4109848407592605,-20.000000000000007
-0.1377468926182409,1.4138227263361494,-20.000000000000007
-0.14969871320520373,1.4376750065870232,-20.000000000000007
-0.1622651465189021,1.479978094344565,-20.000000000000007
-0.17337853243457835,1.551936566642219,-20.000000000000007
-0.176942965478157,1.5727431410120194,-20.000000000000007
-0.17716407672167844,1.5760687284044748,-20.000000000000007
-0.17694296547815702,1.572743141012019,-20.000000000000007
-0.16491224342351887,1.4962079272044326,-20.000000000000007
-0.1622651465189021,1.479978094344565,-20.000000000000007
-0.1497541574130439,1.4356391577721637,-20.000000000000007
-0.14969871320520373,1.4376750065870234,-20.000000000000007
-0.14969871320520375,1.4376750065870232,-20.000000000000007
-0.1489623238983579,1.441250436214657,-20.000000000000007
-0.1489623238983579,1.4412504362146568,-20.000000000000007
-0.1377468926182409,1.4138227263361494,-20.000000000000007
-0.13766089245675406,1.4109848407592605,-20.000000000000007
-0.1489623238983579,1.4412504362146572,-20.000000000000007
-0.14896232389835787,1.4412504362146568,-20.000000000000007
-0.1489623238983579,1.441250436214657,-20.000000000000007
-0.13766089245675403,1.4109848407592605,-20.000000000000007
-0.13634314369070832,1.4690918166037121,-20.000000000000007
-0.13766033188648452,1.4110074467856228,-20.000000000000007
-0.1489623238983579,1.441250436214657,-20.000000000000007
-0.1509864912825978,1.3992341320455803,-20.000000000000007
-0.16491224342351885,1.4962079272044329,-20.000000000000007
-0.17337853243457835,1.5519365666422185,-20.000000000000007
-0.1742675836248365,1.5596310191219986,-20.000000000000007
-0.17917386072802036,1.5901780441278877,-20.000000000000007
-0.179509115801908,1.5810607140359074,-20.000000000000007
-0.17950911580190804,1.5810607140359074,-20.000000000000007
-0.179509115801908,1.5810607140359074,-20.000000000000007
-0.17950911580190798,1.5810607140359072,-20.000000000000007
-0.17694296547815702,1.572743141012019,-20.000000000000007
-0.16270023080057264,1.4821412217524914,-20.000000000000007
-0.16175363895024922,1.4767475548411564,-20.000000000000007
-0.1497541574130439,1.4356391577721637,-20.000000000000007
-0.1509867696831351,1.3990909895297734,-20.000000000000007
-0.16015086704143033,1.4658572207674503,-20.000000000000007
-0.16270023080057264,1.4821412217524916,-20.000000000000007
-0.16270023080057264,1.4821412217524919,-20.000000000000007
-0.1617536389502492,1.4767475548411566,-20.000000000000007
-0.15188571630985698,1.402262875380409,-20.000000000000007
-0.14975414285615307,1.4356134548649337,-20.000000000000007
-0.1509864912825978,1.3992341320455806,-20.000000000000007
-0.16015086704143033,1.4658572207674505,-20.000000000000007
-0.16015086704143033,1.4658572207674507,-20.000000000000007
-0.15098649128259778,1.3992341320455806,-20.000000000000007
-0.13766089245675403,1.4109848407592607,-20.000000000000007
-0.1362648890948696,1.4776041952523142,-20.000000000000007
-0.1362648890948696,1.477604195252314,-20.000000000000007
-0.13766033188648455,1.4110074467856226,-20.000000000000007
-0.14969871320520373,1.437675006587023,-20.000000000000007
-0.1497541574130439,1.4356391577721637,-20.000000000000007
-0.16226514651890211,1.479978094344565,-20.000000000000007
-0.17359964367809982,1.5552621540346743,-20.000000000000007
-0.17426758362483646,1.559631019121999,-20.000000000000007
-0.17694296547815702,1.572743141012019,-20.000000000000007
-0.17337853243457835,1.5519365666422185,-20.000000000000007
-0.16491224342351885,1.4962079272044329,-20.000000000000007
-0.16491224342351885,1.4962079272044329,-20.000000000000007
-0.16491224342351887,1.4962079272044329,-20.000000000000007
-0.1627002308005726,1.4821412217524914,-20.000000000000007
-0.151885716309857,1.402262875380409,-20.000000000000007
-0.14969871320520373,1.4376750065870232,-20.000000000000007
-0.14896232389835787,1.4412504362146568,-20.000000000000007
-0.13774689261824094,1.4138227263361494,-20.000000000000007
-0.1377468926182409,1.4138227263361496,-20.000000000000007
-0.14896232389835787,1.441250436214657,-20.000000000000007
-0.14969871320520373,1.4376750065870234,-20.000000000000007
-0.1497541574130439,1.4356391577721637,-20.000000000000007
-0.16015086704143033,1.4658572207674503,-20.000000000000007
-0.16491224342351887,1.4962079272044329,-20.000000000000007
-0.16491224342351885,1.4962079272044326,-20.000000000000007
-0.17917386072802038,1.5901780441278879,-20.000000000000007
-0.179509115801908,1.5810607140359074,-20.000000000000007
-0.18226034594502283,1.575240624019803,-20.000000000000007
-0.1822603459450228,1.5752406240198031,-20.000000000000007
-0.17716407672167844,1.5760687284044748,-20.000000000000007
-0.1811061921972143,1.5615965088310682,-20.000000000000007
-0.18250173051842536,1.5731434678747531,-20.000000000000007
-0.20336587397443145,1.7364901842809184,-20.000000000000007
-0.2324663770364199,1.9154094041285454,-20.000000000000007
-0.24233012893262862,1.8479407891859199,-20.000000000000007
-0.24420046351354951,1.831548902235672,-20.000000000000007
-0.23538467694061213,1.9234328870905963,-20.000000000000007
-0.2296317877677274,1.9255344588075163,-20.000000000000007
-0.22995698799419928,1.9257483738802672,-20.000000000000007
-0.22700039482394935,1.9319837126790778,-20.000000000000007
-0.21941629570363208,1.934944495264261,-20.000000000000007
-0.2047365030509324,1.7580889424488189,-20.000000000000007
-0.18888897604606414,1.574862788567904,-20.000000000000007
-0.18837473412143407,1.573377960684116,-20.000000000000007
-0.18226034594502283,1.575240624019803,-20.000000000000007
-0.18226034594502283,1.575240624019803,-20.000000000000007
-0.18837473412143407,1.573377960684116,-20.000000000000007
-0.18885818653230285,1.5776548930151266,-20.000000000000007
-0.20139347992708181,1.7055505241438342,-20.000000000000007
-0.21247740178589644,1.848262338794608,-20.000000000000007
-0.21297145694215702,1.8551211557628873,-20.000000000000007
-0.21276096579532144,1.8568777380279782,-20.000000000000007
-0.20404430865962883,1.7471900021231155,-20.000000000000007
-0.21276096579532142,1.8568777380279782,-20.000000000000007
-0.22039069693423452,1.9379336218007563,-20.000000000000007
-0.23644740113158186,1.9186569643032416,-20.000000000000007
-0.2532688923353968,1.7578024270239831,-20.000000000000007
-0.2571598522970833,1.7704114072995516,-20.000000000000007
-0.2589706990388309,1.7768672364077038,-20.000000000000007
-0.25533725203573415,1.767855612558387,-20.000000000000007
-0.2502845554208488,1.7235141714337494,-20.000000000000007
-0.24814112531457128,1.785614123065802,-20.000000000000007
-0.24753611064781528,1.7981305890838026,-20.000000000000007
-0.2452776421772323,1.823694982129578,-20.000000000000007
-0.23698195095870878,1.91396492739013,-20.000000000000007
-0.2368081958155418,1.9141570200209546,-20.000000000000007
-0.24451821561584364,1.8284025365562284,-20.000000000000007
-0.24765004788730657,1.7962154489931232,-20.000000000000007
-0.25027783111207347,1.7252964706523974,-20.000000000000007
-0.25543404288247135,1.7679920344748314,-20.000000000000007
-0.26244589717182304,1.7647522487210694,-20.000000000000007
-0.25711981584334775,1.7702188819205942,-20.000000000000007
-0.24814112531457122,1.7856141230658018,-20.000000000000007
-0.21965703425001762,1.93847326178661,-20.000000000000007
-0.18837473412143407,1.573377960684116,-20.000000000000007
-0.17716407672167847,1.5760687284044748,-20.000000000000007
-0.16491224342351887,1.4962079272044329,-20.000000000000007
-0.16491224342351887,1.496207927204433,-20.000000000000007
-0.1723599823635926,1.5450335733037928,-20.000000000000007
-0.17548244831557921,1.566996165209496,-20.000000000000007
-0.17337853243457835,1.5519365666422187,-20.000000000000007
-0.16491224342351887,1.4962079272044329,-20.000000000000007
-0.16175363895024922,1.4767475548411566,-20.000000000000007
-0.14969871320520375,1.4376750065870232,-20.000000000000007
-0.14969871320520375,1.437675006587023,-20.000000000000007
-0.1377468926182409,1.4138227263361496,-20.000000000000007
-0.13774689261824094,1.4138227263361496,-20.000000000000007
-0.13766089245675403,1.4109848407592602,-20.000000000000007
-0.1377468926182409,1.4138227263361494,-20.000000000000007
-0.14969871320520373,1.437675006587023,-20.000000000000007
-0.14969871320520375,1.4376750065870232,-20.000000000000007
-0.1497541574130439,1.4356391577721639,-20.000000000000007
-0.15098676968313507,1.3990909895297734,-20.000000000000007
-0.17259283802865877,1.5472393109831906,-20.000000000000007
-0.17716407672167847,1.5760687284044748,-20.000000000000007
-0.17917386072802038,1.5901780441278879,-20.000000000000007
-0.179509115801908,1.5810607140359074,-20.000000000000007
-0.17917386072802038,1.5901780441278877,-20.000000000000007
-0.17933485877093766,1.5832655028315092,-20.000000000000007
-0.179509115801908,1.5810607140359074,-20.000000000000007
-0.179509115801908,1.5810607140359072,-20.000000000000007
-0.18067000068203443,1.5594198148107745,-20.000000000000007
-0.18226034594502277,1.575240624019803,-20.000000000000007
-0.18842511370101273,1.5738540301251949,-20.000000000000007
-0.1894245325731731,1.5791548760255547,-20.000000000000007
-0.2040443086596288,1.7471900021231153,-20.000000000000007
-0.21248743473298978,1.8569242044846712,-20.000000000000007
-0.2259544067033732,1.9324083385227477,-20.000000000000007
-0.22725815115555778,1.9273187281239843,-20.000000000000007
-0.23097115312675073,1.9116541230441984,-20.000000000000007
-0.24406813897134638,1.8320885388102743,-20.000000000000007
-0.24839724581557182,1.7826858814747113,-20.000000000000007
-0.2549506672202101,1.7719617873180042,-20.000000000000007
-0.2637650896695065,1.7624734414920686,-20.000000000000007
-0.26097092027265634,1.768431970974779,-20.000000000000007
-0.2483972458155718,1.7826858814747109,-20.000000000000007
-0.2336601450231435,1.9309227346713127,-20.000000000000007
-0.2182751281321456,1.9327711581825628,-20.000000000000007
-0.18842511370101275,1.5738540301251946,-20.000000000000007
-0.18842511370101273,1.5738540301251946,-20.000000000000007
-0.18837473412143405,1.5733779606841163,-20.000000000000007
-0.1811061921972143,1.5615965088310682,-20.000000000000007
-0.18837473412143407,1.573377960684116,-20.000000000000007
-0.18842511370101275,1.5738540301251946,-20.000000000000007
-0.1907537560683663,1.5908960761778874,-20.000000000000007
-0.21276096579532142,1.856877738027978,-20.000000000000007
-0.2182751281321456,1.9327711581825628,-20.000000000000007
-0.2208853973376787,1.931145289038375,-20.000000000000007
-0.22903447707550284,1.9276403862238336,-20.000000000000007
-0.2270003948239493,1.931983712679078,-20.000000000000007
-0.2335858692674764,1.9295563077585558,-20.000000000000007
-0.2336601450231435,1.9309227346713127,-20.000000000000007
-0.23855890206251495,1.895816397307371,-20.000000000000007
-0.24451821561584366,1.8284025365562284,-20.000000000000007
-0.24755077931477928,1.7988804440720867,-20.000000000000007
-0.24894779568029934,1.7654260612210055,-20.000000000000007
-0.2502845554208488,1.7235141714337492,-20.000000000000007
-0.2495054676988277,1.7506184474221236,-20.000000000000007
-0.25493350224142575,1.771860896925751,-20.000000000000007
-0.24983746969752973,1.7350726326056742,-20.000000000000007
-0.2667565134828852,1.7618320179012814,-20.000000000000007
-0.2704927592345097,1.7044255040025562,-20.000000000000007
-0.2870782912311346,1.549788352634498,-20.000000000000007
-0.3051962501963403,1.5086738209781068,-20.000000000000007
-0.31332788406709294,1.5038671342578023,-20.000000000000007
-0.3398033389982903,1.499811978506873,-20.000000000000007
-0.3310331312624319,1.4989743399068371,-20.000000000000007
-0.3537862571981616,1.4988299316448894,-20.000000000000007
-0.3385399860872491,1.501305819339033,-20.000000000000007
-0.3412201596406051,1.4991114538545278,-20.000000000000007
-0.32945648012498224,1.497782649587187,-20.000000000000007
-0.32476658198922576,1.499595969327293,-20.000000000000007
-0.32245966985546815,1.498555086076499,-20.000000000000007
-0.32308649551914836,1.5003078845283995,-20.000000000000007
-0.32555143007684534,1.4987739819637487,-20.000000000000007
-0.32243627799197777,1.4986715338805514,-20.000000000000007
-0.3193026678850811,1.4945254110466466,-20.000000000000007
-0.30465048447978105,1.506684481561572,-20.000000000000007
-0.2950210724341358,1.5914016051831512,-20.000000000000007
-0.25712377356303046,1.7708242970558312,-20.000000000000007
-0.24753611064781528,1.7981305890838026,-20.000000000000007
-0.21248743473298978,1.8569242044846717,-20.000000000000007
-0.18942453257317313,1.5791548760255545,-20.000000000000007
-0.19415420216241916,1.6248355056872368,-20.000000000000007
-0.1956903181330773,1.6387809844399341,-20.000000000000007
-0.21248743473298978,1.8569242044846714,-20.000000000000007
-0.22903447707550287,1.9276403862238336,-20.000000000000007
-0.24451821561584364,1.8284025365562289,-20.000000000000007
-0.26376508966950646,1.7624734414920689,-20.000000000000007
-0.28032946338776366,1.513053803767415,-20.000000000000007
-0.28619917502139414,1.5587335884086988,-20.000000000000007
-0.2848600855609425,1.5343850880470293,-20.000000000000007
-0.2854856315524752,1.537044283999185,-20.000000000000007
-0.2846493882131486,1.5322274562314535,-20.000000000000007
-0.2859664141385837,1.55421269563363,-20.000000000000007
-0.2882544177608434,1.5680958165831107,-20.000000000000007
-0.29245727122864384,1.5877359970601455,-20.000000000000007
-0.2975888824708937,1.5812160557791426,-20.000000000000007
-0.3023559870870061,1.5352009310116475,-20.000000000000007
-0.30368998470625874,1.5150151341706701,-20.000000000000007
-0.30212152026981104,1.5362892984224135,-20.000000000000007
-0.28431342628523587,1.5325219463251853,-20.000000000000007
-0.2790418615852196,1.465820985743795,-20.000000000000007
-0.2648358141067279,1.760182020911433,-20.000000000000007
-0.26455493772826,1.7594211128342738,-20.000000000000007
-0.2779715575107142,1.50586089147857,-20.000000000000007
-0.28015984769796337,1.4819241385848267,-20.000000000000007
-0.2900320042165544,1.5757260914575622,-20.000000000000007
-0.2939759575320516,1.5968293330350325,-20.000000000000007
-0.30714822353341237,1.5109309658097099,-20.000000000000007
-0.3081271700719463,1.50957699156863,-20.000000000000007
-0.31531087345344755,1.4949142369474875,-20.000000000000007
-0.3132436781886206,1.5031725465532944,-20.000000000000007
-0.3071482235334123,1.51093096580971,-20.000000000000007
-0.30103147859474977,1.5466692282696268,-20.000000000000007
-0.2909864358299067,1.5839273016702229,-20.000000000000007
-0.2823512116961867,1.5077373236686633,-20.000000000000007
-0.2800611877204482,1.4898205913731526,-20.000000000000007
-0.2790858188465218,1.462985422426233,-20.000000000000007
-0.2817268030267368,1.5204698839468591,-20.000000000000007
-0.28435889083460086,1.5433552365221836,-20.000000000000007
-0.29594518418841465,1.589853301199422,-20.000000000000007
-0.2956772938238034,1.5905615579876038,-20.000000000000007
-0.29599740514969825,1.592013061368112,-20.000000000000007
-0.2877167412565339,1.5655021692247746,-20.000000000000007
-0.2866007756597343,1.5576377285528515,-20.000000000000007
-0.2847649334366955,1.54844236727586,-20.000000000000007
-0.28652990927087085,1.560375196797745,-20.000000000000007
-0.2975518332991137,1.584620829746508,-20.000000000000007
-0.288305986781373,1.5681587806525952,-20.000000000000007
-0.30801806762105716,1.5098011618653873,-20.000000000000007
-0.2938634263647416,1.5952516254048805,-20.000000000000007
-0.31277385142520997,1.5046078879524434,-20.000000000000007
-0.30352380393905376,1.5160589724477975,-20.000000000000007
-0.31751689944943423,1.4976711998902237,-20.000000000000007
-0.31359935111339654,1.5036198554774676,-20.000000000000007
-0.3179667630369377,1.4970899085288838,-20.000000000000007
-0.31823729031896264,1.4971833337326208,-20.000000000000007
-0.31531087345344755,1.4949142369474873,-20.000000000000007
-0.3174521446639621,1.4975067171228613,-20.000000000000007
-0.3145696745482442,1.4971774797582467,-20.000000000000007
-0.3153968549395482,1.4945939491003695,-20.000000000000007
-0.319425722311635,1.497585472074181,-20.000000000000007
-0.32141924672784467,1.4987567348924107,-20.000000000000007
-0.3218808133752584,1.4995557400555537,-20.000000000000007
-0.31541233605485886,1.4946572017215616,-20.000000000000007
-0.3113961118758924,1.4997807214720085,-20.000000000000007
-0.3024883728623807,1.5310345450788763,-20.000000000000007
-0.3081271700719463,1.50957699156863,-20.000000000000007
-0.30714822353341237,1.5109309658097099,-20.000000000000007
-0.31140092494288407,1.4998316451629838,-20.000000000000007
-0.3178284183024441,1.4971778682395445,-20.000000000000007
-0.3126751797904226,1.5032584208945146,-20.000000000000007
-0.32280019773049795,1.4990231003582064,-20.000000000000007
-0.31342741052079015,1.5043726987885708,-20.000000000000007
-0.3227961592026061,1.499946616987818,-20.000000000000007
-0.30791507406038876,1.510777569742078,-20.000000000000007
-0.31346712656046194,1.5043489425686145,-20.000000000000007
-0.29552573585960845,1.590654831089676,-20.000000000000007
-0.2950352088322855,1.590932004335263,-20.000000000000007
-0.2859138616181168,1.553905097506694,-20.000000000000007
-0.2821249840629594,1.5268853483064395,-20.000000000000007
-0.28006118772044825,1.4898205913731526,-20.000000000000007
-0.2801320913463582,1.5136491170428084,-20.000000000000007
-0.26537562514512875,1.7659892343828332,-20.000000000000007
-0.25706781232562104,1.7707522420607889,-20.000000000000007
-0.25354922465006957,1.7668554769849825,-20.000000000000007
-0.24352941008181267,1.8371727099357726,-20.000000000000007
-0.23193210184063526,1.9136144318446475,-20.000000000000007
-0.2108683643703081,1.836207293511332,-20.000000000000007
-0.18885818653230285,1.577654893015127,-20.000000000000007
-0.1822603459450228,1.575240624019803,-20.000000000000007
-0.17716407672167844,1.5760687284044748,-20.000000000000007
-0.17716407672167844,1.5760687284044745,-20.000000000000007
-0.17917386072802036,1.5901780441278879,-20.000000000000007
-0.1822603459450228,1.5752406240198031,-20.000000000000007
-0.19217294498311896,1.6010835108666508,-20.000000000000007
-0.20438912631107453,1.7467571198479008,-20.000000000000007
-0.22745693797728467,1.9260292721451286,-20.000000000000007
-0.23205591066668438,1.914540565171374,-20.000000000000007
-0.24850050817507827,1.7781541308881688,-20.000000000000007
-0.2532688923353968,1.7578024270239827,-20.000000000000007
-0.2532803119563146,1.7576484038588778,-20.000000000000007
-0.2549620868411279,1.7718077641528993,-20.000000000000007
-0.24965204629655047,1.7463127307456157,-20.000000000000007
-0.24894779568029932,1.7654260612210055,-20.000000000000007
-0.24765004788730657,1.7962154489931228,-20.000000000000007
-0.24812938511712437,1.7856504139612348,-20.000000000000007
-0.24753611064781528,1.7981305890838026,-20.000000000000007
-0.24975166384454114,1.74026753728837,-20.000000000000007
-0.2489477956802993,1.7654260612210053,-20.000000000000007
-0.2560323469525233,1.7677169602188452,-20.000000000000007
-0.24950546769882764,1.7506184474221236,-20.000000000000007
-0.25375436341010527,1.768120989651811,-20.000000000000007
-0.24755077931477926,1.7988804440720867,-20.000000000000007
-0.2481765667947332,1.7875503558582295,-20.000000000000007
-0.24233012893262865,1.8479407891859196,-20.000000000000007
-0.24235616464673965,1.8482118997688324,-20.000000000000007
-0.2433885303118946,1.8376016976324687,-20.000000000000007
-0.2433885303118946,1.8376016976324687,-20.000000000000007
-0.2478202009148385,1.7930908162604313,-20.000000000000007
-0.24753611064781522,1.7981305890838024,-20.000000000000007
-0.24850050817507827,1.7781541308881685,-20.000000000000007
-0.23698195095870878,1.91396492739013,-20.000000000000007
-0.23595500071689005,1.9215763779110162,-20.000000000000007
-0.22140461161028016,1.9284170608693039,-20.000000000000007
-0.22036530731212672,1.935112753283242,-20.000000000000007
-0.20621950573589576,1.7693061823890077,-20.000000000000007
-0.2106765637514194,1.8287123508592724,-20.000000000000007
-0.20371069162587715,1.736057302005704,-20.000000000000007
-0.21297145694215705,1.8551211557628873,-20.000000000000007
-0.21297145694215705,1.8551211557628873,-20.000000000000007
-0.22083342254381702,1.9385877750768734,-20.000000000000007
-0.22140461161028016,1.9284170608693034,-20.000000000000007
-0.22012456876574127,1.9315839867608926,-20.000000000000007
-0.2270457855490823,1.929550410173678,-20.000000000000007
-0.22706134673541578,1.9285082875551738,-20.000000000000007
-0.2309711531267507,1.9116541230441984,-20.000000000000007
-0.23656220606574485,1.9152449917934842,-20.000000000000007
-0.24753253530646158,1.7989983898835673,-20.000000000000007
-0.24853099563335468,1.7791715595271107,-20.000000000000007
-0.2531994915135074,1.756842226038719,-20.000000000000007
-0.2527603644453234,1.7515370979857021,-20.000000000000007
-0.2535975437797336,1.7677482663024282,-20.000000000000007
-0.25359754377973354,1.7677482663024282,-20.000000000000007
-0.2553372520357342,1.767855612558387,-20.000000000000007
-0.2565640028177628,1.7702993837919776,-20.000000000000007
-0.26624231578130964,1.7644317828534666,-20.000000000000007
-0.26985375133576484,1.729933726443536,-20.000000000000007
-0.2800045674587978,1.5195794071231983,-20.000000000000007
-0.2812542142805309,1.523761926902312,-20.000000000000007
-0.27908581884652184,1.4629854224262329,-20.000000000000007
-0.28280340227417533,1.512832080374423,-20.000000000000007
-0.27790839685100754,1.5064756013616165,-20.000000000000007
-0.27908581884652184,1.4629854224262329,-20.000000000000007
-0.26554475678581557,1.7640050352116354,-20.000000000000007
-0.2790418615852196,1.465820985743795,-20.000000000000007
-0.2786779729120955,1.4793883314631036,-20.000000000000007
-0.2801598476979634,1.4819241385848265,-20.000000000000007
-0.2817766652843087,1.499972473468233,-20.000000000000007
-0.2845968356926818,1.5319198581045175,-20.000000000000007
-0.2949592039909286,1.591330542268543,-20.000000000000007
-0.29710780208589116,1.5849083976760716,-20.000000000000007
-0.3054493395984941,1.5083550434456754,-20.000000000000007
-0.30212152026981104,1.5362892984224135,-20.000000000000007
-0.30462254204042183,1.5064880932961242,-20.000000000000007
-0.29835577583996964,1.5732098626427766,-20.000000000000007
-0.297543022708441,1.5808659083819299,-20.000000000000007
-0.30155679187968176,1.5409427323476315,-20.000000000000007
-0.2970781697962118,1.5884726141870231,-20.000000000000007
-0.30736719822827274,1.5087945185321123,-20.000000000000007
-0.30460722906857296,1.5059960729035986,-20.000000000000007
-0.31286815820188707,1.5034078731482226,-20.000000000000007
-0.3009948583963467,1.5466343500334578,-20.000000000000007
-0.27908581884652184,1.462985422426233,-20.000000000000007
-0.2554054582827691,1.7680451672476831,-20.000000000000007
-0.2185133510658332,1.936339667920196,-20.000000000000007
-0.2040443086596288,1.7471900021231157,-20.000000000000007
-0.18842511370101278,1.5738540301251946,-20.000000000000007
-0.18226034594502283,1.575240624019803,-20.000000000000007
-0.17950911580190798,1.5810607140359072,-20.000000000000007
-0.1822603459450228,1.5752406240198034,-20.000000000000007
-0.1822603459450228,1.5752406240198031,-20.000000000000007
-0.19944106105329562,1.6817218920230794,-20.000000000000007
-0.22036530731212672,1.935112753283242,-20.000000000000007
-0.23570267157110542,1.9231586283911628,-20.000000000000007
-0.2502845554208488,1.7235141714337492,-20.000000000000007
-0.2590974388038697,1.778087262403556,-20.000000000000007
-0.2750422628648554,1.5996455967565741,-20.000000000000007
-0.2786560525090077,1.5085304747905453,-20.000000000000007
-0.27901052277628063,1.5403527312262346,-20.000000000000007
-0.27901449212847873,1.5407775477655277,-20.000000000000007
-0.27901490732479817,1.5407490615115353,-20.000000000000007
-0.28101632193123477,1.5066209984468277,-20.000000000000007
-0.2820303456214964,1.5279614064518479,-20.000000000000007
-0.28235121169618665,1.5077373236686635,-20.000000000000007
-0.27562117075517845,1.5720927022998592,-20.000000000000007
-0.2779634009078582,1.506401480561423,-20.000000000000007
-0.2549335022414257,1.771860896925751,-20.000000000000007
-0.2640443351563116,1.7598858800564576,-20.000000000000007
-0.2571237735630304,1.7708242970558317,-20.000000000000007
-0.26311686092271447,1.763322943722421,-20.000000000000007
-0.2645397981718718,1.7593873789892274,-20.000000000000007
-0.25624779452573093,1.768275408037107,-20.000000000000007
-0.2622244129079738,1.7669539857930756,-20.000000000000007
-0.25495066722021004,1.7719617873180042,-20.000000000000007
-0.25377152838888967,1.768221880044065,-20.000000000000007
-0.24987554506512769,1.737145473629053,-20.000000000000007
-0.24753611064781528,1.7981305890838024,-20.000000000000007
-0.24338853031189459,1.837601697632469,-20.000000000000007
-0.2309987143250381,1.9110800623980295,-20.000000000000007
-0.22745693797728467,1.9260292721451284,-20.000000000000007
-0.22165404893871923,1.9345421167973806,-20.000000000000007
-0.21898340119425475,1.9294106496791947,-20.000000000000007
-0.21898340119425477,1.9294106496791947,-20.000000000000007
-0.20438912631107453,1.746757119847901,-20.000000000000007
-0.2062195057358958,1.7693061823890075,-20.000000000000007
-0.18942453257317313,1.5791548760255547,-20.000000000000007
-0.19316194813994034,1.6117989308347909,-20.000000000000007
-0.18885818653230282,1.5776548930151266,-20.000000000000007
-0.18888897604606414,1.5748627885679038,-20.000000000000007
-0.18842511370101275,1.5738540301251949,-20.000000000000007
-0.18942453257317313,1.5791548760255547,-20.000000000000007
-0.1894245325731731,1.5791548760255547,-20.000000000000007
-0.19316194813994036,1.6117989308347909,-20.000000000000007
-0.1907950214096275,1.5908223011180223,-20.000000000000007
-0.1894245325731731,1.5791548760255547,-20.000000000000007
-0.18942453257317313,1.5791548760255547,-20.000000000000007
-0.19431926352746381,1.6245404054477754,-20.000000000000007
-0.19885325672563559,1.6783739635447605,-20.000000000000007
-0.2047365030509324,1.7580889424488186,-20.000000000000007
-0.20587468808445006,1.7697390646642215,-20.000000000000007
-0.2050813207023781,1.7576560601736044,-20.000000000000007
-0.20438912631107453,1.746757119847901,-20.000000000000007
-0.1990183180906803,1.6780788633052999,-20.000000000000007
-0.19585537949812196,1.6384858842004735,-20.000000000000007
-0.20437906386028282,1.7469160927090361,-20.000000000000007
-0.21155502850780178,1.8379045872965154,-20.000000000000007
-0.21297145694215708,1.8551211557628875,-20.000000000000007
-0.22088539733767873,1.9311452890383745,-20.000000000000007
-0.21248743473298978,1.8569242044846714,-20.000000000000007
-0.22088539733767873,1.9311452890383747,-20.000000000000007
-0.2124874347329898,1.8569242044846717,-20.000000000000007
-0.22117610000737897,1.937196569906587,-20.000000000000007
-0.22088539733767873,1.9311452890383747,-20.000000000000007
-0.22903447707550284,1.9276403862238336,-20.000000000000007
-0.23173800461227242,1.913286973414019,-20.000000000000007
-0.22959559270852004,1.9265005679165847,-20.000000000000007
-0.23246637703641987,1.9154094041285454,-20.000000000000007
-0.22963178776772736,1.9255344588075163,-20.000000000000007
-0.22903447707550284,1.9276403862238336,-20.000000000000007
-0.22903447707550287,1.927640386223834,-20.000000000000007
-0.2208853973376787,1.931145289038375,-20.000000000000007
-0.22028223899943522,1.9396231885002952,-20.000000000000007
-0.2124874347329898,1.8569242044846714,-20.000000000000007
-0.20438912631107456,1.7467571198479008,-20.000000000000007
-0.19944106105329562,1.6817218920230792,-20.000000000000007
-0.1894245325731731,1.5791548760255545,-20.000000000000007
-0.19267268447527963,1.6078003855443996,-20.000000000000007
-0.20438912631107456,1.746757119847901,-20.000000000000007
-0.2185133510658332,1.9363396679201963,-20.000000000000007
-0.21973920250494972,1.937701139422241,-20.000000000000007
-0.2185133510658332,1.936339667920196,-20.000000000000007
-0.20117245829941954,1.705762081239453,-20.000000000000007
-0.1822603459450228,1.575240624019803,-20.000000000000007
-0.1725928380286588,1.5472393109831906,-20.000000000000007
-0.14975414285615307,1.4356134548649337,-20.000000000000007
-0.13766089245675406,1.4109848407592605,-20.000000000000007
-0.13766033188648455,1.4110074467856226,-20.000000000000007
-0.13766089245675403,1.4109848407592605,-20.000000000000007
-0.14975414285615304,1.4356134548649337,-20.000000000000007
-0.16226514651890211,1.4799780943445655,-20.000000000000007
-0.17950911580190798,1.5810607140359074,-20.000000000000007
-0.1822603459450228,1.575240624019803,-20.000000000000007
-0.18837473412143405,1.573377960684116,-20.000000000000007
-0.18888897604606414,1.5748627885679038,-20.000000000000007
-0.18888897604606414,1.5748627885679038,-20.000000000000007
-0.1891192387649498,1.5756732257028956,-20.000000000000007
-0.1990183180906803,1.6780788633052999,-20.000000000000007
-0.1958503482727261,1.638565370631041,-20.000000000000007
-0.20463104650007657,1.7506837249301754,-20.000000000000007
-0.20437906386028287,1.746916092709036,-20.000000000000007
-0.2040443086596288,1.7471900021231153,-20.000000000000007
-0.19303815211615677,1.6120202560143866,-20.000000000000007
-0.18942453257317315,1.5791548760255547,-20.000000000000007
-0.18885818653230285,1.5776548930151266,-20.000000000000007
-0.18842511370101273,1.5738540301251949,-20.000000000000007
-0.18837473412143405,1.5733779606841163,-20.000000000000007
-0.18837473412143407,1.5733779606841163,-20.000000000000007
-0.18837473412143405,1.573377960684116,-20.000000000000007
-0.18226034594502277,1.575240624019803,-20.000000000000007
-0.18842511370101273,1.5738540301251946,-20.000000000000007
-0.18226034594502277,1.575240624019803,-20.000000000000007
-0.18842511370101273,1.5738540301251946,-20.000000000000007
-0.18110619219721427,1.5615965088310682,-20.000000000000007
-0.1822603459450228,1.575240624019803,-20.000000000000007
-0.1811061921972143,1.5615965088310684,-20.000000000000007
-0.18067000068203443,1.5594198148107745,-20.000000000000007
-0.18067000068203443,1.5594198148107745,-20.000000000000007
-0.179509115801908,1.5810607140359076,-20.000000000000007
-0.18067000068203443,1.5594198148107745,-20.000000000000007
-0.17917386072802038,1.5901780441278877,-20.000000000000007
-0.179509115801908,1.5810607140359072,-20.000000000000007
-0.17716407672167847,1.5760687284044745,-20.000000000000007
-0.17950911580190798,1.5810607140359072,-20.000000000000007
-0.17950911580190798,1.5810607140359074,-20.000000000000007
-0.179509115801908,1.5810607140359072,-20.000000000000007
-0.17950911580190804,1.5810607140359074,-20.000000000000007
-0.17917386072802038,1.5901780441278877,-20.000000000000007
-0.17933485877093766,1.5832655028315092,-20.000000000000007
-0.179509115801908,1.5810607140359072,-20.000000000000007
-0.17917386072802036,1.5901780441278879,-20.000000000000007
-0.1822603459450228,1.5752406240198031,-20.000000000000007
-0.179509115801908,1.5810607140359074,-20.000000000000007
-0.1822603459450228,1.5752406240198031,-20.000000000000007
-0.18110619219721427,1.5615965088310684,-20.000000000000007
-0.18837473412143407,1.573377960684116,-20.000000000000007
-0.18842511370101273,1.5738540301251946,-20.000000000000007
-0.18842511370101273,1.5738540301251949,-20.000000000000007
-0.18842511370101275,1.5738540301251949,-20.000000000000007
-0.18226034594502277,1.575240624019803,-20.000000000000007
-0.18226034594502277,1.575240624019803,-20.000000000000007
-0.180374903390968,1.5624216849117092,-20.000000000000007
-0.1811061921972143,1.5615965088310686,-20.000000000000007
-0.180374903390968,1.5624216849117096,-20.000000000000007
-0.18226034594502277,1.575240624019803,-20.000000000000007
-0.18226034594502277,1.575240624019803,-20.000000000000007
-0.18837473412143405,1.573377960684116,-20.000000000000007
-0.18250173051842533,1.5731434678747527,-20.000000000000007
-0.1822603459450228,1.575240624019803,-20.000000000000007
-0.18226034594502277,1.5752406240198031,-20.000000000000007
-0.18226034594502283,1.5752406240198031,-20.000000000000007
-0.1822603459450228,1.5752406240198031,-20.000000000000007
-0.1822603459450228,1.575240624019803,-20.000000000000007
-0.17950911580190798,1.5810607140359072,-20.000000000000007
-0.17950911580190798,1.5810607140359072,-20.000000000000007
-0.17716407672167844,1.5760687284044745,-20.000000000000007
-0.17917386072802038,1.5901780441278879,-20.000000000000007
-0.17825534106184446,1.5837285229747722,-20.000000000000007
-0.1754824483155792,1.566996165209496,-20.000000000000007
-0.17825534106184449,1.5837285229747722,-20.000000000000007
-0.17359964367809982,1.555262154034674,-20.000000000000007
-0.17337853243457835,1.5519365666422185,-20.000000000000007
-0.17259283802865877,1.5472393109831906,-20.000000000000007
-0.16015086704143036,1.4658572207674503,-20.000000000000007
-0.16015086704143033,1.4658572207674507,-20.000000000000007
-0.16015086704143036,1.4658572207674505,-20.000000000000007
-0.17917386072802036,1.5901780441278879,-20.000000000000007
-0.18067000068203443,1.5594198148107747,-20.000000000000007
-0.18837473412143405,1.573377960684116,-20.000000000000007
-0.18837473412143405,1.573377960684116,-20.000000000000007
-0.17933485877093763,1.5832655028315097,-20.000000000000007
-0.16491224342351887,1.496207927204433,-20.000000000000007
-0.13766089245675406,1.4109848407592605,-20.000000000000007
-0.13523645424514372,1.4956132648969092,-20.000000000000007
-0.13496593015556185,1.490400499773179,-20.000000000000007
-0.13225188883939853,1.5058494988029958,-20.000000000000007
-0.13496593015556185,1.4904004997731792,-20.000000000000007
-0.13496974848001755,1.490732776495604,-20.000000000000007
-0.13541503259313709,1.4948226663941324,-20.000000000000007
-0.13766089245675406,1.4109848407592605,-20.000000000000007
-0.1377468926182409,1.4138227263361496,-20.000000000000007
-0.1497541574130439,1.4356391577721637,-20.000000000000007
-0.15188571630985698,1.402262875380409,-20.000000000000007
-0.15280423597603296,1.4087123965335246,-20.000000000000007
-0.16015086704143036,1.4658572207674505,-20.000000000000007
-0.1622651465189021,1.479978094344565,-20.000000000000007
-0.1617536389502492,1.4767475548411566,-20.000000000000007
-0.16226514651890211,1.4799780943445655,-20.000000000000007
-0.17337853243457838,1.5519365666422185,-20.000000000000007
-0.1742675836248365,1.5596310191219986,-20.000000000000007
-0.17716407672167844,1.5760687284044748,-20.000000000000007
-0.179509115801908,1.5810607140359074,-20.000000000000007
-0.17694296547815702,1.5727431410120194,-20.000000000000007
-0.17917386072802036,1.5901780441278879,-20.000000000000007
-0.1723599823635926,1.5450335733037925,-20.000000000000007
-0.16491224342351887,1.4962079272044329,-20.000000000000007
-0.16175363895024922,1.4767475548411566,-20.000000000000007
-0.1509864912825978,1.3992341320455806,-20.000000000000007
-0.1509864912825978,1.3992341320455806,-20.000000000000007
-0.151885716309857,1.402262875380409,-20.000000000000007
-0.16175363895024922,1.4767475548411566,-20.000000000000007
-0.15188571630985698,1.4022628753804087,-20.000000000000007
-0.16175363895024922,1.4767475548411564,-20.000000000000007
-0.14975414285615307,1.4356134548649337,-20.000000000000007
-0.14975414285615307,1.4356134548649337,-20.000000000000007
-0.1377468926182409,1.4138227263361496,-20.000000000000007
-0.13766089245675406,1.4109848407592602,-20.000000000000007
-0.1363431436907083,1.4690918166037124,-20.000000000000007
-0.13559501490126288,1.4971204706629226,-20.000000000000007
-0.13559501490126286,1.4971204706629229,-20.000000000000007
-0.13607296571720057,1.4831686616984472,-20.000000000000007
-0.13523645424514366,1.4956132648969094,-20.000000000000007
-0.13541503259313706,1.4948226663941326,-20.000000000000007
-0.13497852537538713,1.488736841191032,-20.000000000000007
-0.13496593015556185,1.490400499773179,-20.000000000000007
-0.13496593015556188,1.4904004997731792,-20.000000000000007
-0.13496593015556188,1.490400499773179,-20.000000000000007
-0.13496593015556185,1.490400499773179,-20.000000000000007
-0.13162334867738157,1.5125531912026637,-20.000000000000007
-0.13162334867738157,1.5125531912026637,-20.000000000000007
-0.13160506288298884,1.5132325960306732,-20.000000000000007
-0.13160506288298887,1.5132325960306732,-20.000000000000007
-0.13162334867738157,1.5125531912026637,-20.000000000000007
-0.1316233486773816,1.5125531912026635,-20.000000000000007
-0.13225188883939853,1.505849498802996,-20.000000000000007
-0.13496593015556185,1.4904004997731792,-20.000000000000007
-0.13496593015556188,1.490400499773179,-20.000000000000007
-0.13496593015556188,1.4904004997731792,-20.000000000000007
-0.1322518888393985,1.5058494988029958,-20.000000000000007
-0.13225188883939853,1.505849498802996,-20.000000000000007
-0.13225188883939853,1.505849498802996,-20.000000000000007
-0.13496593015556188,1.490400499773179,-20.000000000000007
-0.13541503259313709,1.4948226663941324,-20.000000000000007
-0.13634314369070832,1.4690918166037121,-20.000000000000007
-0.13766089245675406,1.4109848407592605,-20.000000000000007
-0.13766089245675403,1.4109848407592605,-20.000000000000007
-0.13559501490126286,1.4971204706629226,-20.000000000000007
-0.13541503259313709,1.4948226663941329,-20.000000000000007
-0.1350079976204999,1.4901723146345818,-20.000000000000007
-0.134987587169906,1.4902841828006377,-20.000000000000007
-0.13496593015556185,1.4904004997731792,-20.000000000000007
-0.13496593015556185,1.4904004997731792,-20.000000000000007
-0.13434189990028764,1.4942024153350566,-20.000000000000007
-0.13162334867738157,1.512553191202664,-20.000000000000007
-0.1316233486773816,1.5125531912026637,-20.000000000000007
-0.13162334867738157,1.512553191202664,-20.000000000000007
-0.1316233486773816,1.512553191202664,-20.000000000000007
-0.1316233486773816,1.5125531912026637,-20.000000000000007
-0.13160506288298884,1.513232596030673,-20.000000000000007
-0.1296237382480963,1.5255562980702628,-20.000000000000007
-0.1296237382480963,1.525556298070263,-20.000000000000007
-0.12962373824809628,1.525556298070263,-20.000000000000007
-0.1296237382480963,1.525556298070263,-20.000000000000007
-0.13523645424514372,1.4956132648969094,-20.000000000000007
-0.1489623238983579,1.4412504362146568,-20.000000000000007
-0.16226514651890211,1.479978094344565,-20.000000000000007
-0.17917386072802038,1.5901780441278879,-20.000000000000007
-0.1617536389502492,1.4767475548411566,-20.000000000000007
-0.14969871320520375,1.4376750065870232,-20.000000000000007
-0.1363431436907083,1.4690918166037121,-20.000000000000007
-0.13496974848001755,1.490732776495604,-20.000000000000007
-0.13162334867738157,1.5125531912026637,-20.000000000000007
-0.12684286767579067,1.5197244813100856,-20.000000000000007
-0.12540407940220547,1.5225030507157356,-20.000000000000007
-0.12540407940220547,1.5225030507157356,-20.000000000000007
-0.1254040794022055,1.5225030507157356,-20.000000000000007
-0.1254040794022055,1.5225030507157358,-20.000000000000007
-0.12540407940220547,1.5225030507157356,-20.000000000000007
-0.12540407940220547,1.5225030507157356,-20.000000000000007
-0.12540407940220547,1.5225030507157353,-20.000000000000007
-0.1254040794022055,1.5225030507157356,-20.000000000000007
-0.12405129492932987,1.528123060355657,-20.000000000000007
-0.12405129492932987,1.528123060355657,-20.000000000000007
-0.12405129492932988,1.5281230603556573,-20.000000000000007
-0.12540407940220547,1.5225030507157353,-20.000000000000007
-0.12962373824809628,1.5255562980702633,-20.000000000000007
-0.1352364542451437,1.4956132648969094,-20.000000000000007
-0.13766089245675403,1.4109848407592605,-20.000000000000007
-0.14975415741304388,1.4356391577721637,-20.000000000000007
-0.13766089245675406,1.4109848407592605,-20.000000000000007
-0.13559501490126286,1.4971204706629226,-20.000000000000007
-0.1352364542451437,1.4956132648969094,-20.000000000000007
-0.13559501490126286,1.4971204706629226,-20.000000000000007
-0.13559501490126288,1.4971204706629226,-20.000000000000007
-0.13523645424514372,1.4956132648969094,-20.000000000000007
-0.13162334867738157,1.512553191202664,-20.000000000000007
-0.12962373824809628,1.525556298070263,-20.000000000000007
-0.1296237382480963,1.5255562980702628,-20.000000000000007
-0.13162334867738157,1.5125531912026637,-20.000000000000007
-0.13225188883939853,1.5058494988029958,-20.000000000000007
-0.1296237382480963,1.525556298070263,-20.000000000000007
-0.1296237382480963,1.5255562980702628,-20.000000000000007
-0.12962373824809628,1.525556298070263,-20.000000000000007
-0.13160506288298884,1.5132325960306732,-20.000000000000007
-0.1316233486773816,1.5125531912026635,-20.000000000000007
-0.12962373824809628,1.5255562980702628,-20.000000000000007
-0.12684286767579064,1.5197244813100856,-20.000000000000007
-0.13162334867738157,1.5125531912026637,-20.000000000000007
-0.13559501490126286,1.4971204706629226,-20.000000000000007
-0.13766089245675406,1.4109848407592605,-20.000000000000007
-0.14969871320520373,1.4376750065870232,-20.000000000000007
-0.13634314369070832,1.4690918166037121,-20.000000000000007
-0.13523645424514372,1.4956132648969094,-20.000000000000007
-0.13496593015556185,1.490400499773179,-20.000000000000007
-0.13225188883939853,1.5058494988029958,-20.000000000000007
-0.13160506288298884,1.5132325960306732,-20.000000000000007
-0.12684286767579067,1.5197244813100859,-20.000000000000007
-0.12540407940220547,1.5225030507157356,-20.000000000000007
-0.12540407940220547,1.5225030507157356,-20.000000000000007
-0.12540407940220547,1.5225030507157358,-20.000000000000007
-0.1254040794022055,1.5225030507157356,-20.000000000000007
-0.12540407940220547,1.5225030507157356,-20.000000000000007
-0.12540407940220547,1.5225030507157353,-20.000000000000007
-0.12405129492932987,1.5281230603556573,-20.000000000000007
-0.1254040794022055,1.5225030507157356,-20.000000000000007
-0.1254040794022055,1.5225030507157356,-20.000000000000007
-0.12540407940220547,1.5225030507157356,-20.000000000000007
-0.12540407940220547,1.5225030507157356,-20.000000000000007
-0.12684286767579064,1.5197244813100856,-20.000000000000007
-0.13496593015556185,1.490400499773179,-20.000000000000007
-0.13774689261824094,1.4138227263361494,-20.000000000000007
-0.1617536389502492,1.4767475548411564,-20.000000000000007
-0.17716407672167847,1.5760687284044748,-20.000000000000007
-0.17694296547815702,1.5727431410120192,-20.000000000000007
-0.15188571630985698,1.4022628753804087,-20.000000000000007
-0.14975414285615307,1.435613454864934,-20.000000000000007
-0.13766089245675406,1.4109848407592605,-20.000000000000007
-0.13559501490126286,1.4971204706629224,-20.000000000000007
-0.1352364542451437,1.4956132648969092,-20.000000000000007
-0.13496593015556185,1.4904004997731792,-20.000000000000007
-0.13496593015556185,1.490400499773179,-20.000000000000007
-0.13225188883939853,1.5058494988029958,-20.000000000000007
-0.1316233486773816,1.5125531912026637,-20.000000000000007
-0.1296237382480963,1.525556298070263,-20.000000000000007
-0.12684286767579064,1.5197244813100856,-20.000000000000007
-0.1254040794022055,1.5225030507157353,-20.000000000000007
-0.12540407940220547,1.522503050715735,-20.000000000000007
-0.1254040794022055,1.5225030507157356,-20.000000000000007
-0.12540407940220547,1.5225030507157356,-20.000000000000007
-0.12540407940220547,1.5225030507157356,-20.000000000000007
-0.13500799762049986,1.4901723146345818,-20.000000000000007
-0.13774689261824094,1.4138227263361496,-20.000000000000007
-0.17694296547815702,1.5727431410120194,-20.000000000000007
-0.1822603459450228,1.5752406240198031,-20.000000000000007
-0.17825534106184446,1.5837285229747724,-20.000000000000007
-0.16226514651890211,1.4799780943445653,-20.000000000000007
-0.13774689261824094,1.4138227263361496,-20.000000000000007
-0.13541503259313706,1.4948226663941329,-20.000000000000007
-0.13496593015556185,1.4904004997731795,-20.000000000000007
-0.13477851668463559,1.493063189381522,-20.000000000000007
-0.13162334867738157,1.512553191202664,-20.000000000000007
-0.1316233486773816,1.5125531912026637,-20.000000000000007
-0.13496593015556185,1.4904004997731792,-20.000000000000007
-0.13496593015556188,1.4904004997731792,-20.000000000000007
-0.13225188883939853,1.5058494988029958,-20.000000000000007
-0.1296237382480963,1.525556298070263,-20.000000000000007
-0.12684286767579064,1.5197244813100856,-20.000000000000007
-0.12540407940220547,1.5225030507157356,-20.000000000000007
-0.1254040794022055,1.5225030507157353,-20.000000000000007
-0.12540407940220547,1.5225030507157356,-20.000000000000007
-0.1254040794022055,1.522503050715735,-20.000000000000007
-0.12540407940220547,1.5225030507157356,-20.000000000000007
-0.13160506288298887,1.5132325960306732,-20.000000000000007
-0.13500799762049986,1.4901723146345818,-20.000000000000007
-0.13766089245675403,1.4109848407592602,-20.000000000000007
-0.16226514651890211,1.4799780943445653,-20.000000000000007
-0.17259283802865874,1.5472393109831906,-20.000000000000007
-0.16015086704143036,1.4658572207674505,-20.000000000000007
-0.14969871320520373,1.437675006587023,-20.000000000000007
-0.1363431436907083,1.4690918166037121,-20.000000000000007
-0.13505647193701792,1.4933154606281196,-20.000000000000007
-0.13500799762049986,1.4901723146345816,-20.000000000000007
-0.13500799762049986,1.4901723146345818,-20.000000000000007
-0.13500799762049986,1.4901723146345818,-20.000000000000007
-0.13500799762049986,1.4901723146345818,-20.000000000000007
-0.13505647193701795,1.4933154606281192,-20.000000000000007
-0.13523645424514372,1.4956132648969094,-20.000000000000007
-0.1352364542451437,1.4956132648969094,-20.000000000000007
-0.13496593015556185,1.490400499773179,-20.000000000000007
-0.1316233486773816,1.512553191202664,-20.000000000000007
-0.12962373824809628,1.5255562980702628,-20.000000000000007
-0.1254040801820389,1.5225047004235046,-20.000000000000007
-0.12540407940220547,1.5225030507157353,-20.000000000000007
-0.12540407940220547,1.5225030507157353,-20.000000000000007
-0.1254040794022055,1.5225030507157353,-20.000000000000007
-0.13559501490126286,1.4971204706629226,-20.000000000000007
-0.151885716309857,1.402262875380409,-20.000000000000007
-0.17716407672167844,1.5760687284044748,-20.000000000000007
-0.18037490339096798,1.5624216849117096,-20.000000000000007
-0.14969871320520373,1.437675006587023,-20.000000000000007
-0.1352364542451437,1.4956132648969094,-20.000000000000007
-0.13496593015556185,1.490400499773179,-20.000000000000007
-0.1296237382480963,1.525556298070263,-20.000000000000007
-0.12684286767579064,1.5197244813100856,-20.000000000000007
-0.1254040794022055,1.5225030507157356,-20.000000000000007
-0.13559501490126288,1.4971204706629226,-20.000000000000007
-0.16270023080057264,1.4821412217524914,-20.000000000000007
-0.18226034594502277,1.575240624019803,-20.000000000000007
-0.18885818653230282,1.5776548930151266,-20.000000000000007
-0.17933485877093766,1.5832655028315092,-20.000000000000007
-0.15280423597603296,1.4087123965335242,-20.000000000000007
-0.13766089245675406,1.4109848407592605,-20.000000000000007
-0.1352364542451437,1.4956132648969092,-20.000000000000007
-0.13496593015556185,1.490400499773179,-20.000000000000007
-0.13162334867738157,1.5125531912026637,-20.000000000000007
-0.13160506288298884,1.5132325960306734,-20.000000000000007
-0.13496974848001758,1.4907327764956038,-20.000000000000007
-0.1377468926182409,1.4138227263361496,-20.000000000000007
-0.15921534466681123,1.4594263141425161,-20.000000000000007
-0.17716407672167844,1.5760687284044745,-20.000000000000007
-0.1627002308005726,1.4821412217524916,-20.000000000000007
-0.1489623238983579,1.4412504362146572,-20.000000000000007
-0.13766089245675406,1.4109848407592605,-20.000000000000007
-0.13523645424514372,1.4956132648969094,-20.000000000000007
-0.13500799762049986,1.4901723146345818,-20.000000000000007
-0.13496593015556185,1.490400499773179,-20.000000000000007
-0.13496593015556185,1.490400499773179,-20.000000000000007
-0.13500799762049986,1.4901723146345816,-20.000000000000007
-0.13523645424514372,1.4956132648969094,-20.000000000000007
-0.13523645424514372,1.4956132648969094,-20.000000000000007
-0.13523645424514372,1.4956132648969094,-20.000000000000007
-0.13523645424514372,1.4956132648969094,-20.000000000000007
-0.13559501490126286,1.4971204706629224,-20.000000000000007
-0.13634314369070832,1.469091816603712,-20.000000000000007
-0.1363431436907083,1.469091816603712,-20.000000000000007
-0.13626488909486958,1.477604195252314,-20.000000000000007
-0.13505647193701792,1.4933154606281194,-20.000000000000007
-0.13559501490126288,1.4971204706629224,-20.000000000000007
-0.13774689261824094,1.4138227263361496,-20.000000000000007
-0.16015086704143036,1.4658572207674505,-20.000000000000007
-0.17950911580190798,1.5810607140359072,-20.000000000000007
-0.17716407672167847,1.5760687284044748,-20.000000000000007
-0.16226514651890211,1.4799780943445653,-20.000000000000007
-0.14975414285615304,1.435613454864934,-20.000000000000007
-0.13559501490126288,1.4971204706629224,-20.000000000000007
-0.13500799762049986,1.4901723146345816,-20.000000000000007
-0.13496593015556188,1.4904004997731792,-20.000000000000007
-0.1316233486773816,1.512553191202664,-20.000000000000007
-0.13162334867738157,1.512553191202664,-20.000000000000007
-0.13162334867738157,1.5125531912026637,-20.000000000000007
-0.13496593015556188,1.490400499773179,-20.000000000000007
-0.13498758716990603,1.4902841828006381,-20.000000000000007
-0.13541503259313706,1.4948226663941324,-20.000000000000007
-0.13766089245675403,1.4109848407592602,-20.000000000000007
-0.1489623238983579,1.441250436214657,-20.000000000000007
-0.14969871320520375,1.4376750065870232,-20.000000000000007
-0.14969871320520375,1.4376750065870234,-20.000000000000007
-0.1377468926182409,1.4138227263361496,-20.000000000000007
-0.13766089245675403,1.4109848407592605,-20.000000000000007
-0.1377468926182409,1.4138227263361496,-20.000000000000007
-0.14975414285615304,1.4356134548649342,-20.000000000000007
-0.15098649128259778,1.3992341320455806,-20.000000000000007
-0.16015086704143033,1.4658572207674505,-20.000000000000007
-0.14975415741304388,1.4356391577721634,-20.000000000000007
-0.1377468926182409,1.4138227263361496,-20.000000000000007
-0.13634314369070832,1.469091816603712,-20.000000000000007
-0.13559501490126288,1.4971204706629226,-20.000000000000007
-0.13559501490126288,1.4971204706629226,-20.000000000000007
-0.1352364542451437,1.4956132648969092,-20.000000000000007
-0.13523645424514372,1.4956132648969092,-20.000000000000007
-0.13523645424514372,1.4956132648969094,-20.000000000000007
-0.1352364542451437,1.4956132648969094,-20.000000000000007
-0.1350079976204999,1.4901723146345818,-20.000000000000007
-0.1350079976204999,1.4901723146345818,-20.000000000000007
-0.13496593015556185,1.4904004997731792,-20.000000000000007
-0.13496593015556188,1.4904004997731792,-20.000000000000007
-0.13496593015556185,1.490400499773179,-20.000000000000007
-0.13496593015556188,1.490400499773179,-20.000000000000007
-0.13496593015556185,1.4904004997731792,-20.000000000000007
-0.13496593015556188,1.4904004997731792,-20.000000000000007
-0.13559501490126286,1.4971204706629224,-20.000000000000007
-0.18911923876494982,1.5756732257028958,-20.000000000000007
-0.24753611064781525,1.7981305890838026,-20.000000000000007
-0.2707337235426754,1.714781049842565,-20.000000000000007
-0.3315334300932417,1.4994534657907905,-20.000000000000007
-0.3568684146157755,1.4984861520501038,-20.000000000000007
-0.3925586871514286,1.5027051889708603,-20.000000000000007
-0.42939979586098076,1.411149387470859,-20.000000000000007
-0.45629253470261943,1.3823020042610812,-20.000000000000007
-0.4639338749619758,1.3472332067786725,-20.000000000000007
-0.4564512934538203,1.3818075670975076,-20.000000000000007
-0.47269269340256337,1.3354211921310737,-20.000000000000007
-0.44164049424241336,1.434330944059469,-20.000000000000007
-0.4253850919943788,1.432089157081478,-20.000000000000007
-0.4000034522616736,1.4960335559100115,-20.000000000000007
-0.3390915275751789,1.5000552900155983,-20.000000000000007
-0.2937683133296457,1.597067583638435,-20.000000000000007
-0.2500036796922421,1.7348115636756964,-20.000000000000007
-0.24983746969752973,1.7350726326056742,-20.000000000000007
-0.2549620868411279,1.771807764152899,-20.000000000000007
-0.2877167412565339,1.565502169224775,-20.000000000000007
-0.30429028108827877,1.5068974851614165,-20.000000000000007
-0.316919487752533,1.498188198667008,-20.000000000000007
-0.3097056597871251,1.5050844263574914,-20.000000000000007
-0.2974970380589126,1.580961970014528,-20.000000000000007
-0.2845968356926818,1.5319198581045177,-20.000000000000007
-0.2824773094633478,1.5068376726865906,-20.000000000000007
-0.2871166501006802,1.5498945121053427,-20.000000000000007
-0.3040593580291832,1.5080502975259522,-20.000000000000007
-0.3182372903189627,1.4971833337326208,-20.000000000000007
-0.3360151014791065,1.5001244185501914,-20.000000000000007
-0.3535141518663124,1.4998824233964303,-20.000000000000007
-0.3619152066827952,1.4982028825644298,-20.000000000000007
-0.38260034339797383,1.504428557288977,-20.000000000000007
-0.3726769590468132,1.4939637618027053,-20.000000000000007
-0.39701044554888154,1.4981704823680528,-20.000000000000007
-0.381930102498524,1.4991494434658343,-20.000000000000007
-0.40502313709744453,1.5011230820308072,-20.000000000000007
-0.39846287655355717,1.4983592577913236,-20.000000000000007
-0.4128505437954357,1.4980930622192081,-20.000000000000007
-0.40917315090360773,1.501436291063757,-20.000000000000007
-0.4100935649151762,1.4968339322623074,-20.000000000000007
-0.4152506264440766,1.5059835772902908,-20.000000000000007
-0.4049323353715092,1.4993543488894279,-20.000000000000007
-0.3996441299032441,1.4940097735596987,-20.000000000000007
-0.3315021733641413,1.4994560460789317,-20.000000000000007
-0.31120513147931494,1.4995131876192795,-20.000000000000007
-0.2452776421772323,1.8236949821295778,-20.000000000000007
-0.26697337105993435,1.76450905065818,-20.000000000000007
-0.29419785780454677,1.5960599127828299,-20.000000000000007
-0.3383716700223659,1.5015221400126566,-20.000000000000007
-0.38185852275702337,1.4993206572335314,-20.000000000000007
-0.40386205563430555,1.4961416583224425,-20.000000000000007
-0.4211780881555435,1.4607407117385316,-20.000000000000007
-0.44562179576332084,1.438336267572611,-20.000000000000007
-0.455819063119976,1.380522938373343,-20.000000000000007
-0.45618095639429124,1.3792211755370718,-20.000000000000007
-0.44654139341925214,1.4379643507750814,-20.000000000000007
-0.4181056487135466,1.5043164282625454,-20.000000000000007
-0.386636301375808,1.5013978292749026,-20.000000000000007
-0.35650989368242203,1.5000203414809028,-20.000000000000007
-0.33473259607374456,1.4991732674660696,-20.000000000000007
-0.3092742469775259,1.5058506198337378,-20.000000000000007
-0.2945137142292329,1.5984260758474431,-20.000000000000007
-0.2825098217916384,1.5348267451970627,-20.000000000000007
-0.2880864982412632,1.573406706276798,-20.000000000000007
-0.2914781792999134,1.5883460510202578,-20.000000000000007
-0.25901590565828647,1.7769500272745358,-20.000000000000007
-0.2567799843169308,1.7718874768254966,-20.000000000000007
-0.22638606166750125,1.93139373774405,-20.000000000000007
-0.23440823261138902,1.9331740021179948,-20.000000000000007
-0.2567799843169308,1.7718874768254969,-20.000000000000007
-0.28215092996625274,1.5056957729810945,-20.000000000000007
-0.29029078433949446,1.577034525496943,-20.000000000000007
-0.31218822155953874,1.5032968341767172,-20.000000000000007
-0.3211046053344249,1.5003642161893949,-20.000000000000007
-0.3432551872182276,1.4988758660356003,-20.000000000000007
-0.3481137225913912,1.5001455105607708,-20.000000000000007
-0.31989770801914214,1.4985594974261094,-20.000000000000007
-0.3232108689791302,1.500155002422595,-20.000000000000007
-0.27904186158521965,1.465820985743795,-20.000000000000007
-0.3127434769692858,1.502617373778759,-20.000000000000007
-0.31865023985707586,1.495921985793656,-20.000000000000007
-0.35456505849385955,1.4995104346281924,-20.000000000000007
-0.3630401924894957,1.4991776171890305,-20.000000000000007
-0.3720050170923531,1.49423434223707,-20.000000000000007
-0.37703425498521564,1.4928029165439,-20.000000000000007
-0.3497209223140686,1.5003276153389629,-20.000000000000007
-0.3395800960995625,1.499039408479345,-20.000000000000007
-0.29846563552537325,1.573230949391557,-20.000000000000007
-0.28621836386290783,1.566104825853512,-20.000000000000007
-0.29428086603757053,1.5991142759508912,-20.000000000000007
-0.3413486394333716,1.4984118479321564,-20.000000000000007
-0.38164778849711356,1.498900179738704,-20.000000000000007
-0.42164399041489575,1.455434926212857,-20.000000000000007
-0.45575212195773535,1.3791556669418426,-20.000000000000007
-0.4564512934538203,1.3818075670975076,-20.000000000000007
-0.4717916628009514,1.3376462067233452,-20.000000000000007
-0.4732343712972281,1.3349781051317464,-20.000000000000007
-0.46124612274080456,1.3683552353866086,-20.000000000000007
-0.4784796664305812,1.3509523370295422,-20.000000000000007
-0.46425423391748016,1.346404803855187,-20.000000000000007
-0.475406322056866,1.3384794084075429,-20.000000000000007
-0.46400000717699696,1.3481165939858704,-20.000000000000007
-0.45629253470261943,1.3823020042610812,-20.000000000000007
-0.4315658400321888,1.404346731601021,-20.000000000000007
-0.41895352255374985,1.4979991861952324,-20.000000000000007
-0.4157939336057511,1.5100231757163738,-20.000000000000007
-0.4119258838507432,1.4973456357072448,-20.000000000000007
-0.3926550849621131,1.5023949703342347,-20.000000000000007
-0.33326342745222653,1.4974072942664223,-20.000000000000007
-0.3021215202698111,1.5362892984224135,-20.000000000000007
-0.22595826031529193,1.9324263488581668,-20.000000000000007
-0.22903447707550287,1.9276403862238336,-20.000000000000007
-0.24527764217723233,1.8236949821295778,-20.000000000000007
-0.2643004652752579,1.7598375359401588,-20.000000000000007
-0.26559219912275106,1.7637377107746064,-20.000000000000007
-0.29098643582990674,1.5839273016702227,-20.000000000000007
-0.29121715533622855,1.584535802106468,-20.000000000000007
-0.31325015720728666,1.503196624367272,-20.000000000000007
-0.33481915339616664,1.4983365274003935,-20.000000000000007
-0.32556665399638657,1.4986845122059511,-20.000000000000007
-0.3606410512947724,1.4987363414971306,-20.000000000000007
-0.3356354680300695,1.4988866412947983,-20.000000000000007
-0.3574837979316732,1.5019017919891908,-20.000000000000007
-0.3482580913686028,1.5010456361749527,-20.000000000000007
-0.37278542991385033,1.4932819519758085,-20.000000000000007
-0.3704707140719725,1.4991898564902972,-20.000000000000007
-0.4047414281168096,1.4968135723106653,-20.000000000000007
-0.4131120717914658,1.498876202790738,-20.000000000000007
-0.41510362322704697,1.505867729866425,-20.000000000000007
-0.41285297096202445,1.4977885338169057,-20.000000000000007
-0.3434916438547089,1.4999133355738792,-20.000000000000007
-0.32831757409058626,1.5001194253124959,-20.000000000000007
-0.25524064328010465,1.7695258837127659,-20.000000000000007
-0.27947937043403426,1.468697576712997,-20.000000000000007
-0.3020716976375257,1.537042363799272,-20.000000000000007
-0.3249808741021152,1.4998402197193306,-20.000000000000007
-0.36114040037631956,1.4972705279852974,-20.000000000000007
-0.38440678557547897,1.4973970217230705,-20.000000000000007
-0.4035180651261928,1.4974620463219723,-20.000000000000007
-0.41311207179146575,1.4988762027907383,-20.000000000000007
-0.4355547524675043,1.4045762031157059,-20.000000000000007
-0.4470479035552915,1.4324397229254875,-20.000000000000007
-0.4749255439547997,1.3445920567459673,-20.000000000000007
-0.4735051099709775,1.3420282227855056,-20.000000000000007
-0.46129074260058434,1.3718934039857618,-20.000000000000007
-0.42939979586098076,1.411149387470859,-20.000000000000007
-0.4034948620270723,1.497226312285433,-20.000000000000007
-0.39068557623349703,1.5028921958945594,-20.000000000000007
-0.37227577142775753,1.4944246863007316,-20.000000000000007
-0.3722757714277576,1.4944246863007318,-20.000000000000007
-0.3719280913326924,1.4947132583420786,-20.000000000000007
-0.3489300549649494,1.5003105259699845,-20.000000000000007
-0.31829543196254073,1.497144827798164,-20.000000000000007
-0.2786779729120955,1.4793883314631033,-20.000000000000007
-0.23855890206251495,1.8958163973073705,-20.000000000000007
-0.22959559270852006,1.9265005679165847,-20.000000000000007
-0.2560323469525233,1.7677169602188452,-20.000000000000007
-0.27686892547354014,1.5332495441711373,-20.000000000000007
-0.289858468531514,1.5753683835240215,-20.000000000000007
-0.30549031958570316,1.5083753720940727,-20.000000000000007
-0.3135993511133965,1.5036198554774676,-20.000000000000007
-0.32637143383789324,1.4987721527305315,-20.000000000000007
-0.3255565599501557,1.4987192020875513,-20.000000000000007
-0.33113637274997076,1.4984651452603566,-20.000000000000007
-0.33859206937543795,1.5011338013187325,-20.000000000000007
-0.3412285996560529,1.4990279298404467,-20.000000000000007
-0.36081033217608344,1.498679619481994,-20.000000000000007
-0.3590752123300582,1.4988517744874352,-20.000000000000007
-0.38061925587577045,1.4995756018307658,-20.000000000000007
-0.3778199851335011,1.4938900734287497,-20.000000000000007
-0.39385576558738733,1.5008508299496466,-20.000000000000007
-0.40386808530644625,1.4923228234903876,-20.000000000000007
-0.4029092816544045,1.4957663447215013,-20.000000000000007
-0.3906855762334971,1.5028921958945596,-20.000000000000007
-0.3356548279422634,1.4994030813770323,-20.000000000000007
-0.31640416362217294,1.497505917151043,-20.000000000000007
-0.2796591155103296,1.5270931050342678,-20.000000000000007
-0.32425696019924943,1.4998065683095076,-20.000000000000007
-0.35769078414961597,1.4982579125990385,-20.000000000000007
-0.4044607691169124,1.4947754180251849,-20.000000000000007
-0.4557521219577353,1.3791556669418428,-20.000000000000007
-0.4524892298389469,1.397164814443227,-20.000000000000007
-0.4706826282662673,1.3405569012402885,-20.000000000000007
-0.4850033218528451,1.3539792118014353,-20.000000000000007
-0.47681013025173996,1.3413995308197786,-20.000000000000007
-0.4913473224970273,1.3853849883606646,-20.000000000000007
-0.4823267494538097,1.365427437258156,-20.000000000000007
-0.46108233276420796,1.3782962695249679,-20.000000000000007
-0.4407074539476543,1.428337770843198,-20.000000000000007
-0.4260163889975704,1.4220244127862136,-20.000000000000007
-0.409170968474746,1.5010474970012597,-20.000000000000007
-0.3938557655873873,1.5008508299496464,-20.000000000000007
-0.3816477884971135,1.4989001797387038,-20.000000000000007
-0.387732105581318,1.5000306311518563,-20.000000000000007
-0.3878458599498681,1.5008702401019731,-20.000000000000007
-0.3463232025040206,1.4944625705179604,-20.000000000000007
-0.317547819357845,1.4977287325791424,-20.000000000000007
-0.24753611064781528,1.7981305890838024,-20.000000000000007
-0.21931127683429322,1.934614313986411,-20.000000000000007
-0.21851335106583322,1.936339667920196,-20.000000000000007
-0.2567547859489736,1.7713705758462701,-20.000000000000007
-0.27844904081650607,1.4869524381668997,-20.000000000000007
-0.29690535609071605,1.5870492068066964,-20.000000000000007
-0.3112069070950666,1.4998640659606417,-20.000000000000007
-0.3219149355437706,1.499552407196377,-20.000000000000007
-0.3379534335872151,1.4998597611847568,-20.000000000000007
-0.33988129262716166,1.4997980466899805,-20.000000000000007
-0.3532610137245688,1.5006238008907236,-20.000000000000007
-0.34981173668641896,1.5006290033384402,-20.000000000000007
-0.3609981848492019,1.4977261229051917,-20.000000000000007
-0.3609407038788876,1.4973720029388975,-20.000000000000007
-0.3727854299138503,1.4932819519758087,-20.000000000000007
-0.37731442028556056,1.4973774965246298,-20.000000000000007
-0.38289406285332794,1.4989909658380889,-20.000000000000007
-0.39207112573319014,1.504830719174858,-20.000000000000007
-0.39043347076993684,1.5017444971960299,-20.000000000000007
-0.39043347076993684,1.50174449719603,-20.000000000000007
-0.35787369768916893,1.4995304542573757,-20.000000000000007
-0.3213020827061457,1.5000164448957665,-20.000000000000007
-0.2817879916501447,1.4999219417366931,-20.000000000000007
-0.2560323469525233,1.7677169602188454,-20.000000000000007
-0.2790858188465218,1.4629854224262329,-20.000000000000007
-0.3090730473186497,1.5076237977683649,-20.000000000000007
-0.3620616246348298,1.4978489587116282,-20.000000000000007
-0.38803716290505125,1.5019912167987393,-20.000000000000007
-0.4188924311170841,1.4917779217500995,-20.000000000000007
-0.44771471469312696,1.429296002504026,-20.000000000000007
-0.4465853482110818,1.4350800796751022,-20.000000000000007
-0.4612461227408046,1.3683552353866086,-20.000000000000007
-0.4743634179175917,1.3388304258744383,-20.000000000000007
-0.456630488650063,1.3992890034235714,-20.000000000000007
-0.4584235842382256,1.3983022090231516,-20.000000000000007
-0.4389604339733414,1.4280972412565358,-20.000000000000007
-0.41127224364476833,1.4967986655448413,-20.000000000000007
-0.40011116240119216,1.493261440858923,-20.000000000000007
-0.37753555385181425,1.4932946148073059,-20.000000000000007
-0.3916287455248345,1.5034883926839786,-20.000000000000007
-0.4068816327020164,1.4996860993427672,-20.000000000000007
-0.382477170461107,1.5041332660194566,-20.000000000000007
-0.34771146629928806,1.49990656033876,-20.000000000000007
-0.2963409934099759,1.589913430853709,-20.000000000000007
-0.21248743473298976,1.8569242044846714,-20.000000000000007
-0.2208853973376787,1.931145289038375,-20.000000000000007
-0.23366014502314353,1.9309227346713127,-20.000000000000007
-0.2787179506508717,1.4762737898130434,-20.000000000000007
-0.2801597320551632,1.481664512680936,-20.000000000000007
-0.3071821076049665,1.5118522251275395,-20.000000000000007
-0.3104262453442375,1.5020126934111546,-20.000000000000007
-0.32028761576993064,1.499978158351574,-20.000000000000007
-0.32637143383789324,1.4987721527305315,-20.000000000000007
-0.3223474351995148,1.4984167682736664,-20.000000000000007
-0.3240703682614469,1.5004050334805528,-20.000000000000007
-0.3285495122820539,1.4984659624380572,-20.000000000000007
-0.33454762806137517,1.497262180030837,-20.000000000000007
-0.3443927487153412,1.4973076940338461,-20.000000000000007
-0.3606926524509383,1.4982508661583123,-20.000000000000007
-0.36337124380625097,1.4991550860764171,-20.000000000000007
-0.3775935112678659,1.4931505730589636,-20.000000000000007
-0.3845548105042842,1.500393922701402,-20.000000000000007
-0.3980360211393079,1.4964092269565543,-20.000000000000007
-0.3845043241525107,1.5005548585703061,-20.000000000000007
-0.3722623228426999,1.494199533563668,-20.000000000000007
-0.3395442453855576,1.4988578079203703,-20.000000000000007
-0.3174965268451319,1.4992559234605045,-20.000000000000007
-0.3299292603273045,1.4970777128604162,-20.000000000000007
-0.34894929207490344,1.500138154784868,-20.000000000000007
-0.3845958998631329,1.5003306358339246,-20.000000000000007
-0.4204892766816929,1.471838809061575,-20.000000000000007
-0.4489295667765625,1.4193674195658232,-20.000000000000007
-0.4710196205491096,1.3407914473588105,-20.000000000000007
-0.4784796664305812,1.3509523370295424,-20.000000000000007
-0.5001952192316528,1.3886088020140595,-20.000000000000007
-0.4891372588078141,1.3866140712155495,-20.000000000000007
-0.4982071533266077,1.3842518983782581,-20.000000000000007
-0.4814189583461536,1.3597555263028365,-20.000000000000007
-0.4563704674871929,1.3966431148287024,-20.000000000000007
-0.4205437128248425,1.4673407732739272,-20.000000000000007
-0.3995913123043945,1.4958632154225873,-20.000000000000007
-0.3720987433236522,1.4960884965832202,-20.000000000000007
-0.354804521265234,1.5000776799291728,-20.000000000000007
-0.3442270278804364,1.4981383692518637,-20.000000000000007
-0.3554248716977204,1.5006298440223134,-20.000000000000007
-0.3465404881974422,1.494754274689769,-20.000000000000007
-0.308911231409168,1.5077660068053518,-20.000000000000007
-0.2869198409365515,1.5494559971188624,-20.000000000000007
-0.22903447707550284,1.9276403862238338,-20.000000000000007
-0.24753611064781525,1.7981305890838024,-20.000000000000007
-0.25603234695252336,1.767716960218845,-20.000000000000007
-0.2851737895803543,1.5355047244565643,-20.000000000000007
-0.30125658109079173,1.543093459255956,-20.000000000000007
-0.31324367818862064,1.5031725465532944,-20.000000000000007
-0.3203808484722661,1.4999790121007617,-20.000000000000007
-0.3294188469422363,1.4978339644349514,-20.000000000000007
-0.34432139130760303,1.4977195438727482,-20.000000000000007
-0.3385386327756738,1.5007981358193692,-20.000000000000007
-0.36947588276496807,1.498398051073517,-20.000000000000007
-0.3481137672855952,1.500102030353391,-20.000000000000007
-0.374773361557572,1.4929272436690368,-20.000000000000007
-0.36990373279178107,1.4991845951371865,-20.000000000000007
-0.38265312980348587,1.5021103772831474,-20.000000000000007
-0.3877644873200008,1.5000248328276955,-20.000000000000007
-0.39636289272272174,1.4989299357472954,-20.000000000000007
-0.40337269637506257,1.497042279972661,-20.000000000000007
-0.3998141458750494,1.493656080869322,-20.000000000000007
-0.39043347076993684,1.5017444971960299,-20.000000000000007
-0.3386291383679844,1.5002074992354093,-20.000000000000007
-0.3090730473186497,1.5076237977683649,-20.000000000000007
-0.2554054582827691,1.7680451672476833,-20.000000000000007
-0.2790858188465218,1.4629854224262329,-20.000000000000007
-0.29666674260669496,1.588892660125147,-20.000000000000007
-0.3354712286980617,1.5002327653178784,-20.000000000000007
-0.37464502199672867,1.492995346955467,-20.000000000000007
-0.37928156010764424,1.4991289411780695,-20.000000000000007
-0.4041787357905535,1.4935751566298747,-20.000000000000007
-0.41924832591259636,1.484128772891724,-20.000000000000007
-0.4177595289352182,1.5156730927976794,-20.000000000000007
-0.4314552757672742,1.4065997535009467,-20.000000000000007
-0.4245988108937696,1.429717687447955,-20.000000000000007
-0.42079357483757446,1.454815356333797,-20.000000000000007
-0.4157613889468659,1.506966459052628,-20.000000000000007
-0.42332698378945555,1.4386007556463505,-20.000000000000007
-0.41797008734268787,1.5174227630654678,-20.000000000000007
-0.41587985818838064,1.5103905538109197,-20.000000000000007
-0.41192588385074314,1.4973456357072448,-20.000000000000007
-0.39656622889776605,1.4978984796426567,-20.000000000000007
-0.37804015833487614,1.4964402886047687,-20.000000000000007
-0.3227110137771525,1.4997946646151465,-20.000000000000007
-0.28132352876836003,1.4958962719169135,-20.000000000000007
-0.22088539733767873,1.931145289038375,-20.000000000000007
-0.2011724582994196,1.7057620812394534,-20.000000000000007
-0.2488996822317046,1.7664111245118415,-20.000000000000007
-0.2794900199694323,1.4682209696905222,-20.000000000000007
-0.30503302555024636,1.5085287804689627,-20.000000000000007
-0.3255172524660343,1.4984893661709884,-20.000000000000007
-0.31996029260938974,1.4988028983497452,-20.000000000000007
-0.32428374157722006,1.4994504343338966,-20.000000000000007
-0.316495387051163,1.496730803320153,-20.000000000000007
-0.3179667630369377,1.4970899085288836,-20.000000000000007
-0.31823729031896264,1.497183333732621,-20.000000000000007
-0.3391311583611848,1.5008434032547573,-20.000000000000007
-0.3385556773026851,1.5012835702231748,-20.000000000000007
-0.36608255862975764,1.4990199333794738,-20.000000000000007
-0.3710298520473916,1.493930383446808,-20.000000000000007
-0.37486411678593856,1.4929899074146538,-20.000000000000007
-0.387826100270278,1.50107319375486,-20.000000000000007
-0.3816405828686418,1.4983032086621813,-20.000000000000007
-0.37607931729245536,1.494960893497819,-20.000000000000007
-0.3646101128099855,1.4986059158577392,-20.000000000000007
-0.3559631229717666,1.5012811620805855,-20.000000000000007
-0.33010461302620114,1.4975131136422246,-20.000000000000007
-0.3282729281212155,1.50048452437919,-20.000000000000007
-0.3253935639403053,1.4990453123313485,-20.000000000000007
-0.3496015192585669,1.4991219201328487,-20.000000000000007
-0.37703425498521564,1.4928029165439003,-20.000000000000007
-0.42023984552693516,1.4754024191724844,-20.000000000000007
-0.429412737131894,1.4106718562000076,-20.000000000000007
-0.444557271261874,1.4381758569025962,-20.000000000000007
-0.45663048865006295,1.3992890034235714,-20.000000000000007
-0.4457145074313174,1.4408553405681357,-20.000000000000007
-0.4555851085396238,1.3956413700519545,-20.000000000000007
-0.47016536448706586,1.3436701478189153,-20.000000000000007
-0.4562436439550457,1.3947081237316619,-20.000000000000007
-0.4649668033419422,1.346990704284925,-20.000000000000007
-0.45827877111841975,1.398942270488012,-20.000000000000007
-0.4282672841157227,1.422766233341821,-20.000000000000007
-0.41856067899001276,1.5126537171595953,-20.000000000000007
-0.3845043241525107,1.5005548585703063,-20.000000000000007
-0.387732105581318,1.500030631151856,-20.000000000000007
-0.36983576640851434,1.5020221040049386,-20.000000000000007
-0.34936808612954784,1.4979443373588908,-20.000000000000007
-0.32051202906380216,1.500164387242482,-20.000000000000007
-0.2667565134828852,1.7618320179012814,-20.000000000000007
-0.24610831432149347,1.8161161492556022,-20.000000000000007
-0.2309987143250381,1.9110800623980293,-20.000000000000007
-0.24812420006958288,1.7869332679653116,-20.000000000000007
-0.26635593286668163,1.760306724453075,-20.000000000000007
-0.2768689254735401,1.5332495441711378,-20.000000000000007
-0.2953222686400535,1.5906582127765636,-20.000000000000007
-0.28548563155247514,1.5370442839991847,-20.000000000000007
-0.31728592908044345,1.4971946047736842,-20.000000000000007
-0.30248837286238067,1.531034545078876,-20.000000000000007
-0.32280042362021966,1.4992815166726021,-20.000000000000007
-0.3100085411156226,1.5027754990022921,-20.000000000000007
-0.3153968549395482,1.4945939491003692,-20.000000000000007
-0.31865023985707586,1.4959219857936565,-20.000000000000007
-0.31539685493954817,1.494593949100369,-20.000000000000007
-0.3291803428876812,1.4984685167471803,-20.000000000000007
-0.3199628985690407,1.5002681797064124,-20.000000000000007
-0.3363013541260964,1.5009109637509448,-20.000000000000007
-0.33287145113279376,1.4971268443291337,-20.000000000000007
-0.34456879642259636,1.4974155214057991,-20.000000000000007
-0.32912239763822326,1.4961957536029136,-20.000000000000007
-0.32757124344757493,1.4988440249531472,-20.000000000000007
-0.3009079635871949,1.5488454314710909,-20.000000000000007
-0.293790256217931,1.5973441788441847,-20.000000000000007
-0.3030391558160735,1.5193578550285198,-20.000000000000007
-0.3230523733506362,1.500311217387576,-20.000000000000007
-0.35645707751326716,1.50138286231053,-20.000000000000007
-0.3846289270439578,1.4994698019459156,-20.000000000000007
-0.4178136864828722,1.5184092610214812,-20.000000000000007
-0.4232535684500149,1.4393810553815045,-20.000000000000007
-0.4407074539476544,1.428337770843198,-20.000000000000007
-0.4706826282662673,1.3405569012402885,-20.000000000000007
-0.4783035232424694,1.352252926127899,-20.000000000000007
-0.5005886984896138,1.3877241551856845,-20.000000000000007
-0.48433321526887396,1.3637586593914717,-20.000000000000007
-0.46084265303667254,1.3777740564837149,-20.000000000000007
-0.42721046300393223,1.420545800795488,-20.000000000000007
-0.40420644808156947,1.4917143678686169,-20.000000000000007
-0.38918592455954065,1.499774433889721,-20.000000000000007
-0.3787984420178688,1.4987309348648563,-20.000000000000007
-0.38387415595822016,1.4999385089122506,-20.000000000000007
-0.38773210558131804,1.5000306311518563,-20.000000000000007
-0.36312199263055217,1.5016977314856645,-20.000000000000007
-0.3179667630369377,1.4970899085288838,-20.000000000000007
-0.27797155751071423,1.5058608914785698,-20.000000000000007
-0.21973920250494972,1.937701139422241,-20.000000000000007
-0.2346141315790542,1.931086387835794,-20.000000000000007
-0.2563597866006839,1.768245810781284,-20.000000000000007
-0.2806052636354269,1.4882392549076289,-20.000000000000007
-0.29440431588029375,1.5946567133862546,-20.000000000000007
-0.3082457627708421,1.5089639993842685,-20.000000000000007
-0.31558702326957255,1.4950776045701888,-20.000000000000007
-0.3280592599200411,1.5007483111175481,-20.000000000000007
-0.33018091143975226,1.4974712898313416,-20.000000000000007
-0.32252373739038437,1.4987714803261258,-20.000000000000007
-0.3090730473186497,1.5076237977683653,-20.000000000000007
-0.30776745121695326,1.5111449464988782,-20.000000000000007
-0.30141740545830387,1.5417009825585573,-20.000000000000007
-0.31782841830244407,1.497177868239544,-20.000000000000007
-0.3333223609516745,1.4978053621159289,-20.000000000000007
-0.33887655747124007,1.4999905056757916,-20.000000000000007
-0.36904418763941793,1.499881835591051,-20.000000000000007
-0.3661657255263929,1.5015175534852707,-20.000000000000007
-0.3920309210953765,1.504309044174851,-20.000000000000007
-0.3782742334969737,1.496333394176538,-20.000000000000007
-0.3610072404115518,1.4989665222844875,-20.000000000000007
-0.3372990391320255,1.5001709787159585,-20.000000000000007
-0.3252029590777269,1.4995015032971342,-20.000000000000007
-0.3595989526909462,1.4975201724348017,-20.000000000000007
-0.3853156748510807,1.5015842813017621,-20.000000000000007
-0.427379971564114,1.4206990981375005,-20.000000000000007
-0.45761021016432213,1.3893635719462534,-20.000000000000007
-0.45856836421511027,1.392145307260439,-20.000000000000007
-0.48323979312958587,1.363985041784213,-20.000000000000007
-0.5018280465710235,1.393139246024557,-20.000000000000007
-0.48646263898173453,1.356778216072476,-20.000000000000007
-0.49834117537124634,1.3833567002159073,-20.000000000000007
-0.475591558752723,1.3432758954871673,-20.000000000000007
-0.45638792600828043,1.3837315164430664,-20.000000000000007
-0.4454968169271706,1.439077375377408,-20.000000000000007
-0.42935393275174283,1.4115305141111616,-20.000000000000007
-0.40386808530644625,1.4923228234903876,-20.000000000000007
-0.39652069364350256,1.4987769353847875,-20.000000000000007
-0.3715774318189922,1.4979787358119936,-20.000000000000007
-0.3916287455248345,1.5034883926839786,-20.000000000000007
-0.3819846867991958,1.5008323083278916,-20.000000000000007
-0.33272301096813583,1.4973278522802198,-20.000000000000007
-0.3054493395984941,1.5083550434456754,-20.000000000000007
-0.22752520271182752,1.926456581372527,-20.000000000000007
-0.20473650305093238,1.7580889424488189,-20.000000000000007
-0.24753611064781528,1.7981305890838022,-20.000000000000007
-0.27686892547354014,1.5332495441711371,-20.000000000000007
-0.2817879916501446,1.4999219417366931,-20.000000000000007
-0.3128036725479201,1.501656457441048,-20.000000000000007
-0.3127434769692857,1.5026173737787585,-20.000000000000007
-0.33837167002236596,1.5015221400126568,-20.000000000000007
-0.33589020768541733,1.499661985075224,-20.000000000000007
-0.3485627347291283,1.5000211888267492,-20.000000000000007
-0.34825809136860286,1.5010456361749525,-20.000000000000007
-0.34988678545198115,1.5010276525721475,-20.000000000000007
-0.3533716045038203,1.5008730755873667,-20.000000000000007
-0.3539566424714638,1.4994385278235813,-20.000000000000007
-0.36222111863899026,1.497045276255066,-20.000000000000007
-0.3721111324399985,1.495981411927577,-20.000000000000007
-0.382645778183696,1.5024532460070124,-20.000000000000007
-0.39964412990324416,1.4940097735596987,-20.000000000000007
-0.4044607691169124,1.4947754180251849,-20.000000000000007
-0.39255868715142855,1.50270518897086,-20.000000000000007
-0.38631939571772445,1.5009528370584122,-20.000000000000007
-0.3362115221149177,1.5006374868299903,-20.000000000000007
-0.3148989845456726,1.493860732388817,-20.000000000000007
-0.302301175843973,1.5343889034310132,-20.000000000000007
-0.31754781935784493,1.4977287325791424,-20.000000000000007
-0.3467806711287499,1.4974282556729073,-20.000000000000007
-0.3792350777131776,1.4984446463551038,-20.000000000000007
-0.4185266789669743,1.5139578154319873,-20.000000000000007
-0.4435824600988278,1.439247683223842,-20.000000000000007
-0.4612461227408046,1.3683552353866084,-20.000000000000007
-0.48255718373605166,1.3647859165804879,-20.000000000000007
-0.4891372588078142,1.3866140712155495,-20.000000000000007
-0.4874194527587877,1.3624504226695542,-20.000000000000007
-0.4842375025418645,1.3655546707691988,-20.000000000000007
-0.4572843991333101,1.3926298809587803,-20.000000000000007
-0.4206464803150466,1.4698965970817932,-20.000000000000007
-0.39383011914013405,1.5005027472288623,-20.000000000000007
-0.37383874492699776,1.4915171592976193,-20.000000000000007
-0.3661657255263929,1.5015175534852707,-20.000000000000007
-0.36710337678131094,1.5026336819247414,-20.000000000000007
-0.366323043762769,1.5016772222416228,-20.000000000000007
-0.33723180004904196,1.50030331626124,-20.000000000000007
-0.2970970488326458,1.5850414662992771,-20.000000000000007
-0.24812508953460477,1.7867066619015202,-20.000000000000007
-0.1894245325731731,1.5791548760255547,-20.000000000000007
-0.21354432849926214,1.8745224789689292,-20.000000000000007
-0.23570267157110542,1.923158628391163,-20.000000000000007
-0.27049275923450966,1.7044255040025562,-20.000000000000007
-0.2817879916501446,1.4999219417366931,-20.000000000000007
-0.301561190920104,1.539364766532595,-20.000000000000007
-0.30440547892852227,1.5076842266763237,-20.000000000000007
-0.31324367818862064,1.5031725465532941,-20.000000000000007
-0.3225407077276166,1.4986823559742195,-20.000000000000007
-0.3071482235334123,1.51093096580971,-20.000000000000007
-0.3188553808753792,1.4940062603724267,-20.000000000000007
-0.28459683569268174,1.5319198581045175,-20.000000000000007
-0.3097487244478251,1.504721382825964,-20.000000000000007
-0.30256466588468595,1.5287374112881382,-20.000000000000007
-0.325524627649385,1.4987275967082077,-20.000000000000007
-0.3305779192798228,1.4965744418911484,-20.000000000000007
-0.3356773222471169,1.4985901986723045,-20.000000000000007
-0.34339081674327954,1.4990108865632874,-20.000000000000007
-0.34330314184074545,1.4992067017385562,-20.000000000000007
-0.3425725201833591,1.498968562346398,-20.000000000000007
-0.30826442348640654,1.5092640463390956,-20.000000000000007
-0.2975302804737662,1.58089741576695,-20.000000000000007
-0.27912945033240527,1.4624896225013033,-20.000000000000007
-0.31738395904189687,1.4972981390527298,-20.000000000000007
-0.35078035483471226,1.498763445246872,-20.000000000000007
-0.3889108058863019,1.4975521983299829,-20.000000000000007
-0.43086772943450985,1.4048851720304714,-20.000000000000007
-0.44085982235374954,1.4288271119990057,-20.000000000000007
-0.4646711148071577,1.3450435343527147,-20.000000000000007
-0.5031896692861658,1.3992352022419927,-20.000000000000007
-0.5018280465710235,1.3931392460245569,-20.000000000000007
-0.5053837849916603,1.4161145466017013,-20.000000000000007
-0.501611531015923,1.393185256978903,-20.000000000000007
-0.4634541602927741,1.3505493922949858,-20.000000000000007
-0.4461736864866584,1.4376936844574548,-20.000000000000007
-0.42618838334182113,1.4232137346337994,-20.000000000000007
-0.4100935649151761,1.4968339322623077,-20.000000000000007
-0.39990585506716175,1.4935404204622795,-20.000000000000007
-0.37771752346797693,1.4934490184648594,-20.000000000000007
-0.3826827018022925,1.5026461018216528,-20.000000000000007
-0.3723763564566069,1.4950106463939195,-20.000000000000007
-0.339380072665085,1.4994330882560127,-20.000000000000007
-0.2968434316294735,1.587219654581311,-20.000000000000007
-0.24839724581557185,1.7826858814747113,-20.000000000000007
-0.1956903181330773,1.6387809844399341,-20.000000000000007
-0.22033055059070922,1.9384815235691373,-20.000000000000007
-0.24338853031189456,1.8376016976324687,-20.000000000000007
-0.26404433515631154,1.7598858800564579,-20.000000000000007
-0.2658734230794807,1.761208999322645,-20.000000000000007
-0.2845968356926818,1.5319198581045177,-20.000000000000007
-0.28177666528430867,1.499972473468233,-20.000000000000007
-0.3121882215595388,1.503296834176717,-20.000000000000007
-0.3045676330420179,1.506569932821053,-20.000000000000007
-0.3277830429983848,1.500804247790069,-20.000000000000007
-0.32690620770238665,1.4995860141404949,-20.000000000000007
-0.325524627649385,1.4987275967082079,-20.000000000000007
-0.3498226950033653,1.50074470334275,-20.000000000000007
-0.338583803823352,1.5004136193319308,-20.000000000000007
-0.3663543823117634,1.500949665263796,-20.000000000000007
-0.3504690164725269,1.5012390537535265,-20.000000000000007
-0.3694393921813809,1.501042423735168,-20.000000000000007
-0.3678098458937202,1.5001420715068963,-20.000000000000007
-0.3620371828742711,1.5001534578616236,-20.000000000000007
-0.3448244135208047,1.4969997515043274,-20.000000000000007
-0.3132346537448741,1.503143328585949,-20.000000000000007
-0.28177666528430867,1.4999724734682327,-20.000000000000007
-0.27854783151360124,1.4857658922750323,-20.000000000000007
-0.28500616045125055,1.534878647917094,-20.000000000000007
-0.3154123360548588,1.4946572017215616,-20.000000000000007
-0.3637553022213813,1.4974201722118572,-20.000000000000007
-0.38640049891513906,1.501787566447988,-20.000000000000007
-0.4210953394445891,1.4586515379794964,-20.000000000000007
-0.4466986751659219,1.4339797066672109,-20.000000000000007
-0.44704790355529145,1.4324397229254875,-20.000000000000007
-0.4710196205491096,1.3407914473588103,-20.000000000000007
-0.475406322056866,1.3384794084075429,-20.000000000000007
-0.4600718214762429,1.3847182340568935,-20.000000000000007
-0.4623973825267256,1.3615505102920082,-20.000000000000007
-0.44351933765095963,1.440681504016582,-20.000000000000007
-0.41895352255374985,1.4979991861952324,-20.000000000000007
-0.4044673590343919,1.4961904172736253,-20.000000000000007
-0.38203053145237553,1.5014244105458374,-20.000000000000007
-0.39218277429151394,1.5047390218032286,-20.000000000000007
-0.38445106893713027,1.4982344480076049,-20.000000000000007
-0.35016264111655804,1.5027626727428842,-20.000000000000007
-0.30869402999055895,1.5084298940529346,-20.000000000000007
-0.2565417798393012,1.7706195191653704,-20.000000000000007
-0.18942453257317313,1.5791548760255547,-20.000000000000007
-0.23538467694061216,1.9234328870905966,-20.000000000000007
-0.24823806907364837,1.7865500278208692,-20.000000000000007
-0.2696197576337685,1.723236495337984,-20.000000000000007
-0.2829664486795891,1.5158292842183394,-20.000000000000007
-0.29819660195743547,1.5737719881241217,-20.000000000000007
-0.3128036725479201,1.5016564574410483,-20.000000000000007
-0.31807831519647595,1.4967655697207967,-20.000000000000007
-0.3224537379935304,1.4985674364106436,-20.000000000000007
-0.30456763304201795,1.5065699328210527,-20.000000000000007
-0.2923735219913889,1.585227734787452,-20.000000000000007
-0.27904186158521965,1.4658209857437952,-20.000000000000007
-0.26961975763376855,1.7232364953379842,-20.000000000000007
-0.2791294503324053,1.4624896225013033,-20.000000000000007
-0.2957948323341103,1.590066857555713,-20.000000000000007
-0.3004534202192315,1.55122278892395,-20.000000000000007
-0.322800197730498,1.4990231003582064,-20.000000000000007
-0.317547819357845,1.4977287325791424,-20.000000000000007
-0.3278062184761674,1.5006853856229108,-20.000000000000007
-0.3209932632547038,1.5003118199081562,-20.000000000000007
-0.289858468531514,1.5753683835240218,-20.000000000000007
-0.28015984769796337,1.481924138584827,-20.000000000000007
-0.2640443351563116,1.7598858800564579,-20.000000000000007
-0.30244994338541586,1.5339817464033785,-20.000000000000007
-0.3375082865643461,1.4995337351451388,-20.000000000000007
-0.3818636505734554,1.499573036302417,-20.000000000000007
-0.4181837451981559,1.507581362072683,-20.000000000000007
-0.4265731519252687,1.4187477432022213,-20.000000000000007
-0.4350954001591678,1.4042962284972356,-20.000000000000007
-0.44626025826605514,1.4370288985124344,-20.000000000000007
-0.45830403759183036,1.3927388068873503,-20.000000000000007
-0.461387379690162,1.3789609043047448,-20.000000000000007
-0.460651111777388,1.3799105355996555,-20.000000000000007
-0.437792418686177,1.4252022574904717,-20.000000000000007
-0.41089708221935706,1.495363483729814,-20.000000000000007
-0.38799339741778877,1.5013153219474127,-20.000000000000007
-0.3711458918153102,1.4922968048752163,-20.000000000000007
-0.3634993274192614,1.4974616193136037,-20.000000000000007
-0.35488473483516136,1.4998582805680205,-20.000000000000007
-0.36512043402452815,1.4994459290745508,-20.000000000000007
-0.36780177322043794,1.4999820313923895,-20.000000000000007
-0.3425121107868519,1.4976407911510041,-20.000000000000007
-0.30432588737324057,1.5061705387306425,-20.000000000000007
-0.25683304333921547,1.7714910356285511,-20.000000000000007
-0.21023380688351329,1.8304416245211912,-20.000000000000007
-0.2317380046122724,1.9132869734140188,-20.000000000000007
-0.2560323469525233,1.767716960218845,-20.000000000000007
-0.2794991150368445,1.467959382785481,-20.000000000000007
-0.3021215202698111,1.5362892984224137,-20.000000000000007
-0.31267517979042264,1.5032584208945148,-20.000000000000007
-0.33625273303842684,1.5008521548528049,-20.000000000000007
-0.3305013887045644,1.4966591481378293,-20.000000000000007
-0.36298859351036483,1.4977784030701196,-20.000000000000007
-0.3533716045038204,1.500873075587367,-20.000000000000007
-0.3658877638078917,1.4992632117656202,-20.000000000000007
-0.3711458918153102,1.4922968048752163,-20.000000000000007
-0.35830923487535493,1.5013352540880391,-20.000000000000007
-0.3719545438027897,1.4954775142277206,-20.000000000000007
-0.36830802532908863,1.4991910278202705,-20.000000000000007
-0.3845454135113594,1.5004915717028287,-20.000000000000007
-0.38445175791997255,1.49876904215115,-20.000000000000007
-0.41500122570282305,1.5058383272901987,-20.000000000000007
-0.39203092109537657,1.5043090441748512,-20.000000000000007
-0.38445106893713027,1.4982344480076049,-20.000000000000007
-0.35907986627853555,1.498395119537995,-20.000000000000007
-0.3015263710971642,1.540101476365236,-20.000000000000007
-0.29491208115825124,1.5912232586901425,-20.000000000000007
-0.2821509299662527,1.5056957729810947,-20.000000000000007
-0.3182372903189627,1.497183333732621,-20.000000000000007
-0.35838707502221456,1.5009419106205937,-20.000000000000007
-0.3825615658553513,1.5034713655915126,-20.000000000000007
-0.41693293921900365,1.5168952330208896,-20.000000000000007
-0.439151338498624,1.4296437168096954,-20.000000000000007
-0.44378940358839675,1.4377156852877455,-20.000000000000007
-0.44751912219913337,1.4310777222113167,-20.000000000000007
-0.4465867185084041,1.4365635313615523,-20.000000000000007
-0.42976954517734794,1.4111761814433308,-20.000000000000007
-0.425328445478336,1.4330151509482345,-20.000000000000007
-0.404533850817614,1.4960155113283071,-20.000000000000007
-0.3845021564754982,1.4991034351869796,-20.000000000000007
-0.3633423346658664,1.4982435358479873,-20.000000000000007
-0.34824299739997777,1.5009226869276964,-20.000000000000007
-0.35333801996953895,1.5009273931387144,-20.000000000000007
-0.33598163079238375,1.4999449003258856,-20.000000000000007
-0.3047139281865326,1.5069357516394257,-20.000000000000007
-0.2704927592345097,1.7044255040025564,-20.000000000000007
-0.22725815115555778,1.9273187281239847,-20.000000000000007
-0.2040443086596288,1.7471900021231153,-20.000000000000007
-0.22745693797728464,1.9260292721451284,-20.000000000000007
-0.24420046351354951,1.8315489022356717,-20.000000000000007
-0.26559219912275106,1.7637377107746066,-20.000000000000007
-0.2784007816040446,1.4866653321274192,-20.000000000000007
-0.3147446150950994,1.4948670752644495,-20.000000000000007
-0.30684952852952047,1.511349894997878,-20.000000000000007
-0.33300782544501367,1.4972317527136179,-20.000000000000007
-0.33408424444884577,1.496945332725777,-20.000000000000007
-0.32407036826144686,1.5004050334805528,-20.000000000000007
-0.3412285996560529,1.4990279298404465,-20.000000000000007
-0.32917253581208783,1.4977681687595348,-20.000000000000007
-0.3411151915741655,1.4990003736205804,-20.000000000000007
-0.33923096484819554,1.500917765852453,-20.000000000000007
-0.36812522142111975,1.4987912936749503,-20.000000000000007
-0.3572607122636131,1.5020438027722922,-20.000000000000007
-0.40339164574272485,1.4983333518143245,-20.000000000000007
-0.3941783879444585,1.500613334369813,-20.000000000000007
-0.4020837373049132,1.4968389640582886,-20.000000000000007
-0.3907036566067651,1.5005639429325504,-20.000000000000007
-0.335306554961006,1.5003920844544398,-20.000000000000007
-0.32104267342414844,1.5001778551292302,-20.000000000000007
-0.2832370981598892,1.531144923130203,-20.000000000000007
-0.3190666978414556,1.4943379859436992,-20.000000000000007
-0.3462945280577585,1.494443974089476,-20.000000000000007
-0.38450432415251073,1.5005548585703061,-20.000000000000007
-0.40355267445909065,1.4977974445397821,-20.000000000000007
-0.4308868660921693,1.404866632482926,-20.000000000000007
-0.43896043397334145,1.428097241256536,-20.000000000000007
-0.4465853482110818,1.4350800796751024,-20.000000000000007
-0.4716565506791389,1.3387714695567423,-20.000000000000007
-0.4642542339174801,1.3464048038551872,-20.000000000000007
-0.47230930661898146,1.3373631044558607,-20.000000000000007
-0.45608816115414463,1.3931597667732103,-20.000000000000007
-0.42976954517734794,1.4111761814433306,-20.000000000000007
-0.3938175925456513,1.5005905573795741,-20.000000000000007
-0.36806093091273406,1.4994801496750245,-20.000000000000007
-0.35001045897692884,1.501349229203295,-20.000000000000007
-0.3412235382169853,1.4981936860391154,-20.000000000000007
-0.34112133229621233,1.4980306135230745,-20.000000000000007
-0.34853644512956544,1.5010750489365186,-20.000000000000007
-0.3334173192670233,1.4977087493299484,-20.000000000000007
-0.3030801358032826,1.519378183676917,-20.000000000000007
-0.2779634009078582,1.5064014805614228,-20.000000000000007
-0.24894779568029934,1.7654260612210053,-20.000000000000007
-0.25326889233539673,1.7578024270239831,-20.000000000000007
-0.28015984769796337,1.4819241385848267,-20.000000000000007
-0.29594557443006414,1.591912671727449,-20.000000000000007
-0.3132436781886206,1.5031725465532944,-20.000000000000007
-0.3240703682614469,1.5004050334805528,-20.000000000000007
-0.3395896697085145,1.499888161455156,-20.000000000000007
-0.3545500807529098,1.4994366191684128,-20.000000000000007
-0.3633423346658665,1.4982435358479875,-20.000000000000007
-0.378481766768073,1.4980544885948284,-20.000000000000007
-0.37805407303287814,1.4972648714621613,-20.000000000000007
-0.38799339741778877,1.5013153219474125,-20.000000000000007
-0.3914195307053919,1.5031572204042511,-20.000000000000007
-0.40400122217514717,1.4956358227644329,-20.000000000000007
-0.4037218914265528,1.4980802605297265,-20.000000000000007
-0.42064648031504653,1.4698965970817934,-20.000000000000007
-0.4131120717914658,1.498876202790738,-20.000000000000007
-0.42468873368243437,1.433474974481702,-20.000000000000007
-0.4168645708965859,1.5163805579080654,-20.000000000000007
-0.36556704739623536,1.5019851865095064,-20.000000000000007
-0.35343192232946924,1.5010006946366674,-20.000000000000007
-0.2812496571613721,1.5084428976751019,-20.000000000000007
-0.2791294503324053,1.4624896225013033,-20.000000000000007
-0.30219352685639306,1.5359103477589657,-20.000000000000007
-0.32551725246603425,1.4984893661709882,-20.000000000000007
-0.36070440083663624,1.4985088268365852,-20.000000000000007
-0.38453833957725947,1.4992453769424123,-20.000000000000007
-0.40198733884436744,1.4954049557136266,-20.000000000000007
-0.42948230958212574,1.4094443724861117,-20.000000000000007
-0.4562925347026195,1.382302004261081,-20.000000000000007
-0.4646129319542565,1.3456615005424504,-20.000000000000007
-0.4829654748903849,1.3638044747674234,-20.000000000000007
-0.4729504007996238,1.3383057099113262,-20.000000000000007
-0.4587373203282876,1.4011707634861716,-20.000000000000007
-0.44565955841771027,1.4435477682592803,-20.000000000000007
-0.42700444576152885,1.4192966744995499,-20.000000000000007
-0.4034909725428154,1.4986904937477374,-20.000000000000007
-0.3965206936435026,1.4987769353847875,-20.000000000000007
-0.37879844201786883,1.4987309348648563,-20.000000000000007
-0.4034948620270723,1.497226312285433,-20.000000000000007
-0.39981414587504943,1.493656080869322,-20.000000000000007
-0.3504810531691454,1.500302777261276,-20.000000000000007
-0.32082126540932593,1.5003134302862073,-20.000000000000007
-0.24812938511712435,1.7856504139612346,-20.000000000000007
-0.2185133510658332,1.9363396679201963,-20.000000000000007
-0.24823806907364837,1.7865500278208697,-20.000000000000007
-0.27875792838964797,1.4731592481629838,-20.000000000000007
-0.27904186158521965,1.4658209857437952,-20.000000000000007
-0.3056723229784016,1.5082439222767148,-20.000000000000007
-0.30007392608797967,1.5560763465014176,-20.000000000000007
-0.32600161890756674,1.5004563879790942,-20.000000000000007
-0.3340842444488458,1.496945332725777,-20.000000000000007
-0.33205758009276587,1.4976716729417672,-20.000000000000007
-0.3264086035928782,1.4987801794711715,-20.000000000000007
-0.3211046053344249,1.5003642161893949,-20.000000000000007
-0.31245349933347777,1.5030380404308017,-20.000000000000007
-0.33136467445664797,1.4993359513903477,-20.000000000000007
-0.34895754875081386,1.4984284170494717,-20.000000000000007
-0.3582577422460091,1.500205893740129,-20.000000000000007
-0.3719665542125228,1.4944738002895745,-20.000000000000007
-0.37827423349697364,1.496333394176538,-20.000000000000007
-0.3890531336769417,1.4992779213477556,-20.000000000000007
-0.37701110244529634,1.4927630265779335,-20.000000000000007
-0.36786805877020884,1.499925821198687,-20.000000000000007
-0.3280531513370078,1.5003033512299078,-20.000000000000007
-0.31242635703815563,1.5035515984458563,-20.000000000000007
-0.32215549599853793,1.498031852763496,-20.000000000000007
-0.3536611009564028,1.4996311859328124,-20.000000000000007
-0.3926290734878249,1.5024724565677077,-20.000000000000007
-0.42698482840154117,1.4208490310495427,-20.000000000000007
-0.4512340666054475,1.4059001069779984,-20.000000000000007
-0.4639338749619758,1.347233206778672,-20.000000000000007
-0.46492398918648764,1.3472449283724253,-20.000000000000007
-0.484515443757245,1.353904027292895,-20.000000000000007
-0.4931631384024263,1.3841932390400666,-20.000000000000007
-0.5044590626602927,1.4114842107256464,-20.000000000000007
-0.5009433004512585,1.3871696045545447,-20.000000000000007
-0.4755915587527231,1.343275895487167,-20.000000000000007
-0.43873123956127935,1.431713024512732,-20.000000000000007
-0.4091731509036077,1.5014362910637573,-20.000000000000007
-0.3912997000696533,1.5032829502893348,-20.000000000000007
-0.3782742334969737,1.496333394176538,-20.000000000000007
-0.38289406285332783,1.498990965838089,-20.000000000000007
-0.3925586871514286,1.5027051889708603,-20.000000000000007
-0.38138498063194676,1.4992378804840945,-20.000000000000007
-0.33855567730268515,1.5012835702231746,-20.000000000000007
-0.3030391558160735,1.5193578550285196,-20.000000000000007
-0.22992079293499196,1.9267144829893357,-20.000000000000007
-0.22903447707550284,1.9276403862238338,-20.000000000000007
-0.23090645405062973,1.911544970233989,-20.000000000000007
-0.2547678226634233,1.7736241394286176,-20.000000000000007
-0.26483581410672785,1.7601820209114332,-20.000000000000007
-0.2943626787859342,1.5950114516585259,-20.000000000000007
-0.30791507406038876,1.5107775697420782,-20.000000000000007
-0.3253874922273793,1.4986409806291427,-20.000000000000007
-0.33871631762950594,1.500879007619192,-20.000000000000007
-0.3292290327302214,1.4984771896189042,-20.000000000000007
-0.32529151085993546,1.499227499899956,-20.000000000000007
-0.3183084576585469,1.4970119214434896,-20.000000000000007
-0.3066654342002938,1.511734808795734,-20.000000000000007
-0.3319608642990172,1.497516866414942,-20.000000000000007
-0.33449216931593695,1.4980897452580808,-20.000000000000007
-0.36904418763941793,1.4998818355910513,-20.000000000000007
-0.3744593085951897,1.4904717119801862,-20.000000000000007
-0.3922723921003185,1.5034236961002772,-20.000000000000007
-0.40358483108585447,1.4952416525702592,-20.000000000000007
-0.3539794634570739,1.5002529887766856,-20.000000000000007
-0.35737649679854616,1.5014373227330986,-20.000000000000007
-0.28639990411577687,1.5570762062609598,-20.000000000000007
-0.2816429690800747,1.5015577782889398,-20.000000000000007
-0.29659979793520386,1.5893444059498703,-20.000000000000007
-0.3153968549395482,1.4945939491003695,-20.000000000000007
-0.3485016826090651,1.5001915921882125,-20.000000000000007
-0.40115989897973353,1.4972424968657734,-20.000000000000007
-0.4170738305564511,1.5173864922362172,-20.000000000000007
-0.4431663321383343,1.4443340720638551,-20.000000000000007
-0.47454812029757165,1.3397724023219624,-20.000000000000007
-0.4741854716245996,1.338739926320143,-20.000000000000007
-0.4757091903881395,1.3413444207879877,-20.000000000000007
-0.461020356021632,1.3781640542496265,-20.000000000000007
-0.426588299150019,1.422120965906514,-20.000000000000007
-0.40392184260458835,1.4929095629541123,-20.000000000000007
-0.3769547629561766,1.4919886032912786,-20.000000000000007
-0.36297800915604495,1.5017442382084982,-20.000000000000007
-0.3461865009809336,1.4940963111532344,-20.000000000000007
-0.33759918786729437,1.499994925787635,-20.000000000000007
-0.3508541252908048,1.5002748198738256,-20.000000000000007
-0.34306023414432885,1.4997162754034503,-20.000000000000007
-0.33117267651090193,1.4990096070256271,-20.000000000000007
-0.28985846853151404,1.5753683835240218,-20.000000000000007
-0.2567799843169307,1.7718874768254969,-20.000000000000007
-0.22088539733767867,1.931145289038375,-20.000000000000007
-0.25052408633016987,1.7228946145977089,-20.000000000000007
-0.26172544694559735,1.7661793459212416,-20.000000000000007
-0.2924338084774815,1.5849758108195906,-20.000000000000007
-0.2972589300044383,1.5837920470370708,-20.000000000000007
-0.32236285314222446,1.4985115978426453,-20.000000000000007
-0.3253309080411486,1.4991734611347738,-20.000000000000007
-0.3431040921014244,1.4991074910530153,-20.000000000000007
-0.3445899711099592,1.49693688890284,-20.000000000000007
-0.31728592908044345,1.497194604773684,-20.000000000000007
-0.32436039732463007,1.49945984109281,-20.000000000000007
-0.2935812432453765,1.5962943958935378,-20.000000000000007
-0.32251149012452196,1.4988954232507505,-20.000000000000007
-0.3293634015725111,1.4980401679577424,-20.000000000000007
-0.36316759358578266,1.5017364747361754,-20.000000000000007
-0.3557381030568363,1.5005445935138702,-20.000000000000007
-0.3778599359680239,1.4962199217860601,-20.000000000000007
-0.3770111024452963,1.4927630265779335,-20.000000000000007
-0.35449075037510486,1.4995359015571132,-20.000000000000007
-0.34991371943824184,1.501546234950414,-20.000000000000007
-0.3112812025117427,1.500538404389653,-20.000000000000007
-0.29659876905870847,1.5924836501410637,-20.000000000000007
-0.3091652846042181,1.5066543175405986,-20.000000000000007
-0.3445687964225964,1.4974155214057994,-20.000000000000007
-0.3771410188293507,1.4932064341010864,-20.000000000000007
-0.4261883833418211,1.4232137346337992,-20.000000000000007
-0.44243339242470026,1.4438981805301048,-20.000000000000007
-0.4639338749619759,1.3472332067786725,-20.000000000000007
-0.471818767991636,1.3371747771773377,-20.000000000000007
-0.4653038073222862,1.346605994359485,-20.000000000000007
-0.48256175355999686,1.3647613940999013,-20.000000000000007
-0.4896319176851278,1.3884944488519344,-20.000000000000007
-0.48589084080037037,1.3614782530382044,-20.000000000000007
-0.4878141668829974,1.3680197015214037,-20.000000000000007
-0.4608023734698628,1.3782779137836565,-20.000000000000007
-0.4342448915867091,1.4015665234571153,-20.000000000000007
-0.41200428005133694,1.4970736597367584,-20.000000000000007
-0.3994977549070347,1.4937815030729373,-20.000000000000007
-0.4027600995177637,1.495693063022182,-20.000000000000007
-0.4184319913310188,1.5138488833497876,-20.000000000000007
-0.41127224364476833,1.4967986655448413,-20.000000000000007
-0.3580571430588799,1.500799668139969,-20.000000000000007
-0.31754781935784493,1.4977287325791424,-20.000000000000007
-0.22903447707550284,1.927640386223834,-20.000000000000007
-0.22725815115555772,1.9273187281239843,-20.000000000000007
-0.24882742306032143,1.766771405799542,-20.000000000000007
-0.2833956926911652,1.5216054649451891,-20.000000000000007
-0.28464938821314867,1.5322274562314537,-20.000000000000007
-0.32254070772761656,1.4986823559742197,-20.000000000000007
-0.3217335377485994,1.49912225646373,-20.000000000000007
-0.34243210465261886,1.4977335825309162,-20.000000000000007
-0.346409690747822,1.4963780398278108,-20.000000000000007
-0.3543663534912822,1.4992400676578794,-20.000000000000007
-0.36180375909404705,1.4982264456139331,-20.000000000000007
-0.36426162558731234,1.4981687620273207,-20.000000000000007
-0.37047071407197246,1.4991898564902975,-20.000000000000007
-0.3793137061741635,1.4990724620975184,-20.000000000000007
-0.3826507504666812,1.5040416283112767,-20.000000000000007
-0.39914681296365784,1.4952815548434846,-20.000000000000007
-0.4007878754091174,1.4949127143255418,-20.000000000000007
-0.4144214147978721,1.5038006128554438,-20.000000000000007
-0.41895352255374985,1.4979991861952322,-20.000000000000007
-0.40037816671255283,1.4931670353552726,-20.000000000000007
-0.39257584517669813,1.5040748809190958,-20.000000000000007
-0.3253949147947501,1.4987404808028133,-20.000000000000007
-0.31346712656046194,1.5043489425686147,-20.000000000000007
-0.3008448683360178,1.5471605958423413,-20.000000000000007
-0.316531821283661,1.4965355077252416,-20.000000000000007
-0.3609484977942089,1.4977260640443888,-20.000000000000007
-0.38802504793265147,1.501697153847151,-20.000000000000007
-0.42076940468000495,1.4703745101452146,-20.000000000000007
-0.43586023317580813,1.4044676996471692,-20.000000000000007
-0.4554363485528173,1.3784689786246016,-20.000000000000007
-0.4826536726572762,1.3633754803819997,-20.000000000000007
-0.48471988957028506,1.3545348377124202,-20.000000000000007
-0.5019638734101819,1.3958548405249835,-20.000000000000007
-0.4783144259637903,1.3522839160729534,-20.000000000000007
-0.44659015185508605,1.4378304702741227,-20.000000000000007
-0.41852667896697426,1.5139578154319868,-20.000000000000007
-0.40290433835522876,1.4967555045235406,-20.000000000000007
-0.3879326690585744,1.4985197316029264,-20.000000000000007
-0.38138498063194676,1.4992378804840945,-20.000000000000007
-0.38489133303495965,1.5007219298752408,-20.000000000000007
-0.39659227760910093,1.4987724108619063,-20.000000000000007
-0.37228545094783827,1.4944032144150174,-20.000000000000007
-0.330494435994528,1.4965913721786155,-20.000000000000007
-0.2926347121895682,1.5867005354778854,-20.000000000000007
-0.2309711531267507,1.9116541230441984,-20.000000000000007
-0.24839724581557182,1.782685881474711,-20.000000000000007
-0.2658734230794807,1.7612089993226447,-20.000000000000007
-0.2828034022741754,1.512832080374423,-20.000000000000007
-0.2988846880724633,1.567487737402928,-20.000000000000007
-0.3128036725479201,1.5016564574410483,-20.000000000000007
-0.3274356599722146,1.5004461041528148,-20.000000000000007
-0.3412202228152369,1.4990789214888944,-20.000000000000007
-0.35669104837264237,1.502098164201693,-20.000000000000007
-0.33408424444884577,1.496945332725777,-20.000000000000007
-0.35731537126041407,1.50180991000868,-20.000000000000007
-0.3163939756994303,1.4967174416503986,-20.000000000000007
-0.343359310903766,1.4990409119938253,-20.000000000000007
-0.33170640003504637,1.4983980303742161,-20.000000000000007
-0.353382323216943,1.5004723266282989,-20.000000000000007
-0.3618537868712662,1.4991119039187377,-20.000000000000007
-0.3770342549852157,1.4928029165439003,-20.000000000000007
-0.4027600995177637,1.4956930630221819,-20.000000000000007
-0.390986482373869,1.5036828867017769,-20.000000000000007
-0.3911231558521962,1.5037090053803126,-20.000000000000007
-0.33038547606474483,1.496203378110232,-20.000000000000007
-0.31353454329112734,1.5051520888567742,-20.000000000000007
-0.28050824452494394,1.5032900687676571,-20.000000000000007
-0.328256733838072,1.4999136444236454,-20.000000000000007
-0.36409030703372147,1.5014376598449684,-20.000000000000007
-0.4043923627126284,1.4941969581360022,-20.000000000000007
-0.44704790355529145,1.4324397229254875,-20.000000000000007
-0.4557521219577353,1.3791556669418426,-20.000000000000007
-0.4646711148071578,1.3450435343527147,-20.000000000000007
-0.4898710963696795,1.381745497578449,-20.000000000000007
-0.48105589727126524,1.3590001426130003,-20.000000000000007
-0.48655687509412965,1.3554352177657985,-20.000000000000007
-0.47868658613523035,1.3540356322887326,-20.000000000000007
-0.4466363343711028,1.4325606013426864,-20.000000000000007
-0.42772073239204433,1.4223162681901527,-20.000000000000007
-0.4054294509191101,1.501722748396994,-20.000000000000007
-0.3887647470475654,1.4972392932328136,-20.000000000000007
-0.3846379083206742,1.5002138145313242,-20.000000000000007
-0.37604111721649347,1.4912669337314637,-20.000000000000007
-0.40195043764598226,1.4952890775216148,-20.000000000000007
-0.39914681296365784,1.4952815548434848,-20.000000000000007
-0.34982269500336527,1.5007447033427501,-20.000000000000007
-0.31558702326957255,1.495077604570189,-20.000000000000007
-0.24765004788730657,1.7962154489931232,-20.000000000000007
-0.21248743473298976,1.8569242044846712,-20.000000000000007
-0.24812420006958288,1.7869332679653114,-20.000000000000007
-0.2833956926911652,1.5216054649451893,-20.000000000000007
-0.2850061604512506,1.5348786479170937,-20.000000000000007
-0.3364987585021582,1.5013340743302694,-20.000000000000007
-0.3433908167432795,1.4990108865632872,-20.000000000000007
-0.3538791322916276,1.4989608649185715,-20.000000000000007
-0.37102985204739153,1.4939303834468083,-20.000000000000007
-0.3674199872399453,1.5004943657181116,-20.000000000000007
-0.3773265262898759,1.4977596221932834,-20.000000000000007
-0.37732652628987595,1.4977596221932836,-20.000000000000007
-0.4029806472016541,1.4975907286114079,-20.000000000000007
-0.38209324885258994,1.5000193788392302,-20.000000000000007
-0.41788308191091367,1.492988231219523,-20.000000000000007
-0.4046959399124969,1.4952932167737876,-20.000000000000007
-0.41584455818300153,1.5089543879502911,-20.000000000000007
-0.42120807268623867,1.4605154664294782,-20.000000000000007
-0.4113876737454039,1.496746016697249,-20.000000000000007
-0.4130625125966636,1.4987245436518832,-20.000000000000007
-0.37728547637760196,1.4942600673508755,-20.000000000000007
-0.3571537904382209,1.5010981547484272,-20.000000000000007
-0.3071821076049665,1.5118522251275397,-20.000000000000007
-0.30362848609905935,1.514112690243511,-20.000000000000007
-0.3150554735510365,1.4950787558339789,-20.000000000000007
-0.3408781546745315,1.4990301430601365,-20.000000000000007
-0.38279286926195955,1.502508875351612,-20.000000000000007
-0.41611965313630644,1.5103353611064558,-20.000000000000007
-0.4458249050718209,1.4425078372692535,-20.000000000000007
-0.46122950786952444,1.3692814101165593,-20.000000000000007
-0.46461293195425646,1.3456615005424506,-20.000000000000007
-0.48209754847814956,1.3669470631886305,-20.000000000000007
-0.4758738134867922,1.34479856719663,-20.000000000000007
-0.4819701806222628,1.3630748488323832,-20.000000000000007
-0.47197195002395137,1.338410489631447,-20.000000000000007
-0.44299357524695365,1.4469020436711952,-20.000000000000007
-0.41792812405049995,1.5151518731662457,-20.000000000000007
-0.3919791118861482,1.5045746902011086,-20.000000000000007
-0.384595899863133,1.5003306358339248,-20.000000000000007
-0.3726791873558754,1.4946515979055988,-20.000000000000007
-0.38212134598057645,1.500768866281934,-20.000000000000007
-0.3772420799465137,1.4972823202120136,-20.000000000000007
-0.3322392954418428,1.4970550974910615,-20.000000000000007
-0.296905356090716,1.5870492068066966,-20.000000000000007
-0.25065855339975707,1.7267162509364216,-20.000000000000007
-0.2347955097240475,1.929257768643586,-20.000000000000007
-0.25603234695252336,1.767716960218845,-20.000000000000007
-0.2915379469368254,1.584544472436475,-20.000000000000007
-0.3021215202698111,1.5362892984224137,-20.000000000000007
-0.32861179466767854,1.498439513336379,-20.000000000000007
-0.3345831392610835,1.4974186553210953,-20.000000000000007
-0.36331179603102065,1.4986531168704955,-20.000000000000007
-0.36097866821769986,1.4974394338744315,-20.000000000000007
-0.3678558954156428,1.499684915437986,-20.000000000000007
-0.38188882013089936,1.4986078804708027,-20.000000000000007
-0.3606410512947724,1.4987363414971304,-20.000000000000007
-0.3890368172869098,1.4995454327263595,-20.000000000000007
-0.3751743353398003,1.4932281625663906,-20.000000000000007
-0.38887252314799564,1.4992552085693012,-20.000000000000007
-0.38329827950792117,1.503843905778452,-20.000000000000007
-0.4069327435054151,1.5002402430317214,-20.000000000000007
-0.404281206814079,1.4924513599655622,-20.000000000000007
-0.4189356738559989,1.4993513983579203,-20.000000000000007
-0.40366358386528767,1.4976063788961897,-20.000000000000007
-0.35343638581987596,1.5005030484891522,-20.000000000000007
-0.33125754919830014,1.4985585175742981,-20.000000000000007
-0.30487422598776237,1.505012608954413,-20.000000000000007
-0.34796884529456207,1.499963588475299,-20.000000000000007
-0.3713539384442629,1.4968691438646589,-20.000000000000007
-0.4100935649151762,1.4968339322623077,-20.000000000000007
-0.4294284686468475,1.410146679249791,-20.000000000000007
-0.43041336585064693,1.4061398927781537,-20.000000000000007
-0.45675120348694787,1.3831251222871344,-20.000000000000007
-0.477793509704711,1.349360623471396,-20.000000000000007
-0.4733278338148531,1.3368834903152422,-20.000000000000007
-0.4829681559577439,1.3721082884558005,-20.000000000000007
-0.46406002874717234,1.3519650101169525,-20.000000000000007
-0.4512589665571425,1.4078874721497017,-20.000000000000007
-0.4429996076485114,1.4433269953010333,-20.000000000000007
-0.4307110719445071,1.4076826948821286,-20.000000000000007
-0.4130026518671348,1.4971058161959028,-20.000000000000007
-0.411330272090649,1.4956431399648515,-20.000000000000007
-0.3931270744713083,1.5020312969921186,-20.000000000000007
-0.3892308918351169,1.499889742469693,-20.000000000000007
-0.3670514933254406,1.5011107389204879,-20.000000000000007
-0.3119272047605736,1.5025157261757227,-20.000000000000007
-0.27935849131223844,1.4672582451444947,-20.000000000000007
-0.22725815115555778,1.9273187281239843,-20.000000000000007
-0.21941629570363208,1.9349444952642607,-20.000000000000007
-0.24941685587515777,1.7530031422084709,-20.000000000000007
-0.25065855339975707,1.7267162509364218,-20.000000000000007
-0.2801051246410949,1.4811490945842523,-20.000000000000007
-0.28280340227417533,1.512832080374423,-20.000000000000007
-0.3045676330420179,1.5065699328210527,-20.000000000000007
-0.3079150740603888,1.5107775697420784,-20.000000000000007
-0.3179667630369377,1.4970899085288836,-20.000000000000007
-0.3211046053344249,1.5003642161893949,-20.000000000000007
-0.32236285314222446,1.4985115978426455,-20.000000000000007
-0.3332670383044331,1.4974597630534678,-20.000000000000007
-0.32982435405837046,1.4972652363768422,-20.000000000000007
-0.353338019969539,1.5009273931387146,-20.000000000000007
-0.34428331529014383,1.4978535931971906,-20.000000000000007
-0.3711435681391171,1.493948818650203,-20.000000000000007
-0.35826599720535746,1.500215099034568,-20.000000000000007
-0.3819846867991957,1.5008323083278912,-20.000000000000007
-0.37718342399466026,1.4941717967481574,-20.000000000000007
-0.36055337475133886,1.4983329007265367,-20.000000000000007
-0.34866307211119324,1.5009141445715213,-20.000000000000007
-0.3044015021354134,1.5060216249131337,-20.000000000000007
-0.2867106643939335,1.548880539130616,-20.000000000000007
-0.28459683569268174,1.5319198581045175,-20.000000000000007
-0.31738395904189687,1.49729813905273,-20.000000000000007
-0.34339081674327954,1.499010886563287,-20.000000000000007
-0.3826302839330659,1.504507886133123,-20.000000000000007
-0.41464367135676916,1.5034564858481478,-20.000000000000007
-0.44316633213833423,1.4443340720638553,-20.000000000000007
-0.45639805227544183,1.3824316692583725,-20.000000000000007
-0.4709880371649088,1.34133225024684,-20.000000000000007
-0.48246058342861775,1.3675540352506244,-20.000000000000007
-0.4858908408003704,1.3614782530382041,-20.000000000000007
-0.4823012374628383,1.3638827039847556,-20.000000000000007
-0.4701653644870659,1.3436701478189157,-20.000000000000007
-0.43764333194915994,1.4244326781803267,-20.000000000000007
-0.4037674314897891,1.4977414914607676,-20.000000000000007
-0.38736404700883,1.5011310648933942,-20.000000000000007
-0.36840998799869185,1.4990227710052606,-20.000000000000007
-0.3778585453300459,1.4964010140017387,-20.000000000000007
-0.3845047398687191,1.499713196983471,-20.000000000000007
-0.35907921411033017,1.497658122357617,-20.000000000000007
-0.31754781935784493,1.4977287325791422,-20.000000000000007
-0.2789095434766423,1.4725813775507004,-20.000000000000007
-0.20404430865962886,1.7471900021231155,-20.000000000000007
-0.23614757772495212,1.9207959698853627,-20.000000000000007
-0.24894779568029932,1.7654260612210053,-20.000000000000007
-0.2784007816040446,1.4866653321274192,-20.000000000000007
-0.28339569269116516,1.5216054649451891,-20.000000000000007
-0.30263280232038176,1.5264748277183688,-20.000000000000007
-0.3146352793115471,1.4956303599468472,-20.000000000000007
-0.32252373739038437,1.4987714803261256,-20.000000000000007
-0.3271454112770955,1.5002987579055007,-20.000000000000007
-0.3135993511133965,1.5036198554774676,-20.000000000000007
-0.3140420592010964,1.5004549218902743,-20.000000000000007
-0.3044054789285222,1.5076842266763237,-20.000000000000007
-0.3090730473186497,1.5076237977683653,-20.000000000000007
-0.31982185481477254,1.4974919633951238,-20.000000000000007
-0.3445484848158908,1.497316571313085,-20.000000000000007
-0.34602525357327735,1.496746308660208,-20.000000000000007
-0.3844510689371302,1.4982344480076049,-20.000000000000007
-0.3740615568572747,1.4933541707025417,-20.000000000000007
-0.390598594196726,1.5022426404497786,-20.000000000000007
-0.3717766531379162,1.4949214698699382,-20.000000000000007
-0.33042059429133885,1.4964425397852175,-20.000000000000007
-0.3182372903189627,1.497183333732621,-20.000000000000007
-0.29023043163254575,1.5810345259869054,-20.000000000000007
-0.3337449690088591,1.4975586663496145,-20.000000000000007
-0.36558079696450685,1.5021869436828046,-20.000000000000007
-0.4044673590343919,1.4961904172736253,-20.000000000000007
-0.44562179576332084,1.4383362675726108,-20.000000000000007
-0.4437894035883968,1.4377156852877457,-20.000000000000007
-0.46461293195425646,1.3456615005424504,-20.000000000000007
-0.4846506471195696,1.3544008651745698,-20.000000000000007
-0.47549658842714626,1.3387636747811746,-20.000000000000007
-0.48953448763491614,1.3882609028319597,-20.000000000000007
-0.4758608292600538,1.3458430917372064,-20.000000000000007
-0.4464595200063457,1.4334947776636608,-20.000000000000007
-0.429604552047729,1.412639422738087,-20.000000000000007
-0.4102216142155152,1.4968722782024009,-20.000000000000007
-0.38216283471162454,1.5010306440832604,-20.000000000000007
-0.37716783726878167,1.4970524861682943,-20.000000000000007
-0.35700448461674744,1.5005886401227015,-20.000000000000007
-0.37730895664252345,1.497281802504499,-20.000000000000007
-0.3815231711137617,1.4987966401086763,-20.000000000000007
-0.33720948604939627,1.5001045872086896,-20.000000000000007
-0.31489898454567256,1.493860732388817,-20.000000000000007
-0.24812938511712435,1.7856504139612348,-20.000000000000007
-0.19927599968825097,1.6820169922625399,-20.000000000000007
-0.2378795448343607,1.9021277516891226,-20.000000000000007
-0.2549335022414257,1.7718608969257508,-20.000000000000007
-0.26495244430603804,1.7608238424898723,-20.000000000000007
-0.2970970488326458,1.5850414662992771,-20.000000000000007
-0.2926347121895682,1.5867005354778851,-20.000000000000007
-0.32436039732463,1.4994598410928102,-20.000000000000007
-0.32499273632115616,1.4998293227119133,-20.000000000000007
-0.33557774131107604,1.499429970006172,-20.000000000000007
-0.3357120578854125,1.499220599688192,-20.000000000000007
-0.33549167468793983,1.500071953680941,-20.000000000000007
-0.3395896697085145,1.499888161455156,-20.000000000000007
-0.34441512007336084,1.4970381417906846,-20.000000000000007
-0.35345087181085716,1.500695320244101,-20.000000000000007
-0.3618914214055204,1.4976486655670214,-20.000000000000007
-0.3663094887629402,1.4997637016925514,-20.000000000000007
-0.3813933068485754,1.4992331226583957,-20.000000000000007
-0.38735655735852154,1.500726531719813,-20.000000000000007
-0.38173138589429956,1.4976914233918235,-20.000000000000007
-0.3724959993474454,1.4937325126917802,-20.000000000000007
-0.3340863759042197,1.496994654332723,-20.000000000000007
-0.3179667630369377,1.4970899085288838,-20.000000000000007
-0.29358124324537654,1.5962943958935378,-20.000000000000007
-0.316531821283661,1.4965355077252416,-20.000000000000007
-0.3412285996560529,1.4990279298404465,-20.000000000000007
-0.39150288996094185,1.5034145381620299,-20.000000000000007
-0.41515675574863325,1.5050669002859487,-20.000000000000007
-0.4435824600988278,1.439247683223842,-20.000000000000007
-0.46475453657935506,1.3458685851534884,-20.000000000000007
-0.4612443521289841,1.369343233490443,-20.000000000000007
-0.4726912349840627,1.335475235979689,-20.000000000000007
-0.4729504007996237,1.3383057099113262,-20.000000000000007
-0.4577121277660513,1.4098653955135596,-20.000000000000007
-0.4602461340053596,1.385098025359623,-20.000000000000007
-0.4433318120139905,1.4431113766762558,-20.000000000000007
-0.41700168114662417,1.5089768789305393,-20.000000000000007
-0.40203918613546213,1.4970113775161629,-20.000000000000007
-0.3792877032780431,1.4987050540374733,-20.000000000000007
-0.3777862049909991,1.4963058376891225,-20.000000000000007
-0.3727040052301011,1.4934198697927321,-20.000000000000007
-0.35333542240934396,1.5007988103775447,-20.000000000000007
-0.3128036725479201,1.501656457441048,-20.000000000000007
-0.2790418615852196,1.465820985743795,-20.000000000000007
-0.23595500071689002,1.9215763779110162,-20.000000000000007
-0.2482380690736484,1.7865500278208695,-20.000000000000007
-0.26635593286668163,1.7603067244530752,-20.000000000000007
-0.2828967342021925,1.5143055952871867,-20.000000000000007
-0.29709704883264576,1.585041466299277,-20.000000000000007
-0.30791507406038876,1.5107775697420784,-20.000000000000007
-0.3186535225903018,1.4959430523424795,-20.000000000000007
-0.32871290590472024,1.4978611826734134,-20.000000000000007
-0.34419993415051814,1.4976306308846334,-20.000000000000007
-0.3353677776919727,1.499993362648038,-20.000000000000007
-0.35380220412585567,1.4991163306524222,-20.000000000000007
-0.32978918284735753,1.4971773898394523,-20.000000000000007
-0.35975633766806725,1.4974926956770185,-20.000000000000007
-0.35700448461674744,1.5005886401227015,-20.000000000000007
-0.38279657408815704,1.503099283983736,-20.000000000000007
-0.396845895754572,1.4993471456649274,-20.000000000000007
-0.40088637084177725,1.496830303226274,-20.000000000000007
-0.4128917357023814,1.4965534907706526,-20.000000000000007
-0.3941783879444585,1.500613334369813,-20.000000000000007
-0.38279286926195955,1.502508875351612,-20.000000000000007
-0.3203424924052468,1.4998727935015654,-20.000000000000007
-0.3043258873732406,1.5061705387306423,-20.000000000000007
-0.24753611064781528,1.7981305890838026,-20.000000000000007
-0.21297145694215708,1.8551211557628875,-20.000000000000007
-0.18842511370101273,1.5738540301251946,-20.000000000000007
-0.1489623238983579,1.4412504362146568,-20.000000000000007
-0.13225188883939853,1.5058494988029958,-20.000000000000007
-0.13500799762049986,1.4901723146345818,-20.000000000000007
-0.13500799762049986,1.4901723146345818,-20.000000000000007
-0.1352364542451437,1.4956132648969094,-20.000000000000007
-0.13559501490126288,1.4971204706629226,-20.000000000000007
-0.13766089245675403,1.4109848407592605,-20.000000000000007
-0.14969871320520375,1.4376750065870232,-20.000000000000007
-0.16015086704143036,1.4658572207674503,-20.000000000000007
-0.16226514651890211,1.479978094344565,-20.000000000000007
-0.1742675836248365,1.5596310191219989,-20.000000000000007
-0.17917386072802038,1.5901780441278877,-20.000000000000007
-0.17917386072802038,1.5901780441278879,-20.000000000000007
-0.17917386072802036,1.5901780441278877,-20.000000000000007
-0.179509115801908,1.5810607140359072,-20.000000000000007
-0.17950911580190798,1.5810607140359072,-20.000000000000007
-0.17716407672167847,1.5760687284044748,-20.000000000000007
-0.17716407672167847,1.5760687284044748,-20.000000000000007
-0.16491224342351887,1.4962079272044329,-20.000000000000007
-0.16226514651890211,1.4799780943445653,-20.000000000000007
-0.1622651465189021,1.4799780943445653,-20.000000000000007
-0.16491224342351887,1.4962079272044329,-20.000000000000007
-0.1742675836248365,1.5596310191219986,-20.000000000000007
-0.17825534106184443,1.5837285229747724,-20.000000000000007
-0.17933485877093766,1.5832655028315095,-20.000000000000007
-0.17825534106184443,1.5837285229747724,-20.000000000000007
-0.17716407672167844,1.5760687284044748,-20.000000000000007
-0.17259283802865877,1.5472393109831908,-20.000000000000007
-0.16015086704143033,1.4658572207674503,-20.000000000000007
-0.1497541574130439,1.4356391577721637,-20.000000000000007
-0.15098649128259778,1.3992341320455806,-20.000000000000007
-0.16015086704143036,1.4658572207674503,-20.000000000000007
-0.16226514651890211,1.479978094344565,-20.000000000000007
-0.1727105924878417,1.547567701554894,-20.000000000000007
-0.1735996436780998,1.555262154034674,-20.000000000000007
-0.17917386072802038,1.5901780441278879,-20.000000000000007
-0.179509115801908,1.5810607140359072,-20.000000000000007
-0.17950911580190798,1.5810607140359072,-20.000000000000007
-0.18250173051842536,1.5731434678747531,-20.000000000000007
-0.2040443086596288,1.7471900021231157,-20.000000000000007
-0.22903447707550287,1.9276403862238338,-20.000000000000007
-0.23538467694061213,1.9234328870905961,-20.000000000000007
-0.21941629570363208,1.934944495264261,-20.000000000000007
-0.1822603459450228,1.5752406240198031,-20.000000000000007
-0.13766089245675406,1.4109848407592607,-20.000000000000007
-0.1322518888393985,1.505849498802996,-20.000000000000007
-0.12942838191366207,1.5266195020865654,-20.000000000000007
-0.12942838191366207,1.5266195020865656,-20.000000000000007
-0.12942838191366204,1.5266195020865654,-20.000000000000007
-0.1322518888393985,1.505849498802996,-20.000000000000007
-0.13523645424514372,1.4956132648969094,-20.000000000000007
-0.13766089245675406,1.4109848407592605,-20.000000000000007
-0.16226514651890211,1.4799780943445655,-20.000000000000007
-0.17259283802865874,1.5472393109831906,-20.000000000000007
-0.176942965478157,1.572743141012019,-20.000000000000007
-0.17716407672167844,1.5760687284044743,-20.000000000000007
-0.18067000068203443,1.5594198148107747,-20.000000000000007
-0.18226034594502277,1.575240624019803,-20.000000000000007
-0.1822603459450228,1.575240624019803,-20.000000000000007
-0.179509115801908,1.5810607140359072,-20.000000000000007
-0.17359964367809982,1.5552621540346745,-20.000000000000007
-0.16175363895024925,1.4767475548411566,-20.000000000000007
-0.1509864912825978,1.3992341320455806,-20.000000000000007
-0.1497541574130439,1.4356391577721637,-20.000000000000007
-0.14975415741304388,1.4356391577721634,-20.000000000000007
-0.1617536389502492,1.4767475548411566,-20.000000000000007
-0.16226514651890211,1.479978094344565,-20.000000000000007
-0.17337853243457832,1.551936566642219,-20.000000000000007
-0.17259283802865877,1.5472393109831908,-20.000000000000007
-0.16015086704143036,1.4658572207674505,-20.000000000000007
-0.14969871320520375,1.437675006587023,-20.000000000000007
-0.14969871320520373,1.437675006587023,-20.000000000000007
-0.14969871320520375,1.4376750065870232,-20.000000000000007
-0.15255365625659367,1.4066317404677335,-20.000000000000007
-0.17694296547815702,1.572743141012019,-20.000000000000007
-0.1742675836248365,1.5596310191219986,-20.000000000000007
-0.17548244831557921,1.5669961652094957,-20.000000000000007
-0.179509115801908,1.5810607140359072,-20.000000000000007
-0.180374903390968,1.5624216849117096,-20.000000000000007
-0.18226034594502277,1.5752406240198034,-20.000000000000007
-0.1822603459450228,1.575240624019803,-20.000000000000007
-0.18110619219721427,1.5615965088310684,-20.000000000000007
-0.18250173051842533,1.5731434678747531,-20.000000000000007
-0.21276096579532144,1.8568777380279777,-20.000000000000007
-0.21245374573352077,1.8480579113474866,-20.000000000000007
-0.1891192387649498,1.5756732257028956,-20.000000000000007
-0.1811061921972143,1.5615965088310682,-20.000000000000007
-0.13541503259313709,1.4948226663941329,-20.000000000000007
-0.1350079976204999,1.4901723146345818,-20.000000000000007
-0.134987587169906,1.490284182800638,-20.000000000000007
-0.13496593015556185,1.4904004997731792,-20.000000000000007
-0.13496593015556185,1.490400499773179,-20.000000000000007
-0.13162334867738157,1.512553191202664,-20.000000000000007
-0.1352364542451437,1.4956132648969094,-20.000000000000007
-0.1362648890948696,1.4776041952523142,-20.000000000000007
-0.13774689261824094,1.4138227263361496,-20.000000000000007
-0.1509864912825978,1.3992341320455803,-20.000000000000007
-0.1497541574130439,1.4356391577721637,-20.000000000000007
-0.14975415741304388,1.4356391577721634,-20.000000000000007
-0.1509864912825978,1.3992341320455806,-20.000000000000007
-0.15280423597603296,1.4087123965335244,-20.000000000000007
-0.16015086704143033,1.4658572207674505,-20.000000000000007
-0.16015086704143036,1.4658572207674505,-20.000000000000007
-0.16015086704143033,1.4658572207674505,-20.000000000000007
-0.17259283802865877,1.5472393109831908,-20.000000000000007
-0.17716407672167847,1.5760687284044745,-20.000000000000007
-0.1822603459450228,1.575240624019803,-20.000000000000007
-0.18885818653230285,1.5776548930151266,-20.000000000000007
-0.19303815211615677,1.6120202560143864,-20.000000000000007
-0.1888889760460641,1.5748627885679038,-20.000000000000007
-0.18842511370101273,1.5738540301251946,-20.000000000000007
-0.18888897604606417,1.574862788567904,-20.000000000000007
-0.18067000068203443,1.5594198148107745,-20.000000000000007
-0.18110619219721433,1.5615965088310682,-20.000000000000007
-0.17917386072802038,1.5901780441278879,-20.000000000000007
-0.1622651465189021,1.479978094344565,-20.000000000000007
-0.1754824483155792,1.566996165209496,-20.000000000000007
-0.179509115801908,1.5810607140359072,-20.000000000000007
-0.179509115801908,1.5810607140359072,-20.000000000000007
-0.18837473412143405,1.573377960684116,-20.000000000000007
-0.18226034594502277,1.575240624019803,-20.000000000000007
-0.18842511370101275,1.5738540301251946,-20.000000000000007
-0.18888897604606417,1.5748627885679038,-20.000000000000007
-0.18842511370101275,1.5738540301251949,-20.000000000000007
-0.18837473412143407,1.5733779606841163,-20.000000000000007
-0.18837473412143407,1.5733779606841163,-20.000000000000007
-0.2040443086596288,1.7471900021231153,-20.000000000000007
-0.22117610000737897,1.9371965699065867,-20.000000000000007
-0.2369819509587088,1.91396492739013,-20.000000000000007
-0.2208853973376787,1.9311452890383747,-20.000000000000007
-0.1891192387649498,1.5756732257028956,-20.000000000000007
-0.16015086704143036,1.4658572207674505,-20.000000000000007
-0.13500799762049986,1.4901723146345818,-20.000000000000007
-0.13225188883939853,1.5058494988029958,-20.000000000000007
-0.12962373824809628,1.5255562980702628,-20.000000000000007
-0.12684286767579064,1.5197244813100859,-20.000000000000007
-0.13496593015556188,1.4904004997731792,-20.000000000000007
-0.13559501490126286,1.4971204706629226,-20.000000000000007
-0.14969871320520373,1.437675006587023,-20.000000000000007
-0.18226034594502277,1.575240624019803,-20.000000000000007
-0.199275999688251,1.68201699226254,-20.000000000000007
-0.2046411089508683,1.7505247520690406,-20.000000000000007
-0.20438912631107453,1.746757119847901,-20.000000000000007
-0.1891192387649498,1.5756732257028956,-20.000000000000007
-0.18226034594502277,1.575240624019803,-20.000000000000007
-0.18226034594502283,1.575240624019803,-20.000000000000007
-0.17950911580190798,1.5810607140359072,-20.000000000000007
-0.17426758362483646,1.5596310191219986,-20.000000000000007
-0.16015086704143036,1.4658572207674505,-20.000000000000007
-0.15098649128259778,1.3992341320455803,-20.000000000000007
-0.16226514651890211,1.4799780943445655,-20.000000000000007
-0.16270023080057264,1.4821412217524916,-20.000000000000007
-0.17359964367809982,1.5552621540346743,-20.000000000000007
-0.16491224342351885,1.4962079272044326,-20.000000000000007
-0.16491224342351887,1.4962079272044329,-20.000000000000007
-0.16491224342351887,1.4962079272044329,-20.000000000000007
-0.1617536389502492,1.4767475548411566,-20.000000000000007
-0.15280423597603293,1.4087123965335246,-20.000000000000007
-0.16015086704143033,1.4658572207674505,-20.000000000000007
-0.16015086704143033,1.4658572207674503,-20.000000000000007
-0.16015086704143033,1.4658572207674503,-20.000000000000007
-0.1723599823635926,1.5450335733037925,-20.000000000000007
-0.1627002308005726,1.4821412217524914,-20.000000000000007
-0.17259283802865877,1.547239310983191,-20.000000000000007
-0.17337853243457832,1.5519365666422187,-20.000000000000007
-0.1742675836248365,1.5596310191219989,-20.000000000000007
-0.17548244831557921,1.5669961652094957,-20.000000000000007
-0.16491224342351885,1.4962079272044326,-20.000000000000007
-0.14975414285615307,1.4356134548649337,-20.000000000000007
-0.18226034594502277,1.5752406240198031,-20.000000000000007
-0.2040443086596288,1.7471900021231155,-20.000000000000007
-0.2502845554208489,1.7235141714337494,-20.000000000000007
-0.32028761576993064,1.499978158351574,-20.000000000000007
-0.3534229214269447,1.5007191374652524,-20.000000000000007
-0.3845958998631329,1.5003306358339246,-20.000000000000007
-0.41091575825539917,1.496805569916994,-20.000000000000007
-0.4338559516092169,1.4032108641913765,-20.000000000000007
-0.44657377418314326,1.434635743756562,-20.000000000000007
-0.45652586333666567,1.3821157231980983,-20.000000000000007
-0.47699110502788744,1.3418236983518343,-20.000000000000007
-0.4765305990859521,1.3394184319156168,-20.000000000000007
-0.47687999383978846,1.3465347476386436,-20.000000000000007
-0.47029926227824354,1.34446350314765,-20.000000000000007
-0.44558584687153535,1.4354555784200231,-20.000000000000007
-0.4158827886724674,1.5179559282292532,-20.000000000000007
-0.3917962273628977,1.5024764949538687,-20.000000000000007
-0.37911028291771864,1.4993612010895059,-20.000000000000007
-0.3635534231001293,1.4975721299355114,-20.000000000000007
-0.36288574631468473,1.4976716271661412,-20.000000000000007
-0.36332722409328766,1.4986719269101836,-20.000000000000007
-0.33851532049174876,1.5014289042336846,-20.000000000000007
-0.30084486833601787,1.5471605958423411,-20.000000000000007
-0.27795934986810755,1.5064042915326303,-20.000000000000007
-0.21248743473298978,1.8569242044846717,-20.000000000000007
-0.2445182156158437,1.8284025365562284,-20.000000000000007
-0.2532688923353968,1.757802427023983,-20.000000000000007
-0.2779593498681075,1.5064042915326303,-20.000000000000007
-0.3010664190644211,1.5461640641260912,-20.000000000000007
-0.30196605436530116,1.536777629580358,-20.000000000000007
-0.32600161890756674,1.5004563879790942,-20.000000000000007
-0.3231270865948926,1.5001259564893228,-20.000000000000007
-0.3388231895942977,1.5007651943711566,-20.000000000000007
-0.3374582850516735,1.5006218294551577,-20.000000000000007
-0.34175389493041397,1.4968538210599793,-20.000000000000007
-0.3419945620733003,1.4977984245721465,-20.000000000000007
-0.34159554326039093,1.498190798753783,-20.000000000000007
-0.3481137225913912,1.500145510560771,-20.000000000000007
-0.35827275683408893,1.5013652482153323,-20.000000000000007
-0.36920740547821573,1.4988598103247446,-20.000000000000007
-0.3845043241525107,1.5005548585703066,-20.000000000000007
-0.38747857783153955,1.4996801891830815,-20.000000000000007
-0.3999236494365165,1.4951009450188386,-20.000000000000007
-0.38203053145237553,1.5014244105458372,-20.000000000000007
-0.35015507754453845,1.5016024044091285,-20.000000000000007
-0.32533090804114867,1.4991734611347738,-20.000000000000007
-0.2794966015037024,1.4679749050480169,-20.000000000000007
-0.29397595753205163,1.5968293330350325,-20.000000000000007
-0.3192978646391168,1.4942194236990856,-20.000000000000007
-0.3510800061905899,1.4988734986273624,-20.000000000000007
-0.3941783879444585,1.5006133343698127,-20.000000000000007
-0.40935316453504317,1.5011022929304034,-20.000000000000007
-0.42935951889361573,1.412231469216773,-20.000000000000007
-0.4613873796901621,1.3789609043047448,-20.000000000000007
-0.4733265009495357,1.335393963658859,-20.000000000000007
-0.4825758955794459,1.3650713521437003,-20.000000000000007
-0.4745308558250379,1.3440880547019605,-20.000000000000007
-0.446324189791115,1.4342934441096393,-20.000000000000007
-0.42106704195356426,1.4519501141286728,-20.000000000000007
-0.4045156611376925,1.4969889507476999,-20.000000000000007
-0.3880221926375052,1.5019515523766667,-20.000000000000007
-0.38206641422078413,1.500420771788989,-20.000000000000007
-0.3780112575127149,1.4971910562699307,-20.000000000000007
-0.4000034522616736,1.4960335559100115,-20.000000000000007
-0.404489299648163,1.4961879247861818,-20.000000000000007
-0.3683994883537791,1.4988104924634853,-20.000000000000007
-0.3294564801249823,1.4977826495871869,-20.000000000000007
-0.26404433515631154,1.7598858800564576,-20.000000000000007
-0.21204973859417786,1.849753153164824,-20.000000000000007
-0.2378795448343607,1.9021277516891226,-20.000000000000007
-0.2502845554208488,1.7235141714337492,-20.000000000000007
-0.2801598476979634,1.4819241385848267,-20.000000000000007
-0.29098643582990674,1.5839273016702227,-20.000000000000007
-0.3181330221286637,1.4965319458440334,-20.000000000000007
-0.330494435994528,1.496591372178616,-20.000000000000007
-0.3449493419439724,1.497113485290279,-20.000000000000007
-0.34251211078685184,1.4976407911510041,-20.000000000000007
-0.3155081290640961,1.49491576331512,-20.000000000000007
-0.3327948346726749,1.4973579058212503,-20.000000000000007
-0.301561190920104,1.539364766532595,-20.000000000000007
-0.341753894930414,1.4968538210599793,-20.000000000000007
-0.33952824265103304,1.4996429973829315,-20.000000000000007
-0.36347037918972575,1.498704349580685,-20.000000000000007
-0.366128539688803,1.5018879345509488,-20.000000000000007
-0.3813849806319468,1.4992378804840947,-20.000000000000007
-0.40079394732223594,1.4938373269257348,-20.000000000000007
-0.3824771704611071,1.5041332660194568,-20.000000000000007
-0.384595899863133,1.5003306358339248,-20.000000000000007
-0.33570109183552405,1.499620352599109,-20.000000000000007
-0.315378044016691,1.4947391006423911,-20.000000000000007
-0.3072694203723479,1.5093633693952595,-20.000000000000007
-0.3267647266452541,1.498523022609779,-20.000000000000007
-0.36108592700262193,1.4989802253468971,-20.000000000000007
-0.41457314172597876,1.5041850806489452,-20.000000000000007
-0.4211219474264712,1.459955625014826,-20.000000000000007
-0.44965074829159446,1.4155042483692584,-20.000000000000007
-0.4638824884874567,1.3474029072886424,-20.000000000000007
-0.45752199436606633,1.3896045274710873,-20.000000000000007
-0.4777813027119655,1.3489730197348577,-20.000000000000007
-0.4825568234530034,1.3652182630886234,-20.000000000000007
-0.47644533430739705,1.346249639020435,-20.000000000000007
-0.47487835389398136,1.3423287748730388,-20.000000000000007
-0.44713104679697924,1.4322038676892044,-20.000000000000007
-0.4212734033624581,1.4609253653003202,-20.000000000000007
-0.40702743114137074,1.5003491751139206,-20.000000000000007
-0.39131563739564823,1.5027686708816335,-20.000000000000007
-0.39654674235483756,1.499650866604037,-20.000000000000007
-0.40399052110575595,1.4935700838988812,-20.000000000000007
-0.3813849806319467,1.4992378804840947,-20.000000000000007
-0.33517896675546427,1.4998185531987627,-20.000000000000007
-0.30199941955518167,1.5361668358469758,-20.000000000000007
-0.21983644188588589,1.9383820500166027,-20.000000000000007
-0.24765004788730655,1.7962154489931232,-20.000000000000007
-0.25354922465006957,1.7668554769849827,-20.000000000000007
-0.27904186158521965,1.465820985743795,-20.000000000000007
-0.2911903493416394,1.5847427541469254,-20.000000000000007
-0.30869402999055895,1.5084298940529346,-20.000000000000007
-0.3208212654093259,1.5003134302862073,-20.000000000000007
-0.33748003805863985,1.500455056735022,-20.000000000000007
-0.34388793732730477,1.4980840525923464,-20.000000000000007
-0.3551256455622713,1.499609247468217,-20.000000000000007
-0.36096524611448605,1.497502988291012,-20.000000000000007
-0.3656335693980032,1.4999782511911128,-20.000000000000007
-0.3794091862183711,1.4999853273297898,-20.000000000000007
-0.3842597147837157,1.4996515180861028,-20.000000000000007
-0.4130619996612199,1.4983086556943694,-20.000000000000007
-0.4131120717914658,1.4988762027907383,-20.000000000000007
-0.44316633213833434,1.4443340720638553,-20.000000000000007
-0.4293997958609808,1.4111493874708587,-20.000000000000007
-0.4454968169271707,1.439077375377408,-20.000000000000007
-0.4159358650460461,1.5115808465942002,-20.000000000000007
-0.3682215470647182,1.500599386499974,-20.000000000000007
-0.3355797225672805,1.4990593101543286,-20.000000000000007
-0.2790418615852196,1.4658209857437954,-20.000000000000007
-0.29350059781019,1.5951031487626066,-20.000000000000007
-0.3121882215595388,1.5032968341767172,-20.000000000000007
-0.35026459239734387,1.500978598157572,-20.000000000000007
-0.39165350614628863,1.5014693467554363,-20.000000000000007
-0.4182197955332743,1.509175217361399,-20.000000000000007
-0.43358428655832953,1.4038239593821424,-20.000000000000007
-0.45595738217682896,1.3809119197202124,-20.000000000000007
-0.4710196205491096,1.3407914473588105,-20.000000000000007
-0.4727410459350929,1.3342613234264948,-20.000000000000007
-0.4735368851942042,1.3418548327734048,-20.000000000000007
-0.446324189791115,1.4342934441096395,-20.000000000000007
-0.4198991576134312,1.4663293889705464,-20.000000000000007
-0.40076633601965006,1.495342202071512,-20.000000000000007
-0.380476107602875,1.4994912382475993,-20.000000000000007
-0.37304671310716714,1.4938627644242544,-20.000000000000007
-0.3630787628888613,1.4988414235477374,-20.000000000000007
-0.369947556506607,1.4993852898729967,-20.000000000000007
-0.36334233466586646,1.4982435358479875,-20.000000000000007
-0.3222365553680947,1.498350352419429,-20.000000000000007
-0.28464938821314867,1.5322274562314537,-20.000000000000007
-0.23538467694061216,1.9234328870905961,-20.000000000000007
-0.18942453257317313,1.5791548760255547,-20.000000000000007
-0.2327863050039776,1.9217446600094164,-20.000000000000007
-0.25375436341010527,1.7681209896518109,-20.000000000000007
-0.2791454461459081,1.4625375266331022,-20.000000000000007
-0.29650295649677233,1.5892511843510007,-20.000000000000007
-0.3071821076049665,1.5118522251275395,-20.000000000000007
-0.32411689475508826,1.5006379480846443,-20.000000000000007
-0.32648741881345356,1.4989087796230325,-20.000000000000007
-0.3511225382737914,1.49891039659171,-20.000000000000007
-0.34409219104679023,1.497973481950257,-20.000000000000007
-0.36064105129477236,1.4987363414971306,-20.000000000000007
-0.3559373094127062,1.5009507713117878,-20.000000000000007
-0.37230938491335525,1.4956425537647666,-20.000000000000007
-0.37779629405360693,1.4966991402215553,-20.000000000000007
-0.3965947858133812,1.4986161073381719,-20.000000000000007
-0.40486029663304435,1.4992060014733708,-20.000000000000007
-0.41789239299218806,1.5197421264409796,-20.000000000000007
-0.4304133658506468,1.4061398927781537,-20.000000000000007
-0.41843199133101877,1.5138488833497874,-20.000000000000007
-0.40917096847474604,1.5010474970012597,-20.000000000000007
-0.354215780625683,1.499800630491933,-20.000000000000007
-0.3277543922370956,1.5008332744152142,-20.000000000000007
-0.3081424976981651,1.5096502154773428,-20.000000000000007
-0.3384238831365755,1.5003663268173815,-20.000000000000007
-0.3814635225964073,1.499128545472946,-20.000000000000007
-0.4359270371523498,1.405362694204653,-20.000000000000007
-0.4557521219577353,1.3791556669418426,-20.000000000000007
-0.47903548049594413,1.355003380136057,-20.000000000000007
-0.490130385528896,1.3824946647648764,-20.000000000000007
-0.4751819316137388,1.340495433974261,-20.000000000000007
-0.48323979312958576,1.3639850417842128,-20.000000000000007
-0.4983411753712464,1.383356700215907,-20.000000000000007
-0.4825197331450095,1.3681844430087489,-20.000000000000007
-0.4896695191739401,1.3887951791271702,-20.000000000000007
-0.46530055411712845,1.3465309500466753,-20.000000000000007
-0.4391716054598654,1.4292727233241205,-20.000000000000007
-0.4178923929921881,1.5197421264409796,-20.000000000000007
-0.4034579608286871,1.4971104340934207,-20.000000000000007
-0.4027600995177637,1.495693063022182,-20.000000000000007
-0.3999236494365165,1.4951009450188388,-20.000000000000007
-0.3778695221355435,1.4966681350262017,-20.000000000000007
-0.32223655536809476,1.4983503524194293,-20.000000000000007
-0.27935849131223844,1.4672582451444947,-20.000000000000007
-0.21179073764840278,1.8465650450094246,-20.000000000000007
-0.20117245829941957,1.705762081239453,-20.000000000000007
-0.2369819509587088,1.9139649273901298,-20.000000000000007
-0.25712377356303046,1.7708242970558317,-20.000000000000007
-0.27049275923450966,1.7044255040025564,-20.000000000000007
-0.3040593580291832,1.5080502975259522,-20.000000000000007
-0.28464938821314867,1.5322274562314535,-20.000000000000007
-0.31639397569943034,1.4967174416503983,-20.000000000000007
-0.3079150740603888,1.5107775697420784,-20.000000000000007
-0.3232108689791303,1.500155002422595,-20.000000000000007
-0.33177591677694235,1.4981095893873377,-20.000000000000007
-0.3385556773026851,1.5012835702231744,-20.000000000000007
-0.35078634658745206,1.4985459254181686,-20.000000000000007
-0.34962037992272854,1.4998453594847518,-20.000000000000007
-0.36277098449881223,1.4979482199639496,-20.000000000000007
-0.3640016346754811,1.5013202769568008,-20.000000000000007
-0.3725595538880242,1.4942038132791202,-20.000000000000007
-0.3916287455248345,1.5034883926839786,-20.000000000000007
-0.39262907348782483,1.5024724565677077,-20.000000000000007
-0.37040323017815224,1.4972514252468903,-20.000000000000007
-0.35601893808788554,1.4995918334997485,-20.000000000000007
-0.3009948583963467,1.5466343500334578,-20.000000000000007
-0.2937230945577858,1.5964980529330166,-20.000000000000007
-0.29098643582990674,1.5839273016702229,-20.000000000000007
-0.31503132145148505,1.4940271262594227,-20.000000000000007
-0.3549589175631979,1.4998983061813824,-20.000000000000007
-0.3723763564566068,1.4950106463939197,-20.000000000000007
-0.41409642668609525,1.5053921498311822,-20.000000000000007
-0.42989206708326644,1.4091049168861545,-20.000000000000007
-0.44658534821108176,1.4350800796751024,-20.000000000000007
-0.48239948724796533,1.3655637198149617,-20.000000000000007
-0.48540208825154196,1.3558877018922717,-20.000000000000007
-0.48772490597796286,1.366131858997495,-20.000000000000007
-0.4735368851942042,1.3418548327734046,-20.000000000000007
-0.44345179094805465,1.440852874568053,-20.000000000000007
-0.4131120717914658,1.498876202790738,-20.000000000000007
-0.38747857783153955,1.4996801891830813,-20.000000000000007
-0.3737100337430283,1.4916675636311807,-20.000000000000007
-0.361128386138904,1.4981443754616777,-20.000000000000007
-0.3656005414048518,1.5004390360285074,-20.000000000000007
-0.36075279846953295,1.4993624441226385,-20.000000000000007
-0.3254076397018644,1.4990213778701797,-20.000000000000007
-0.2845968356926818,1.5319198581045175,-20.000000000000007
-0.24451821561584364,1.8284025365562289,-20.000000000000007
-0.2011724582994196,1.7057620812394532,-20.000000000000007
-0.22903447707550287,1.9276403862238338,-20.000000000000007
-0.24753611064781528,1.7981305890838026,-20.000000000000007
-0.26430046527525786,1.7598375359401595,-20.000000000000007
-0.27631090418711085,1.5509085639401685,-20.000000000000007
-0.2846493882131486,1.5322274562314535,-20.000000000000007
-0.28484553458384143,1.5329412013881605,-20.000000000000007
-0.30419343123414483,1.5069367661856248,-20.000000000000007
-0.30791507406038876,1.5107775697420784,-20.000000000000007
-0.28476675363292536,1.5329115731342657,-20.000000000000007
-0.30503302555024636,1.5085287804689629,-20.000000000000007
-0.2696494512865915,1.7218119825450946,-20.000000000000007
-0.2845968356926818,1.5319198581045177,-20.000000000000007
-0.2828034022741754,1.512832080374423,-20.000000000000007
-0.29696254910753334,1.5865608776553706,-20.000000000000007
-0.30507400553745545,1.50854910911736,-20.000000000000007
-0.31489898454567256,1.4938607323888171,-20.000000000000007
-0.32623052220008936,1.4997216446323598,-20.000000000000007
-0.32283720834113916,1.4990617505016297,-20.000000000000007
-0.3212129812120631,1.5003829395431736,-20.000000000000007
-0.2992599492840615,1.5638418227667492,-20.000000000000007
-0.27947937043403426,1.468697576712997,-20.000000000000007
-0.2794793704340342,1.468697576712997,-20.000000000000007
-0.3115852037135498,1.501098591210197,-20.000000000000007
-0.34651003100645106,1.4955332765442249,-20.000000000000007
-0.3844517579199725,1.49876904215115,-20.000000000000007
-0.41895352255374985,1.4979991861952324,-20.000000000000007
-0.42124619692339876,1.4607128679033792,-20.000000000000007
-0.4417351267701394,1.4342329766746096,-20.000000000000007
-0.46424392945837817,1.3470311991794135,-20.000000000000007
-0.4617243290821654,1.3670818019871112,-20.000000000000007
-0.47526408550673854,1.343657899420979,-20.000000000000007
-0.46189533875672867,1.366186065248416,-20.000000000000007
-0.44321971615620404,1.4442310916114525,-20.000000000000007
-0.4198704288745153,1.4687786305799846,-20.000000000000007
-0.41011182958907993,1.496430714092568,-20.000000000000007
-0.3874874323203363,1.5005915382145858,-20.000000000000007
-0.38442701193122636,1.4998936462786554,-20.000000000000007
-0.37190321285891,1.4954329170028353,-20.000000000000007
-0.38770984231146216,1.5005867865425158,-20.000000000000007
-0.3726715401142266,1.4940691619691957,-20.000000000000007
-0.32252373739038437,1.4987714803261258,-20.000000000000007
-0.29439320887510523,1.594684821693695,-20.000000000000007
-0.22028223899943516,1.939623188500295,-20.000000000000007
-0.22700039482394935,1.9319837126790782,-20.000000000000007
-0.23680819581554177,1.9141570200209541,-20.000000000000007
-0.2845968356926818,1.5319198581045175,-20.000000000000007
-0.280605263635427,1.4882392549076287,-20.000000000000007
-0.3120904165881554,1.5031580144517676,-20.000000000000007
-0.3280111670172143,1.500682248695676,-20.000000000000007
-0.3231270865948926,1.500125956489323,-20.000000000000007
-0.34413797932451107,1.4979553148310636,-20.000000000000007
-0.34394959476058096,1.4982282551377002,-20.000000000000007
-0.3646101128099855,1.4986059158577396,-20.000000000000007
-0.35604954453574733,1.5002647834380984,-20.000000000000007
-0.3917962273628977,1.5024764949538687,-20.000000000000007
-0.3612322654376403,1.497591674129938,-20.000000000000007
-0.3815626820247463,1.4992522668669133,-20.000000000000007
-0.373989907613119,1.493389006665952,-20.000000000000007
-0.3633338856579644,1.4998684233545163,-20.000000000000007
-0.38138498063194687,1.4992378804840947,-20.000000000000007
-0.37278553655607294,1.4937966822037485,-20.000000000000007
-0.3819846867991957,1.5008323083278912,-20.000000000000007
-0.3544077617678893,1.4990609620344229,-20.000000000000007
-0.3414749792474285,1.4988583661149555,-20.000000000000007
-0.30090946037999944,1.546021876493033,-20.000000000000007
-0.30084486833601787,1.5471605958423413,-20.000000000000007
-0.3114009249428841,1.4998316451629838,-20.000000000000007
-0.3354888103840928,1.4999854874293734,-20.000000000000007
-0.3721976777700445,1.4968682232281953,-20.000000000000007
-0.39661134967055733,1.4988408108602915,-20.000000000000007
-0.42949697077568605,1.4107427928314389,-20.000000000000007
-0.4388376151458415,1.4322722379896395,-20.000000000000007
-0.4456217957633208,1.438336267572611,-20.000000000000007
-0.4610965258627471,1.3789188116070128,-20.000000000000007
-0.46198905290060954,1.3674029823780371,-20.000000000000007
-0.4608105366363169,1.3776463237260455,-20.000000000000007
-0.4602189701971948,1.3876559256160776,-20.000000000000007
-0.4298718824594388,1.4085188949891234,-20.000000000000007
-0.4008533411264938,1.4957964648644217,-20.000000000000007
-0.3875486399521842,1.5010990462220382,-20.000000000000007
-0.3633907967325009,1.4987838555423372,-20.000000000000007
-0.3704707140719725,1.4991898564902977,-20.000000000000007
-0.37305416155627547,1.4931513449381257,-20.000000000000007
-0.3503978331626037,1.5001706112818571,-20.000000000000007
-0.3127434769692857,1.5026173737787587,-20.000000000000007
-0.27537338108482107,1.5787915297789388,-20.000000000000007
-0.21112736531608323,1.8393954016667315,-20.000000000000007
-0.22014714604852798,1.9414399986101933,-20.000000000000007
-0.24338853031189456,1.8376016976324687,-20.000000000000007
-0.2791294503324053,1.4624896225013033,-20.000000000000007
-0.2828967342021925,1.514305595287187,-20.000000000000007
-0.32600161890756674,1.5004563879790942,-20.000000000000007
-0.3374283969035172,1.5005918971317074,-20.000000000000007
-0.35039719002746905,1.5001271931458686,-20.000000000000007
-0.3831240789607199,1.5031090995576788,-20.000000000000007
-0.36226065473209623,1.4970524850980977,-20.000000000000007
-0.3839116962409386,1.4989568589459838,-20.000000000000007
-0.3620948956435762,1.4981793724896486,-20.000000000000007
-0.374639603064142,1.4931007471219575,-20.000000000000007
-0.36802243437009363,1.499071055324335,-20.000000000000007
-0.4040715728341636,1.4948985042575822,-20.000000000000007
-0.4010596931124002,1.4972373350409285,-20.000000000000007
-0.4211176744591213,1.4581157941774556,-20.000000000000007
-0.44103593415356546,1.4313492909720682,-20.000000000000007
-0.41889243111708413,1.4917779217500993,-20.000000000000007
-0.4157879831516906,1.5174220040286623,-20.000000000000007
-0.3460640129035397,1.4983869186897762,-20.000000000000007
-0.3149197272621738,1.4937406159514635,-20.000000000000007
-0.2801417457493036,1.4883336664980216,-20.000000000000007
-0.3182950200967599,1.499461892124234,-20.000000000000007
-0.3544200337142615,1.4994342633985607,-20.000000000000007
-0.3874323207114572,1.4992984024991411,-20.000000000000007
-0.4295244971414132,1.4109180088661677,-20.000000000000007
-0.43873123956127935,1.431713024512732,-20.000000000000007
-0.45827642096038285,1.393874494771547,-20.000000000000007
-0.48646263898173453,1.356778216072476,-20.000000000000007
-0.48231893747234705,1.3688437324249967,-20.000000000000007
-0.49353653525972635,1.3828221095505009,-20.000000000000007
-0.47999648600769745,1.3570910711379627,-20.000000000000007
-0.45267804285094954,1.4013396843580552,-20.000000000000007
-0.4297780092945228,1.4103150519135625,-20.000000000000007
-0.41138767374540386,1.4967460166972493,-20.000000000000007
-0.3913407905982521,1.5032504492269465,-20.000000000000007
-0.3819846867991957,1.5008323083278912,-20.000000000000007
-0.3665105116595706,1.5011674927739675,-20.000000000000007
-0.3653936911378717,1.5015701490905915,-20.000000000000007
-0.35010741768281345,1.5015724625876852,-20.000000000000007
-0.31026107794079955,1.5015724505479755,-20.000000000000007
-0.2814269550228607,1.4940282397987898,-20.000000000000007
-0.21248743473298976,1.8569242044846717,-20.000000000000007
-0.21931127683429325,1.934614313986411,-20.000000000000007
-0.1930381521161568,1.6120202560143864,-20.000000000000007
-0.2502845554208489,1.7235141714337492,-20.000000000000007
-0.25790180240121535,1.7744703774595822,-20.000000000000007
-0.29684343162947346,1.5872196545813109,-20.000000000000007
-0.317547819357845,1.497728732579142,-20.000000000000007
-0.3335929581871474,1.4967636285494939,-20.000000000000007
-0.36110010583020924,1.4976115594494717,-20.000000000000007
-0.3608587293215842,1.4977671122304226,-20.000000000000007
-0.37278542991385033,1.4932819519758087,-20.000000000000007
-0.3556756382197611,1.5001201506737873,-20.000000000000007
-0.3536397391999955,1.4984136305915607,-20.000000000000007
-0.3394075518915056,1.4994796763137739,-20.000000000000007
-0.34033514227438844,1.4994831542826657,-20.000000000000007
-0.3400073353835723,1.500151710284392,-20.000000000000007
-0.345520108698136,1.4980616833246452,-20.000000000000007
-0.34868986373259325,1.499842146304748,-20.000000000000007
-0.36316449329296485,1.4997052414108925,-20.000000000000007
-0.36094070387888755,1.4973720029388975,-20.000000000000007
-0.3396379044618252,1.4999419618340872,-20.000000000000007
-0.31829543196254073,1.4971448277981638,-20.000000000000007
-0.28312949508500285,1.5188264880622553,-20.000000000000007
-0.28317282825210344,1.518576488307543,-20.000000000000007
-0.3163939756994304,1.4967174416503986,-20.000000000000007
-0.34339081674327954,1.4990108865632867,-20.000000000000007
-0.38279286926195966,1.5025088753516118,-20.000000000000007
-0.41618401324482657,1.51196027403015,-20.000000000000007
-0.44549681692717064,1.4390773753774078,-20.000000000000007
-0.4582764209603828,1.3938744947715467,-20.000000000000007
-0.46492398918648764,1.347244928372425,-20.000000000000007
-0.4745481202975717,1.3397724023219624,-20.000000000000007
-0.4735051099709775,1.3420282227855056,-20.000000000000007
-0.4701653644870659,1.3436701478189155,-20.000000000000007
-0.4581866549832251,1.4151181576228977,-20.000000000000007
-0.4295194635115309,1.4108579285746903,-20.000000000000007
-0.4038641958221895,1.4937870049526918,-20.000000000000007
-0.390408317567333,1.5012627188507175,-20.000000000000007
-0.3770111024452963,1.4927630265779337,-20.000000000000007
-0.38445175791997255,1.49876904215115,-20.000000000000007
-0.3874323207114573,1.4992984024991414,-20.000000000000007
-0.36098250364000367,1.4995140005226377,-20.000000000000007
-0.31510079898136556,1.495298837980442,-20.000000000000007
-0.26634173294459984,1.7609238947511165,-20.000000000000007
-0.20429629129942256,1.750957634344255,-20.000000000000007
-0.2182751281321456,1.9327711581825628,-20.000000000000007
-0.24352941008181267,1.8371727099357726,-20.000000000000007
-0.2500036796922421,1.7348115636756964,-20.000000000000007
-0.2648358141067279,1.760182020911433,-20.000000000000007
-0.2785478315136013,1.4857658922750323,-20.000000000000007
-0.2851354307108087,1.5353985649857194,-20.000000000000007
-0.30130640372307715,1.5423403938790972,-20.000000000000007
-0.3146352793115471,1.4956303599468472,-20.000000000000007
-0.3008627482271063,1.5472180224480403,-20.000000000000007
-0.3294564801249823,1.497782649587187,-20.000000000000007
-0.3036410904006948,1.5138245684873044,-20.000000000000007
-0.3128036725479201,1.501656457441048,-20.000000000000007
-0.31639397569943034,1.4967174416503983,-20.000000000000007
-0.3069968193751164,1.5106891308509744,-20.000000000000007
-0.32521256182546654,1.4993006496975676,-20.000000000000007
-0.3314995062779367,1.499444494780183,-20.000000000000007
-0.3485720267857162,1.500195920062503,-20.000000000000007
-0.34090473953760136,1.4991499817815213,-20.000000000000007
-0.33547122869806173,1.500232765317878,-20.000000000000007
-0.302301175843973,1.534388903431013,-20.000000000000007
-0.2850734543906426,1.5353425795332638,-20.000000000000007
-0.27949911503684455,1.467959382785481,-20.000000000000007
-0.325532992642262,1.498861909829165,-20.000000000000007
-0.3585465851104396,1.4990686088553367,-20.000000000000007
-0.3925586871514286,1.50270518897086,-20.000000000000007
-0.4347931705114798,1.4029872964151993,-20.000000000000007
-0.43576391263362,1.4045214251123521,-20.000000000000007
-0.45670779314883003,1.3827771500641297,-20.000000000000007
-0.48500332185284517,1.353979211801435,-20.000000000000007
-0.4826536726572763,1.3633754803819997,-20.000000000000007
-0.4951162208494819,1.3878411014337162,-20.000000000000007
-0.48188638167062625,1.360381165533298,-20.000000000000007
-0.4533960777380601,1.3985241835444202,-20.000000000000007
-0.4360127701558982,1.407085884335067,-20.000000000000007
-0.4184319913310187,1.5138488833497874,-20.000000000000007
-0.4034540713444303,1.4985746155557251,-20.000000000000007
-0.3938557655873873,1.5008508299496466,-20.000000000000007
-0.38146352259640726,1.4991285454729462,-20.000000000000007
-0.39912294668118453,1.4947964176867328,-20.000000000000007
-0.40055895601831437,1.4948240769130037,-20.000000000000007
-0.35501226166334365,1.4996356117568297,-20.000000000000007
-0.3200423223464075,1.499269301183205,-20.000000000000007
-0.24894779568029932,1.7654260612210055,-20.000000000000007
-0.20404430865962886,1.7471900021231153,-20.000000000000007
-0.22903447707550287,1.9276403862238338,-20.000000000000007
-0.26311686092271447,1.763322943722421,-20.000000000000007
-0.27947937043403426,1.468697576712997,-20.000000000000007
-0.31539685493954817,1.4945939491003692,-20.000000000000007
-0.31891819851397557,1.4931845373473964,-20.000000000000007
-0.35115863366053746,1.4989336912894635,-20.000000000000007
-0.3533716045038204,1.500873075587367,-20.000000000000007
-0.3665640297762987,1.5008016209808726,-20.000000000000007
-0.3662117484689925,1.4990555875080416,-20.000000000000007
-0.3648385406782713,1.4984047114408878,-20.000000000000007
-0.3683994883537791,1.4988104924634855,-20.000000000000007
-0.3620616246348298,1.4978489587116282,-20.000000000000007
-0.366987714875186,1.5009300020100178,-20.000000000000007
-0.3609407038788876,1.4973720029388975,-20.000000000000007
-0.3606977292965902,1.4985714247651223,-20.000000000000007
-0.35975633766806725,1.4974926956770185,-20.000000000000007
-0.36298179469500313,1.4976613275958712,-20.000000000000007
-0.35415045112896165,1.4991275276760259,-20.000000000000007
-0.34475092380474986,1.4967877308798876,-20.000000000000007
-0.30891123140916804,1.5077660068053516,-20.000000000000007
-0.29594557443006414,1.5919126717274488,-20.000000000000007
-0.278757928389648,1.4731592481629836,-20.000000000000007
-0.3007818516205666,1.5478892362602608,-20.000000000000007
-0.32929883185767145,1.4981083255566405,-20.000000000000007
-0.3772680383596352,1.4965892768009283,-20.000000000000007
-0.40032910960051227,1.4951806663575187,-20.000000000000007
-0.4335842865583296,1.4038239593821424,-20.000000000000007
-0.45337973749812244,1.390489797421323,-20.000000000000007
-0.44975664694302325,1.414525045407088,-20.000000000000007
-0.4649239891864876,1.3472449283724253,-20.000000000000007
-0.470755110664972,1.3442665209231932,-20.000000000000007
-0.4576080774498421,1.4083762586762192,-20.000000000000007
-0.46069812065690424,1.3829369451036586,-20.000000000000007
-0.43920819011086093,1.4311957795907733,-20.000000000000007
-0.4181251078973187,1.5090662852791998,-20.000000000000007
-0.3921827742915139,1.5047390218032286,-20.000000000000007
-0.37773116431447,1.4928209027999004,-20.000000000000007
-0.36632912792577105,1.5018984256863768,-20.000000000000007
-0.3808352716226235,1.5000246816624525,-20.000000000000007
-0.36546185306437295,1.5024794676919526,-20.000000000000007
-0.31280367254792,1.5016564574410483,-20.000000000000007
-0.28476675363292536,1.5329115731342657,-20.000000000000007
-0.2011724582994196,1.7057620812394532,-20.000000000000007
-0.21086836437030815,1.836207293511332,-20.000000000000007
-0.24987554506512766,1.7371454736290528,-20.000000000000007
-0.2567799843169307,1.7718874768254964,-20.000000000000007
-0.3021935268563931,1.5359103477589655,-20.000000000000007
-0.3023842193969529,1.5330982155223125,-20.000000000000007
-0.32600161890756674,1.500456387979094,-20.000000000000007
-0.3319571906756344,1.4976578792733328,-20.000000000000007
-0.3400157172933056,1.4999702702548792,-20.000000000000007
-0.3482580913686029,1.5010456361749525,-20.000000000000007
-0.3459748261314214,1.4979145968675103,-20.000000000000007
-0.3538022041258557,1.499116330652422,-20.000000000000007
-0.34747533552874177,1.4995575098928702,-20.000000000000007
-0.3488213050321956,1.4995371793894658,-20.000000000000007
-0.3486171032257888,1.499811812390094,-20.000000000000007
-0.3503195901667874,1.5006281251531013,-20.000000000000007
-0.36947588276496807,1.498398051073517,-20.000000000000007
-0.3822268810779892,1.5007629555871498,-20.000000000000007
-0.4003781667125528,1.4931670353552728,-20.000000000000007
-0.4028216949867746,1.4958521776843414,-20.000000000000007
-0.3605918024736784,1.4994174222527215,-20.000000000000007
-0.33417645462301737,1.496318098367563,-20.000000000000007
-0.30169986566223733,1.536845234957907,-20.000000000000007
-0.3154123360548588,1.4946572017215618,-20.000000000000007
-0.34423419432227786,1.4979080110794518,-20.000000000000007
-0.40016157258923335,1.4944406354378614,-20.000000000000007
-0.41852667896697426,1.5139578154319868,-20.000000000000007
-0.4435824600988278,1.439247683223842,-20.000000000000007
-0.44572419153291953,1.4402312723860076,-20.000000000000007
-0.44980285493359895,1.4154996186995796,-20.000000000000007
-0.47032864731198354,1.3439359088912874,-20.000000000000007
-0.47422765814410905,1.3436101782927665,-20.000000000000007
-0.4799964860076974,1.3570910711379627,-20.000000000000007
-0.460810536636317,1.3776463237260457,-20.000000000000007
-0.433945686912926,1.4055806474629031,-20.000000000000007
-0.4041911566526193,1.49370711719847,-20.000000000000007
-0.3822265612054764,1.5019247177367312,-20.000000000000007
-0.3670087141650115,1.501354559093568,-20.000000000000007
-0.35602634735036365,1.500864124732125,-20.000000000000007
-0.3620570335929165,1.497578683818339,-20.000000000000007
-0.36209746633201073,1.497869499794013,-20.000000000000007
-0.34126804373693653,1.4989608905299123,-20.000000000000007
-0.30718210760496645,1.5118522251275397,-20.000000000000007
-0.2591851976197309,1.7766506820675625,-20.000000000000007
-0.2235040363655269,1.9310001143533555,-20.000000000000007
-0.234408232611389,1.9331740021179948,-20.000000000000007
-0.25493350224142575,1.771860896925751,-20.000000000000007
-0.2785478315136013,1.4857658922750325,-20.000000000000007
-0.2873997390940624,1.5520020262216156,-20.000000000000007
-0.29570375136281807,1.5908402850246066,-20.000000000000007
-0.3024781756953626,1.5318790309140429,-20.000000000000007
-0.30677391376734775,1.5114988088153865,-20.000000000000007
-0.31531087345344755,1.4949142369474875,-20.000000000000007
-0.31829543196254073,1.497144827798164,-20.000000000000007
-0.33851532049174876,1.5014289042336846,-20.000000000000007
-0.33317639899708856,1.4969991867260073,-20.000000000000007
-0.35570517917144895,1.500215750516634,-20.000000000000007
-0.3433393472164993,1.4991371389717691,-20.000000000000007
-0.3722956004475374,1.4956377437669925,-20.000000000000007
-0.36332722409328766,1.4986719269101836,-20.000000000000007
-0.3928030991032226,1.5020691803398127,-20.000000000000007
-0.40079394732223594,1.493837326925735,-20.000000000000007
-0.37459223770326555,1.4902976959031846,-20.000000000000007
-0.3769086071819482,1.4920946990854365,-20.000000000000007
-0.31468136026238186,1.4955814153165865,-20.000000000000007
-0.3037239134557702,1.513556271316985,-20.000000000000007
-0.28289673420219247,1.514305595287187,-20.000000000000007
-0.30449735740947664,1.5071316866766933,-20.000000000000007
-0.3317462494607598,1.498184945573219,-20.000000000000007
-0.37620464295952705,1.4950934659512125,-20.000000000000007
-0.40023354471692535,1.4968799177994887,-20.000000000000007
-0.4390089903673288,1.4299870679245923,-20.000000000000007
-0.46157902154796004,1.374342749136703,-20.000000000000007
-0.46370152683850546,1.3498430926284926,-20.000000000000007
-0.4753349315549464,1.3426143091618703,-20.000000000000007
-0.4735368851942042,1.3418548327734046,-20.000000000000007
-0.4500686918343033,1.4149948774174013,-20.000000000000007
-0.4551890475130948,1.388652890895649,-20.000000000000007
-0.42964705673928116,1.412499802238672,-20.000000000000007
-0.4113342154483991,1.4950002109087053,-20.000000000000007
-0.3918079471547029,1.5018535777679816,-20.000000000000007
-0.3818013673021833,1.4989957185803553,-20.000000000000007
-0.3842655772357392,1.497023366926568,-20.000000000000007
-0.3928174879399547,1.5022023082251443,-20.000000000000007
-0.37801767427467825,1.496013441568446,-20.000000000000007
-0.3228372083411391,1.4990617505016295,-20.000000000000007
-0.29116412091119015,1.5850207240199667,-20.000000000000007
-0.19303815211615682,1.6120202560143864,-20.000000000000007
-0.2208853973376787,1.9311452890383747,-20.000000000000007
-0.22765097951254282,1.9241020799037798,-20.000000000000007
-0.25675478594897355,1.7713705758462701,-20.000000000000007
-0.25524064328010465,1.7695258837127656,-20.000000000000007
-0.27790839685100754,1.5064756013616163,-20.000000000000007
-0.2790418615852196,1.4658209857437952,-20.000000000000007
-0.28317282825210344,1.518576488307543,-20.000000000000007
-0.30238421939695287,1.533098215522312,-20.000000000000007
-0.28132352876836003,1.4958962719169133,-20.000000000000007
-0.28247730946334776,1.5068376726865909,-20.000000000000007
-0.2790418615852196,1.465820985743795,-20.000000000000007
-0.26701742554047175,1.764751658231838,-20.000000000000007
-0.28513543071080866,1.5353985649857194,-20.000000000000007
-0.2912171553362285,1.5845358021064677,-20.000000000000007
-0.30432588737324057,1.5061705387306423,-20.000000000000007
-0.3123815826251364,1.503433242214052,-20.000000000000007
-0.3292142313498485,1.4977776541778844,-20.000000000000007
-0.3417406579726556,1.4976563678151908,-20.000000000000007
-0.34327876803833857,1.5002983627233721,-20.000000000000007
-0.34647051114362853,1.4944963097307102,-20.000000000000007
-0.30997783312694854,1.5047893836410877,-20.000000000000007
-0.31796676303693766,1.4970899085288836,-20.000000000000007
-0.3132501572072867,1.503196624367272,-20.000000000000007
-0.34559915398009444,1.498093692364233,-20.000000000000007
-0.3833009492027091,1.5030004261954617,-20.000000000000007
-0.40284561741725544,1.4964271808391132,-20.000000000000007
-0.4358720864491036,1.4049720409434387,-20.000000000000007
-0.446698675165922,1.4339797066672109,-20.000000000000007
-0.46084265303667254,1.3777740564837146,-20.000000000000007
-0.49172071935432726,1.3840138588710984,-20.000000000000007
-0.4895530329838715,1.3882534810198415,-20.000000000000007
-0.49836086785518857,1.3806453953302498,-20.000000000000007
-0.4823012374628383,1.363882703984756,-20.000000000000007
-0.45619639748627544,1.3929417270965998,-20.000000000000007
-0.4280058170116868,1.421058105690809,-20.000000000000007
-0.4040715728341636,1.4948985042575824,-20.000000000000007
-0.4042771316644778,1.493453836489107,-20.000000000000007
-0.39429794115445177,1.4997483384879573,-20.000000000000007
-0.40400122217514717,1.4956358227644329,-20.000000000000007
-0.3995687767426967,1.4961216330747285,-20.000000000000007
-0.3678558954156428,1.4996849154379865,-20.000000000000007
-0.32252373739038437,1.4987714803261256,-20.000000000000007
-0.2790418615852196,1.465820985743795,-20.000000000000007
-0.2276014464421608,1.9245423734898095,-20.000000000000007
-0.22959559270852006,1.9265005679165847,-20.000000000000007
-0.2502845554208488,1.7235141714337492,-20.000000000000007
-0.2549335022414257,1.771860896925751,-20.000000000000007
-0.2790418615852196,1.4658209857437952,-20.000000000000007
-0.2817879916501447,1.4999219417366934,-20.000000000000007
-0.317547819357845,1.4977287325791424,-20.000000000000007
-0.3079150740603888,1.5107775697420782,-20.000000000000007
-0.34335931090376604,1.4990409119938253,-20.000000000000007
-0.33147799587769433,1.4995833311377686,-20.000000000000007
-0.33003043057082276,1.497392721740774,-20.000000000000007
-0.3446181590343862,1.4969699480726573,-20.000000000000007
-0.3263769278954498,1.4985381842505232,-20.000000000000007
-0.3467806711287499,1.497428255672907,-20.000000000000007
-0.33954158901292414,1.4990223829921736,-20.000000000000007
-0.3771707570301586,1.4935481191877191,-20.000000000000007
-0.369396455299639,1.5008824464947002,-20.000000000000007
-0.4038641958221894,1.4937870049526918,-20.000000000000007
-0.39195255719288447,1.5040965379487896,-20.000000000000007
-0.35344785364424813,1.5011870803113494,-20.000000000000007
-0.3464829618668164,1.4966671702441363,-20.000000000000007
-0.2800611877204482,1.4898205913731526,-20.000000000000007
-0.29413467946861555,1.5962431302748081,-20.000000000000007
-0.30362848609905935,1.5141126902435111,-20.000000000000007
-0.3278184386206481,1.500738052351701,-20.000000000000007
-0.3609407038788876,1.4973720029388975,-20.000000000000007
-0.3927552187598396,1.5019896139120634,-20.000000000000007
-0.40526113868840796,1.5008542310338442,-20.000000000000007
-0.43632258699806037,1.4084614313278736,-20.000000000000007
-0.4636413078404982,1.350227887099449,-20.000000000000007
-0.47342350092160645,1.335551916622813,-20.000000000000007
-0.4879429579349081,1.3694437182448123,-20.000000000000007
-0.4736388022760444,1.3419042287590022,-20.000000000000007
-0.4615386298151075,1.3707762733073514,-20.000000000000007
-0.4362629874477472,1.4081660330387118,-20.000000000000007
-0.429522407707689,1.410476668159836,-20.000000000000007
-0.4184319913310187,1.5138488833497876,-20.000000000000007
-0.4181251078973186,1.5090662852791996,-20.000000000000007
-0.4265731519252687,1.4187477432022209,-20.000000000000007
-0.4296595392731747,1.4082260330654583,-20.000000000000007
-0.4160893256088709,1.5118513419479505,-20.000000000000007
-0.35920131935774147,1.4975351854176195,-20.000000000000007
-0.3127434769692858,1.502617373778759,-20.000000000000007
-0.22765097951254287,1.9241020799037793,-20.000000000000007
-0.22701847162298072,1.93090184684529,-20.000000000000007
-0.2182751281321456,1.9327711581825626,-20.000000000000007
-0.2445182156158437,1.8284025365562286,-20.000000000000007
-0.2502845554208488,1.7235141714337492,-20.000000000000007
-0.22959559270852006,1.9265005679165847,-20.000000000000007
-0.25699872454187084,1.7705084698542466,-20.000000000000007
-0.23538467694061216,1.9234328870905961,-20.000000000000007
-0.25524064328010465,1.7695258837127659,-20.000000000000007
-0.25070038717460824,1.727042311021663,-20.000000000000007
-0.25326889233539673,1.7578024270239831,-20.000000000000007
-0.27702138131845955,1.5300788191826162,-20.000000000000007
-0.24406813897134633,1.832088538810274,-20.000000000000007
-0.2935812432453765,1.5962943958935376,-20.000000000000007
-0.27552963855276336,1.575636613138193,-20.000000000000007
-0.27049275923450966,1.7044255040025562,-20.000000000000007
-0.289858468531514,1.5753683835240218,-20.000000000000007
-0.24431076490960957,1.8291243725315856,-20.000000000000007
-0.2845968356926818,1.5319198581045177,-20.000000000000007
-0.27854783151360124,1.4857658922750325,-20.000000000000007
-0.26657818754098117,1.7617140186301457,-20.000000000000007
-0.2790858188465218,1.4629854224262329,-20.000000000000007
-0.2553086674360319,1.7679087453312388,-20.000000000000007
-0.3090730473186497,1.5076237977683649,-20.000000000000007
-0.34609699517570647,1.496095775430475,-20.000000000000007
-0.3816021599877682,1.4981758151567746,-20.000000000000007
-0.4124320968702426,1.4977414133364295,-20.000000000000007
-0.42939979586098076,1.411149387470859,-20.000000000000007
-0.4441803461781571,1.4347423928422653,-20.000000000000007
-0.44617368648665845,1.4376936844574548,-20.000000000000007
-0.46175238372006056,1.3656469714640562,-20.000000000000007
-0.4724738065039509,1.3356053445733933,-20.000000000000007
-0.47586082926005374,1.3458430917372062,-20.000000000000007
-0.4729504007996237,1.3383057099113262,-20.000000000000007
-0.4555672818071814,1.3894125173791612,-20.000000000000007
-0.4206007774615801,1.4574163036356347,-20.000000000000007
-0.394332218278305,1.4998731744914877,-20.000000000000007
-0.3829990491754518,1.4982740549066207,-20.000000000000007
-0.3683690634771361,1.4989219055285172,-20.000000000000007
-0.3751743353398004,1.4932281625663906,-20.000000000000007
-0.3772538667715017,1.4964856052691924,-20.000000000000007
-0.34861710322578876,1.4998118123900943,-20.000000000000007
-0.3056723229784016,1.508243922276715,-20.000000000000007
-0.26483581410672785,1.760182020911433,-20.000000000000007
-0.2040443086596288,1.7471900021231155,-20.000000000000007
-0.24431076490960954,1.8291243725315853,-20.000000000000007
-0.2502845554208488,1.7235141714337492,-20.000000000000007
-0.27947937043403426,1.468697576712997,-20.000000000000007
-0.29901223363289464,1.5663104992768058,-20.000000000000007
-0.3071482235334123,1.51093096580971,-20.000000000000007
-0.32904833343855366,1.498157055661571,-20.000000000000007
-0.3337313959774129,1.4973566872108917,-20.000000000000007
-0.34595256887278153,1.4978839769428651,-20.000000000000007
-0.35541405277600097,1.5003833050152484,-20.000000000000007
-0.3550073943654351,1.4996763362084486,-20.000000000000007
-0.36334233466586646,1.4982435358479875,-20.000000000000007
-0.36064105129477236,1.4987363414971306,-20.000000000000007
-0.36839948835377906,1.4988104924634853,-20.000000000000007
-0.37733194522246255,1.497654222026793,-20.000000000000007
-0.38198468679919567,1.5008323083278914,-20.000000000000007
-0.4040549059739877,1.492271725357397,-20.000000000000007
-0.40073227828893737,1.495231108727658,-20.000000000000007
-0.4157218671182132,1.5082503094764514,-20.000000000000007
-0.387732105581318,1.5000306311518563,-20.000000000000007
-0.3592597568587531,1.4967457611878558,-20.000000000000007
-0.3225914389052548,1.4987033397433502,-20.000000000000007
-0.28280340227417533,1.5128320803744233,-20.000000000000007
-0.29495920399092856,1.5913305422685433,-20.000000000000007
-0.3179667630369377,1.4970899085288836,-20.000000000000007
-0.3502239915229113,1.5016151614179098,-20.000000000000007
-0.4011598989797336,1.4972424968657734,-20.000000000000007
-0.4146678293619343,1.5042940127311448,-20.000000000000007
-0.43489258959186056,1.403602405715613,-20.000000000000007
-0.4617783095426429,1.3712984863486046,-20.000000000000007
-0.46291698359671213,1.358133148406894,-20.000000000000007
-0.47427265765280086,1.34086931056897,-20.000000000000007
-0.4602461340053596,1.385098025359623,-20.000000000000007
-0.4342438620116129,1.4034021331722872,-20.000000000000007
-0.41254141743079653,1.4983459771889476,-20.000000000000007
-0.40066217594188464,1.496173364496446,-20.000000000000007
-0.38426557723573906,1.4970233669265682,-20.000000000000007
-0.38656823829319503,1.5025927145385367,-20.000000000000007
-0.37371520195916474,1.4923555961151154,-20.000000000000007
-0.4040715728341636,1.4948985042575824,-20.000000000000007
-0.4048916999407074,1.4996331861566616,-20.000000000000007
-0.3642616255873123,1.4981687620273207,-20.000000000000007
-0.3385399860872491,1.5013058193390332,-20.000000000000007
-0.25375436341010527,1.768120989651811,-20.000000000000007
-0.21248743473298978,1.8569242044846717,-20.000000000000007
-0.24753611064781525,1.7981305890838026,-20.000000000000007
-0.25513019196106623,1.7702505951470249,-20.000000000000007
-0.28317282825210344,1.5185764883075428,-20.000000000000007
-0.302488094201899,1.5312858336176185,-20.000000000000007
-0.31728592908044345,1.4971946047736844,-20.000000000000007
-0.3333229999155127,1.4976301482215923,-20.000000000000007
-0.3405623242605398,1.4992173795409667,-20.000000000000007
-0.3446181590343862,1.4969699480726575,-20.000000000000007
-0.30503302555024636,1.5085287804689627,-20.000000000000007
-0.33628317611118336,1.501231817464416,-20.000000000000007
-0.29439320887510523,1.5946848216936953,-20.000000000000007
-0.3333229999155126,1.4976301482215923,-20.000000000000007
-0.3413911715064193,1.4988444816542537,-20.000000000000007
-0.3504681255128243,1.5004214922764278,-20.000000000000007
-0.3645309579939221,1.5020222813899937,-20.000000000000007
-0.36786805877020884,1.4999258211986874,-20.000000000000007
-0.386636301375808,1.5013978292749028,-20.000000000000007
-0.37177587778852067,1.496171821808318,-20.000000000000007
-0.38164778849711356,1.4989001797387043,-20.000000000000007
-0.33752714492097824,1.4999705472484657,-20.000000000000007
-0.32544396921783275,1.4977872416013467,-20.000000000000007
-0.31344468204431786,1.504894306366204,-20.000000000000007
-0.33622040862562486,1.5007778139265864,-20.000000000000007
-0.36758685252219675,1.5009653572862374,-20.000000000000007
-0.4169791429204955,1.5172775601540183,-20.000000000000007
-0.427379971564114,1.4206990981375007,-20.000000000000007
-0.45752199436606633,1.3896045274710873,-20.000000000000007
-0.4751819316137388,1.3404954339742612,-20.000000000000007
-0.4733919175374054,1.3360927195108432,-20.000000000000007
-0.48516263610539817,1.3548921835182495,-20.000000000000007
-0.49011498641794526,1.3802155067957236,-20.000000000000007
-0.4758608292600537,1.3458430917372064,-20.000000000000007
-0.475405212873773,1.3444192352757103,-20.000000000000007
-0.44659223258067016,1.436705553916814,-20.000000000000007
-0.42042374051936254,1.4686550073765383,-20.000000000000007
-0.4102216142155152,1.496872278202401,-20.000000000000007
-0.40281542993490804,1.4959126344174076,-20.000000000000007
-0.4113342154483991,1.4950002109087053,-20.000000000000007
-0.41705112414624423,1.507259825306352,-20.000000000000007
-0.3938602057640235,1.501494361793922,-20.000000000000007
-0.3464565605732884,1.4964802687347833,-20.000000000000007
-0.2846493882131486,1.5322274562314535,-20.000000000000007
-0.2194162957036321,1.934944495264261,-20.000000000000007
-0.2040443086596288,1.7471900021231155,-20.000000000000007
-0.24129920992348683,1.8633257096035762,-20.000000000000007
-0.2481293851171244,1.7856504139612346,-20.000000000000007
-0.2689145148419332,1.7307917784395805,-20.000000000000007
-0.28015973205516326,1.4816645126809362,-20.000000000000007
-0.29372309455778584,1.5964980529330166,-20.000000000000007
-0.31550812906409614,1.4949157633151202,-20.000000000000007
-0.3043988005324405,1.508159965903283,-20.000000000000007
-0.30372391345577027,1.5135562713169848,-20.000000000000007
-0.27537338108482107,1.5787915297789388,-20.000000000000007
-0.24839724581557177,1.7826858814747113,-20.000000000000007
-0.24753611064781525,1.7981305890838026,-20.000000000000007
-0.25326889233539673,1.7578024270239831,-20.000000000000007
-0.28602778758251635,1.5655035388086334,-20.000000000000007
-0.31355150958297356,1.5055701827566423,-20.000000000000007
-0.34762146119177695,1.499033948770425,-20.000000000000007
-0.3570898017903617,1.499936883016352,-20.000000000000007
-0.36759062051490266,1.5016324262277538,-20.000000000000007
-0.36483968882054313,1.5025657774272947,-20.000000000000007
-0.3320518558310186,1.49734495585626,-20.000000000000007
-0.31947674387284486,1.495806177967058,-20.000000000000007
-0.28254735595483055,1.5129154936231757,-20.000000000000007
-0.29153794693682544,1.584544472436475,-20.000000000000007
-0.3155081290640962,1.4949157633151202,-20.000000000000007
-0.35351415186631235,1.4998824233964305,-20.000000000000007
-0.3890745075467618,1.4988664099584692,-20.000000000000007
-0.4160305526820017,1.5116897786763996,-20.000000000000007
-0.4265731519252687,1.418747743202221,-20.000000000000007
-0.45214374101085575,1.3995482756275477,-20.000000000000007
-0.4734235009216064,1.3355519166228131,-20.000000000000007
-0.4794315961108139,1.3559828905121467,-20.000000000000007
-0.4729504007996238,1.3383057099113262,-20.000000000000007
-0.44066349961072765,1.4293512026998643,-20.000000000000007
-0.4035278768605343,1.4979746326789494,-20.000000000000007
-0.3716938068827961,1.4969288014285538,-20.000000000000007
-0.36075104722357626,1.4999714155790793,-20.000000000000007
-0.35344770552463467,1.5011310030895513,-20.000000000000007
-0.3461438174800728,1.4942480671448644,-20.000000000000007
-0.35391347840474563,1.4996934594179299,-20.000000000000007
-0.3703980950399508,1.4993470683432366,-20.000000000000007
-0.34461815903438614,1.4969699480726573,-20.000000000000007
-0.3191183849011485,1.4935553759220406,-20.000000000000007
-0.2790418615852196,1.465820985743795,-20.000000000000007
-0.21248743473298976,1.8569242044846714,-20.000000000000007
-0.22117610000737897,1.937196569906587,-20.000000000000007
-0.22760144644216082,1.9245423734898095,-20.000000000000007
-0.2502845554208489,1.7235141714337494,-20.000000000000007
-0.2640443351563116,1.7598858800564579,-20.000000000000007
-0.2790418615852196,1.4658209857437952,-20.000000000000007
-0.32342982992739555,1.500046671255681,-20.000000000000007
-0.3210582415639967,1.5001330446677097,-20.000000000000007
-0.3486171032257888,1.4998118123900943,-20.000000000000007
-0.3260016189075667,1.5004563879790942,-20.000000000000007
-0.3140747866171971,1.5000466012915905,-20.000000000000007
-0.2968434316294735,1.587219654581311,-20.000000000000007
-0.3100085411156226,1.5027754990022917,-20.000000000000007
-0.32704114778604726,1.4996703183468711,-20.000000000000007
-0.34841587923274386,1.5010351255536685,-20.000000000000007
-0.36786805877020884,1.499925821198687,-20.000000000000007
-0.37227577142775753,1.4944246863007316,-20.000000000000007
-0.3919525571928844,1.5040965379487896,-20.000000000000007
-0.3819345760022086,1.500086368051195,-20.000000000000007
-0.37255955388802425,1.4942038132791202,-20.000000000000007
-0.3376877063018484,1.4996327982104622,-20.000000000000007
-0.3186336924170183,1.496725373143558,-20.000000000000007
-0.3119686874158063,1.5042844113748504,-20.000000000000007
-0.34086308766702283,1.4980759641662342,-20.000000000000007
-0.3782742334969737,1.4963333941765378,-20.000000000000007
-0.4304133658506469,1.4061398927781537,-20.000000000000007
-0.44615602572876606,1.4386120288278068,-20.000000000000007
-0.47729848664518193,1.3461545916664863,-20.000000000000007
-0.49823428152237875,1.3837646738034044,-20.000000000000007
-0.4809572071401904,1.3587234815901708,-20.000000000000007
-0.4913473224970272,1.3853849883606646,-20.000000000000007
-0.5001952192316528,1.3886088020140592,-20.000000000000007
-0.48281009320788615,1.3628791687694106,-20.000000000000007
-0.4895511285006443,1.3890769851192506,-20.000000000000007
-0.4646711148071577,1.3450435343527147,-20.000000000000007
-0.44066516747949264,1.4280282521150256,-20.000000000000007
-0.417892392992188,1.5197421264409794,-20.000000000000007
-0.4034948620270723,1.4972263122854328,-20.000000000000007
-0.4035848310858544,1.4952416525702594,-20.000000000000007
-0.39995626525520284,1.4947196150412174,-20.000000000000007
-0.3723763564566068,1.49501064639392,-20.000000000000007
-0.3141575777640876,1.4996702089326654,-20.000000000000007
-0.27790839685100754,1.506475601361616,-20.000000000000007
-0.2040443086596288,1.7471900021231155,-20.000000000000007
-0.23387894087620217,1.9283405232980624,-20.000000000000007
-0.2412992099234868,1.863325709603576,-20.000000000000007
-0.26483581410672785,1.760182020911433,-20.000000000000007
-0.2704927592345097,1.7044255040025562,-20.000000000000007
-0.2806052636354269,1.4882392549076289,-20.000000000000007
-0.3007818516205666,1.547889236260261,-20.000000000000007
-0.3119272047605736,1.502515726175723,-20.000000000000007
-0.3213558568153847,1.4991804839776695,-20.000000000000007
-0.33649875850215827,1.5013340743302694,-20.000000000000007
-0.34243210465261886,1.497733582530916,-20.000000000000007
-0.35584652856356186,1.500865098343311,-20.000000000000007
-0.3606410512947724,1.4987363414971306,-20.000000000000007
-0.3666793731204643,1.5009520571527772,-20.000000000000007
-0.37181837507165516,1.4962588705142823,-20.000000000000007
-0.3892113018342856,1.4997537378964054,-20.000000000000007
-0.3926550849621131,1.5023949703342345,-20.000000000000007
-0.4119258838507432,1.4973456357072448,-20.000000000000007
-0.4129638871267779,1.4983408592421554,-20.000000000000007
-0.3720795458389846,1.4949673826337635,-20.000000000000007
-0.36383888844095463,1.4981764492481486,-20.000000000000007
-0.2961067027701516,1.5917938009987191,-20.000000000000007
-0.2817879916501446,1.4999219417366934,-20.000000000000007
-0.28464938821314856,1.5322274562314537,-20.000000000000007
-0.308911231409168,1.5077660068053518,-20.000000000000007
-0.34162798130954675,1.4980431948566828,-20.000000000000007
-0.3880756697154987,1.4997857322207926,-20.000000000000007
-0.40417873579055347,1.4935751566298747,-20.000000000000007
-0.42127526495484624,1.4557769751662697,-20.000000000000007
-0.4555699002279208,1.3798317659331352,-20.000000000000007
-0.4628141454016097,1.3558103753856126,-20.000000000000007
-0.48114773435606134,1.3583888587296613,-20.000000000000007
-0.4784862444556008,1.3504630063081495,-20.000000000000007
-0.460071821476243,1.3847182340568935,-20.000000000000007
-0.4406212131425658,1.429041683971692,-20.000000000000007
-0.4178136864828721,1.5184092610214812,-20.000000000000007
-0.40275515621858793,1.4966822228242214,-20.000000000000007
-0.38164778849711356,1.4989001797387043,-20.000000000000007
-0.3607527793636137,1.5001175385918943,-20.000000000000007
-0.3629806763488673,1.5005418241131048,-20.000000000000007
-0.3544246310273354,1.4997381215903598,-20.000000000000007
-0.31994713195345925,1.500242291120105,-20.000000000000007
-0.28317282825210344,1.5185764883075428,-20.000000000000007
-0.2319692397184688,1.9142976453010254,-20.000000000000007
-0.18842511370101275,1.5738540301251946,-20.000000000000007
-0.20404430865962883,1.7471900021231153,-20.000000000000007
-0.22088539733767873,1.931145289038375,-20.000000000000007
-0.24812938511712435,1.7856504139612346,-20.000000000000007
-0.25524064328010465,1.769525883712766,-20.000000000000007
-0.2791454461459081,1.462537526633102,-20.000000000000007
-0.28464938821314867,1.5322274562314535,-20.000000000000007
-0.30889891619828647,1.5077598400660759,-20.000000000000007
-0.3066578652994123,1.511806423664141,-20.000000000000007
-0.31423531264967963,1.4993709638225006,-20.000000000000007
-0.30812717007194623,1.5095769915686301,-20.000000000000007
-0.28739973909406236,1.5520020262216154,-20.000000000000007
-0.3016919677366313,1.537138308646687,-20.000000000000007
-0.289858468531514,1.5753683835240215,-20.000000000000007
-0.30783219170547904,1.510784974966152,-20.000000000000007
-0.31280367254792,1.5016564574410485,-20.000000000000007
-0.3272381710061514,1.5003153001989915,-20.000000000000007
-0.33858493529668415,1.5013182274637844,-20.000000000000007
-0.34608977942564656,1.4960414552036363,-20.000000000000007
-0.3347089129790198,1.497717130424942,-20.000000000000007
-0.32268732054459304,1.4985047039049078,-20.000000000000007
-0.30130640372307715,1.5423403938790972,-20.000000000000007
-0.30132286116548207,1.5421981222356205,-20.000000000000007
-0.3227433671778255,1.4996031968452521,-20.000000000000007
-0.36100205181576817,1.498056714335816,-20.000000000000007
-0.4034540713444303,1.4985746155557251,-20.000000000000007
-0.41843199133101877,1.5138488833497874,-20.000000000000007
-0.44735902915292064,1.4322221784822666,-20.000000000000007
-0.47813612679616774,1.3516282356265568,-20.000000000000007
-0.48209278759501206,1.366140792462045,-20.000000000000007
-0.48966761469071285,1.3896186832265793,-20.000000000000007
-0.48343634468873553,1.3734830948726897,-20.000000000000007
-0.4561963974862754,1.3929417270965998,-20.000000000000007
-0.445437876726029,1.4359420811473969,-20.000000000000007
-0.42068626923665164,1.4579544240763571,-20.000000000000007
-0.4045156611376925,1.4969889507476999,-20.000000000000007
-0.37781309839191934,1.4971229008114255,-20.000000000000007
-0.37177665313791614,1.4949214698699387,-20.000000000000007
-0.3604179899477676,1.4988530983203971,-20.000000000000007
-0.3780540730328781,1.4972648714621615,-20.000000000000007
-0.3666343575926941,1.5009656577438801,-20.000000000000007
-0.3213750790150859,1.4991573227869184,-20.000000000000007
-0.29619452782311545,1.5908414666552204,-20.000000000000007
-0.21827512813214564,1.9327711581825628,-20.000000000000007
-0.2120497385941779,1.8497531531648241,-20.000000000000007
-0.2208853973376787,1.9311452890383747,-20.000000000000007
-0.24983746969752976,1.7350726326056745,-20.000000000000007
-0.2561611150643336,1.7683589737554044,-20.000000000000007
-0.30247817569536267,1.5318790309140426,-20.000000000000007
-0.3128036725479201,1.5016564574410483,-20.000000000000007
-0.33756119534887585,1.500425473206419,-20.000000000000007
-0.35626787929603937,1.5007632506938102,-20.000000000000007
-0.34122235010337587,1.4989760499289766,-20.000000000000007
-0.3559631229717665,1.5012811620805853,-20.000000000000007
-0.3379280068336631,1.5001629186654553,-20.000000000000007
-0.3478518635635131,1.4996722675892389,-20.000000000000007
-0.34439274871534115,1.4973076940338463,-20.000000000000007
-0.36582044842308015,1.499379773545591,-20.000000000000007
-0.3704639421608644,1.501067267542228,-20.000000000000007
-0.39272818680851196,1.5040001220811785,-20.000000000000007
-0.4045054124366815,1.496655985621433,-20.000000000000007
-0.40080361842661416,1.4956504271997706,-20.000000000000007
-0.3845958998631329,1.500330635833925,-20.000000000000007
-0.3415045145047076,1.4982926623650197,-20.000000000000007
-0.30981590932426145,1.5047662700740772,-20.000000000000007
-0.2664088206505406,1.76299286126216,-20.000000000000007
-0.28231397637166644,1.508692976825011,-20.000000000000007
-0.2961067027701516,1.5917938009987194,-20.000000000000007
-0.33001465053552287,1.4974977646177328,-20.000000000000007
-0.36571261500489216,1.5000556550194624,-20.000000000000007
-0.4009535469938271,1.4958016266892664,-20.000000000000007
-0.429519463511531,1.4108579285746905,-20.000000000000007
-0.4407074539476544,1.4283377708431984,-20.000000000000007
-0.461103877482537,1.3778466768016515,-20.000000000000007
-0.46502779398513605,1.3478583959915427,-20.000000000000007
-0.4736388022760445,1.3419042287590022,-20.000000000000007
-0.46467001745153863,1.3512866083305302,-20.000000000000007
-0.44632418979111504,1.4342934441096395,-20.000000000000007
-0.4178520275137279,1.4951695456790515,-20.000000000000007
-0.38446106711664957,1.499166722054457,-20.000000000000007
-0.377858545330046,1.4964010140017387,-20.000000000000007
-0.36099842835219287,1.497222840300723,-20.000000000000007
-0.36917940858048803,1.4986629945158303,-20.000000000000007
-0.3730541615562756,1.4931513449381257,-20.000000000000007
-0.3510898957945494,1.4989257386599246,-20.000000000000007
-0.31456911756845785,1.4959717715982968,-20.000000000000007
-0.2570717700453038,1.7713576571960261,-20.000000000000007
-0.2040443086596288,1.7471900021231153,-20.000000000000007
-0.18911923876494982,1.5756732257028958,-20.000000000000007
-0.2208853973376787,1.931145289038375,-20.000000000000007
-0.25707177004530374,1.771357657196026,-20.000000000000007
-0.27537718270784395,1.578807338126714,-20.000000000000007
-0.31336541382747546,1.5043099293610585,-20.000000000000007
-0.3229070745245708,1.4998451484553965,-20.000000000000007
-0.3390299434949854,1.5006115821238495,-20.000000000000007
-0.3596205628502979,1.4976588225336194,-20.000000000000007
-0.35039719002746905,1.5001271931458686,-20.000000000000007
-0.36479419752938963,1.498441530210701,-20.000000000000007
-0.35442125811774494,1.4989230214758262,-20.000000000000007
-0.371434345997758,1.49273405261537,-20.000000000000007
-0.36131366724627545,1.4969316505589518,-20.000000000000007
-0.40013076721885876,1.4968111937991397,-20.000000000000007
-0.38224824843836613,1.5016049909400822,-20.000000000000007
-0.4038620556343056,1.4961416583224425,-20.000000000000007
-0.40913478498306804,1.5002277977176448,-20.000000000000007
-0.384767884102042,1.499079376368988,-20.000000000000007
-0.3821234821826449,1.5007825535589465,-20.000000000000007
-0.3216661466508967,1.4991698978623098,-20.000000000000007
-0.30202671937929515,1.5362950895227487,-20.000000000000007
-0.2845968356926818,1.5319198581045177,-20.000000000000007
-0.33195719067563445,1.4976578792733328,-20.000000000000007
-0.366328392412867,1.4996145944370414,-20.000000000000007
-0.40296755711252646,1.4964228762415948,-20.000000000000007
-0.42126374499535935,1.4610120924122634,-20.000000000000007
-0.4184319913310187,1.5138488833497876,-20.000000000000007
-0.4386924958764252,1.4318355823356506,-20.000000000000007
-0.4564512934538203,1.3818075670975076,-20.000000000000007
-0.46120584317399477,1.3688590926865505,-20.000000000000007
-0.47331573521895537,1.3368696296664109,-20.000000000000007
-0.45663048865006295,1.3992890034235714,-20.000000000000007
-0.4434186684325919,1.4415578814372807,-20.000000000000007
-0.4183924408434871,1.5098927136903049,-20.000000000000007
-0.41020899501581176,1.4967812834147156,-20.000000000000007
-0.39386020576402353,1.5014943617939223,-20.000000000000007
-0.38986534378445314,1.5013425742314976,-20.000000000000007
-0.39112315585219615,1.5037090053803128,-20.000000000000007
-0.4046361529422142,1.4964004034546856,-20.000000000000007
-0.3991468129636579,1.4952815548434848,-20.000000000000007
-0.34771179828088117,1.4999437609011435,-20.000000000000007
-0.30507400553745545,1.5085491091173602,-20.000000000000007
-0.2272581511555578,1.9273187281239845,-20.000000000000007
-0.2196570342500176,1.9384732617866098,-20.000000000000007
-0.24444734909700808,1.8297516327751748,-20.000000000000007
-0.29358124324537654,1.5962943958935376,-20.000000000000007
-0.2953222686400535,1.5906582127765634,-20.000000000000007
-0.33810417809577864,1.500329060437919,-20.000000000000007
-0.33875015487856075,1.5012533130951131,-20.000000000000007
-0.3637553022213813,1.4974201722118574,-20.000000000000007
-0.37405613792468806,1.4934595708690321,-20.000000000000007
-0.3818140955485959,1.4977329732324256,-20.000000000000007
-0.39280309910322253,1.502069180339813,-20.000000000000007
-0.38312541507534326,1.5042043594346624,-20.000000000000007
-0.398338810057543,1.4979522171475488,-20.000000000000007
-0.39435786472555817,1.5002212572122722,-20.000000000000007
-0.40478285631328703,1.4975668656393597,-20.000000000000007
-0.4146678293619343,1.5042940127311446,-20.000000000000007
-0.4181251078973187,1.5090662852791998,-20.000000000000007
-0.4261883833418212,1.4232137346337994,-20.000000000000007
-0.43856237247908625,1.4302892705225425,-20.000000000000007
-0.4293539327517429,1.4115305141111618,-20.000000000000007
-0.41587985818838064,1.5103905538109195,-20.000000000000007
-0.3590752123300582,1.4988517744874357,-20.000000000000007
-0.3290483334385536,1.4981570556615709,-20.000000000000007
-0.30230117584397304,1.534388903431013,-20.000000000000007
-0.3235279743436217,1.5002141093704355,-20.000000000000007
-0.35806618629986153,1.5008569340824323,-20.000000000000007
-0.38476547643128917,1.4997206458180485,-20.000000000000007
-0.42104255563852194,1.457584953747826,-20.000000000000007
-0.4454364487210323,1.439673546749662,-20.000000000000007
-0.4567324587605769,1.3859376086250257,-20.000000000000007
-0.4800547239688283,1.3562055759113822,-20.000000000000007
-0.48581865018934367,1.357333370026843,-20.000000000000007
-0.500329956383554,1.3896182709334117,-20.000000000000007
-0.49031672347953936,1.3944574208579068,-20.000000000000007
-0.47120609224118765,1.3406959842335553,-20.000000000000007
-0.4379027181976395,1.4225836934179459,-20.000000000000007
-0.41089501579071924,1.4969671508467852,-20.000000000000007
-0.4027600995177637,1.4956930630221819,-20.000000000000007
-0.39131563739564823,1.5027686708816337,-20.000000000000007
-0.3999058550671618,1.4935404204622795,-20.000000000000007
-0.4002028715933046,1.493145780451881,-20.000000000000007
-0.3749867121261724,1.4896946193561302,-20.000000000000007
-0.3300131181029933,1.4973032597419003,-20.000000000000007
-0.2828034022741754,1.512832080374423,-20.000000000000007
-0.22760144644216082,1.9245423734898097,-20.000000000000007
-0.24753611064781528,1.7981305890838026,-20.000000000000007
-0.2552406432801047,1.7695258837127659,-20.000000000000007
-0.2790418615852196,1.4658209857437952,-20.000000000000007
-0.2821509299662527,1.5056957729810947,-20.000000000000007
-0.2851354307108087,1.5353985649857196,-20.000000000000007
-0.30099485839634665,1.546634350033458,-20.000000000000007
-0.29552573585960845,1.5906548310896758,-20.000000000000007
-0.3050740055374555,1.50854910911736,-20.000000000000007
-0.2909864358299067,1.5839273016702229,-20.000000000000007
-0.2790418615852196,1.4658209857437952,-20.000000000000007
-0.27949911503684455,1.4679593827854813,-20.000000000000007
-0.27049275923450966,1.7044255040025562,-20.000000000000007
-0.28464938821314867,1.5322274562314537,-20.000000000000007
-0.3097032282177266,1.5055559396463685,-20.000000000000007
-0.30974872444782503,1.5047213828259638,-20.000000000000007
-0.33796159494218103,1.5001772416391368,-20.000000000000007
-0.3340842444488458,1.4969453327257765,-20.000000000000007
-0.3402375466862523,1.4995088968540495,-20.000000000000007
-0.3283175740905862,1.5001194253124959,-20.000000000000007
-0.30891123140916804,1.5077660068053516,-20.000000000000007
-0.28753142989162517,1.5535817006052242,-20.000000000000007
-0.28530312775040767,1.5418028366292362,-20.000000000000007
-0.32026075861095704,1.5000772743247324,-20.000000000000007
-0.3457064891497018,1.4964353772727719,-20.000000000000007
-0.3775187495135018,1.4928708542174354,-20.000000000000007
-0.41789239299218806,1.5197421264409796,-20.000000000000007
-0.4211884132152453,1.4603045291113566,-20.000000000000007
-0.44506862351370047,1.436922612223315,-20.000000000000007
-0.47576304620523924,1.340101326119028,-20.000000000000007
-0.4717916628009514,1.3376462067233454,-20.000000000000007
-0.4828393290334951,1.365908239584341,-20.000000000000007
-0.4637778196333592,1.3507256547142568,-20.000000000000007
-0.4395275960449182,1.4343099056033015,-20.000000000000007
-0.4186963494075805,1.4956944893264499,-20.000000000000007
-0.4036178459193165,1.4959899729637756,-20.000000000000007
-0.3874323207114573,1.4992984024991414,-20.000000000000007
-0.38138498063194676,1.4992378804840945,-20.000000000000007
-0.36364016650786846,1.5020238700965676,-20.000000000000007
-0.3727345829216049,1.4938901207849409,-20.000000000000007
-0.36602650751654453,1.5011803316527748,-20.000000000000007
-0.32026002477956894,1.4999515757428938,-20.000000000000007
-0.28700393950669345,1.5498935715364712,-20.000000000000007
-0.21941629570363208,1.934944495264261,-20.000000000000007
-0.19303815211615682,1.6120202560143864,-20.000000000000007
-0.2317380046122724,1.913286973414019,-20.000000000000007
-0.26404433515631154,1.7598858800564579,-20.000000000000007
-0.27908581884652184,1.4629854224262329,-20.000000000000007
-0.3119272047605737,1.502515726175723,-20.000000000000007
-0.31336450009013783,1.504261528123026,-20.000000000000007
-0.34684245406646996,1.497544502280034,-20.000000000000007
-0.3459748261314214,1.4979145968675103,-20.000000000000007
-0.36770386246789805,1.500486910462356,-20.000000000000007
-0.36812522142111975,1.4987912936749506,-20.000000000000007
-0.37870423310216483,1.4981348927188192,-20.000000000000007
-0.39005844640025233,1.502469522624244,-20.000000000000007
-0.3938967254938854,1.500058539733891,-20.000000000000007
-0.40913478498306804,1.5002277977176448,-20.000000000000007
-0.40490347315110314,1.4988162624274413,-20.000000000000007
-0.4168645708965859,1.5163805579080651,-20.000000000000007
-0.41572186711821313,1.5082503094764517,-20.000000000000007
-0.41935666323315723,1.4904278997443692,-20.000000000000007
-0.4136765517559056,1.5011009618736162,-20.000000000000007
-0.40079394732223594,1.493837326925735,-20.000000000000007
-0.3539714262678376,1.4995035008925255,-20.000000000000007
-0.3242919258905637,1.49954761004096,-20.000000000000007
-0.302301175843973,1.534388903431013,-20.000000000000007
-0.32137507901508594,1.4991573227869186,-20.000000000000007
-0.3471032295557257,1.4984733436718947,-20.000000000000007
-0.3845305349392284,1.498702071400073,-20.000000000000007
-0.4179195737617301,1.514854220508342,-20.000000000000007
-0.4466986751659219,1.4339797066672109,-20.000000000000007
-0.46425423391748005,1.346404803855187,-20.000000000000007
-0.4811451139857383,1.3582716797139105,-20.000000000000007
-0.4952493454358061,1.3856350360066665,-20.000000000000007
-0.49934035567936097,1.38610278594986,-20.000000000000007
-0.49995882273286246,1.3825384994748184,-20.000000000000007
-0.4877028837416254,1.365582563833386,-20.000000000000007
-0.46398738752239066,1.348938608639423,-20.000000000000007
-0.4294722423223612,1.409324211903156,-20.000000000000007
-0.42468873368243437,1.433474974481702,-20.000000000000007
-0.4131120717914658,1.4988762027907383,-20.000000000000007
-0.428116318629982,1.423491092354493,-20.000000000000007
-0.4205756653302039,1.4696948733521327,-20.000000000000007
-0.3769805297577237,1.4920975487509331,-20.000000000000007
-0.33027888389365134,1.496246829533788,-20.000000000000007
-0.24610831432149347,1.816116149255602,-20.000000000000007
-0.1888889760460641,1.574862788567904,-20.000000000000007
-0.2047365030509324,1.7580889424488186,-20.000000000000007
-0.24233012893262862,1.84794078918592,-20.000000000000007
-0.25524064328010465,1.7695258837127659,-20.000000000000007
-0.27904186158521965,1.4658209857437952,-20.000000000000007
-0.28132352876836003,1.4958962719169133,-20.000000000000007
-0.28697500443684704,1.5495357993911463,-20.000000000000007
-0.29696254910753334,1.5865608776553706,-20.000000000000007
-0.302301175843973,1.534388903431013,-20.000000000000007
-0.3024880942018989,1.5312858336176183,-20.000000000000007
-0.3150584239533691,1.4953632325012063,-20.000000000000007
-0.29361751982967116,1.596454869303817,-20.000000000000007
-0.3030801358032826,1.5193781836769171,-20.000000000000007
-0.2801051246410948,1.4811490945842527,-20.000000000000007
-0.2847667536329253,1.5329115731342657,-20.000000000000007
-0.28517378958035433,1.535504724456564,-20.000000000000007
-0.30212152026981104,1.536289298422414,-20.000000000000007
-0.3127434769692857,1.5026173737787587,-20.000000000000007
-0.29703655725035905,1.5851722208902905,-20.000000000000007
-0.29532226864005356,1.5906582127765634,-20.000000000000007
-0.25375436341010527,1.7681209896518109,-20.000000000000007
-0.26479321434048253,1.762033531805558,-20.000000000000007
-0.2129714569421571,1.8551211557628877,-20.000000000000007
-0.1994335142152018,1.6818411216689304,-20.000000000000007
-0.17426758362483646,1.5596310191219986,-20.000000000000007
-0.12962373824809628,1.525556298070263,-20.000000000000007
-0.12942838191366207,1.5266195020865654,-20.000000000000007
-0.12540407940220547,1.5225030507157353,-20.000000000000007
-0.12540407940220547,1.522503050715735,-20.000000000000007
-0.12540407940220547,1.5225030507157356,-20.000000000000007
-0.1254040794022055,1.5225030507157353,-20.000000000000007
-0.1254040801820389,1.5225047004235046,-20.000000000000007
-0.1254040801820389,1.5225047004235046,-20.000000000000007
-0.12540408018203894,1.5225047004235046,-20.000000000000007
-0.12684286767579064,1.5197244813100856,-20.000000000000007
-0.1254040794022055,1.5225030507157356,-20.000000000000007
-0.12540408018203894,1.5225047004235048,-20.000000000000007
-0.12540407940220547,1.5225030507157353,-20.000000000000007
-0.12540407940220547,1.5225030507157356,-20.000000000000007
-0.12684286767579064,1.519724481310086,-20.000000000000007
-0.1296237382480963,1.5255562980702633,-20.000000000000007
-0.13496593015556185,1.4904004997731792,-20.000000000000007
-0.13559501490126288,1.4971204706629226,-20.000000000000007
-0.13634314369070832,1.469091816603712,-20.000000000000007
-0.13766089245675403,1.4109848407592602,-20.000000000000007
-0.16491224342351885,1.4962079272044329,-20.000000000000007
-0.16270023080057264,1.4821412217524916,-20.000000000000007
-0.17825534106184443,1.5837285229747726,-20.000000000000007
-0.1742675836248365,1.5596310191219989,-20.000000000000007
-0.14969871320520375,1.4376750065870232,-20.000000000000007
-0.14969871320520373,1.4376750065870232,-20.000000000000007
-0.13766089245675403,1.4109848407592602,-20.000000000000007
-0.13774689261824094,1.4138227263361494,-20.000000000000007
-0.14969871320520373,1.437675006587023,-20.000000000000007
-0.1377468926182409,1.4138227263361496,-20.000000000000007
-0.1377468926182409,1.4138227263361494,-20.000000000000007
-0.14896232389835787,1.441250436214657,-20.000000000000007
-0.13559501490126286,1.4971204706629224,-20.000000000000007
-0.14969871320520375,1.437675006587023,-20.000000000000007
-0.14969871320520375,1.437675006587023,-20.000000000000007
-0.13774689261824094,1.4138227263361496,-20.000000000000007
-0.16491224342351885,1.4962079272044329,-20.000000000000007
-0.16015086704143036,1.4658572207674505,-20.000000000000007
-0.18110619219721427,1.5615965088310686,-20.000000000000007
-0.2194162957036321,1.934944495264261,-20.000000000000007
-0.22959559270852006,1.9265005679165845,-20.000000000000007
-0.2275252027118275,1.926456581372527,-20.000000000000007
-0.20473650305093238,1.7580889424488189,-20.000000000000007
-0.16491224342351885,1.4962079272044324,-20.000000000000007
-0.13523645424514372,1.495613264896909,-20.000000000000007
-0.13434189990028764,1.4942024153350568,-20.000000000000007
-0.12684286767579064,1.5197244813100856,-20.000000000000007
-0.12684286767579067,1.5197244813100856,-20.000000000000007
-0.12540408018203894,1.5225047004235046,-20.000000000000007
-0.12962373824809628,1.525556298070263,-20.000000000000007
-0.13162334867738157,1.5125531912026637,-20.000000000000007
-0.1352364542451437,1.4956132648969092,-20.000000000000007
-0.176942965478157,1.572743141012019,-20.000000000000007
-0.18226034594502283,1.575240624019803,-20.000000000000007
-0.18942453257317313,1.5791548760255547,-20.000000000000007
-0.18911923876494982,1.5756732257028958,-20.000000000000007
-0.18110619219721427,1.5615965088310684,-20.000000000000007
-0.179509115801908,1.5810607140359074,-20.000000000000007
-0.17337853243457832,1.5519365666422185,-20.000000000000007
-0.16491224342351887,1.4962079272044326,-20.000000000000007
-0.15098676968313507,1.3990909895297734,-20.000000000000007
-0.14975414285615307,1.435613454864934,-20.000000000000007
-0.14975414285615307,1.4356134548649337,-20.000000000000007
-0.13766089245675403,1.4109848407592607,-20.000000000000007
-0.14969871320520375,1.4376750065870232,-20.000000000000007
-0.1377468926182409,1.4138227263361494,-20.000000000000007
-0.1489623238983579,1.4412504362146568,-20.000000000000007
-0.13766089245675403,1.4109848407592605,-20.000000000000007
-0.13766089245675403,1.4109848407592602,-20.000000000000007
-0.13559501490126288,1.4971204706629224,-20.000000000000007
-0.13496593015556185,1.490400499773179,-20.000000000000007
-0.1352364542451437,1.4956132648969094,-20.000000000000007
-0.13541503259313709,1.4948226663941326,-20.000000000000007
-0.13541503259313706,1.4948226663941324,-20.000000000000007
-0.13766089245675406,1.4109848407592605,-20.000000000000007
-0.13766033188648455,1.4110074467856226,-20.000000000000007
-0.13626488909486958,1.477604195252314,-20.000000000000007
-0.13634314369070832,1.469091816603712,-20.000000000000007
-0.13523645424514372,1.4956132648969092,-20.000000000000007
-0.1352364542451437,1.4956132648969092,-20.000000000000007
-0.13496593015556188,1.4904004997731792,-20.000000000000007
-0.13523645424514372,1.4956132648969094,-20.000000000000007
-0.17716407672167844,1.5760687284044748,-20.000000000000007
-0.22760144644216082,1.9245423734898095,-20.000000000000007
-0.24965204629655044,1.7463127307456157,-20.000000000000007
-0.24352941008181264,1.8371727099357726,-20.000000000000007
-0.20422406494602985,1.747052220087362,-20.000000000000007
-0.13766089245675403,1.4109848407592602,-20.000000000000007
-0.1296237382480963,1.525556298070263,-20.000000000000007
-0.13160506288298884,1.5132325960306732,-20.000000000000007
-0.13160506288298884,1.5132325960306732,-20.000000000000007
-0.13160506288298887,1.5132325960306732,-20.000000000000007
-0.1296237382480963,1.525556298070263,-20.000000000000007
-0.12684286767579067,1.5197244813100859,-20.000000000000007
-0.12684286767579064,1.5197244813100859,-20.000000000000007
-0.12684286767579064,1.5197244813100856,-20.000000000000007
-0.12942838191366204,1.5266195020865654,-20.000000000000007
-0.13160506288298884,1.5132325960306732,-20.000000000000007
-0.13225188883939853,1.5058494988029958,-20.000000000000007
-0.1322518888393985,1.505849498802996,-20.000000000000007
-0.13496593015556185,1.490400499773179,-20.000000000000007
-0.1316233486773816,1.5125531912026637,-20.000000000000007
-0.12962373824809628,1.5255562980702628,-20.000000000000007
-0.1296237382480963,1.5255562980702628,-20.000000000000007
-0.1296237382480963,1.525556298070263,-20.000000000000007
-0.12962373824809628,1.5255562980702628,-20.000000000000007
-0.13496593015556188,1.490400499773179,-20.000000000000007
-0.13541503259313706,1.4948226663941324,-20.000000000000007
-0.13559501490126288,1.4971204706629226,-20.000000000000007
-0.1377468926182409,1.4138227263361496,-20.000000000000007
-0.13766089245675403,1.4109848407592602,-20.000000000000007
-0.1489623238983579,1.441250436214657,-20.000000000000007
-0.1377468926182409,1.4138227263361496,-20.000000000000007
-0.14975414285615304,1.435613454864934,-20.000000000000007
-0.14975414285615304,1.4356134548649337,-20.000000000000007
-0.14969871320520373,1.4376750065870232,-20.000000000000007
-0.13766089245675406,1.4109848407592605,-20.000000000000007
-0.13766089245675403,1.4109848407592605,-20.000000000000007
-0.13634314369070832,1.4690918166037121,-20.000000000000007
-0.13505647193701792,1.4933154606281194,-20.000000000000007
-0.13607296571720057,1.4831686616984472,-20.000000000000007
-0.1322518888393985,1.5058494988029958,-20.000000000000007
-0.13559501490126288,1.4971204706629226,-20.000000000000007
-0.1352364542451437,1.4956132648969092,-20.000000000000007
-0.13496593015556185,1.4904004997731792,-20.000000000000007
-0.1622651465189021,1.479978094344565,-20.000000000000007
-0.18837473412143405,1.573377960684116,-20.000000000000007
-0.2274971884303127,1.9257830119911161,-20.000000000000007
-0.23004414627332737,1.9260009259196482,-20.000000000000007
-0.2129327072135938,1.8551551876074688,-20.000000000000007
-0.17950911580190804,1.5810607140359074,-20.000000000000007
-0.1350079976204999,1.4901723146345818,-20.000000000000007
-0.1352364542451437,1.4956132648969094,-20.000000000000007
-0.1316233486773816,1.512553191202664,-20.000000000000007
-0.1316233486773816,1.5125531912026637,-20.000000000000007
-0.13496593015556188,1.490400499773179,-20.000000000000007
-0.13225188883939853,1.505849498802996,-20.000000000000007
-0.13496593015556188,1.4904004997731792,-20.000000000000007
-0.13496593015556185,1.4904004997731792,-20.000000000000007
-0.13496593015556188,1.4904004997731792,-20.000000000000007
-0.1316233486773816,1.512553191202664,-20.000000000000007
-0.1352364542451437,1.4956132648969094,-20.000000000000007
-0.1352364542451437,1.4956132648969092,-20.000000000000007
-0.13634314369070832,1.469091816603712,-20.000000000000007
-0.13774689261824094,1.4138227263361494,-20.000000000000007
-0.13766089245675403,1.4109848407592602,-20.000000000000007
-0.13559501490126286,1.4971204706629226,-20.000000000000007
-0.13541503259313706,1.4948226663941326,-20.000000000000007
-0.13541503259313709,1.4948226663941326,-20.000000000000007
-0.13500799762049986,1.4901723146345818,-20.000000000000007
-0.13559501490126286,1.4971204706629226,-20.000000000000007
-0.13559501490126286,1.4971204706629224,-20.000000000000007
-0.13607296571720057,1.4831686616984474,-20.000000000000007
-0.13634314369070832,1.4690918166037124,-20.000000000000007
-0.1363431436907083,1.4690918166037121,-20.000000000000007
-0.13626488909486958,1.4776041952523142,-20.000000000000007
-0.1352364542451437,1.4956132648969094,-20.000000000000007
-0.13496593015556188,1.490400499773179,-20.000000000000007
-0.1316233486773816,1.512553191202664,-20.000000000000007
-0.12962373824809628,1.525556298070263,-20.000000000000007
-0.12684286767579064,1.5197244813100859,-20.000000000000007
-0.12540408018203894,1.522504700423505,-20.000000000000007
-0.12942838191366207,1.5266195020865658,-20.000000000000007
-0.12756711120681585,1.520806514362063,-20.000000000000007
-0.12756711120681585,1.5208065143620628,-20.000000000000007
-0.13160506288298887,1.5132325960306732,-20.000000000000007
-0.12756711120681588,1.5208065143620628,-20.000000000000007
-0.12756711120681585,1.520806514362063,-20.000000000000007
-0.13626488909486958,1.4776041952523145,-20.000000000000007
-0.18837473412143407,1.5733779606841163,-20.000000000000007
-0.2298747365570338,1.9210853728673365,-20.000000000000007
-0.3009753816825688,1.5478856504334075,-20.000000000000007
-0.3488433526284379,1.5005707265693482,-20.000000000000007
-0.38489133303495965,1.5007219298752408,-20.000000000000007
-0.4203572085097323,1.4723648662483408,-20.000000000000007
-0.43491610969327366,1.4045508180568105,-20.000000000000007
-0.43873123956127935,1.4317130245127323,-20.000000000000007
-0.45985275859521796,1.3834663696634348,-20.000000000000007
-0.4653647979654802,1.3474736860661032,-20.000000000000007
-0.4728380459071638,1.3344192763904492,-20.000000000000007
-0.47437093720157075,1.3409373410820438,-20.000000000000007
-0.4615582358675104,1.3712880883202645,-20.000000000000007
-0.44562179576332084,1.438336267572611,-20.000000000000007
-0.4422689275022631,1.444009115484889,-20.000000000000007
-0.4169791429204954,1.5172775601540178,-20.000000000000007
-0.3923745348789528,1.5034383430759226,-20.000000000000007
-0.3759835186862885,1.4908410875963354,-20.000000000000007
-0.3573031244961632,1.5001394893905031,-20.000000000000007
-0.3484159999444615,1.500958612396283,-20.000000000000007
-0.3263595452810043,1.4989738622196787,-20.000000000000007
-0.3015795176557523,1.5403959415769013,-20.000000000000007
-0.27867797291209545,1.4793883314631033,-20.000000000000007
-0.2502845554208488,1.7235141714337492,-20.000000000000007
-0.2537543634101053,1.7681209896518113,-20.000000000000007
-0.25354922465006957,1.7668554769849825,-20.000000000000007
-0.27912945033240527,1.4624896225013033,-20.000000000000007
-0.2791294503324053,1.4624896225013033,-20.000000000000007
-0.3054493395984941,1.5083550434456754,-20.000000000000007
-0.3134061406287617,1.5043921718149362,-20.000000000000007
-0.3280592599200411,1.500748311117548,-20.000000000000007
-0.33858380382335207,1.5004136193319308,-20.000000000000007
-0.33394530895538993,1.497138122656451,-20.000000000000007
-0.33913115836118474,1.5008434032547573,-20.000000000000007
-0.32876307871450594,1.4982035834538967,-20.000000000000007
-0.33334469282791857,1.4972111673072646,-20.000000000000007
-0.33585150607095254,1.499263520450398,-20.000000000000007
-0.3442323983821172,1.4977935559811186,-20.000000000000007
-0.35655430813732364,1.5005838033700172,-20.000000000000007
-0.3674644264383119,1.5032213572752289,-20.000000000000007
-0.3719004112422988,1.494803812208842,-20.000000000000007
-0.39112315585219615,1.5037090053803124,-20.000000000000007
-0.37880671926745624,1.4995029946227358,-20.000000000000007
-0.3670110643230483,1.502960582783039,-20.000000000000007
-0.3213583771720693,1.498534984042192,-20.000000000000007
-0.3007015081433857,1.5481886638389142,-20.000000000000007
-0.2806052636354269,1.4882392549076287,-20.000000000000007
-0.3036410904006948,1.5138245684873046,-20.000000000000007
-0.3467806711287499,1.497428255672907,-20.000000000000007
-0.37621006189211365,1.494988065784722,-20.000000000000007
-0.41618401324482646,1.5119602740301499,-20.000000000000007
-0.4335046168897319,1.4042974918641,-20.000000000000007
-0.4612461227408046,1.3683552353866086,-20.000000000000007
-0.4968730835565156,1.3888316926234567,-20.000000000000007
-0.5018280465710235,1.393139246024557,-20.000000000000007
-0.5052621629485429,1.417593896492853,-20.000000000000007
-0.48162654623808654,1.35898171195794,-20.000000000000007
-0.44658534821108176,1.4350800796751024,-20.000000000000007
-0.4179700873426878,1.5174227630654675,-20.000000000000007
-0.40079394732223583,1.493837326925735,-20.000000000000007
-0.39195255719288435,1.5040965379487892,-20.000000000000007
-0.39255868715142855,1.50270518897086,-20.000000000000007
-0.4150954204190599,1.5060276255044167,-20.000000000000007
-0.4281695587035964,1.4231946415271601,-20.000000000000007
-0.42118841321524536,1.4603045291113563,-20.000000000000007
-0.38449974121220026,1.4999068163832519,-20.000000000000007
-0.33895624086815546,1.5005027592016846,-20.000000000000007
-0.2674312015883032,1.7588110840655822,-20.000000000000007
-0.2553086674360319,1.7679087453312388,-20.000000000000007
-0.24814112531457128,1.785614123065802,-20.000000000000007
-0.278757928389648,1.4731592481629834,-20.000000000000007
-0.28017850664265614,1.4808622782670067,-20.000000000000007
-0.3046509177259954,1.5067965437007278,-20.000000000000007
-0.3228372083411391,1.4990617505016297,-20.000000000000007
-0.3263714338378932,1.4987721527305313,-20.000000000000007
-0.33895624086815557,1.5005027592016844,-20.000000000000007
-0.3025646658846859,1.5287374112881382,-20.000000000000007
-0.30776745121695326,1.5111449464988784,-20.000000000000007
-0.2568142431796844,1.7714254073301816,-20.000000000000007
-0.28289673420219247,1.5143055952871867,-20.000000000000007
-0.2821722189642003,1.5267850002696615,-20.000000000000007
-0.3212152739914178,1.4988233754878943,-20.000000000000007
-0.33672672578944307,1.5008375740955624,-20.000000000000007
-0.3673333819602038,1.503107280223778,-20.000000000000007
-0.3843670456534081,1.4989195561798436,-20.000000000000007
-0.40498465095258324,1.4993612642310938,-20.000000000000007
-0.40419592604893845,1.4915149330215327,-20.000000000000007
-0.36061169579722385,1.4998677148844917,-20.000000000000007
-0.3499995006599825,1.5012335291989856,-20.000000000000007
-0.31552158151582776,1.4954417910714846,-20.000000000000007
-0.3534478536442482,1.5011870803113496,-20.000000000000007
-0.39220159979563174,1.5047700366303498,-20.000000000000007
-0.42948230958212574,1.4094443724861114,-20.000000000000007
-0.44243339242470014,1.4438981805301048,-20.000000000000007
-0.46166202234007303,1.3653859949722933,-20.000000000000007
-0.4873116475445757,1.365456844115168,-20.000000000000007
-0.4993694237108084,1.3856783738779241,-20.000000000000007
-0.5051064680329468,1.419569294193178,-20.000000000000007
-0.4850033218528451,1.3539792118014353,-20.000000000000007
-0.46123263864083247,1.3701332396395058,-20.000000000000007
-0.4262911104756447,1.4215647388126946,-20.000000000000007
-0.4100935649151762,1.4968339322623077,-20.000000000000007
-0.38773210558131804,1.5000306311518563,-20.000000000000007
-0.3722757714277575,1.4944246863007316,-20.000000000000007
-0.36786805877020884,1.499925821198687,-20.000000000000007
-0.359821369115698,1.4975452203818267,-20.000000000000007
-0.38083527162262343,1.500024681662452,-20.000000000000007
-0.38164778849711356,1.4989001797387038,-20.000000000000007
-0.3617249026617528,1.4974295968965607,-20.000000000000007
-0.3232108689791303,1.500155002422595,-20.000000000000007
-0.2655447567858155,1.7640050352116354,-20.000000000000007
-0.22745693797728467,1.9260292721451286,-20.000000000000007
-0.2276014464421608,1.9245423734898095,-20.000000000000007
-0.278503721794862,1.4843198954563879,-20.000000000000007
-0.2806052636354269,1.4882392549076287,-20.000000000000007
-0.31344730088746714,1.504256463686055,-20.000000000000007
-0.3327330406374917,1.4972273603020243,-20.000000000000007
-0.34162798130954664,1.4980431948566826,-20.000000000000007
-0.36818496852241794,1.4985053214082376,-20.000000000000007
-0.36698771487518594,1.5009300020100178,-20.000000000000007
-0.3842597147837157,1.4996515180861025,-20.000000000000007
-0.3819299663526029,1.499310669357966,-20.000000000000007
-0.39280309910322253,1.5020691803398127,-20.000000000000007
-0.394332218278305,1.499873174491488,-20.000000000000007
-0.40417873579055347,1.4935751566298745,-20.000000000000007
-0.41285297096202445,1.4977885338169055,-20.000000000000007
-0.4212385201780514,1.4605036391538295,-20.000000000000007
-0.42618838334182113,1.4232137346337994,-20.000000000000007
-0.44506862351370047,1.436922612223315,-20.000000000000007
-0.4424333924247002,1.4438981805301045,-20.000000000000007
-0.4048602966330444,1.4992060014733706,-20.000000000000007
-0.36994755650660693,1.499385289872997,-20.000000000000007
-0.31539685493954817,1.494593949100369,-20.000000000000007
-0.2965029564967724,1.5892511843510007,-20.000000000000007
-0.31491972726217377,1.4937406159514635,-20.000000000000007
-0.36294915401912586,1.4976987593206794,-20.000000000000007
-0.39304827626657735,1.501101992205212,-20.000000000000007
-0.4292936219933345,1.4116041899103098,-20.000000000000007
-0.44164049424241336,1.4343309440594691,-20.000000000000007
-0.4612461227408047,1.3683552353866086,-20.000000000000007
-0.48471988957028506,1.3545348377124204,-20.000000000000007
-0.49834117537124634,1.3833567002159073,-20.000000000000007
-0.505528001928803,1.416055708540709,-20.000000000000007
-0.4877269295157616,1.3663243723492844,-20.000000000000007
-0.46195081090860035,1.366579724958901,-20.000000000000007
-0.4294823095821258,1.4094443724861117,-20.000000000000007
-0.41359062717327616,1.5007335837790705,-20.000000000000007
-0.4007939473222359,1.4938373269257348,-20.000000000000007
-0.38905313367694166,1.4992779213477556,-20.000000000000007
-0.4007939473222359,1.493837326925735,-20.000000000000007
-0.4177922979261891,1.5177118522792308,-20.000000000000007
-0.40011116240119216,1.493261440858923,-20.000000000000007
-0.35541405277600097,1.5003833050152486,-20.000000000000007
-0.30907304731864965,1.507623797768365,-20.000000000000007
-0.2295955927085201,1.9265005679165847,-20.000000000000007
-0.23440823261138904,1.9331740021179948,-20.000000000000007
-0.250556063595243,1.723400206217824,-20.000000000000007
-0.27631090418711085,1.550908563940168,-20.000000000000007
-0.28142695502286064,1.4940282397987894,-20.000000000000007
-0.29664804194091327,1.5886021923646303,-20.000000000000007
-0.31140726895288623,1.4993464598473931,-20.000000000000007
-0.31975859728919276,1.4971998658592462,-20.000000000000007
-0.3441379793245111,1.4979553148310636,-20.000000000000007
-0.33868808052683286,1.5009946129111191,-20.000000000000007
-0.3678558954156428,1.4996849154379863,-20.000000000000007
-0.35488473483516136,1.4998582805680205,-20.000000000000007
-0.384157946065187,1.4996420872477703,-20.000000000000007
-0.38215741028771066,1.5012281132470846,-20.000000000000007
-0.40361784591931654,1.4959899729637756,-20.000000000000007
-0.41192588385074325,1.497345635707245,-20.000000000000007
-0.4161129492981589,1.5118101648032491,-20.000000000000007
-0.4288479420497592,1.4159563769229733,-20.000000000000007
-0.4129638871267779,1.4983408592421554,-20.000000000000007
-0.4007939473222359,1.493837326925735,-20.000000000000007
-0.3433087536830815,1.5006377276241833,-20.000000000000007
-0.321993175101415,1.4978552426374105,-20.000000000000007
-0.3046166144289823,1.506033936452659,-20.000000000000007
-0.3415169479253411,1.498197208336434,-20.000000000000007
-0.37698755118303884,1.4924424342599365,-20.000000000000007
-0.421198071582344,1.460217801999414,-20.000000000000007
-0.439151338498624,1.4296437168096956,-20.000000000000007
-0.46492398918648764,1.347244928372425,-20.000000000000007
-0.48646263898173464,1.3567782160724762,-20.000000000000007
-0.484515443757245,1.353904027292895,-20.000000000000007
-0.4931631384024263,1.3841932390400669,-20.000000000000007
-0.4989804213466412,1.3850666287399318,-20.000000000000007
-0.4854301462687153,1.3589633283915217,-20.000000000000007
-0.4874388299300766,1.364307401531585,-20.000000000000007
-0.4725458824794623,1.3364771517203138,-20.000000000000007
-0.4537874734110478,1.3875795494438328,-20.000000000000007
-0.4201918607508577,1.4752384581258724,-20.000000000000007
-0.41686457089658585,1.5163805579080654,-20.000000000000007
-0.3999058550671617,1.4935404204622795,-20.000000000000007
-0.4038680853064463,1.4923228234903876,-20.000000000000007
-0.387732105581318,1.5000306311518563,-20.000000000000007
-0.3253949147947501,1.4987404808028133,-20.000000000000007
-0.29634099340997583,1.589913430853709,-20.000000000000007
-0.22028223899943516,1.9396231885002952,-20.000000000000007
-0.21931127683429325,1.934614313986411,-20.000000000000007
-0.2502845554208488,1.7235141714337494,-20.000000000000007
-0.2667565134828852,1.7618320179012814,-20.000000000000007
-0.2830597806076063,1.517302799131103,-20.000000000000007
-0.30207169763752567,1.537042363799272,-20.000000000000007
-0.31865023985707586,1.4959219857936563,-20.000000000000007
-0.3333229999155127,1.4976301482215926,-20.000000000000007
-0.3543663534912822,1.4992400676578794,-20.000000000000007
-0.3578524914997845,1.5001962788280137,-20.000000000000007
-0.38164044672272085,1.498464434554313,-20.000000000000007
-0.3724959993474455,1.4937325126917802,-20.000000000000007
-0.39808245313703866,1.4976181317931871,-20.000000000000007
-0.39802634821531835,1.4981378544873896,-20.000000000000007
-0.41574368666284295,1.5073501902834483,-20.000000000000007
-0.4293711674606338,1.412069757723019,-20.000000000000007
-0.43700860257407825,1.4170443452842523,-20.000000000000007
-0.4572466674123137,1.3898138268536,-20.000000000000007
-0.4454853212724925,1.4389500728386964,-20.000000000000007
-0.42112194742647113,1.459955625014826,-20.000000000000007
-0.3648389827788443,1.50228693159849,-20.000000000000007
-0.32888251217887476,1.4986671290814346,-20.000000000000007
-0.2786779729120955,1.4793883314631033,-20.000000000000007
-0.2963409934099759,1.589913430853709,-20.000000000000007
-0.32028761576993064,1.499978158351574,-20.000000000000007
-0.35808069770041556,1.500907536179386,-20.000000000000007
-0.384399468658277,1.49914753878377,-20.000000000000007
-0.4274981362806713,1.4200335635900905,-20.000000000000007
-0.43873123956127935,1.4317130245127323,-20.000000000000007
-0.4564512934538203,1.3818075670975078,-20.000000000000007
-0.48530863379219596,1.355806821798426,-20.000000000000007
-0.4989804213466411,1.3850666287399318,-20.000000000000007
-0.5088927457533952,1.3664230241247486,-20.000000000000007
-0.5034269827391067,1.3991439963580652,-20.000000000000007
-0.4797834278441431,1.3568501201614636,-20.000000000000007
-0.4497986398038958,1.4140743495788193,-20.000000000000007
-0.4338559516092169,1.4032108641913765,-20.000000000000007
-0.42118841321524525,1.4603045291113563,-20.000000000000007
-0.41593586504604607,1.5115808465942002,-20.000000000000007
-0.42118841321524525,1.4603045291113563,-20.000000000000007
-0.43917160545986533,1.4292727233241205,-20.000000000000007
-0.4157939336057512,1.5100231757163738,-20.000000000000007
-0.36334233466586646,1.4982435358479873,-20.000000000000007
-0.31503132145148505,1.4940271262594227,-20.000000000000007
-0.2208853973376787,1.9311452890383751,-20.000000000000007
-0.2378795448343607,1.9021277516891228,-20.000000000000007
-0.24965204629655047,1.7463127307456154,-20.000000000000007
-0.2786779729120955,1.4793883314631036,-20.000000000000007
-0.2847667536329253,1.5329115731342657,-20.000000000000007
-0.3016919677366312,1.5371383086466872,-20.000000000000007
-0.31140092494288407,1.499831645162984,-20.000000000000007
-0.3195137306498266,1.4962152062331193,-20.000000000000007
-0.3242313636907037,1.5004666339860337,-20.000000000000007
-0.3127434769692857,1.5026173737787587,-20.000000000000007
-0.3210740707693349,1.5002422758698062,-20.000000000000007
-0.30665786529941236,1.511806423664141,-20.000000000000007
-0.3224537379935303,1.4985674364106436,-20.000000000000007
-0.3333229999155126,1.4976301482215923,-20.000000000000007
-0.3607138768201897,1.498350777287405,-20.000000000000007
-0.3705164617333685,1.496018274307894,-20.000000000000007
-0.40386808530644625,1.4923228234903874,-20.000000000000007
-0.4034579608286872,1.4971104340934205,-20.000000000000007
-0.4131120717914658,1.4988762027907383,-20.000000000000007
-0.39912901859430316,1.4937210302869255,-20.000000000000007
-0.357427492332815,1.5002798394963222,-20.000000000000007
-0.33778614501990306,1.499318988195339,-20.000000000000007
-0.31277385142520997,1.5046078879524436,-20.000000000000007
-0.3465406013870164,1.4948924044055822,-20.000000000000007
-0.37773116431446996,1.4928209027999002,-20.000000000000007
-0.4179700873426879,1.5174227630654678,-20.000000000000007
-0.45830403759183047,1.3927388068873503,-20.000000000000007
-0.4616620223400731,1.3653859949722933,-20.000000000000007
-0.4827263799079555,1.3641288523701303,-20.000000000000007
-0.5054736103661315,1.4145534141735798,-20.000000000000007
-0.5051064680329467,1.419569294193178,-20.000000000000007
-0.5175911302218911,1.2632342435428725,-20.000000000000007
-0.508892745753395,1.3664230241247486,-20.000000000000007
-0.48788464316018354,1.368493893779449,-20.000000000000007
-0.4742711511445713,1.3395176476845907,-20.000000000000007
-0.45650415355359225,1.382292332896105,-20.000000000000007
-0.4396007245356261,1.4305121670180203,-20.000000000000007
-0.43917160545986533,1.4292727233241205,-20.000000000000007
-0.4261883833418212,1.4232137346337996,-20.000000000000007
-0.44659802791286274,1.4351962181923916,-20.000000000000007
-0.4469523469249418,1.4327739011193874,-20.000000000000007
-0.40966134424687517,1.4998673892772334,-20.000000000000007
-0.369903732791781,1.4991845951371865,-20.000000000000007
-0.29552573585960845,1.5906548310896758,-20.000000000000007
-0.24431076490960954,1.8291243725315856,-20.000000000000007
-0.2591851976197309,1.7766506820675625,-20.000000000000007
-0.286243990716846,1.5440999107565243,-20.000000000000007
-0.3015611909201041,1.5393647665325947,-20.000000000000007
-0.32933766898895256,1.4979152957503588,-20.000000000000007
-0.3363293244120081,1.501278597622433,-20.000000000000007
-0.3723763564566069,1.4950106463939197,-20.000000000000007
-0.37047071407197246,1.4991898564902977,-20.000000000000007
-0.40427713166447776,1.493453836489107,-20.000000000000007
-0.3926348296983734,1.5026831769035067,-20.000000000000007
-0.39265707802142163,1.5024424586947271,-20.000000000000007
-0.4042771316644778,1.4934538364891068,-20.000000000000007
-0.38300220568126336,1.5019543065271332,-20.000000000000007
-0.40513019445138954,1.4992839690276805,-20.000000000000007
-0.39989978315404323,1.4946158078620866,-20.000000000000007
-0.4215498996764507,1.45624754480946,-20.000000000000007
-0.4181251078973187,1.5090662852791998,-20.000000000000007
-0.4562925347026195,1.3823020042610812,-20.000000000000007
-0.4293539327517429,1.4115305141111616,-20.000000000000007
-0.3876244033051199,1.499670917001367,-20.000000000000007
-0.3620616246348298,1.4978489587116282,-20.000000000000007
-0.2801051246410948,1.4811490945842523,-20.000000000000007
-0.3019660543653012,1.5367776295803581,-20.000000000000007
-0.3200005436472929,1.4993447299640765,-20.000000000000007
-0.35078634658745206,1.4985459254181688,-20.000000000000007
-0.37621006189211365,1.494988065784722,-20.000000000000007
-0.4161432768255945,1.5102941839617545,-20.000000000000007
-0.4408598223537496,1.4288271119990057,-20.000000000000007
-0.4617061214010887,1.3650323678314473,-20.000000000000007
-0.49898042134664117,1.385066628739932,-20.000000000000007
-0.5088927457533952,1.3664230241247488,-20.000000000000007
-0.504465742973465,1.4056359244453343,-20.000000000000007
-0.5077416559711635,1.3604170101568271,-20.000000000000007
-0.4850807208414304,1.3558137861015782,-20.000000000000007
-0.4465853482110818,1.4350800796751024,-20.000000000000007
-0.44248672991250826,1.4436407792970058,-20.000000000000007
-0.4169791429204954,1.5172775601540178,-20.000000000000007
-0.42513664154515507,1.4293177205349148,-20.000000000000007
-0.41895352255374974,1.4979991861952322,-20.000000000000007
-0.42138539881668935,1.457909788056852,-20.000000000000007
-0.39346248837127273,1.5006059604489843,-20.000000000000007
-0.33280080109707444,1.49738538953531,-20.000000000000007
-0.29881176237094226,1.5684020832519354,-20.000000000000007
-0.24753611064781528,1.7981305890838026,-20.000000000000007
-0.28289673420219247,1.514305595287187,-20.000000000000007
-0.3112397295858605,1.4996814048370226,-20.000000000000007
-0.36698771487518594,1.5009300020100178,-20.000000000000007
-0.37405613792468806,1.4934595708690321,-20.000000000000007
-0.41218618763824827,1.4972931722711813,-20.000000000000007
-0.4296975185912876,1.411282703710759,-20.000000000000007
-0.4174715736837053,1.508707032383364,-20.000000000000007
-0.4526780428509496,1.4013396843580554,-20.000000000000007
-0.42083568707794905,1.4543274567325564,-20.000000000000007
-0.4387841516499472,1.4344274013971907,-20.000000000000007
-0.42530768631222327,1.431972880241302,-20.000000000000007
-0.44074782871912965,1.4283109463701285,-20.000000000000007
-0.43485415452608944,1.4041944707442335,-20.000000000000007
-0.45755972608706275,1.3924205815762676,-20.000000000000007
-0.4638631562865627,1.3479544014388294,-20.000000000000007
-0.4618362914584616,1.363183606472567,-20.000000000000007
-0.5031896692861658,1.3992352022419927,-20.000000000000007
-0.45752199436606644,1.389604527471087,-20.000000000000007
-0.42811631862998195,1.423491092354493,-20.000000000000007
-0.37491271691558453,1.4902995377112096,-20.000000000000007
-0.3289039877325685,1.4986230961176072,-20.000000000000007
-0.2865299092708709,1.5603751967977453,-20.000000000000007
-0.2821722189642003,1.5267850002696615,-20.000000000000007
-0.2549620868411279,1.771807764152899,-20.000000000000007
-0.20438912631107456,1.7467571198479008,-20.000000000000007
-0.2043891263110745,1.746757119847901,-20.000000000000007
-0.18888897604606417,1.5748627885679038,-20.000000000000007
-0.18942453257317313,1.5791548760255545,-20.000000000000007
-0.18842511370101273,1.5738540301251946,-20.000000000000007
-0.21295636326596953,1.8553596150545901,-20.000000000000007
-0.22772843991301128,1.9230621957348462,-20.000000000000007
-0.2537715283888896,1.7682218800440648,-20.000000000000007
-0.2803319691550644,1.5128860238921247,-20.000000000000007
-0.2955947557328634,1.5935973113764805,-20.000000000000007
-0.30863502376351964,1.5073549291131614,-20.000000000000007
-0.32928197357972666,1.496438812465021,-20.000000000000007
-0.33854548971299653,1.500283054299457,-20.000000000000007
-0.3654636600034344,1.5027695516532806,-20.000000000000007
-0.37226232284269994,1.4941995335636682,-20.000000000000007
-0.38264577818369594,1.5024532460070126,-20.000000000000007
-0.3803448684913379,1.4992908340701148,-20.000000000000007
-0.3597563376680672,1.4974926956770185,-20.000000000000007
-0.3570044846167475,1.5005886401227015,-20.000000000000007
-0.362033774638226,1.4977728864751643,-20.000000000000007
-0.3806773842703033,1.5000842747470131,-20.000000000000007
-0.40427713166447776,1.493453836489107,-20.000000000000007
-0.4297695451773479,1.4111761814433306,-20.000000000000007
-0.429838270533508,1.4095755796364324,-20.000000000000007
-0.460071821476243,1.3847182340568938,-20.000000000000007
-0.4491463682705903,1.419981367970679,-20.000000000000007
-0.473758390903473,1.3422371071993595,-20.000000000000007
-0.46025924976400456,1.3871520683161358,-20.000000000000007
-0.4608105366363169,1.3776463237260455,-20.000000000000007
-0.45608816115414474,1.3931597667732103,-20.000000000000007
-0.44544937238070725,1.4360693836861085,-20.000000000000007
-0.4529790719450602,1.4002030191169854,-20.000000000000007
-0.4555851085396238,1.3956413700519543,-20.000000000000007
-0.46127291820764216,1.3696293823395638,-20.000000000000007
-0.4728380459071638,1.3344192763904494,-20.000000000000007
-0.4726926934025635,1.335421192131074,-20.000000000000007
-0.4810558972712653,1.3590001426130003,-20.000000000000007
-0.4639338749619759,1.3472332067786723,-20.000000000000007
-0.4179700873426879,1.517422763065468,-20.000000000000007
-0.3844099745093643,1.4984706960059708,-20.000000000000007
-0.3016919677366312,1.5371383086466872,-20.000000000000007
-0.26554475678581557,1.7640050352116359,-20.000000000000007
-0.22029259161325185,1.940007286674711,-20.000000000000007
-0.18226034594502277,1.5752406240198031,-20.000000000000007
-0.13774689261824094,1.4138227263361494,-20.000000000000007
-0.1316233486773816,1.512553191202664,-20.000000000000007
-0.12540408018203894,1.5225047004235046,-20.000000000000007
-0.12540407940220547,1.5225030507157353,-20.000000000000007
-0.12405129492932987,1.5281230603556573,-20.000000000000007
-0.12405129492932987,1.528123060355657,-20.000000000000007
-0.1254040801820389,1.5225047004235046,-20.000000000000007
-0.12684286767579064,1.5197244813100859,-20.000000000000007
-0.13225188883939853,1.5058494988029962,-20.000000000000007
-0.13496593015556188,1.490400499773179,-20.000000000000007
-0.1377468926182409,1.4138227263361496,-20.000000000000007
-0.16015086704143036,1.4658572207674503,-20.000000000000007
-0.18159448893339836,1.5695762451319148,-20.000000000000007
-0.22164106841618952,1.9189519988593977,-20.000000000000007
-0.27872285999479984,1.5410216059235347,-20.000000000000007
-0.2860847862583424,1.5660072351777896,-20.000000000000007
-0.26483581410672785,1.7601820209114332,-20.000000000000007
-0.2806052636354269,1.4882392549076287,-20.000000000000007
-0.27045162263075184,1.7048316654883398,-20.000000000000007
-0.32496901188307425,1.4998511167267479,-20.000000000000007
-0.3691689089355753,1.4984507159740552,-20.000000000000007
-0.4122833024407927,1.497097575951078,-20.000000000000007
-0.42061209960331825,1.4575077810819015,-20.000000000000007
-0.4391843262978602,1.4313589939078386,-20.000000000000007
-0.44663633437110273,1.4325606013426861,-20.000000000000007
-0.44321971615620404,1.4442310916114527,-20.000000000000007
-0.4253076863122231,1.431972880241302,-20.000000000000007
-0.4009117655328024,1.4966088343728103,-20.000000000000007
-0.3535720566923466,1.498826753964193,-20.000000000000007
-0.35345087181085716,1.500695320244101,-20.000000000000007
-0.3379615949421811,1.5001772416391366,-20.000000000000007
-0.36064105129477236,1.4987363414971306,-20.000000000000007
-0.36801445092275387,1.4996287667805774,-20.000000000000007
-0.37771752346797693,1.4934490184648594,-20.000000000000007
-0.39131563739564823,1.5027686708816335,-20.000000000000007
-0.3875259298377684,1.4997140552809936,-20.000000000000007
-0.38289406285332794,1.498990965838089,-20.000000000000007
-0.31964841274223776,1.4994535630531072,-20.000000000000007
-0.3293462407989761,1.4980891152634936,-20.000000000000007
-0.2851332098101641,1.540811121599488,-20.000000000000007
-0.280344928427133,1.4982341503592278,-20.000000000000007
-0.26097092027265634,1.7684319709747789,-20.000000000000007
-0.19316194813994036,1.6117989308347909,-20.000000000000007
-0.13559501490126288,1.4971204706629224,-20.000000000000007
-0.12756711120681585,1.520806514362063,-20.000000000000007
-0.12756711120681585,1.520806514362063,-20.000000000000007
-0.12738145262106898,1.5267946817346167,-20.000000000000007
-0.12738145340090243,1.5267963314423856,-20.000000000000007
-0.12612832371306415,1.523586733475482,-20.000000000000007
-0.12684286767579067,1.5197244813100856,-20.000000000000007
-0.1284933585024709,1.5247118007304847,-20.000000000000007
-0.13496593015556188,1.4904004997731792,-20.000000000000007
-0.13500799762049986,1.4901723146345818,-20.000000000000007
-0.14969871320520373,1.4376750065870232,-20.000000000000007
-0.17259283802865877,1.5472393109831908,-20.000000000000007
-0.18228861399733542,1.5713954407096156,-20.000000000000007
-0.22164106841618958,1.9189519988593977,-20.000000000000007
-0.2762572881687932,1.6093831430886232,-20.000000000000007
-0.27872285999479984,1.5410216059235349,-20.000000000000007
-0.25634037277722355,1.7686087636972747,-20.000000000000007
-0.28015984769796337,1.4819241385848265,-20.000000000000007
-0.24444734909700805,1.829751632775175,-20.000000000000007
-0.28459683569268174,1.5319198581045177,-20.000000000000007
-0.30677391376734775,1.5114988088153865,-20.000000000000007
-0.32312708659489264,1.5001259564893228,-20.000000000000007
-0.3440396501425922,1.498151528386947,-20.000000000000007
-0.35715696617992376,1.5016818420119848,-20.000000000000007
-0.36812522142111975,1.4987912936749506,-20.000000000000007
-0.3787162830234586,1.4980753451176059,-20.000000000000007
-0.3806761067406669,1.4998403617343945,-20.000000000000007
-0.3827479584593214,1.5023898820853931,-20.000000000000007
-0.36778274174281345,1.5000672160837532,-20.000000000000007
-0.37739340298588564,1.4977591044857692,-20.000000000000007
-0.36334233466586646,1.4982435358479875,-20.000000000000007
-0.394332218278305,1.499873174491488,-20.000000000000007
-0.3968458957545721,1.4993471456649272,-20.000000000000007
-0.41297117382543425,1.4975363776164226,-20.000000000000007
-0.41897521764996015,1.498097943652593,-20.000000000000007
-0.42164399041489575,1.4554349262128567,-20.000000000000007
-0.4181251078973187,1.5090662852791998,-20.000000000000007
-0.3578736976891689,1.4995304542573757,-20.000000000000007
-0.3489653719154592,1.5000862066483769,-20.000000000000007
-0.29439320887510523,1.5946848216936949,-20.000000000000007
-0.30199941955518167,1.5361668358469758,-20.000000000000007
-0.2965997979352038,1.5893444059498703,-20.000000000000007
-0.2689145148419332,1.7307917784395808,-20.000000000000007
-0.2040443086596288,1.7471900021231153,-20.000000000000007
-0.1735996436780998,1.5552621540346743,-20.000000000000007
-0.1352364542451437,1.4956132648969094,-20.000000000000007
-0.13496593015556188,1.4904004997731792,-20.000000000000007
-0.13496593015556185,1.4904004997731792,-20.000000000000007
-0.13162334867738157,1.5125531912026637,-20.000000000000007
-0.13500799762049986,1.4901723146345818,-20.000000000000007
-0.1352364542451437,1.4956132648969094,-20.000000000000007
-0.16015086704143033,1.4658572207674503,-20.000000000000007
-0.17825534106184443,1.5837285229747722,-20.000000000000007
-0.20438912631107453,1.746757119847901,-20.000000000000007
-0.2311815772079107,1.9065723377878263,-20.000000000000007
-0.2762375751492372,1.6097422061583702,-20.000000000000007
-0.2940994835385073,1.5976984666975411,-20.000000000000007
-0.34327876803833857,1.5002983627233721,-20.000000000000007
-0.3673333819602038,1.503107280223778,-20.000000000000007
-0.35730312449616325,1.5001394893905033,-20.000000000000007
-0.3459748261314214,1.49791459686751,-20.000000000000007
-0.3016919677366312,1.537138308646687,-20.000000000000007
-0.2828967342021925,1.5143055952871867,-20.000000000000007
-0.31323465374487414,1.5031433285859488,-20.000000000000007
-0.34151957474627503,1.4982883712361659,-20.000000000000007
-0.3928030991032226,1.5020691803398127,-20.000000000000007
-0.4034656328300477,1.499104163455638,-20.000000000000007
-0.4315282259360693,1.4070422904193183,-20.000000000000007
-0.4210986437938232,1.4521280888622032,-20.000000000000007
-0.4392179438775835,1.4311351390514737,-20.000000000000007
-0.4296704271126742,1.4120035398551178,-20.000000000000007
-0.41595847215746184,1.5194794373674088,-20.000000000000007
-0.4232928311140218,1.4388080690118719,-20.000000000000007
-0.40346563283004766,1.4991041634556381,-20.000000000000007
-0.41996236129394915,1.466685338437607,-20.000000000000007
-0.41239421860554615,1.4976499013763283,-20.000000000000007
-0.4341313841654142,1.405606711561422,-20.000000000000007
-0.4213341178796289,1.4611219456660245,-20.000000000000007
-0.4369415507404757,1.4177836551590768,-20.000000000000007
-0.44772238994379354,1.42894501794567,-20.000000000000007
-0.4179700873426878,1.5174227630654675,-20.000000000000007
-0.3771410188293507,1.4932064341010864,-20.000000000000007
-0.3429332672473858,1.4984821204418532,-20.000000000000007
-0.28177666528430867,1.4999724734682327,-20.000000000000007
-0.28081145783503453,1.5017772094884352,-20.000000000000007
-0.2616633759731477,1.7677691244973872,-20.000000000000007
-0.21297145694215702,1.8551211557628875,-20.000000000000007
-0.1727105924878417,1.5475677015548939,-20.000000000000007
-0.1322518888393985,1.505849498802996,-20.000000000000007
-0.13496593015556188,1.4904004997731792,-20.000000000000007
-0.13496593015556188,1.4904004997731792,-20.000000000000007
-0.13162334867738157,1.512553191202664,-20.000000000000007
-0.13225188883939853,1.5058494988029958,-20.000000000000007
-0.1316233486773816,1.5125531912026637,-20.000000000000007
-0.13559501490126288,1.4971204706629226,-20.000000000000007
-0.13766089245675403,1.4109848407592602,-20.000000000000007
-0.14896232389835787,1.441250436214657,-20.000000000000007
-0.14969871320520373,1.4376750065870232,-20.000000000000007
-0.151885716309857,1.4022628753804087,-20.000000000000007
-0.17950911580190804,1.5810607140359072,-20.000000000000007
-0.18942453257317313,1.5791548760255545,-20.000000000000007
-0.19585537949812198,1.6384858842004735,-20.000000000000007
-0.18842511370101275,1.5738540301251949,-20.000000000000007
-0.18837473412143407,1.5733779606841163,-20.000000000000007
-0.18842511370101273,1.5738540301251946,-20.000000000000007
-0.21248743473298978,1.8569242044846717,-20.000000000000007
-0.2549335022414257,1.7718608969257512,-20.000000000000007
-0.2631168609227145,1.763322943722421,-20.000000000000007
-0.2800646343242985,1.4804481976705712,-20.000000000000007
-0.27790839685100754,1.5064756013616165,-20.000000000000007
-0.2704927592345097,1.7044255040025562,-20.000000000000007
-0.278425118808435,1.4867946420201634,-20.000000000000007
-0.2833956926911652,1.5216054649451891,-20.000000000000007
-0.3083747341267421,1.5088529389489542,-20.000000000000007
-0.30099485839634665,1.5466343500334578,-20.000000000000007
-0.3023997732398548,1.5330279319782414,-20.000000000000007
-0.2755296385527634,1.575636613138193,-20.000000000000007
-0.2869750044368471,1.549535799391146,-20.000000000000007
-0.30303915581607355,1.5193578550285198,-20.000000000000007
-0.3149197272621738,1.4937406159514635,-20.000000000000007
-0.3090730473186497,1.507623797768365,-20.000000000000007
-0.3043258873732405,1.5061705387306423,-20.000000000000007
-0.29422327624799866,1.5960524765230601,-20.000000000000007
-0.2975284401155927,1.5810926848745,-20.000000000000007
-0.2873955492764528,1.566144844644372,-20.000000000000007
-0.28240792700003725,1.5098681157608709,-20.000000000000007
-0.2865789735963707,1.5473008647470075,-20.000000000000007
-0.2729537283535945,1.6343549669011321,-20.000000000000007
-0.27908581884652184,1.462985422426233,-20.000000000000007
-0.24144067112421888,1.8607073622458232,-20.000000000000007
-0.18837473412143405,1.5733779606841163,-20.000000000000007
-0.1509864912825978,1.3992341320455806,-20.000000000000007
-0.13496593015556188,1.4904004997731792,-20.000000000000007
-0.13496593015556188,1.490400499773179,-20.000000000000007
-0.13496593015556188,1.490400499773179,-20.000000000000007
-0.13496593015556185,1.490400499773179,-20.000000000000007
-0.13500799762049986,1.4901723146345816,-20.000000000000007
-0.14975414285615304,1.435613454864934,-20.000000000000007
-0.2040443086596288,1.7471900021231153,-20.000000000000007
-0.24874625585157883,1.7701760576307424,-20.000000000000007
-0.25055606359524296,1.723400206217824,-20.000000000000007
-0.2475439191850135,1.798329388501767,-20.000000000000007
-0.22638606166750122,1.9313937377440498,-20.000000000000007
-0.24444734909700805,1.8297516327751753,-20.000000000000007
-0.2807672738371603,1.5036825731342283,-20.000000000000007
-0.28322577179405317,1.5311954548617424,-20.000000000000007
-0.25890844727499596,1.7778534643314239,-20.000000000000007
-0.23440823261138902,1.9331740021179948,-20.000000000000007
-0.24642853154227046,1.810923664554543,-20.000000000000007
-0.27947937043403426,1.468697576712997,-20.000000000000007
-0.3189181985139756,1.4931845373473962,-20.000000000000007
-0.3149197272621738,1.4937406159514637,-20.000000000000007
-0.2926679546044218,1.5866359812303066,-20.000000000000007
-0.2821509299662527,1.5056957729810947,-20.000000000000007
-0.2982925296585293,1.5733807730097908,-20.000000000000007
-0.31218822155953874,1.5032968341767172,-20.000000000000007
-0.301561190920104,1.539364766532595,-20.000000000000007
-0.2689145148419332,1.7307917784395808,-20.000000000000007
-0.2124874347329898,1.8569242044846717,-20.000000000000007
-0.21023380688351329,1.8304416245211914,-20.000000000000007
-0.23430923262649492,1.9311415577316968,-20.000000000000007
-0.2817879916501446,1.4999219417366936,-20.000000000000007
-0.29703655725035905,1.5851722208902905,-20.000000000000007
-0.29862074142302597,1.570243886862617,-20.000000000000007
-0.2862439907168459,1.5440999107565243,-20.000000000000007
-0.27935849131223844,1.4672582451444944,-20.000000000000007
-0.28814170716685666,1.568094876014239,-20.000000000000007
-0.28764465475327106,1.572620408759627,-20.000000000000007
-0.2840421646681802,1.5545894597520333,-20.000000000000007
-0.2831294950850029,1.5188264880622553,-20.000000000000007
-0.3112051314793149,1.4995131876192795,-20.000000000000007
-0.29596416273484455,1.5920776156156906,-20.000000000000007
-0.2883611502816686,1.568238582924879,-20.000000000000007
-0.2505240863301698,1.7228946145977089,-20.000000000000007
-0.1822603459450228,1.575240624019803,-20.000000000000007
-0.17716407672167844,1.5760687284044748,-20.000000000000007
-0.15098649128259778,1.3992341320455803,-20.000000000000007
-0.14896232389835787,1.4412504362146568,-20.000000000000007
-0.1362648890948696,1.4776041952523142,-20.000000000000007
-0.13559501490126288,1.4971204706629224,-20.000000000000007
-0.1377468926182409,1.4138227263361496,-20.000000000000007
-0.1822603459450228,1.575240624019803,-20.000000000000007
-0.18837473412143407,1.573377960684116,-20.000000000000007
-0.20705829646613286,1.780269717362204,-20.000000000000007
-0.22146526432565106,1.9306074444407773,-20.000000000000007
-0.22907067213471016,1.9266742771147656,-20.000000000000007
-0.28012282572287456,1.5083149570986671,-20.000000000000007
-0.26429046053214056,1.7617697777026167,-20.000000000000007
-0.28992565534128756,1.5807958950624532,-20.000000000000007
-0.2645581026822671,1.7629302717530586,-20.000000000000007
-0.220147146048528,1.9414399986101936,-20.000000000000007
-0.24839724581557182,1.7826858814747113,-20.000000000000007
-0.22033055059070922,1.9384815235691368,-20.000000000000007
-0.2640443351563116,1.7598858800564576,-20.000000000000007
-0.2851737895803543,1.535504724456564,-20.000000000000007
-0.2900414280162537,1.5754744787830819,-20.000000000000007
-0.2831728282521034,1.5185764883075428,-20.000000000000007
-0.34056232426053973,1.4992173795409667,-20.000000000000007
-0.3317462494607599,1.4981849455732188,-20.000000000000007
-0.33375897593638076,1.4972293129690204,-20.000000000000007
-0.3730487426236888,1.493256745104616,-20.000000000000007
-0.33369341628084287,1.4968893894479778,-20.000000000000007
-0.3535099652330227,1.499862917461525,-20.000000000000007
-0.3511586336605375,1.498933691289463,-20.000000000000007
-0.3508747223977813,1.4983305762153383,-20.000000000000007
-0.3580571430588799,1.500799668139969,-20.000000000000007
-0.34282235728880683,1.4983882535145474,-20.000000000000007
-0.35024829828130455,1.501238493483409,-20.000000000000007
-0.3534256671067533,1.5009037974482202,-20.000000000000007
-0.33567787899262097,1.4990323290910277,-20.000000000000007
-0.32863197918326464,1.497048199362791,-20.000000000000007
-0.3056559210016499,1.5073161216508653,-20.000000000000007
-0.27867797291209545,1.4793883314631033,-20.000000000000007
-0.2823512116961867,1.5077373236686635,-20.000000000000007
-0.2850061604512506,1.5348786479170937,-20.000000000000007
-0.2832661601801205,1.5200500032203066,-20.000000000000007
-0.2488996822317046,1.7664111245118412,-20.000000000000007
-0.18837473412143405,1.5733779606841163,-20.000000000000007
-0.16015086704143033,1.4658572207674505,-20.000000000000007
-0.1352364542451437,1.4956132648969094,-20.000000000000007
-0.1350079976204999,1.4901723146345816,-20.000000000000007
-0.13496593015556185,1.4904004997731792,-20.000000000000007
-0.13766089245675406,1.4109848407592605,-20.000000000000007
-0.16491224342351885,1.4962079272044329,-20.000000000000007
-0.18888897604606414,1.5748627885679038,-20.000000000000007
-0.24352941008181267,1.8371727099357729,-20.000000000000007
-0.25675315076822686,1.7714058379401538,-20.000000000000007
-0.29147740979926867,1.5871046801701687,-20.000000000000007
-0.2944880100093192,1.5970179772254682,-20.000000000000007
-0.32929048870040734,1.4965044850678502,-20.000000000000007
-0.318778923259479,1.499129294075336,-20.000000000000007
-0.35159872947680965,1.498707298640673,-20.000000000000007
-0.33755828804858734,1.4998749928889668,-20.000000000000007
-0.2879214246588281,1.5730996135501174,-20.000000000000007
-0.2831294950850029,1.5188264880622555,-20.000000000000007
-0.1894245325731731,1.5791548760255545,-20.000000000000007
-0.24812938511712437,1.7856504139612348,-20.000000000000007
-0.27049275923450966,1.7044255040025562,-20.000000000000007
-0.3186535225903018,1.4959430523424797,-20.000000000000007
-0.3773265262898759,1.4977596221932834,-20.000000000000007
-0.3778695221355434,1.4966681350262017,-20.000000000000007
-0.4125414174307965,1.4983459771889471,-20.000000000000007
-0.39254562721586056,1.5032342919366144,-20.000000000000007
-0.3941783879444585,1.5006133343698131,-20.000000000000007
-0.39418057063326467,1.5006502679181914,-20.000000000000007
-0.3840064583509875,1.4981686440381663,-20.000000000000007
-0.39291360293104577,1.501879732565646,-20.000000000000007
-0.3772538667715017,1.4964856052691924,-20.000000000000007
-0.4040715728341636,1.494898504257582,-20.000000000000007
-0.3710298520473916,1.493930383446808,-20.000000000000007
-0.40935316453504317,1.5011022929304034,-20.000000000000007
-0.3845454135113594,1.5004915717028284,-20.000000000000007
-0.3991229466811846,1.4947964176867328,-20.000000000000007
-0.409170968474746,1.5010474970012595,-20.000000000000007
-0.38264577818369594,1.5024532460070124,-20.000000000000007
-0.3636908050896276,1.5020779289279327,-20.000000000000007
-0.2829922327349511,1.5329960255437345,-20.000000000000007
-0.23440823261138902,1.9331740021179946,-20.000000000000007
-0.14969871320520373,1.437675006587023,-20.000000000000007
-0.13634314369070832,1.469091816603712,-20.000000000000007
-0.1352364542451437,1.4956132648969094,-20.000000000000007
-0.13500799762049986,1.4901723146345818,-20.000000000000007
-0.13496593015556188,1.490400499773179,-20.000000000000007
-0.13496593015556185,1.4904004997731792,-20.000000000000007
-0.13496593015556185,1.4904004997731792,-20.000000000000007
-0.13496593015556188,1.490400499773179,-20.000000000000007
-0.13496593015556185,1.490400499773179,-20.000000000000007
-0.13496593015556185,1.4904004997731792,-20.000000000000007
-0.134987587169906,1.490284182800638,-20.000000000000007
-0.13500799762049986,1.4901723146345816,-20.000000000000007
-0.13505647193701795,1.4933154606281192,-20.000000000000007
-0.13559501490126288,1.4971204706629226,-20.000000000000007
-0.13559501490126286,1.4971204706629224,-20.000000000000007
-0.13766089245675406,1.4109848407592605,-20.000000000000007
-0.14896232389835787,1.4412504362146568,-20.000000000000007
-0.14969871320520373,1.4376750065870232,-20.000000000000007
-0.1497541574130439,1.4356391577721637,-20.000000000000007
-0.16015086704143036,1.4658572207674505,-20.000000000000007
-0.16226514651890211,1.479978094344565,-20.000000000000007
-0.17694296547815702,1.572743141012019,-20.000000000000007
-0.17917386072802038,1.5901780441278879,-20.000000000000007
-0.180374903390968,1.5624216849117096,-20.000000000000007
-0.1811061921972143,1.5615965088310684,-20.000000000000007
-0.18220996636544406,1.5747645545787246,-20.000000000000007
-0.1884055236351954,1.5705858562368933,-20.000000000000007
-0.18215363028809564,1.5702186650839225,-20.000000000000007
-0.19082329531069092,1.5880699398860834,-20.000000000000007
-0.20073950510757607,1.7431564730484341,-20.000000000000007
-0.2046848233590407,1.7442442470352897,-20.000000000000007
-0.21990894098602337,1.926001591715591,-20.000000000000007
-0.2134834710776139,1.8491291362183486,-20.000000000000007
-0.22187253272843058,1.9204197096956945,-20.000000000000007
-0.22128770288046049,1.9345219819883086,-20.000000000000007
-0.22776047917484274,1.9188603295135365,-20.000000000000007
-0.23550427551091696,1.9188905410913628,-20.000000000000007
-0.24345653204761047,1.8310137004212268,-20.000000000000007
-0.24840704630731456,1.772447313002039,-20.000000000000007
-0.2490364012653017,1.7521989410410854,-20.000000000000007
-0.2510726606818412,1.7167328213685205,-20.000000000000007
-0.2503836637376047,1.7099445186385254,-20.000000000000007
-0.2596437830918536,1.7734974557644254,-20.000000000000007
-0.2567631404995505,1.7687802986409478,-20.000000000000007
-0.2787310165976559,1.540481016840682,-20.000000000000007
-0.27614764966364835,1.6125191817071258,-20.000000000000007
-0.28147973710679575,1.52529738204103,-20.000000000000007
-0.28040688778592177,1.5047866790540925,-20.000000000000007
-0.28551481210738916,1.5631726242681472,-20.000000000000007
-0.2857609807639739,1.5635482586604628,-20.000000000000007
-0.29933914510636656,1.5645769770689055,-20.000000000000007
-0.30134802574065694,1.5419666367450628,-20.000000000000007
-0.31286943398502143,1.5045796759697254,-20.000000000000007
-0.307576303871034,1.509276746359918,-20.000000000000007
-0.3210639062091024,1.4971287986638524,-20.000000000000007
-0.3134569033908726,1.5044050371811044,-20.000000000000007
-0.32590666828850556,1.5008285816295341,-20.000000000000007
-0.3239898640401626,1.4998350031606282,-20.000000000000007
-0.32855378682691444,1.4969955962660957,-20.000000000000007
-0.3354347207539742,1.5008919766305966,-20.000000000000007
-0.33242715003037504,1.4969490584181704,-20.000000000000007
-0.34565269451703384,1.4964446780822405,-20.000000000000007
-0.3385558749335988,1.5002336361072839,-20.000000000000007
-0.3578131476518674,1.4989993650070803,-20.000000000000007
-0.34443552413210565,1.497730622278457,-20.000000000000007
-0.36506257759690663,1.5019356875175045,-20.000000000000007
-0.3512241339342831,1.5002586328855434,-20.000000000000007
-0.36640307111497,1.5017327365401083,-20.000000000000007
-0.3551830118483307,1.5004075944605666,-20.000000000000007
-0.36336777250767516,1.5031214496242746,-20.000000000000007
-0.3578918369398615,1.4995937068785676,-20.000000000000007
-0.3591185885504631,1.4968819798004256,-20.000000000000007
-0.3622956799501663,1.5003332398893443,-20.000000000000007
-0.3640903070337215,1.5014376598449681,-20.000000000000007
-0.3650299395854604,1.5021752994107427,-20.000000000000007
-0.3717758777885207,1.4961718218083178,-20.000000000000007
-0.36700177017065816,1.5027388188229145,-20.000000000000007
-0.3819846867991957,1.5008323083278914,-20.000000000000007
-0.3719055753643097,1.4948734172483875,-20.000000000000007
-0.38776448732000085,1.5000248328276955,-20.000000000000007
-0.38455481050428425,1.5003939227014023,-20.000000000000007
-0.3878440849189915,1.5002141264935782,-20.000000000000007
-0.3998141458750494,1.493656080869322,-20.000000000000007
-0.3865157071531615,1.5013573836094487,-20.000000000000007
-0.4043923627126284,1.4941969581360022,-20.000000000000007
-0.3874323207114573,1.4992984024991416,-20.000000000000007
-0.409170968474746,1.5010474970012597,-20.000000000000007
-0.3887647470475655,1.4972392932328136,-20.000000000000007
-0.40917096847474604,1.5010474970012597,-20.000000000000007
-0.3904334707699369,1.50174449719603,-20.000000000000007
-0.4035196596256285,1.4970491241462653,-20.000000000000007
-0.39262907348782483,1.502472456567708,-20.000000000000007
-0.4007939473222359,1.493837326925735,-20.000000000000007
-0.40069374145490255,1.4938321651008903,-20.000000000000007
-0.3941796014302738,1.4997858531529873,-20.000000000000007
-0.40079394732223594,1.4938373269257348,-20.000000000000007
-0.3934624883712727,1.5006059604489845,-20.000000000000007
-0.39383011914013405,1.5005027472288621,-20.000000000000007
-0.40276009951776365,1.4956930630221819,-20.000000000000007
-0.39803602113930797,1.4964092269565548,-20.000000000000007
-0.4100935649151762,1.4968339322623077,-20.000000000000007
-0.4049846509525832,1.499361264231094,-20.000000000000007
-0.4127558561594801,1.4979841301370087,-20.000000000000007
-0.41572186711821313,1.5082503094764517,-20.000000000000007
-0.40439236271262835,1.4941969581360022,-20.000000000000007
-0.41447845409002304,1.504076148566746,-20.000000000000007
-0.4034579608286872,1.4971104340934207,-20.000000000000007
-0.4160893256088709,1.5118513419479505,-20.000000000000007
-0.40296394745850156,1.4961102756153046,-20.000000000000007
-0.41608932560887085,1.5118513419479502,-20.000000000000007
-0.4028216949867746,1.4958521776843416,-20.000000000000007
-0.41200428005133694,1.4970736597367584,-20.000000000000007
-0.4034948620270723,1.497226312285433,-20.000000000000007
-0.40493233537150924,1.4993543488894279,-20.000000000000007
-0.40420644808156947,1.491714367868617,-20.000000000000007
-0.40386808530644625,1.4923228234903876,-20.000000000000007
-0.4035848310858544,1.4952416525702596,-20.000000000000007
-0.4006937414549026,1.4938321651008901,-20.000000000000007
-0.3934624883712727,1.5006059604489845,-20.000000000000007
-0.40052041918427966,1.4934251332862356,-20.000000000000007
-0.3916287455248345,1.5034883926839784,-20.000000000000007
-0.40439236271262835,1.4941969581360022,-20.000000000000007
-0.4002028715933046,1.493145780451881,-20.000000000000007
-0.409170968474746,1.50104749700126,-20.000000000000007
-0.409170968474746,1.50104749700126,-20.000000000000007
-0.40439236271262835,1.4941969581360022,-20.000000000000007
-0.4120042800513369,1.4970736597367584,-20.000000000000007
-0.396566228897766,1.4978984796426567,-20.000000000000007
-0.40079394732223583,1.4938373269257348,-20.000000000000007
-0.38436704565340807,1.4989195561798434,-20.000000000000007
-0.38747857783153955,1.4996801891830815,-20.000000000000007
-0.37879844201786883,1.4987309348648563,-20.000000000000007
-0.3788067192674563,1.4995029946227354,-20.000000000000007
-0.37383874492699776,1.491517159297619,-20.000000000000007
-0.37227577142775753,1.4944246863007318,-20.000000000000007
-0.3675906205149026,1.5016324262277536,-20.000000000000007
-0.365461853064373,1.5024794676919526,-20.000000000000007
-0.36303220264102315,1.5016451813636915,-20.000000000000007
-0.3650299395854604,1.5021752994107431,-20.000000000000007
-0.3630766254303946,1.5016848436453716,-20.000000000000007
-0.3721575370135867,1.4946432016796471,-20.000000000000007
-0.3544907503751049,1.4995359015571132,-20.000000000000007
-0.36502993958546043,1.502175299410743,-20.000000000000007
-0.3399397497133652,1.498899166583761,-20.000000000000007
-0.3394386879681206,1.4983477619421262,-20.000000000000007
-0.32192853984978703,1.4959613270164127,-20.000000000000007
-0.3091391509722712,1.506012320090429,-20.000000000000007
-0.3009753816825688,1.5478856504334078,-20.000000000000007
-0.28024248632243076,1.5048217717977548,-20.000000000000007
-0.27764133148518744,1.5674104252770338,-20.000000000000007
-0.24991763605504108,1.7243616483341135,-20.000000000000007
-0.244226772884211,1.820545100854921,-20.000000000000007
-0.22127527974388048,1.93406106417901,-20.000000000000007
-0.2095700729684231,1.828317136287175,-20.000000000000007
-0.18832435454185534,1.5729018912430375,-20.000000000000007
-0.17542972117740846,1.5709628390265231,-20.000000000000007
-0.16226514651890211,1.479978094344565,-20.000000000000007
-0.15188571630985698,1.4022628753804087,-20.000000000000007
-0.1355242209719231,1.4980251333747931,-20.000000000000007
-0.13627458996289069,1.4698692019264872,-20.000000000000007
-0.13505394683634653,1.4898994611030376,-20.000000000000007
-0.1352076196438386,1.4959794566787321,-20.000000000000007
-0.13505394683634653,1.4898994611030376,-20.000000000000007
-0.13520125451334747,1.4977814552702866,-20.000000000000007
-0.1350539468363465,1.4898994611030374,-20.000000000000007
-0.1348232526096253,1.4904476280125791,-20.000000000000007
-0.13491732781638782,1.4901515886757668,-20.000000000000007
-0.13481943428516963,1.4901153512901544,-20.000000000000007
-0.1349173278163878,1.490151588675767,-20.000000000000007
-0.1348194342851696,1.4901153512901544,-20.000000000000007
-0.1349173278163878,1.4901515886757666,-20.000000000000007
-0.13404766315541977,1.496438325864549,-20.000000000000007
-0.1336114004154526,1.4975632743277498,-20.000000000000007
-0.13361140041545258,1.49756327432775,-20.000000000000007
-0.13361140041545258,1.4975632743277498,-20.000000000000007
-0.13502593145006775,1.505311586783024,-20.000000000000007
-0.1350259241716223,1.5052987353294092,-20.000000000000007
-0.1350259241716223,1.5052987353294092,-20.000000000000007
-0.13103589494983794,1.5232912541189418,-20.000000000000007
-0.13103589494983797,1.523291254118942,-20.000000000000007
-0.12793962503271988,1.530550914624898,-20.000000000000007
-0.12722508106999333,1.5344131667902938,-20.000000000000007
-0.1272250795103265,1.5344098673747553,-20.000000000000007
-0.12445773449913734,1.532282754350264,-20.000000000000007
-0.12445773449913733,1.5322827543502635,-20.000000000000007
-0.12445773449913733,1.532282754350264,-20.000000000000007
-0.12445744180165372,1.5322996013821828,-20.000000000000007
-0.12445743946215342,1.5322946522588754,-20.000000000000007
-0.11160983668258675,1.5394053130640601,-20.000000000000007
-0.11160983668258675,1.5394053130640604,-20.000000000000007
-0.11160983668258677,1.5394053130640604,-20.000000000000007
-0.1116098351229199,1.539402013648522,-20.000000000000007
-0.1116098351229199,1.5394020136485218,-20.000000000000007
-0.11161013015990384,1.5393901157399104,-20.000000000000007
-0.11161013015990387,1.5393901157399101,-20.000000000000007
-0.11161013015990384,1.5393901157399101,-20.000000000000007
-0.11288323138208281,1.5463620943403844,-20.000000000000007
-0.11288323138208281,1.5463620943403846,-20.000000000000007
-0.11288323138208281,1.5463620943403846,-20.000000000000007
-0.11288323138208284,1.5463620943403846,-20.000000000000007
-0.11288323138208281,1.5463620943403846,-20.000000000000007
-0.11288323138208281,1.5463620943403846,-20.000000000000007
-0.1128832251434153,1.546351078808715,-20.000000000000007
-0.11288323138208282,1.5463620943403846,-20.000000000000007
-0.11288323138208282,1.5463620943403846,-20.000000000000007
-0.11288323138208282,1.5463620943403846,-20.000000000000007
-0.11288323138208282,1.5463620943403844,-20.000000000000007
-0.11288323138208281,1.5463620943403846,-20.000000000000007
-0.11288323138208281,1.5463620943403846,-20.000000000000007
-0.11288323138208281,1.5463620943403846,-20.000000000000007
-0.11288323138208281,1.5463620943403846,-20.000000000000007
-0.11288323138208281,1.5463620943403844,-20.000000000000007
-0.11288323138208284,1.5463620943403842,-20.000000000000007
-0.11161013015990384,1.5393901157399101,-20.000000000000007
-0.11161013015990386,1.5393901157399104,-20.000000000000007
-0.11161013015990384,1.5393901157399101,-20.000000000000007
-0.11161013015990386,1.5393901157399101,-20.000000000000007
-0.11288323138208282,1.5463620943403846,-20.000000000000007
-0.11288323138208282,1.5463620943403844,-20.000000000000007
-0.11288323138208281,1.5463620943403846,-20.000000000000007
-0.11288323138208282,1.5463620943403846,-20.000000000000007
-0.11288323138208281,1.5463620943403844,-20.000000000000007
-0.11288323138208282,1.5463620943403844,-20.000000000000007
-0.11288323138208282,1.5463620943403846,-20.000000000000007
-0.11288322514341531,1.5463510788087147,-20.000000000000007
-0.11288322514341528,1.546351078808715,-20.000000000000007
-0.11288322514341528,1.546351078808715,-20.000000000000007
-0.1128832251434153,1.5463510788087147,-20.000000000000007
-0.1128832251434153,1.546351078808715,-20.000000000000007
-0.1128832251434153,1.5463510788087147,-20.000000000000007
-0.11288322514341528,1.546351078808715,-20.000000000000007
-0.11288322514341528,1.546351078808715,-20.000000000000007
-0.11288322514341528,1.5463510788087147,-20.000000000000007
-0.11288322514341528,1.5463510788087147,-20.000000000000007
-0.11288322514341528,1.5463510788087147,-20.000000000000007
-0.11288322514341528,1.546351078808715,-20.000000000000007
-0.1128832251434153,1.5463510788087147,-20.000000000000007
-0.11288322514341531,1.546351078808715,-20.000000000000007
-0.1128832251434153,1.5463510788087151,-20.000000000000007
-0.11288322514341528,1.5463510788087147,-20.000000000000007
-0.11288322514341528,1.546351078808715,-20.000000000000007
-0.1128832251434153,1.546351078808715,-20.000000000000007
-0.1128832251434153,1.5463510788087147,-20.000000000000007
-0.11288323138208284,1.5463620943403844,-20.000000000000004
-0.11288323138208281,1.5463620943403846,-20.0
-0.11160983512291989,1.5394020136485218,-19.999999999999996
-0.11160983668258675,1.5394053130640606,-20.0
-0.11240583658738618,1.5333027470460343,-20.0
