gain,ratio,threshold
-0.11023310443464365,1.5300533484745644,-20.0
-0.1109573479656689,1.5311353815265414,-20.0
-0.12602866814819336,1.5324146913745378,-20.000000000000004
-0.12602866814819336,1.5324146913745378,-20.0
-0.12593296399935167,1.5246273162151234,-20.0
-0.12612832293323067,1.5235850837677125,-20.0
-0.13034416345466585,1.5263060543998155,-20.000000000000004
-0.1350539468363465,1.4898994611030374,-20.0
-0.1489623238983579,1.4412504362146568,-20.0
-0.1627002308005726,1.4821412217524914,-20.000000000000004
-0.1729187157354297,1.593467124800574,-20.0
-0.1755250001870543,1.570596500535822,-20.0
-0.1825325200321867,1.5703513634275306,-20.0
-0.18891976555982548,1.572070684120681,-20.0
-0.18238389300698127,1.571029102218914,-19.999999999999996
-0.20073950510757604,1.743156473048434,-20.0
-0.20073950510757607,1.7431564730484341,-20.0
-0.19985577238136337,1.7327625378083247,-20.000000000000007
-0.196373308605218,1.7026843943027563,-20.000000000000007
-0.1823838930069813,1.5710291022189145,-20.000000000000007
-0.18168976794304426,1.5692099066412133,-20.000000000000007
-0.18218441980185696,1.5674265606367,-20.000000000000007
-0.182184419801857,1.5674265606366997,-20.000000000000007
-0.18218441980185696,1.5674265606367,-20.000000000000007
-0.18895055507358682,1.5692785796734583,-20.000000000000007
-0.1884055236351954,1.5705858562368935,-20.000000000000007
-0.18229113545878414,1.5724485195725806,-20.000000000000007
-0.1804043718668858,1.561176753585045,-20.000000000000007
-0.17917386072802038,1.5901780441278879,-20.000000000000007
-0.16270023080057264,1.4821412217524919,-20.000000000000007
-0.1627002308005726,1.4821412217524914,-20.000000000000007
-0.1622651465189021,1.479978094344565,-20.000000000000007
-0.17337853243457835,1.5519365666422187,-20.000000000000007
-0.179509115801908,1.5810607140359074,-20.000000000000007
-0.1811061921972143,1.5615965088310682,-20.000000000000007
-0.180374903390968,1.5624216849117096,-20.000000000000007
-0.17716407672167847,1.5760687284044748,-20.000000000000007
-0.16491224342351887,1.4962079272044329,-20.000000000000007
-0.15098649128259778,1.3992341320455806,-20.000000000000007
-0.1497541574130439,1.4356391577721634,-20.000000000000007
-0.1497541574130439,1.4356391577721639,-20.000000000000007
-0.14969871320520375,1.4376750065870232,-20.000000000000007
-0.13766033188648452,1.4110074467856228,-20.000000000000007
-0.13495987162958403,1.49019550043985,-20.000000000000007
-0.13011223033255653,1.5286861249343537,-20.000000000000007
-0.12593296399935167,1.5246273162151236,-20.000000000000007
-0.1247755384603551,1.5292050934076342,-20.000000000000007
-0.12477553846035512,1.5292050934076344,-20.000000000000007
-0.12477553846035513,1.5292050934076344,-20.000000000000007
-0.1261283229332307,1.5235850837677127,-20.000000000000007
-0.12612832293323067,1.5235850837677125,-20.000000000000007
-0.12756711120681585,1.520806514362063,-20.000000000000007
-0.13034416345466582,1.5263060543998155,-20.000000000000007
-0.13156467037030284,1.5142381573953756,-20.000000000000007
-0.13495605330512833,1.4898632237174254,-20.000000000000007
-0.13505394683634653,1.4898994611030374,-20.000000000000007
-0.13520125451334747,1.4977814552702866,-20.000000000000007
-0.13552422097192307,1.4980251333747931,-20.000000000000007
-0.13766089245675406,1.4109848407592605,-20.000000000000007
-0.14969871320520375,1.437675006587023,-20.000000000000007
-0.1509864912825978,1.3992341320455806,-20.000000000000007
-0.16491224342351885,1.4962079272044326,-20.000000000000007
-0.1725928380286588,1.5472393109831906,-20.000000000000007
-0.17950911580190804,1.5810607140359072,-20.000000000000007
-0.1822099663654441,1.5747645545787248,-20.000000000000007
-0.18220996636544406,1.5747645545787243,-20.000000000000007
-0.1883243545418553,1.5729018912430373,-20.000000000000007
-0.18837473412143407,1.573377960684116,-20.000000000000007
-0.18837473412143407,1.573377960684116,-20.000000000000007
-0.1883243545418553,1.5729018912430375,-20.000000000000007
-0.18238389300698127,1.5710291022189145,-20.000000000000007
-0.1894553220869344,1.5763627715783322,-20.000000000000007
-0.2039856106617558,1.7339248307753263,-20.000000000000007
-0.21300450959754083,1.8420318599583663,-20.000000000000007
-0.20657221491181477,1.7664186193648643,-20.000000000000007
-0.18678059971275776,1.6097950346066583,-20.000000000000007
-0.18886938598024677,1.5715946146796025,-20.000000000000007
-0.18229113545878411,1.5724485195725804,-20.000000000000007
-0.18229113545878414,1.5724485195725806,-20.000000000000007
-0.18168976794304426,1.5692099066412135,-20.000000000000007
-0.18845590321477407,1.5710619256779719,-20.000000000000007
-0.19271922077573259,1.6047073659455109,-20.000000000000007
-0.19317769492663203,1.611498015683125,-20.000000000000007
-0.1888693859802468,1.5715946146796025,-20.000000000000007
-0.1884559032147741,1.5710619256779719,-20.000000000000007
-0.18229113545878414,1.5724485195725806,-20.000000000000007
-0.179509115801908,1.5810607140359074,-20.000000000000007
-0.17337853243457832,1.5519365666422185,-20.000000000000007
-0.13774689261824094,1.4138227263361496,-20.000000000000007
-0.1349173278163878,1.4901515886757668,-20.000000000000007
-0.1301122303325565,1.5286861249343533,-20.000000000000007
-0.12611003453939318,1.5242435170268305,-20.000000000000007
-0.12611003453939315,1.5242435170268307,-20.000000000000007
-0.12611003453939315,1.5242435170268307,-20.000000000000007
-0.12612832293323067,1.5235850837677127,-20.000000000000007
-0.1261283229332307,1.523585083767713,-20.000000000000007
-0.1261283229332307,1.5235850837677125,-20.000000000000007
-0.12756711120681585,1.520806514362063,-20.000000000000007
-0.12756711120681585,1.5208065143620628,-20.000000000000007
-0.13034416345466582,1.5263060543998155,-20.000000000000007
-0.13161953035292592,1.512220914480239,-20.000000000000007
-0.13476863983420206,1.4925259133257682,-20.000000000000007
-0.1350539468363465,1.4898994611030378,-20.000000000000007
-0.13552422097192307,1.4980251333747934,-20.000000000000007
-0.13774689261824094,1.4138227263361496,-20.000000000000007
-0.14969871320520373,1.4376750065870232,-20.000000000000007
-0.16270023080057264,1.4821412217524914,-20.000000000000007
-0.17917386072802036,1.5901780441278879,-20.000000000000007
-0.17950911580190798,1.5810607140359072,-20.000000000000007
-0.18220996636544406,1.5747645545787243,-20.000000000000007
-0.17552500018705428,1.5705965005358218,-20.000000000000007
-0.17390331952689814,1.5575570362868378,-20.000000000000007
-0.17390331952689816,1.5575570362868376,-20.000000000000007
-0.17716407672167847,1.5760687284044748,-20.000000000000007
-0.16226514651890211,1.4799780943445653,-20.000000000000007
-0.1497541574130439,1.4356391577721637,-20.000000000000007
-0.14969871320520373,1.4376750065870232,-20.000000000000007
-0.1377468926182409,1.4138227263361494,-20.000000000000007
-0.13774689261824094,1.4138227263361496,-20.000000000000007
-0.1489623238983579,1.4412504362146568,-20.000000000000007
-0.14975414285615304,1.435613454864934,-20.000000000000007
-0.16015086704143033,1.4658572207674503,-20.000000000000007
-0.17259283802865874,1.5472393109831906,-20.000000000000007
-0.16270023080057264,1.4821412217524919,-20.000000000000007
-0.16226514651890211,1.479978094344565,-20.000000000000007
-0.16226514651890211,1.4799780943445653,-20.000000000000007
-0.16015086704143036,1.4658572207674505,-20.000000000000007
-0.14975414285615304,1.435613454864934,-20.000000000000007
-0.13774689261824094,1.4138227263361494,-20.000000000000007
-0.1355116257520978,1.4996887919569402,-20.000000000000007
-0.1350539468363465,1.4898994611030376,-20.000000000000007
-0.13224807051494286,1.5055172220805708,-20.000000000000007
-0.1292137837090404,1.525461557060037,-20.000000000000007
-0.12593296399935167,1.5246273162151236,-20.000000000000007
-0.1247755384603551,1.5292050934076342,-20.000000000000007
-0.12477553846035513,1.5292050934076344,-20.000000000000007
-0.12477553846035513,1.5292050934076342,-20.000000000000007
-0.12477553846035512,1.5292050934076342,-20.000000000000007
-0.12477553846035513,1.5292050934076342,-20.000000000000007
-0.12477553846035512,1.5292050934076344,-20.000000000000007
-0.1261283229332307,1.5235850837677127,-20.000000000000007
-0.12612832371306415,1.5235867334754818,-20.000000000000007
-0.13034416345466582,1.5263060543998153,-20.000000000000007
-0.13495829350665048,1.4897359463283295,-20.000000000000007
-0.1355242209719231,1.4980251333747934,-20.000000000000007
-0.13766089245675403,1.4109848407592602,-20.000000000000007
-0.14975414285615304,1.435613454864934,-20.000000000000007
-0.1509864912825978,1.3992341320455806,-20.000000000000007
-0.16015086704143036,1.4658572207674505,-20.000000000000007
-0.17716407672167844,1.5760687284044748,-20.000000000000007
-0.1811061921972143,1.5615965088310682,-20.000000000000007
-0.18837473412143407,1.573377960684116,-20.000000000000007
-0.19271922077573256,1.6047073659455109,-20.000000000000007
-0.19950907942545823,1.6804387449858469,-20.000000000000007
-0.18891976555982548,1.572070684120681,-20.000000000000007
-0.18845590321477412,1.5710619256779719,-20.000000000000007
-0.17552500018705428,1.5705965005358218,-20.000000000000007
-0.18220996636544406,1.5747645545787246,-20.000000000000007
-0.18837473412143405,1.5733779606841163,-20.000000000000007
-0.1822099663654441,1.5747645545787243,-20.000000000000007
-0.18245135093884665,1.5726673984336745,-20.000000000000007
-0.1822099663654441,1.5747645545787243,-20.000000000000007
-0.17950911580190798,1.5810607140359072,-20.000000000000007
-0.17950911580190798,1.5810607140359072,-20.000000000000007
-0.179509115801908,1.5810607140359072,-20.000000000000007
-0.18220996636544406,1.5747645545787243,-20.000000000000007
-0.1822099663654441,1.5747645545787243,-20.000000000000007
-0.1822099663654441,1.5747645545787246,-20.000000000000007
-0.18067000068203443,1.5594198148107745,-20.000000000000007
-0.17337853243457835,1.5519365666422185,-20.000000000000007
-0.16226514651890211,1.4799780943445653,-20.000000000000007
-0.14975415741304388,1.4356391577721637,-20.000000000000007
-0.14975414285615307,1.435613454864934,-20.000000000000007
-0.15188571630985698,1.4022628753804087,-20.000000000000007
-0.14975415741304388,1.4356391577721634,-20.000000000000007
-0.14975414285615307,1.4356134548649337,-20.000000000000007
-0.136196335367052,1.478381580575089,-20.000000000000007
-0.13495605330512833,1.4898632237174254,-20.000000000000007
-0.13160124455853317,1.5129003193082486,-20.000000000000007
-0.12756711120681585,1.5208065143620628,-20.000000000000007
-0.12921760203349608,1.5257938337824621,-20.000000000000007
-0.13015262544468728,1.5277015351385423,-20.000000000000007
-0.13015262544468725,1.5277015351385423,-20.000000000000007
-0.1303479817791215,1.5266383311222398,-20.000000000000007
-0.13162334867738157,1.5125531912026637,-20.000000000000007
-0.1316195303529259,1.512220914480239,-20.000000000000007
-0.13528464366251253,1.4952131339762695,-20.000000000000007
-0.13766089245675406,1.4109848407592605,-20.000000000000007
-0.16015086704143036,1.4658572207674503,-20.000000000000007
-0.17950911580190798,1.5810607140359072,-20.000000000000007
-0.18945532208693444,1.5763627715783315,-20.000000000000007
-0.1894897778576311,1.6361810728206747,-20.000000000000007
-0.22899518854702025,1.9205561705070897,-20.000000000000007
-0.25368467742912215,1.7599049580047685,-20.000000000000007
-0.2707062827311749,1.7118012158131548,-20.000000000000007
-0.2819252686870596,1.5318721242677227,-20.000000000000007
-0.2857609807639739,1.563548258660463,-20.000000000000007
-0.28147985274959597,1.5255570079449208,-20.000000000000007
-0.2797305031853531,1.5142987704774487,-20.000000000000007
-0.2797305031853531,1.5142987704774487,-20.000000000000007
-0.24770498968745444,1.7812067663578977,-20.000000000000007
-0.21173042344573,1.8478756848573854,-20.000000000000007
-0.1750691443919082,1.5677190487190196,-20.000000000000007
-0.1489623238983579,1.441250436214657,-20.000000000000007
-0.13520761964383857,1.495979456678732,-20.000000000000007
-0.13481943428516963,1.4901153512901544,-20.000000000000007
-0.12809599658379553,1.5229324295692206,-20.000000000000007
-0.12738145262106898,1.5267946817346163,-20.000000000000007
-0.12593296399935167,1.5246273162151236,-20.000000000000007
-0.12458017952647607,1.5302473258550449,-20.000000000000007
-0.12475725006651753,1.5298635266667524,-20.000000000000007
-0.12458017952647608,1.5302473258550449,-20.000000000000007
-0.12475725006651754,1.5298635266667522,-20.000000000000007
-0.1260286681481934,1.5324146913745378,-20.000000000000007
-0.1260286681481934,1.532414691374538,-20.000000000000007
-0.12458017952647607,1.5302473258550449,-20.000000000000007
-0.12458017952647607,1.5302473258550449,-20.000000000000007
-0.12475725006651756,1.5298635266667522,-20.000000000000007
-0.1247755384603551,1.5292050934076342,-20.000000000000007
-0.17259283802865877,1.5472393109831906,-20.000000000000007
-0.200229111530989,1.7430845352064548,-20.000000000000007
-0.23308491226036115,1.9179285591278707,-20.000000000000007
-0.2477049896874544,1.7812067663578977,-20.000000000000007
-0.21173096932913643,1.8478864443445637,-20.000000000000007
-0.1753424501473625,1.5643128768828385,-20.000000000000007
-0.17509931874705942,1.5663756026689184,-20.000000000000007
-0.17509931874705942,1.5663756026689184,-20.000000000000007
-0.17288412037454773,1.5613107954097516,-20.000000000000007
-0.2002751479582084,1.7399956220515302,-20.000000000000007
-0.18106147927731098,1.5666014462930142,-20.000000000000007
-0.22623759411823388,1.9225296613849583,-20.000000000000007
-0.21939372147519293,1.921773630560729,-20.000000000000007
-0.18160651071570239,1.5652941697295795,-20.000000000000007
-0.22187224334523906,1.9254177131544246,-20.000000000000007
-0.17288412037454776,1.5613107954097518,-20.000000000000007
-0.19936096416594637,1.7308272510611644,-20.000000000000007
-0.18160449471629359,1.5653668616837884,-20.000000000000007
-0.17229944610334846,1.5934882636461811,-20.000000000000007
-0.18157370520253227,1.5681589661310107,-20.000000000000007
-0.16746443797804017,1.5608918025908824,-20.000000000000007
-0.17232681240826253,1.5925309241278376,-20.000000000000007
-0.21088242190780138,1.8406293706371106,-20.000000000000007
-0.24854930644740356,1.7614705114727944,-20.000000000000007
-0.25021460754580294,1.7059542765338849,-20.000000000000007
-0.2550738180617961,1.7604089623898296,-20.000000000000007
-0.219816355261127,1.9254145073810724,-20.000000000000007
-0.1669603097132642,1.5639589047489204,-20.000000000000007
-0.1816065107157024,1.5652941697295795,-20.000000000000007
-0.17102696315911337,1.5937445345710641,-20.000000000000007
-0.219816355261127,1.9254145073810724,-20.000000000000007
-0.2117309693291365,1.8478864443445635,-20.000000000000007
-0.18180598184127092,1.568893039467904,-20.000000000000007
-0.24771965835441845,1.7819566213461817,-20.000000000000007
-0.23476005108754985,1.9246267303173612,-20.000000000000007
-0.2561540489935542,1.761859833723206,-20.000000000000007
-0.25306093785676187,1.7448217373348838,-20.000000000000007
-0.22994567150625356,1.9195387691581571,-20.000000000000007
-0.18111185573755592,1.567072007968258,-20.000000000000007
-0.20027514795820842,1.7399956220515302,-20.000000000000007
-0.18111185573755592,1.5670720079682579,-20.000000000000007
-0.17342151256458302,1.5556575549672629,-20.000000000000007
-0.2258618994167234,1.9236278053074976,-20.000000000000007
-0.17294305316727163,1.5588135890686425,-20.000000000000007
-0.22994567150625356,1.919538769158157,-20.000000000000007
-0.2258618994167234,1.9236278053074978,-20.000000000000007
-0.18160650863614652,1.5652904978856892,-20.000000000000007
-0.22187224334523903,1.9254177131544248,-20.000000000000007
-0.17177201680536935,1.5990902493924235,-20.000000000000007
-0.18206498486660183,1.572084819467193,-20.000000000000007
-0.18106147927731098,1.5666014462930142,-20.000000000000007
-0.17177202096448102,1.5990975930802038,-20.000000000000007
-0.18111054873671426,1.5670516929648648,-20.000000000000007
-0.16772251345648304,1.5692851036691702,-20.000000000000007
-0.17177202096448102,1.5990975930802036,-20.000000000000007
-0.17230075622352387,1.5935140864154091,-20.000000000000007
-0.1870912370046826,1.6162411512559642,-20.000000000000007
-0.22164106841618955,1.9189519988593975,-20.000000000000007
-0.229598499407687,1.919191087025267,-20.000000000000007
-0.23304777438252763,1.9172453456714924,-20.000000000000007
-0.1818059818412709,1.568893039467904,-20.000000000000007
-0.1723007520644122,1.5935067427276295,-20.000000000000007
-0.1751010624546262,1.5664045252620538,-20.000000000000007
-0.17534244702802876,1.5643073691170037,-20.000000000000007
-0.182064982787046,1.5720811476233032,-20.000000000000007
-0.22164106841618958,1.9189519988593973,-20.000000000000007
-0.2438211059993681,1.8221016323748915,-20.000000000000007
-0.24822239897057805,1.7683570877307093,-20.000000000000007
-0.2565011791760735,1.761353988307684,-20.000000000000007
-0.25462373660832593,1.7638490147214088,-20.000000000000007
-0.21173096932913643,1.8478864443445635,-20.000000000000007
-0.21939372147519295,1.9217736305607287,-20.000000000000007
-0.1810614761579772,1.5665959385271793,-20.000000000000007
-0.16068037498543777,1.527863046659199,-20.000000000000007
-0.22052344232654955,1.9237271384636405,-20.000000000000007
-0.17510106245462623,1.5664045252620538,-20.000000000000007
-0.2002751479582084,1.7399956220515302,-20.000000000000007
-0.22994567150625356,1.9195387691581565,-20.000000000000007
-0.1810614761579772,1.566595938527179,-20.000000000000007
-0.22909101447985053,1.9204094190883196,-20.000000000000007
-0.18732945889859226,1.6198078250716526,-20.000000000000007
-0.1960505233279444,1.6994507469824103,-20.000000000000007
-0.2206284611958884,1.9240573197414905,-20.000000000000007
-0.17510106245462623,1.566404525262054,-20.000000000000007
-0.21088307696788913,1.8406422820217245,-20.000000000000007
-0.18157571912238524,1.5680826023329122,-20.000000000000007
-0.1810614761579772,1.566595938527179,-20.000000000000007
-0.18615639672437706,1.6073672656103335,-20.000000000000007
-0.1872587482814581,1.622089137245852,-20.000000000000007
-0.22022514570381868,1.9305132770558284,-20.000000000000007
-0.21271814033228198,1.8517911053169573,-20.000000000000007
-0.20463104650007657,1.7506837249301754,-20.000000000000007
-0.18220996636544406,1.5747645545787246,-20.000000000000007
-0.179509115801908,1.5810607140359072,-20.000000000000007
-0.179509115801908,1.5810607140359074,-20.000000000000007
-0.18220996636544406,1.5747645545787243,-20.000000000000007
-0.18883859646648546,1.5743867191268253,-20.000000000000007
-0.19651488047731205,1.7026115979793142,-20.000000000000007
-0.22609721734088314,1.9251135264792143,-20.000000000000007
-0.24382110599936807,1.822101632374892,-20.000000000000007
-0.25483399464994977,1.756697762896359,-20.000000000000007
-0.2549770272150589,1.760272540473385,-20.000000000000007
-0.27326909033138813,1.6524217903639795,-20.000000000000007
-0.25490900305913167,1.7618896788549119,-20.000000000000007
-0.2669044752776751,1.7626785992729932,-20.000000000000007
-0.25490900305913167,1.7618896788549119,-20.000000000000007
-0.2652341569258957,1.7639317048100187,-20.000000000000007
-0.2565981846719644,1.7632821483535672,-20.000000000000007
-0.26222277330817095,1.7625486007423012,-20.000000000000007
-0.2550738180617961,1.7604089623898294,-20.000000000000007
-0.24912237621217412,1.7426063882047864,-20.000000000000007
-0.24850771663044618,1.7682209741980504,-20.000000000000007
-0.20463104650007657,1.7506837249301754,-20.000000000000007
-0.2129563632659695,1.85535961505459,-20.000000000000007
-0.1822099663654441,1.5747645545787243,-20.000000000000007
-0.1883243545418553,1.5729018912430375,-20.000000000000007
-0.18220996636544406,1.5747645545787243,-20.000000000000007
-0.18915002827871116,1.5728811212556728,-20.000000000000007
-0.1931594325272424,1.6118386740500745,-20.000000000000007
-0.20657221491181477,1.7664186193648646,-20.000000000000007
-0.21948619802340802,1.922358562997812,-20.000000000000007
-0.2330477743825276,1.9172453456714924,-20.000000000000007
-0.23501322128369706,1.922048924073205,-20.000000000000007
-0.25338221006220785,1.7534457925091358,-20.000000000000007
-0.2504660493711075,1.6944530197012417,-20.000000000000007
-0.2549770272150589,1.7602725404733848,-20.000000000000007
-0.25637091579863236,1.7644380145528287,-20.000000000000007
-0.2536220334740542,1.7571569920026064,-20.000000000000007
-0.2565565818577831,1.763708836465723,-20.000000000000007
-0.24857298907910225,1.7619215994611603,-20.000000000000007
-0.24970491172518425,1.7255951311008848,-20.000000000000007
-0.22959849940768703,1.919191087025267,-20.000000000000007
-0.22695824138237483,1.922862066999163,-20.000000000000007
-0.20140419548837762,1.7053290954227358,-20.000000000000007
-0.18226034594502277,1.5752406240198034,-20.000000000000007
-0.17259283802865877,1.5472393109831906,-20.000000000000007
-0.13766089245675406,1.4109848407592605,-20.000000000000007
-0.14975414285615307,1.435613454864934,-20.000000000000007
-0.1377468926182409,1.4138227263361496,-20.000000000000007
-0.1617536389502492,1.4767475548411566,-20.000000000000007
-0.17359964367809982,1.555262154034674,-20.000000000000007
-0.17716407672167844,1.5760687284044745,-20.000000000000007
-0.18832435454185534,1.5729018912430373,-20.000000000000007
-0.17330044017406698,1.5623307958978898,-20.000000000000007
-0.21924545947702256,1.9188297964754626,-20.000000000000007
-0.2095520773370553,1.830845793025345,-20.000000000000007
-0.22752901486260174,1.9173926186772394,-20.000000000000007
-0.25316912869860875,1.7506352631340758,-20.000000000000007
-0.21173096932913646,1.8478864443445635,-20.000000000000007
-0.25338221006220785,1.7534457925091362,-20.000000000000007
-0.23113561161556184,1.906514654803199,-20.000000000000007
-0.24272730694058497,1.833198474156883,-20.000000000000007
-0.264153714139387,1.7596556714021896,-20.000000000000007
-0.22752901486260177,1.9173926186772394,-20.000000000000007
-0.25837464979217817,1.7724468559571034,-20.000000000000007
-0.23273476470731286,1.9116545301870458,-20.000000000000007
-0.22695824138237483,1.922862066999163,-20.000000000000007
-0.2475791536843839,1.7856448991722358,-20.000000000000007
-0.18627020613617068,1.6097230967646792,-20.000000000000007
-0.24360104577636232,1.8280958422101627,-20.000000000000007
-0.22052344232654955,1.9237271384636403,-20.000000000000007
-0.21173042344573,1.8478756848573854,-20.000000000000007
-0.233774849358793,1.9243394428461453,-20.000000000000007
-0.19602007226189505,1.700676311232154,-20.000000000000007
-0.2479869213105359,1.773654112695442,-20.000000000000007
-0.2209901765382077,1.9276423959858087,-20.000000000000007
-0.2258618994167234,1.9236278053074978,-20.000000000000007
-0.24272730694058497,1.833198474156883,-20.000000000000007
-0.2086585189044854,1.8218920158798046,-20.000000000000007
-0.25059534185591864,1.6984670324066027,-20.000000000000007
-0.2258618994167234,1.9236278053074973,-20.000000000000007
-0.23679210284778984,1.9087170004281817,-20.000000000000007
-0.23219404399320692,1.9090545806427013,-20.000000000000007
-0.1861543817647462,1.6074417934864875,-20.000000000000007
-0.23649003800490168,1.9114501057498523,-20.000000000000007
-0.18110984285748083,1.567150207688302,-20.000000000000007
-0.17487637944398762,1.570743585880956,-20.000000000000007
-0.18842511370101273,1.5738540301251946,-20.000000000000007
-0.16015086704143036,1.4658572207674503,-20.000000000000007
-0.1622651465189021,1.479978094344565,-20.000000000000007
-0.15098649128259778,1.3992341320455806,-20.000000000000007
-0.1350079976204999,1.4901723146345816,-20.000000000000007
-0.13496593015556185,1.490400499773179,-20.000000000000007
-0.13496593015556185,1.490400499773179,-20.000000000000007
-0.13496593015556185,1.4904004997731792,-20.000000000000007
-0.1352364542451437,1.4956132648969092,-20.000000000000007
-0.13559501490126286,1.4971204706629226,-20.000000000000007
-0.13766033188648452,1.4110074467856226,-20.000000000000007
-0.1377468926182409,1.4138227263361496,-20.000000000000007
-0.13559501490126288,1.4971204706629226,-20.000000000000007
-0.1489623238983579,1.441250436214657,-20.000000000000007
-0.13559501490126286,1.4971204706629226,-20.000000000000007
-0.1352364542451437,1.4956132648969094,-20.000000000000007
-0.13505647193701792,1.4933154606281196,-20.000000000000007
-0.13160506288298887,1.5132325960306732,-20.000000000000007
-0.13496593015556188,1.490400499773179,-20.000000000000007
-0.1316233486773816,1.5125531912026635,-20.000000000000007
-0.13034416345466585,1.5263060543998153,-20.000000000000007
-0.13014880712023158,1.5273692584161176,-20.000000000000007
-0.12611003453939318,1.5242435170268305,-20.000000000000007
-0.12612832293323067,1.5235850837677123,-20.000000000000007
-0.12477553846035512,1.5292050934076344,-20.000000000000007
-0.12458017952647607,1.5302473258550449,-20.000000000000007
-0.12602866814819338,1.5324146913745378,-20.000000000000007
-0.12458017952647607,1.5302473258550449,-20.000000000000007
-0.12458017952647607,1.5302473258550449,-20.000000000000007
-0.12602866814819338,1.5324146913745378,-20.000000000000007
-0.12458017952647607,1.530247325855045,-20.000000000000007
-0.1260286681481934,1.532414691374538,-20.000000000000007
-0.1260286681481934,1.5324146913745378,-20.000000000000007
-0.12602866814819338,1.5324146913745378,-20.000000000000007
-0.12602866814819338,1.5324146913745378,-20.000000000000007
-0.12602866814819338,1.5324146913745378,-20.000000000000007
-0.1260286681481934,1.5324146913745382,-20.000000000000007
-0.11240583658738618,1.5333027470460345,-20.000000000000007
-0.12458017952647608,1.530247325855045,-20.000000000000007
-0.11240583658738619,1.5333027470460343,-20.000000000000007
-0.1260286681481934,1.532414691374538,-20.000000000000007
-0.1260286681481934,1.5324146913745378,-20.000000000000007
-0.12602866814819338,1.5324146913745378,-20.000000000000007
-0.12612832293323067,1.5235850837677127,-20.000000000000007
-0.1352364542451437,1.4956132648969092,-20.000000000000007
-0.14975414285615307,1.4356134548649337,-20.000000000000007
-0.16175363895024922,1.4767475548411566,-20.000000000000007
-0.151885716309857,1.402262875380409,-20.000000000000007
-0.1352364542451437,1.4956132648969094,-20.000000000000007
-0.1316233486773816,1.512553191202664,-20.000000000000007
-0.13034798177912152,1.5266383311222398,-20.000000000000007
-0.1303479817791215,1.5266383311222402,-20.000000000000007
-0.13160506288298884,1.5132325960306732,-20.000000000000007
-0.13162334867738157,1.512553191202664,-20.000000000000007
-0.13225188883939853,1.5058494988029958,-20.000000000000007
-0.13162334867738157,1.512553191202664,-20.000000000000007
-0.13500799762049986,1.4901723146345813,-20.000000000000007
-0.13523645424514372,1.4956132648969094,-20.000000000000007
-0.13766089245675403,1.4109848407592605,-20.000000000000007
-0.13766089245675403,1.4109848407592605,-20.000000000000007
-0.13523645424514372,1.4956132648969094,-20.000000000000007
-0.13496593015556185,1.4904004997731792,-20.000000000000007
-0.12684286767579067,1.5197244813100859,-20.000000000000007
-0.1296237382480963,1.525556298070263,-20.000000000000007
-0.13015262544468728,1.5277015351385423,-20.000000000000007
-0.12754882281297833,1.521464947621181,-20.000000000000007
-0.12593296399935167,1.5246273162151234,-20.000000000000007
-0.12475725006651753,1.5298635266667522,-20.000000000000007
-0.12475725006651753,1.5298635266667522,-20.000000000000007
-0.12475725006651753,1.5298635266667522,-20.000000000000007
-0.12475725006651756,1.5298635266667522,-20.000000000000007
-0.12602866814819338,1.5324146913745378,-20.000000000000007
-0.12602866814819338,1.532414691374538,-20.000000000000007
-0.11240583658738618,1.5333027470460343,-20.000000000000007
-0.11240583658738619,1.5333027470460343,-20.000000000000007
-0.11240583658738619,1.5333027470460345,-20.000000000000007
-0.11095734796566889,1.5311353815265414,-20.000000000000007
-0.11095734796566892,1.5311353815265414,-20.000000000000007
-0.11240583658738618,1.5333027470460348,-20.000000000000007
-0.11240583658738618,1.5333027470460343,-20.000000000000007
-0.11240583658738619,1.5333027470460345,-20.000000000000007
-0.1124058365873862,1.5333027470460343,-20.000000000000007
-0.11240583658738619,1.5333027470460343,-20.000000000000007
-0.11240583658738619,1.5333027470460345,-20.000000000000007
-0.11240583658738618,1.5333027470460343,-20.000000000000007
-0.11095734796566889,1.5311353815265414,-20.000000000000007
-0.11240583658738618,1.5333027470460345,-20.000000000000007
-0.13034416345466585,1.5263060543998153,-20.000000000000007
-0.1362648890948696,1.4776041952523142,-20.000000000000007
-0.14969871320520375,1.4376750065870232,-20.000000000000007
-0.17259283802865877,1.5472393109831908,-20.000000000000007
-0.14969871320520375,1.437675006587023,-20.000000000000007
-0.13505647193701795,1.4933154606281192,-20.000000000000007
-0.13496593015556185,1.490400499773179,-20.000000000000007
-0.13162334867738157,1.5125531912026637,-20.000000000000007
-0.1316233486773816,1.512553191202664,-20.000000000000007
-0.13496593015556188,1.4904004997731792,-20.000000000000007
-0.13505647193701792,1.4933154606281194,-20.000000000000007
-0.13496593015556185,1.490400499773179,-20.000000000000007
-0.13496593015556185,1.490400499773179,-20.000000000000007
-0.13496593015556188,1.490400499773179,-20.000000000000007
-0.1352364542451437,1.4956132648969092,-20.000000000000007
-0.13559501490126286,1.4971204706629224,-20.000000000000007
-0.13559501490126286,1.4971204706629224,-20.000000000000007
-0.1352364542451437,1.4956132648969094,-20.000000000000007
-0.13496593015556185,1.4904004997731795,-20.000000000000007
-0.13496593015556185,1.490400499773179,-20.000000000000007
-0.1296237382480963,1.525556298070263,-20.000000000000007
-0.13162334867738157,1.512553191202664,-20.000000000000007
-0.13014880712023158,1.5273692584161176,-20.000000000000007
-0.12738145262106898,1.5267946817346165,-20.000000000000007
-0.1259329639993517,1.5246273162151236,-20.000000000000007
-0.1109573479656689,1.5311353815265416,-20.000000000000007
-0.1109573479656689,1.5311353815265414,-20.000000000000007
-0.11095734796566889,1.5311353815265414,-20.000000000000007
-0.11095734796566889,1.5311353815265414,-20.000000000000007
-0.11240583658738619,1.5333027470460343,-20.000000000000007
-0.11240583658738619,1.5333027470460345,-20.000000000000007
-0.11240583658738619,1.5333027470460345,-20.000000000000007
-0.11240583658738618,1.5333027470460343,-20.000000000000007
-0.11240583658738618,1.5333027470460345,-20.000000000000007
-0.11240583658738619,1.5333027470460343,-20.000000000000007
-0.11240583658738618,1.5333027470460343,-20.000000000000007
-0.11240583658738618,1.5333027470460343,-20.000000000000007
-0.11240583658738619,1.5333027470460345,-20.000000000000007
-0.11240583658738619,1.5333027470460345,-20.000000000000007
-0.1257977532286093,1.5302327944606124,-20.000000000000007
-0.13085358821817872,1.5083537854297928,-20.000000000000007
-0.13502593145006775,1.5053115867830242,-20.000000000000007
-0.13695089271344152,1.4199252923541752,-20.000000000000007
-0.1622651465189021,1.479978094344565,-20.000000000000007
-0.1489623238983579,1.441250436214657,-20.000000000000007
-0.13766089245675403,1.4109848407592605,-20.000000000000007
-0.1352364542451437,1.4956132648969094,-20.000000000000007
-0.13523645424514372,1.4956132648969092,-20.000000000000007
-0.13496974848001755,1.4907327764956038,-20.000000000000007
-0.13523645424514372,1.4956132648969092,-20.000000000000007
-0.13523645424514372,1.4956132648969094,-20.000000000000007
-0.13505647193701795,1.4933154606281196,-20.000000000000007
-0.1352364542451437,1.4956132648969094,-20.000000000000007
-0.13523645424514372,1.4956132648969094,-20.000000000000007
-0.13523645424514372,1.4956132648969094,-20.000000000000007
-0.13559501490126286,1.4971204706629226,-20.000000000000007
-0.13559501490126286,1.4971204706629224,-20.000000000000007
-0.13607296571720057,1.4831686616984474,-20.000000000000007
-0.1377468926182409,1.4138227263361496,-20.000000000000007
-0.14849302182516144,1.473191263891299,-20.000000000000007
-0.16930421426581405,1.5776164975230584,-20.000000000000007
-0.1723007520644122,1.5935067427276293,-20.000000000000007
-0.1810614761579772,1.566595938527179,-20.000000000000007
-0.18106147615797719,1.566595938527179,-20.000000000000007
-0.1751010624546262,1.5664045252620538,-20.000000000000007
-0.17534244702802873,1.5643073691170035,-20.000000000000007
-0.17232681240826256,1.5925309241278376,-20.000000000000007
-0.16491224342351887,1.4962079272044329,-20.000000000000007
-0.1377468926182409,1.4138227263361496,-20.000000000000007
-0.1352364542451437,1.4956132648969094,-20.000000000000007
-0.13225188883939853,1.505849498802996,-20.000000000000007
-0.12962373824809628,1.525556298070263,-20.000000000000007
-0.13160506288298884,1.5132325960306732,-20.000000000000007
-0.1316233486773816,1.512553191202664,-20.000000000000007
-0.13225188883939853,1.5058494988029958,-20.000000000000007
-0.13481943428516963,1.4901153512901544,-20.000000000000007
-0.13548267053655427,1.5103983068488271,-20.000000000000007
-0.13548266325810884,1.5103854553952123,-20.000000000000007
-0.1382798588636003,1.4248050209160281,-20.000000000000007
-0.1510287985463179,1.4468251869807616,-20.000000000000007
-0.15917973565243243,1.514977099008717,-20.000000000000007
-0.17177201680536935,1.5990902493924235,-20.000000000000007
-0.17177201680536938,1.5990902493924235,-20.000000000000007
-0.1703340981760395,1.5849866947369589,-20.000000000000007
-0.1675013959742941,1.5659485007450447,-20.000000000000007
-0.14956706770296652,1.4816796669296808,-20.000000000000007
-0.1495670437880744,1.4816374407249464,-20.000000000000007
-0.15748675287147956,1.4729437082436279,-20.000000000000007
-0.17259283802865877,1.5472393109831906,-20.000000000000007
-0.17259283802865877,1.5472393109831906,-20.000000000000007
-0.14975414285615307,1.4356134548649337,-20.000000000000007
-0.13523645424514372,1.4956132648969094,-20.000000000000007
-0.12962373824809628,1.5255562980702628,-20.000000000000007
-0.12684286767579067,1.5197244813100856,-20.000000000000007
-0.1254040801820389,1.5225047004235048,-20.000000000000007
-0.12684286767579067,1.519724481310086,-20.000000000000007
-0.12684286767579064,1.5197244813100856,-20.000000000000007
-0.12684286767579064,1.5197244813100856,-20.000000000000007
-0.13034416345466582,1.526306054399815,-20.000000000000007
-0.13476863983420204,1.492525913325768,-20.000000000000007
-0.13495605330512833,1.4898632237174254,-20.000000000000007
-0.13521384973317271,1.4961177966881398,-20.000000000000007
-0.1353442386637973,1.4957273291060034,-20.000000000000007
-0.13521384973317271,1.49611779668814,-20.000000000000007
-0.13521384973317274,1.49611779668814,-20.000000000000007
-0.13495605330512836,1.4898632237174254,-20.000000000000007
-0.13495605330512833,1.4898632237174252,-20.000000000000007
-0.1316195303529259,1.5122209144802388,-20.000000000000007
-0.1316195303529259,1.5122209144802388,-20.000000000000007
-0.1316195303529259,1.5122209144802385,-20.000000000000007
-0.13224807051494283,1.505517222080571,-20.000000000000007
-0.13496593015556188,1.490400499773179,-20.000000000000007
-0.13496593015556188,1.4904004997731792,-20.000000000000007
-0.13496593015556188,1.4904004997731792,-20.000000000000007
-0.13495829350665048,1.4897359463283295,-20.000000000000007
-0.135077230713214,1.496369924260869,-20.000000000000007
-0.13510141308817405,1.4966141899032053,-20.000000000000007
-0.13548267053655427,1.5103983068488271,-20.000000000000007
-0.1383658590250871,1.4276429064929173,-20.000000000000007
-0.15890037786961225,1.5140226726475712,-20.000000000000007
-0.1751010624546262,1.5664045252620538,-20.000000000000007
-0.18157571912238524,1.568082602332912,-20.000000000000007
-0.1810614761579772,1.566595938527179,-20.000000000000007
-0.1751010624546262,1.5664045252620538,-20.000000000000007
-0.17230075206441223,1.5935067427276295,-20.000000000000007
-0.17212649503344188,1.5957115315232315,-20.000000000000007
-0.1751010624546262,1.566404525262054,-20.000000000000007
-0.18111185573755592,1.5670720079682579,-20.000000000000007
-0.1810614761579772,1.566595938527179,-20.000000000000007
-0.17510106245462623,1.566404525262054,-20.000000000000007
-0.17534244702802876,1.564307369117004,-20.000000000000007
-0.18180598184127092,1.568893039467904,-20.000000000000007
-0.200229111530989,1.7430845352064548,-20.000000000000007
-0.18832435454185534,1.5729018912430373,-20.000000000000007
-0.17337853243457835,1.551936566642219,-20.000000000000007
-0.13500799762049986,1.4901723146345818,-20.000000000000007
-0.1303479817791215,1.5266383311222402,-20.000000000000007
-0.12756711120681588,1.5208065143620628,-20.000000000000007
-0.12684286767579064,1.5197244813100859,-20.000000000000007
-0.12684286767579064,1.5197244813100859,-20.000000000000007
-0.12756711120681588,1.5208065143620628,-20.000000000000007
-0.13015262544468725,1.5277015351385423,-20.000000000000007
-0.1303479817791215,1.52663833112224,-20.000000000000007
-0.1303479817791215,1.52663833112224,-20.000000000000007
-0.13160506288298887,1.5132325960306736,-20.000000000000007
-0.1316233486773816,1.5125531912026637,-20.000000000000007
-0.13496593015556185,1.4904004997731792,-20.000000000000007
-0.13434189990028764,1.4942024153350568,-20.000000000000007
-0.13162334867738157,1.512553191202664,-20.000000000000007
-0.12942838191366204,1.5266195020865654,-20.000000000000007
-0.1254040794022055,1.522503050715735,-20.000000000000007
-0.12540407940220547,1.5225030507157353,-20.000000000000007
-0.12477553846035512,1.5292050934076344,-20.000000000000007
-0.1247755384603551,1.5292050934076342,-20.000000000000007
-0.12540407940220547,1.5225030507157353,-20.000000000000007
-0.12684286767579064,1.5197244813100859,-20.000000000000007
-0.1296237382480963,1.525556298070263,-20.000000000000007
-0.12684286767579064,1.5197244813100859,-20.000000000000007
-0.12684286767579067,1.5197244813100856,-20.000000000000007
-0.12684286767579064,1.5197244813100859,-20.000000000000007
-0.12684286767579067,1.5197244813100856,-20.000000000000007
-0.1296237382480963,1.5255562980702628,-20.000000000000007
-0.13162334867738157,1.512553191202664,-20.000000000000007
-0.13496593015556185,1.4904004997731795,-20.000000000000007
-0.13496593015556185,1.4904004997731795,-20.000000000000007
-0.13496593015556185,1.4904004997731792,-20.000000000000007
-0.13496593015556188,1.490400499773179,-20.000000000000007
-0.1350079976204999,1.4901723146345816,-20.000000000000007
-0.13500799762049986,1.4901723146345816,-20.000000000000007
-0.13559501490126286,1.4971204706629226,-20.000000000000007
-0.13559501490126288,1.4971204706629226,-20.000000000000007
-0.13559501490126288,1.4971204706629226,-20.000000000000007
-0.1363431436907083,1.4690918166037121,-20.000000000000007
-0.13559501490126286,1.4971204706629224,-20.000000000000007
-0.13559501490126286,1.4971204706629224,-20.000000000000007
-0.13559501490126286,1.4971204706629226,-20.000000000000007
-0.13505647193701792,1.4933154606281194,-20.000000000000007
-0.13434189990028766,1.4942024153350566,-20.000000000000007
-0.1296237382480963,1.525556298070263,-20.000000000000007
-0.1254040794022055,1.5225030507157353,-20.000000000000007
-0.12405129492932988,1.5281230603556573,-20.000000000000007
-0.12405129492932987,1.5281230603556573,-20.000000000000007
-0.12405129492932987,1.5281230603556573,-20.000000000000007
-0.12405129492932987,1.5281230603556573,-20.000000000000007
-0.1254040794022055,1.5225030507157353,-20.000000000000007
-0.12540407940220547,1.5225030507157356,-20.000000000000007
-0.12540407940220547,1.5225030507157353,-20.000000000000007
-0.12540407940220547,1.5225030507157353,-20.000000000000007
-0.12540407940220547,1.5225030507157356,-20.000000000000007
-0.12540407940220547,1.5225030507157353,-20.000000000000007
-0.12540407940220547,1.522503050715735,-20.000000000000007
-0.12540407940220547,1.5225030507157356,-20.000000000000007
-0.12540407940220547,1.5225030507157353,-20.000000000000007
-0.12612832371306415,1.523586733475482,-20.000000000000007
-0.12756711120681585,1.5208065143620628,-20.000000000000007
-0.13015262544468728,1.5277015351385426,-20.000000000000007
-0.13034798177912152,1.5266383311222402,-20.000000000000007
-0.1303479817791215,1.52663833112224,-20.000000000000007
-0.13034798177912152,1.52663833112224,-20.000000000000007
-0.13034798177912152,1.52663833112224,-20.000000000000007
-0.1303479817791215,1.5266383311222402,-20.000000000000007
-0.1303479817791215,1.5266383311222402,-20.000000000000007
-0.13015262544468725,1.5277015351385423,-20.000000000000007
-0.12756711120681588,1.5208065143620628,-20.000000000000007
-0.12756711120681588,1.5208065143620628,-20.000000000000007
-0.13015262544468725,1.5277015351385423,-20.000000000000007
-0.12756711120681585,1.5208065143620628,-20.000000000000007
-0.12756711120681585,1.5208065143620626,-20.000000000000007
-0.1254040801820389,1.5225047004235048,-20.000000000000007
-0.1254040794022055,1.5225030507157353,-20.000000000000007
-0.1254040794022055,1.5225030507157353,-20.000000000000007
-0.12684286767579064,1.5197244813100856,-20.000000000000007
-0.12684286767579064,1.5197244813100859,-20.000000000000007
-0.1254040801820389,1.5225047004235046,-20.000000000000007
-0.12540407940220547,1.522503050715735,-20.000000000000007
-0.12405129492932987,1.528123060355657,-20.000000000000007
-0.12405129492932987,1.528123060355657,-20.000000000000007
-0.1240512949293299,1.5281230603556573,-20.000000000000007
-0.12405129492932987,1.5281230603556568,-20.000000000000007
-0.12405129492932988,1.5281230603556573,-20.000000000000007
-0.16015086704143033,1.4658572207674505,-20.000000000000007
-0.22907067213471016,1.9266742771147656,-20.000000000000007
-0.2874276884219504,1.5707318059949422,-20.000000000000007
-0.34562505853596914,1.4962859628708916,-20.000000000000007
-0.3651134999405581,1.5021666032622472,-20.000000000000007
-0.34564443539857387,1.496287195469609,-20.000000000000007
-0.30443966880850964,1.5054783843852269,-20.000000000000007
-0.25622143368606254,1.761526462578634,-20.000000000000007
-0.1750691443919082,1.5677190487190196,-20.000000000000007
-0.17296086859212917,1.560936826610933,-20.000000000000007
-0.18217879323861752,1.5744388146995938,-20.000000000000007
-0.2206284611958884,1.9240573197414903,-20.000000000000007
-0.27610103070085096,1.612538059729369,-20.000000000000007
-0.28730523098226285,1.570188072106489,-20.000000000000007
-0.31509465220423705,1.4942280719562915,-20.000000000000007
-0.33329582336478825,1.4974243956216007,-20.000000000000007
-0.3329793279525711,1.4973538176843335,-20.000000000000007
-0.35344785364424813,1.5011870803113494,-20.000000000000007
-0.34047310911459533,1.4983929208506805,-20.000000000000007
-0.3637970986941996,1.5012352180135151,-20.000000000000007
-0.37498671212617235,1.4896946193561305,-20.000000000000007
-0.37470925054084914,1.489949036346534,-20.000000000000007
-0.38921130183428565,1.4997537378964054,-20.000000000000007
-0.33871631762950594,1.5008790076191922,-20.000000000000007
-0.350397190027469,1.500127193145869,-20.000000000000007
-0.3178284183024441,1.4971778682395442,-20.000000000000007
-0.3276888274243007,1.5010552093838072,-20.000000000000007
-0.3667946914449738,1.5007701925228378,-20.000000000000007
-0.32403962741797376,1.5011756200127393,-20.000000000000007
-0.38786709078523846,1.5008472260632286,-20.000000000000007
-0.34419915393644734,1.4977230514414888,-20.000000000000007
-0.35895835971575296,1.4984016950923003,-20.000000000000007
-0.36369080508962764,1.5020779289279327,-20.000000000000007
-0.3327885328710221,1.497238746005715,-20.000000000000007
-0.3775935112678659,1.4931505730589636,-20.000000000000007
-0.3272386132941839,1.4990668076255922,-20.000000000000007
-0.3923745348789528,1.5034383430759228,-20.000000000000007
-0.35489641864090277,1.500431771535262,-20.000000000000007
-0.3723932998652157,1.4945119835598129,-20.000000000000007
-0.39059859419672593,1.5022426404497784,-20.000000000000007
-0.3180669858494018,1.4998476559255904,-20.000000000000007
-0.4160893256088709,1.5118513419479502,-20.000000000000007
-0.35440046688910526,1.500002827783506,-20.000000000000007
-0.37773116431446996,1.4928209027999002,-20.000000000000007
-0.40351577014137174,1.4985133056085702,-20.000000000000007
-0.3141695922435765,1.5015959072467104,-20.000000000000007
-0.3479491612913086,1.5003198478311082,-20.000000000000007
-0.32745122006281174,1.5003756124555419,-20.000000000000007
-0.3098243392099978,1.5045724690084552,-20.000000000000007
-0.29888468807246327,1.567487737402928,-20.000000000000007
-0.2532688923353968,1.7578024270239831,-20.000000000000007
-0.1888889760460642,1.5748627885679043,-20.000000000000007
-0.14969871320520375,1.4376750065870232,-20.000000000000007
-0.13766089245675406,1.4109848407592605,-20.000000000000007
-0.17917386072802038,1.5901780441278879,-20.000000000000007
-0.2007395051075761,1.7431564730484344,-20.000000000000007
-0.20022911153098902,1.743084535206455,-20.000000000000007
-0.27937114303749494,1.525713678077813,-20.000000000000007
-0.2593829414142348,1.772546230140229,-20.000000000000007
-0.2920743774297667,1.5894377399193633,-20.000000000000007
-0.3318989531227397,1.49812136810093,-20.000000000000007
-0.2983756903164971,1.5740870760206478,-20.000000000000007
-0.38268270180229247,1.5026461018216528,-20.000000000000007
-0.35425219343713127,1.4992642919282364,-20.000000000000007
-0.36847998701781404,1.4997880548145561,-20.000000000000007
-0.38329827950792117,1.5038439057784523,-20.000000000000007
-0.32950067643526804,1.4957345044340506,-20.000000000000007
-0.3432551872182276,1.4988758660356005,-20.000000000000007
-0.3071821076049665,1.5118522251275395,-20.000000000000007
-0.30212152026981104,1.5362892984224137,-20.000000000000007
-0.30354783860056345,1.5144144174067047,-20.000000000000007
-0.30974872444782503,1.5047213828259638,-20.000000000000007
-0.34982269500336527,1.5007447033427497,-20.000000000000007
-0.34174130174140493,1.4977250634553352,-20.000000000000007
-0.37765705498825575,1.4946943848932532,-20.000000000000007
-0.3879326690585744,1.4985197316029266,-20.000000000000007
-0.3887647470475655,1.497239293232814,-20.000000000000007
-0.415103623227047,1.505867729866425,-20.000000000000007
-0.3898653437844532,1.501342574231498,-20.000000000000007
-0.41296388712677795,1.4983408592421554,-20.000000000000007
-0.3770111024452963,1.4927630265779335,-20.000000000000007
-0.3889108058863019,1.4975521983299827,-20.000000000000007
-0.3832862295866272,1.5039034533796656,-20.000000000000007
-0.3539475696016855,1.499680190761621,-20.000000000000007
-0.40420644808156947,1.4917143678686169,-20.000000000000007
-0.36807229919461726,1.4998982435748929,-20.000000000000007
-0.4100935649151762,1.4968339322623077,-20.000000000000007
-0.4169791429204955,1.517277560154018,-20.000000000000007
-0.393830119140134,1.5005027472288623,-20.000000000000007
-0.4150959133387786,1.5059472593723984,-20.000000000000007
-0.38631939571772445,1.5009528370584124,-20.000000000000007
-0.38037819646041837,1.4993657834029936,-20.000000000000007
-0.36637048285039836,1.5015481910681565,-20.000000000000007
-0.3288504805802797,1.4960382113981787,-20.000000000000007
-0.27069466483760557,1.7110862402984544,-20.000000000000007
-0.21173042344573,1.8478756848573856,-20.000000000000007
-0.14896232389835787,1.441250436214657,-20.000000000000007
-0.13766089245675403,1.41098484075926,-20.000000000000007
-0.1596376080968485,1.4903236025950413,-20.000000000000007
-0.17542972117740843,1.5709628390265231,-20.000000000000007
-0.23713542594845216,1.9039820194760924,-20.000000000000007
-0.25331321449376165,1.7547025132532514,-20.000000000000007
-0.29392143141561916,1.5971422552553443,-20.000000000000007
-0.3280627460169443,1.4991378385234904,-20.000000000000007
-0.3395520208123278,1.4988160691901018,-20.000000000000007
-0.37880671926745624,1.4995029946227354,-20.000000000000007
-0.3700087145540455,1.500359793870271,-20.000000000000007
-0.39990585506716175,1.4935404204622795,-20.000000000000007
-0.387732105581318,1.5000306311518563,-20.000000000000007
-0.37128002271169963,1.496556412406858,-20.000000000000007
-0.3770342549852157,1.4928029165439,-20.000000000000007
-0.3255785162154275,1.4986736151985338,-20.000000000000007
-0.3584302502405508,1.500415639662095,-20.000000000000007
-0.3354928357868192,1.5000914657694757,-20.000000000000007
-0.35326101372456875,1.5006238008907236,-20.000000000000007
-0.37931203131939073,1.4988624694952795,-20.000000000000007
-0.3460252535732773,1.496746308660208,-20.000000000000007
-0.40433254162463284,1.4927757381033673,-20.000000000000007
-0.38268270180229247,1.5026461018216528,-20.000000000000007
-0.3922710839947128,1.5045693138018836,-20.000000000000007
-0.41009356491517623,1.4968339322623077,-20.000000000000007
-0.3719055753643097,1.4948734172483877,-20.000000000000007
-0.3999058550671617,1.4935404204622795,-20.000000000000007
-0.3650299395854604,1.502175299410743,-20.000000000000007
-0.40276009951776365,1.495693063022182,-20.000000000000007
-0.40485370671556486,1.4977910022249303,-20.000000000000007
-0.4035848310858544,1.4952416525702592,-20.000000000000007
-0.42618838334182113,1.4232137346337994,-20.000000000000007
-0.37227577142775753,1.4944246863007318,-20.000000000000007
-0.40917096847474604,1.50104749700126,-20.000000000000007
-0.3877644873200008,1.5000248328276955,-20.000000000000007
-0.40386808530644625,1.4923228234903876,-20.000000000000007
-0.4128529709620245,1.4977885338169057,-20.000000000000007
-0.3441785563908145,1.4979706314821137,-20.000000000000007
-0.35846815852883473,1.5001444837296094,-20.000000000000007
-0.321237639650967,1.4998544704012444,-20.000000000000007
-0.30869507693319564,1.5084842271221304,-20.000000000000007
-0.2919885145839509,1.588940850133162,-20.000000000000007
-0.2368081958155418,1.9141570200209543,-20.000000000000007
-0.1822603459450228,1.575240624019803,-20.000000000000007
-0.13559501490126286,1.4971204706629224,-20.000000000000007
-0.13766033188648452,1.4110074467856224,-20.000000000000007
-0.14969871320520373,1.4376750065870232,-20.000000000000007
-0.22142428680791448,1.9294335611128575,-20.000000000000007
-0.23627546092076895,1.9125746720860466,-20.000000000000007
-0.28551481210738916,1.5631726242681472,-20.000000000000007
-0.34570848475971555,1.4963172101981832,-20.000000000000007
-0.32192853984978703,1.4959613270164127,-20.000000000000007
-0.41127224364476833,1.4967986655448413,-20.000000000000007
-0.39195255719288435,1.5040965379487894,-20.000000000000007
-0.43491610969327354,1.4045508180568105,-20.000000000000007
-0.44549681692717064,1.4390773753774078,-20.000000000000007
-0.3749144143855271,1.4895170951752894,-20.000000000000007
-0.43897240571633317,1.4280640116579402,-20.000000000000007
-0.35775958001571595,1.4989078707052197,-20.000000000000007
-0.37739340298588564,1.4977591044857692,-20.000000000000007
-0.381930102498524,1.4991494434658343,-20.000000000000007
-0.33617555986916164,1.5004149359410666,-20.000000000000007
-0.34419993415051814,1.4976306308846339,-20.000000000000007
-0.33259767513189686,1.4967006025570433,-20.000000000000007
-0.3730541615562755,1.4931513449381255,-20.000000000000007
-0.36178858519249457,1.4973302824019676,-20.000000000000007
-0.4130585747627336,1.498449791324355,-20.000000000000007
-0.41897521764996015,1.4980979436525927,-20.000000000000007
-0.4294284686468475,1.4101466792497912,-20.000000000000007
-0.41895352255374985,1.4979991861952322,-20.000000000000007
-0.4150954204190598,1.5060276255044165,-20.000000000000007
-0.41846599135405715,1.5125447850773959,-20.000000000000007
-0.3847959426391044,1.5008205899447278,-20.000000000000007
-0.42948230958212574,1.4094443724861114,-20.000000000000007
-0.40490119194333934,1.498673303717868,-20.000000000000007
-0.4407074539476543,1.4283377708431981,-20.000000000000007
-0.4204892766816929,1.4718388090615753,-20.000000000000007
-0.41136643836100517,1.496987963759059,-20.000000000000007
-0.42057566533020396,1.4696948733521327,-20.000000000000007
-0.3775935112678659,1.4931505730589634,-20.000000000000007
-0.4028216949867746,1.4958521776843416,-20.000000000000007
-0.3788115019859299,1.498967487601651,-20.000000000000007
-0.3816477884971135,1.498900179738704,-20.000000000000007
-0.37040323017815224,1.4972514252468905,-20.000000000000007
-0.3584750567079737,1.499081895611342,-20.000000000000007
-0.3210980283776147,1.497125465804676,-20.000000000000007
-0.25497702721505894,1.7602725404733848,-20.000000000000007
-0.18180396792141795,1.5689694032660029,-20.000000000000007
-0.13599181676955768,1.4856097056033688,-20.000000000000007
-0.14969871320520373,1.437675006587023,-20.000000000000007
-0.17264917969481353,1.5960382520868768,-20.000000000000007
-0.1815357990587903,1.5675736459818337,-20.000000000000007
-0.2799303887599006,1.5136879349395191,-20.000000000000007
-0.2801168150266809,1.5081261530810859,-20.000000000000007
-0.3325878610078263,1.4967755141766461,-20.000000000000007
-0.3578918369398615,1.4995937068785676,-20.000000000000007
-0.32779544108622705,1.4992430344162406,-20.000000000000007
-0.4145731417259788,1.5041850806489452,-20.000000000000007
-0.37759351126786583,1.4931505730589634,-20.000000000000007
-0.41089501579071935,1.4969671508467854,-20.000000000000007
-0.41817455089693867,1.5073492316550123,-20.000000000000007
-0.37498671212617235,1.4896946193561305,-20.000000000000007
-0.41447048107295564,1.504032638126317,-20.000000000000007
-0.3633423346658664,1.4982435358479873,-20.000000000000007
-0.3827874493004261,1.5029068693575658,-20.000000000000007
-0.3619152066827952,1.4982028825644296,-20.000000000000007
-0.34339081674327954,1.499010886563287,-20.000000000000007
-0.3726985862975144,1.4935252699592223,-20.000000000000007
-0.3441999341505181,1.4976306308846334,-20.000000000000007
-0.3942040343917118,1.5009614170905972,-20.000000000000007
-0.3845849735518506,1.4988843938065273,-20.000000000000007
-0.41320675942742136,1.4989851348729375,-20.000000000000007
-0.4278800689348364,1.4233169815651086,-20.000000000000007
-0.38986534378445314,1.5013425742314979,-20.000000000000007
-0.4565390225060386,1.3831875802874904,-20.000000000000007
-0.41789239299218806,1.5197421264409794,-20.000000000000007
-0.45858482363959174,1.3928062616347545,-20.000000000000007
-0.4618362914584617,1.3631836064725666,-20.000000000000007
-0.4130625125966636,1.4987245436518835,-20.000000000000007
-0.4844443900133982,1.3545319409582814,-20.000000000000007
-0.43911627042870655,1.4291224575809942,-20.000000000000007
-0.4993694237108084,1.3856783738779241,-20.000000000000007
-0.501771455488141,1.3930658690777569,-20.000000000000007
-0.4464068210721508,1.4355929560553073,-20.000000000000007
-0.4717721780126481,1.3382008702602064,-20.000000000000007
-0.40023509561067466,1.4967865281797825,-20.000000000000007
-0.3892985164563796,1.5002541416725255,-20.000000000000007
-0.36990373279178107,1.4991845951371863,-20.000000000000007
-0.32228744848626956,1.4983442314310502,-20.000000000000007
-0.29376831332964576,1.597067583638435,-20.000000000000007
-0.22992079293499196,1.9267144829893357,-20.000000000000007
-0.16270023080057264,1.4821412217524914,-20.000000000000007
-0.13496593015556185,1.490400499773179,-20.000000000000007
-0.1303479817791215,1.52663833112224,-20.000000000000007
-0.13495605330512836,1.4898632237174252,-20.000000000000007
-0.14969871320520373,1.4376750065870232,-20.000000000000007
-0.15849767981066684,1.4928377700777622,-20.000000000000007
-0.23302149666010646,1.918653038822802,-20.000000000000007
-0.2509985935316187,1.718598104620272,-20.000000000000007
-0.31146648021384127,1.5007208993652792,-20.000000000000007
-0.349597752946023,1.49963277266016,-20.000000000000007
-0.32635807125771155,1.499065896435629,-20.000000000000007
-0.41935666323315723,1.4904278997443692,-20.000000000000007
-0.4038148497818602,1.4934947072900853,-20.000000000000007
-0.456635252522562,1.3831918720426526,-20.000000000000007
-0.4805299695425705,1.3562490860842622,-20.000000000000007
-0.4204892766816929,1.4718388090615753,-20.000000000000007
-0.4108640755741461,1.4957140319155826,-20.000000000000007
-0.30718210760496645,1.5118522251275395,-20.000000000000007
-0.2663559328666817,1.760306724453075,-20.000000000000007
-0.23090645405062973,1.9115449702339888,-20.000000000000007
-0.21965703425001756,1.93847326178661,-20.000000000000007
-0.255308667436032,1.7679087453312388,-20.000000000000007
-0.305449339598494,1.5083550434456752,-20.000000000000007
-0.31332294640546304,1.5037569235584396,-20.000000000000007
-0.3461414254059886,1.496282179298496,-20.000000000000007
-0.35867209764509866,1.4981347185443532,-20.000000000000007
-0.33418183716642313,1.497274865330826,-20.000000000000007
-0.34615866945663426,1.494355072605973,-20.000000000000007
-0.31502260985904257,1.493792801404009,-20.000000000000007
-0.34588117270082297,1.4962965473809564,-20.000000000000007
-0.3705164617333685,1.496018274307894,-20.000000000000007
-0.3777175234679768,1.4934490184648594,-20.000000000000007
-0.44582073660215166,1.443343088112031,-20.000000000000007
-0.4204892766816929,1.4718388090615753,-20.000000000000007
-0.4462957605732252,1.436399425838425,-20.000000000000007
-0.4653647979654802,1.3474736860661032,-20.000000000000007
-0.4462957605732253,1.436399425838425,-20.000000000000007
-0.46193496495308994,1.3629919139614264,-20.000000000000007
-0.42937116746063375,1.4120697577230192,-20.000000000000007
-0.42440851444361,1.4294291282489646,-20.000000000000007
-0.4159358650460461,1.5115808465942004,-20.000000000000007
-0.3913156373956483,1.5027686708816335,-20.000000000000007
-0.34950291745039835,1.499410478685262,-20.000000000000007
-0.28011681502668095,1.5081261530810859,-20.000000000000007
-0.17509931874705942,1.5663756026689184,-20.000000000000007
-0.12962137119366823,1.5155557931172825,-20.000000000000007
-0.13103590222828337,1.523304105572557,-20.000000000000007
-0.13166443511185488,1.516587561719274,-20.000000000000007
-0.13548266325810884,1.5103854553952123,-20.000000000000007
-0.18160449471629359,1.5653668616837884,-20.000000000000007
-0.21990894098602337,1.926001591715591,-20.000000000000007
-0.25518903539787546,1.7666175382727667,-20.000000000000007
-0.3089249670216703,1.5069197942082742,-20.000000000000007
-0.3186153246588819,1.4997621493726556,-20.000000000000007
-0.3605316241569822,1.499394666398862,-20.000000000000007
-0.3576907841496159,1.4982579125990383,-20.000000000000007
-0.3717758777885207,1.4961718218083178,-20.000000000000007
-0.40079394732223594,1.4938373269257348,-20.000000000000007
-0.3938557655873873,1.5008508299496464,-20.000000000000007
-0.40498210180704747,1.5003796090919395,-20.000000000000007
-0.3727776053250804,1.4929726563835886,-20.000000000000007
-0.32705219333625435,1.5000760491849014,-20.000000000000007
-0.28513543071080866,1.5353985649857194,-20.000000000000007
-0.2934771272931863,1.594332636642514,-20.000000000000007
-0.2846493882131486,1.5322274562314535,-20.000000000000007
-0.31323465374487414,1.5031433285859488,-20.000000000000007
-0.3417485759546029,1.4969363909939593,-20.000000000000007
-0.322412266234826,1.4984924430926925,-20.000000000000007
-0.37104729773372047,1.495768149072652,-20.000000000000007
-0.3645221522772084,1.5019117648820064,-20.000000000000007
-0.390598594196726,1.5022426404497786,-20.000000000000007
-0.4144214147978722,1.5038006128554438,-20.000000000000007
-0.37880671926745624,1.4995029946227356,-20.000000000000007
-0.44358246009882774,1.439247683223842,-20.000000000000007
-0.41457314172597876,1.5041850806489454,-20.000000000000007
-0.4472661402027892,1.4318611265862622,-20.000000000000007
-0.4582764209603828,1.3938744947715467,-20.000000000000007
-0.4161129492981589,1.5118101648032494,-20.000000000000007
-0.4989804213466412,1.385066628739932,-20.000000000000007
-0.4489295667765625,1.4193674195658232,-20.000000000000007
-0.47847966643058115,1.3509523370295424,-20.000000000000007
-0.4817550107997314,1.3622059903441266,-20.000000000000007
-0.40339164574272485,1.4983333518143245,-20.000000000000007
-0.39620986652712176,1.499321490648987,-20.000000000000007
-0.3464359662607151,1.496441519865741,-20.000000000000007
-0.3023842193969529,1.533098215522312,-20.000000000000007
-0.2589903986062602,1.7774003796868088,-20.000000000000007
-0.21135963103715372,1.8394227102699032,-20.000000000000007
-0.1509864912825978,1.3992341320455806,-20.000000000000007
-0.13162334867738157,1.5125531912026637,-20.000000000000007
-0.13496593015556185,1.490400499773179,-20.000000000000007
-0.13552422097192307,1.4980251333747931,-20.000000000000007
-0.18840552363519536,1.5705858562368935,-20.000000000000007
-0.21173042344573004,1.8478756848573854,-20.000000000000007
-0.2835864493405321,1.5434221632614336,-20.000000000000007
-0.30826442348640654,1.5092640463390954,-20.000000000000007
-0.3705164617333685,1.4960182743078938,-20.000000000000007
-0.3912997000696533,1.5032829502893348,-20.000000000000007
-0.44363298251789784,1.438971285736879,-20.000000000000007
-0.4583040375918305,1.3927388068873507,-20.000000000000007
-0.5001952192316528,1.3886088020140595,-20.000000000000007
-0.5051064680329467,1.4195692941931783,-20.000000000000007
-0.503212265219969,1.3994810739815948,-20.000000000000007
-0.4997629029687695,1.3847937270495492,-20.000000000000007
-0.39989912386985776,1.496058221529369,-20.000000000000007
-0.369947556506607,1.499385289872997,-20.000000000000007
-0.27908581884652184,1.462985422426233,-20.000000000000007
-0.29758160241706827,1.580714234126551,-20.000000000000007
-0.3261895925852463,1.500022715765153,-20.000000000000007
-0.3815626820247463,1.4992522668669135,-20.000000000000007
-0.3926722429873826,1.50376466228247,-20.000000000000007
-0.4194123970191473,1.4908073121975691,-20.000000000000007
-0.4564315041405596,1.3838264642687483,-20.000000000000007
-0.4565818880005279,1.3837184940255747,-20.000000000000007
-0.5018280465710235,1.393139246024557,-20.000000000000007
-0.482437916659944,1.3653375439701283,-20.000000000000007
-0.49936942371080845,1.3856783738779241,-20.000000000000007
-0.4864626389817346,1.3567782160724757,-20.000000000000007
-0.49316313840242637,1.3841932390400666,-20.000000000000007
-0.5018280465710235,1.3931392460245573,-20.000000000000007
-0.5051179460114003,1.417652734553845,-20.000000000000007
-0.5235921128102573,1.2267241833894231,-20.000000000000007
-0.5288278109234088,1.213377672432204,-20.000000000000007
-0.532330411233653,1.2004385451167106,-20.000000000000007
-0.5323304112336531,1.2004385451167106,-20.000000000000007
-0.5299466660305467,1.2048363508567348,-20.000000000000007
-0.510931500441977,1.3451439027232246,-20.000000000000007
-0.46183629145846167,1.363183606472567,-20.000000000000007
-0.4379188490522993,1.4223330320143013,-20.000000000000007
-0.4131120717914658,1.4988762027907383,-20.000000000000007
-0.3539475696016855,1.499680190761621,-20.000000000000007
-0.2828105754745732,1.5373170997394179,-20.000000000000007
-0.18832435454185534,1.5729018912430373,-20.000000000000007
-0.1316195303529259,1.5122209144802388,-20.000000000000007
-0.13766089245675406,1.4109848407592605,-20.000000000000007
-0.13766089245675406,1.4109848407592605,-20.000000000000007
-0.19315943252724238,1.6118386740500747,-20.000000000000007
-0.2124774017858964,1.8482623387946078,-20.000000000000007
-0.2129563632659695,1.8553596150545901,-20.000000000000007
-0.2832257717940532,1.5311954548617424,-20.000000000000007
-0.26238991117470195,1.768540629149404,-20.000000000000007
-0.3243782732272747,1.500157797140194,-20.000000000000007
-0.3261422303188086,1.4995718229603336,-20.000000000000007
-0.32520295907772684,1.4995015032971342,-20.000000000000007
-0.3628334390518342,1.5011783694476533,-20.000000000000007
-0.3227915471295598,1.498375502837761,-20.000000000000007
-0.3814635225964073,1.4991285454729462,-20.000000000000007
-0.3496687475376081,1.4999267862935304,-20.000000000000007
-0.3536397391999955,1.4984136305915605,-20.000000000000007
-0.35466190529364594,1.4996671434888178,-20.000000000000007
-0.30303915581607355,1.5193578550285198,-20.000000000000007
-0.3538791322916276,1.4989608649185713,-20.000000000000007
-0.3218542022760734,1.499501537015222,-20.000000000000007
-0.3647941975293896,1.4984415302107008,-20.000000000000007
-0.36593526719928665,1.499651110876368,-20.000000000000007
-0.34169206859821244,1.4977878770284492,-20.000000000000007
-0.39218146618590827,1.5058846395048346,-20.000000000000007
-0.35446469202957775,1.5000059502822,-20.000000000000007
-0.4146678293619343,1.5042940127311446,-20.000000000000007
-0.40495095837887773,1.4996985639203793,-20.000000000000007
-0.41870072817233356,1.5091757075113557,-20.000000000000007
-0.44365431018258683,1.4380584263906881,-20.000000000000007
-0.39768346006675603,1.4978458468480107,-20.000000000000007
-0.4396007245356261,1.43051216701802,-20.000000000000007
-0.3926550849621131,1.5023949703342345,-20.000000000000007
-0.41127224364476833,1.4967986655448413,-20.000000000000007
-0.41089501579071924,1.4969671508467854,-20.000000000000007
-0.3705164617333685,1.496018274307894,-20.000000000000007
-0.4281163186299819,1.4234910923544928,-20.000000000000007
-0.39131563739564834,1.5027686708816337,-20.000000000000007
-0.3919958282657474,1.5024054456842655,-20.000000000000007
-0.3928793258071925,1.5017548965621157,-20.000000000000007
-0.3356940762374331,1.4983692328111544,-20.000000000000007
-0.32602169285934995,1.5006732579310262,-20.000000000000007
-0.2943932088751053,1.5946848216936949,-20.000000000000007
-0.22903447707550284,1.927640386223834,-20.000000000000007
-0.1497541574130439,1.4356391577721634,-20.000000000000007
-0.13162334867738157,1.512553191202664,-20.000000000000007
-0.13162334867738157,1.512553191202664,-20.000000000000007
-0.14969871320520373,1.4376750065870232,-20.000000000000007
-0.17716407672167844,1.5760687284044748,-20.000000000000007
-0.1727444587044594,1.5956719135961759,-20.000000000000007
-0.25602497317246664,1.765513258458527,-20.000000000000007
-0.25602497317246664,1.765513258458527,-20.000000000000007
-0.33136499130967545,1.4986333461087562,-20.000000000000007
-0.3592174162571536,1.4970963869628644,-20.000000000000007
-0.33909309054822323,1.5001552958570739,-20.000000000000007
-0.43866628885890246,1.4315071652765865,-20.000000000000007
-0.4019731862321809,1.494323092287781,-20.000000000000007
-0.4612461227408046,1.3683552353866084,-20.000000000000007
-0.4768101302517399,1.3413995308197784,-20.000000000000007
-0.40520272961882364,1.501255041796755,-20.000000000000007
-0.40358949007075606,1.4992216185820633,-20.000000000000007
-0.33001311810299333,1.4973032597419,-20.000000000000007
-0.2831294950850029,1.5188264880622553,-20.000000000000007
-0.3155081290640961,1.49491576331512,-20.000000000000007
-0.3301891622125729,1.4974962441361803,-20.000000000000007
-0.3464496270579469,1.4964874762400697,-20.000000000000007
-0.3817725321160031,1.4983942122789868,-20.000000000000007
-0.3544200337142615,1.4994342633985607,-20.000000000000007
-0.4168645708965859,1.5163805579080651,-20.000000000000007
-0.40420644808156947,1.491714367868617,-20.000000000000007
-0.4157939336057512,1.5100231757163738,-20.000000000000007
-0.40290928165440454,1.495766344721501,-20.000000000000007
-0.3114447591069365,1.500686319178811,-20.000000000000007
-0.3804761076028749,1.4994912382475996,-20.000000000000007
-0.3491600189198971,1.4988679280327166,-20.000000000000007
-0.41860604053637784,1.5090667754291565,-20.000000000000007
-0.474055890341472,1.339030231544579,-20.000000000000007
-0.43873123956127935,1.431713024512732,-20.000000000000007
-0.48420224549231056,1.3586575128104845,-20.000000000000007
-0.4554363485528172,1.3784689786246016,-20.000000000000007
-0.4582764209603828,1.393874494771547,-20.000000000000007
-0.4462602582660552,1.4370288985124346,-20.000000000000007
-0.4100935649151761,1.4968339322623077,-20.000000000000007
-0.42112194742647113,1.459955625014826,-20.000000000000007
-0.4035848310858544,1.4952416525702594,-20.000000000000007
-0.3844510689371303,1.4982344480076049,-20.000000000000007
-0.3413486394333717,1.4984118479321562,-20.000000000000007
-0.25466917964728536,1.7581784793614414,-20.000000000000007
-0.15148125907664828,1.4023480959233525,-20.000000000000007
-0.12738145262106898,1.5267946817346165,-20.000000000000007
-0.13136931143642383,1.5152803898427867,-20.000000000000007
-0.13370893990229002,1.4976137892036963,-20.000000000000007
-0.17215255537729224,1.5947357129234399,-20.000000000000007
-0.18915002827871114,1.572881121255673,-20.000000000000007
-0.1994335142152018,1.6818411216689304,-20.000000000000007
-0.2970593839336271,1.5882707305967734,-20.000000000000007
-0.29470271056707953,1.5966904329115776,-20.000000000000007
-0.35599284222912064,1.5003375557239256,-20.000000000000007
-0.3828940628533279,1.498990965838089,-20.000000000000007
-0.3607510472235762,1.4999714155790793,-20.000000000000007
-0.4435193376509595,1.440681504016582,-20.000000000000007
-0.41127224364476833,1.496798665544841,-20.000000000000007
-0.452489229838947,1.397164814443227,-20.000000000000007
-0.44752310974744514,1.4322859619208792,-20.000000000000007
-0.37486411678593856,1.4929899074146533,-20.000000000000007
-0.3730487426236888,1.4932567451046161,-20.000000000000007
-0.28500616045125055,1.534878647917094,-20.000000000000007
-0.3146352793115471,1.4956303599468472,-20.000000000000007
-0.31989770801914214,1.4985594974261096,-20.000000000000007
-0.3680224343700936,1.499071055324335,-20.000000000000007
-0.3879436753027841,1.5008517465728735,-20.000000000000007
-0.34624725585448474,1.4947854451368263,-20.000000000000007
-0.4262823557405421,1.4217292322820216,-20.000000000000007
-0.388910805886302,1.4975521983299829,-20.000000000000007
-0.44582490507182093,1.4425078372692535,-20.000000000000007
-0.4564512934538204,1.3818075670975078,-20.000000000000007
-0.3927329177330481,1.5025827713436715,-20.000000000000007
-0.4851626361053981,1.3548921835182492,-20.000000000000007
-0.4355547524675042,1.4045762031157056,-20.000000000000007
-0.5043148457231501,1.4115430487866387,-20.000000000000007
-0.5109469047518174,1.3448934500078802,-20.000000000000007
-0.4612058431739948,1.3688590926865505,-20.000000000000007
-0.5161827744283249,1.274213469869638,-20.000000000000007
-0.4582764209603829,1.393874494771547,-20.000000000000007
-0.5015828740866695,1.3920531660248474,-20.000000000000007
-0.48465531962158426,1.3526510223376103,-20.000000000000007
-0.4258237867099076,1.4289712115379547,-20.000000000000007
-0.4286851135428051,1.4273035116266066,-20.000000000000007
-0.3619152066827952,1.4982028825644296,-20.000000000000007
-0.32130208270614574,1.5000164448957665,-20.000000000000007
-0.2790858188465218,1.462985422426233,-20.000000000000007
-0.21023380688351326,1.8304416245211916,-20.000000000000007
-0.13766089245675406,1.4109848407592605,-20.000000000000007
-0.1296237382480963,1.525556298070263,-20.000000000000007
-0.13523645424514372,1.4956132648969094,-20.000000000000007
-0.13766089245675403,1.4109848407592605,-20.000000000000007
-0.18220996636544406,1.5747645545787248,-20.000000000000007
-0.22103389127131068,1.9275600210951247,-20.000000000000007
-0.2205455368924384,1.9333096644290924,-20.000000000000007
-0.31966840829707305,1.4992318833709504,-20.000000000000007
-0.3174641921970161,1.4991307920827641,-20.000000000000007
-0.38329827950792117,1.5038439057784523,-20.000000000000007
-0.42119807158234407,1.4602178019994139,-20.000000000000007
-0.3888308387762339,1.497201953277348,-20.000000000000007
-0.4790353892554319,1.3549928675967005,-20.000000000000007
-0.43592703715234987,1.405362694204653,-20.000000000000007
-0.4653647979654802,1.3474736860661032,-20.000000000000007
-0.4702992622782436,1.34446350314765,-20.000000000000007
-0.3844270119312264,1.4998936462786554,-20.000000000000007
-0.4006382373948461,1.4961966407333112,-20.000000000000007
-0.3163939756994304,1.4967174416503983,-20.000000000000007
-0.34174857595460284,1.4969363909939593,-20.000000000000007
-0.34825173215184857,1.5009356165056493,-20.000000000000007
-0.37056586678109454,1.4989722620153945,-20.000000000000007
-0.4037674314897892,1.4977414914607678,-20.000000000000007
-0.3698367108193004,1.5019953295635513,-20.000000000000007
-0.4473590291529206,1.4322221784822668,-20.000000000000007
-0.42920269250468757,1.4131236036743453,-20.000000000000007
-0.4614893863228754,1.3700300205333031,-20.000000000000007
-0.4822853967062174,1.3690469640614016,-20.000000000000007
-0.40336880689080573,1.4985064614349652,-20.000000000000007
-0.4989804213466413,1.3850666287399318,-20.000000000000007
-0.44558512357602187,1.4391489616180613,-20.000000000000007
-0.5042525376813354,1.4105663131622963,-20.000000000000007
-0.5255121226511903,1.2172653091213974,-20.000000000000007
-0.4612058431739949,1.3688590926865503,-20.000000000000007
-0.5323304112336531,1.2004385451167106,-20.000000000000007
-0.48209278759501206,1.3661407924620452,-20.000000000000007
-0.5051064680329467,1.4195692941931783,-20.000000000000007
-0.5051179460114001,1.4176527345538452,-20.000000000000007
-0.4189535225537498,1.4979991861952322,-20.000000000000007
-0.45830403759183047,1.3927388068873503,-20.000000000000007
-0.4335046168897319,1.4042974918640998,-20.000000000000007
-0.3994977549070347,1.4937815030729373,-20.000000000000007
-0.35054301239796204,1.502465344778113,-20.000000000000007
-0.255489638118054,1.7579965122727372,-20.000000000000007
-0.1353876019519644,1.4982772609475223,-20.000000000000007
-0.12959655351440094,1.5217356634353918,-20.000000000000007
-0.13103590222828335,1.523304105572557,-20.000000000000007
-0.1495116141371251,1.4836989924470356,-20.000000000000007
-0.17288411621543606,1.5613034517219717,-20.000000000000007
-0.17291871573542972,1.593467124800574,-20.000000000000007
-0.2802091556564264,1.513352420605399,-20.000000000000007
-0.2766318014876316,1.6074584295559389,-20.000000000000007
-0.34076593956721524,1.4981442686495898,-20.000000000000007
-0.38305150739022775,1.4978512435809679,-20.000000000000007
-0.3404273893809842,1.4985512034351298,-20.000000000000007
-0.45645129345382035,1.3818075670975078,-20.000000000000007
-0.4127558561594801,1.497984130137009,-20.000000000000007
-0.4612058431739948,1.3688590926865505,-20.000000000000007
-0.4953015178524582,1.3879560608621084,-20.000000000000007
-0.4045917633282569,1.492525608854889,-20.000000000000007
-0.4035525888723709,1.4991057403900514,-20.000000000000007
-0.3191183849011486,1.4935553759220406,-20.000000000000007
-0.24983746969752973,1.735072632605674,-20.000000000000007
-0.281987883560839,1.5026985691371784,-20.000000000000007
-0.3148989845456726,1.4938607323888171,-20.000000000000007
-0.3429862721849723,1.4988850068507054,-20.000000000000007
-0.37785775110218267,1.4963280078779957,-20.000000000000007
-0.3459386965132367,1.4967004919465108,-20.000000000000007
-0.40702743114137074,1.5003491751139206,-20.000000000000007
-0.39652287607236425,1.4991657294472847,-20.000000000000007
-0.42473809349982095,1.4333534622406783,-20.000000000000007
-0.4469396672231607,1.432657762602098,-20.000000000000007
-0.39273291773304814,1.5025827713436717,-20.000000000000007
-0.4852560905647443,1.3549730636120947,-20.000000000000007
-0.4450466196034488,1.4366945349070064,-20.000000000000007
-0.4851626361053982,1.3548921835182495,-20.000000000000007
-0.5109469047518173,1.3448934500078802,-20.000000000000007
-0.4437894035883968,1.4377156852877457,-20.000000000000007
-0.524926065215417,1.2144990146010457,-20.000000000000007
-0.47778130271196556,1.3489730197348577,-20.000000000000007
-0.495116220849482,1.387841101433716,-20.000000000000007
-0.4997629029687696,1.384793727049549,-20.000000000000007
-0.4173117404519995,1.5120376813366379,-20.000000000000007
-0.4187496022834606,1.4936118646343592,-20.000000000000007
-0.36990373279178107,1.4991845951371865,-20.000000000000007
-0.32620089005086955,1.5003162660926601,-20.000000000000007
-0.27912945033240527,1.4624896225013033,-20.000000000000007
-0.2202822389994352,1.9396231885002952,-20.000000000000007
-0.13766089245675406,1.4109848407592605,-20.000000000000007
-0.13162334867738157,1.512553191202664,-20.000000000000007
-0.13496593015556185,1.490400499773179,-20.000000000000007
-0.1509864912825978,1.3992341320455803,-20.000000000000007
-0.18067000068203443,1.5594198148107745,-20.000000000000007
-0.18122566722890532,1.5694315109664936,-20.000000000000007
-0.2804613747482171,1.5046881431273893,-20.000000000000007
-0.2799761963384992,1.515233333306546,-20.000000000000007
-0.3395520208123278,1.4988160691901016,-20.000000000000007
-0.37342579852446484,1.4914416831605568,-20.000000000000007
-0.3813849806319468,1.4992378804840947,-20.000000000000007
-0.4431663321383343,1.4443340720638551,-20.000000000000007
-0.4168645708965859,1.5163805579080654,-20.000000000000007
-0.48966761469071285,1.3896186832265793,-20.000000000000007
-0.4755281718113472,1.338222871893145,-20.000000000000007
-0.437714323436304,1.4273199937215495,-20.000000000000007
-0.43613776744810634,1.4065766222756952,-20.000000000000007
-0.32283720834113916,1.4990617505016295,-20.000000000000007
-0.2862439907168459,1.544099910756524,-20.000000000000007
-0.33170640003504637,1.4983980303742161,-20.000000000000007
-0.3183084576585469,1.4970119214434896,-20.000000000000007
-0.3773144202855606,1.4973774965246298,-20.000000000000007
-0.39299889838304947,1.501259427461652,-20.000000000000007
-0.3557560218746104,1.5007696384286455,-20.000000000000007
-0.4289989075354999,1.4152315179103012,-20.000000000000007
-0.38331410187347004,1.50255591476471,-20.000000000000007
-0.41935666323315723,1.4904278997443692,-20.000000000000007
-0.4152506264440766,1.5059835772902905,-20.000000000000007
-0.36081497900858056,1.4988089291740763,-20.000000000000007
-0.40500783449088174,1.4981980072846743,-20.000000000000007
-0.35458724764704574,1.5001038761969483,-20.000000000000007
-0.42926856756963266,1.412487720791376,-20.000000000000007
-0.4442832114074853,1.4360663726885032,-20.000000000000007
-0.4726926934025635,1.335421192131074,-20.000000000000007
-0.5042525376813354,1.410566313162296,-20.000000000000007
-0.44965074829159446,1.4155042483692584,-20.000000000000007
-0.503212265219969,1.3994810739815946,-20.000000000000007
-0.45575212195773535,1.3791556669418426,-20.000000000000007
-0.446143346026985,1.438495890310517,-20.000000000000007
-0.46461293195425646,1.3456615005424504,-20.000000000000007
-0.4043923627126284,1.4941969581360024,-20.000000000000007
-0.3788067192674562,1.4995029946227356,-20.000000000000007
-0.32299390102112585,1.4983425370425805,-20.000000000000007
-0.24382110599936813,1.822101632374892,-20.000000000000007
-0.1377468926182409,1.4138227263361496,-20.000000000000007
-0.13085358821817875,1.5083537854297928,-20.000000000000007
-0.13103589494983797,1.523291254118942,-20.000000000000007
-0.1383658590250871,1.4276429064929175,-20.000000000000007
-0.17230075206441223,1.5935067427276295,-20.000000000000007
-0.18154410935381968,1.5691001756908358,-20.000000000000007
-0.276472122403002,1.6130387626922733,-20.000000000000007
-0.27895869537093865,1.5417068426196736,-20.000000000000007
-0.35010011204302427,1.5026995574508244,-20.000000000000007
-0.387732105581318,1.5000306311518563,-20.000000000000007
-0.4049011919433394,1.4986733037178679,-20.000000000000007
-0.46124612274080456,1.3683552353866084,-20.000000000000007
-0.4212385201780514,1.4605036391538295,-20.000000000000007
-0.5018280465710236,1.3931392460245569,-20.000000000000007
-0.4616620223400731,1.3653859949722935,-20.000000000000007
-0.4136158371737487,1.5037045177792077,-20.000000000000007
-0.4040715728341636,1.494898504257582,-20.000000000000007
-0.2549335022414257,1.7718608969257508,-20.000000000000007
-0.22117610000737897,1.9371965699065865,-20.000000000000007
-0.2801051246410949,1.4811490945842523,-20.000000000000007
-0.2621840618564323,1.7677638423966795,-20.000000000000007
-0.3357140391416171,1.4988499398363486,-20.000000000000007
-0.37219767777004453,1.4968682232281951,-20.000000000000007
-0.3456471303242229,1.496857556112345,-20.000000000000007
-0.4270530832581938,1.4216460467175556,-20.000000000000007
-0.37000871455404544,1.5003597938702709,-20.000000000000007
-0.4094727402302339,1.5008573530643274,-20.000000000000007
-0.41895352255374985,1.4979991861952326,-20.000000000000007
-0.3998080739619309,1.4947314682691288,-20.000000000000007
-0.4586632933394872,1.393641722236029,-20.000000000000007
-0.4049846509525832,1.499361264231094,-20.000000000000007
-0.47934092123778427,1.355442108492947,-20.000000000000007
-0.47090253453715514,1.3401225564079027,-20.000000000000007
-0.49123963373794205,1.3827155118342251,-20.000000000000007
-0.5249260652154171,1.2144990146010455,-20.000000000000007
-0.43917160545986533,1.4292727233241205,-20.000000000000007
-0.483180276761506,1.3650631678166385,-20.000000000000007
-0.42148242458824975,1.4539047476106612,-20.000000000000007
-0.40061762477243346,1.4963457779543208,-20.000000000000007
-0.41073476014923466,1.4947042159850437,-20.000000000000007
-0.32601291637318985,1.500749938306601,-20.000000000000007
-0.2926679546044219,1.5866359812303068,-20.000000000000007
-0.24812938511712435,1.785650413961235,-20.000000000000007
-0.18837473412143405,1.573377960684116,-20.000000000000007
-0.1352364542451437,1.4956132648969094,-20.000000000000007
-0.13500799762049986,1.4901723146345818,-20.000000000000007
-0.1352364542451437,1.4956132648969094,-20.000000000000007
-0.1883243545418553,1.5729018912430373,-20.000000000000007
-0.18268918681520463,1.5745107525415731,-20.000000000000007
-0.2833775869733104,1.5449714654708664,-20.000000000000007
-0.30108902864530934,1.54613611420772,-20.000000000000007
-0.3678305542406873,1.4997604683616412,-20.000000000000007
-0.3845958998631329,1.5003306358339243,-20.000000000000007
-0.42939979586098076,1.411149387470859,-20.000000000000007
-0.4497566469430233,1.4145250454070877,-20.000000000000007
-0.4744223231562008,1.3393097232369184,-20.000000000000007
-0.5015828740866695,1.3920531660248476,-20.000000000000007
-0.49823428152237875,1.3837646738034044,-20.000000000000007
-0.5109469047518174,1.3448934500078804,-20.000000000000007
-0.48149461388711645,1.3603045804052036,-20.000000000000007
-0.4853884180313227,1.3607994360155742,-20.000000000000007
-0.44544937238070714,1.4360693836861087,-20.000000000000007
-0.4452116322289036,1.4333438443855226,-20.000000000000007
-0.43145527576727427,1.406599753500947,-20.000000000000007
-0.4475526007085603,1.429295546065256,-20.000000000000007
-0.4490874414565894,1.4261478653819715,-20.000000000000007
-0.47118751855828417,1.3413134811421645,-20.000000000000007
-0.47332650094953566,1.3353939636588588,-20.000000000000007
-0.4846506471195697,1.3544008651745698,-20.000000000000007
-0.48667691706473,1.3582138192773405,-20.000000000000007
-0.5051064680329467,1.4195692941931783,-20.000000000000007
-0.5088927457533952,1.3664230241247488,-20.000000000000007
-0.5190660860005688,1.3110203749502494,-20.000000000000007
-0.5210245781521821,1.2427382595022893,-20.000000000000007
-0.5140294450514027,1.2799578267008793,-20.000000000000007
-0.5096471999018263,1.3539510097180343,-20.000000000000007
-0.508892745753395,1.3664230241247488,-20.000000000000007
-0.5053837849916603,1.4161145466017013,-20.000000000000007
-0.516182774428325,1.2742134698696381,-20.000000000000007
-0.5096471999018264,1.3539510097180343,-20.000000000000007
-0.5050268231240609,1.4198681064088943,-20.000000000000007
-0.5018280465710236,1.393139246024557,-20.000000000000007
-0.44584960083712744,1.440512599465194,-20.000000000000007
-0.4614893863228754,1.370030020533303,-20.000000000000007
-0.4302474260032346,1.406541620966939,-20.000000000000007
-0.39803602113930797,1.4964092269565543,-20.000000000000007
-0.3417415138561001,1.4974688094727902,-20.000000000000007
-0.25606662095704286,1.766022094947607,-20.000000000000007
-0.17552500018705428,1.5705965005358218,-20.000000000000007
-0.16747767331114563,1.557884090923163,-20.000000000000007
-0.2119148342979765,1.847948051940096,-20.000000000000007
-0.25107266068184125,1.7167328213685205,-20.000000000000007
-0.255714513422621,1.7602477353355315,-20.000000000000007
-0.32393816921868984,1.5002981006924694,-20.000000000000007
-0.3272390154990676,1.4989648503956234,-20.000000000000007
-0.3606863148095758,1.5000582984046005,-20.000000000000007
-0.3788067192674562,1.4995029946227354,-20.000000000000007
-0.3934624883712726,1.5006059604489845,-20.000000000000007
-0.41192588385074314,1.4973456357072448,-20.000000000000007
-0.41200428005133694,1.4970736597367584,-20.000000000000007
-0.45835314968212826,1.3920198556264225,-20.000000000000007
-0.4449960971843787,1.436970932393969,-20.000000000000007
-0.4717916628009514,1.3376462067233454,-20.000000000000007
-0.46383274928110263,1.350032644211711,-20.000000000000007
-0.4389981751173251,1.429991029256612,-20.000000000000007
-0.4125414174307964,1.4983459771889471,-20.000000000000007
-0.3681849685224179,1.4985053214082376,-20.000000000000007
-0.3683994883537791,1.4988104924634853,-20.000000000000007
-0.3268012011327566,1.4995474853497004,-20.000000000000007
-0.36709348543897274,1.500852072180132,-20.000000000000007
-0.38215395205134495,1.5013662884462446,-20.000000000000007
-0.3749127169155845,1.4902995377112098,-20.000000000000007
-0.42161379929332576,1.4571144060436625,-20.000000000000007
-0.41021082392018166,1.4974966583467835,-20.000000000000007
-0.4450466196034489,1.4366945349070062,-20.000000000000007
-0.4312482680064328,1.4046862995716014,-20.000000000000007
-0.43031050296081896,1.4064874321067098,-20.000000000000007
-0.42049524097779695,1.4717344507312922,-20.000000000000007
-0.39218277429151394,1.5047390218032286,-20.000000000000007
-0.4497566469430233,1.414525045407088,-20.000000000000007
-0.4294722423223612,1.4093242119031562,-20.000000000000007
-0.49371879975040767,1.3847740993798021,-20.000000000000007
-0.47342350092160645,1.3355519166228131,-20.000000000000007
-0.42948230958212574,1.4094443724861114,-20.000000000000007
-0.44368350493696784,1.438694888249916,-20.000000000000007
-0.3683994883537791,1.4988104924634855,-20.000000000000007
-0.367703862467898,1.5004869104623557,-20.000000000000007
-0.3518693388769201,1.499041487090622,-20.000000000000007
-0.3134616331050423,1.5042515485414834,-20.000000000000007
-0.29579483233411025,1.5900668575557129,-20.000000000000007
-0.2568690084775308,1.7716575543191744,-20.000000000000007
-0.18888897604606414,1.5748627885679034,-20.000000000000007
-0.1363431436907083,1.469091816603712,-20.000000000000007
-0.13559501490126288,1.4971204706629224,-20.000000000000007
-0.1363431436907083,1.4690918166037121,-20.000000000000007
-0.14896232389835787,1.441250436214657,-20.000000000000007
-0.19315943252724238,1.6118386740500747,-20.000000000000007
-0.2291592792143933,1.9208367283157182,-20.000000000000007
-0.2804707192973433,1.504643792315228,-20.000000000000007
-0.30826442348640665,1.5092640463390952,-20.000000000000007
-0.32128362293578694,1.4975906033984279,-20.000000000000007
-0.37228545094783827,1.4944032144150174,-20.000000000000007
-0.37128002271169963,1.4965564124068576,-20.000000000000007
-0.4184319913310187,1.5138488833497874,-20.000000000000007
-0.42698482840154117,1.4208490310495427,-20.000000000000007
-0.4043923627126284,1.4941969581360024,-20.000000000000007
-0.4359270371523498,1.405362694204653,-20.000000000000007
-0.3817602210804798,1.498292929693192,-20.000000000000007
-0.3685375884723945,1.4986190795411574,-20.000000000000007
-0.3591421113812932,1.4980188569403854,-20.000000000000007
-0.3163939756994304,1.4967174416503983,-20.000000000000007
-0.35345952578498113,1.5004297603686543,-20.000000000000007
-0.34810869401975,1.5004168231215975,-20.000000000000007
-0.38111962245149417,1.500428032536547,-20.000000000000007
-0.3913407905982521,1.5032504492269465,-20.000000000000007
-0.3938858522112767,1.5018424445147065,-20.000000000000007
-0.4168645708965859,1.5163805579080654,-20.000000000000007
-0.3876244033051199,1.499670917001367,-20.000000000000007
-0.4251366415451552,1.429317720534915,-20.000000000000007
-0.41200428005133694,1.4970736597367587,-20.000000000000007
-0.4293711674606338,1.4120697577230188,-20.000000000000007
-0.4462830808714442,1.4362832873211353,-20.000000000000007
-0.41192588385074314,1.497345635707245,-20.000000000000007
-0.4639338749619758,1.3472332067786725,-20.000000000000007
-0.4346596426862822,1.4031231150418602,-20.000000000000007
-0.4614893863228754,1.3700300205333031,-20.000000000000007
-0.47618421474912986,1.3413472739316226,-20.000000000000007
-0.44164049424241336,1.4343309440594694,-20.000000000000007
-0.45872964065856486,1.3918436087249995,-20.000000000000007
-0.4178923929921881,1.5197421264409794,-20.000000000000007
-0.4068912585760552,1.5005634048913044,-20.000000000000007
-0.409170968474746,1.5010474970012597,-20.000000000000007
-0.3879326690585744,1.4985197316029266,-20.000000000000007
-0.3508898478359349,1.5001896161864756,-20.000000000000007
-0.2961166170200971,1.5918471476143718,-20.000000000000007
-0.20485872517588014,1.7494539991547962,-20.000000000000007
-0.13505394683634653,1.4898994611030374,-20.000000000000007
-0.13495605330512833,1.4898632237174254,-20.000000000000007
-0.1489623238983579,1.441250436214657,-20.000000000000007
-0.1497541574130439,1.4356391577721637,-20.000000000000007
-0.22915927921439327,1.9208367283157182,-20.000000000000007
-0.25345780406131535,1.7607763576744049,-20.000000000000007
-0.31286815820188707,1.5034078731482228,-20.000000000000007
-0.34710175347724687,1.497883105022634,-20.000000000000007
-0.3254037767238211,1.4994539523301513,-20.000000000000007
-0.39990585506716175,1.4935404204622795,-20.000000000000007
-0.36948244613561765,1.5011154097927286,-20.000000000000007
-0.4100935649151761,1.4968339322623077,-20.000000000000007
-0.4341652219181115,1.4020400559390727,-20.000000000000007
-0.3911231558521962,1.5037090053803126,-20.000000000000007
-0.4204892766816929,1.471838809061575,-20.000000000000007
-0.37066041849858056,1.4991603495699208,-20.000000000000007
-0.38274939648301165,1.5025990088987342,-20.000000000000007
-0.36383725033583253,1.4973874255393922,-20.000000000000007
-0.3533716045038204,1.500873075587367,-20.000000000000007
-0.3660825586297576,1.4990199333794738,-20.000000000000007
-0.3201376215586134,1.4997493257441472,-20.000000000000007
-0.39417838794445853,1.5006133343698127,-20.000000000000007
-0.37908607051917126,1.4998548190177257,-20.000000000000007
-0.4217414864910052,1.456221627595399,-20.000000000000007
-0.46138367717097184,1.3717664671866743,-20.000000000000007
-0.4176836524414479,1.5173330455572003,-20.000000000000007
-0.4840653222073388,1.359245780782235,-20.000000000000007
-0.4461736864866584,1.4376936844574548,-20.000000000000007
-0.4734235009216064,1.3355519166228131,-20.000000000000007
-0.47663948514930865,1.3402136520615995,-20.000000000000007
-0.4386662888589025,1.4315071652765863,-20.000000000000007
-0.47363863630149444,1.338828693761545,-20.000000000000007
-0.43915133849862403,1.4296437168096952,-20.000000000000007
-0.5051179460114001,1.4176527345538452,-20.000000000000007
-0.48913725880781417,1.3866140712155492,-20.000000000000007
-0.5001952192316529,1.3886088020140592,-20.000000000000007
-0.4864626389817346,1.356778216072476,-20.000000000000007
-0.3941783879444585,1.5006133343698127,-20.000000000000007
-0.37726261942704853,1.4966946769674183,-20.000000000000007
-0.3227964243264791,1.4992857045116919,-20.000000000000007
-0.3079150740603888,1.5107775697420784,-20.000000000000007
-0.2848600855609425,1.5343850880470293,-20.000000000000007
-0.2495376394673574,1.7508988717906357,-20.000000000000007
-0.18226034594502277,1.5752406240198031,-20.000000000000007
-0.13505647193701792,1.4933154606281194,-20.000000000000007
-0.13541503259313706,1.4948226663941324,-20.000000000000007
-0.14975414285615304,1.4356134548649337,-20.000000000000007
-0.1754824483155792,1.566996165209496,-20.000000000000007
-0.2451245753003214,1.8178102846905109,-20.000000000000007
-0.23690700311659066,1.9090154399479975,-20.000000000000007
-0.3129569535463593,1.5036455782190041,-20.000000000000007
-0.3402900679199641,1.498480660123176,-20.000000000000007
-0.37753555385181425,1.4932946148073059,-20.000000000000007
-0.4216439904148958,1.455434926212857,-20.000000000000007
-0.41192588385074314,1.497345635707245,-20.000000000000007
-0.46186208301972054,1.3627448778481277,-20.000000000000007
-0.41812510789731866,1.5090662852791996,-20.000000000000007
-0.4617061214010887,1.365032367831447,-20.000000000000007
-0.4473590291529206,1.4322221784822666,-20.000000000000007
-0.41249235115571303,1.4981139519180744,-20.000000000000007
-0.40440007851463367,1.4935944589599126,-20.000000000000007
-0.31754781935784493,1.4977287325791422,-20.000000000000007
-0.33895624086815546,1.5005027592016846,-20.000000000000007
-0.30878120625459565,1.5077581400590754,-20.000000000000007
-0.354421258117745,1.4989230214758262,-20.000000000000007
-0.37102985204739153,1.4939303834468078,-20.000000000000007
-0.3927500757583177,1.5039524632919075,-20.000000000000007
-0.38773210558131804,1.500030631151856,-20.000000000000007
-0.3899670951516878,1.501298822996876,-20.000000000000007
-0.41860604053637784,1.5090667754291562,-20.000000000000007
-0.3803373207759316,1.499266683482781,-20.000000000000007
-0.4430432774112195,1.4456078412374769,-20.000000000000007
-0.42901955005152753,1.4134305654357397,-20.000000000000007
-0.4436835049369679,1.4386948882499162,-20.000000000000007
-0.42939979586098076,1.411149387470859,-20.000000000000007
-0.4181837451981558,1.507581362072683,-20.000000000000007
-0.4251366415451552,1.4293177205349148,-20.000000000000007
-0.38445106893713027,1.4982344480076049,-20.000000000000007
-0.44659802791286274,1.4351962181923916,-20.000000000000007
-0.42112194742647113,1.459955625014826,-20.000000000000007
-0.4131120717914658,1.4988762027907385,-20.000000000000007
-0.40068766954178414,1.4949075525006972,-20.000000000000007
-0.3650317465245217,1.502465383372071,-20.000000000000007
-0.37000871455404555,1.5003597938702706,-20.000000000000007
-0.3770111024452963,1.4927630265779335,-20.000000000000007
-0.3475376260428716,1.4992103703814121,-20.000000000000007
-0.2803285071170107,1.504974604072539,-20.000000000000007
-0.2046848233590407,1.7442442470352897,-20.000000000000007
-0.1346320208142433,1.492778040898497,-20.000000000000007
-0.13491732781638782,1.4901515886757666,-20.000000000000007
-0.15098649128259778,1.3992341320455806,-20.000000000000007
-0.16768033915436403,1.563602720968417,-20.000000000000007
-0.20973648818930182,1.8309181601080557,-20.000000000000007
-0.2129928880647487,1.8546782983206904,-20.000000000000007
-0.25711796094453,1.7703541188829637,-20.000000000000007
-0.2911941062217188,1.5877170694326264,-20.000000000000007
-0.2796505477078005,1.5205278537775686,-20.000000000000007
-0.366323043762769,1.5016772222416228,-20.000000000000007
-0.3351370464123321,1.5006162283604507,-20.000000000000007
-0.38146352259640737,1.4991285454729462,-20.000000000000007
-0.4157218671182132,1.5082503094764517,-20.000000000000007
-0.36249300204973867,1.5013539926921171,-20.000000000000007
-0.4043923627126284,1.4941969581360024,-20.000000000000007
-0.35575141595087567,1.5005163042094618,-20.000000000000007
-0.3518693388769202,1.499041487090622,-20.000000000000007
-0.3545500807529097,1.4994366191684128,-20.000000000000007
-0.34091536614914575,1.4991649725577636,-20.000000000000007
-0.36512043402452815,1.4994459290745508,-20.000000000000007
-0.34192581051148746,1.497612303503527,-20.000000000000007
-0.38440997450936426,1.498470696005971,-20.000000000000007
-0.37608473622504207,1.4948554933313283,-20.000000000000007
-0.3938602057640235,1.501494361793922,-20.000000000000007
-0.41469943120219327,1.5044719874646755,-20.000000000000007
-0.382645778183696,1.5024532460070124,-20.000000000000007
-0.4454853212724925,1.4389500728386961,-20.000000000000007
-0.4131120717914658,1.4988762027907383,-20.000000000000007
-0.4391716054598654,1.4292727233241203,-20.000000000000007
-0.4466935845432126,1.434862039998492,-20.000000000000007
-0.4131120717914658,1.4988762027907383,-20.000000000000007
-0.47729848664518193,1.3461545916664863,-20.000000000000007
-0.44567532262068205,1.4381805012874753,-20.000000000000007
-0.4823891295002452,1.36571714076466,-20.000000000000007
-0.4878274812392246,1.3688135429868582,-20.000000000000007
-0.45752199436606633,1.389604527471087,-20.000000000000007
-0.46193496495308983,1.3629919139614266,-20.000000000000007
-0.40466727369022815,1.4941723738515722,-20.000000000000007
-0.3721976777700445,1.4968682232281951,-20.000000000000007
-0.3461211148065678,1.4957710885410047,-20.000000000000007
-0.32552467503340504,1.4985888663446585,-20.000000000000007
-0.2970970488326458,1.585041466299277,-20.000000000000007
-0.24950546769882767,1.7506184474221236,-20.000000000000007
-0.18226034594502277,1.5752406240198031,-20.000000000000007
-0.13496974848001758,1.490732776495604,-20.000000000000007
-0.13160506288298884,1.5132325960306734,-20.000000000000007
-0.13162334867738157,1.512553191202664,-20.000000000000007
-0.17426758362483646,1.5596310191219986,-20.000000000000007
-0.17107913479593206,1.5877029740219986,-20.000000000000007
-0.22741751115833908,1.9218725433303434,-20.000000000000007
-0.2640582728594,1.7624655737090396,-20.000000000000007
-0.2559185070622395,1.765021522537585,-20.000000000000007
-0.3663063529552078,1.501544979676273,-20.000000000000007
-0.35085412529080473,1.5002748198738254,-20.000000000000007
-0.41781368648287215,1.518409261021481,-20.000000000000007
-0.4565390225060386,1.383187580287491,-20.000000000000007
-0.4246887336824343,1.4334749744817021,-20.000000000000007
-0.5015828740866694,1.3920531660248474,-20.000000000000007
-0.4465737741831432,1.434635743756562,-20.000000000000007
-0.425328445478336,1.4330151509482345,-20.000000000000007
-0.38260548667027117,1.5038525104251546,-20.000000000000007
-0.2794793704340342,1.468697576712997,-20.000000000000007
-0.2561611150643336,1.7683589737554046,-20.000000000000007
-0.24444734909700805,1.829751632775175,-20.000000000000007
-0.2537715283888896,1.7682218800440648,-20.000000000000007
-0.2812069906543817,1.506628437047652,-20.000000000000007
-0.31340614062876176,1.5043921718149365,-20.000000000000007
-0.31422348738540196,1.5006534088108867,-20.000000000000007
-0.34323168302216733,1.499055551745645,-20.000000000000007
-0.3385032649004158,1.5002313579266717,-20.000000000000007
-0.33583889549152246,1.4999526294107168,-20.000000000000007
-0.33960493572789185,1.4989348572461583,-20.000000000000007
-0.3551034820461093,1.5001897142432221,-20.000000000000007
-0.3965684113266278,1.498287273705154,-20.000000000000007
-0.38436704565340807,1.4989195561798436,-20.000000000000007
-0.44549681692717064,1.439077375377408,-20.000000000000007
-0.44428321140748533,1.436066372688503,-20.000000000000007
-0.4460189377689668,1.4395169590887802,-20.000000000000007
-0.46461293195425646,1.3456615005424504,-20.000000000000007
-0.4179700873426878,1.5174227630654678,-20.000000000000007
-0.43659923589946226,1.410895052885579,-20.000000000000007
-0.4091731509036076,1.5014362910637573,-20.000000000000007
-0.4169791429204954,1.5172775601540183,-20.000000000000007
-0.43182160765855887,1.4040173508300873,-20.000000000000007
-0.399670121101863,1.4937648259346985,-20.000000000000007
-0.3573031244961632,1.5001394893905031,-20.000000000000007
-0.28608478625834244,1.5660072351777896,-20.000000000000007
-0.18157370520253224,1.568158966131011,-20.000000000000007
-0.13005763471346887,1.514432494361851,-20.000000000000007
-0.13103589494983794,1.5232912541189423,-20.000000000000007
-0.13827985886360028,1.4248050209160281,-20.000000000000007
-0.1495116141371251,1.4836989924470356,-20.000000000000007
-0.20929307639128023,1.827657684869946,-20.000000000000007
-0.2490218935039704,1.7544765488976224,-20.000000000000007
-0.28036072694277603,1.5048723894125562,-20.000000000000007
-0.3239897826816022,1.4998272115956497,-20.000000000000007
-0.31286943398502143,1.5045796759697254,-20.000000000000007
-0.3749867121261724,1.4896946193561302,-20.000000000000007
-0.38445106893713027,1.4982344480076049,-20.000000000000007
-0.4050616590496578,1.4998653633954249,-20.000000000000007
-0.4273799715641139,1.4206990981375005,-20.000000000000007
-0.3803373207759316,1.499266683482781,-20.000000000000007
-0.41895352255374985,1.4979991861952322,-20.000000000000007
-0.39417838794445853,1.500613334369813,-20.000000000000007
-0.3938967254938854,1.500058539733891,-20.000000000000007
-0.38223215759349416,1.5008575374056594,-20.000000000000007
-0.3271330868245404,1.5002194229077253,-20.000000000000007
-0.33129041512317653,1.498615171765737,-20.000000000000007
-0.2838947283511551,1.5320889926143602,-20.000000000000007
-0.35084273913773856,1.4983712848815602,-20.000000000000007
-0.3348259612181983,1.4991012316760362,-20.000000000000007
-0.358557871054909,1.499270864472614,-20.000000000000007
-0.40284561741725544,1.4964271808391132,-20.000000000000007
-0.349900634600805,1.5006000262996992,-20.000000000000007
-0.43395475793547394,1.402718792161874,-20.000000000000007
-0.39385576558738733,1.5008508299496466,-20.000000000000007
-0.42751469656361085,1.4196203792162625,-20.000000000000007
-0.46118922830271475,1.369785267416501,-20.000000000000007
-0.42124619692339876,1.460712867903379,-20.000000000000007
-0.4827263799079555,1.3641288523701305,-20.000000000000007
-0.43509540015916787,1.4042962284972356,-20.000000000000007
-0.4850033218528451,1.353979211801435,-20.000000000000007
-0.4829931653460646,1.3649800368321894,-20.000000000000007
-0.47283804590716383,1.3344192763904492,-20.000000000000007
-0.49834117537124645,1.383356700215907,-20.000000000000007
-0.40501487976610284,1.5010241193632845,-20.000000000000007
-0.3917417556723405,1.503161539181872,-20.000000000000007
-0.3574837979316732,1.501901791989191,-20.000000000000007
-0.32178912503353635,1.4992097872931784,-20.000000000000007
-0.3016998656622373,1.5368452349579071,-20.000000000000007
-0.24782020091483847,1.7930908162604313,-20.000000000000007
-0.17933485877093766,1.5832655028315092,-20.000000000000007
-0.13162334867738157,1.512553191202664,-20.000000000000007
-0.13496974848001755,1.4907327764956042,-20.000000000000007
-0.1352364542451437,1.4956132648969094,-20.000000000000007
-0.18883859646648546,1.5743867191268253,-20.000000000000007
-0.2029387681686625,1.7646585405005466,-20.000000000000007
-0.28608478625834244,1.5660072351777898,-20.000000000000007
-0.3091391509722712,1.5060123200904287,-20.000000000000007
-0.37235072726316837,1.4942358530868551,-20.000000000000007
-0.40276009951776365,1.495693063022182,-20.000000000000007
-0.4407074539476543,1.4283377708431981,-20.000000000000007
-0.47342350092160645,1.335551916622813,-20.000000000000007
-0.48266333388376415,1.363556992114672,-20.000000000000007
-0.5109469047518173,1.3448934500078804,-20.000000000000007
-0.48913725880781417,1.3866140712155492,-20.000000000000007
-0.4948759485785061,1.387006165496233,-20.000000000000007
-0.4425629230186543,1.4428396511317303,-20.000000000000007
-0.4206862692366517,1.4579544240763573,-20.000000000000007
-0.40358949007075606,1.4992216185820633,-20.000000000000007
-0.403122899673381,1.497848826542371,-20.000000000000007
-0.41989660599842293,1.4653582991673761,-20.000000000000007
-0.42026109735282224,1.4698681135367355,-20.000000000000007
-0.4565466847594813,1.3832370792794928,-20.000000000000007
-0.4639875532369962,1.3490285629286465,-20.000000000000007
-0.484281410153771,1.3569444740281373,-20.000000000000007
-0.5051179460114001,1.4176527345538452,-20.000000000000007
-0.5096471999018264,1.3539510097180343,-20.000000000000007
-0.5220375476051151,1.220335999607246,-20.000000000000007
-0.5264135188647124,1.2266088927352412,-20.000000000000007
-0.528189399759709,1.2158094042905951,-20.000000000000007
-0.5281147463047136,1.2083354275888958,-20.000000000000007
-0.5299466660305467,1.204836350856735,-20.000000000000007
-0.5323304112336531,1.2004385451167106,-20.000000000000007
-0.5323304112336531,1.2004385451167106,-20.000000000000007
-0.5323304112336531,1.2004385451167106,-20.000000000000007
-0.5323304112336531,1.2004385451167103,-20.000000000000007
-0.5323304112336531,1.2004385451167106,-20.000000000000007
-0.5209897361039892,1.2318624184297193,-20.000000000000007
-0.47446868087479666,1.3413050594990488,-20.000000000000007
-0.4293711674606338,1.4120697577230195,-20.000000000000007
-0.4007939473222359,1.493837326925735,-20.000000000000007
-0.34996836556779104,1.5017949036483393,-20.000000000000007
-0.30103920601302403,1.5468891795845787,-20.000000000000007
-0.22610668672834544,1.9302216087355992,-20.000000000000007
-0.13541503259313709,1.4948226663941324,-20.000000000000007
-0.1254040794022055,1.5225030507157356,-20.000000000000007
-0.12684286767579067,1.5197244813100856,-20.000000000000007
-0.12962373824809628,1.5255562980702628,-20.000000000000007
-0.13505647193701792,1.4933154606281192,-20.000000000000007
-0.14961452095757005,1.4408829749123404,-20.000000000000007
-0.16491224342351887,1.4962079272044329,-20.000000000000007
-0.180374903390968,1.5624216849117096,-20.000000000000007
-0.18837473412143407,1.5733779606841165,-20.000000000000007
-0.18837473412143407,1.573377960684116,-20.000000000000007
-0.18837473412143407,1.573377960684116,-20.000000000000007
-0.18842511370101273,1.5738540301251946,-20.000000000000007
-0.18888897604606417,1.5748627885679036,-20.000000000000007
-0.1958503482727261,1.638565370631041,-20.000000000000007
-0.21295636326596953,1.85535961505459,-20.000000000000007
-0.21297145694215708,1.8551211557628873,-20.000000000000007
-0.21248743473298978,1.8569242044846714,-20.000000000000007
-0.21248743473298976,1.8569242044846717,-20.000000000000007
-0.21851335106583322,1.9363396679201959,-20.000000000000007
-0.22595440670337322,1.9324083385227475,-20.000000000000007
-0.21931127683429325,1.9346143139864111,-20.000000000000007
-0.22700039482394935,1.931983712679078,-20.000000000000007
-0.21390911872482643,1.874607071306579,-20.000000000000007
-0.2129327072135938,1.855155187607469,-20.000000000000007
-0.22050848083212968,1.935015830142532,-20.000000000000007
-0.21297145694215708,1.8551211557628873,-20.000000000000007
-0.21993701921388004,1.9314013556027732,-20.000000000000007
-0.21067656375141947,1.8287123508592722,-20.000000000000007
-0.21297145694215708,1.8551211557628873,-20.000000000000007
-0.21898340119425475,1.9294106496791945,-20.000000000000007
-0.22767890684262926,1.9235024893208759,-20.000000000000007
-0.23680819581554174,1.9141570200209543,-20.000000000000007
-0.2214046116102802,1.9284170608693034,-20.000000000000007
-0.22907067213471016,1.9266742771147654,-20.000000000000007
-0.2129563632659695,1.85535961505459,-20.000000000000007
-0.22138700232139463,1.92869526337629,-20.000000000000007
-0.22089462933084536,1.9378503658708763,-20.000000000000007
-0.22140461161028016,1.9284170608693039,-20.000000000000007
-0.24753611064781525,1.7981305890838024,-20.000000000000007
-0.2784007816040446,1.4866653321274192,-20.000000000000007
-0.31267517979042264,1.5032584208945146,-20.000000000000007
-0.30303915581607355,1.5193578550285196,-20.000000000000007
-0.2790418615852196,1.4658209857437952,-20.000000000000007
-0.2047365030509324,1.7580889424488189,-20.000000000000007
-0.1352364542451437,1.4956132648969094,-20.000000000000007
-0.1254040794022055,1.5225030507157356,-20.000000000000007
-0.12405129492932987,1.5281230603556573,-20.000000000000007
-0.1240512949293299,1.528123060355657,-20.000000000000007
-0.12405129492932987,1.5281230603556573,-20.000000000000007
-0.1254040801820389,1.5225047004235048,-20.000000000000007
-0.12684286767579064,1.5197244813100856,-20.000000000000007
-0.12684286767579067,1.5197244813100859,-20.000000000000007
-0.12684286767579067,1.5197244813100856,-20.000000000000007
-0.1254040794022055,1.5225030507157353,-20.000000000000007
-0.1254040801820389,1.5225047004235048,-20.000000000000007
-0.1254040801820389,1.5225047004235046,-20.000000000000007
-0.12684286767579067,1.5197244813100856,-20.000000000000007
-0.1284933585024709,1.5247118007304847,-20.000000000000007
-0.13496593015556185,1.490400499773179,-20.000000000000007
-0.1377468926182409,1.4138227263361496,-20.000000000000007
-0.16491224342351887,1.496207927204433,-20.000000000000007
-0.179509115801908,1.5810607140359072,-20.000000000000007
-0.179509115801908,1.5810607140359074,-20.000000000000007
-0.16015086704143033,1.4658572207674505,-20.000000000000007
-0.13774689261824094,1.4138227263361496,-20.000000000000007
-0.1352364542451437,1.4956132648969092,-20.000000000000007
-0.134987587169906,1.490284182800638,-20.000000000000007
-0.13496593015556185,1.4904004997731795,-20.000000000000007
-0.13500799762049986,1.4901723146345818,-20.000000000000007
-0.13496593015556185,1.4904004997731792,-20.000000000000007
-0.13496593015556188,1.4904004997731795,-20.000000000000007
-0.13496593015556188,1.4904004997731792,-20.000000000000007
-0.13496974848001758,1.4907327764956038,-20.000000000000007
-0.13559501490126286,1.4971204706629224,-20.000000000000007
-0.14969871320520375,1.437675006587023,-20.000000000000007
-0.1627002308005726,1.4821412217524916,-20.000000000000007
-0.16491224342351885,1.4962079272044326,-20.000000000000007
-0.17716407672167847,1.5760687284044745,-20.000000000000007
-0.17950911580190798,1.5810607140359074,-20.000000000000007
-0.16491224342351887,1.4962079272044329,-20.000000000000007
-0.14975415741304388,1.4356391577721634,-20.000000000000007
-0.1884251137010127,1.5738540301251949,-20.000000000000007
-0.22995698799419928,1.9257483738802674,-20.000000000000007
-0.31778256533916416,1.499443465749959,-20.000000000000007
-0.3889108058863019,1.4975521983299827,-20.000000000000007
-0.38531567485108076,1.5015842813017621,-20.000000000000007
-0.35410327454301527,1.4998982824363998,-20.000000000000007
-0.27963832329877497,1.5256751261249106,-20.000000000000007
-0.1509864912825978,1.3992341320455806,-20.000000000000007
-0.12405129492932988,1.5281230603556573,-20.000000000000007
-0.11023216213590638,1.5313395110577366,-20.000000000000007
-0.11023216213590639,1.5313395110577366,-20.000000000000007
-0.12405129492932988,1.528123060355657,-20.000000000000007
-0.1254040794022055,1.5225030507157353,-20.000000000000007
-0.1254040794022055,1.5225030507157356,-20.000000000000007
-0.1254040794022055,1.5225030507157356,-20.000000000000007
-0.12540407940220547,1.5225030507157356,-20.000000000000007
-0.12405129492932987,1.528123060355657,-20.000000000000007
-0.12405129492932987,1.528123060355657,-20.000000000000007
-0.12405129492932988,1.528123060355657,-20.000000000000007
-0.12405129492932988,1.528123060355657,-20.000000000000007
-0.12405129492932988,1.5281230603556568,-20.000000000000007
-0.1322518888393985,1.5058494988029958,-20.000000000000007
-0.1377468926182409,1.4138227263361496,-20.000000000000007
-0.17337853243457832,1.5519365666422187,-20.000000000000007
-0.18040437186688577,1.5611767535850452,-20.000000000000007
-0.17426758362483646,1.5596310191219986,-20.000000000000007
-0.1497541574130439,1.4356391577721637,-20.000000000000007
-0.13766089245675406,1.4109848407592605,-20.000000000000007
-0.1352364542451437,1.4956132648969094,-20.000000000000007
-0.13496593015556185,1.4904004997731792,-20.000000000000007
-0.1316233486773816,1.5125531912026637,-20.000000000000007
-0.1316233486773816,1.5125531912026635,-20.000000000000007
-0.13162334867738157,1.512553191202664,-20.000000000000007
-0.13162334867738157,1.512553191202664,-20.000000000000007
-0.13225188883939853,1.5058494988029958,-20.000000000000007
-0.13496593015556188,1.4904004997731792,-20.000000000000007
-0.13505647193701795,1.4933154606281192,-20.000000000000007
-0.13766089245675406,1.4109848407592605,-20.000000000000007
-0.15098649128259778,1.3992341320455806,-20.000000000000007
-0.1627002308005726,1.4821412217524916,-20.000000000000007
-0.1742675836248365,1.5596310191219989,-20.000000000000007
-0.17716407672167847,1.5760687284044748,-20.000000000000007
-0.16491224342351885,1.4962079272044329,-20.000000000000007
-0.1627002308005726,1.4821412217524916,-20.000000000000007
-0.18837473412143405,1.5733779606841163,-20.000000000000007
-0.21827512813214564,1.932771158182563,-20.000000000000007
-0.24983746969752973,1.7350726326056742,-20.000000000000007
-0.2828967342021925,1.514305595287187,-20.000000000000007
-0.27537718270784395,1.578807338126714,-20.000000000000007
-0.2368081958155418,1.9141570200209543,-20.000000000000007
-0.18842511370101273,1.5738540301251949,-20.000000000000007
-0.1350079976204999,1.4901723146345818,-20.000000000000007
-0.12540407940220547,1.5225030507157356,-20.000000000000007
-0.12405129492932988,1.5281230603556573,-20.000000000000007
-0.12405129492932987,1.5281230603556573,-20.000000000000007
-0.1240512949293299,1.5281230603556573,-20.000000000000007
-0.12540407940220547,1.5225030507157356,-20.000000000000007
-0.12540407940220547,1.5225030507157356,-20.000000000000007
-0.12540407940220547,1.5225030507157356,-20.000000000000007
-0.12540407940220547,1.5225030507157356,-20.000000000000007
-0.12405129492932987,1.528123060355657,-20.000000000000007
-0.12405129492932987,1.5281230603556573,-20.000000000000007
-0.12405129492932987,1.5281230603556573,-20.000000000000007
-0.12405129492932987,1.528123060355657,-20.000000000000007
-0.12405129492932987,1.528123060355657,-20.000000000000007
-0.12962373824809628,1.5255562980702628,-20.000000000000007
-0.13559501490126286,1.4971204706629229,-20.000000000000007
-0.15188571630985698,1.402262875380409,-20.000000000000007
-0.17694296547815702,1.5727431410120192,-20.000000000000007
-0.17259283802865877,1.5472393109831908,-20.000000000000007
-0.14975414285615304,1.4356134548649337,-20.000000000000007
-0.13559501490126286,1.4971204706629224,-20.000000000000007
-0.13523645424514372,1.4956132648969094,-20.000000000000007
-0.1352364542451437,1.4956132648969094,-20.000000000000007
-0.13496593015556185,1.490400499773179,-20.000000000000007
-0.13496593015556185,1.4904004997731792,-20.000000000000007
-0.13477851668463559,1.493063189381522,-20.000000000000007
-0.13496593015556185,1.490400499773179,-20.000000000000007
-0.13500799762049986,1.4901723146345818,-20.000000000000007
-0.13496593015556185,1.490400499773179,-20.000000000000007
-0.1352364542451437,1.4956132648969094,-20.000000000000007
-0.13766089245675403,1.4109848407592605,-20.000000000000007
-0.13774689261824094,1.4138227263361496,-20.000000000000007
-0.16015086704143033,1.4658572207674505,-20.000000000000007
-0.16491224342351887,1.4962079272044329,-20.000000000000007
-0.17359964367809982,1.5552621540346743,-20.000000000000007
-0.16270023080057266,1.4821412217524916,-20.000000000000007
-0.14896232389835787,1.441250436214657,-20.000000000000007
-0.20438912631107453,1.746757119847901,-20.000000000000007
-0.2628172012811067,1.7659409011607994,-20.000000000000007
-0.32937346194497397,1.496399516458063,-20.000000000000007
-0.38445175791997255,1.49876904215115,-20.000000000000007
-0.3654636600034344,1.5027695516532806,-20.000000000000007
-0.31707726361304145,1.4985780581100336,-20.000000000000007
-0.24338853031189459,1.8376016976324687,-20.000000000000007
-0.13559501490126286,1.4971204706629226,-20.000000000000007
-0.12405129492932988,1.528123060355657,-20.000000000000007
-0.11023216213590639,1.5313395110577368,-20.000000000000007
-0.1102321621359064,1.5313395110577368,-20.000000000000007
-0.12405129492932987,1.5281230603556573,-20.000000000000007
-0.12540407940220547,1.5225030507157353,-20.000000000000007
-0.1254040794022055,1.5225030507157353,-20.000000000000007
-0.12540407940220547,1.5225030507157356,-20.000000000000007
-0.12540407940220547,1.5225030507157356,-20.000000000000007
-0.12405129492932988,1.5281230603556573,-20.000000000000007
-0.1240512949293299,1.5281230603556573,-20.000000000000007
-0.11023216213590639,1.5313395110577368,-20.000000000000007
-0.12405129492932987,1.528123060355657,-20.000000000000007
-0.1254040794022055,1.5225030507157356,-20.000000000000007
-0.13434189990028766,1.4942024153350568,-20.000000000000007
-0.1377468926182409,1.4138227263361494,-20.000000000000007
-0.17548244831557921,1.566996165209496,-20.000000000000007
-0.1804043718668858,1.561176753585045,-20.000000000000007
-0.17716407672167844,1.5760687284044748,-20.000000000000007
-0.14975414285615304,1.435613454864934,-20.000000000000007
-0.13559501490126288,1.4971204706629226,-20.000000000000007
-0.134987587169906,1.4902841828006377,-20.000000000000007
-0.13500799762049986,1.4901723146345818,-20.000000000000007
-0.13523645424514372,1.4956132648969094,-20.000000000000007
-0.1352364542451437,1.4956132648969094,-20.000000000000007
-0.13496593015556185,1.490400499773179,-20.000000000000007
-0.13496593015556185,1.490400499773179,-20.000000000000007
-0.13496974848001755,1.490732776495604,-20.000000000000007
-0.13500799762049986,1.4901723146345818,-20.000000000000007
-0.13523645424514372,1.4956132648969094,-20.000000000000007
-0.13774689261824094,1.4138227263361494,-20.000000000000007
-0.14969871320520375,1.4376750065870232,-20.000000000000007
-0.1627002308005726,1.4821412217524914,-20.000000000000007
-0.17259283802865877,1.5472393109831908,-20.000000000000007
-0.17917386072802038,1.5901780441278879,-20.000000000000007
-0.17359964367809982,1.5552621540346743,-20.000000000000007
-0.15098676968313507,1.3990909895297734,-20.000000000000007
-0.18842511370101278,1.573854030125195,-20.000000000000007
-0.21973920250494977,1.937701139422241,-20.000000000000007
-0.27560014667314825,1.5831174928074119,-20.000000000000007
-0.3333229999155126,1.4976301482215923,-20.000000000000007
-0.3242246276397488,1.5012477352983005,-20.000000000000007
-0.2912958117087529,1.586600398403575,-20.000000000000007
-0.24144067112421888,1.8607073622458232,-20.000000000000007
-0.13559501490126286,1.4971204706629226,-20.000000000000007
-0.12540407940220547,1.5225030507157353,-20.000000000000007
-0.12405129492932988,1.5281230603556573,-20.000000000000007
-0.12405129492932988,1.528123060355657,-20.000000000000007
-0.12405129492932987,1.5281230603556573,-20.000000000000007
-0.12540407940220547,1.5225030507157353,-20.000000000000007
-0.12540407940220547,1.5225030507157356,-20.000000000000007
-0.12540407940220547,1.522503050715735,-20.000000000000007
-0.12540407940220547,1.5225030507157353,-20.000000000000007
-0.12405129492932987,1.528123060355657,-20.000000000000007
-0.12405129492932987,1.5281230603556573,-20.000000000000007
-0.12405129492932987,1.5281230603556573,-20.000000000000007
-0.12405129492932987,1.528123060355657,-20.000000000000007
-0.12540407940220547,1.522503050715735,-20.000000000000007
-0.13162334867738157,1.512553191202664,-20.000000000000007
-0.1377468926182409,1.4138227263361496,-20.000000000000007
-0.17337853243457832,1.5519365666422185,-20.000000000000007
-0.18226034594502277,1.575240624019803,-20.000000000000007
-0.17950911580190798,1.5810607140359072,-20.000000000000007
-0.14975414285615307,1.4356134548649337,-20.000000000000007
-0.13766089245675403,1.4109848407592605,-20.000000000000007
-0.13523645424514372,1.4956132648969092,-20.000000000000007
-0.13496974848001755,1.4907327764956038,-20.000000000000007
-0.1350079976204999,1.4901723146345816,-20.000000000000007
-0.13496593015556185,1.490400499773179,-20.000000000000007
-0.13225188883939853,1.505849498802996,-20.000000000000007
-0.13162334867738157,1.5125531912026637,-20.000000000000007
-0.13496593015556185,1.4904004997731792,-20.000000000000007
-0.13496593015556185,1.490400499773179,-20.000000000000007
-0.13523645424514372,1.4956132648969094,-20.000000000000007
-0.1489623238983579,1.441250436214657,-20.000000000000007
-0.16015086704143033,1.4658572207674503,-20.000000000000007
-0.17917386072802038,1.5901780441278879,-20.000000000000007
-0.17917386072802038,1.5901780441278879,-20.000000000000007
-0.1811061921972143,1.5615965088310682,-20.000000000000007
-0.176942965478157,1.5727431410120187,-20.000000000000007
-0.14975415741304388,1.4356391577721634,-20.000000000000007
-0.19316194813994034,1.6117989308347909,-20.000000000000007
-0.2552692278798069,1.769472750939914,-20.000000000000007
-0.3375966475192545,1.4999791066793695,-20.000000000000007
-0.393830119140134,1.5005027472288623,-20.000000000000007
-0.3775355538518142,1.4932946148073056,-20.000000000000007
-0.3272390154990676,1.4989648503956234,-20.000000000000007
-0.23534366952926053,1.9222815660447607,-20.000000000000007
-0.1322518888393985,1.5058494988029958,-20.000000000000007
-0.12405129492932987,1.5281230603556573,-20.000000000000007
-0.11023216213590639,1.5313395110577364,-20.000000000000007
-0.1102321621359064,1.5313395110577368,-20.000000000000007
-0.12405129492932988,1.528123060355657,-20.000000000000007
-0.1254040794022055,1.5225030507157356,-20.000000000000007
-0.12540407940220547,1.5225030507157356,-20.000000000000007
-0.12540407940220547,1.5225030507157353,-20.000000000000007
-0.12405129492932987,1.528123060355657,-20.000000000000007
-0.12405129492932987,1.528123060355657,-20.000000000000007
-0.11023216213590639,1.5313395110577366,-20.000000000000007
-0.11023216213590639,1.5313395110577366,-20.000000000000007
-0.1102321621359064,1.5313395110577366,-20.000000000000007
-0.12684286767579067,1.5197244813100859,-20.000000000000007
-0.13523645424514372,1.495613264896909,-20.000000000000007
-0.16015086704143036,1.4658572207674503,-20.000000000000007
-0.179509115801908,1.5810607140359074,-20.000000000000007
-0.18226034594502277,1.575240624019803,-20.000000000000007
-0.1754824483155792,1.566996165209496,-20.000000000000007
-0.14975414285615307,1.435613454864934,-20.000000000000007
-0.13766089245675406,1.4109848407592602,-20.000000000000007
-0.13523645424514372,1.4956132648969094,-20.000000000000007
-0.13496593015556185,1.490400499773179,-20.000000000000007
-0.13496593015556185,1.4904004997731792,-20.000000000000007
-0.1316233486773816,1.512553191202664,-20.000000000000007
-0.13162334867738157,1.5125531912026637,-20.000000000000007
-0.13496593015556185,1.490400499773179,-20.000000000000007
-0.134987587169906,1.490284182800638,-20.000000000000007
-0.13500799762049986,1.4901723146345818,-20.000000000000007
-0.1352364542451437,1.4956132648969092,-20.000000000000007
-0.13766089245675406,1.4109848407592602,-20.000000000000007
-0.16015086704143036,1.4658572207674507,-20.000000000000007
-0.17917386072802036,1.590178044127888,-20.000000000000007
-0.179509115801908,1.5810607140359074,-20.000000000000007
-0.17950911580190804,1.5810607140359074,-20.000000000000007
-0.16491224342351885,1.4962079272044326,-20.000000000000007
-0.15098676968313507,1.3990909895297732,-20.000000000000007
-0.179509115801908,1.5810607140359072,-20.000000000000007
-0.17917386072802038,1.5901780441278877,-20.000000000000007
-0.1822603459450228,1.575240624019803,-20.000000000000007
-0.18250173051842533,1.573143467874753,-20.000000000000007
-0.179509115801908,1.5810607140359072,-20.000000000000007
-0.17825534106184446,1.5837285229747724,-20.000000000000007
-0.17917386072802036,1.5901780441278877,-20.000000000000007
-0.17917386072802038,1.5901780441278877,-20.000000000000007
-0.18226034594502277,1.5752406240198031,-20.000000000000007
-0.1806700006820344,1.5594198148107747,-20.000000000000007
-0.18220996636544406,1.5747645545787243,-20.000000000000007
-0.18220996636544406,1.5747645545787246,-20.000000000000007
-0.18837473412143407,1.573377960684116,-20.000000000000007
-0.18837473412143407,1.5733779606841163,-20.000000000000007
-0.20466757129885577,1.750002408196276,-20.000000000000007
-0.20151001609147662,1.70520820416318,-20.000000000000007
-0.2133496809684367,1.8529075364882375,-20.000000000000007
-0.21935380271132043,1.9315978700176233,-20.000000000000007
-0.22044319753079164,1.9288136830172318,-20.000000000000007
-0.21935380271132043,1.9315978700176228,-20.000000000000007
-0.2046848233590407,1.7442442470352895,-20.000000000000007
-0.2064941340888605,1.7678607392632315,-20.000000000000007
-0.18886938598024677,1.5715946146796025,-20.000000000000007
-0.19433249470145758,1.6242792335113936,-20.000000000000007
-0.192700958376343,1.6050480243124605,-20.000000000000007
-0.19902903365197613,1.6778574345842012,-20.000000000000007
-0.20460674253608638,1.7456863669336566,-20.000000000000007
-0.2044155886590621,1.7462347759751364,-20.000000000000007
-0.1931594325272424,1.6118386740500745,-20.000000000000007
-0.19902903365197608,1.6778574345842012,-20.000000000000007
-0.18915002827871116,1.5728811212556728,-20.000000000000007
-0.18883859646648546,1.5743867191268248,-20.000000000000007
-0.18837473412143407,1.5733779606841163,-20.000000000000007
-0.1888693859802468,1.5715946146796027,-20.000000000000007
-0.1822099663654441,1.5747645545787243,-20.000000000000007
-0.1883243545418553,1.5729018912430373,-20.000000000000007
-0.18886938598024677,1.5715946146796027,-20.000000000000007
-0.18915002827871114,1.5728811212556733,-20.000000000000007
-0.21951866554376906,1.9265521406147967,-20.000000000000007
-0.21925523455919244,1.9327333633936217,-20.000000000000007
-0.18915002827871114,1.5728811212556728,-20.000000000000007
-0.20439732625967247,1.7465754343420863,-20.000000000000007
-0.17917386072802038,1.5901780441278879,-20.000000000000007
-0.22002378361213587,1.9319658740432955,-20.000000000000007
-0.2668245749408452,1.7631411635042233,-20.000000000000007
-0.3095718017349596,1.5052264277763743,-20.000000000000007
-0.387732105581318,1.5000306311518563,-20.000000000000007
-0.4461736864866584,1.4376936844574548,-20.000000000000007
-0.5051179460114003,1.4176527345538452,-20.000000000000007
-0.5299466660305466,1.204836350856735,-20.000000000000007
-0.5323304112336531,1.2004385451167106,-20.000000000000007
-0.5323304112336531,1.2004385451167103,-20.000000000000007
-0.5323304112336531,1.2004385451167106,-20.000000000000007
-0.5323304112336531,1.2004385451167106,-20.000000000000007
-0.5323304112336531,1.2004385451167106,-20.000000000000007
-0.5323304112336531,1.2004385451167106,-20.000000000000007
-0.5323304112336531,1.2004385451167106,-20.000000000000007
-0.5299466660305466,1.2048363508567348,-20.000000000000007
-0.5299466660305466,1.2048363508567348,-20.000000000000007
-0.5299466660305467,1.2048363508567348,-20.000000000000007
-0.5299466660305466,1.2048363508567348,-20.000000000000007
-0.5297041217148499,1.21301548104457,-20.000000000000007
-0.44304327741121946,1.4456078412374769,-20.000000000000007
-0.31796542071614,1.4988867396770627,-20.000000000000007
-0.2844428665809764,1.55063395401565,-20.000000000000007
-0.28296328197095677,1.5426903530555158,-20.000000000000007
-0.30227294353402623,1.5364916189203484,-20.000000000000007
-0.3418857409798171,1.497501651348144,-20.000000000000007
-0.30684952852952047,1.5113498949978779,-20.000000000000007
-0.36990373279178107,1.4991845951371865,-20.000000000000007
-0.36091125259179846,1.4981908353634186,-20.000000000000007
-0.403589490070756,1.4992216185820633,-20.000000000000007
-0.41785202751372796,1.4951695456790515,-20.000000000000007
-0.41806475600269644,1.5063311345446366,-20.000000000000007
-0.4298837924006307,1.4096116024476641,-20.000000000000007
-0.36776356339655814,1.4996951419673512,-20.000000000000007
-0.43031050296081885,1.40648743210671,-20.000000000000007
-0.38138498063194676,1.4992378804840945,-20.000000000000007
-0.44085982235374965,1.428827111999006,-20.000000000000007
-0.46127291820764216,1.3696293823395638,-20.000000000000007
-0.45833357339336833,1.3945087407891035,-20.000000000000007
-0.46498415086673717,1.3476785906870492,-20.000000000000007
-0.4179700873426879,1.5174227630654675,-20.000000000000007
-0.46148938632287534,1.370030020533303,-20.000000000000007
-0.3987391699808837,1.4947854487086065,-20.000000000000007
-0.4709025345371552,1.3401225564079027,-20.000000000000007
-0.4584282982013845,1.3924112457178666,-20.000000000000007
-0.41686457089658585,1.5163805579080654,-20.000000000000007
-0.43424386201161286,1.4034021331722872,-20.000000000000007
-0.3537084591460611,1.4985386905336908,-20.000000000000007
-0.3710298520473916,1.4939303834468078,-20.000000000000007
-0.403589490070756,1.4992216185820635,-20.000000000000007
-0.4556308472004423,1.390995724213577,-20.000000000000007
-0.5287996077272437,1.279216999555091,-20.000000000000007
-0.5295595045931815,1.28238099190454,-20.000000000000007
-0.5299466660305466,1.2048363508567348,-20.000000000000007
-0.5299466660305466,1.2048363508567348,-20.000000000000007
-0.5323304112336531,1.2004385451167106,-20.000000000000007
-0.5323304112336531,1.2004385451167106,-20.000000000000007
-0.5323304112336531,1.2004385451167106,-20.000000000000007
-0.532330411233653,1.2004385451167106,-20.000000000000007
-0.5323304112336531,1.2004385451167103,-20.000000000000007
-0.5299466660305466,1.204836350856735,-20.000000000000007
-0.5299466660305467,1.204836350856735,-20.000000000000007
-0.5299466660305467,1.2048363508567348,-20.000000000000007
-0.5297503346443708,1.212264122898538,-20.000000000000007
-0.5174833000530092,1.2649874125502811,-20.000000000000007
-0.4176836524414479,1.5173330455572005,-20.000000000000007
-0.3844510689371303,1.4982344480076049,-20.000000000000007
-0.3819846867991957,1.5008323083278912,-20.000000000000007
-0.39254283723176475,1.5029759251188028,-20.000000000000007
-0.4253570461296098,1.4318513680002785,-20.000000000000007
-0.35808069770041556,1.500907536179386,-20.000000000000007
-0.394332218278305,1.4998731744914877,-20.000000000000007
-0.337953433587215,1.4998597611847568,-20.000000000000007
-0.382796574088157,1.5030992839837358,-20.000000000000007
-0.3806418723451874,1.4994793167946665,-20.000000000000007
-0.3874323207114573,1.4992984024991411,-20.000000000000007
-0.41253020940468466,1.4977092097886437,-20.000000000000007
-0.38169676203700403,1.4990334879521312,-20.000000000000007
-0.4215290273695033,1.4533454768782457,-20.000000000000007
-0.36624269957074074,1.501135863119008,-20.000000000000007
-0.4389724057163332,1.4280640116579404,-20.000000000000007
-0.4157939336057511,1.510023175716374,-20.000000000000007
-0.4386924958764252,1.4318355823356506,-20.000000000000007
-0.461331022167394,1.3713895466858201,-20.000000000000007
-0.42920269250468757,1.4131236036743449,-20.000000000000007
-0.4558190165899142,1.3798148076007888,-20.000000000000007
-0.3826827018022926,1.5026461018216528,-20.000000000000007
-0.4557521219577353,1.3791556669418426,-20.000000000000007
-0.4102108239201816,1.4974966583467837,-20.000000000000007
-0.40349097254281546,1.4986904937477374,-20.000000000000007
-0.43504119861591073,1.406047026752042,-20.000000000000007
-0.3633907967325009,1.4987838555423372,-20.000000000000007
-0.40516124468946363,1.5015782036563379,-20.000000000000007
-0.4497566469430233,1.4145250454070877,-20.000000000000007
-0.5031896692861659,1.3992352022419925,-20.000000000000007
-0.532330411233653,1.2004385451167106,-20.000000000000007
-0.532330411233653,1.2004385451167106,-20.000000000000007
-0.5323304112336531,1.2004385451167106,-20.000000000000007
-0.5323304112336531,1.2004385451167103,-20.000000000000007
-0.5323304112336531,1.2004385451167106,-20.000000000000007
-0.532330411233653,1.2004385451167106,-20.000000000000007
-0.532330411233653,1.2004385451167106,-20.000000000000007
-0.532330411233653,1.2004385451167106,-20.000000000000007
-0.5299466660305467,1.204836350856735,-20.000000000000007
-0.5299466660305467,1.204836350856735,-20.000000000000007
-0.5299466660305467,1.204836350856735,-20.000000000000007
-0.5299466660305467,1.204836350856735,-20.000000000000007
-0.5299466660305467,1.204836350856735,-20.000000000000007
-0.5297503346443707,1.212264122898538,-20.000000000000007
-0.5171630888759413,1.2671726476743654,-20.000000000000007
-0.4614727714515952,1.3709561952632536,-20.000000000000007
-0.41846599135405715,1.5125447850773956,-20.000000000000007
-0.377869857106498,1.4967101335466495,-20.000000000000007
-0.40091176553280244,1.4966088343728101,-20.000000000000007
-0.3179667630369377,1.4970899085288838,-20.000000000000007
-0.3523667119645139,1.4999969759718204,-20.000000000000007
-0.315031321451485,1.4940271262594227,-20.000000000000007
-0.3607044008366363,1.4985088268365852,-20.000000000000007
-0.38162154401509274,1.4994090319128504,-20.000000000000007
-0.4037674314897891,1.4977414914607678,-20.000000000000007
-0.42988194971920335,1.408639055572079,-20.000000000000007
-0.38918592455954065,1.4997744338897212,-20.000000000000007
-0.4458496008371274,1.4405125994651935,-20.000000000000007
-0.3999058550671617,1.4935404204622795,-20.000000000000007
-0.44751912219913337,1.4310777222113167,-20.000000000000007
-0.46157889131577595,1.3744548928783353,-20.000000000000007
-0.46546270033481063,1.3478156753560662,-20.000000000000007
-0.4786251817903978,1.3513058726685956,-20.000000000000007
-0.4246887336824343,1.433474974481702,-20.000000000000007
-0.4823321881421768,1.3692893841500258,-20.000000000000007
-0.41587985818838064,1.5103905538109195,-20.000000000000007
-0.4751503482295379,1.3410362368622908,-20.000000000000007
-0.46530055411712845,1.3465309500466751,-20.000000000000007
-0.4100935649151761,1.4968339322623074,-20.000000000000007
-0.41791523119424595,1.495525495146112,-20.000000000000007
-0.35350996523302264,1.4998629174615252,-20.000000000000007
-0.3838481084816216,1.4983184926722408,-20.000000000000007
-0.42767146836419834,1.4223942881840868,-20.000000000000007
-0.4784115006698989,1.351100065604525,-20.000000000000007
-0.5289860104040625,1.2778264168377929,-20.000000000000007
-0.5299520531199347,1.273858018311458,-20.000000000000007
-0.5297503346443708,1.2122641228985378,-20.000000000000007
-0.5299466660305467,1.2048363508567348,-20.000000000000007
-0.532330411233653,1.2004385451167103,-20.000000000000007
-0.5323304112336531,1.2004385451167103,-20.000000000000007
-0.5323304112336531,1.2004385451167103,-20.000000000000007
-0.532330411233653,1.2004385451167106,-20.000000000000007
-0.532330411233653,1.2004385451167106,-20.000000000000007
-0.5323304112336531,1.2004385451167103,-20.000000000000007
-0.5323304112336531,1.2004385451167106,-20.000000000000007
-0.5299466660305467,1.2048363508567348,-20.000000000000007
-0.5299466660305467,1.204836350856735,-20.000000000000007
-0.5281147463047136,1.2083354275888958,-20.000000000000007
-0.5175911302218911,1.2632342435428725,-20.000000000000007
-0.46124612274080456,1.3683552353866084,-20.000000000000007
-0.4150954204190599,1.5060276255044165,-20.000000000000007
-0.3968854728864126,1.4987018501369647,-20.000000000000007
-0.3320731374032866,1.4976692760139447,-20.000000000000007
-0.3606410512947724,1.4987363414971306,-20.000000000000007
-0.3132346537448741,1.5031433285859488,-20.000000000000007
-0.3874874323203363,1.5005915382145858,-20.000000000000007
-0.38914101681125013,1.4985486895125437,-20.000000000000007
-0.4203074170545379,1.4688769765468246,-20.000000000000007
-0.4356540105772662,1.4066781871257936,-20.000000000000007
-0.4039011001399083,1.493071143883904,-20.000000000000007
-0.44568981166601085,1.4428505783721959,-20.000000000000007
-0.38445106893713027,1.4982344480076049,-20.000000000000007
-0.4586319673003205,1.3938423466064251,-20.000000000000007
-0.4442832114074854,1.4360663726885032,-20.000000000000007
-0.47513980995037686,1.3412303517630104,-20.000000000000007
-0.4937187997504078,1.3847740993798021,-20.000000000000007
-0.4614893863228754,1.3700300205333031,-20.000000000000007
-0.4989804213466412,1.385066628739932,-20.000000000000007
-0.4189535225537498,1.4979991861952324,-20.000000000000007
-0.5018280465710236,1.393139246024557,-20.000000000000007
-0.46148938632287534,1.3700300205333031,-20.000000000000007
-0.4847188066415845,1.354621884277992,-20.000000000000007
-0.5088927457533952,1.3664230241247488,-20.000000000000007
-0.43426240066699784,1.4038867887406536,-20.000000000000007
-0.4465953387872249,1.4361646266184516,-20.000000000000007
-0.41860604053637784,1.5090667754291562,-20.000000000000007
-0.4566352525225619,1.3831918720426526,-20.000000000000007
-0.508892745753395,1.3664230241247488,-20.000000000000007
-0.5323304112336531,1.2004385451167106,-20.000000000000007
-0.5323304112336531,1.2004385451167106,-20.000000000000007
-0.5323304112336531,1.2004385451167106,-20.000000000000007
-0.532330411233653,1.20043854511671,-20.000000000000007
-0.532330411233653,1.2004385451167106,-20.000000000000007
-0.5323304112336531,1.2004385451167106,-20.000000000000007
-0.5323304112336531,1.2004385451167103,-20.000000000000007
-0.532330411233653,1.2004385451167103,-20.000000000000007
-0.5299466660305466,1.2048363508567348,-20.000000000000007
-0.5299466660305467,1.204836350856735,-20.000000000000007
-0.5299466660305466,1.2048363508567348,-20.000000000000007
-0.5299264579467299,1.2058296236911352,-20.000000000000007
-0.5281431868301882,1.2165607624366275,-20.000000000000007
-0.4160893256088709,1.5118513419479502,-20.000000000000007
-0.3413340461421833,1.4985765725639077,-20.000000000000007
-0.3662928571252411,1.5009600341292837,-20.000000000000007
-0.337923243294218,1.4998576635997891,-20.000000000000007
-0.31796676303693766,1.4970899085288838,-20.000000000000007
-0.36802243437009363,1.499071055324335,-20.000000000000007
-0.37054149640128986,1.4992852013588487,-20.000000000000007
-0.39219689213612635,1.502605071561409,-20.000000000000007
-0.4045156611376925,1.4969889507477,-20.000000000000007
-0.38642395201586255,1.5013861734982288,-20.000000000000007
-0.4306477281539148,1.4070994164336004,-20.000000000000007
-0.42126162202879736,1.4563170813564352,-20.000000000000007
-0.4585040052113543,1.3936743214889384,-20.000000000000007
-0.4728064625229629,1.334960079278479,-20.000000000000007
-0.4469396672231607,1.432657762602098,-20.000000000000007
-0.5054736103661316,1.41455341417358,-20.000000000000007
-0.4826729951102522,1.3637385038473444,-20.000000000000007
-0.5254338550581277,1.2256950290097173,-20.000000000000007
-0.5281147463047136,1.208335427588896,-20.000000000000007
-0.5175911302218911,1.2632342435428727,-20.000000000000007
-0.532330411233653,1.2004385451167103,-20.000000000000007
-0.5250663996218177,1.2139508466213076,-20.000000000000007
-0.5323304112336531,1.2004385451167106,-20.000000000000007
-0.5323304112336531,1.2004385451167103,-20.000000000000007
-0.5323304112336531,1.2004385451167106,-20.000000000000007
-0.5297503346443707,1.2122641228985378,-20.000000000000007
-0.5041884260147514,1.4090906720368108,-20.000000000000007
-0.446530146141524,1.4355825748825606,-20.000000000000007
-0.4167473575768226,1.5195160704581443,-20.000000000000007
-0.42960455204772907,1.412639422738087,-20.000000000000007
-0.4630326756563968,1.3541772326515098,-20.000000000000007
-0.5297017141090832,1.280410881777138,-20.000000000000007
-0.52970412171485,1.21301548104457,-20.000000000000007
-0.5299466660305467,1.2048363508567348,-20.000000000000007
-0.532330411233653,1.2004385451167106,-20.000000000000007
-0.532330411233653,1.2004385451167106,-20.000000000000007
-0.532330411233653,1.2004385451167106,-20.000000000000007
-0.5323304112336531,1.2004385451167106,-20.000000000000007
-0.5323304112336531,1.2004385451167106,-20.000000000000007
-0.5323304112336531,1.2004385451167108,-20.000000000000007
-0.532330411233653,1.2004385451167106,-20.000000000000007
-0.532330411233653,1.2004385451167106,-20.000000000000007
-0.5323304112336531,1.2004385451167106,-20.000000000000007
-0.532330411233653,1.2004385451167103,-20.000000000000007
-0.532330411233653,1.2004385451167103,-20.000000000000007
-0.532330411233653,1.2004385451167103,-20.000000000000007
-0.5323304112336531,1.2004385451167106,-20.000000000000007
-0.4427399116761848,1.4439134827335032,-20.000000000000007
-0.3947066873415958,1.4991577928706927,-20.000000000000007
-0.28339569269116516,1.5216054649451893,-20.000000000000007
-0.24753611064781525,1.7981305890838024,-20.000000000000007
-0.26675651348288526,1.7618320179012814,-20.000000000000007
-0.3081271700719463,1.5095769915686303,-20.000000000000007
-0.27959383961740925,1.4847378515015808,-20.000000000000007
-0.3493880604825067,1.4991325541611569,-20.000000000000007
-0.3310092015748292,1.4986468575305643,-20.000000000000007
-0.35855453996388653,1.4988966092959244,-20.000000000000007
-0.40362949975021023,1.4969998656809071,-20.000000000000007
-0.3434192073416203,1.5003507282364636,-20.000000000000007
-0.3965684113266277,1.498287273705154,-20.000000000000007
-0.3475516724677384,1.4991752631232114,-20.000000000000007
-0.3508898478359349,1.5001896161864756,-20.000000000000007
-0.37226232284269994,1.4941995335636682,-20.000000000000007
-0.35375363349016015,1.4996081777801482,-20.000000000000007
-0.44358246009882774,1.4392476832238417,-20.000000000000007
-0.41686457089658585,1.5163805579080651,-20.000000000000007
-0.4614893863228754,1.370030020533303,-20.000000000000007
-0.4805299695425705,1.356249086084262,-20.000000000000007
-0.4313212181752279,1.4051288364899734,-20.000000000000007
-0.453108667525134,1.3926974435284734,-20.000000000000007
-0.4213610677534872,1.4622776143847842,-20.000000000000007
-0.41581655475416884,1.508359241558651,-20.000000000000007
-0.4386924958764253,1.4318355823356506,-20.000000000000007
-0.48428141015377113,1.3569444740281373,-20.000000000000007
-0.5207855488057338,1.2516961948959888,-20.000000000000007
-0.5323304112336531,1.2004385451167106,-20.000000000000007
-0.5323304112336531,1.2004385451167103,-20.000000000000007
-0.532330411233653,1.2004385451167106,-20.000000000000007
-0.5323304112336531,1.2004385451167103,-20.000000000000007
-0.532330411233653,1.2004385451167106,-20.000000000000007
-0.5323304112336531,1.2004385451167106,-20.000000000000007
-0.532330411233653,1.2004385451167103,-20.000000000000007
-0.532330411233653,1.2004385451167106,-20.000000000000007
-0.5323304112336531,1.2004385451167108,-20.000000000000007
-0.532330411233653,1.2004385451167106,-20.000000000000007
-0.5323304112336531,1.2004385451167106,-20.000000000000007
-0.532330411233653,1.2004385451167106,-20.000000000000007
-0.532330411233653,1.2004385451167103,-20.000000000000007
-0.5241551435842253,1.2212901465959176,-20.000000000000007
-0.4840653222073388,1.359245780782235,-20.000000000000007
-0.4042064480815695,1.4917143678686169,-20.000000000000007
-0.35189268629396636,1.4986864997301357,-20.000000000000007
-0.2828034022741754,1.5128320803744233,-20.000000000000007
-0.25375436341010527,1.7681209896518113,-20.000000000000007
-0.22117610000737897,1.937196569906587,-20.000000000000007
-0.24755077931477926,1.7988804440720867,-20.000000000000007
-0.28317282825210344,1.5185764883075428,-20.000000000000007
-0.2829995465328192,1.5180102503289354,-20.000000000000007
-0.34921535758917616,1.4987496155445537,-20.000000000000007
-0.3333531333851881,1.497460809221741,-20.000000000000007
-0.3649107922462785,1.4992372145543773,-20.000000000000007
-0.38474872677879646,1.5006254979546838,-20.000000000000007
-0.37759351126786583,1.4931505730589634,-20.000000000000007
-0.44428321140748533,1.436066372688503,-20.000000000000007
-0.4033688068908058,1.4985064614349652,-20.000000000000007
-0.4735061791226207,1.3401095048275584,-20.000000000000007
-0.44658534821108176,1.4350800796751022,-20.000000000000007
-0.4454853212724925,1.4389500728386964,-20.000000000000007
-0.5096471999018263,1.3539510097180343,-20.000000000000007
-0.44070745394765437,1.4283377708431977,-20.000000000000007
-0.53049849150782,1.2039376218488713,-20.000000000000007
-0.5001952192316529,1.3886088020140597,-20.000000000000007
-0.46544713057030934,1.3493011411521634,-20.000000000000007
-0.5051064680329468,1.419569294193178,-20.000000000000007
-0.4107347601492347,1.4947042159850437,-20.000000000000007
-0.4362966214039726,1.4103905727313253,-20.000000000000007
-0.43658475328775925,1.414308620656863,-20.000000000000007
-0.4340146235389616,1.4048887638771792,-20.000000000000007
-0.47214790891142727,1.3392720721218456,-20.000000000000007
-0.5262283396165853,1.2928020931441488,-20.000000000000007
-0.52970412171485,1.2130154810445701,-20.000000000000007
-0.5299466660305467,1.204836350856735,-20.000000000000007
-0.532330411233653,1.2004385451167103,-20.000000000000007
-0.5323304112336531,1.2004385451167106,-20.000000000000007
-0.532330411233653,1.2004385451167103,-20.000000000000007
-0.5323304112336531,1.2004385451167106,-20.000000000000007
-0.5323304112336531,1.2004385451167106,-20.000000000000007
-0.5323304112336531,1.2004385451167103,-20.000000000000007
-0.5323304112336531,1.2004385451167106,-20.000000000000007
-0.532330411233653,1.2004385451167103,-20.000000000000007
-0.532330411233653,1.2004385451167103,-20.000000000000007
-0.5323304112336531,1.2004385451167106,-20.000000000000007
-0.532330411233653,1.2004385451167103,-20.000000000000007
-0.532330411233653,1.2004385451167103,-20.000000000000007
-0.5279110239171593,1.2121225487555725,-20.000000000000007
-0.5252861754005769,1.2263270217287285,-20.000000000000007
-0.4130153271498597,1.5005906060735106,-20.000000000000007
-0.3984368761269093,1.497817201970844,-20.000000000000007
-0.3261895925852463,1.5000227157651531,-20.000000000000007
-0.3478518635635131,1.4996722675892387,-20.000000000000007
-0.3937717528314165,1.5005899075028029,-20.000000000000007
-0.4277167872146828,1.4228747344024153,-20.000000000000007
-0.446008252621175,1.4388386314134598,-20.000000000000007
-0.44351933765095963,1.440681504016582,-20.000000000000007
-0.46195081090860046,1.3665797249589007,-20.000000000000007
-0.47342350092160645,1.335551916622813,-20.000000000000007
-0.5051064680329467,1.4195692941931781,-20.000000000000007
-0.5252716568515498,1.2178410079038366,-20.000000000000007
-0.5281147463047136,1.2083354275888958,-20.000000000000007
-0.5299466660305467,1.2048363508567346,-20.000000000000007
-0.5299466660305467,1.204836350856735,-20.000000000000007
-0.5299466660305467,1.2048363508567348,-20.000000000000007
-0.5323304112336531,1.2004385451167103,-20.000000000000007
-0.5323304112336531,1.2004385451167103,-20.000000000000007
-0.532330411233653,1.2004385451167103,-20.000000000000007
-0.532330411233653,1.2004385451167106,-20.000000000000007
-0.532330411233653,1.2004385451167106,-20.000000000000007
-0.5299466660305467,1.2048363508567348,-20.000000000000007
-0.5193858694389961,1.30538606213528,-20.000000000000007
-0.4293595188936158,1.412231469216773,-20.000000000000007
-0.44683376857173185,1.4336369655642685,-20.000000000000007
-0.48760590859425246,1.3666043285068663,-20.000000000000007
-0.5290602283220829,1.212391400822732,-20.000000000000007
-0.5323304112336531,1.2004385451167106,-20.000000000000007
-0.5323304112336531,1.2004385451167106,-20.000000000000007
-0.5323304112336531,1.2004385451167106,-20.000000000000007
-0.5323304112336531,1.2004385451167106,-20.000000000000007
-0.5323304112336531,1.2004385451167106,-20.000000000000007
-0.532330411233653,1.2004385451167103,-20.000000000000007
-0.532330411233653,1.2004385451167103,-20.000000000000007
-0.5323304112336531,1.2004385451167106,-20.000000000000007
-0.5299466660305466,1.204836350856735,-20.000000000000007
-0.5299466660305467,1.204836350856735,-20.000000000000007
-0.5299466660305467,1.204836350856735,-20.000000000000007
-0.5299466660305466,1.2048363508567348,-20.000000000000007
-0.5299466660305466,1.204836350856735,-20.000000000000007
-0.478450974408823,1.3516707229592155,-20.000000000000007
-0.44273991167618487,1.4439134827335032,-20.000000000000007
-0.33750793226205167,1.5001531390768668,-20.000000000000007
-0.3074262497506376,1.5087040013195754,-20.000000000000007
-0.3155081290640961,1.4949157633151202,-20.000000000000007
-0.2790418615852196,1.465820985743795,-20.000000000000007
-0.3486539388694256,1.4995992320529314,-20.000000000000007
-0.3163939756994304,1.4967174416503986,-20.000000000000007
-0.3748801006744883,1.4930199777934408,-20.000000000000007
-0.3848277651722263,1.49923803405728,-20.000000000000007
-0.37304829587660815,1.4940500003699861,-20.000000000000007
-0.4157156832340102,1.506755043891808,-20.000000000000007
-0.34612031074955385,1.494897585667869,-20.000000000000007
-0.420507742227693,1.4674317191001265,-20.000000000000007
-0.3922621236435269,1.5042388952079793,-20.000000000000007
-0.42162744221937454,1.456574299853497,-20.000000000000007
-0.4613502363534945,1.3738442730518707,-20.000000000000007
-0.38445106893713027,1.4982344480076046,-20.000000000000007
-0.4642542339174801,1.3464048038551868,-20.000000000000007
-0.4038109602976034,1.4949588887523897,-20.000000000000007
-0.43873123956127935,1.431713024512732,-20.000000000000007
-0.4628141454016097,1.3558103753856128,-20.000000000000007
-0.41686457089658585,1.5163805579080651,-20.000000000000007
-0.4844443900133982,1.3545319409582814,-20.000000000000007
-0.41891397875978864,1.4992526409005595,-20.000000000000007
-0.4054223364336715,1.5009174780365053,-20.000000000000007
-0.3874874323203362,1.5005915382145858,-20.000000000000007
-0.3276770823285673,1.5010511813874696,-20.000000000000007
-0.3817129372446906,1.4986618338878213,-20.000000000000007
-0.4205691756213211,1.4572383289021043,-20.000000000000007
-0.479380233681159,1.3537928946193234,-20.000000000000007
-0.5262382247852422,1.293180137351236,-20.000000000000007
-0.5297041217148499,1.2130154810445701,-20.000000000000007
-0.5299466660305467,1.204836350856735,-20.000000000000007
-0.5323304112336531,1.2004385451167106,-20.000000000000007
-0.5323304112336531,1.2004385451167106,-20.000000000000007
-0.5323304112336531,1.2004385451167106,-20.000000000000007
-0.5323304112336531,1.2004385451167106,-20.000000000000007
-0.5323304112336531,1.2004385451167103,-20.000000000000007
-0.532330411233653,1.2004385451167106,-20.000000000000007
-0.5323304112336531,1.2004385451167106,-20.000000000000007
-0.5323304112336531,1.2004385451167103,-20.000000000000007
-0.5323304112336531,1.2004385451167106,-20.000000000000007
-0.5323304112336531,1.2004385451167106,-20.000000000000007
-0.5323304112336531,1.2004385451167103,-20.000000000000007
-0.47090253453715514,1.3401225564079025,-20.000000000000007
-0.4281695587035964,1.4231946415271601,-20.000000000000007
-0.41695925853254145,1.5164894899902648,-20.000000000000007
-0.32861252482233216,1.4990980292235785,-20.000000000000007
-0.31463527931154717,1.4956303599468472,-20.000000000000007
-0.24850050817507824,1.7781541308881688,-20.000000000000007
-0.25065855339975707,1.7267162509364218,-20.000000000000007
-0.27954905771473976,1.4876925835306858,-20.000000000000007
-0.28380031820593116,1.5389603050621732,-20.000000000000007
-0.33552907780499674,1.4997148050588003,-20.000000000000007
-0.32342353565792176,1.5003380529973769,-20.000000000000007
-0.3831727694102414,1.5031104996421347,-20.000000000000007
-0.40345407134443023,1.4985746155557251,-20.000000000000007
-0.3813849806319468,1.4992378804840947,-20.000000000000007
-0.39989978315404323,1.4946158078620866,-20.000000000000007
-0.3227658566176557,1.4990695615976923,-20.000000000000007
-0.3136079893527562,1.5056791472122837,-20.000000000000007
-0.30715824340204906,1.5095864678903101,-20.000000000000007
-0.2911941062217188,1.5877170694326266,-20.000000000000007
-0.35565215855596105,1.5002809495575504,-20.000000000000007
-0.3433816921868682,1.5003811598065406,-20.000000000000007
-0.4039540553143736,1.492279231447482,-20.000000000000007
-0.4189535225537498,1.4979991861952322,-20.000000000000007
-0.3922723921003185,1.5034236961002774,-20.000000000000007
-0.4109337156099425,1.4967792543223184,-20.000000000000007
-0.3645429121581685,1.4990769202682224,-20.000000000000007
-0.37905386940940844,1.4986570024861186,-20.000000000000007
-0.41861764764225146,1.5076136260865662,-20.000000000000007
-0.4850033218528451,1.3539792118014353,-20.000000000000007
-0.5323304112336531,1.2004385451167106,-20.000000000000007
-0.532330411233653,1.2004385451167103,-20.000000000000007
-0.5323304112336531,1.2004385451167106,-20.000000000000007
-0.532330411233653,1.2004385451167103,-20.000000000000007
-0.532330411233653,1.2004385451167106,-20.000000000000007
-0.5323304112336531,1.2004385451167103,-20.000000000000007
-0.5323304112336531,1.2004385451167106,-20.000000000000007
-0.5299466660305466,1.204836350856735,-20.000000000000007
-0.5299466660305466,1.204836350856735,-20.000000000000007
-0.5299466660305467,1.2048363508567348,-20.000000000000007
-0.5299466660305467,1.204836350856735,-20.000000000000007
-0.5299466660305466,1.204836350856735,-20.000000000000007
-0.532330411233653,1.2004385451167103,-20.000000000000007
-0.4850033218528452,1.3539792118014353,-20.000000000000007
-0.44066516747949264,1.4280282521150258,-20.000000000000007
-0.4407074539476543,1.4283377708431981,-20.000000000000007
-0.3533570751670972,1.5010097048878097,-20.000000000000007
-0.3338647257035937,1.4976945784512434,-20.000000000000007
-0.30462254204042183,1.5064880932961242,-20.000000000000007
-0.2120497385941779,1.849753153164824,-20.000000000000007
-0.21941629570363208,1.934944495264261,-20.000000000000007
-0.25673598578944257,1.7713049475479006,-20.000000000000007
-0.2643146914517321,1.7623122050150255,-20.000000000000007
-0.2913431129608222,1.5861071055475153,-20.000000000000007
-0.3293045452612155,1.4980796298451446,-20.000000000000007
-0.3100341374098379,1.504331880293442,-20.000000000000007
-0.3913407905982521,1.5032504492269463,-20.000000000000007
-0.3677892801912861,1.5002969781567637,-20.000000000000007
-0.393830119140134,1.5005027472288621,-20.000000000000007
-0.43041336585064693,1.4061398927781537,-20.000000000000007
-0.39181564151128867,1.5039955726762309,-20.000000000000007
-0.482667987019915,1.3638871514534952,-20.000000000000007
-0.44414408002413475,1.4352410786855947,-20.000000000000007
-0.484281410153771,1.3569444740281373,-20.000000000000007
-0.5196212251200913,1.2594935084343843,-20.000000000000007
-0.4931631384024264,1.3841932390400669,-20.000000000000007
-0.5323304112336531,1.2004385451167106,-20.000000000000007
-0.4993694237108084,1.3856783738779241,-20.000000000000007
-0.5032122652199691,1.3994810739815948,-20.000000000000007
-0.48452806120232317,1.3548728151035832,-20.000000000000007
-0.42725979188792573,1.4202930003367649,-20.000000000000007
-0.4469141862955547,1.4312980237480442,-20.000000000000007
-0.42061209960331825,1.4575077810819017,-20.000000000000007
-0.4427891890911715,1.4437354523497594,-20.000000000000007
-0.5051725264237359,1.4216613850400832,-20.000000000000007
-0.5295595045931816,1.28238099190454,-20.000000000000007
-0.5297041217148499,1.21301548104457,-20.000000000000007
-0.5299466660305467,1.204836350856735,-20.000000000000007
-0.5323304112336531,1.2004385451167106,-20.000000000000007
-0.532330411233653,1.2004385451167106,-20.000000000000007
-0.532330411233653,1.2004385451167103,-20.000000000000007
-0.532330411233653,1.2004385451167103,-20.000000000000007
-0.532330411233653,1.2004385451167103,-20.000000000000007
-0.532330411233653,1.2004385451167106,-20.000000000000007
-0.5323304112336531,1.2004385451167103,-20.000000000000007
-0.5323304112336531,1.2004385451167106,-20.000000000000007
-0.5323304112336531,1.2004385451167106,-20.000000000000007
-0.532330411233653,1.2004385451167103,-20.000000000000007
-0.5323304112336531,1.2004385451167103,-20.000000000000007
-0.5304154053239455,1.2048783517851247,-20.000000000000007
-0.44706058325707254,1.432555861442777,-20.000000000000007
-0.4302853348114075,1.4061870306493214,-20.000000000000007
-0.36818496852241794,1.4985053214082373,-20.000000000000007
-0.25634098644115294,1.7681801824829142,-20.000000000000007
-0.24753611064781522,1.7981305890838022,-20.000000000000007
-0.26268236697495634,1.76464277764448,-20.000000000000007
-0.2653584261786037,1.765980870655737,-20.000000000000007
-0.3045536340570185,1.5065441137975124,-20.000000000000007
-0.3323750989895174,1.496913138290055,-20.000000000000007
-0.31470944385971666,1.4961922895822486,-20.000000000000007
-0.3771764042589843,1.4931698657572339,-20.000000000000007
-0.35338760954535214,1.5012217782194228,-20.000000000000007
-0.3998141458750494,1.4936560808693218,-20.000000000000007
-0.4288479420497592,1.4159563769229733,-20.000000000000007
-0.4204460823574373,1.4729107769162966,-20.000000000000007
-0.49191872452300506,1.3856294461032568,-20.000000000000007
-0.4554363485528172,1.3784689786246014,-20.000000000000007
-0.4931631384024263,1.3841932390400666,-20.000000000000007
-0.5043148457231501,1.4115430487866387,-20.000000000000007
-0.5051064680329467,1.4195692941931781,-20.000000000000007
-0.5323304112336531,1.2004385451167106,-20.000000000000007
-0.5093797705812422,1.359458132097366,-20.000000000000007
-0.5096471999018263,1.3539510097180343,-20.000000000000007
-0.48240238017007486,1.366162792489689,-20.000000000000007
-0.45625770214240013,1.3854961654473874,-20.000000000000007
-0.44977224413166716,1.4150485234205,-20.000000000000007
-0.4462882427189409,1.4364560205001884,-20.000000000000007
-0.4871191587876643,1.3630624993008853,-20.000000000000007
-0.532330411233653,1.2004385451167103,-20.000000000000007
-0.5323304112336531,1.2004385451167103,-20.000000000000007
-0.532330411233653,1.2004385451167106,-20.000000000000007
-0.5323304112336531,1.2004385451167106,-20.000000000000007
-0.5323304112336531,1.2004385451167106,-20.000000000000007
-0.5323304112336531,1.2004385451167103,-20.000000000000007
-0.5323304112336531,1.2004385451167106,-20.000000000000007
-0.532330411233653,1.2004385451167103,-20.000000000000007
-0.532330411233653,1.2004385451167103,-20.000000000000007
-0.5323304112336531,1.2004385451167103,-20.000000000000007
-0.532330411233653,1.2004385451167103,-20.000000000000007
-0.532330411233653,1.2004385451167103,-20.000000000000007
-0.532330411233653,1.2004385451167103,-20.000000000000007
-0.532330411233653,1.2004385451167103,-20.000000000000007
-0.5323304112336529,1.2004385451167106,-20.000000000000007
-0.5003356101759777,1.3891888171661777,-20.000000000000007
-0.37051646173336855,1.496018274307894,-20.000000000000007
-0.353953725494742,1.4996263605108322,-20.000000000000007
-0.2502845554208489,1.7235141714337492,-20.000000000000007
-0.2563420079579703,1.7685735016033912,-20.000000000000007
-0.2851354307108087,1.5353985649857194,-20.000000000000007
-0.3535099652330227,1.4998629174615252,-20.000000000000007
-0.3390758114944288,1.5002759578270481,-20.000000000000007
-0.3572607122636131,1.5020438027722924,-20.000000000000007
-0.38332998201167967,1.5017539186701439,-20.000000000000007
-0.3777285035227803,1.4932975685494034,-20.000000000000007
-0.4475191221991334,1.4310777222113167,-20.000000000000007
-0.41897521764996026,1.4980979436525927,-20.000000000000007
-0.4387312395612794,1.431713024512732,-20.000000000000007
-0.4555032431849961,1.379128119283548,-20.000000000000007
-0.42440851444361,1.4294291282489648,-20.000000000000007
-0.49011658819582643,1.3828702705294387,-20.000000000000007
-0.4462830808714443,1.4362832873211353,-20.000000000000007
-0.47342350092160645,1.335551916622813,-20.000000000000007
-0.4842814101537711,1.3569444740281373,-20.000000000000007
-0.456635252522562,1.3831918720426524,-20.000000000000007
-0.508892745753395,1.3664230241247488,-20.000000000000007
-0.43586023317580824,1.4044676996471694,-20.000000000000007
-0.4288479420497592,1.4159563769229735,-20.000000000000007
-0.4177509786464485,1.5153754401397754,-20.000000000000007
-0.3710298520473916,1.4939303834468078,-20.000000000000007
-0.3941805706332647,1.5006502679181914,-20.000000000000007
-0.4032478423772486,1.498168643503068,-20.000000000000007
-0.429604552047729,1.4126394227380872,-20.000000000000007
-0.4902439617704917,1.3819794815763056,-20.000000000000007
-0.5295595045931815,1.2823809919045397,-20.000000000000007
-0.5297041217148499,1.2130154810445701,-20.000000000000007
-0.5299466660305467,1.2048363508567348,-20.000000000000007
-0.5323304112336531,1.2004385451167103,-20.000000000000007
-0.532330411233653,1.2004385451167106,-20.000000000000007
-0.532330411233653,1.2004385451167106,-20.000000000000007
-0.532330411233653,1.2004385451167106,-20.000000000000007
-0.5323304112336529,1.2004385451167103,-20.000000000000007
-0.5323304112336531,1.2004385451167103,-20.000000000000007
-0.5323304112336531,1.2004385451167106,-20.000000000000007
-0.5323304112336531,1.2004385451167106,-20.000000000000007
-0.532330411233653,1.2004385451167103,-20.000000000000007
-0.532330411233653,1.2004385451167106,-20.000000000000007
-0.5323304112336531,1.2004385451167106,-20.000000000000007
-0.4612058431739948,1.3688590926865505,-20.000000000000007
-0.44658645388492424,1.4347518822738512,-20.000000000000007
-0.4067911723481685,1.5001657479972197,-20.000000000000007
-0.33952824265103304,1.4996429973829313,-20.000000000000007
-0.3478518635635131,1.4996722675892387,-20.000000000000007
-0.31550812906409614,1.4949157633151202,-20.000000000000007
-0.3134473008874672,1.5042564636860547,-20.000000000000007
-0.3708646797510403,1.4977665353945566,-20.000000000000007
-0.3282075085946554,1.5010382379829614,-20.000000000000007
-0.384406785575479,1.4973970217230703,-20.000000000000007
-0.40365429734876646,1.4968226775417397,-20.000000000000007
-0.4044673590343919,1.4961904172736256,-20.000000000000007
-0.445128979372476,1.4363428571289245,-20.000000000000007
-0.4034579608286871,1.4971104340934207,-20.000000000000007
-0.40351577014137174,1.4985133056085702,-20.000000000000007
-0.3411557703663145,1.4982422756317164,-20.000000000000007
-0.3314346800269578,1.4990520576531607,-20.000000000000007
-0.3579018200101079,1.5004098713034337,-20.000000000000007
-0.3395520208123278,1.4988160691901016,-20.000000000000007
-0.44731892452874544,1.4320997217929092,-20.000000000000007
-0.4470605832570726,1.4325558614427771,-20.000000000000007
-0.4951162208494819,1.3878411014337162,-20.000000000000007
-0.5043148457231501,1.4115430487866385,-20.000000000000007
-0.4473590291529206,1.4322221784822668,-20.000000000000007
-0.44579465182352024,1.443205027156338,-20.000000000000007
-0.38891080588630195,1.4975521983299829,-20.000000000000007
-0.41686457089658585,1.5163805579080651,-20.000000000000007
-0.4293997958609807,1.411149387470859,-20.000000000000007
-0.48966761469071285,1.389618683226579,-20.000000000000007
-0.5323304112336531,1.2004385451167106,-20.000000000000007
-0.5323304112336531,1.2004385451167106,-20.000000000000007
-0.5323304112336531,1.2004385451167103,-20.000000000000007
-0.5323304112336531,1.20043854511671,-20.000000000000007
-0.5323304112336531,1.2004385451167106,-20.000000000000007
-0.532330411233653,1.2004385451167106,-20.000000000000007
-0.532330411233653,1.2004385451167103,-20.000000000000007
-0.532330411233653,1.2004385451167103,-20.000000000000007
-0.5299466660305466,1.204836350856735,-20.000000000000007
-0.5299466660305467,1.204836350856735,-20.000000000000007
-0.5299466660305467,1.2048363508567348,-20.000000000000007
-0.5299466660305467,1.2048363508567348,-20.000000000000007
-0.5323304112336531,1.2004385451167106,-20.000000000000007
-0.4993694237108084,1.3856783738779241,-20.000000000000007
-0.4465922408988935,1.434974050233122,-20.000000000000007
-0.3585854683529859,1.4990795853248373,-20.000000000000007
-0.3039912153385734,1.5121795265068445,-20.000000000000007
-0.29634099340997583,1.5899134308537093,-20.000000000000007
-0.28072497687374026,1.4914864585062577,-20.000000000000007
-0.30090946037999944,1.546021876493033,-20.000000000000007
-0.33571205788541253,1.4992205996881922,-20.000000000000007
-0.3589210196336077,1.4991022927523094,-20.000000000000007
-0.31829543196254073,1.4971448277981638,-20.000000000000007
-0.35026459239734387,1.5009785981575718,-20.000000000000007
-0.35112898332096343,1.4989020327392,-20.000000000000007
-0.367094620843965,1.501591855884418,-20.000000000000007
-0.4186481142399834,1.50873498832159,-20.000000000000007
-0.3998997831540432,1.4946158078620866,-20.000000000000007
-0.4557521219577353,1.3791556669418428,-20.000000000000007
-0.43576391263362,1.4045214251123521,-20.000000000000007
-0.44584960083712744,1.4405125994651937,-20.000000000000007
-0.47658514544556096,1.3418123762088927,-20.000000000000007
-0.41891397875978864,1.4992526409005595,-20.000000000000007
-0.48480597356386657,1.3551653642623467,-20.000000000000007
-0.446156025728766,1.438612028827807,-20.000000000000007
-0.4814555175875763,1.3595740565753731,-20.000000000000007
-0.5053837849916604,1.4161145466017013,-20.000000000000007
-0.43979810791710955,1.428357338581946,-20.000000000000007
-0.5001952192316529,1.3886088020140592,-20.000000000000007
-0.44065792003245274,1.430877961489425,-20.000000000000007
-0.4041911566526193,1.4937071171984697,-20.000000000000007
-0.4107381149276978,1.4958416755794004,-20.000000000000007
-0.3772145718093932,1.496728142276774,-20.000000000000007
-0.4151549822124374,1.5130978580348395,-20.000000000000007
-0.47453085582503796,1.3440880547019607,-20.000000000000007
-0.5295595045931815,1.2823809919045397,-20.000000000000007
-0.5297041217148499,1.2130154810445701,-20.000000000000007
-0.5299466660305467,1.2048363508567348,-20.000000000000007
-0.5323304112336531,1.2004385451167103,-20.000000000000007
-0.532330411233653,1.2004385451167103,-20.000000000000007
-0.532330411233653,1.2004385451167106,-20.000000000000007
-0.5323304112336531,1.2004385451167103,-20.000000000000007
-0.5323304112336531,1.2004385451167106,-20.000000000000007
-0.532330411233653,1.2004385451167106,-20.000000000000007
-0.5323304112336531,1.2004385451167106,-20.000000000000007
-0.5323304112336531,1.2004385451167106,-20.000000000000007
-0.5323304112336531,1.2004385451167103,-20.000000000000007
-0.532330411233653,1.2004385451167106,-20.000000000000007
-0.5279110239171594,1.2121225487555727,-20.000000000000007
-0.5051179460114001,1.4176527345538452,-20.000000000000007
-0.4468464482735129,1.4337531040815579,-20.000000000000007
-0.460810536636317,1.3776463237260455,-20.000000000000007
-0.41239421860554615,1.4976499013763283,-20.000000000000007
-0.40448929964816294,1.4961879247861818,-20.000000000000007
-0.39179622736289765,1.502476494953869,-20.000000000000007
-0.4040012221751471,1.4956358227644326,-20.000000000000007
-0.4491463682705902,1.4199813679706788,-20.000000000000007
-0.4783251020135253,1.3513901471579106,-20.000000000000007
-0.5048952094650222,1.4251161326315598,-20.000000000000007
-0.5148402931148289,1.3290112044347457,-20.000000000000007
-0.5277587626081894,1.2945783789291574,-20.000000000000007
-0.5277325024970069,1.218600784214847,-20.000000000000007
-0.5297041217148499,1.21301548104457,-20.000000000000007
-0.528189399759709,1.2158094042905951,-20.000000000000007
-0.5295595045931816,1.2823809919045397,-20.000000000000007
-0.5297751702598072,1.283178844198598,-20.000000000000007
-0.5297041217148499,1.2130154810445701,-20.000000000000007
-0.5281893997597091,1.2158094042905951,-20.000000000000007
-0.5299466660305467,1.204836350856735,-20.000000000000007
-0.5299466660305466,1.204836350856735,-20.000000000000007
-0.532330411233653,1.2004385451167103,-20.000000000000007
-0.532330411233653,1.2004385451167106,-20.000000000000007
-0.5323304112336531,1.2004385451167106,-20.000000000000007
-0.5254017111036572,1.2260490382106828,-20.000000000000007
-0.4618283942152098,1.3685589491464976,-20.000000000000007
-0.4809572071401903,1.3587234815901708,-20.000000000000007
-0.4978592004847977,1.3834235267580177,-20.000000000000007
-0.532330411233653,1.2004385451167103,-20.000000000000007
-0.5323304112336531,1.2004385451167106,-20.000000000000007
-0.5323304112336531,1.2004385451167106,-20.000000000000007
-0.532330411233653,1.2004385451167106,-20.000000000000007
-0.532330411233653,1.2004385451167106,-20.000000000000007
-0.532330411233653,1.2004385451167106,-20.000000000000007
-0.532330411233653,1.2004385451167106,-20.000000000000007
-0.532330411233653,1.2004385451167103,-20.000000000000007
-0.5323304112336531,1.2004385451167106,-20.000000000000007
-0.532330411233653,1.2004385451167106,-20.000000000000007
-0.532330411233653,1.2004385451167103,-20.000000000000007
-0.5323304112336531,1.2004385451167106,-20.000000000000007
-0.5323304112336531,1.2004385451167106,-20.000000000000007
-0.5323304112336531,1.2004385451167103,-20.000000000000007
-0.5301155025692635,1.2056640669816727,-20.000000000000007
-0.5001952192316528,1.3886088020140595,-20.000000000000007
-0.41123874407983857,1.497229579862628,-20.000000000000007
-0.33861998912651814,1.5002470981079516,-20.000000000000007
-0.3340842444488458,1.496945332725777,-20.000000000000007
-0.28484553458384143,1.5329412013881603,-20.000000000000007
-0.2571237735630304,1.7708242970558312,-20.000000000000007
-0.32930154410256984,1.4977777293591823,-20.000000000000007
-0.33574779848206204,1.4991500440466832,-20.000000000000007
-0.36994755650660693,1.4993852898729967,-20.000000000000007
-0.43622060187575273,1.4088349774994402,-20.000000000000007
-0.40469593991249686,1.4952932167737876,-20.000000000000007
-0.4735051099709776,1.3420282227855058,-20.000000000000007
-0.4262823557405421,1.4217292322820216,-20.000000000000007
-0.41447845409002304,1.504076148566746,-20.000000000000007
-0.446143346026985,1.438495890310517,-20.000000000000007
-0.40176998087419574,1.495657877907192,-20.000000000000007
-0.5021649347461021,1.3921812222493823,-20.000000000000007
-0.4557521219577353,1.3791556669418428,-20.000000000000007
-0.45724666741231373,1.3898138268536,-20.000000000000007
-0.4857033103544284,1.356633461305774,-20.000000000000007
-0.4450466196034488,1.436694534907006,-20.000000000000007
-0.5281147463047136,1.2083354275888958,-20.000000000000007
-0.4951162208494819,1.387841101433716,-20.000000000000007
-0.5196212251200913,1.2594935084343843,-20.000000000000007
-0.5051064680329468,1.419569294193178,-20.000000000000007
-0.4183630891476267,1.510816079957321,-20.000000000000007
-0.44558584687153535,1.4354555784200231,-20.000000000000007
-0.3844706538690442,1.4985434137117812,-20.000000000000007
-0.42960455204772907,1.4126394227380872,-20.000000000000007
-0.5013807883095563,1.3866855006724284,-20.000000000000007
-0.5289860104040625,1.2778264168377926,-20.000000000000007
-0.5295595045931814,1.2823809919045397,-20.000000000000007
-0.52970412171485,1.21301548104457,-20.000000000000007
-0.5299466660305467,1.204836350856735,-20.000000000000007
-0.5323304112336531,1.2004385451167106,-20.000000000000007
-0.532330411233653,1.2004385451167106,-20.000000000000007
-0.532330411233653,1.2004385451167106,-20.000000000000007
-0.532330411233653,1.2004385451167106,-20.000000000000007
-0.532330411233653,1.2004385451167106,-20.000000000000007
-0.532330411233653,1.2004385451167106,-20.000000000000007
-0.532330411233653,1.2004385451167103,-20.000000000000007
-0.532330411233653,1.2004385451167103,-20.000000000000007
-0.5323304112336531,1.2004385451167103,-20.000000000000007
-0.5323304112336531,1.2004385451167106,-20.000000000000007
-0.4968730835565155,1.3888316926234567,-20.000000000000007
-0.44752679744979995,1.4307267376529607,-20.000000000000007
-0.35230692713877315,1.4999610517970248,-20.000000000000007
-0.3163939756994304,1.4967174416503983,-20.000000000000007
-0.27908581884652184,1.462985422426233,-20.000000000000007
-0.23787954483436072,1.9021277516891228,-20.000000000000007
-0.29594557443006414,1.591912671727449,-20.000000000000007
-0.308911231409168,1.5077660068053516,-20.000000000000007
-0.37219767777004453,1.4968682232281951,-20.000000000000007
-0.399523428973389,1.4964497349609494,-20.000000000000007
-0.3938602057640235,1.501494361793922,-20.000000000000007
-0.4518208191327584,1.4120216368764469,-20.000000000000007
-0.4213341178796288,1.4611219456660245,-20.000000000000007
-0.4735061791226207,1.3401095048275586,-20.000000000000007
-0.4473590291529206,1.4322221784822668,-20.000000000000007
-0.4269017186277052,1.4209456703206542,-20.000000000000007
-0.48471700847564925,1.3548183913352416,-20.000000000000007
-0.4413088423889248,1.4324330556018399,-20.000000000000007
-0.5187554539075335,1.255436930004477,-20.000000000000007
-0.4895511285006442,1.3890769851192508,-20.000000000000007
-0.47323437129722806,1.3349781051317464,-20.000000000000007
-0.5053837849916603,1.416114546601701,-20.000000000000007
-0.46183629145846167,1.363183606472567,-20.000000000000007
-0.5323304112336531,1.2004385451167106,-20.000000000000007
-0.5043148457231501,1.4115430487866387,-20.000000000000007
-0.4612907426005843,1.3718934039857618,-20.000000000000007
-0.4480769870964654,1.4262214165032372,-20.000000000000007
-0.4160893256088709,1.5118513419479507,-20.000000000000007
-0.5001952192316529,1.3886088020140592,-20.000000000000007
-0.5323304112336531,1.2004385451167106,-20.000000000000007
-0.5323304112336531,1.2004385451167103,-20.000000000000007
-0.532330411233653,1.2004385451167106,-20.000000000000007
-0.532330411233653,1.2004385451167106,-20.000000000000007
-0.5323304112336531,1.2004385451167103,-20.000000000000007
-0.532330411233653,1.2004385451167106,-20.000000000000007
-0.532330411233653,1.2004385451167106,-20.000000000000007
-0.5323304112336531,1.2004385451167106,-20.000000000000007
-0.532330411233653,1.2004385451167106,-20.000000000000007
-0.5323304112336531,1.2004385451167106,-20.000000000000007
-0.532330411233653,1.2004385451167103,-20.000000000000007
-0.532330411233653,1.2004385451167106,-20.000000000000007
-0.5323304112336531,1.2004385451167106,-20.000000000000007
-0.5323304112336531,1.2004385451167106,-20.000000000000007
-0.532330411233653,1.2004385451167103,-20.000000000000007
-0.48984798873516894,1.3826079372961746,-20.000000000000007
-0.4456478805419522,1.4384743285283044,-20.000000000000007
-0.33909309054822323,1.5001552958570739,-20.000000000000007
-0.3264895276252263,1.4986616370251913,-20.000000000000007
-0.27861472013456395,1.4825899495104602,-20.000000000000007
-0.2495054676988277,1.7506184474221231,-20.000000000000007
-0.280605263635427,1.4882392549076287,-20.000000000000007
-0.33351238403361105,1.4970808770388015,-20.000000000000007
-0.35342551898713975,1.500847720226422,-20.000000000000007
-0.37733194522246255,1.497654222026793,-20.000000000000007
-0.4205437128248425,1.467340773273927,-20.000000000000007
-0.43049035178745465,1.4065859768625335,-20.000000000000007
-0.46106359791572726,1.3783505341015931,-20.000000000000007
-0.4768223372444854,1.3417871345563166,-20.000000000000007
-0.42947224232236114,1.4093242119031562,-20.000000000000007
-0.4454968169271706,1.4390773753774078,-20.000000000000007
-0.44735902915292064,1.4322221784822666,-20.000000000000007
-0.44657377418314326,1.434635743756562,-20.000000000000007
-0.5051179460114003,1.4176527345538452,-20.000000000000007
-0.4649239891864876,1.3472449283724253,-20.000000000000007
-0.47342350092160645,1.3355519166228131,-20.000000000000007
-0.5053837849916604,1.4161145466017013,-20.000000000000007
-0.48182490168195014,1.362158362323002,-20.000000000000007
-0.5323304112336531,1.2004385451167106,-20.000000000000007
-0.5096471999018263,1.3539510097180343,-20.000000000000007
-0.447073019650821,1.4336359411187534,-20.000000000000007
-0.429838270533508,1.4095755796364327,-20.000000000000007
-0.38426798490649194,1.4963820974775077,-20.000000000000007
-0.4463186757188489,1.4341514215543776,-20.000000000000007
-0.5093760792396645,1.3638090907920977,-20.000000000000007
-0.52944568543347,1.2781282341650342,-20.000000000000007
-0.5294379541647681,1.2200644634874849,-20.000000000000007
-0.52970412171485,1.2130154810445701,-20.000000000000007
-0.5299466660305467,1.2048363508567348,-20.000000000000007
-0.5323304112336531,1.2004385451167106,-20.000000000000007
-0.5323304112336531,1.2004385451167106,-20.000000000000007
-0.5323304112336531,1.2004385451167106,-20.000000000000007
-0.5323304112336531,1.2004385451167106,-20.000000000000007
-0.532330411233653,1.2004385451167106,-20.000000000000007
-0.5323304112336531,1.2004385451167106,-20.000000000000007
-0.532330411233653,1.2004385451167106,-20.000000000000007
-0.532330411233653,1.2004385451167106,-20.000000000000007
-0.532330411233653,1.2004385451167103,-20.000000000000007
-0.532330411233653,1.2004385451167106,-20.000000000000007
-0.53049849150782,1.2039376218488713,-20.000000000000007
-0.4864626389817346,1.356778216072476,-20.000000000000007
-0.4035196596256285,1.4970491241462653,-20.000000000000007
-0.32355206594515723,1.499831760030732,-20.000000000000007
-0.33638025732808885,1.5013277564257506,-20.000000000000007
-0.3371176725464383,1.5006288766985314,-20.000000000000007
-0.3894894400225952,1.5012591818515753,-20.000000000000007
-0.42800581701168683,1.421058105690809,-20.000000000000007
-0.46087978480581077,1.3763386785551948,-20.000000000000007
-0.48957713867521013,1.401007259948526,-20.000000000000007
-0.505262162948543,1.417593896492853,-20.000000000000007
-0.5261462093785332,1.2940278923688926,-20.000000000000007
-0.5266148793967284,1.2256290246460007,-20.000000000000007
-0.5297041217148499,1.2130154810445701,-20.000000000000007
-0.5299264579467299,1.2058296236911352,-20.000000000000007
-0.5297041217148499,1.2130154810445701,-20.000000000000007
-0.5297041217148499,1.21301548104457,-20.000000000000007
-0.52970412171485,1.21301548104457,-20.000000000000007
-0.5299466660305466,1.2048363508567348,-20.000000000000007
-0.5299466660305466,1.2048363508567348,-20.000000000000007
-0.5323304112336529,1.2004385451167106,-20.000000000000007
-0.5323304112336531,1.2004385451167106,-20.000000000000007
-0.5323304112336531,1.2004385451167103,-20.000000000000007
-0.5323304112336531,1.20043854511671,-20.000000000000007
-0.5299466660305466,1.204836350856735,-20.000000000000007
-0.5015828740866695,1.3920531660248479,-20.000000000000007
-0.5053837849916603,1.416114546601701,-20.000000000000007
-0.44639414137036976,1.435476817538018,-20.000000000000007
-0.5001952192316529,1.3886088020140595,-20.000000000000007
-0.5323304112336531,1.2004385451167103,-20.000000000000007
-0.5323304112336531,1.2004385451167106,-20.000000000000007
-0.532330411233653,1.2004385451167106,-20.000000000000007
-0.532330411233653,1.2004385451167103,-20.000000000000007
-0.5323304112336531,1.2004385451167106,-20.000000000000007
-0.5323304112336531,1.2004385451167106,-20.000000000000007
-0.5323304112336531,1.2004385451167103,-20.000000000000007
-0.5323304112336531,1.2004385451167106,-20.000000000000007
-0.5323304112336531,1.2004385451167103,-20.000000000000007
-0.5323304112336531,1.2004385451167106,-20.000000000000007
-0.532330411233653,1.2004385451167106,-20.000000000000007
-0.532330411233653,1.2004385451167106,-20.000000000000007
-0.532330411233653,1.2004385451167103,-20.000000000000007
-0.532330411233653,1.2004385451167106,-20.000000000000007
-0.5323304112336531,1.2004385451167106,-20.000000000000007
-0.4497566469430233,1.414525045407088,-20.000000000000007
-0.44105135880406127,1.4290092733409006,-20.000000000000007
-0.3820343023369638,1.5014203264087795,-20.000000000000007
-0.29436267878593425,1.5950114516585259,-20.000000000000007
-0.3225237373903843,1.4987714803261258,-20.000000000000007
-0.24950546769882764,1.7506184474221236,-20.000000000000007
-0.2966667426066949,1.588892660125147,-20.000000000000007
-0.35626787929603937,1.5007632506938107,-20.000000000000007
-0.3748269631164779,1.4926083767752052,-20.000000000000007
-0.44733972333639127,1.4302014071295592,-20.000000000000007
-0.43872452025643527,1.434187947625472,-20.000000000000007
-0.4575597260870628,1.3924205815762674,-20.000000000000007
-0.46403307185481296,1.348398477299642,-20.000000000000007
-0.4564512934538203,1.3818075670975078,-20.000000000000007
-0.510931500441977,1.3451439027232244,-20.000000000000007
-0.4790354804959442,1.3550033801360568,-20.000000000000007
-0.5210245781521822,1.2427382595022893,-20.000000000000007
-0.4846506471195696,1.3544008651745698,-20.000000000000007
-0.47903548049594413,1.3550033801360568,-20.000000000000007
-0.5301155025692634,1.2056640669816727,-20.000000000000007
-0.4989804213466412,1.3850666287399318,-20.000000000000007
-0.5323304112336531,1.2004385451167106,-20.000000000000007
-0.5249260652154171,1.2144990146010457,-20.000000000000007
-0.5018280465710236,1.393139246024557,-20.000000000000007
-0.5051064680329467,1.419569294193178,-20.000000000000007
-0.40502313709744453,1.501123082030807,-20.000000000000007
-0.4433318120139905,1.4431113766762558,-20.000000000000007
-0.4169577678159391,1.5186533915515206,-20.000000000000007
-0.43622060187575273,1.4088349774994404,-20.000000000000007
-0.48558368507482835,1.3564490798414228,-20.000000000000007
-0.5289860104040625,1.2778264168377929,-20.000000000000007
-0.5297041217148499,1.21301548104457,-20.000000000000007
-0.5299466660305467,1.204836350856735,-20.000000000000007
-0.532330411233653,1.2004385451167106,-20.000000000000007
-0.5323304112336531,1.2004385451167106,-20.000000000000007
-0.5323304112336531,1.2004385451167106,-20.000000000000007
-0.5323304112336531,1.2004385451167106,-20.000000000000007
-0.5323304112336531,1.2004385451167106,-20.000000000000007
-0.532330411233653,1.2004385451167108,-20.000000000000007
-0.5323304112336531,1.2004385451167106,-20.000000000000007
-0.5323304112336531,1.2004385451167106,-20.000000000000007
-0.532330411233653,1.2004385451167106,-20.000000000000007
-0.532330411233653,1.2004385451167106,-20.000000000000007
-0.5323304112336531,1.2004385451167103,-20.000000000000007
-0.5203492028835333,1.2529209576355071,-20.000000000000007
-0.46461293195425646,1.3456615005424504,-20.000000000000007
-0.353953256603641,1.5000341082868864,-20.000000000000007
-0.30869507693319564,1.5084842271221302,-20.000000000000007
-0.22992079293499196,1.9267144829893357,-20.000000000000007
-0.18888897604606417,1.5748627885679038,-20.000000000000007
-0.2182751281321456,1.9327711581825626,-20.000000000000007
-0.2968434316294735,1.5872196545813109,-20.000000000000007
-0.3090730473186497,1.5076237977683649,-20.000000000000007
-0.3878980312617561,1.5011723038419384,-20.000000000000007
-0.4072659658134751,1.499010260409203,-20.000000000000007
-0.4179870806281436,1.519851058523179,-20.000000000000007
-0.4634541602927741,1.3505493922949858,-20.000000000000007
-0.4112722436447683,1.496798665544841,-20.000000000000007
-0.42480183377073016,1.4318332586716909,-20.000000000000007
-0.37064908472432695,1.4943118482691773,-20.000000000000007
-0.307576303871034,1.509276746359918,-20.000000000000007
-0.3094661644252116,1.5055564388929947,-20.000000000000007
-0.26621928697496244,1.7644053637674535,-20.000000000000007
-0.31295695354635933,1.503645578219004,-20.000000000000007
-0.33424792763590017,1.4972820522404644,-20.000000000000007
-0.36400163467548097,1.5013202769568006,-20.000000000000007
-0.39227239210031845,1.5034236961002774,-20.000000000000007
-0.3887647470475654,1.4972392932328136,-20.000000000000007
-0.4130625125966636,1.4987245436518832,-20.000000000000007
-0.4035526744590906,1.4977974445397821,-20.000000000000007
-0.4053077120309493,1.5016481318951997,-20.000000000000007
-0.4441440800241347,1.435241078685595,-20.000000000000007
-0.5015828740866694,1.3920531660248474,-20.000000000000007
-0.5323304112336531,1.2004385451167106,-20.000000000000007
-0.532330411233653,1.2004385451167103,-20.000000000000007
-0.5323304112336531,1.2004385451167103,-20.000000000000007
-0.5323304112336531,1.2004385451167106,-20.000000000000007
-0.5323304112336531,1.2004385451167106,-20.000000000000007
-0.5323304112336531,1.2004385451167106,-20.000000000000007
-0.5323304112336531,1.20043854511671,-20.000000000000007
-0.532330411233653,1.2004385451167106,-20.000000000000007
-0.532330411233653,1.2004385451167103,-20.000000000000007
-0.532330411233653,1.2004385451167108,-20.000000000000007
-0.532330411233653,1.2004385451167106,-20.000000000000007
-0.532330411233653,1.2004385451167106,-20.000000000000007
-0.5323304112336531,1.2004385451167103,-20.000000000000007
-0.5323304112336531,1.2004385451167106,-20.000000000000007
-0.532330411233653,1.2004385451167106,-20.000000000000007
-0.4465980279128628,1.4351962181923918,-20.000000000000007
-0.46393387496197586,1.3472332067786725,-20.000000000000007
-0.3913156373956483,1.5027686708816335,-20.000000000000007
-0.33351238403361105,1.497080877038801,-20.000000000000007
-0.31267517979042264,1.5032584208945146,-20.000000000000007
-0.21983644188588586,1.9383820500166022,-20.000000000000007
-0.24814112531457128,1.7856141230658018,-20.000000000000007
-0.2959455744300641,1.591912671727449,-20.000000000000007
-0.3518693388769202,1.4990414870906221,-20.000000000000007
-0.3773934029858857,1.4977591044857692,-20.000000000000007
-0.41475695054681117,1.5091809600353465,-20.000000000000007
-0.4212616220287973,1.4563170813564352,-20.000000000000007
-0.4454853212724926,1.4389500728386961,-20.000000000000007
-0.4725260882272565,1.3357805148572257,-20.000000000000007
-0.4717916628009513,1.3376462067233452,-20.000000000000007
-0.5053837849916601,1.4161145466017013,-20.000000000000007
-0.47274237880041026,1.3357508500828785,-20.000000000000007
-0.4931631384024264,1.3841932390400669,-20.000000000000007
-0.508892745753395,1.3664230241247488,-20.000000000000007
-0.48239948724796533,1.3655637198149617,-20.000000000000007
-0.5323304112336531,1.2004385451167103,-20.000000000000007
-0.5051064680329467,1.4195692941931781,-20.000000000000007
-0.527795488214079,1.2124005322736184,-20.000000000000007
-0.5323304112336531,1.2004385451167106,-20.000000000000007
-0.48265367265727627,1.363375480382,-20.000000000000007
-0.487422716491697,1.3660477479806816,-20.000000000000007
-0.4268583628779281,1.4224039250352287,-20.000000000000007
-0.40358949007075606,1.4992216185820633,-20.000000000000007
-0.44544937238070703,1.4360693836861085,-20.000000000000007
-0.4996218210920188,1.383299749981386,-20.000000000000007
-0.5283039797769113,1.28007247336437,-20.000000000000007
-0.5295595045931815,1.28238099190454,-20.000000000000007
-0.5297503346443708,1.2122641228985378,-20.000000000000007
-0.5299466660305466,1.204836350856735,-20.000000000000007
-0.532330411233653,1.2004385451167103,-20.000000000000007
-0.5323304112336531,1.2004385451167103,-20.000000000000007
-0.5323304112336531,1.2004385451167106,-20.000000000000007
-0.5299466660305467,1.2048363508567352,-20.000000000000007
-0.5299466660305466,1.2048363508567348,-20.000000000000007
-0.5299466660305467,1.204836350856735,-20.000000000000007
-0.5299466660305467,1.204836350856735,-20.000000000000007
-0.5299466660305467,1.204836350856735,-20.000000000000007
-0.5304984915078199,1.2039376218488715,-20.000000000000007
-0.4827263799079555,1.3641288523701305,-20.000000000000007
-0.5001952192316529,1.3886088020140595,-20.000000000000007
-0.45543634855281734,1.3784689786246016,-20.000000000000007
-0.42468873368243437,1.433474974481702,-20.000000000000007
-0.3920754531589085,1.5022021798015748,-20.000000000000007
-0.33041411854306957,1.4964235487931528,-20.000000000000007
-0.2923735219913889,1.5852277347874522,-20.000000000000007
-0.31823729031896275,1.497183333732621,-20.000000000000007
-0.34317826233587945,1.4990635067831248,-20.000000000000007
-0.3879326690585744,1.4985197316029266,-20.000000000000007
-0.41904191823358516,1.4995419981985239,-20.000000000000007
-0.4389724057163331,1.42806401165794,-20.000000000000007
-0.46400000717699696,1.3481165939858704,-20.000000000000007
-0.47792495206033775,1.3497350592437303,-20.000000000000007
-0.5051179460114001,1.4176527345538452,-20.000000000000007
-0.511306468013793,1.337153969348497,-20.000000000000007
-0.528189399759709,1.215809404290595,-20.000000000000007
-0.5297503346443708,1.2122641228985378,-20.000000000000007
-0.5299466660305467,1.204836350856735,-20.000000000000007
-0.5323304112336531,1.2004385451167106,-20.000000000000007
-0.532330411233653,1.2004385451167106,-20.000000000000007
-0.5323304112336531,1.2004385451167103,-20.000000000000007
-0.5323304112336531,1.2004385451167103,-20.000000000000007
-0.5323304112336531,1.2004385451167103,-20.000000000000007
-0.5323304112336531,1.2004385451167103,-20.000000000000007
-0.5299466660305467,1.2048363508567348,-20.000000000000007
-0.5277474238300047,1.225199334900458,-20.000000000000007
-0.495116220849482,1.387841101433716,-20.000000000000007
-0.4161129492981588,1.511810164803249,-20.000000000000007
-0.3999058550671617,1.4935404204622795,-20.000000000000007
-0.364839688820543,1.502565777427295,-20.000000000000007
-0.3127805901933969,1.5052437949148316,-20.000000000000007
-0.24360104577636232,1.828095842210163,-20.000000000000007
-0.13766089245675403,1.4109848407592602,-20.000000000000007
-0.12612832293323067,1.5235850837677127,-20.000000000000007
-0.11095734796566889,1.5311353815265414,-20.000000000000007
-0.12477553846035513,1.5292050934076342,-20.000000000000007
-0.1260286681481934,1.532414691374538,-20.000000000000007
-0.1254040794022055,1.5225030507157353,-20.000000000000007
-0.12540408018203894,1.5225047004235046,-20.000000000000007
-0.12540408018203894,1.5225047004235044,-20.000000000000007
-0.1316233486773816,1.512553191202664,-20.000000000000007
-0.12993516239195985,1.529090895691538,-20.000000000000007
-0.13481943428516963,1.4901153512901542,-20.000000000000007
-0.13481943428516963,1.4901153512901546,-20.000000000000007
-0.13148212838019566,1.5016500930301249,-20.000000000000007
-0.1353876019519644,1.4982772609475223,-20.000000000000007
-0.13523645424514372,1.4956132648969092,-20.000000000000007
-0.1377468926182409,1.4138227263361494,-20.000000000000007
-0.16175363895024922,1.4767475548411566,-20.000000000000007
-0.16015086704143036,1.4658572207674505,-20.000000000000007
-0.17716407672167847,1.5760687284044745,-20.000000000000007
-0.17933485877093763,1.5832655028315095,-20.000000000000007
-0.17917386072802038,1.5901780441278879,-20.000000000000007
-0.18226034594502277,1.575240624019803,-20.000000000000007
-0.18226034594502283,1.5752406240198031,-20.000000000000007
-0.1811061921972143,1.5615965088310682,-20.000000000000007
-0.18842511370101275,1.5738540301251946,-20.000000000000007
-0.1822603459450228,1.575240624019803,-20.000000000000007
-0.18226034594502277,1.575240624019803,-20.000000000000007
-0.18837473412143407,1.5733779606841163,-20.000000000000007
-0.17933485877093766,1.5832655028315092,-20.000000000000007
-0.18842511370101275,1.5738540301251949,-20.000000000000007
-0.18110619219721427,1.5615965088310684,-20.000000000000007
-0.18226034594502277,1.575240624019803,-20.000000000000007
-0.18837473412143405,1.5733779606841163,-20.000000000000007
-0.179509115801908,1.5810607140359072,-20.000000000000007
-0.1883243545418553,1.5729018912430375,-20.000000000000007
-0.17548244831557921,1.566996165209496,-20.000000000000007
-0.2124874347329898,1.8569242044846717,-20.000000000000007
-0.2502845554208488,1.7235141714337492,-20.000000000000007
-0.2813235287683601,1.4958962719169135,-20.000000000000007
-0.33187663791306615,1.4982159882235524,-20.000000000000007
-0.34461815903438614,1.4969699480726573,-20.000000000000007
-0.32496901188307425,1.4998511167267479,-20.000000000000007
-0.2845968356926818,1.5319198581045175,-20.000000000000007
-0.2259544067033732,1.9324083385227475,-20.000000000000007
-0.13766089245675403,1.4109848407592605,-20.000000000000007
-0.12942838191366207,1.5266195020865654,-20.000000000000007
-0.1254040794022055,1.5225030507157356,-20.000000000000007
-0.1254040794022055,1.5225030507157356,-20.000000000000007
-0.12612832293323067,1.5235850837677127,-20.000000000000007
-0.12684286767579067,1.5197244813100856,-20.000000000000007
-0.12684286767579067,1.5197244813100859,-20.000000000000007
-0.1296237382480963,1.5255562980702628,-20.000000000000007
-0.13160506288298887,1.5132325960306732,-20.000000000000007
-0.13161953035292592,1.5122209144802388,-20.000000000000007
-0.13496593015556185,1.490400499773179,-20.000000000000007
-0.13496211183110618,1.4900682230507545,-20.000000000000007
-0.13505647193701792,1.4933154606281196,-20.000000000000007
-0.13521384973317274,1.49611779668814,-20.000000000000007
-0.13634314369070832,1.4690918166037121,-20.000000000000007
-0.15098649128259778,1.3992341320455806,-20.000000000000007
-0.16226514651890211,1.479978094344565,-20.000000000000007
-0.1804043718668858,1.561176753585045,-20.000000000000007
-0.17917386072802038,1.5901780441278879,-20.000000000000007
-0.18110619219721427,1.5615965088310684,-20.000000000000007
-0.179509115801908,1.5810607140359072,-20.000000000000007
-0.17694296547815702,1.572743141012019,-20.000000000000007
-0.18226034594502283,1.5752406240198031,-20.000000000000007
-0.1725928380286587,1.5472393109831908,-20.000000000000007
-0.18226034594502277,1.5752406240198034,-20.000000000000007
-0.17950911580190798,1.5810607140359072,-20.000000000000007
-0.1804043718668858,1.5611767535850447,-20.000000000000007
-0.1822603459450228,1.575240624019803,-20.000000000000007
-0.17716407672167844,1.5760687284044745,-20.000000000000007
-0.18842511370101275,1.5738540301251946,-20.000000000000007
-0.179509115801908,1.5810607140359076,-20.000000000000007
-0.18837473412143402,1.573377960684116,-20.000000000000007
-0.18837473412143405,1.573377960684116,-20.000000000000007
-0.17917386072802036,1.5901780441278879,-20.000000000000007
-0.18837473412143407,1.573377960684116,-20.000000000000007
-0.17694296547815702,1.572743141012019,-20.000000000000007
-0.21411960987166212,1.8728504890414883,-20.000000000000007
-0.28622320851315364,1.5579441903987474,-20.000000000000007
-0.33878636238261,1.5003857985060016,-20.000000000000007
-0.3919525571928844,1.5040965379487896,-20.000000000000007
-0.4035848310858544,1.4952416525702592,-20.000000000000007
-0.3636327002850563,1.5027191470075651,-20.000000000000007
-0.3072398290564171,1.5094781150519188,-20.000000000000007
-0.23001393624079639,1.9199660783855552,-20.000000000000007
-0.13774689261824094,1.4138227263361496,-20.000000000000007
-0.13034416345466585,1.5263060543998155,-20.000000000000007
-0.12612832293323067,1.5235850837677125,-20.000000000000007
-0.12612832293323067,1.5235850837677125,-20.000000000000007
-0.12756711120681585,1.520806514362063,-20.000000000000007
-0.12942838191366207,1.5266195020865654,-20.000000000000007
-0.1296237382480963,1.525556298070263,-20.000000000000007
-0.13162334867738157,1.512553191202664,-20.000000000000007
-0.1316233486773816,1.5125531912026637,-20.000000000000007
-0.13477088003572418,1.492398635936672,-20.000000000000007
-0.13495829350665048,1.4897359463283293,-20.000000000000007
-0.13505647193701795,1.4933154606281192,-20.000000000000007
-0.13559501490126288,1.4971204706629226,-20.000000000000007
-0.13552422097192307,1.4980251333747931,-20.000000000000007
-0.13766033188648452,1.4110074467856224,-20.000000000000007
-0.14975414285615304,1.435613454864934,-20.000000000000007
-0.14969871320520373,1.4376750065870232,-20.000000000000007
-0.1742675836248365,1.5596310191219989,-20.000000000000007
-0.17271059248784168,1.5475677015548939,-20.000000000000007
-0.1622651465189021,1.4799780943445653,-20.000000000000007
-0.1804043718668858,1.5611767535850447,-20.000000000000007
-0.17259283802865874,1.5472393109831906,-20.000000000000007
-0.17950911580190798,1.5810607140359074,-20.000000000000007
-0.179509115801908,1.5810607140359072,-20.000000000000007
-0.17716407672167847,1.5760687284044748,-20.000000000000007
-0.18067000068203443,1.559419814810775,-20.000000000000007
-0.17716407672167844,1.5760687284044748,-20.000000000000007
-0.1822603459450228,1.5752406240198027,-20.000000000000007
-0.180374903390968,1.5624216849117096,-20.000000000000007
-0.1822603459450228,1.5752406240198031,-20.000000000000007
-0.18226034594502277,1.575240624019803,-20.000000000000007
-0.179509115801908,1.5810607140359072,-20.000000000000007
-0.1822603459450228,1.575240624019803,-20.000000000000007
-0.17933485877093763,1.5832655028315092,-20.000000000000007
-0.18226034594502283,1.575240624019803,-20.000000000000007
-0.1811061921972143,1.5615965088310684,-20.000000000000007
-0.20587468808445006,1.7697390646642217,-20.000000000000007
-0.26455493772825994,1.7594211128342738,-20.000000000000007
-0.30907304731864965,1.5076237977683649,-20.000000000000007
-0.3551507370443079,1.4998350500820523,-20.000000000000007
-0.35936336556178516,1.4976688037204573,-20.000000000000007
-0.3270408708377748,1.4999809892561449,-20.000000000000007
-0.27552963855276336,1.575636613138193,-20.000000000000007
-0.1894245325731731,1.5791548760255547,-20.000000000000007
-0.13523645424514372,1.495613264896909,-20.000000000000007
-0.12962373824809628,1.525556298070263,-20.000000000000007
-0.12540407940220547,1.5225030507157356,-20.000000000000007
-0.12540408018203894,1.5225047004235046,-20.000000000000007
-0.12684286767579064,1.5197244813100859,-20.000000000000007
-0.12942838191366207,1.5266195020865654,-20.000000000000007
-0.1296237382480963,1.525556298070263,-20.000000000000007
-0.13162334867738157,1.512553191202664,-20.000000000000007
-0.1316233486773816,1.512553191202664,-20.000000000000007
-0.1316233486773816,1.512553191202664,-20.000000000000007
-0.1316233486773816,1.5125531912026637,-20.000000000000007
-0.1352364542451437,1.4956132648969094,-20.000000000000007
-0.13559501490126288,1.4971204706629224,-20.000000000000007
-0.13552422097192307,1.4980251333747931,-20.000000000000007
-0.14947303603690426,1.4401127615108211,-20.000000000000007
-0.14975414285615307,1.4356134548649337,-20.000000000000007
-0.15098676968313507,1.3990909895297732,-20.000000000000007
-0.17716407672167847,1.5760687284044748,-20.000000000000007
-0.17716407672167847,1.5760687284044745,-20.000000000000007
-0.1735996436780998,1.555262154034674,-20.000000000000007
-0.17933485877093766,1.5832655028315092,-20.000000000000007
-0.17694296547815702,1.572743141012019,-20.000000000000007
-0.17917386072802036,1.5901780441278874,-20.000000000000007
-0.17917386072802038,1.5901780441278877,-20.000000000000007
-0.17950911580190798,1.5810607140359072,-20.000000000000007
-0.1811061921972143,1.5615965088310682,-20.000000000000007
-0.18067000068203443,1.5594198148107745,-20.000000000000007
-0.18226034594502283,1.575240624019803,-20.000000000000007
-0.1811061921972143,1.5615965088310686,-20.000000000000007
-0.1822603459450228,1.5752406240198031,-20.000000000000007
-0.18226034594502277,1.5752406240198034,-20.000000000000007
-0.1822603459450228,1.575240624019803,-20.000000000000007
-0.18837473412143407,1.573377960684116,-20.000000000000007
-0.17950911580190798,1.5810607140359072,-20.000000000000007
-0.1822603459450228,1.575240624019803,-20.000000000000007
-0.17716407672167844,1.5760687284044748,-20.000000000000007
-0.2306016887745189,1.9140944014911363,-20.000000000000007
-0.3007496942302159,1.5496509887779926,-20.000000000000007
-0.3418707891358359,1.4968605739993397,-20.000000000000007
-0.40069374145490266,1.4938321651008901,-20.000000000000007
-0.4034948620270723,1.497226312285433,-20.000000000000007
-0.3588850892628664,1.4982671965529137,-20.000000000000007
-0.309274246977526,1.5058506198337374,-20.000000000000007
-0.2257978866590138,1.9278347012512822,-20.000000000000007
-0.1352846436625125,1.4952131339762693,-20.000000000000007
-0.12756711120681585,1.520806514362063,-20.000000000000007
-0.1261283229332307,1.5235850837677125,-20.000000000000007
-0.12612832293323067,1.5235850837677125,-20.000000000000007
-0.12756711120681585,1.520806514362063,-20.000000000000007
-0.1296237382480963,1.525556298070263,-20.000000000000007
-0.1316233486773816,1.5125531912026637,-20.000000000000007
-0.13162334867738157,1.5125531912026637,-20.000000000000007
-0.13162334867738157,1.5125531912026642,-20.000000000000007
-0.13434189990028766,1.4942024153350568,-20.000000000000007
-0.13224807051494286,1.505517222080571,-20.000000000000007
-0.13496593015556188,1.4904004997731792,-20.000000000000007
-0.13500799762049986,1.4901723146345818,-20.000000000000007
-0.13521384973317274,1.4961177966881398,-20.000000000000007
-0.1362648890948696,1.4776041952523138,-20.000000000000007
-0.13766089245675406,1.4109848407592602,-20.000000000000007
-0.16226514651890211,1.479978094344565,-20.000000000000007
-0.16270023080057264,1.4821412217524914,-20.000000000000007
-0.17917386072802036,1.5901780441278879,-20.000000000000007
-0.17716407672167847,1.5760687284044748,-20.000000000000007
-0.1627002308005726,1.4821412217524914,-20.000000000000007
-0.17917386072802038,1.5901780441278879,-20.000000000000007
-0.16015086704143036,1.4658572207674503,-20.000000000000007
-0.17950911580190798,1.5810607140359076,-20.000000000000007
-0.17716407672167844,1.5760687284044743,-20.000000000000007
-0.17825534106184446,1.5837285229747722,-20.000000000000007
-0.18110619219721427,1.5615965088310682,-20.000000000000007
-0.17716407672167847,1.5760687284044745,-20.000000000000007
-0.18226034594502277,1.575240624019803,-20.000000000000007
-0.18037490339096798,1.5624216849117094,-20.000000000000007
-0.18226034594502277,1.5752406240198031,-20.000000000000007
-0.1822603459450228,1.575240624019803,-20.000000000000007
-0.1804043718668858,1.561176753585045,-20.000000000000007
-0.18837473412143405,1.573377960684116,-20.000000000000007
-0.17917386072802033,1.5901780441278879,-20.000000000000007
-0.17917386072802038,1.5901780441278874,-20.000000000000007
-0.21248743473298976,1.8569242044846714,-20.000000000000007
-0.2630248698858005,1.7632465544235485,-20.000000000000007
-0.3067739137673477,1.5114988088153867,-20.000000000000007
-0.34120576138900893,1.4994646320479796,-20.000000000000007
-0.3422514745709741,1.4981539152816785,-20.000000000000007
-0.3019660543653012,1.536777629580358,-20.000000000000007
-0.2535492246500696,1.7668554769849827,-20.000000000000007
-0.18250173051842533,1.573143467874753,-20.000000000000007
-0.13225188883939853,1.5058494988029958,-20.000000000000007
-0.12540407940220547,1.5225030507157353,-20.000000000000007
-0.12540407940220544,1.5225030507157353,-20.000000000000007
-0.12540407940220547,1.5225030507157353,-20.000000000000007
-0.1261283229332307,1.5235850837677127,-20.000000000000007
-0.12684286767579064,1.5197244813100856,-20.000000000000007
-0.12684286767579064,1.5197244813100856,-20.000000000000007
-0.12962373824809628,1.525556298070263,-20.000000000000007
-0.13225188883939853,1.5058494988029958,-20.000000000000007
-0.1316233486773816,1.512553191202664,-20.000000000000007
-0.13162334867738157,1.5125531912026635,-20.000000000000007
-0.13496593015556185,1.490400499773179,-20.000000000000007
-0.13224807051494283,1.5055172220805706,-20.000000000000007
-0.1350561870378687,1.4897721837139417,-20.000000000000007
-0.1362648890948696,1.477604195252314,-20.000000000000007
-0.14975414285615307,1.4356134548649337,-20.000000000000007
-0.1509864912825978,1.3992341320455806,-20.000000000000007
-0.17337853243457838,1.5519365666422187,-20.000000000000007
-0.17548244831557921,1.566996165209496,-20.000000000000007
-0.16491224342351887,1.4962079272044326,-20.000000000000007
-0.179509115801908,1.5810607140359074,-20.000000000000007
-0.17917386072802036,1.5901780441278879,-20.000000000000007
-0.180374903390968,1.5624216849117096,-20.000000000000007
-0.180374903390968,1.5624216849117096,-20.000000000000007
-0.179509115801908,1.5810607140359072,-20.000000000000007
-0.18226034594502283,1.575240624019803,-20.000000000000007
-0.17933485877093766,1.5832655028315095,-20.000000000000007
-0.18250173051842536,1.5731434678747531,-20.000000000000007
-0.18226034594502277,1.5752406240198031,-20.000000000000007
-0.18837473412143407,1.573377960684116,-20.000000000000007
-0.18885818653230282,1.5776548930151266,-20.000000000000007
-0.18220996636544406,1.5747645545787243,-20.000000000000007
-0.18885818653230282,1.5776548930151268,-20.000000000000007
-0.17950911580190798,1.5810607140359076,-20.000000000000007
-0.1822603459450228,1.575240624019803,-20.000000000000007
-0.1822603459450228,1.5752406240198031,-20.000000000000007
-0.2338789408762022,1.9283405232980624,-20.000000000000007
-0.3020690768610394,1.5387541880424664,-20.000000000000007
-0.35731933089718726,1.5007306468925665,-20.000000000000007
-0.4038148497818602,1.4934947072900853,-20.000000000000007
-0.39385576558738733,1.5008508299496466,-20.000000000000007
-0.34889040717694986,1.500715993960132,-20.000000000000007
-0.28015056852487374,1.5049249248193286,-20.000000000000007
-0.1883243545418553,1.5729018912430375,-20.000000000000007
-0.13224807051494286,1.505517222080571,-20.000000000000007
-0.1261283229332307,1.5235850837677125,-20.000000000000007
-0.12612832293323067,1.5235850837677127,-20.000000000000007
-0.12612832293323067,1.5235850837677125,-20.000000000000007
-0.12612832371306415,1.5235867334754818,-20.000000000000007
-0.12684286767579064,1.5197244813100856,-20.000000000000007
-0.12942838191366204,1.5266195020865654,-20.000000000000007
-0.13160506288298887,1.5132325960306732,-20.000000000000007
-0.13162334867738157,1.5125531912026637,-20.000000000000007
-0.134987587169906,1.4902841828006377,-20.000000000000007
-0.13496593015556188,1.490400499773179,-20.000000000000007
-0.13498758716990603,1.490284182800638,-20.000000000000007
-0.13541503259313709,1.4948226663941324,-20.000000000000007
-0.1350079976204999,1.4901723146345818,-20.000000000000007
-0.13766089245675406,1.4109848407592607,-20.000000000000007
-0.1497541574130439,1.4356391577721637,-20.000000000000007
-0.14975414285615307,1.4356134548649342,-20.000000000000007
-0.1771640767216785,1.5760687284044748,-20.000000000000007
-0.1627002308005726,1.4821412217524914,-20.000000000000007
-0.1622651465189021,1.4799780943445653,-20.000000000000007
-0.17917386072802036,1.5901780441278879,-20.000000000000007
-0.1627002308005726,1.4821412217524914,-20.000000000000007
-0.17933485877093763,1.5832655028315092,-20.000000000000007
-0.17694296547815702,1.572743141012019,-20.000000000000007
-0.17933485877093763,1.5832655028315092,-20.000000000000007
-0.18067000068203443,1.5594198148107745,-20.000000000000007
-0.176942965478157,1.572743141012019,-20.000000000000007
-0.18226034594502277,1.5752406240198031,-20.000000000000007
-0.17825534106184446,1.5837285229747722,-20.000000000000007
-0.18226034594502277,1.5752406240198031,-20.000000000000007
-0.18246257456162718,1.5751980137483312,-20.000000000000007
-0.18226034594502283,1.575240624019803,-20.000000000000007
-0.18885818653230285,1.5776548930151266,-20.000000000000007
-0.18067000068203443,1.5594198148107745,-20.000000000000007
-0.18110619219721427,1.5615965088310684,-20.000000000000007
-0.17694296547815702,1.572743141012019,-20.000000000000007
-0.1509864912825978,1.3992341320455806,-20.000000000000007
-0.17716407672167847,1.5760687284044748,-20.000000000000007
-0.1771640767216785,1.5760687284044748,-20.000000000000007
-0.179509115801908,1.5810607140359076,-20.000000000000007
-0.179509115801908,1.5810607140359072,-20.000000000000007
-0.15280423597603296,1.4087123965335242,-20.000000000000007
-0.1377468926182409,1.4138227263361494,-20.000000000000007
-0.13559501490126288,1.4971204706629226,-20.000000000000007
-0.13523645424514372,1.4956132648969094,-20.000000000000007
-0.13498758716990603,1.490284182800638,-20.000000000000007
-0.13496593015556185,1.4904004997731792,-20.000000000000007
-0.13496593015556185,1.4904004997731792,-20.000000000000007
-0.13225188883939853,1.5058494988029958,-20.000000000000007
-0.12962373824809628,1.5255562980702628,-20.000000000000007
-0.1254040801820389,1.5225047004235046,-20.000000000000007
-0.12405129492932988,1.528123060355657,-20.000000000000007
-0.1240512949293299,1.528123060355657,-20.000000000000007
-0.11095734796566889,1.5311353815265414,-20.000000000000007
-0.1109573479656689,1.5311353815265414,-20.000000000000007
-0.1109573479656689,1.5311353815265416,-20.000000000000007
-0.1109573479656689,1.5311353815265416,-20.000000000000007
-0.11095734796566892,1.5311353815265416,-20.000000000000007
-0.11095734796566889,1.5311353815265414,-20.000000000000007
-0.1109573479656689,1.5311353815265414,-20.000000000000007
-0.11095734796566892,1.5311353815265414,-20.000000000000007
-0.11095734796566889,1.5311353815265412,-20.000000000000007
-0.11095734796566889,1.5311353815265416,-20.000000000000007
-0.12405129492932987,1.5281230603556573,-20.000000000000007
-0.1254040794022055,1.5225030507157353,-20.000000000000007
-0.12684286767579067,1.5197244813100856,-20.000000000000007
-0.12962373824809628,1.525556298070263,-20.000000000000007
-0.12962373824809628,1.5255562980702628,-20.000000000000007
-0.12684286767579067,1.5197244813100859,-20.000000000000007
-0.12540408018203894,1.5225047004235046,-20.000000000000007
-0.1254040794022055,1.5225030507157356,-20.000000000000007
-0.1254040794022055,1.5225030507157356,-20.000000000000007
-0.1254040794022055,1.5225030507157353,-20.000000000000007
-0.1254040794022055,1.5225030507157356,-20.000000000000007
-0.12405129492932988,1.5281230603556573,-20.000000000000007
-0.12405129492932987,1.528123060355657,-20.000000000000007
-0.1102321621359064,1.5313395110577364,-20.000000000000007
-0.11023216213590639,1.5313395110577366,-20.000000000000007
-0.11023216213590639,1.5313395110577368,-20.000000000000007
-0.13559501490126286,1.4971204706629224,-20.000000000000007
-0.2200943814133661,1.9320609053442983,-20.000000000000007
-0.3134190165480083,1.5042701351776706,-20.000000000000007
-0.4150954204190599,1.5060276255044167,-20.000000000000007
-0.4993694237108085,1.385678373877924,-20.000000000000007
-0.5323304112336531,1.2004385451167103,-20.000000000000007
-0.5323304112336531,1.2004385451167103,-20.000000000000007
-0.532330411233653,1.2004385451167103,-20.000000000000007
-0.5323304112336531,1.2004385451167103,-20.000000000000007
-0.532330411233653,1.2004385451167103,-20.000000000000007
-0.5323304112336531,1.2004385451167103,-20.000000000000007
-0.532330411233653,1.2004385451167106,-20.000000000000007
-0.532330411233653,1.2004385451167106,-20.000000000000007
-0.532330411233653,1.2004385451167103,-20.000000000000007
-0.532330411233653,1.2004385451167106,-20.000000000000007
-0.532330411233653,1.2004385451167103,-20.000000000000007
-0.5323304112336531,1.2004385451167106,-20.000000000000007
-0.5323304112336531,1.2004385451167103,-20.000000000000007
-0.532330411233653,1.2004385451167106,-20.000000000000007
-0.532330411233653,1.2004385451167103,-20.000000000000007
-0.5304984915078199,1.2039376218488713,-20.000000000000007
-0.4745033943804444,1.3396565300160304,-20.000000000000007
-0.36097390415674113,1.4994327557593652,-20.000000000000007
-0.3137966528966833,1.5020722754816112,-20.000000000000007
-0.2953222686400535,1.5906582127765636,-20.000000000000007
-0.25354922465006957,1.7668554769849825,-20.000000000000007
-0.32819914591569815,1.500533650184785,-20.000000000000007
-0.30714822353341237,1.5109309658097099,-20.000000000000007
-0.3175168994494342,1.497671199890224,-20.000000000000007
-0.38448676831470874,1.4988873649393164,-20.000000000000007
-0.34943936093721994,1.4992786925363863,-20.000000000000007
-0.44126738806802734,1.4330129252072468,-20.000000000000007
-0.41204473884986514,1.4971518512296673,-20.000000000000007
-0.41693293921900376,1.5168952330208896,-20.000000000000007
-0.43713112227046874,1.420107365672415,-20.000000000000007
-0.396592277609101,1.4987724108619063,-20.000000000000007
-0.4712060922411877,1.3406959842335553,-20.000000000000007
-0.41020899501581176,1.4967812834147158,-20.000000000000007
-0.4726446774981346,1.33371035072951,-20.000000000000007
-0.4460062580671857,1.4394008205714908,-20.000000000000007
-0.4389604339733414,1.4280972412565358,-20.000000000000007
-0.508892745753395,1.3664230241247488,-20.000000000000007
-0.4213717558906405,1.4584498942470174,-20.000000000000007
-0.5250663996218177,1.2139508466213076,-20.000000000000007
-0.48410879103296445,1.3585766327166393,-20.000000000000007
-0.4307110719445071,1.4076826948821288,-20.000000000000007
-0.4462958531134598,1.4348970327456767,-20.000000000000007
-0.37801159248366956,1.4972330547903785,-20.000000000000007
-0.4464595200063456,1.4334947776636608,-20.000000000000007
-0.5049066874434757,1.4231995729922269,-20.000000000000007
-0.5289860104040626,1.2778264168377926,-20.000000000000007
-0.5297751702598071,1.2831788441985985,-20.000000000000007
-0.5297503346443707,1.2122641228985378,-20.000000000000007
-0.5299466660305466,1.2048363508567348,-20.000000000000007
-0.532330411233653,1.2004385451167106,-20.000000000000007
-0.5323304112336531,1.2004385451167106,-20.000000000000007
-0.5323304112336531,1.2004385451167106,-20.000000000000007
-0.5323304112336531,1.2004385451167106,-20.000000000000007
-0.532330411233653,1.2004385451167106,-20.000000000000007
-0.532330411233653,1.2004385451167103,-20.000000000000007
-0.5323304112336531,1.2004385451167106,-20.000000000000007
-0.5323304112336531,1.2004385451167106,-20.000000000000007
-0.5323304112336531,1.2004385451167106,-20.000000000000007
-0.532330411233653,1.2004385451167103,-20.000000000000007
-0.4846506471195696,1.3544008651745698,-20.000000000000007
-0.38445106893713027,1.4982344480076046,-20.000000000000007
-0.33747392989951297,1.5000986246093795,-20.000000000000007
-0.2610764882747076,1.7687513350082882,-20.000000000000007
-0.2689145148419331,1.7307917784395808,-20.000000000000007
-0.24431076490960957,1.8291243725315858,-20.000000000000007
-0.2749486577676837,1.5890191833852914,-20.000000000000007
-0.2793223780380629,1.4762063504497127,-20.000000000000007
-0.33913909978687473,1.5006293987537187,-20.000000000000007
-0.38439946865827707,1.4991475387837698,-20.000000000000007
-0.3724191046511499,1.4958609789796349,-20.000000000000007
-0.4210986437938232,1.452128088862203,-20.000000000000007
-0.4101118295890799,1.4964307140925677,-20.000000000000007
-0.40000345226167355,1.4960335559100115,-20.000000000000007
-0.4070364050746556,1.499532177541148,-20.000000000000007
-0.3810726319305566,1.4999074702732593,-20.000000000000007
-0.40453940375157976,1.4974301014941687,-20.000000000000007
-0.4040715728341636,1.494898504257582,-20.000000000000007
-0.4271253680990944,1.4193100824552989,-20.000000000000007
-0.41011182958907993,1.496430714092568,-20.000000000000007
-0.39697499094152333,1.498785950451814,-20.000000000000007
-0.41781558628709875,1.4965487126112216,-20.000000000000007
-0.41480469104006434,1.5097724664214398,-20.000000000000007
-0.4600315419094332,1.3852220913568352,-20.000000000000007
-0.4317707482864576,1.4068909617036054,-20.000000000000007
-0.40405490597398763,1.4922717253573967,-20.000000000000007
-0.4102108239201816,1.4974966583467837,-20.000000000000007
-0.4168645708965859,1.5163805579080654,-20.000000000000007
-0.5003356101759776,1.389188817166178,-20.000000000000007
-0.5323304112336531,1.2004385451167106,-20.000000000000007
-0.5323304112336531,1.2004385451167106,-20.000000000000007
-0.532330411233653,1.2004385451167106,-20.000000000000007
-0.532330411233653,1.2004385451167106,-20.000000000000007
-0.5323304112336531,1.2004385451167106,-20.000000000000007
-0.5323304112336531,1.2004385451167103,-20.000000000000007
-0.5323304112336531,1.2004385451167103,-20.000000000000007
-0.532330411233653,1.2004385451167106,-20.000000000000007
-0.532330411233653,1.2004385451167103,-20.000000000000007
-0.5323304112336531,1.2004385451167103,-20.000000000000007
-0.532330411233653,1.2004385451167106,-20.000000000000007
-0.532330411233653,1.2004385451167106,-20.000000000000007
-0.532330411233653,1.2004385451167106,-20.000000000000007
-0.532330411233653,1.2004385451167106,-20.000000000000007
-0.5323304112336531,1.2004385451167103,-20.000000000000007
-0.5235921128102574,1.2267241833894231,-20.000000000000007
-0.41160807358587176,1.496935288959204,-20.000000000000007
-0.3352003668146907,1.5008416811092422,-20.000000000000007
-0.27912945033240527,1.462489622501303,-20.000000000000007
-0.2290840101458849,1.9272000926378037,-20.000000000000007
-0.2552406432801047,1.7695258837127656,-20.000000000000007
-0.26455493772825994,1.7594211128342738,-20.000000000000007
-0.3311487287904129,1.4985697775609217,-20.000000000000007
-0.34771179828088117,1.4999437609011435,-20.000000000000007
-0.4119080497098831,1.4969273622819286,-20.000000000000007
-0.4272369975514989,1.4199058367185013,-20.000000000000007
-0.4176508834504771,1.5152942860756486,-20.000000000000007
-0.46319750333135457,1.3550330922665954,-20.000000000000007
-0.421387387067025,1.461871871354159,-20.000000000000007
-0.47557857452598457,1.3443204200277434,-20.000000000000007
-0.4521760549690157,1.4036595194226362,-20.000000000000007
-0.4406600058269543,1.430568814922055,-20.000000000000007
-0.48128169206444155,1.3585494625701287,-20.000000000000007
-0.4456204384632224,1.4387681557691328,-20.000000000000007
-0.5052621629485429,1.417593896492853,-20.000000000000007
-0.4706510448820663,1.3410977041283185,-20.000000000000007
-0.48222879314599976,1.3700743183707424,-20.000000000000007
-0.4993694237108084,1.385678373877924,-20.000000000000007
-0.46492398918648764,1.3472449283724255,-20.000000000000007
-0.5018280465710235,1.393139246024557,-20.000000000000007
-0.4463186757188489,1.4341514215543776,-20.000000000000007
-0.4210986437938232,1.4521280888622032,-20.000000000000007
-0.4206728141204891,1.4577043614476055,-20.000000000000007
-0.4600718214762429,1.3847182340568935,-20.000000000000007
-0.5051725264237358,1.421661385040083,-20.000000000000007
-0.5289860104040626,1.2778264168377929,-20.000000000000007
-0.5295595045931815,1.2823809919045397,-20.000000000000007
-0.5297503346443708,1.212264122898538,-20.000000000000007
-0.5299466660305467,1.204836350856735,-20.000000000000007
-0.532330411233653,1.2004385451167103,-20.000000000000007
-0.5323304112336531,1.2004385451167103,-20.000000000000007
-0.532330411233653,1.2004385451167106,-20.000000000000007
-0.5323304112336531,1.2004385451167106,-20.000000000000007
-0.532330411233653,1.2004385451167108,-20.000000000000007
-0.532330411233653,1.2004385451167103,-20.000000000000007
-0.5323304112336529,1.2004385451167106,-20.000000000000007
-0.5323304112336531,1.2004385451167106,-20.000000000000007
-0.5323304112336531,1.2004385451167103,-20.000000000000007
-0.532330411233653,1.2004385451167103,-20.000000000000007
-0.516182774428325,1.274213469869638,-20.000000000000007
-0.4790354804959442,1.3550033801360568,-20.000000000000007
-0.3663946643805389,1.5015249632576793,-20.000000000000007
-0.30718210760496645,1.5118522251275395,-20.000000000000007
-0.24753611064781528,1.7981305890838026,-20.000000000000007
-0.2622244129079738,1.7669539857930756,-20.000000000000007
-0.3163939756994304,1.4967174416503983,-20.000000000000007
-0.40358949007075606,1.4992216185820635,-20.000000000000007
-0.43898859772293175,1.430017612935489,-20.000000000000007
-0.4897902668938017,1.3919379500168654,-20.000000000000007
-0.5019763533446305,1.3911685191964727,-20.000000000000007
-0.5261960178600911,1.294372184186436,-20.000000000000007
-0.5220260613084382,1.2285800987437692,-20.000000000000007
-0.52970412171485,1.2130154810445701,-20.000000000000007
-0.5280316601208391,1.209276157525149,-20.000000000000007
-0.5299466660305467,1.204836350856735,-20.000000000000007
-0.5297503346443707,1.2122641228985378,-20.000000000000007
-0.5299466660305466,1.204836350856735,-20.000000000000007
-0.532330411233653,1.2004385451167103,-20.000000000000007
-0.5323304112336531,1.2004385451167106,-20.000000000000007
-0.532330411233653,1.2004385451167103,-20.000000000000007
-0.5323304112336531,1.2004385451167103,-20.000000000000007
-0.5288379149653171,1.2128810360150037,-20.000000000000007
-0.5301155025692634,1.205664066981673,-20.000000000000007
-0.5281062552182989,1.2123469047314073,-20.000000000000007
-0.48209278759501206,1.366140792462045,-20.000000000000007
-0.501771455488141,1.393065869077757,-20.000000000000007
-0.4355547524675042,1.4045762031157059,-20.000000000000007
-0.4847188066415845,1.3546218842779916,-20.000000000000007
-0.53049849150782,1.2039376218488715,-20.000000000000007
-0.5323304112336531,1.2004385451167106,-20.000000000000007
-0.5323304112336531,1.2004385451167106,-20.000000000000007
-0.532330411233653,1.2004385451167106,-20.000000000000007
-0.532330411233653,1.2004385451167103,-20.000000000000007
-0.5323304112336529,1.2004385451167106,-20.000000000000007
-0.5323304112336531,1.2004385451167106,-20.000000000000007
-0.5323304112336531,1.2004385451167106,-20.000000000000007
-0.532330411233653,1.2004385451167106,-20.000000000000007
-0.532330411233653,1.2004385451167106,-20.000000000000007
-0.532330411233653,1.2004385451167103,-20.000000000000007
-0.5299466660305466,1.2048363508567348,-20.000000000000007
-0.5295595045931816,1.2823809919045397,-20.000000000000007
-0.5289860104040625,1.2778264168377926,-20.000000000000007
-0.5278362928687369,1.2751777789083412,-20.000000000000007
-0.4871856840387382,1.3639054207764465,-20.000000000000007
-0.40091176553280244,1.4966088343728103,-20.000000000000007
-0.3445899711099592,1.49693688890284,-20.000000000000007
-0.27908581884652184,1.4629854224262329,-20.000000000000007
-0.26455493772826,1.7594211128342736,-20.000000000000007
-0.255308667436032,1.7679087453312383,-20.000000000000007
-0.32245373799353033,1.4985674364106436,-20.000000000000007
-0.33158210662632415,1.4992104877998589,-20.000000000000007
-0.35451121642132427,1.4992359276431917,-20.000000000000007
-0.3772520458279315,1.4969675481572033,-20.000000000000007
-0.36307482011598613,1.5000922399513594,-20.000000000000007
-0.42707974998752807,1.4194487261329387,-20.000000000000007
-0.4266758790590924,1.4170987473811163,-20.000000000000007
-0.45830403759183047,1.3927388068873505,-20.000000000000007
-0.47090253453715525,1.3401225564079025,-20.000000000000007
-0.4389026867873874,1.4297911652607667,-20.000000000000007
-0.5017714554881411,1.3930658690777569,-20.000000000000007
-0.44735902915292064,1.4322221784822666,-20.000000000000007
-0.5051179460114001,1.4176527345538452,-20.000000000000007
-0.46461293195425646,1.3456615005424506,-20.000000000000007
-0.4497566469430233,1.4145250454070877,-20.000000000000007
-0.5109469047518174,1.3448934500078804,-20.000000000000007
-0.46160235299466723,1.3662005391197913,-20.000000000000007
-0.5323304112336531,1.2004385451167106,-20.000000000000007
-0.5219935570709195,1.2273750977160982,-20.000000000000007
-0.47016536448706586,1.3436701478189153,-20.000000000000007
-0.45767184819924156,1.4103692528135012,-20.000000000000007
-0.4020474311844272,1.4969517226277589,-20.000000000000007
-0.46065111177738793,1.3799105355996557,-20.000000000000007
-0.5181885348840448,1.3125429663949812,-20.000000000000007
-0.5294456854334699,1.2781282341650344,-20.000000000000007
-0.5297041217148499,1.2130154810445701,-20.000000000000007
-0.5299466660305467,1.2048363508567348,-20.000000000000007
-0.5299466660305466,1.204836350856735,-20.000000000000007
-0.5323304112336531,1.2004385451167106,-20.000000000000007
-0.5323304112336531,1.2004385451167106,-20.000000000000007
-0.5323304112336531,1.2004385451167106,-20.000000000000007
-0.5323304112336531,1.2004385451167106,-20.000000000000007
-0.5299466660305466,1.204836350856735,-20.000000000000007
-0.532330411233653,1.2004385451167103,-20.000000000000007
-0.5323304112336531,1.2004385451167106,-20.000000000000007
-0.532330411233653,1.2004385451167103,-20.000000000000007
-0.532330411233653,1.2004385451167103,-20.000000000000007
-0.5323304112336531,1.2004385451167106,-20.000000000000007
-0.4895511285006442,1.3890769851192508,-20.000000000000007
-0.4454853212724926,1.4389500728386961,-20.000000000000007
-0.37701110244529634,1.4927630265779332,-20.000000000000007
-0.3395896697085145,1.4998881614551558,-20.000000000000007
-0.28132352876836003,1.4958962719169133,-20.000000000000007
-0.2790418615852196,1.4658209857437952,-20.000000000000007
-0.3114072689528863,1.4993464598473933,-20.000000000000007
-0.317547819357845,1.4977287325791424,-20.000000000000007
-0.3818087549892697,1.4991143428963607,-20.000000000000007
-0.38531567485108065,1.5015842813017624,-20.000000000000007
-0.3938858522112768,1.5018424445147063,-20.000000000000007
-0.4295194635115309,1.4108579285746903,-20.000000000000007
-0.4282847935859281,1.4224372464031672,-20.000000000000007
-0.47087095115295424,1.3406633592959323,-20.000000000000007
-0.46530380732228627,1.346605994359485,-20.000000000000007
-0.4458249050718208,1.4425078372692537,-20.000000000000007
-0.4389604339733414,1.428097241256536,-20.000000000000007
-0.4386924958764253,1.4318355823356503,-20.000000000000007
-0.484515443757245,1.3539040272928955,-20.000000000000007
-0.4612461227408047,1.3683552353866086,-20.000000000000007
-0.5054736103661315,1.41455341417358,-20.000000000000007
-0.49936942371080845,1.3856783738779241,-20.000000000000007
-0.47405589034147205,1.3390302315445792,-20.000000000000007
-0.5266764831189766,1.2167892065627566,-20.000000000000007
-0.47180376139684904,1.3376600673721768,-20.000000000000007
-0.4565568110266426,1.3819372320947991,-20.000000000000007
-0.44070745394765437,1.4283377708431981,-20.000000000000007
-0.4457241915329196,1.4402312723860073,-20.000000000000007
-0.5175911302218912,1.2632342435428727,-20.000000000000007
-0.532330411233653,1.2004385451167106,-20.000000000000007
-0.5323304112336531,1.2004385451167106,-20.000000000000007
-0.532330411233653,1.2004385451167106,-20.000000000000007
-0.532330411233653,1.2004385451167106,-20.000000000000007
-0.532330411233653,1.2004385451167106,-20.000000000000007
-0.532330411233653,1.2004385451167106,-20.000000000000007
-0.532330411233653,1.2004385451167106,-20.000000000000007
-0.532330411233653,1.2004385451167106,-20.000000000000007
-0.5323304112336531,1.2004385451167103,-20.000000000000007
-0.532330411233653,1.2004385451167106,-20.000000000000007
-0.532330411233653,1.2004385451167103,-20.000000000000007
-0.5323304112336531,1.2004385451167106,-20.000000000000007
-0.5323304112336531,1.2004385451167106,-20.000000000000007
-0.532330411233653,1.2004385451167103,-20.000000000000007
-0.5304984915078199,1.2039376218488713,-20.000000000000007
-0.4397981079171096,1.4283573385819461,-20.000000000000007
-0.396566228897766,1.4978984796426567,-20.000000000000007
-0.30106641906442105,1.5461640641260916,-20.000000000000007
-0.27867797291209545,1.4793883314631036,-20.000000000000007
-0.22903447707550284,1.927640386223834,-20.000000000000007
-0.24894779568029934,1.7654260612210055,-20.000000000000007
-0.3100085411156226,1.5027754990022921,-20.000000000000007
-0.32268732054459304,1.4985047039049075,-20.000000000000007
-0.41146820051593574,1.4962469105342788,-20.000000000000007
-0.4035101839994988,1.4989317499977632,-20.000000000000007
-0.4151192528437647,1.5046955894871377,-20.000000000000007
-0.43882602155708106,1.4372555821654656,-20.000000000000007
-0.4272538188836816,1.4194589395523978,-20.000000000000007
-0.48503074950465636,1.3520881857107498,-20.000000000000007
-0.46352527382385117,1.3501883347804498,-20.000000000000007
-0.4716139819112726,1.3416440931740703,-20.000000000000007
-0.4497608620727265,1.415950314527848,-20.000000000000007
-0.44066349961072765,1.4293512026998643,-20.000000000000007
-0.49172071935432726,1.3840138588710984,-20.000000000000007
-0.461103877482537,1.3778466768016513,-20.000000000000007
-0.5231100266675714,1.293303086866041,-20.000000000000007
-0.4853086337921959,1.3558068217984263,-20.000000000000007
-0.474055890341472,1.3390302315445792,-20.000000000000007
-0.5277317573661571,1.2100618727216976,-20.000000000000007
-0.45724276785520823,1.3917550194712995,-20.000000000000007
-0.4699172772452659,1.344622210600075,-20.000000000000007
-0.4387233423180275,1.4336725667181138,-20.000000000000007
-0.40298064720165416,1.497590728611408,-20.000000000000007
-0.4559868987424754,1.3900194410147675,-20.000000000000007
-0.524993346125092,1.2904920982680286,-20.000000000000007
-0.5295595045931816,1.28238099190454,-20.000000000000007
-0.52970412171485,1.2130154810445701,-20.000000000000007
-0.5299466660305467,1.204836350856735,-20.000000000000007
-0.532330411233653,1.2004385451167106,-20.000000000000007
-0.532330411233653,1.2004385451167106,-20.000000000000007
-0.5323304112336531,1.2004385451167103,-20.000000000000007
-0.5323304112336531,1.2004385451167103,-20.000000000000007
-0.5323304112336531,1.2004385451167106,-20.000000000000007
-0.5323304112336531,1.2004385451167103,-20.000000000000007
-0.5323304112336531,1.2004385451167106,-20.000000000000007
-0.532330411233653,1.2004385451167103,-20.000000000000007
-0.532330411233653,1.2004385451167106,-20.000000000000007
-0.532330411233653,1.2004385451167103,-20.000000000000007
-0.5299466660305466,1.2048363508567348,-20.000000000000007
-0.4783038904140463,1.3512603462456751,-20.000000000000007
-0.44579465182352024,1.4432050271563377,-20.000000000000007
-0.3509658376330051,1.4983974546619747,-20.000000000000007
-0.3354712286980616,1.5002327653178784,-20.000000000000007
-0.2871166501006802,1.5498945121053427,-20.000000000000007
-0.2790418615852196,1.4658209857437952,-20.000000000000007
-0.3088989161982865,1.5077598400660759,-20.000000000000007
-0.3622298295734482,1.4972469737649141,-20.000000000000007
-0.38754047275659065,1.5003060229217406,-20.000000000000007
-0.4247410226841854,1.4279604939669386,-20.000000000000007
-0.44066828830792437,1.4293379108604258,-20.000000000000007
-0.46145782763340004,1.372560124310797,-20.000000000000007
-0.47098803716490883,1.3413322502468406,-20.000000000000007
-0.4780014915425024,1.350344637501537,-20.000000000000007
-0.4822287931459998,1.3700743183707424,-20.000000000000007
-0.48428141015377113,1.3569444740281373,-20.000000000000007
-0.4850033218528451,1.3539792118014353,-20.000000000000007
-0.5051064680329468,1.4195692941931781,-20.000000000000007
-0.5051179460114001,1.4176527345538452,-20.000000000000007
-0.53049849150782,1.2039376218488715,-20.000000000000007
-0.5304984915078199,1.2039376218488713,-20.000000000000007
-0.5301155025692634,1.2056640669816727,-20.000000000000007
-0.5323304112336531,1.2004385451167108,-20.000000000000007
-0.5235921128102574,1.2267241833894231,-20.000000000000007
-0.5141372752202846,1.2782046576934705,-20.000000000000007
-0.476154615521139,1.341813418847747,-20.000000000000007
-0.47454812029757165,1.3397724023219626,-20.000000000000007
-0.46399409395998303,1.3468484123077165,-20.000000000000007
-0.5276705581175186,1.212698247538012,-20.000000000000007
-0.5323304112336531,1.2004385451167106,-20.000000000000007
-0.5323304112336531,1.2004385451167106,-20.000000000000007
-0.532330411233653,1.2004385451167103,-20.000000000000007
-0.532330411233653,1.2004385451167106,-20.000000000000007
-0.5323304112336531,1.2004385451167106,-20.000000000000007
-0.5323304112336531,1.2004385451167106,-20.000000000000007
-0.5323304112336531,1.2004385451167106,-20.000000000000007
-0.5323304112336531,1.2004385451167103,-20.000000000000007
-0.532330411233653,1.2004385451167106,-20.000000000000007
-0.5299466660305467,1.204836350856735,-20.000000000000007
-0.5299466660305466,1.204836350856735,-20.000000000000007
-0.532330411233653,1.2004385451167106,-20.000000000000007
-0.5323304112336531,1.2004385451167106,-20.000000000000007
-0.47903548049594413,1.3550033801360568,-20.000000000000007
-0.445128979372476,1.4363428571289243,-20.000000000000007
-0.3876244033051198,1.499670917001367,-20.000000000000007
-0.32179956045997793,1.4963024366049247,-20.000000000000007
-0.3705956647041466,1.5009252160916629,-20.000000000000007
-0.34645656057328844,1.4964802687347833,-20.000000000000007
-0.3559538979646078,1.501081064514373,-20.000000000000007
-0.3492153575891762,1.4987496155445537,-20.000000000000007
-0.3007818516205666,1.5478892362602608,-20.000000000000007
-0.32149286760010504,1.4990359871283028,-20.000000000000007
-0.3292199206699543,1.4984959367845536,-20.000000000000007
-0.3557993135805665,1.5012548769865075,-20.000000000000007
-0.39773982681755293,1.4985530759800878,-20.000000000000007
-0.4103262540208172,1.4974440094991917,-20.000000000000007
-0.420769404680005,1.4703745101452146,-20.000000000000007
-0.40520272961882364,1.5012550417967552,-20.000000000000007
-0.42056009166653546,1.4720405327912358,-20.000000000000007
-0.44639449359513916,1.435446106914227,-20.000000000000007
-0.45585015390938877,1.3808766666477503,-20.000000000000007
-0.5005886984896138,1.3877241551856843,-20.000000000000007
-0.45215933819949966,1.4000717536409601,-20.000000000000007
-0.4355547524675043,1.404576203115706,-20.000000000000007
-0.47799220242653645,1.350253472285073,-20.000000000000007
-0.44730624482696435,1.43198358327562,-20.000000000000007
-0.5209897361039894,1.2318624184297193,-20.000000000000007
-0.5051064680329467,1.4195692941931783,-20.000000000000007
-0.4362117729914872,1.4065473994924662,-20.000000000000007
-0.41791523119424595,1.495525495146112,-20.000000000000007
-0.3539566424714638,1.4994385278235813,-20.000000000000007
-0.3891329568427543,1.499806302733579,-20.000000000000007
-0.4602461340053595,1.385098025359623,-20.000000000000007
-0.5287996077272438,1.279216999555091,-20.000000000000007
-0.5291889438601224,1.2780651476918352,-20.000000000000007
-0.52970412171485,1.21301548104457,-20.000000000000007
-0.5299466660305467,1.2048363508567348,-20.000000000000007
-0.5323304112336531,1.2004385451167103,-20.000000000000007
-0.5323304112336531,1.2004385451167103,-20.000000000000007
-0.532330411233653,1.2004385451167106,-20.000000000000007
-0.532330411233653,1.2004385451167106,-20.000000000000007
-0.532330411233653,1.2004385451167106,-20.000000000000007
-0.532330411233653,1.2004385451167106,-20.000000000000007
-0.532330411233653,1.2004385451167103,-20.000000000000007
-0.5323304112336531,1.2004385451167103,-20.000000000000007
-0.532330411233653,1.2004385451167106,-20.000000000000007
-0.532330411233653,1.2004385451167106,-20.000000000000007
-0.5323304112336531,1.2004385451167103,-20.000000000000007
-0.44684644827351283,1.4337531040815579,-20.000000000000007
-0.42392235718046234,1.4321421794276175,-20.000000000000007
-0.3748433314304194,1.4925221470370447,-20.000000000000007
-0.3071482235334123,1.5109309658097099,-20.000000000000007
-0.2801598476979634,1.4819241385848265,-20.000000000000007
-0.2567359857894425,1.7713049475479004,-20.000000000000007
-0.32342982992739555,1.500046671255681,-20.000000000000007
-0.31456911756845773,1.4959717715982968,-20.000000000000007
-0.3877700256320896,1.500760444906367,-20.000000000000007
-0.3899670951516878,1.5012988229968762,-20.000000000000007
-0.34999370976541344,1.500834370762003,-20.000000000000007
-0.41305857476273355,1.4984497913243549,-20.000000000000007
-0.3660360573893162,1.5020103230152848,-20.000000000000007
-0.4465853482110818,1.4350800796751022,-20.000000000000007
-0.46183629145846167,1.363183606472567,-20.000000000000007
-0.43896043397334145,1.4280972412565358,-20.000000000000007
-0.4827263799079555,1.3641288523701303,-20.000000000000007
-0.42118841321524536,1.4603045291113568,-20.000000000000007
-0.4948759485785061,1.3870061654962327,-20.000000000000007
-0.47792495206033775,1.34973505924373,-20.000000000000007
-0.5051064680329468,1.419569294193178,-20.000000000000007
-0.5051179460114003,1.417652734553845,-20.000000000000007
-0.46120584317399493,1.3688590926865505,-20.000000000000007
-0.5088927457533952,1.3664230241247488,-20.000000000000007
-0.4497566469430232,1.414525045407088,-20.000000000000007
-0.4615899160810298,1.3743664860931242,-20.000000000000007
-0.4649239891864876,1.3472449283724255,-20.000000000000007
-0.45752199436606633,1.3896045274710873,-20.000000000000007
-0.5235921128102574,1.2267241833894234,-20.000000000000007
-0.532330411233653,1.2004385451167103,-20.000000000000007
-0.532330411233653,1.2004385451167106,-20.000000000000007
-0.532330411233653,1.2004385451167103,-20.000000000000007
-0.532330411233653,1.2004385451167103,-20.000000000000007
-0.532330411233653,1.2004385451167103,-20.000000000000007
-0.532330411233653,1.2004385451167103,-20.000000000000007
-0.532330411233653,1.2004385451167103,-20.000000000000007
-0.5323304112336531,1.2004385451167106,-20.000000000000007
-0.5323304112336531,1.2004385451167106,-20.000000000000007
-0.5299466660305466,1.204836350856735,-20.000000000000007
-0.5299466660305466,1.204836350856735,-20.000000000000007
-0.5299466660305466,1.204836350856735,-20.000000000000007
-0.5323304112336531,1.2004385451167106,-20.000000000000007
-0.5299466660305467,1.204836350856735,-20.000000000000007
-0.49936942371080845,1.3856783738779241,-20.000000000000007
-0.41509542041905984,1.5060276255044167,-20.000000000000007
-0.4034579608286872,1.4971104340934207,-20.000000000000007
-0.3041520248080175,1.5073596904169988,-20.000000000000007
-0.2645397981718718,1.7593873789892278,-20.000000000000007
-0.220147146048528,1.9414399986101936,-20.000000000000007
-0.24233012893262862,1.8479407891859196,-20.000000000000007
-0.23787954483436072,1.9021277516891226,-20.000000000000007
-0.32708839436737425,1.50021909444661,-20.000000000000007
-0.36209489564357616,1.4981793724896484,-20.000000000000007
-0.36170572788973404,1.497639904939192,-20.000000000000007
-0.43899817511732514,1.429991029256612,-20.000000000000007
-0.39986809462230044,1.4959989519116734,-20.000000000000007
-0.46065111177738793,1.3799105355996557,-20.000000000000007
-0.43893205304013866,1.431925962027948,-20.000000000000007
-0.4202398455269352,1.4754024191724844,-20.000000000000007
-0.48156507599732845,1.3586768619616154,-20.000000000000007
-0.4110284032458981,1.4968881864045176,-20.000000000000007
-0.5034269827391067,1.3991439963580652,-20.000000000000007
-0.46183629145846167,1.363183606472567,-20.000000000000007
-0.4564512934538203,1.3818075670975078,-20.000000000000007
-0.5053837849916603,1.4161145466017013,-20.000000000000007
-0.4612058431739948,1.3688590926865503,-20.000000000000007
-0.5304154053239456,1.2048783517851245,-20.000000000000007
-0.49316313840242637,1.3841932390400666,-20.000000000000007
-0.4429757307083143,1.445779211788948,-20.000000000000007
-0.4166805272159163,1.518795804460924,-20.000000000000007
-0.35342566710675327,1.50090379744822,-20.000000000000007
-0.404489299648163,1.4961879247861818,-20.000000000000007
-0.46383274928110263,1.350032644211711,-20.000000000000007
-0.5287996077272437,1.2792169995550908,-20.000000000000007
-0.5295595045931816,1.2823809919045397,-20.000000000000007
-0.52970412171485,1.2130154810445701,-20.000000000000007
-0.5299466660305467,1.2048363508567348,-20.000000000000007
-0.5323304112336531,1.2004385451167106,-20.000000000000007
-0.532330411233653,1.2004385451167106,-20.000000000000007
-0.5323304112336531,1.2004385451167106,-20.000000000000007
-0.5323304112336531,1.2004385451167103,-20.000000000000007
-0.5323304112336531,1.2004385451167106,-20.000000000000007
-0.5323304112336531,1.2004385451167103,-20.000000000000007
-0.5323304112336531,1.2004385451167106,-20.000000000000007
-0.5323304112336531,1.2004385451167106,-20.000000000000007
-0.532330411233653,1.2004385451167106,-20.000000000000007
-0.5299466660305466,1.204836350856735,-20.000000000000007
-0.52549805367614,1.2176626580664642,-20.000000000000007
-0.4472788199045702,1.4319772651035516,-20.000000000000007
-0.41895352255374985,1.4979991861952324,-20.000000000000007
-0.33129041512317653,1.498615171765737,-20.000000000000007
-0.29610670277015155,1.5917938009987194,-20.000000000000007
-0.24352941008181261,1.837172709935773,-20.000000000000007
-0.2790858188465218,1.4629854224262329,-20.000000000000007
-0.27796340090785826,1.506401480561423,-20.000000000000007
-0.3277970703554419,1.5005840987563306,-20.000000000000007
-0.39701044554888154,1.4981704823680533,-20.000000000000007
-0.36857608501503497,1.4990281738918467,-20.000000000000007
-0.4466363343711028,1.4325606013426864,-20.000000000000007
-0.42962622348899177,1.41282951584069,-20.000000000000007
-0.4410513588040612,1.4290092733409006,-20.000000000000007
-0.4462830808714442,1.436283287321135,-20.000000000000007
-0.41895352255374985,1.4979991861952322,-20.000000000000007
-0.48475775659238296,1.352588724599167,-20.000000000000007
-0.4437894035883968,1.437715685287746,-20.000000000000007
-0.4993694237108084,1.3856783738779241,-20.000000000000007
-0.46148938632287534,1.370030020533303,-20.000000000000007
-0.44243339242470026,1.4438981805301045,-20.000000000000007
-0.5088927457533952,1.3664230241247486,-20.000000000000007
-0.45581906311997594,1.380522938373343,-20.000000000000007
-0.53049849150782,1.2039376218488713,-20.000000000000007
-0.5031896692861659,1.3992352022419927,-20.000000000000007
-0.4456217957633208,1.4383362675726108,-20.000000000000007
-0.4535318534981282,1.393648007232008,-20.000000000000007
-0.3917343198955255,1.5040002114425792,-20.000000000000007
-0.47090253453715514,1.3401225564079027,-20.000000000000007
-0.5288379149653171,1.212881036015004,-20.000000000000007
-0.5323304112336531,1.2004385451167106,-20.000000000000007
-0.5323304112336531,1.2004385451167106,-20.000000000000007
-0.532330411233653,1.2004385451167106,-20.000000000000007
-0.532330411233653,1.2004385451167106,-20.000000000000007
-0.532330411233653,1.2004385451167106,-20.000000000000007
-0.532330411233653,1.2004385451167106,-20.000000000000007
-0.5323304112336531,1.2004385451167103,-20.000000000000007
-0.532330411233653,1.2004385451167106,-20.000000000000007
-0.5323304112336531,1.2004385451167106,-20.000000000000007
-0.5323304112336531,1.2004385451167106,-20.000000000000007
-0.532330411233653,1.2004385451167103,-20.000000000000007
-0.5323304112336531,1.2004385451167106,-20.000000000000007
-0.5323304112336531,1.2004385451167106,-20.000000000000007
-0.5299466660305467,1.204836350856735,-20.000000000000007
-0.5175911302218912,1.2632342435428727,-20.000000000000007
-0.4186176476422514,1.5076136260865662,-20.000000000000007
-0.3874323207114573,1.4992984024991414,-20.000000000000007
-0.3289039877325685,1.4986230961176075,-20.000000000000007
-0.29664804194091327,1.5886021923646303,-20.000000000000007
-0.25065855339975707,1.726716250936422,-20.000000000000007
-0.23440823261138902,1.9331740021179948,-20.000000000000007
-0.2801785066426561,1.480862278267007,-20.000000000000007
-0.3026144885169713,1.5279843459112796,-20.000000000000007
-0.3787169529653679,1.4981593421585013,-20.000000000000007
-0.382712282964142,1.5016524691337088,-20.000000000000007
-0.40362949975021023,1.4969998656809071,-20.000000000000007
-0.41020899501581176,1.4967812834147156,-20.000000000000007
-0.40295900415932573,1.4970994354173446,-20.000000000000007
-0.45655681102664264,1.381937232094799,-20.000000000000007
-0.4246887336824343,1.4334749744817021,-20.000000000000007
-0.47417493334543864,1.3389340412208623,-20.000000000000007
-0.4534543073809677,1.3907979535219137,-20.000000000000007
-0.4554363485528173,1.3784689786246014,-20.000000000000007
-0.5241551435842253,1.2212901465959178,-20.000000000000007
-0.47727083635092427,1.3462283586998787,-20.000000000000007
-0.532330411233653,1.2004385451167103,-20.000000000000007
-0.5053837849916603,1.416114546601701,-20.000000000000007
-0.46430233235428114,1.3472344565005328,-20.000000000000007
-0.4854482221579411,1.361058764404862,-20.000000000000007
-0.374639603064142,1.4931007471219577,-20.000000000000007
-0.4040715728341636,1.494898504257582,-20.000000000000007
-0.3929136029310458,1.501879732565646,-20.000000000000007
-0.3992115106100842,1.4959322211521418,-20.000000000000007
-0.4631037891874737,1.3538161751369742,-20.000000000000007
-0.5265138839480394,1.2918903398459498,-20.000000000000007
-0.5295595045931815,1.28238099190454,-20.000000000000007
-0.5297751702598072,1.2831788441985983,-20.000000000000007
-0.5297041217148499,1.21301548104457,-20.000000000000007
-0.5297041217148499,1.2130154810445701,-20.000000000000007
-0.5297041217148499,1.21301548104457,-20.000000000000007
-0.5297041217148499,1.21301548104457,-20.000000000000007
-0.5297041217148499,1.2130154810445701,-20.000000000000007
-0.52970412171485,1.2130154810445701,-20.000000000000007
-0.5299466660305467,1.204836350856735,-20.000000000000007
-0.5323304112336531,1.2004385451167106,-20.000000000000007
-0.532330411233653,1.2004385451167106,-20.000000000000007
-0.5323304112336531,1.2004385451167106,-20.000000000000007
-0.5323304112336531,1.2004385451167106,-20.000000000000007
-0.5290602283220829,1.2123914008227317,-20.000000000000007
-0.41686457089658585,1.5163805579080651,-20.000000000000007
-0.3943578647255582,1.5002212572122722,-20.000000000000007
-0.33549283578681927,1.5000914657694757,-20.000000000000007
-0.2870039395066934,1.5498935715364712,-20.000000000000007
-0.25524064328010465,1.7695258837127659,-20.000000000000007
-0.2502845554208488,1.7235141714337494,-20.000000000000007
-0.316531821283661,1.4965355077252418,-20.000000000000007
-0.31140092494288407,1.4998316451629838,-20.000000000000007
-0.39270698411213145,1.5023917559993107,-20.000000000000007
-0.38161999523339224,1.4990996477618772,-20.000000000000007
-0.36223240026188264,1.496937101069279,-20.000000000000007
-0.4093531645350432,1.5011022929304034,-20.000000000000007
-0.3610906295282238,1.498884439557424,-20.000000000000007
-0.4451289793724761,1.4363428571289245,-20.000000000000007
-0.4294284686468476,1.4101466792497912,-20.000000000000007
-0.42064648031504653,1.4698965970817937,-20.000000000000007
-0.4498142369925396,1.4145978275922315,-20.000000000000007
-0.4034948620270723,1.497226312285433,-20.000000000000007
-0.47618421474912986,1.3413472739316226,-20.000000000000007
-0.4391162704287065,1.4291224575809942,-20.000000000000007
-0.47552817181134727,1.338222871893145,-20.000000000000007
-0.4649272423916454,1.3473199726852354,-20.000000000000007
-0.4292026925046876,1.413123603674345,-20.000000000000007
-0.5043148457231502,1.4115430487866387,-20.000000000000007
-0.44959671298283177,1.4165082435015117,-20.000000000000007
-0.4611368054295568,1.378414954307071,-20.000000000000007
-0.47615263136492897,1.3418880768196522,-20.000000000000007
-0.46461293195425646,1.3456615005424506,-20.000000000000007
-0.522037547605115,1.220335999607246,-20.000000000000007
-0.5299466660305466,1.204836350856735,-20.000000000000007
-0.532330411233653,1.2004385451167106,-20.000000000000007
-0.5323304112336531,1.2004385451167106,-20.000000000000007
-0.532330411233653,1.2004385451167103,-20.000000000000007
-0.5323304112336531,1.2004385451167106,-20.000000000000007
-0.5323304112336531,1.2004385451167103,-20.000000000000007
-0.5323304112336531,1.2004385451167103,-20.000000000000007
-0.5323304112336531,1.2004385451167103,-20.000000000000007
-0.5323304112336531,1.2004385451167103,-20.000000000000007
-0.532330411233653,1.2004385451167106,-20.000000000000007
-0.532330411233653,1.2004385451167106,-20.000000000000007
-0.532330411233653,1.2004385451167106,-20.000000000000007
-0.532330411233653,1.2004385451167103,-20.000000000000007
-0.5301155025692635,1.2056640669816727,-20.000000000000007
-0.48272637990795547,1.3641288523701305,-20.000000000000007
-0.3718441712794215,1.4956452407604084,-20.000000000000007
-0.3607510472235762,1.4999714155790793,-20.000000000000007
-0.36092172728204125,1.4975028253536085,-20.000000000000007
-0.2909864358299067,1.5839273016702229,-20.000000000000007
-0.2817879916501446,1.4999219417366934,-20.000000000000007
-0.2992599492840615,1.563841822766749,-20.000000000000007
-0.3009948583963467,1.5466343500334578,-20.000000000000007
-0.3255329926422619,1.4988619098291651,-20.000000000000007
-0.37803519921158024,1.496290167070609,-20.000000000000007
-0.3397953000560535,1.499779913228464,-20.000000000000007
-0.4198704288745153,1.4687786305799846,-20.000000000000007
-0.4051919422478655,1.5019112332619386,-20.000000000000007
-0.40400122217514717,1.4956358227644329,-20.000000000000007
-0.4358413012244261,1.4053482139120987,-20.000000000000007
-0.3924299211841602,1.5031427438573841,-20.000000000000007
-0.4600718214762429,1.3847182340568933,-20.000000000000007
-0.42530768631222315,1.431972880241302,-20.000000000000007
-0.4560881611541447,1.3931597667732103,-20.000000000000007
-0.44437757073356376,1.4337746637233781,-20.000000000000007
-0.4247907700138044,1.4281143609209916,-20.000000000000007
-0.49871004776491284,1.3814065465761,-20.000000000000007
-0.4407478287191296,1.4283109463701285,-20.000000000000007
-0.5041978584900977,1.4064813590096201,-20.000000000000007
-0.4646700174515386,1.35128660833053,-20.000000000000007
-0.41420826064981886,1.5077130120167697,-20.000000000000007
-0.4194256593864786,1.4718678959298597,-20.000000000000007
-0.35333801996953895,1.5009273931387146,-20.000000000000007
-0.417915231194246,1.4955254951461119,-20.000000000000007
-0.48232434509734895,1.3630202642670304,-20.000000000000007
-0.5289860104040626,1.2778264168377929,-20.000000000000007
-0.5295595045931815,1.2823809919045397,-20.000000000000007
-0.5297503346443707,1.212264122898538,-20.000000000000007
-0.5299466660305467,1.204836350856735,-20.000000000000007
-0.5299466660305467,1.204836350856735,-20.000000000000007
-0.5299466660305466,1.2048363508567348,-20.000000000000007
-0.5299466660305466,1.204836350856735,-20.000000000000007
-0.5299466660305467,1.204836350856735,-20.000000000000007
-0.5299466660305466,1.204836350856735,-20.000000000000007
-0.5299466660305466,1.204836350856735,-20.000000000000007
-0.5299466660305466,1.204836350856735,-20.000000000000007
-0.5299466660305467,1.204836350856735,-20.000000000000007
-0.5299466660305467,1.204836350856735,-20.000000000000007
-0.5297503346443708,1.212264122898538,-20.000000000000007
-0.5281431868301882,1.2165607624366275,-20.000000000000007
-0.4951162208494819,1.3878411014337162,-20.000000000000007
-0.4446799593373008,1.4361635676591016,-20.000000000000007
-0.4169577678159391,1.5186533915515206,-20.000000000000007
-0.4151786059017254,1.513056680890138,-20.000000000000007
-0.41515498221243746,1.5130978580348395,-20.000000000000007
-0.4199623612939492,1.466685338437607,-20.000000000000007
-0.4295811816743361,1.4131356851216414,-20.000000000000007
-0.4297695451773479,1.4111761814433308,-20.000000000000007
-0.43878415164994716,1.4344274013971907,-20.000000000000007
-0.44295906605766644,1.443182040407602,-20.000000000000007
-0.4600718214762429,1.3847182340568935,-20.000000000000007
-0.47119961715418174,1.3413273417909959,-20.000000000000007
-0.48255718373605166,1.364785916580488,-20.000000000000007
-0.4826536726572763,1.3633754803819995,-20.000000000000007
-0.492636365334285,1.3853877821083982,-20.000000000000007
-0.5018280465710236,1.3931392460245569,-20.000000000000007
-0.5031896692861658,1.3992352022419925,-20.000000000000007
-0.503212265219969,1.3994810739815944,-20.000000000000007
-0.5001952192316529,1.3886088020140595,-20.000000000000007
-0.5051064680329468,1.419569294193178,-20.000000000000007
-0.5172709190448234,1.2654194786669573,-20.000000000000007
-0.5254980536761399,1.2176626580664645,-20.000000000000007
-0.5051064680329468,1.419569294193178,-20.000000000000007
-0.4841087910329645,1.3585766327166393,-20.000000000000007
-0.41797008734268787,1.5174227630654675,-20.000000000000007
-0.40387054282155316,1.4935518777175183,-20.000000000000007
-0.4068816327020164,1.4996860993427672,-20.000000000000007
-0.4628141454016097,1.3558103753856126,-20.000000000000007
-0.5279110239171594,1.2121225487555725,-20.000000000000007
-0.5323304112336531,1.2004385451167103,-20.000000000000007
-0.5323304112336531,1.2004385451167106,-20.000000000000007
-0.5323304112336531,1.2004385451167106,-20.000000000000007
-0.5323304112336531,1.2004385451167106,-20.000000000000007
-0.532330411233653,1.2004385451167106,-20.000000000000007
-0.532330411233653,1.2004385451167106,-20.000000000000007
-0.5323304112336531,1.2004385451167106,-20.000000000000007
-0.5323304112336531,1.2004385451167103,-20.000000000000007
-0.532330411233653,1.2004385451167103,-20.000000000000007
-0.532330411233653,1.2004385451167106,-20.000000000000007
-0.5323304112336531,1.2004385451167103,-20.000000000000007
-0.5323304112336531,1.2004385451167106,-20.000000000000007
-0.5323304112336531,1.2004385451167106,-20.000000000000007
-0.532330411233653,1.2004385451167106,-20.000000000000007
-0.527795488214079,1.2124005322736182,-20.000000000000007
-0.4193566632331573,1.4904278997443694,-20.000000000000007
-0.3874323207114572,1.4992984024991411,-20.000000000000007
-0.3197653496069857,1.4973233178312668,-20.000000000000007
-0.2966667426066949,1.5888926601251467,-20.000000000000007
-0.27552963855276336,1.575636613138193,-20.000000000000007
-0.3054493395984941,1.5083550434456754,-20.000000000000007
-0.3119272047605737,1.502515726175723,-20.000000000000007
-0.3403473147270113,1.4994018011620058,-20.000000000000007
-0.41678917270065746,1.5191746111829545,-20.000000000000007
-0.3925872695416028,1.5029903417346706,-20.000000000000007
-0.4719719500239513,1.3384104896314466,-20.000000000000007
-0.44535022786668255,1.4392928139416388,-20.000000000000007
-0.42749718709340534,1.4199493661549167,-20.000000000000007
-0.47272924224620694,1.3360518179417178,-20.000000000000007
-0.4270788008002621,1.4193645286977654,-20.000000000000007
-0.504748278577544,1.4086405966549125,-20.000000000000007
-0.4641993042697366,1.3470978143577326,-20.000000000000007
-0.44645025480527173,1.4354228207780448,-20.000000000000007
-0.4625716950558423,1.3619303015947377,-20.000000000000007
-0.4184659913540571,1.5125447850773956,-20.000000000000007
-0.5052506849700894,1.4195104561321856,-20.000000000000007
-0.46393387496197586,1.3472332067786725,-20.000000000000007
-0.5093797705812422,1.359458132097366,-20.000000000000007
-0.5001952192316528,1.3886088020140592,-20.000000000000007
-0.4298601532446462,1.4106743909602097,-20.000000000000007
-0.4451732802803798,1.434151676796222,-20.000000000000007
-0.37486411678593856,1.4929899074146535,-20.000000000000007
-0.43980177605864224,1.430027341288424,-20.000000000000007
-0.4915030907169665,1.3817734165948992,-20.000000000000007
-0.5289860104040625,1.2778264168377929,-20.000000000000007
-0.5295595045931815,1.2823809919045397,-20.000000000000007
-0.5297041217148499,1.21301548104457,-20.000000000000007
-0.5299466660305467,1.204836350856735,-20.000000000000007
-0.5323304112336531,1.2004385451167106,-20.000000000000007
-0.532330411233653,1.2004385451167103,-20.000000000000007
-0.5323304112336531,1.2004385451167106,-20.000000000000007
-0.5323304112336531,1.2004385451167103,-20.000000000000007
-0.5323304112336531,1.2004385451167106,-20.000000000000007
-0.5323304112336531,1.2004385451167106,-20.000000000000007
-0.5323304112336531,1.2004385451167106,-20.000000000000007
-0.5323304112336531,1.2004385451167103,-20.000000000000007
-0.532330411233653,1.2004385451167106,-20.000000000000007
-0.532330411233653,1.2004385451167106,-20.000000000000007
-0.532330411233653,1.2004385451167106,-20.000000000000007
-0.4864626389817346,1.356778216072476,-20.000000000000007
-0.4161129492981589,1.511810164803249,-20.000000000000007
-0.3441379793245111,1.4979553148310636,-20.000000000000007
-0.34256647021388703,1.4979796862355903,-20.000000000000007
-0.27908581884652184,1.4629854224262329,-20.000000000000007
-0.2689145148419332,1.730791778439581,-20.000000000000007
-0.3021215202698111,1.5362892984224135,-20.000000000000007
-0.33907581149442884,1.5002759578270477,-20.000000000000007
-0.3821723805552568,1.5012677776691572,-20.000000000000007
-0.3730482958766082,1.494050000369986,-20.000000000000007
-0.3820305314523756,1.5014244105458374,-20.000000000000007
-0.41955943461383427,1.4884916535744863,-20.000000000000007
-0.4262911104756447,1.4215647388126949,-20.000000000000007
-0.4846506471195696,1.3544008651745698,-20.000000000000007
-0.47847966643058115,1.3509523370295424,-20.000000000000007
-0.4408598223537496,1.4288271119990057,-20.000000000000007
-0.4736070529172935,1.339369496649575,-20.000000000000007
-0.4572466674123137,1.3898138268536,-20.000000000000007
-0.5051064680329467,1.419569294193178,-20.000000000000007
-0.5207855488057339,1.2516961948959888,-20.000000000000007
-0.4871191587876643,1.3630624993008853,-20.000000000000007
-0.485308633792196,1.3558068217984263,-20.000000000000007
-0.4567077931488299,1.3827771500641295,-20.000000000000007
-0.4826536726572763,1.3633754803819995,-20.000000000000007
-0.47774971932776455,1.3495138226228875,-20.000000000000007
-0.4618903118204168,1.3639390912959644,-20.000000000000007
-0.46399409395998303,1.3468484123077162,-20.000000000000007
-0.4842022454923105,1.3586575128104845,-20.000000000000007
-0.5304984915078199,1.2039376218488713,-20.000000000000007
-0.5323304112336531,1.2004385451167103,-20.000000000000007
-0.532330411233653,1.2004385451167103,-20.000000000000007
-0.532330411233653,1.2004385451167106,-20.000000000000007
-0.532330411233653,1.2004385451167106,-20.000000000000007
-0.532330411233653,1.2004385451167106,-20.000000000000007
-0.532330411233653,1.2004385451167106,-20.000000000000007
-0.532330411233653,1.2004385451167106,-20.000000000000007
-0.5323304112336531,1.2004385451167106,-20.000000000000007
-0.5323304112336531,1.2004385451167106,-20.000000000000007
-0.5323304112336531,1.2004385451167103,-20.000000000000007
-0.532330411233653,1.2004385451167106,-20.000000000000007
-0.5323304112336531,1.2004385451167103,-20.000000000000007
-0.532330411233653,1.2004385451167103,-20.000000000000007
-0.5323304112336531,1.2004385451167106,-20.000000000000007
-0.5051179460114003,1.417652734553845,-20.000000000000007
-0.4038680853064463,1.4923228234903876,-20.000000000000007
-0.3848913330349596,1.500721929875241,-20.000000000000007
-0.3071821076049665,1.5118522251275395,-20.000000000000007
-0.3189021243353356,1.4932315558916645,-20.000000000000007
-0.2847667536329253,1.5329115731342657,-20.000000000000007
-0.27904186158521965,1.4658209857437952,-20.000000000000007
-0.333526371451081,1.497245998445873,-20.000000000000007
-0.3179667630369377,1.4970899085288838,-20.000000000000007
-0.40954679854234405,1.5006911280172055,-20.000000000000007
-0.4136158371737487,1.5037045177792077,-20.000000000000007
-0.4273402825911611,1.4193253485395685,-20.000000000000007
-0.44353334462925165,1.4447324548186562,-20.000000000000007
-0.3938858522112767,1.5018424445147063,-20.000000000000007
-0.46084516072106385,1.37699250114062,-20.000000000000007
-0.4363225869980603,1.4084614313278734,-20.000000000000007
-0.4784533362643614,1.3512705026771752,-20.000000000000007
-0.4702992622782436,1.3444635031476497,-20.000000000000007
-0.4036178459193165,1.4959899729637758,-20.000000000000007
-0.4615386298151075,1.3707762733073514,-20.000000000000007
-0.42524974163345103,1.4276760047249037,-20.000000000000007
-0.5051179460114001,1.4176527345538452,-20.000000000000007
-0.5001952192316528,1.3886088020140595,-20.000000000000007
-0.47283804590716383,1.3344192763904494,-20.000000000000007
-0.5088927457533952,1.3664230241247488,-20.000000000000007
-0.44122786636934674,1.4352668375105866,-20.000000000000007
-0.4618953387567287,1.366186065248416,-20.000000000000007
-0.45518904751309475,1.388652890895649,-20.000000000000007
-0.4392179438775836,1.4311351390514735,-20.000000000000007
-0.5012483484169905,1.3892268051255714,-20.000000000000007
-0.5289860104040625,1.2778264168377926,-20.000000000000007
-0.5295595045931815,1.2823809919045397,-20.000000000000007
-0.5297041217148499,1.21301548104457,-20.000000000000007
-0.5297503346443707,1.2122641228985378,-20.000000000000007
-0.5299466660305467,1.2048363508567348,-20.000000000000007
-0.5299466660305467,1.204836350856735,-20.000000000000007
-0.5299466660305467,1.204836350856735,-20.000000000000007
-0.5299466660305466,1.204836350856735,-20.000000000000007
-0.5299466660305466,1.204836350856735,-20.000000000000007
-0.5297503346443707,1.2122641228985378,-20.000000000000007
-0.5297503346443708,1.212264122898538,-20.000000000000007
-0.52970412171485,1.2130154810445701,-20.000000000000007
-0.5295595045931816,1.28238099190454,-20.000000000000007
-0.4469396672231607,1.432657762602098,-20.000000000000007
-0.3361275505201459,1.5000374592022492,-20.000000000000007
-0.24406813897134633,1.8320885388102743,-20.000000000000007
-0.2209064721413755,1.9372251416090738,-20.000000000000007
-0.22765097951254287,1.9241020799037791,-20.000000000000007
-0.2568736638232097,1.7712959687337775,-20.000000000000007
-0.29552573585960845,1.590654831089676,-20.000000000000007
-0.305600882632128,1.5082985154036388,-20.000000000000007
-0.3448327800125811,1.4971473366729904,-20.000000000000007
-0.33516021722012057,1.4993323514641297,-20.000000000000007
-0.35909646256378536,1.4983167346070845,-20.000000000000007
-0.3499692752907272,1.5020624912109135,-20.000000000000007
-0.36062930290907436,1.4984783808188569,-20.000000000000007
-0.3777853172481094,1.4964320191970926,-20.000000000000007
-0.3543833888698724,1.4992798244245256,-20.000000000000007
-0.3806901812720306,1.4999504795942187,-20.000000000000007
-0.342012738236109,1.4978986851203677,-20.000000000000007
-0.3591761828890634,1.4970636081845072,-20.000000000000007
-0.37486975982315934,1.4899419454926563,-20.000000000000007
-0.36772018009266616,1.5010873273037768,-20.000000000000007
-0.4036849902281676,1.497964382337714,-20.000000000000007
-0.3674876554993874,1.5016400505745426,-20.000000000000007
-0.3699531644838162,1.5009027355458302,-20.000000000000007
-0.3682670015412348,1.5000579174146778,-20.000000000000007
-0.3808084909401281,1.4999323673225908,-20.000000000000007
-0.3920309210953765,1.504309044174851,-20.000000000000007
-0.38455481050428425,1.5003939227014023,-20.000000000000007
-0.39989978315404323,1.4946158078620864,-20.000000000000007
-0.427379971564114,1.4206990981375007,-20.000000000000007
-0.5047333020063444,1.4173508754889435,-20.000000000000007
-0.532330411233653,1.2004385451167106,-20.000000000000007
-0.532330411233653,1.2004385451167106,-20.000000000000007
-0.5323304112336531,1.2004385451167106,-20.000000000000007
-0.5323304112336531,1.2004385451167103,-20.000000000000007
-0.5323304112336531,1.2004385451167106,-20.000000000000007
-0.5323304112336531,1.2004385451167106,-20.000000000000007
-0.5323304112336531,1.2004385451167106,-20.000000000000007
-0.5323304112336531,1.2004385451167106,-20.000000000000007
-0.532330411233653,1.2004385451167106,-20.000000000000007
-0.532330411233653,1.2004385451167103,-20.000000000000007
-0.532330411233653,1.2004385451167108,-20.000000000000007
-0.5323304112336531,1.2004385451167106,-20.000000000000007
-0.5323304112336531,1.2004385451167106,-20.000000000000007
-0.5323304112336531,1.2004385451167103,-20.000000000000007
-0.5323304112336531,1.2004385451167103,-20.000000000000007
-0.5323304112336531,1.2004385451167106,-20.000000000000007
-0.44979863980389573,1.4140743495788193,-20.000000000000007
-0.4158798581883806,1.5103905538109197,-20.000000000000007
-0.36209489564357616,1.4981793724896486,-20.000000000000007
-0.26743120158830314,1.7588110840655822,-20.000000000000007
-0.256359786600684,1.768245810781284,-20.000000000000007
-0.2790858188465218,1.4629854224262329,-20.000000000000007
-0.2926173299946784,1.5866558748438624,-20.000000000000007
-0.33753418580151295,1.4999125360925678,-20.000000000000007
-0.3825615658553513,1.5034713655915128,-20.000000000000007
-0.37886982270688435,1.4990941434741805,-20.000000000000007
-0.4429757307083144,1.4457792117889483,-20.000000000000007
-0.4248018337707302,1.4318332586716906,-20.000000000000007
-0.44628859494371026,1.4364253098763973,-20.000000000000007
-0.44273991167618487,1.4439134827335032,-20.000000000000007
-0.4112722436447683,1.496798665544841,-20.000000000000007
-0.46396650514259463,1.351610523073289,-20.000000000000007
-0.42779858400895404,1.4240992496590135,-20.000000000000007
-0.4850033218528451,1.3539792118014353,-20.000000000000007
-0.4794820486048189,1.3562034443476785,-20.000000000000007
-0.46166202234007314,1.3653859949722933,-20.000000000000007
-0.5043148457231501,1.4115430487866387,-20.000000000000007
-0.46160235299466723,1.3662005391197916,-20.000000000000007
-0.5250663996218177,1.2139508466213074,-20.000000000000007
-0.4898710963696795,1.3817454975784491,-20.000000000000007
-0.4573621820598911,1.408766094574924,-20.000000000000007
-0.44156794133376864,1.4327907085540397,-20.000000000000007
-0.38933479606252874,1.5014274675618888,-20.000000000000007
-0.4432197161562041,1.4442310916114525,-20.000000000000007
-0.5032356840080213,1.4028809081898714,-20.000000000000007
-0.5300079310451384,1.2794635503343166,-20.000000000000007
-0.529437954164768,1.2200644634874849,-20.000000000000007
-0.5297503346443708,1.212264122898538,-20.000000000000007
-0.5299466660305466,1.204836350856735,-20.000000000000007
-0.5323304112336531,1.2004385451167106,-20.000000000000007
-0.5323304112336531,1.2004385451167106,-20.000000000000007
-0.5323304112336531,1.2004385451167106,-20.000000000000007
-0.532330411233653,1.2004385451167103,-20.000000000000007
-0.532330411233653,1.2004385451167106,-20.000000000000007
-0.5299466660305467,1.204836350856735,-20.000000000000007
-0.5323304112336531,1.2004385451167106,-20.000000000000007
-0.5299466660305467,1.204836350856735,-20.000000000000007
-0.5299466660305466,1.2048363508567348,-20.000000000000007
-0.5299466660305467,1.2048363508567348,-20.000000000000007
-0.5051064680329467,1.419569294193178,-20.000000000000007
-0.4489295667765625,1.4193674195658232,-20.000000000000007
-0.38445106893713027,1.4982344480076049,-20.000000000000007
-0.30684952852952047,1.5113498949978776,-20.000000000000007
-0.2873997390940624,1.5520020262216159,-20.000000000000007
-0.24839688949667688,1.782053170988344,-20.000000000000007
-0.25683304333921547,1.7714910356285514,-20.000000000000007
-0.25524064328010465,1.7695258837127656,-20.000000000000007
-0.31123972958586055,1.4996814048370224,-20.000000000000007
-0.31123972958586055,1.4996814048370224,-20.000000000000007
-0.31744702432634936,1.4976847057689449,-20.000000000000007
-0.38777002563208957,1.500760444906367,-20.000000000000007
-0.36075468729110527,1.4993088952398637,-20.000000000000007
-0.4296595392731747,1.4082260330654586,-20.000000000000007
-0.42119807158234407,1.4602178019994139,-20.000000000000007
-0.3926550849621131,1.5023949703342347,-20.000000000000007
-0.44965514187318273,1.4149807829306535,-20.000000000000007
-0.38387415595822016,1.4999385089122508,-20.000000000000007
-0.4612461227408047,1.3683552353866084,-20.000000000000007
-0.4277985840089541,1.4240992496590135,-20.000000000000007
-0.41127224364476833,1.4967986655448413,-20.000000000000007
-0.45724666741231373,1.3898138268536002,-20.000000000000007
-0.39417960143027375,1.499785853152987,-20.000000000000007
-0.5018280465710236,1.3931392460245569,-20.000000000000007
-0.46170612140108863,1.365032367831447,-20.000000000000007
-0.436111163040461,1.406433885899426,-20.000000000000007
-0.4435193376509596,1.4406815040165821,-20.000000000000007
-0.4042428098951602,1.4922465134027711,-20.000000000000007
-0.48238912950024515,1.36571714076466,-20.000000000000007
-0.53049849150782,1.2039376218488715,-20.000000000000007
-0.5323304112336531,1.2004385451167106,-20.000000000000007
-0.5323304112336531,1.2004385451167106,-20.000000000000007
-0.5323304112336531,1.2004385451167103,-20.000000000000007
-0.5323304112336531,1.2004385451167106,-20.000000000000007
-0.5323304112336531,1.2004385451167106,-20.000000000000007
-0.532330411233653,1.2004385451167103,-20.000000000000007
-0.5323304112336531,1.2004385451167103,-20.000000000000007
-0.5323304112336531,1.2004385451167106,-20.000000000000007
-0.5323304112336531,1.20043854511671,-20.000000000000007
-0.5323304112336531,1.2004385451167106,-20.000000000000007
-0.5323304112336531,1.2004385451167106,-20.000000000000007
-0.5323304112336531,1.2004385451167103,-20.000000000000007
-0.5323304112336531,1.2004385451167106,-20.000000000000007
-0.5323304112336531,1.2004385451167103,-20.000000000000007
-0.4844443900133982,1.3545319409582817,-20.000000000000007
-0.4347931705114798,1.402987296415199,-20.000000000000007
-0.35816562388504,1.5004755960783376,-20.000000000000007
-0.30247817569536267,1.5318790309140429,-20.000000000000007
-0.2914827834365298,1.5844646701641913,-20.000000000000007
-0.27908581884652184,1.4629854224262329,-20.000000000000007
-0.3276888274243007,1.5010552093838072,-20.000000000000007
-0.3308514621441179,1.4979801254333684,-20.000000000000007
-0.3670514933254406,1.5011107389204879,-20.000000000000007
-0.3892113018342856,1.4997537378964054,-20.000000000000007
-0.41320675942742136,1.4989851348729377,-20.000000000000007
-0.45608816115414463,1.3931597667732103,-20.000000000000007
-0.4454378767260291,1.435942081147397,-20.000000000000007
-0.4413974854709183,1.4330219041551442,-20.000000000000007
-0.42068626923665164,1.4579544240763576,-20.000000000000007
-0.41720025240939174,1.5079831528679581,-20.000000000000007
-0.4526780428509496,1.4013396843580554,-20.000000000000007
-0.44755260070856034,1.4292955460652559,-20.000000000000007
-0.47495424546453147,1.3421468602114173,-20.000000000000007
-0.4460044522328884,1.4379589072210313,-20.000000000000007
-0.4386688183136439,1.4338464345729123,-20.000000000000007
-0.4738898942160801,1.3436751236971336,-20.000000000000007
-0.4451732802803797,1.434151676796222,-20.000000000000007
-0.5026575479903364,1.4045830836759883,-20.000000000000007
-0.47353688519420417,1.341854832773405,-20.000000000000007
-0.4268583628779281,1.4224039250352285,-20.000000000000007
-0.4272286531387566,1.4187295942763662,-20.000000000000007
-0.38185852275702337,1.4993206572335311,-20.000000000000007
-0.44321971615620404,1.4442310916114525,-20.000000000000007
-0.5040842815986409,1.4167620882043839,-20.000000000000007
-0.5295595045931816,1.2823809919045397,-20.000000000000007
-0.5299520531199348,1.2738580183114578,-20.000000000000007
-0.5297503346443708,1.212264122898538,-20.000000000000007
-0.5299466660305466,1.204836350856735,-20.000000000000007
-0.532330411233653,1.2004385451167106,-20.000000000000007
-0.5323304112336531,1.2004385451167103,-20.000000000000007
-0.5323304112336531,1.2004385451167103,-20.000000000000007
-0.5299466660305467,1.204836350856735,-20.000000000000007
-0.5299466660305466,1.204836350856735,-20.000000000000007
-0.5299466660305467,1.204836350856735,-20.000000000000007
-0.5299466660305466,1.2048363508567352,-20.000000000000007
-0.5299466660305467,1.2048363508567352,-20.000000000000007
-0.5299466660305467,1.204836350856735,-20.000000000000007
-0.5299466660305466,1.204836350856735,-20.000000000000007
-0.5253323883300978,1.225575663582696,-20.000000000000007
-0.4583484357189694,1.3979108189317075,-20.000000000000007
-0.3580806977004157,1.500907536179386,-20.000000000000007
-0.3186535225903018,1.4959430523424797,-20.000000000000007
-0.2483972458155718,1.782685881474711,-20.000000000000007
-0.2801598476979634,1.4819241385848267,-20.000000000000007
-0.3016998656622373,1.5368452349579071,-20.000000000000007
-0.38223941677052864,1.5009154350315543,-20.000000000000007
-0.4124923511557129,1.4981139519180744,-20.000000000000007
-0.46003154190943324,1.3852220913568352,-20.000000000000007
-0.4789931446383313,1.3528264569599566,-20.000000000000007
-0.5035365122950217,1.4120353503732714,-20.000000000000007
-0.5099491811725644,1.3408263320161578,-20.000000000000007
-0.5220378309445974,1.2915656031923466,-20.000000000000007
-0.5252373852515165,1.290772543237822,-20.000000000000007
-0.5295595045931815,1.28238099190454,-20.000000000000007
-0.5295595045931816,1.28238099190454,-20.000000000000007
-0.5297041217148499,1.2130154810445701,-20.000000000000007
-0.5299466660305466,1.204836350856735,-20.000000000000007
-0.532330411233653,1.2004385451167106,-20.000000000000007
-0.532330411233653,1.2004385451167106,-20.000000000000007
-0.532330411233653,1.2004385451167106,-20.000000000000007
-0.5323304112336531,1.2004385451167106,-20.000000000000007
-0.5323304112336531,1.2004385451167106,-20.000000000000007
-0.5299466660305467,1.2048363508567348,-20.000000000000007
-0.5051179460114001,1.417652734553845,-20.000000000000007
-0.5051064680329467,1.419569294193178,-20.000000000000007
-0.44316633213833423,1.4443340720638553,-20.000000000000007
-0.48966761469071285,1.389618683226579,-20.000000000000007
-0.532330411233653,1.2004385451167106,-20.000000000000007
-0.5323304112336531,1.2004385451167103,-20.000000000000007
-0.5323304112336531,1.2004385451167103,-20.000000000000007
-0.5323304112336531,1.2004385451167103,-20.000000000000007
-0.532330411233653,1.2004385451167106,-20.000000000000007
-0.532330411233653,1.2004385451167103,-20.000000000000007
-0.5323304112336531,1.2004385451167106,-20.000000000000007
-0.532330411233653,1.2004385451167106,-20.000000000000007
-0.532330411233653,1.2004385451167106,-20.000000000000007
-0.5299466660305467,1.204836350856735,-20.000000000000007
-0.5299466660305467,1.204836350856735,-20.000000000000007
-0.5299466660305467,1.2048363508567348,-20.000000000000007
-0.5323304112336531,1.2004385451167103,-20.000000000000007
-0.532330411233653,1.2004385451167103,-20.000000000000007
-0.5043148457231502,1.4115430487866387,-20.000000000000007
-0.4181251078973187,1.5090662852791998,-20.000000000000007
-0.4035848310858544,1.4952416525702594,-20.000000000000007
-0.3782742334969737,1.496333394176538,-20.000000000000007
-0.3637353409223545,1.497415284624843,-20.000000000000007
-0.34938806048250676,1.4991325541611564,-20.000000000000007
-0.2961945278231154,1.59084146665522,-20.000000000000007
-0.29263471218956816,1.586700535477885,-20.000000000000007
-0.31639397569943034,1.4967174416503983,-20.000000000000007
-0.346365490877088,1.4964540309968968,-20.000000000000007
-0.381696762037004,1.4990334879521314,-20.000000000000007
-0.4091731509036077,1.5014362910637573,-20.000000000000007
-0.42751469656361074,1.4196203792162625,-20.000000000000007
-0.43491610969327354,1.4045508180568105,-20.000000000000007
-0.4612461227408046,1.3683552353866086,-20.000000000000007
-0.4465853482110817,1.4350800796751024,-20.000000000000007
-0.4790354804959442,1.355003380136057,-20.000000000000007
-0.48145547885584894,1.3596166402257095,-20.000000000000007
-0.4745033943804443,1.3396565300160306,-20.000000000000007
-0.5175911302218911,1.2632342435428727,-20.000000000000007
-0.5018280465710235,1.3931392460245569,-20.000000000000007
-0.5279110239171593,1.2121225487555727,-20.000000000000007
-0.5279110239171593,1.2121225487555725,-20.000000000000007
-0.529060228322083,1.2123914008227317,-20.000000000000007
-0.5323304112336531,1.2004385451167103,-20.000000000000007
-0.5253965869481101,1.217543292639443,-20.000000000000007
-0.49934035567936097,1.38610278594986,-20.000000000000007
-0.4464595200063456,1.4334947776636608,-20.000000000000007
-0.4166805272159163,1.5187958044609238,-20.000000000000007
-0.4461083110999886,1.4371256362416163,-20.000000000000007
-0.5049066874434758,1.4231995729922269,-20.000000000000007
-0.5295595045931815,1.28238099190454,-20.000000000000007
-0.5297041217148499,1.2130154810445701,-20.000000000000007
-0.5299466660305466,1.204836350856735,-20.000000000000007
-0.5323304112336531,1.2004385451167106,-20.000000000000007
-0.5323304112336531,1.2004385451167106,-20.000000000000007
-0.5323304112336531,1.2004385451167106,-20.000000000000007
-0.5323304112336531,1.2004385451167106,-20.000000000000007
-0.5323304112336531,1.2004385451167106,-20.000000000000007
-0.532330411233653,1.2004385451167106,-20.000000000000007
-0.5323304112336531,1.2004385451167106,-20.000000000000007
-0.5323304112336531,1.2004385451167106,-20.000000000000007
-0.5323304112336531,1.2004385451167103,-20.000000000000007
-0.5323304112336531,1.2004385451167103,-20.000000000000007
-0.5323304112336531,1.2004385451167106,-20.000000000000007
-0.532330411233653,1.2004385451167106,-20.000000000000007
-0.4710196205491097,1.3407914473588103,-20.000000000000007
-0.4363153481291884,1.408055388642253,-20.000000000000007
-0.34982269500336527,1.50074470334275,-20.000000000000007
-0.28700393950669345,1.5498935715364712,-20.000000000000007
-0.25375436341010527,1.7681209896518113,-20.000000000000007
-0.2568736638232097,1.7712959687337775,-20.000000000000007
-0.27924578578716913,1.4694856505555505,-20.000000000000007
-0.35748379793167323,1.501901791989191,-20.000000000000007
-0.3772024658050779,1.4963460166081206,-20.000000000000007
-0.359755242976879,1.4962930782723993,-20.000000000000007
-0.41806475600269644,1.5063311345446366,-20.000000000000007
-0.39989978315404323,1.4946158078620864,-20.000000000000007
-0.455504743974447,1.3786597285602522,-20.000000000000007
-0.4783615895102718,1.351811692441208,-20.000000000000007
-0.4461736864866584,1.4376936844574546,-20.000000000000007
-0.4608426530366725,1.3777740564837146,-20.000000000000007
-0.4475267974498,1.4307267376529609,-20.000000000000007
-0.4728380459071637,1.3344192763904492,-20.000000000000007
-0.508892745753395,1.3664230241247486,-20.000000000000007
-0.5279110239171594,1.2121225487555725,-20.000000000000007
-0.4827263799079555,1.3641288523701305,-20.000000000000007
-0.5207855488057338,1.2516961948959888,-20.000000000000007
-0.508892745753395,1.3664230241247486,-20.000000000000007
-0.48231893747234705,1.3688437324249967,-20.000000000000007
-0.5042525376813354,1.4105663131622963,-20.000000000000007
-0.44730624482696435,1.4319835832756198,-20.000000000000007
-0.44752679744980006,1.4307267376529609,-20.000000000000007
-0.5051179460114003,1.4176527345538452,-20.000000000000007
-0.5323304112336531,1.2004385451167103,-20.000000000000007
-0.5323304112336531,1.2004385451167103,-20.000000000000007
-0.532330411233653,1.2004385451167103,-20.000000000000007
-0.532330411233653,1.2004385451167106,-20.000000000000007
-0.5323304112336531,1.2004385451167106,-20.000000000000007
-0.532330411233653,1.2004385451167103,-20.000000000000007
-0.532330411233653,1.2004385451167106,-20.000000000000007
-0.5323304112336531,1.2004385451167103,-20.000000000000007
-0.5323304112336531,1.2004385451167103,-20.000000000000007
-0.5323304112336531,1.2004385451167106,-20.000000000000007
-0.532330411233653,1.2004385451167106,-20.000000000000007
-0.532330411233653,1.2004385451167106,-20.000000000000007
-0.5299466660305467,1.204836350856735,-20.000000000000007
-0.5299466660305467,1.204836350856735,-20.000000000000007
-0.5299264579467299,1.2058296236911354,-20.000000000000007
-0.4612461227408046,1.3683552353866086,-20.000000000000007
-0.41311207179146575,1.498876202790738,-20.000000000000007
-0.3518989666175711,1.4983172129402893,-20.000000000000007
-0.2567799843169308,1.7718874768254966,-20.000000000000007
-0.24894779568029932,1.7654260612210055,-20.000000000000007
-0.21931127683429325,1.9346143139864111,-20.000000000000007
-0.28132352876836003,1.4958962719169135,-20.000000000000007
-0.29000577578610515,1.5760040613306034,-20.000000000000007
-0.3044973574094767,1.5071316866766933,-20.000000000000007
-0.3619837347410956,1.4978494306682457,-20.000000000000007
-0.36131065036314225,1.4966177127222449,-20.000000000000007
-0.43622060187575273,1.4088349774994404,-20.000000000000007
-0.4361729875855443,1.407998956115246,-20.000000000000007
-0.42681643636788397,1.4234842117942106,-20.000000000000007
-0.44065867556108174,1.4295562972806737,-20.000000000000007
-0.4069327435054152,1.5002402430317212,-20.000000000000007
-0.4723093066189815,1.3373631044558603,-20.000000000000007
-0.44977224413166716,1.4150485234205001,-20.000000000000007
-0.4937187997504077,1.3847740993798021,-20.000000000000007
-0.4728380459071637,1.3344192763904494,-20.000000000000007
-0.44630092242072195,1.4365721590174776,-20.000000000000007
-0.5109469047518174,1.3448934500078802,-20.000000000000007
-0.4618362914584617,1.363183606472567,-20.000000000000007
-0.5196212251200913,1.2594935084343843,-20.000000000000007
-0.5001952192316529,1.3886088020140595,-20.000000000000007
-0.42868511354280514,1.4273035116266066,-20.000000000000007
-0.4359376217666142,1.4052944884469165,-20.000000000000007
-0.4048916999407074,1.4996331861566616,-20.000000000000007
-0.46065111177738793,1.3799105355996557,-20.000000000000007
-0.5085372702483278,1.3720287006241227,-20.000000000000007
-0.5300079310451383,1.2794635503343164,-20.000000000000007
-0.5297041217148499,1.21301548104457,-20.000000000000007
-0.5299466660305466,1.204836350856735,-20.000000000000007
-0.5299466660305466,1.204836350856735,-20.000000000000007
-0.5323304112336531,1.2004385451167103,-20.000000000000007
-0.5323304112336531,1.2004385451167106,-20.000000000000007
-0.5323304112336531,1.2004385451167106,-20.000000000000007
-0.5323304112336531,1.2004385451167106,-20.000000000000007
-0.5299466660305467,1.204836350856735,-20.000000000000007
-0.5323304112336531,1.2004385451167106,-20.000000000000007
-0.532330411233653,1.2004385451167106,-20.000000000000007
-0.5323304112336531,1.2004385451167103,-20.000000000000007
-0.5323304112336531,1.2004385451167106,-20.000000000000007
-0.5299466660305466,1.2048363508567348,-20.000000000000007
-0.46124612274080456,1.3683552353866084,-20.000000000000007
-0.40917096847474604,1.5010474970012597,-20.000000000000007
-0.3287274384093685,1.497338010691583,-20.000000000000007
-0.26701742554047175,1.764751658231838,-20.000000000000007
-0.22029259161325185,1.9400072866747107,-20.000000000000007
-0.23090645405062976,1.9115449702339888,-20.000000000000007
-0.2833956926911652,1.5216054649451893,-20.000000000000007
-0.2790418615852196,1.4658209857437952,-20.000000000000007
-0.39182138056550153,1.5029582732991817,-20.000000000000007
-0.37717817308368634,1.4962173749861485,-20.000000000000007
-0.3921814661859082,1.5058846395048346,-20.000000000000007
-0.4456937441060929,1.4454913546388042,-20.000000000000007
-0.38445106893713027,1.4982344480076049,-20.000000000000007
-0.46448151338354965,1.3483371697604283,-20.000000000000007
-0.4288479420497591,1.4159563769229735,-20.000000000000007
-0.4465853482110818,1.4350800796751022,-20.000000000000007
-0.47615196096811696,1.3416071936044278,-20.000000000000007
-0.44351933765095963,1.4406815040165821,-20.000000000000007
-0.5053837849916604,1.4161145466017013,-20.000000000000007
-0.4391162704287066,1.4291224575809944,-20.000000000000007
-0.4917783335786802,1.3850494309511383,-20.000000000000007
-0.4639338749619758,1.3472332067786725,-20.000000000000007
-0.47264979359540293,1.3355224808704982,-20.000000000000007
-0.5157218074748557,1.2831256824593757,-20.000000000000007
-0.4388376151458415,1.4322722379896393,-20.000000000000007
-0.44600625806718575,1.439400820571491,-20.000000000000007
-0.4130625125966636,1.4987245436518832,-20.000000000000007
-0.4344074020515928,1.4029351676830635,-20.000000000000007
-0.5096471999018263,1.3539510097180343,-20.000000000000007
-0.5323304112336531,1.2004385451167106,-20.000000000000007
-0.532330411233653,1.2004385451167106,-20.000000000000007
-0.532330411233653,1.2004385451167106,-20.000000000000007
-0.532330411233653,1.2004385451167106,-20.000000000000007
-0.532330411233653,1.2004385451167106,-20.000000000000007
-0.532330411233653,1.2004385451167106,-20.000000000000007
-0.532330411233653,1.2004385451167103,-20.000000000000007
-0.5323304112336531,1.2004385451167103,-20.000000000000007
-0.5323304112336531,1.2004385451167103,-20.000000000000007
-0.5299466660305467,1.2048363508567348,-20.000000000000007
-0.5323304112336531,1.2004385451167103,-20.000000000000007
-0.532330411233653,1.2004385451167106,-20.000000000000007
-0.5323304112336531,1.2004385451167103,-20.000000000000007
-0.5323304112336531,1.2004385451167108,-20.000000000000007
-0.5299466660305467,1.2048363508567348,-20.000000000000007
-0.5053837849916603,1.4161145466017013,-20.000000000000007
-0.4359270371523498,1.405362694204653,-20.000000000000007
-0.3991468129636579,1.4952815548434848,-20.000000000000007
-0.30665786529941236,1.5118064236641413,-20.000000000000007
-0.2790858188465218,1.4629854224262329,-20.000000000000007
-0.25276036444532335,1.7515370979857026,-20.000000000000007
-0.28476675363292536,1.5329115731342657,-20.000000000000007
-0.2918357680561176,1.5867651757425003,-20.000000000000007
-0.3875414726980162,1.5005517718563046,-20.000000000000007
-0.3704707140719725,1.4991898564902975,-20.000000000000007
-0.3824771704611071,1.5041332660194568,-20.000000000000007
-0.4298556852539507,1.4098622791016073,-20.000000000000007
-0.3934925749951621,1.5015975750140442,-20.000000000000007
-0.4725128553636237,1.3364305826585388,-20.000000000000007
-0.4388376151458415,1.4322722379896395,-20.000000000000007
-0.4565390225060386,1.3831875802874907,-20.000000000000007
-0.4612443521289842,1.3693432334904427,-20.000000000000007
-0.41895352255374985,1.4979991861952324,-20.000000000000007
-0.48222879314599976,1.3700743183707424,-20.000000000000007
-0.41781368648287215,1.518409261021481,-20.000000000000007
-0.4649239891864876,1.347244928372425,-20.000000000000007
-0.479035389255432,1.3549928675967005,-20.000000000000007
-0.45554450677163194,1.3788901311458153,-20.000000000000007
-0.5039462148179048,1.4086247296553573,-20.000000000000007
-0.4410099044831637,1.4295891429463068,-20.000000000000007
-0.4142082606498189,1.5077130120167694,-20.000000000000007
-0.40091176553280244,1.4966088343728103,-20.000000000000007
-0.4029806472016541,1.4975907286114079,-20.000000000000007
-0.46310378918747375,1.3538161751369742,-20.000000000000007
-0.5248215345218101,1.2923594775663412,-20.000000000000007
-0.5295595045931816,1.28238099190454,-20.000000000000007
-0.52970412171485,1.21301548104457,-20.000000000000007
-0.5297041217148499,1.21301548104457,-20.000000000000007
-0.5297041217148499,1.2130154810445701,-20.000000000000007
-0.5297041217148499,1.21301548104457,-20.000000000000007
-0.5297041217148499,1.2130154810445701,-20.000000000000007
-0.5297041217148499,1.2130154810445701,-20.000000000000007
-0.5297041217148499,1.21301548104457,-20.000000000000007
-0.5297041217148499,1.2130154810445701,-20.000000000000007
-0.5299466660305467,1.204836350856735,-20.000000000000007
-0.5323304112336531,1.2004385451167106,-20.000000000000007
-0.532330411233653,1.2004385451167103,-20.000000000000007
-0.5323304112336531,1.2004385451167106,-20.000000000000007
-0.532330411233653,1.2004385451167103,-20.000000000000007
-0.4848059735638665,1.3551653642623467,-20.000000000000007
-0.45608816115414474,1.39315976677321,-20.000000000000007
-0.36802243437009363,1.499071055324335,-20.000000000000007
-0.29246705089233516,1.584911256572012,-20.000000000000007
-0.2549335022414257,1.7718608969257508,-20.000000000000007
-0.22903447707550284,1.9276403862238336,-20.000000000000007
-0.27949001996943235,1.4682209696905222,-20.000000000000007
-0.28691984093655143,1.5494559971188626,-20.000000000000007
-0.36479419752938963,1.498441530210701,-20.000000000000007
-0.35795725276414436,1.500488181588144,-20.000000000000007
-0.365229200870848,1.5001680553406842,-20.000000000000007
-0.42051567293879655,1.4665617152341603,-20.000000000000007
-0.39383011914013405,1.5005027472288621,-20.000000000000007
-0.47177217801264815,1.3382008702602068,-20.000000000000007
-0.44628308087144425,1.4362832873211355,-20.000000000000007
-0.4293997958609807,1.4111493874708587,-20.000000000000007
-0.44579465182352024,1.443205027156338,-20.000000000000007
-0.41895352255374985,1.4979991861952322,-20.000000000000007
-0.49316313840242637,1.3841932390400669,-20.000000000000007
-0.46492398918648764,1.3472449283724253,-20.000000000000007
-0.5030650532025364,1.3972817309933077,-20.000000000000007
-0.48760590859425246,1.3666043285068663,-20.000000000000007
-0.4618362914584617,1.3631836064725669,-20.000000000000007
-0.5053837849916604,1.416114546601701,-20.000000000000007
-0.464000007176997,1.3481165939858704,-20.000000000000007
-0.4643478509720979,1.346604370871528,-20.000000000000007
-0.46181736944995605,1.3686473559317092,-20.000000000000007
-0.4755281718113472,1.338222871893145,-20.000000000000007
-0.5264289096574399,1.2185204327980292,-20.000000000000007
-0.5323304112336531,1.2004385451167106,-20.000000000000007
-0.5323304112336531,1.2004385451167103,-20.000000000000007
-0.5323304112336531,1.2004385451167106,-20.000000000000007
-0.5323304112336531,1.2004385451167106,-20.000000000000007
-0.532330411233653,1.2004385451167106,-20.000000000000007
-0.532330411233653,1.2004385451167106,-20.000000000000007
-0.5323304112336531,1.2004385451167106,-20.000000000000007
-0.532330411233653,1.2004385451167106,-20.000000000000007
-0.532330411233653,1.2004385451167106,-20.000000000000007
-0.5323304112336531,1.2004385451167106,-20.000000000000007
-0.532330411233653,1.2004385451167106,-20.000000000000007
-0.532330411233653,1.2004385451167106,-20.000000000000007
-0.532330411233653,1.2004385451167103,-20.000000000000007
-0.532330411233653,1.2004385451167103,-20.000000000000007
-0.5290602283220829,1.2123914008227317,-20.000000000000007
-0.4587296406585648,1.3918436087249995,-20.000000000000007
-0.3878440849189916,1.5002141264935784,-20.000000000000007
-0.37065988775694003,1.4942784458338605,-20.000000000000007
-0.30090946037999944,1.546021876493033,-20.000000000000007
-0.30665786529941236,1.5118064236641413,-20.000000000000007
-0.3112397295858605,1.4996814048370224,-20.000000000000007
-0.302284612604165,1.5342534149599454,-20.000000000000007
-0.3748641167859385,1.4929899074146535,-20.000000000000007
-0.35934820192803957,1.4968989499049326,-20.000000000000007
-0.4001402991879546,1.4954804166003903,-20.000000000000007
-0.4044000785146338,1.4935944589599124,-20.000000000000007
-0.374639603064142,1.4931007471219575,-20.000000000000007
-0.443620453713887,1.438025809747087,-20.000000000000007
-0.41024621360640606,1.496455566728748,-20.000000000000007
-0.47016536448706586,1.3436701478189153,-20.000000000000007
-0.44379887726494294,1.4362614823367876,-20.000000000000007
-0.40497032859665166,1.5011965328211596,-20.000000000000007
-0.46081053663631694,1.3776463237260455,-20.000000000000007
-0.40448929964816294,1.4961879247861816,-20.000000000000007
-0.4903029261464698,1.3948330266224684,-20.000000000000007
-0.4637778196333592,1.3507256547142568,-20.000000000000007
-0.4436978324268029,1.4368142773107135,-20.000000000000007
-0.4731135418248279,1.3416396772761248,-20.000000000000007
-0.4000034522616736,1.4960335559100115,-20.000000000000007
-0.4272286531387566,1.4187295942763662,-20.000000000000007
-0.39989912386985776,1.4960582215293687,-20.000000000000007
-0.3722956004475374,1.4956377437669928,-20.000000000000007
-0.41595847215746184,1.5194794373674088,-20.000000000000007
-0.4600718214762429,1.3847182340568935,-20.000000000000007
-0.5265138839480393,1.29189033984595,-20.000000000000007
-0.5295595045931816,1.2823809919045397,-20.000000000000007
-0.52970412171485,1.2130154810445704,-20.000000000000007
-0.5299466660305466,1.2048363508567348,-20.000000000000007
-0.5299466660305466,1.204836350856735,-20.000000000000007
-0.5323304112336529,1.2004385451167103,-20.000000000000007
-0.5323304112336531,1.2004385451167106,-20.000000000000007
-0.5323304112336531,1.2004385451167106,-20.000000000000007
-0.5323304112336531,1.2004385451167103,-20.000000000000007
-0.5299466660305467,1.2048363508567348,-20.000000000000007
-0.5299466660305467,1.204836350856735,-20.000000000000007
-0.5299466660305466,1.2048363508567348,-20.000000000000007
-0.5299466660305467,1.2048363508567348,-20.000000000000007
-0.5299466660305467,1.204836350856735,-20.000000000000007
-0.5113716723569953,1.343280286770595,-20.000000000000007
-0.4161840132448265,1.51196027403015,-20.000000000000007
-0.39251799271322996,1.5019864303452861,-20.000000000000007
-0.36375530222138125,1.4974201722118572,-20.000000000000007
-0.30090946037999944,1.546021876493033,-20.000000000000007
-0.3240703682614469,1.5004050334805525,-20.000000000000007
-0.3392169711676881,1.5009612784332746,-20.000000000000007
-0.38425971478371573,1.4996515180861028,-20.000000000000007
-0.4409624157461387,1.429027909473672,-20.000000000000007
-0.4451480651460037,1.4340834426782805,-20.000000000000007
-0.485374707389737,1.360929521064957,-20.000000000000007
-0.483713212983278,1.3699179222750184,-20.000000000000007
-0.5077416559711635,1.360417010156827,-20.000000000000007
-0.504199903993205,1.407174112397478,-20.000000000000007
-0.5171010403886892,1.3061490436845438,-20.000000000000007
-0.5108245799488002,1.3505305838605919,-20.000000000000007
-0.52492300124984,1.292478842993362,-20.000000000000007
-0.524993346125092,1.2904920982680284,-20.000000000000007
-0.5280513047749972,1.2755914071461307,-20.000000000000007
-0.5289860104040625,1.2778264168377929,-20.000000000000007
-0.5278362928687368,1.275177778908341,-20.000000000000007
-0.5278362928687368,1.2751777789083412,-20.000000000000007
-0.5278362928687369,1.2751777789083412,-20.000000000000007
-0.5279159377776228,1.2748789666926252,-20.000000000000007
-0.5280513047749972,1.2755914071461305,-20.000000000000007
-0.5289860104040625,1.2778264168377929,-20.000000000000007
-0.5034269827391067,1.399143996358065,-20.000000000000007
-0.5030650532025365,1.3972817309933079,-20.000000000000007
-0.44579465182352024,1.443205027156338,-20.000000000000007
-0.41611294929815884,1.5118101648032491,-20.000000000000007
-0.3887647470475654,1.4972392932328138,-20.000000000000007
-0.33173313433336027,1.4983375307887024,-20.000000000000007
-0.24822454325258736,1.7764930818461981,-20.000000000000007
-0.17825534106184446,1.5837285229747722,-20.000000000000007
-0.12962373824809628,1.5255562980702628,-20.000000000000007
-0.12612832293323067,1.5235850837677125,-20.000000000000007
-0.12756711120681585,1.5208065143620628,-20.000000000000007
-0.12942838191366207,1.5266195020865654,-20.000000000000007
-0.1296237382480963,1.525556298070263,-20.000000000000007
-0.1350079976204999,1.4901723146345818,-20.000000000000007
-0.13496593015556188,1.4904004997731792,-20.000000000000007
-0.14975414285615304,1.435613454864934,-20.000000000000007
-0.14975414285615307,1.435613454864934,-20.000000000000007
-0.14975414285615307,1.4356134548649337,-20.000000000000007
-0.18037490339096798,1.5624216849117094,-20.000000000000007
-0.14975414285615307,1.435613454864934,-20.000000000000007
-0.18226034594502277,1.575240624019803,-20.000000000000007
-0.17950911580190798,1.5810607140359072,-20.000000000000007
-0.1822603459450228,1.575240624019803,-20.000000000000007
-0.19209041430059665,1.6012310609863811,-20.000000000000007
-0.18226034594502277,1.575240624019803,-20.000000000000007
-0.20587468808445006,1.7697390646642217,-20.000000000000007
-0.18837473412143405,1.5733779606841163,-20.000000000000007
-0.20404430865962883,1.7471900021231157,-20.000000000000007
-0.20473650305093238,1.7580889424488189,-20.000000000000007
-0.18842511370101273,1.5738540301251946,-20.000000000000007
-0.21827512813214564,1.9327711581825624,-20.000000000000007
-0.18226034594502277,1.575240624019803,-20.000000000000007
-0.20587468808445003,1.7697390646642217,-20.000000000000007
-0.19303815211615682,1.6120202560143866,-20.000000000000007
-0.1894245325731731,1.5791548760255545,-20.000000000000007
-0.22117610000737897,1.937196569906587,-20.000000000000007
-0.18837473412143407,1.573377960684116,-20.000000000000007
-0.2215118615830844,1.9376978287696403,-20.000000000000007
-0.19901831809068027,1.6780788633052999,-20.000000000000007
-0.21248581540885628,1.8494513296839532,-20.000000000000007
-0.2259544067033732,1.9324083385227475,-20.000000000000007
-0.18888897604606414,1.5748627885679043,-20.000000000000007
-0.22959559270852006,1.9265005679165845,-20.000000000000007
-0.26265581566097085,1.7662539257102818,-20.000000000000007
-0.3153968549395482,1.494593949100369,-20.000000000000007
-0.3538022041258557,1.4991163306524218,-20.000000000000007
-0.3926082212615885,1.5028205917281163,-20.000000000000007
-0.39915379526732886,1.4963498053709685,-20.000000000000007
-0.36540161297837,1.4997570678125416,-20.000000000000007
-0.3214214162386842,1.498668806217446,-20.000000000000007
-0.24235616464673962,1.8482118997688322,-20.000000000000007
-0.14975414285615307,1.435613454864934,-20.000000000000007
-0.12684286767579064,1.5197244813100856,-20.000000000000007
-0.12684286767579064,1.5197244813100856,-20.000000000000007
-0.12684286767579067,1.5197244813100859,-20.000000000000007
-0.12684286767579064,1.5197244813100856,-20.000000000000007
-0.13162334867738157,1.512553191202664,-20.000000000000007
-0.13162334867738157,1.512553191202664,-20.000000000000007
-0.13523645424514372,1.4956132648969094,-20.000000000000007
-0.13559501490126286,1.4971204706629226,-20.000000000000007
-0.13766089245675403,1.4109848407592605,-20.000000000000007
-0.16226514651890211,1.4799780943445653,-20.000000000000007
-0.16015086704143033,1.4658572207674505,-20.000000000000007
-0.17950911580190798,1.5810607140359074,-20.000000000000007
-0.17716407672167844,1.5760687284044748,-20.000000000000007
-0.179509115801908,1.5810607140359072,-20.000000000000007
-0.1822603459450228,1.575240624019803,-20.000000000000007
-0.18226034594502277,1.5752406240198034,-20.000000000000007
-0.20404430865962883,1.7471900021231155,-20.000000000000007
-0.1888889760460642,1.5748627885679043,-20.000000000000007
-0.2011724582994196,1.7057620812394532,-20.000000000000007
-0.18888897604606417,1.5748627885679038,-20.000000000000007
-0.18226034594502277,1.5752406240198031,-20.000000000000007
-0.1894245325731731,1.5791548760255547,-20.000000000000007
-0.1811061921972143,1.5615965088310686,-20.000000000000007
-0.2011724582994196,1.7057620812394534,-20.000000000000007
-0.18885818653230285,1.5776548930151266,-20.000000000000007
-0.18842511370101275,1.5738540301251949,-20.000000000000007
-0.1956903181330773,1.6387809844399341,-20.000000000000007
-0.18226034594502277,1.575240624019803,-20.000000000000007
-0.2040443086596288,1.7471900021231155,-20.000000000000007
-0.18837473412143407,1.573377960684116,-20.000000000000007
-0.1894245325731731,1.5791548760255547,-20.000000000000007
-0.18888897604606414,1.5748627885679038,-20.000000000000007
-0.18226034594502277,1.5752406240198031,-20.000000000000007
-0.2040443086596288,1.7471900021231153,-20.000000000000007
-0.1921316796418578,1.601157285926516,-20.000000000000007
-0.27914544614590814,1.4625375266331022,-20.000000000000007
-0.3474796820464537,1.499814070652313,-20.000000000000007
-0.39792865679093276,1.4969715862758153,-20.000000000000007
-0.4533797374981223,1.390489797421323,-20.000000000000007
-0.45337973749812244,1.3904897974213233,-20.000000000000007
-0.4160893256088709,1.5118513419479505,-20.000000000000007
-0.3536395595198728,1.4997595091713518,-20.000000000000007
-0.25506359321069094,1.766354976251576,-20.000000000000007
-0.14975414285615302,1.435613454864934,-20.000000000000007
-0.1254040801820389,1.5225047004235046,-20.000000000000007
-0.1254040794022055,1.5225030507157356,-20.000000000000007
-0.12540407940220547,1.5225030507157356,-20.000000000000007
-0.12540407940220547,1.522503050715735,-20.000000000000007
-0.12962373824809628,1.525556298070263,-20.000000000000007
-0.13160506288298887,1.5132325960306732,-20.000000000000007
-0.13496593015556188,1.4904004997731792,-20.000000000000007
-0.13559501490126286,1.4971204706629224,-20.000000000000007
-0.13505647193701792,1.4933154606281194,-20.000000000000007
-0.14975415741304388,1.4356391577721634,-20.000000000000007
-0.13766089245675406,1.4109848407592605,-20.000000000000007
-0.16015086704143033,1.4658572207674503,-20.000000000000007
-0.1735996436780998,1.5552621540346738,-20.000000000000007
-0.16015086704143033,1.4658572207674503,-20.000000000000007
-0.18226034594502277,1.5752406240198031,-20.000000000000007
-0.17716407672167847,1.5760687284044743,-20.000000000000007
-0.18837473412143407,1.573377960684116,-20.000000000000007
-0.18226034594502277,1.5752406240198031,-20.000000000000007
-0.179509115801908,1.5810607140359072,-20.000000000000007
-0.18911923876494982,1.5756732257028958,-20.000000000000007
-0.17950911580190798,1.5810607140359072,-20.000000000000007
-0.18888897604606417,1.5748627885679038,-20.000000000000007
-0.18250173051842533,1.5731434678747531,-20.000000000000007
-0.1822603459450228,1.5752406240198031,-20.000000000000007
-0.18942453257317313,1.5791548760255547,-20.000000000000007
-0.1811061921972143,1.5615965088310682,-20.000000000000007
-0.20336587397443143,1.7364901842809184,-20.000000000000007
-0.18837473412143407,1.573377960684116,-20.000000000000007
-0.18888897604606414,1.5748627885679038,-20.000000000000007
-0.1891192387649498,1.5756732257028956,-20.000000000000007
-0.1811061921972143,1.5615965088310682,-20.000000000000007
-0.20131094924455953,1.7056980742635646,-20.000000000000007
-0.18040437186688577,1.561176753585045,-20.000000000000007
-0.18911923876494982,1.5756732257028958,-20.000000000000007
-0.21110063009137864,1.8362346021145037,-20.000000000000007
-0.24755077931477928,1.7988804440720865,-20.000000000000007
-0.31782841830244407,1.497177868239544,-20.000000000000007
-0.35571381764638327,1.500501775222971,-20.000000000000007
-0.403589490070756,1.4992216185820633,-20.000000000000007
-0.41082260299214884,1.4961014357929407,-20.000000000000007
-0.37102985204739164,1.4939303834468078,-20.000000000000007
-0.31491972726217377,1.4937406159514635,-20.000000000000007
-0.22959559270852006,1.9265005679165847,-20.000000000000007
-0.13766089245675403,1.4109848407592605,-20.000000000000007
-0.12540408018203894,1.5225047004235046,-20.000000000000007
-0.1254040794022055,1.5225030507157356,-20.000000000000007
-0.12540407940220547,1.5225030507157356,-20.000000000000007
-0.12684286767579064,1.5197244813100856,-20.000000000000007
-0.12942838191366204,1.5266195020865654,-20.000000000000007
-0.13160506288298887,1.5132325960306734,-20.000000000000007
-0.13505647193701792,1.4933154606281192,-20.000000000000007
-0.13496593015556185,1.490400499773179,-20.000000000000007
-0.13634314369070832,1.4690918166037121,-20.000000000000007
-0.1377468926182409,1.4138227263361496,-20.000000000000007
-0.13766089245675406,1.4109848407592605,-20.000000000000007
-0.17337853243457835,1.5519365666422185,-20.000000000000007
-0.14975414285615304,1.4356134548649337,-20.000000000000007
-0.14975414285615307,1.4356134548649337,-20.000000000000007
-0.16015086704143036,1.4658572207674507,-20.000000000000007
-0.13766089245675406,1.4109848407592605,-20.000000000000007
-0.14975414285615307,1.4356134548649337,-20.000000000000007
-0.14969871320520373,1.437675006587023,-20.000000000000007
-0.14969871320520375,1.4376750065870232,-20.000000000000007
-0.14975414285615307,1.435613454864934,-20.000000000000007
-0.16175363895024922,1.4767475548411566,-20.000000000000007
-0.1622651465189021,1.4799780943445653,-20.000000000000007
-0.17337853243457832,1.5519365666422185,-20.000000000000007
-0.17259283802865877,1.5472393109831906,-20.000000000000007
-0.17337853243457835,1.5519365666422185,-20.000000000000007
-0.17359964367809982,1.555262154034674,-20.000000000000007
-0.17716407672167844,1.5760687284044743,-20.000000000000007
-0.17716407672167844,1.5760687284044748,-20.000000000000007
-0.17825534106184449,1.5837285229747726,-20.000000000000007
-0.1771640767216785,1.5760687284044748,-20.000000000000007
-0.17917386072802038,1.5901780441278879,-20.000000000000007
-0.17716407672167844,1.5760687284044748,-20.000000000000007
-0.17716407672167847,1.5760687284044745,-20.000000000000007
-0.1754824483155792,1.566996165209496,-20.000000000000007
-0.1822603459450228,1.575240624019803,-20.000000000000007
-0.25737871638556775,1.7712321990279583,-20.000000000000007
-0.32274458102715686,1.4995624499195084,-20.000000000000007
-0.39265508496211315,1.5023949703342345,-20.000000000000007
-0.4457241915329196,1.4402312723860076,-20.000000000000007
-0.4424333924247003,1.4438981805301045,-20.000000000000007
-0.40493233537150924,1.499354348889428,-20.000000000000007
-0.335465325373289,1.5007129522127522,-20.000000000000007
-0.2310673450614077,1.9069034785636467,-20.000000000000007
-0.1377468926182409,1.4138227263361494,-20.000000000000007
-0.12684286767579064,1.5197244813100856,-20.000000000000007
-0.12684286767579067,1.5197244813100859,-20.000000000000007
-0.1254040801820389,1.5225047004235048,-20.000000000000007
-0.1296237382480963,1.525556298070263,-20.000000000000007
-0.13160506288298887,1.5132325960306732,-20.000000000000007
-0.1322518888393985,1.505849498802996,-20.000000000000007
-0.1352364542451437,1.4956132648969092,-20.000000000000007
-0.1352364542451437,1.4956132648969094,-20.000000000000007
-0.13766089245675406,1.4109848407592605,-20.000000000000007
-0.13634314369070832,1.4690918166037121,-20.000000000000007
-0.13766089245675403,1.4109848407592602,-20.000000000000007
-0.15098649128259778,1.3992341320455806,-20.000000000000007
-0.14975415741304388,1.4356391577721637,-20.000000000000007
-0.179509115801908,1.5810607140359072,-20.000000000000007
-0.17825534106184446,1.5837285229747724,-20.000000000000007
-0.18226034594502277,1.5752406240198031,-20.000000000000007
-0.18226034594502277,1.5752406240198031,-20.000000000000007
-0.17950911580190798,1.5810607140359072,-20.000000000000007
-0.18842511370101275,1.5738540301251946,-20.000000000000007
-0.17917386072802038,1.5901780441278877,-20.000000000000007
-0.18842511370101275,1.5738540301251946,-20.000000000000007
-0.1822603459450228,1.575240624019803,-20.000000000000007
-0.18226034594502277,1.5752406240198031,-20.000000000000007
-0.18842511370101278,1.5738540301251946,-20.000000000000007
-0.1811061921972143,1.5615965088310686,-20.000000000000007
-0.18911923876494982,1.5756732257028958,-20.000000000000007
-0.18110619219721427,1.5615965088310682,-20.000000000000007
-0.18842511370101273,1.5738540301251946,-20.000000000000007
-0.1822603459450228,1.575240624019803,-20.000000000000007
-0.1822603459450228,1.5752406240198031,-20.000000000000007
-0.18942453257317313,1.5791548760255545,-20.000000000000007
-0.17917386072802038,1.5901780441278879,-20.000000000000007
-0.1894245325731731,1.5791548760255547,-20.000000000000007
-0.18837473412143405,1.573377960684116,-20.000000000000007
-0.18842511370101273,1.5738540301251946,-20.000000000000007
-0.2568330433392154,1.7714910356285511,-20.000000000000007
-0.29373953234188943,1.5964598558839993,-20.000000000000007
-0.35073966572537546,1.498515429101209,-20.000000000000007
-0.39989912386985776,1.4960582215293687,-20.000000000000007
-0.3937717528314165,1.5005899075028029,-20.000000000000007
-0.3590964625637854,1.4983167346070845,-20.000000000000007
-0.29736375401289683,1.5825723717437463,-20.000000000000007
-0.2040443086596288,1.7471900021231155,-20.000000000000007
-0.13496593015556188,1.4904004997731792,-20.000000000000007
-0.12540407940220547,1.5225030507157356,-20.000000000000007
-0.1254040801820389,1.5225047004235046,-20.000000000000007
-0.12684286767579067,1.5197244813100859,-20.000000000000007
-0.12684286767579067,1.5197244813100856,-20.000000000000007
-0.13496593015556185,1.4904004997731792,-20.000000000000007
-0.1322518888393985,1.5058494988029962,-20.000000000000007
-0.1352364542451437,1.4956132648969092,-20.000000000000007
-0.13766089245675403,1.4109848407592605,-20.000000000000007
-0.1352364542451437,1.4956132648969094,-20.000000000000007
-0.1622651465189021,1.479978094344565,-20.000000000000007
-0.1377468926182409,1.4138227263361496,-20.000000000000007
-0.17259283802865877,1.5472393109831908,-20.000000000000007
-0.17825534106184446,1.5837285229747724,-20.000000000000007
-0.16270023080057266,1.4821412217524916,-20.000000000000007
-0.18837473412143407,1.573377960684116,-20.000000000000007
-0.17359964367809982,1.555262154034674,-20.000000000000007
-0.18842511370101275,1.5738540301251949,-20.000000000000007
-0.18226034594502277,1.575240624019803,-20.000000000000007
-0.179509115801908,1.5810607140359072,-20.000000000000007
-0.18837473412143405,1.573377960684116,-20.000000000000007
-0.16015086704143036,1.4658572207674505,-20.000000000000007
-0.18842511370101278,1.573854030125195,-20.000000000000007
-0.1791738607280204,1.5901780441278879,-20.000000000000007
-0.18226034594502277,1.5752406240198031,-20.000000000000007
-0.18885818653230282,1.5776548930151266,-20.000000000000007
-0.16226514651890211,1.4799780943445653,-20.000000000000007
-0.1891192387649498,1.575673225702896,-20.000000000000007
-0.16491224342351887,1.4962079272044329,-20.000000000000007
-0.18837473412143405,1.573377960684116,-20.000000000000007
-0.1822603459450228,1.5752406240198031,-20.000000000000007
-0.17716407672167844,1.5760687284044748,-20.000000000000007
-0.18885818653230285,1.5776548930151266,-20.000000000000007
-0.15098649128259778,1.3992341320455803,-20.000000000000007
-0.18842511370101273,1.5738540301251949,-20.000000000000007
-0.1926726844752796,1.6078003855443994,-20.000000000000007
-0.2968920849827516,1.5914238204540483,-20.000000000000007
-0.3533704455900992,1.500044934326904,-20.000000000000007
-0.40349097254281546,1.4986904937477374,-20.000000000000007
-0.4649239891864876,1.3472449283724253,-20.000000000000007
-0.43917160545986533,1.4292727233241205,-20.000000000000007
-0.40947274023023383,1.5008573530643272,-20.000000000000007
-0.33924588579939996,1.4999388721770455,-20.000000000000007
-0.21911557977763285,1.92802936027999,-20.000000000000007
-0.13541503259313706,1.4948226663941324,-20.000000000000007
-0.12684286767579064,1.5197244813100856,-20.000000000000007
-0.12612832371306412,1.523586733475482,-20.000000000000007
-0.1296237382480963,1.5255562980702633,-20.000000000000007
-0.12962373824809628,1.525556298070263,-20.000000000000007
-0.1322518888393985,1.5058494988029958,-20.000000000000007
-0.13500799762049986,1.4901723146345818,-20.000000000000007
-0.13500799762049986,1.490172314634582,-20.000000000000007
-0.14896232389835787,1.441250436214657,-20.000000000000007
-0.1363431436907083,1.4690918166037121,-20.000000000000007
-0.15098649128259778,1.3992341320455803,-20.000000000000007
-0.1601508670414304,1.4658572207674503,-20.000000000000007
-0.1489623238983579,1.4412504362146568,-20.000000000000007
-0.17917386072802036,1.5901780441278879,-20.000000000000007
-0.16226514651890211,1.4799780943445653,-20.000000000000007
-0.18226034594502277,1.5752406240198031,-20.000000000000007
-0.1822603459450228,1.5752406240198031,-20.000000000000007
-0.1822603459450228,1.575240624019803,-20.000000000000007
-0.18885818653230285,1.5776548930151266,-20.000000000000007
-0.1811061921972143,1.5615965088310684,-20.000000000000007
-0.1930381521161568,1.6120202560143864,-20.000000000000007
-0.1822603459450228,1.575240624019803,-20.000000000000007
-0.18842511370101273,1.5738540301251949,-20.000000000000007
-0.18885818653230285,1.5776548930151268,-20.000000000000007
-0.179509115801908,1.5810607140359072,-20.000000000000007
-0.1988532567256356,1.6783739635447608,-20.000000000000007
-0.18226034594502277,1.575240624019803,-20.000000000000007
-0.19927599968825097,1.68201699226254,-20.000000000000007
-0.18942453257317313,1.5791548760255547,-20.000000000000007
-0.18226034594502277,1.575240624019803,-20.000000000000007
-0.20139347992708184,1.7055505241438342,-20.000000000000007
-0.17950911580190798,1.5810607140359072,-20.000000000000007
-0.1891192387649498,1.5756732257028956,-20.000000000000007
-0.1822603459450228,1.5752406240198031,-20.000000000000007
-0.18837473412143407,1.573377960684116,-20.000000000000007
-0.2201245687657412,1.9315839867608924,-20.000000000000007
-0.2553258324148163,1.768009635723492,-20.000000000000007
-0.31188909475537385,1.5031615126562896,-20.000000000000007
-0.35342566710675327,1.50090379744822,-20.000000000000007
-0.4036350301339923,1.4988828495131046,-20.000000000000007
-0.3914806371538513,1.5020314430739288,-20.000000000000007
-0.35387913229162754,1.4989608649185715,-20.000000000000007
-0.29495920399092856,1.5913305422685433,-20.000000000000007
-0.18226034594502277,1.5752406240198031,-20.000000000000007
-0.13496593015556185,1.4904004997731792,-20.000000000000007
-0.12684286767579064,1.5197244813100856,-20.000000000000007
-0.12684286767579064,1.5197244813100859,-20.000000000000007
-0.12942838191366207,1.5266195020865656,-20.000000000000007
-0.12942838191366207,1.5266195020865654,-20.000000000000007
-0.1316233486773816,1.5125531912026635,-20.000000000000007
-0.13162334867738157,1.512553191202664,-20.000000000000007
-0.1350079976204999,1.4901723146345818,-20.000000000000007
-0.1350079976204999,1.4901723146345816,-20.000000000000007
-0.13559501490126286,1.4971204706629222,-20.000000000000007
-0.13626488909486958,1.4776041952523142,-20.000000000000007
-0.13766089245675406,1.4109848407592602,-20.000000000000007
-0.13766089245675406,1.4109848407592605,-20.000000000000007
-0.14969871320520375,1.4376750065870232,-20.000000000000007
-0.14975415741304388,1.4356391577721634,-20.000000000000007
-0.1622651465189021,1.479978094344565,-20.000000000000007
-0.17337853243457835,1.5519365666422187,-20.000000000000007
-0.17426758362483646,1.5596310191219989,-20.000000000000007
-0.1754824483155792,1.566996165209496,-20.000000000000007
-0.1735996436780998,1.555262154034674,-20.000000000000007
-0.17359964367809982,1.555262154034674,-20.000000000000007
-0.16226514651890211,1.4799780943445653,-20.000000000000007
-0.1622651465189021,1.479978094344565,-20.000000000000007
-0.151885716309857,1.4022628753804087,-20.000000000000007
-0.16015086704143036,1.4658572207674503,-20.000000000000007
-0.1601508670414304,1.4658572207674505,-20.000000000000007
-0.16226514651890211,1.4799780943445653,-20.000000000000007
-0.1622651465189021,1.4799780943445653,-20.000000000000007
-0.1622651465189021,1.4799780943445653,-20.000000000000007
-0.1622651465189021,1.479978094344565,-20.000000000000007
-0.16015086704143033,1.4658572207674505,-20.000000000000007
-0.1622651465189021,1.479978094344565,-20.000000000000007
-0.16226514651890211,1.479978094344565,-20.000000000000007
-0.1735996436780998,1.5552621540346743,-20.000000000000007
-0.17716407672167847,1.5760687284044748,-20.000000000000007
-0.19316194813994036,1.6117989308347909,-20.000000000000007
-0.28326620550793913,1.5294566432080752,-20.000000000000007
-0.3379453082670526,1.4995684133214657,-20.000000000000007
-0.4091731509036076,1.501436291063757,-20.000000000000007
-0.4524892298389469,1.397164814443227,-20.000000000000007
-0.4293539327517429,1.4115305141111616,-20.000000000000007
-0.388830838776234,1.4972019532773477,-20.000000000000007
-0.30903363523530675,1.5068264433831877,-20.000000000000007
-0.1883243545418553,1.5729018912430373,-20.000000000000007
-0.13496593015556185,1.4904004997731792,-20.000000000000007
-0.1254040794022055,1.5225030507157353,-20.000000000000007
-0.12540408018203894,1.5225047004235046,-20.000000000000007
-0.12612832371306415,1.523586733475482,-20.000000000000007
-0.13162334867738157,1.512553191202664,-20.000000000000007
-0.1316233486773816,1.512553191202664,-20.000000000000007
-0.13500799762049986,1.4901723146345816,-20.000000000000007
-0.13559501490126286,1.4971204706629226,-20.000000000000007
-0.13523645424514372,1.4956132648969094,-20.000000000000007
-0.14975414285615304,1.435613454864934,-20.000000000000007
-0.1363431436907083,1.4690918166037124,-20.000000000000007
-0.16015086704143036,1.4658572207674505,-20.000000000000007
-0.16015086704143036,1.4658572207674503,-20.000000000000007
-0.15280423597603293,1.4087123965335244,-20.000000000000007
-0.18110619219721427,1.5615965088310684,-20.000000000000007
-0.16491224342351885,1.4962079272044326,-20.000000000000007
-0.1822603459450228,1.575240624019803,-20.000000000000007
-0.1804043718668858,1.5611767535850447,-20.000000000000007
-0.1811061921972143,1.5615965088310682,-20.000000000000007
-0.18837473412143402,1.5733779606841163,-20.000000000000007
-0.17950911580190804,1.5810607140359074,-20.000000000000007
-0.18885818653230282,1.5776548930151266,-20.000000000000007
-0.17950911580190795,1.5810607140359074,-20.000000000000007
-0.1822603459450228,1.575240624019803,-20.000000000000007
-0.18226034594502277,1.5752406240198031,-20.000000000000007
-0.17694296547815702,1.572743141012019,-20.000000000000007
-0.18888897604606414,1.574862788567904,-20.000000000000007
-0.180374903390968,1.5624216849117094,-20.000000000000007
-0.1894245325731731,1.5791548760255547,-20.000000000000007
-0.18885818653230285,1.5776548930151268,-20.000000000000007
-0.18226034594502277,1.575240624019803,-20.000000000000007
-0.19316194813994034,1.6117989308347904,-20.000000000000007
-0.179509115801908,1.5810607140359072,-20.000000000000007
-0.1891192387649498,1.5756732257028958,-20.000000000000007
-0.1822603459450228,1.575240624019803,-20.000000000000007
-0.18888897604606417,1.5748627885679038,-20.000000000000007
-0.2828967342021925,1.5143055952871867,-20.000000000000007
-0.326604599384395,1.4990791564302475,-20.000000000000007
-0.37928770327804306,1.4987050540374733,-20.000000000000007
-0.4258030275437949,1.4279289408310225,-20.000000000000007
-0.3999663495413308,1.4963020029078287,-20.000000000000007
-0.3545499168579156,1.4992348454070699,-20.000000000000007
-0.29358124324537654,1.5962943958935376,-20.000000000000007
-0.18837473412143407,1.573377960684116,-20.000000000000007
-0.13496593015556188,1.4904004997731792,-20.000000000000007
-0.12540408018203894,1.5225047004235046,-20.000000000000007
-0.1254040801820389,1.5225047004235046,-20.000000000000007
-0.12684286767579067,1.5197244813100856,-20.000000000000007
-0.12962373824809628,1.5255562980702626,-20.000000000000007
-0.13162334867738157,1.5125531912026637,-20.000000000000007
-0.13523645424514372,1.4956132648969092,-20.000000000000007
-0.13505647193701792,1.4933154606281192,-20.000000000000007
-0.1377468926182409,1.4138227263361496,-20.000000000000007
-0.1377468926182409,1.4138227263361496,-20.000000000000007
-0.14961452095757002,1.4408829749123402,-20.000000000000007
-0.17716407672167844,1.5760687284044745,-20.000000000000007
-0.14975415741304388,1.4356391577721634,-20.000000000000007
-0.1811061921972143,1.5615965088310684,-20.000000000000007
-0.17950911580190798,1.5810607140359074,-20.000000000000007
-0.180374903390968,1.5624216849117096,-20.000000000000007
-0.18837473412143407,1.573377960684116,-20.000000000000007
-0.17950911580190798,1.5810607140359072,-20.000000000000007
-0.18888897604606417,1.574862788567904,-20.000000000000007
-0.1811061921972143,1.5615965088310682,-20.000000000000007
-0.18226034594502283,1.575240624019803,-20.000000000000007
-0.18250173051842536,1.5731434678747531,-20.000000000000007
-0.17917386072802038,1.5901780441278879,-20.000000000000007
-0.18885818653230285,1.5776548930151268,-20.000000000000007
-0.179509115801908,1.5810607140359076,-20.000000000000007
-0.18885818653230285,1.5776548930151266,-20.000000000000007
-0.1822603459450228,1.5752406240198034,-20.000000000000007
-0.18067000068203443,1.5594198148107745,-20.000000000000007
-0.18888897604606417,1.5748627885679038,-20.000000000000007
-0.17716407672167847,1.5760687284044745,-20.000000000000007
-0.18888897604606414,1.5748627885679038,-20.000000000000007
-0.18226034594502277,1.575240624019803,-20.000000000000007
-0.18250173051842533,1.5731434678747531,-20.000000000000007
-0.18888897604606417,1.574862788567904,-20.000000000000007
-0.18226034594502277,1.5752406240198031,-20.000000000000007
-0.24129920992348686,1.863325709603576,-20.000000000000007
-0.30726411584782515,1.5093969435971006,-20.000000000000007
-0.35119000506001563,1.4989016134897557,-20.000000000000007
-0.4127558561594801,1.4979841301370085,-20.000000000000007
-0.4454853212724926,1.4389500728386961,-20.000000000000007
-0.4145731417259787,1.5041850806489454,-20.000000000000007
-0.3803373207759315,1.4992666834827812,-20.000000000000007
-0.3047031916672131,1.5060270850552289,-20.000000000000007
-0.18837473412143407,1.5733779606841163,-20.000000000000007
-0.13541503259313709,1.4948226663941324,-20.000000000000007
-0.12684286767579064,1.519724481310086,-20.000000000000007
-0.1254040801820389,1.5225047004235046,-20.000000000000007
-0.12684286767579064,1.519724481310086,-20.000000000000007
-0.12962373824809628,1.525556298070263,-20.000000000000007
-0.1296237382480963,1.525556298070263,-20.000000000000007
-0.1352364542451437,1.4956132648969094,-20.000000000000007
-0.13505647193701795,1.4933154606281194,-20.000000000000007
-0.13774689261824094,1.4138227263361496,-20.000000000000007
-0.14975414285615307,1.4356134548649337,-20.000000000000007
-0.1363431436907083,1.4690918166037121,-20.000000000000007
-0.17548244831557921,1.5669961652094955,-20.000000000000007
-0.13774689261824094,1.4138227263361496,-20.000000000000007
-0.17917386072802038,1.5901780441278877,-20.000000000000007
-0.179509115801908,1.5810607140359072,-20.000000000000007
-0.17694296547815702,1.5727431410120192,-20.000000000000007
-0.18842511370101273,1.5738540301251946,-20.000000000000007
-0.17917386072802038,1.5901780441278877,-20.000000000000007
-0.18885818653230282,1.577654893015127,-20.000000000000007
-0.18067000068203443,1.5594198148107745,-20.000000000000007
-0.17950911580190798,1.5810607140359072,-20.000000000000007
-0.1822603459450228,1.5752406240198031,-20.000000000000007
-0.1622651465189021,1.479978094344565,-20.000000000000007
-0.18885818653230285,1.5776548930151266,-20.000000000000007
-0.17917386072802036,1.5901780441278877,-20.000000000000007
-0.18837473412143407,1.573377960684116,-20.000000000000007
-0.18837473412143407,1.5733779606841163,-20.000000000000007
-0.17933485877093766,1.5832655028315092,-20.000000000000007
-0.18885818653230282,1.5776548930151266,-20.000000000000007
-0.17259283802865877,1.5472393109831906,-20.000000000000007
-0.18842511370101273,1.5738540301251946,-20.000000000000007
-0.1806700006820344,1.559419814810775,-20.000000000000007
-0.179509115801908,1.5810607140359072,-20.000000000000007
-0.18888897604606417,1.5748627885679043,-20.000000000000007
-0.16015086704143033,1.4658572207674503,-20.000000000000007
-0.2198223512704576,1.9349553125420453,-20.000000000000007
-0.28517378958035433,1.5355047244565643,-20.000000000000007
-0.32768394490978214,1.500927792557037,-20.000000000000007
-0.3846951548210681,1.4990662062643914,-20.000000000000007
-0.40298064720165416,1.497590728611408,-20.000000000000007
-0.3695116562592161,1.498920403775402,-20.000000000000007
-0.330851462144118,1.4979801254333684,-20.000000000000007
-0.2568240276198555,1.7713066462589602,-20.000000000000007
-0.1804043718668858,1.5611767535850447,-20.000000000000007
-0.13496593015556185,1.490400499773179,-20.000000000000007
-0.12684286767579064,1.5197244813100856,-20.000000000000007
-0.12684286767579064,1.5197244813100856,-20.000000000000007
-0.1296237382480963,1.5255562980702628,-20.000000000000007
-0.12962373824809628,1.5255562980702628,-20.000000000000007
-0.13496593015556185,1.4904004997731792,-20.000000000000007
-0.13496593015556185,1.490400499773179,-20.000000000000007
-0.13559501490126286,1.4971204706629224,-20.000000000000007
-0.13766089245675403,1.4109848407592602,-20.000000000000007
-0.13559501490126286,1.4971204706629226,-20.000000000000007
-0.16270023080057266,1.4821412217524916,-20.000000000000007
-0.1489623238983579,1.441250436214657,-20.000000000000007
-0.17359964367809982,1.5552621540346743,-20.000000000000007
-0.180374903390968,1.5624216849117094,-20.000000000000007
-0.16491224342351887,1.4962079272044329,-20.000000000000007
-0.17917386072802033,1.5901780441278877,-20.000000000000007
-0.151885716309857,1.4022628753804087,-20.000000000000007
-0.15098676968313507,1.3990909895297734,-20.000000000000007
-0.14975414285615307,1.4356134548649337,-20.000000000000007
-0.1497541574130439,1.4356391577721634,-20.000000000000007
-0.14969871320520373,1.437675006587023,-20.000000000000007
-0.14969871320520373,1.4376750065870232,-20.000000000000007
-0.14969871320520373,1.4376750065870232,-20.000000000000007
-0.16015086704143033,1.4658572207674505,-20.000000000000007
-0.16015086704143036,1.4658572207674503,-20.000000000000007
-0.17259283802865874,1.5472393109831906,-20.000000000000007
-0.16226514651890211,1.479978094344565,-20.000000000000007
-0.17259283802865877,1.5472393109831906,-20.000000000000007
-0.16226514651890211,1.479978094344565,-20.000000000000007
-0.16270023080057264,1.4821412217524914,-20.000000000000007
-0.16226514651890211,1.479978094344565,-20.000000000000007
-0.17259283802865877,1.5472393109831908,-20.000000000000007
-0.16491224342351887,1.4962079272044326,-20.000000000000007
-0.16491224342351885,1.4962079272044329,-20.000000000000007
-0.1617536389502492,1.4767475548411566,-20.000000000000007
-0.2050813207023781,1.7576560601736044,-20.000000000000007
-0.2878811401530732,1.5595259342746677,-20.000000000000007
-0.34958663660855693,1.499358609854784,-20.000000000000007
-0.4269848284015412,1.4208490310495427,-20.000000000000007
-0.44428321140748533,1.4360663726885032,-20.000000000000007
-0.4269848284015412,1.4208490310495427,-20.000000000000007
-0.3759835186862885,1.4908410875963352,-20.000000000000007
-0.2843016838457678,1.5549611531460619,-20.000000000000007
-0.18837473412143405,1.573377960684116,-20.000000000000007
-0.13162334867738157,1.512553191202664,-20.000000000000007
-0.1254040794022055,1.5225030507157353,-20.000000000000007
-0.12540407940220547,1.5225030507157356,-20.000000000000007
-0.1254040794022055,1.5225030507157353,-20.000000000000007
-0.1296237382480963,1.525556298070263,-20.000000000000007
-0.1296237382480963,1.5255562980702628,-20.000000000000007
-0.13496593015556188,1.4904004997731792,-20.000000000000007
-0.13559501490126286,1.4971204706629226,-20.000000000000007
-0.13523645424514372,1.4956132648969092,-20.000000000000007
-0.1509864912825978,1.3992341320455801,-20.000000000000007
-0.1377468926182409,1.4138227263361498,-20.000000000000007
-0.1601508670414304,1.4658572207674503,-20.000000000000007
-0.17259283802865877,1.5472393109831906,-20.000000000000007
-0.15280423597603296,1.4087123965335246,-20.000000000000007
-0.1822603459450228,1.575240624019803,-20.000000000000007
-0.17359964367809982,1.555262154034674,-20.000000000000007
-0.1822603459450228,1.575240624019803,-20.000000000000007
-0.180374903390968,1.5624216849117096,-20.000000000000007
-0.180374903390968,1.5624216849117096,-20.000000000000007
-0.18842511370101273,1.5738540301251946,-20.000000000000007
-0.17950911580190795,1.5810607140359072,-20.000000000000007
-0.18842511370101275,1.5738540301251946,-20.000000000000007
-0.17950911580190798,1.5810607140359074,-20.000000000000007
-0.1811061921972143,1.5615965088310682,-20.000000000000007
-0.18226034594502277,1.5752406240198031,-20.000000000000007
-0.17950911580190798,1.5810607140359072,-20.000000000000007
-0.18888897604606414,1.5748627885679038,-20.000000000000007
-0.17950911580190798,1.5810607140359076,-20.000000000000007
-0.18885818653230285,1.5776548930151266,-20.000000000000007
-0.18250173051842533,1.5731434678747531,-20.000000000000007
-0.1806700006820344,1.5594198148107745,-20.000000000000007
-0.19316194813994036,1.6117989308347906,-20.000000000000007
-0.17716407672167847,1.5760687284044745,-20.000000000000007
-0.19431423230206796,1.6246198918783432,-20.000000000000007
-0.18837473412143407,1.573377960684116,-20.000000000000007
-0.21922162412794233,1.9329791594168277,-20.000000000000007
-0.28691984093655143,1.5494559971188624,-20.000000000000007
-0.32705219333625435,1.5000760491849014,-20.000000000000007
-0.38754147269801614,1.5005517718563046,-20.000000000000007
-0.40703640507465566,1.4995321775411483,-20.000000000000007
-0.3846927471503152,1.4997074757134519,-20.000000000000007
-0.33988129262716155,1.4997980466899805,-20.000000000000007
-0.2663272463037574,1.762946761849392,-20.000000000000007
-0.18226034594502277,1.575240624019803,-20.000000000000007
-0.13496593015556185,1.490400499773179,-20.000000000000007
-0.12684286767579067,1.5197244813100856,-20.000000000000007
-0.12684286767579064,1.5197244813100856,-20.000000000000007
-0.1296237382480963,1.5255562980702626,-20.000000000000007
-0.13160506288298887,1.5132325960306734,-20.000000000000007
-0.13496593015556185,1.490400499773179,-20.000000000000007
-0.13559501490126288,1.4971204706629226,-20.000000000000007
-0.13559501490126288,1.4971204706629226,-20.000000000000007
-0.13766089245675406,1.4109848407592605,-20.000000000000007
-0.1489623238983579,1.4412504362146572,-20.000000000000007
-0.14969871320520373,1.4376750065870232,-20.000000000000007
-0.17259283802865877,1.5472393109831908,-20.000000000000007
-0.16226514651890211,1.479978094344565,-20.000000000000007
-0.17825534106184446,1.5837285229747722,-20.000000000000007
-0.17950911580190798,1.5810607140359074,-20.000000000000007
-0.17950911580190798,1.5810607140359074,-20.000000000000007
-0.18837473412143407,1.5733779606841163,-20.000000000000007
-0.18250173051842533,1.5731434678747531,-20.000000000000007
-0.18885818653230285,1.5776548930151266,-20.000000000000007
-0.18837473412143402,1.5733779606841163,-20.000000000000007
-0.18067000068203443,1.5594198148107745,-20.000000000000007
-0.1811061921972143,1.5615965088310682,-20.000000000000007
-0.180374903390968,1.5624216849117096,-20.000000000000007
-0.1822603459450228,1.575240624019803,-20.000000000000007
-0.18226034594502277,1.575240624019803,-20.000000000000007
-0.1822603459450228,1.575240624019803,-20.000000000000007
-0.1804043718668858,1.5611767535850447,-20.000000000000007
-0.1811061921972143,1.5615965088310684,-20.000000000000007
-0.18226034594502277,1.575240624019803,-20.000000000000007
-0.18226034594502277,1.575240624019803,-20.000000000000007
-0.18842511370101275,1.5738540301251946,-20.000000000000007
-0.18220996636544412,1.5747645545787246,-20.000000000000007
-0.1822603459450228,1.575240624019803,-20.000000000000007
-0.18226034594502283,1.575240624019803,-20.000000000000007
-0.1883243545418553,1.5729018912430375,-20.000000000000007
-0.23425954664377294,1.9298998664915572,-20.000000000000007
-0.29582246303505283,1.593194791777449,-20.000000000000007
-0.3544729132773764,1.5001266531871873,-20.000000000000007
-0.4131120717914658,1.4988762027907383,-20.000000000000007
-0.42939979586098076,1.411149387470859,-20.000000000000007
-0.4034579608286871,1.4971104340934205,-20.000000000000007
-0.34373984923044365,1.4989622543411958,-20.000000000000007
-0.253178855171161,1.7537149539383066,-20.000000000000007
-0.16226514651890211,1.479978094344565,-20.000000000000007
-0.12962373824809628,1.525556298070263,-20.000000000000007
-0.12540407940220547,1.5225030507157353,-20.000000000000007
-0.12540407940220547,1.5225030507157356,-20.000000000000007
-0.12684286767579064,1.5197244813100859,-20.000000000000007
-0.12684286767579064,1.5197244813100859,-20.000000000000007
-0.13496593015556185,1.490400499773179,-20.000000000000007
-0.13496593015556185,1.4904004997731792,-20.000000000000007
-0.14969871320520375,1.4376750065870232,-20.000000000000007
-0.14975415741304388,1.4356391577721637,-20.000000000000007
-0.1509864912825978,1.3992341320455806,-20.000000000000007
-0.18226034594502277,1.575240624019803,-20.000000000000007
-0.17259283802865877,1.5472393109831906,-20.000000000000007
-0.18837473412143402,1.5733779606841163,-20.000000000000007
-0.1888889760460642,1.5748627885679043,-20.000000000000007
-0.18888897604606417,1.5748627885679038,-20.000000000000007
-0.20587468808445006,1.7697390646642217,-20.000000000000007
-0.18888897604606417,1.574862788567904,-20.000000000000007
-0.20429629129942256,1.750957634344255,-20.000000000000007
-0.18911923876494982,1.5756732257028956,-20.000000000000007
-0.20587468808445003,1.7697390646642217,-20.000000000000007
-0.21248743473298978,1.8569242044846717,-20.000000000000007
-0.18911923876494982,1.5756732257028958,-20.000000000000007
-0.21248743473298978,1.8569242044846717,-20.000000000000007
-0.18842511370101273,1.5738540301251946,-20.000000000000007
-0.21248743473298978,1.8569242044846719,-20.000000000000007
-0.21360194623286555,1.8673221988459976,-20.000000000000007
-0.20605444437085113,1.7696012826284684,-20.000000000000007
-0.2192287461517709,1.9347618641061415,-20.000000000000007
-0.18885818653230285,1.5776548930151266,-20.000000000000007
-0.2050813207023781,1.7576560601736042,-20.000000000000007
-0.18888897604606417,1.574862788567904,-20.000000000000007
-0.20705829646613283,1.7802697173622037,-20.000000000000007
-0.21297145694215705,1.8551211557628875,-20.000000000000007
-0.18888897604606414,1.574862788567904,-20.000000000000007
-0.21898340119425475,1.9294106496791947,-20.000000000000007
-0.24894779568029934,1.7654260612210055,-20.000000000000007
-0.31000854111562254,1.5027754990022921,-20.000000000000007
-0.36651662503383353,1.500711337873801,-20.000000000000007
-0.40703640507465566,1.4995321775411479,-20.000000000000007
-0.4114682005159357,1.4962469105342788,-20.000000000000007
-0.37739340298588575,1.4977591044857692,-20.000000000000007
-0.3203808484722661,1.499979012100762,-20.000000000000007
-0.24894779568029934,1.7654260612210055,-20.000000000000007
-0.1822603459450228,1.5752406240198031,-20.000000000000007
-0.13774689261824094,1.4138227263361494,-20.000000000000007
-0.13766089245675403,1.4109848407592605,-20.000000000000007
-0.13774689261824094,1.4138227263361496,-20.000000000000007
-0.1509864912825978,1.3992341320455806,-20.000000000000007
-0.1617536389502492,1.4767475548411564,-20.000000000000007
-0.1617536389502492,1.4767475548411566,-20.000000000000007
-0.16491224342351885,1.4962079272044326,-20.000000000000007
-0.16015086704143036,1.4658572207674503,-20.000000000000007
-0.16015086704143036,1.4658572207674503,-20.000000000000007
-0.16226514651890211,1.479978094344565,-20.000000000000007
-0.16015086704143036,1.4658572207674503,-20.000000000000007
-0.1622651465189021,1.4799780943445653,-20.000000000000007
-0.16491224342351885,1.4962079272044329,-20.000000000000007
-0.17917386072802038,1.5901780441278879,-20.000000000000007
-0.18037490339096798,1.5624216849117096,-20.000000000000007
-0.18226034594502277,1.575240624019803,-20.000000000000007
-0.1822603459450228,1.575240624019803,-20.000000000000007
-0.179509115801908,1.5810607140359072,-20.000000000000007
-0.179509115801908,1.5810607140359074,-20.000000000000007
-0.17917386072802038,1.5901780441278874,-20.000000000000007
-0.179509115801908,1.5810607140359072,-20.000000000000007
-0.179509115801908,1.5810607140359072,-20.000000000000007
-0.18037490339096804,1.5624216849117096,-20.000000000000007
-0.17933485877093766,1.5832655028315095,-20.000000000000007
-0.18110619219721427,1.5615965088310682,-20.000000000000007
-0.1822603459450228,1.5752406240198034,-20.000000000000007
-0.18226034594502277,1.5752406240198031,-20.000000000000007
-0.18226034594502277,1.5752406240198034,-20.000000000000007
-0.179509115801908,1.5810607140359072,-20.000000000000007
-0.17933485877093763,1.5832655028315095,-20.000000000000007
-0.17716407672167847,1.576068728404475,-20.000000000000007
-0.1754824483155792,1.566996165209496,-20.000000000000007
-0.17716407672167847,1.5760687284044748,-20.000000000000007
-0.17694296547815702,1.5727431410120187,-20.000000000000007
-0.17950911580190798,1.5810607140359072,-20.000000000000007
-0.26072921083364087,1.769022872286035,-20.000000000000007
-0.3291803428876813,1.4984685167471805,-20.000000000000007
-0.3888447141576334,1.4975895382854485,-20.000000000000007
-0.42105663754581013,1.460100678633876,-20.000000000000007
-0.40203043406479033,1.4949744435221417,-20.000000000000007
-0.3444404771304598,1.4974923821094697,-20.000000000000007
-0.27812012263664043,1.564326052095951,-20.000000000000007
-0.18885818653230285,1.5776548930151266,-20.000000000000007
-0.1352364542451437,1.4956132648969094,-20.000000000000007
-0.1316233486773816,1.512553191202664,-20.000000000000007
-0.12962373824809628,1.525556298070263,-20.000000000000007
-0.13496593015556185,1.490400499773179,-20.000000000000007
-0.1350079976204999,1.4901723146345818,-20.000000000000007
-0.13766089245675403,1.4109848407592607,-20.000000000000007
-0.14896232389835787,1.4412504362146572,-20.000000000000007
-0.13634314369070832,1.469091816603712,-20.000000000000007
-0.15098649128259778,1.3992341320455806,-20.000000000000007
-0.13766089245675406,1.4109848407592605,-20.000000000000007
-0.16491224342351885,1.4962079272044326,-20.000000000000007
-0.16175363895024922,1.4767475548411564,-20.000000000000007
-0.1377468926182409,1.4138227263361494,-20.000000000000007
-0.17259283802865877,1.5472393109831908,-20.000000000000007
-0.16015086704143033,1.4658572207674503,-20.000000000000007
-0.18226034594502277,1.575240624019803,-20.000000000000007
-0.18250173051842533,1.5731434678747531,-20.000000000000007
-0.18250173051842536,1.573143467874753,-20.000000000000007
-0.18837473412143407,1.5733779606841163,-20.000000000000007
-0.17694296547815702,1.572743141012019,-20.000000000000007
-0.1822603459450228,1.5752406240198031,-20.000000000000007
-0.179509115801908,1.5810607140359072,-20.000000000000007
-0.1822603459450228,1.575240624019803,-20.000000000000007
-0.18837473412143405,1.573377960684116,-20.000000000000007
-0.17716407672167844,1.5760687284044748,-20.000000000000007
-0.18837473412143407,1.573377960684116,-20.000000000000007
-0.17917386072802038,1.5901780441278879,-20.000000000000007
-0.18842511370101275,1.5738540301251946,-20.000000000000007
-0.18842511370101275,1.5738540301251946,-20.000000000000007
-0.1811061921972143,1.5615965088310682,-20.000000000000007
-0.18837473412143405,1.5733779606841163,-20.000000000000007
-0.16491224342351885,1.4962079272044329,-20.000000000000007
-0.18226034594502277,1.575240624019803,-20.000000000000007
-0.17950911580190798,1.5810607140359072,-20.000000000000007
-0.18067000068203443,1.5594198148107747,-20.000000000000007
-0.18837473412143407,1.573377960684116,-20.000000000000007
-0.2290344770755029,1.9276403862238338,-20.000000000000007
-0.27883499269971623,1.4728625517255738,-20.000000000000007
-0.3294188469422362,1.4978339644349514,-20.000000000000007
-0.3830137749652151,1.501788687746279,-20.000000000000007
-0.3710298520473916,1.493930383446808,-20.000000000000007
-0.34560423048456934,1.497771229075358,-20.000000000000007
-0.2794991150368445,1.4679593827854813,-20.000000000000007
-0.18837473412143405,1.5733779606841163,-20.000000000000007
-0.13559501490126288,1.4971204706629226,-20.000000000000007
-0.13160506288298887,1.5132325960306734,-20.000000000000007
-0.1296237382480963,1.5255562980702633,-20.000000000000007
-0.1322518888393985,1.505849498802996,-20.000000000000007
-0.13496593015556185,1.4904004997731792,-20.000000000000007
-0.13559501490126286,1.4971204706629226,-20.000000000000007
-0.1489623238983579,1.441250436214657,-20.000000000000007
-0.13766089245675406,1.4109848407592605,-20.000000000000007
-0.14975414285615307,1.4356134548649337,-20.000000000000007
-0.13766089245675406,1.4109848407592605,-20.000000000000007
-0.14975414285615307,1.4356134548649337,-20.000000000000007
-0.14975414285615304,1.435613454864934,-20.000000000000007
-0.13559501490126286,1.4971204706629224,-20.000000000000007
-0.17259283802865877,1.5472393109831908,-20.000000000000007
-0.17337853243457835,1.5519365666422185,-20.000000000000007
-0.18226034594502277,1.5752406240198034,-20.000000000000007
-0.18837473412143405,1.573377960684116,-20.000000000000007
-0.1822603459450228,1.5752406240198031,-20.000000000000007
-0.18226034594502277,1.575240624019803,-20.000000000000007
-0.1754824483155792,1.5669961652094957,-20.000000000000007
-0.1822603459450228,1.5752406240198031,-20.000000000000007
-0.17917386072802038,1.5901780441278877,-20.000000000000007
-0.17825534106184446,1.5837285229747722,-20.000000000000007
-0.17950911580190804,1.5810607140359074,-20.000000000000007
-0.16015086704143036,1.4658572207674505,-20.000000000000007
-0.18037490339096798,1.5624216849117096,-20.000000000000007
-0.17716407672167847,1.5760687284044745,-20.000000000000007
-0.17917386072802038,1.5901780441278879,-20.000000000000007
-0.1811061921972143,1.5615965088310684,-20.000000000000007
-0.16270023080057264,1.4821412217524914,-20.000000000000007
-0.17917386072802036,1.5901780441278877,-20.000000000000007
-0.1617536389502492,1.4767475548411566,-20.000000000000007
-0.17359964367809982,1.555262154034674,-20.000000000000007
-0.16491224342351885,1.4962079272044326,-20.000000000000007
-0.14975414285615304,1.4356134548649337,-20.000000000000007
-0.1822603459450228,1.5752406240198031,-20.000000000000007
-0.23644740113158186,1.9186569643032416,-20.000000000000007
-0.3016919677366312,1.5371383086466872,-20.000000000000007
-0.3549524260184572,1.4996777916755692,-20.000000000000007
-0.40372189142655285,1.4980802605297265,-20.000000000000007
-0.4000320930743694,1.4955753063679174,-20.000000000000007
-0.35358684048872047,1.4988917270331374,-20.000000000000007
-0.2935192755033782,1.5952304238775348,-20.000000000000007
-0.18911923876494982,1.575673225702896,-20.000000000000007
-0.13500799762049986,1.4901723146345818,-20.000000000000007
-0.13162334867738157,1.512553191202664,-20.000000000000007
-0.1316233486773816,1.5125531912026635,-20.000000000000007
-0.13500799762049986,1.4901723146345818,-20.000000000000007
-0.13559501490126288,1.4971204706629226,-20.000000000000007
-0.13559501490126288,1.4971204706629224,-20.000000000000007
-0.13766089245675406,1.41098484075926,-20.000000000000007
-0.13634314369070832,1.4690918166037121,-20.000000000000007
-0.13766033188648452,1.4110074467856226,-20.000000000000007
-0.1377468926182409,1.4138227263361494,-20.000000000000007
-0.13766089245675406,1.4109848407592605,-20.000000000000007
-0.14969871320520373,1.437675006587023,-20.000000000000007
-0.13766089245675406,1.4109848407592605,-20.000000000000007
-0.1489623238983579,1.441250436214657,-20.000000000000007
-0.17548244831557921,1.566996165209496,-20.000000000000007
-0.17933485877093766,1.5832655028315092,-20.000000000000007
-0.18837473412143407,1.573377960684116,-20.000000000000007
-0.18226034594502283,1.575240624019803,-20.000000000000007
-0.18067000068203443,1.5594198148107745,-20.000000000000007
-0.17716407672167844,1.5760687284044748,-20.000000000000007
-0.16226514651890211,1.479978094344565,-20.000000000000007
-0.1754824483155792,1.566996165209496,-20.000000000000007
-0.16015086704143033,1.4658572207674503,-20.000000000000007
-0.1742675836248365,1.5596310191219989,-20.000000000000007
-0.1622651465189021,1.4799780943445653,-20.000000000000007
-0.17337853243457832,1.5519365666422187,-20.000000000000007
-0.17825534106184443,1.5837285229747726,-20.000000000000007
-0.16270023080057264,1.4821412217524914,-20.000000000000007
-0.17950911580190798,1.5810607140359072,-20.000000000000007
-0.16491224342351887,1.4962079272044329,-20.000000000000007
-0.17337853243457832,1.5519365666422185,-20.000000000000007
-0.17337853243457832,1.5519365666422185,-20.000000000000007
-0.16175363895024922,1.4767475548411566,-20.000000000000007
-0.1735996436780998,1.5552621540346743,-20.000000000000007
-0.14969871320520373,1.4376750065870234,-20.000000000000007
-0.16491224342351885,1.4962079272044329,-20.000000000000007
-0.22117610000737895,1.9371965699065865,-20.000000000000007
-0.2790418615852196,1.4658209857437952,-20.000000000000007
-0.34621427671789823,1.4959552248233579,-20.000000000000007
-0.3925391898857903,1.5033757719022955,-20.000000000000007
-0.37721457180939316,1.496728142276774,-20.000000000000007
-0.3379926634900943,1.500213746239416,-20.000000000000007
-0.26559219912275106,1.7637377107746066,-20.000000000000007
-0.17950911580190798,1.5810607140359076,-20.000000000000007
-0.13505647193701792,1.4933154606281192,-20.000000000000007
-0.1316233486773816,1.512553191202664,-20.000000000000007
-0.12962373824809628,1.5255562980702626,-20.000000000000007
-0.13496593015556188,1.4904004997731792,-20.000000000000007
-0.13500799762049986,1.4901723146345818,-20.000000000000007
-0.13559501490126286,1.4971204706629226,-20.000000000000007
-0.1377468926182409,1.4138227263361496,-20.000000000000007
-0.1363431436907083,1.469091816603712,-20.000000000000007
-0.13766089245675403,1.4109848407592605,-20.000000000000007
-0.13766089245675403,1.4109848407592602,-20.000000000000007
-0.13634314369070832,1.469091816603712,-20.000000000000007
-0.1489623238983579,1.441250436214657,-20.000000000000007
-0.13766089245675403,1.4109848407592605,-20.000000000000007
-0.14969871320520373,1.437675006587023,-20.000000000000007
-0.17259283802865877,1.5472393109831906,-20.000000000000007
-0.17716407672167847,1.5760687284044748,-20.000000000000007
-0.1822603459450228,1.575240624019803,-20.000000000000007
-0.18067000068203443,1.5594198148107745,-20.000000000000007
-0.17950911580190804,1.5810607140359072,-20.000000000000007
-0.17716407672167847,1.5760687284044748,-20.000000000000007
-0.17917386072802038,1.5901780441278877,-20.000000000000007
-0.17933485877093763,1.5832655028315092,-20.000000000000007
-0.17917386072802038,1.5901780441278879,-20.000000000000007
-0.17917386072802036,1.5901780441278879,-20.000000000000007
-0.17259283802865874,1.5472393109831908,-20.000000000000007
-0.1754824483155792,1.566996165209496,-20.000000000000007
-0.17917386072802036,1.5901780441278879,-20.000000000000007
-0.17716407672167847,1.5760687284044748,-20.000000000000007
-0.18226034594502277,1.575240624019803,-20.000000000000007
-0.17716407672167847,1.5760687284044745,-20.000000000000007
-0.1771640767216785,1.5760687284044745,-20.000000000000007
-0.17337853243457835,1.5519365666422187,-20.000000000000007
-0.15280423597603296,1.4087123965335246,-20.000000000000007
-0.16226514651890211,1.4799780943445655,-20.000000000000007
-0.14975414285615304,1.435613454864934,-20.000000000000007
-0.17950911580190798,1.5810607140359074,-20.000000000000007
-0.24812420006958286,1.7869332679653116,-20.000000000000007
-0.3213020827061457,1.5000164448957665,-20.000000000000007
-0.37249599934744543,1.4937325126917802,-20.000000000000007
-0.41511105003577764,1.5048554851251292,-20.000000000000007
-0.3968876555752188,1.4987387836853432,-20.000000000000007
-0.33663032979024665,1.5010069663889656,-20.000000000000007
-0.2731294297010777,1.6455574220862483,-20.000000000000007
-0.18226034594502277,1.5752406240198034,-20.000000000000007
-0.13496593015556188,1.4904004997731792,-20.000000000000007
-0.1316233486773816,1.512553191202664,-20.000000000000007
-0.13162334867738157,1.512553191202664,-20.000000000000007
-0.1352364542451437,1.4956132648969092,-20.000000000000007
-0.13766089245675403,1.4109848407592605,-20.000000000000007
-0.14961452095757,1.4408829749123404,-20.000000000000007
-0.17259283802865874,1.5472393109831908,-20.000000000000007
-0.14975414285615307,1.435613454864934,-20.000000000000007
-0.14975414285615307,1.435613454864934,-20.000000000000007
-0.14975414285615307,1.435613454864934,-20.000000000000007
-0.14969871320520375,1.4376750065870232,-20.000000000000007
-0.16015086704143033,1.4658572207674505,-20.000000000000007
-0.14969871320520373,1.4376750065870232,-20.000000000000007
-0.16015086704143036,1.4658572207674505,-20.000000000000007
-0.1742675836248365,1.5596310191219986,-20.000000000000007
-0.17825534106184443,1.5837285229747722,-20.000000000000007
-0.1822603459450228,1.5752406240198031,-20.000000000000007
-0.17917386072802038,1.5901780441278879,-20.000000000000007
-0.1804043718668858,1.5611767535850447,-20.000000000000007
-0.179509115801908,1.5810607140359074,-20.000000000000007
-0.180374903390968,1.5624216849117096,-20.000000000000007
-0.18837473412143407,1.573377960684116,-20.000000000000007
-0.1804043718668858,1.561176753585045,-20.000000000000007
-0.1822603459450228,1.575240624019803,-20.000000000000007
-0.17337853243457832,1.5519365666422187,-20.000000000000007
-0.1793348587709377,1.5832655028315092,-20.000000000000007
-0.17950911580190798,1.5810607140359074,-20.000000000000007
-0.17917386072802038,1.5901780441278874,-20.000000000000007
-0.18226034594502277,1.575240624019803,-20.000000000000007
-0.1742675836248365,1.5596310191219989,-20.000000000000007
-0.17933485877093766,1.5832655028315092,-20.000000000000007
-0.17694296547815702,1.572743141012019,-20.000000000000007
-0.17337853243457835,1.5519365666422185,-20.000000000000007
-0.17917386072802036,1.5901780441278879,-20.000000000000007
-0.14975414285615307,1.4356134548649337,-20.000000000000007
-0.17917386072802036,1.5901780441278877,-20.000000000000007
-0.2361475777249521,1.9207959698853627,-20.000000000000007
-0.28312949508500285,1.5188264880622553,-20.000000000000007
-0.35571381764638327,1.5005017752229708,-20.000000000000007
-0.39921151061008425,1.4959322211521418,-20.000000000000007
-0.39701044554888154,1.498170482368053,-20.000000000000007
-0.3580661862998616,1.5008569340824323,-20.000000000000007
-0.28459683569268174,1.5319198581045177,-20.000000000000007
-0.20404430865962883,1.7471900021231155,-20.000000000000007
-0.13496593015556185,1.4904004997731792,-20.000000000000007
-0.1316233486773816,1.512553191202664,-20.000000000000007
-0.1296237382480963,1.5255562980702628,-20.000000000000007
-0.1322518888393985,1.505849498802996,-20.000000000000007
-0.1352364542451437,1.4956132648969094,-20.000000000000007
-0.13559501490126288,1.4971204706629226,-20.000000000000007
-0.13774689261824094,1.4138227263361496,-20.000000000000007
-0.13766089245675406,1.4109848407592605,-20.000000000000007
-0.13766089245675406,1.4109848407592605,-20.000000000000007
-0.13766089245675406,1.4109848407592605,-20.000000000000007
-0.1363431436907083,1.469091816603712,-20.000000000000007
-0.13766089245675403,1.4109848407592605,-20.000000000000007
-0.13634314369070832,1.469091816603712,-20.000000000000007
-0.13766089245675406,1.4109848407592602,-20.000000000000007
-0.16491224342351887,1.4962079272044329,-20.000000000000007
-0.17548244831557921,1.5669961652094957,-20.000000000000007
-0.179509115801908,1.5810607140359072,-20.000000000000007
-0.179509115801908,1.5810607140359072,-20.000000000000007
-0.17716407672167847,1.5760687284044748,-20.000000000000007
-0.17716407672167847,1.5760687284044748,-20.000000000000007
-0.17716407672167844,1.5760687284044745,-20.000000000000007
-0.17917386072802038,1.5901780441278879,-20.000000000000007
-0.17950911580190798,1.5810607140359074,-20.000000000000007
-0.180374903390968,1.5624216849117094,-20.000000000000007
-0.17933485877093766,1.5832655028315092,-20.000000000000007
-0.180374903390968,1.5624216849117096,-20.000000000000007
-0.17950911580190798,1.5810607140359072,-20.000000000000007
-0.1811061921972143,1.5615965088310682,-20.000000000000007
-0.1822603459450228,1.575240624019803,-20.000000000000007
-0.17950911580190798,1.5810607140359074,-20.000000000000007
-0.17337853243457835,1.5519365666422185,-20.000000000000007
-0.17337853243457835,1.5519365666422185,-20.000000000000007
-0.17426758362483646,1.5596310191219986,-20.000000000000007
-0.16491224342351887,1.4962079272044329,-20.000000000000007
-0.179509115801908,1.5810607140359072,-20.000000000000007
-0.17426758362483652,1.5596310191219984,-20.000000000000007
-0.23106341340115907,1.9111892152082386,-20.000000000000007
-0.3034617781157109,1.5151169454334927,-20.000000000000007
-0.3610129679892159,1.4972352807989153,-20.000000000000007
-0.41279462089983693,1.4967490870907554,-20.000000000000007
-0.40385668524635043,1.4997995334737233,-20.000000000000007
-0.34927348523636875,1.4989362495048035,-20.000000000000007
-0.2790418615852196,1.465820985743795,-20.000000000000007
-0.18837473412143407,1.5733779606841163,-20.000000000000007
-0.13496593015556185,1.4904004997731792,-20.000000000000007
-0.1316233486773816,1.512553191202664,-20.000000000000007
-0.13162334867738157,1.5125531912026637,-20.000000000000007
-0.13496593015556185,1.4904004997731792,-20.000000000000007
-0.1352364542451437,1.4956132648969092,-20.000000000000007
-0.1377468926182409,1.4138227263361496,-20.000000000000007
-0.14969871320520373,1.4376750065870232,-20.000000000000007
-0.14975414285615307,1.4356134548649337,-20.000000000000007
-0.14975414285615307,1.435613454864934,-20.000000000000007
-0.13766033188648455,1.4110074467856224,-20.000000000000007
-0.13774689261824094,1.4138227263361496,-20.000000000000007
-0.13559501490126288,1.4971204706629226,-20.000000000000007
-0.13766089245675406,1.4109848407592605,-20.000000000000007
-0.13766089245675406,1.4109848407592607,-20.000000000000007
-0.1627002308005726,1.4821412217524914,-20.000000000000007
-0.17917386072802036,1.5901780441278877,-20.000000000000007
-0.17950911580190798,1.5810607140359072,-20.000000000000007
-0.18226034594502277,1.575240624019803,-20.000000000000007
-0.1742675836248365,1.5596310191219989,-20.000000000000007
-0.17716407672167844,1.5760687284044748,-20.000000000000007
-0.17548244831557924,1.566996165209496,-20.000000000000007
-0.1735996436780998,1.555262154034674,-20.000000000000007
-0.17917386072802036,1.5901780441278879,-20.000000000000007
-0.1627002308005726,1.4821412217524914,-20.000000000000007
-0.1742675836248365,1.559631019121999,-20.000000000000007
-0.17716407672167847,1.5760687284044748,-20.000000000000007
-0.179509115801908,1.5810607140359072,-20.000000000000007
-0.18226034594502277,1.575240624019803,-20.000000000000007
-0.17950911580190798,1.5810607140359072,-20.000000000000007
-0.17716407672167847,1.5760687284044743,-20.000000000000007
-0.14975414285615307,1.435613454864934,-20.000000000000007
-0.15280423597603293,1.4087123965335244,-20.000000000000007
-0.14975415741304388,1.4356391577721637,-20.000000000000007
-0.14969871320520373,1.4376750065870232,-20.000000000000007
-0.1622651465189021,1.479978094344565,-20.000000000000007
-0.16226514651890211,1.479978094344565,-20.000000000000007
-0.24352941008181267,1.8371727099357729,-20.000000000000007
-0.29594557443006414,1.591912671727449,-20.000000000000007
-0.3608103321760834,1.498679619481994,-20.000000000000007
-0.4020474311844272,1.4969517226277593,-20.000000000000007
-0.3810726319305567,1.4999074702732593,-20.000000000000007
-0.3362831761111834,1.5012318174644157,-20.000000000000007
-0.2552406432801047,1.7695258837127659,-20.000000000000007
-0.18067000068203443,1.5594198148107747,-20.000000000000007
-0.13496593015556185,1.4904004997731792,-20.000000000000007
-0.1316233486773816,1.512553191202664,-20.000000000000007
-0.13160506288298884,1.5132325960306732,-20.000000000000007
-0.13500799762049986,1.4901723146345816,-20.000000000000007
-0.13541503259313709,1.4948226663941324,-20.000000000000007
-0.13774689261824094,1.4138227263361494,-20.000000000000007
-0.14969871320520373,1.437675006587023,-20.000000000000007
-0.1377468926182409,1.4138227263361494,-20.000000000000007
-0.13766089245675403,1.4109848407592605,-20.000000000000007
-0.13626488909486958,1.477604195252314,-20.000000000000007
-0.13766033188648452,1.4110074467856226,-20.000000000000007
-0.13559501490126286,1.4971204706629226,-20.000000000000007
-0.13766089245675403,1.4109848407592605,-20.000000000000007
-0.13766089245675406,1.4109848407592605,-20.000000000000007
-0.15188571630985698,1.402262875380409,-20.000000000000007
-0.17716407672167847,1.5760687284044745,-20.000000000000007
-0.17917386072802038,1.5901780441278879,-20.000000000000007
-0.179509115801908,1.5810607140359074,-20.000000000000007
-0.17337853243457832,1.5519365666422185,-20.000000000000007
-0.16226514651890211,1.4799780943445653,-20.000000000000007
-0.16015086704143033,1.4658572207674503,-20.000000000000007
-0.16226514651890211,1.4799780943445653,-20.000000000000007
-0.16491224342351887,1.4962079272044329,-20.000000000000007
-0.1627002308005726,1.4821412217524914,-20.000000000000007
-0.14975415741304388,1.4356391577721637,-20.000000000000007
-0.1622651465189021,1.479978094344565,-20.000000000000007
-0.1742675836248365,1.5596310191219986,-20.000000000000007
-0.17716407672167847,1.5760687284044745,-20.000000000000007
-0.179509115801908,1.5810607140359074,-20.000000000000007
-0.16491224342351887,1.4962079272044329,-20.000000000000007
-0.14975415741304388,1.4356391577721639,-20.000000000000007
-0.14969871320520375,1.4376750065870232,-20.000000000000007
-0.14975414285615307,1.4356134548649337,-20.000000000000007
-0.1489623238983579,1.441250436214657,-20.000000000000007
-0.1377468926182409,1.4138227263361494,-20.000000000000007
-0.1627002308005726,1.4821412217524914,-20.000000000000007
-0.2643004652752579,1.759837535940159,-20.000000000000007
-0.30907304731864965,1.507623797768365,-20.000000000000007
-0.36854808811730727,1.4988313580829324,-20.000000000000007
-0.4124150100697605,1.4976340782548259,-20.000000000000007
-0.36516070621541324,1.5000607692205667,-20.000000000000007
-0.32685611782865226,1.4992532640090432,-20.000000000000007
-0.2532688923353968,1.7578024270239831,-20.000000000000007
-0.14975414285615307,1.4356134548649337,-20.000000000000007
-0.1316233486773816,1.512553191202664,-20.000000000000007
-0.12684286767579064,1.5197244813100856,-20.000000000000007
-0.12684286767579067,1.5197244813100856,-20.000000000000007
-0.13162334867738157,1.5125531912026637,-20.000000000000007
-0.13523645424514372,1.4956132648969092,-20.000000000000007
-0.13774689261824094,1.4138227263361494,-20.000000000000007
-0.151885716309857,1.4022628753804087,-20.000000000000007
-0.14969871320520375,1.4376750065870232,-20.000000000000007
-0.13634314369070832,1.469091816603712,-20.000000000000007
-0.13766033188648455,1.4110074467856226,-20.000000000000007
-0.1377468926182409,1.4138227263361494,-20.000000000000007
-0.13766089245675406,1.4109848407592602,-20.000000000000007
-0.13634314369070832,1.469091816603712,-20.000000000000007
-0.13766089245675406,1.4109848407592605,-20.000000000000007
-0.14975414285615307,1.435613454864934,-20.000000000000007
-0.16226514651890211,1.479978094344565,-20.000000000000007
-0.17933485877093763,1.5832655028315092,-20.000000000000007
-0.179509115801908,1.5810607140359072,-20.000000000000007
-0.1725928380286588,1.547239310983191,-20.000000000000007
-0.16491224342351887,1.4962079272044329,-20.000000000000007
-0.16015086704143036,1.4658572207674503,-20.000000000000007
-0.16015086704143033,1.4658572207674505,-20.000000000000007
-0.1617536389502492,1.4767475548411566,-20.000000000000007
-0.14969871320520375,1.437675006587023,-20.000000000000007
-0.1377468926182409,1.4138227263361496,-20.000000000000007
-0.15188571630985698,1.402262875380409,-20.000000000000007
-0.17716407672167844,1.576068728404475,-20.000000000000007
-0.1822603459450228,1.575240624019803,-20.000000000000007
-0.18226034594502277,1.5752406240198031,-20.000000000000007
-0.179509115801908,1.5810607140359072,-20.000000000000007
-0.16226514651890211,1.479978094344565,-20.000000000000007
-0.16491224342351887,1.4962079272044329,-20.000000000000007
-0.17337853243457835,1.5519365666422185,-20.000000000000007
-0.1735996436780998,1.555262154034674,-20.000000000000007
-0.16491224342351887,1.4962079272044329,-20.000000000000007
-0.17825534106184446,1.5837285229747724,-20.000000000000007
-0.24154441301630342,1.8595951610927488,-20.000000000000007
-0.2850734543906425,1.535342579533264,-20.000000000000007
-0.3445500893719285,1.497071144507641,-20.000000000000007
-0.3727776053250805,1.4929726563835886,-20.000000000000007
-0.34175389493041397,1.4968538210599793,-20.000000000000007
-0.29436267878593425,1.5950114516585256,-20.000000000000007
-0.22088539733767873,1.9311452890383751,-20.000000000000007
-0.1377468926182409,1.4138227263361496,-20.000000000000007
-0.13160506288298887,1.5132325960306732,-20.000000000000007
-0.12942838191366204,1.5266195020865654,-20.000000000000007
-0.12684286767579067,1.5197244813100856,-20.000000000000007
-0.13160506288298887,1.5132325960306732,-20.000000000000007
-0.1352364542451437,1.4956132648969094,-20.000000000000007
-0.1363431436907083,1.4690918166037121,-20.000000000000007
-0.151885716309857,1.402262875380409,-20.000000000000007
-0.14969871320520375,1.4376750065870232,-20.000000000000007
-0.13766033188648452,1.4110074467856226,-20.000000000000007
-0.13766089245675406,1.4109848407592605,-20.000000000000007
-0.13559501490126288,1.4971204706629226,-20.000000000000007
-0.13766089245675406,1.4109848407592607,-20.000000000000007
-0.1363431436907083,1.469091816603712,-20.000000000000007
-0.13766089245675403,1.4109848407592602,-20.000000000000007
-0.16015086704143033,1.4658572207674505,-20.000000000000007
-0.16491224342351887,1.4962079272044329,-20.000000000000007
-0.1804043718668858,1.5611767535850452,-20.000000000000007
-0.179509115801908,1.5810607140359076,-20.000000000000007
-0.17548244831557921,1.566996165209496,-20.000000000000007
-0.16491224342351885,1.4962079272044329,-20.000000000000007
-0.1497541574130439,1.4356391577721634,-20.000000000000007
-0.1622651465189021,1.4799780943445653,-20.000000000000007
-0.14969871320520375,1.4376750065870232,-20.000000000000007
-0.14969871320520375,1.437675006587023,-20.000000000000007
-0.13766089245675406,1.4109848407592605,-20.000000000000007
-0.14969871320520373,1.437675006587023,-20.000000000000007
-0.17426758362483646,1.5596310191219986,-20.000000000000007
-0.17259283802865874,1.5472393109831906,-20.000000000000007
-0.18110619219721427,1.5615965088310682,-20.000000000000007
-0.16491224342351885,1.496207927204433,-20.000000000000007
-0.15098649128259778,1.3992341320455806,-20.000000000000007
-0.16270023080057264,1.4821412217524916,-20.000000000000007
-0.14969871320520375,1.4376750065870232,-20.000000000000007
-0.1497541574130439,1.4356391577721637,-20.000000000000007
-0.13766089245675406,1.4109848407592605,-20.000000000000007
-0.17950911580190798,1.5810607140359072,-20.000000000000007
-0.24839724581557177,1.7826858814747113,-20.000000000000007
-0.30132286116548207,1.5421981222356205,-20.000000000000007
-0.369511656259216,1.498920403775402,-20.000000000000007
-0.39684589575457196,1.4993471456649274,-20.000000000000007
-0.36620555730634413,1.4991356234844666,-20.000000000000007
-0.32029414694808117,1.499948242883717,-20.000000000000007
-0.23538467694061213,1.9234328870905961,-20.000000000000007
-0.14896232389835787,1.441250436214657,-20.000000000000007
-0.12962373824809628,1.525556298070263,-20.000000000000007
-0.12684286767579064,1.519724481310086,-20.000000000000007
-0.12540408018203894,1.5225047004235046,-20.000000000000007
-0.1322518888393985,1.5058494988029958,-20.000000000000007
-0.13559501490126286,1.4971204706629222,-20.000000000000007
-0.13766089245675403,1.4109848407592605,-20.000000000000007
-0.15098649128259778,1.3992341320455806,-20.000000000000007
-0.13766089245675403,1.4109848407592605,-20.000000000000007
-0.13523645424514372,1.4956132648969092,-20.000000000000007
-0.13559501490126286,1.4971204706629226,-20.000000000000007
-0.13559501490126286,1.4971204706629226,-20.000000000000007
-0.1363431436907083,1.4690918166037121,-20.000000000000007
-0.13541503259313709,1.4948226663941326,-20.000000000000007
-0.1363431436907083,1.4690918166037121,-20.000000000000007
-0.1497541574130439,1.4356391577721634,-20.000000000000007
-0.16226514651890211,1.479978094344565,-20.000000000000007
-0.17950911580190798,1.5810607140359072,-20.000000000000007
-0.17716407672167844,1.5760687284044743,-20.000000000000007
-0.15098649128259778,1.3992341320455806,-20.000000000000007
-0.14969871320520375,1.437675006587023,-20.000000000000007
-0.13634314369070832,1.469091816603712,-20.000000000000007
-0.1377468926182409,1.4138227263361496,-20.000000000000007
-0.13766089245675403,1.4109848407592605,-20.000000000000007
-0.13766033188648452,1.4110074467856226,-20.000000000000007
-0.13559501490126286,1.4971204706629226,-20.000000000000007
-0.13766089245675406,1.4109848407592602,-20.000000000000007
-0.16270023080057264,1.4821412217524914,-20.000000000000007
-0.17716407672167847,1.5760687284044748,-20.000000000000007
-0.1811061921972143,1.5615965088310682,-20.000000000000007
-0.17426758362483646,1.5596310191219986,-20.000000000000007
-0.14975414285615307,1.4356134548649337,-20.000000000000007
-0.14969871320520375,1.437675006587023,-20.000000000000007
-0.13766089245675406,1.4109848407592602,-20.000000000000007
-0.14969871320520373,1.437675006587023,-20.000000000000007
-0.13634314369070832,1.4690918166037121,-20.000000000000007
-0.17950911580190798,1.5810607140359072,-20.000000000000007
-0.24451821561584364,1.8284025365562286,-20.000000000000007
-0.289858468531514,1.5753683835240218,-20.000000000000007
-0.3492553791285973,1.4987621157061959,-20.000000000000007
-0.3680788889171385,1.4988372548651632,-20.000000000000007
-0.3371974542592298,1.500855348185124,-20.000000000000007
-0.2862439907168459,1.5440999107565243,-20.000000000000007
-0.21827512813214564,1.9327711581825628,-20.000000000000007
-0.1363431436907083,1.4690918166037121,-20.000000000000007
-0.12962373824809628,1.5255562980702628,-20.000000000000007
-0.12684286767579067,1.5197244813100856,-20.000000000000007
-0.12540407940220547,1.5225030507157356,-20.000000000000007
-0.1316233486773816,1.5125531912026637,-20.000000000000007
-0.13523645424514372,1.495613264896909,-20.000000000000007
-0.13774689261824094,1.4138227263361494,-20.000000000000007
-0.14975415741304388,1.4356391577721637,-20.000000000000007
-0.13766089245675403,1.4109848407592605,-20.000000000000007
-0.1360729657172006,1.4831686616984472,-20.000000000000007
-0.13523645424514372,1.4956132648969094,-20.000000000000007
-0.13559501490126288,1.4971204706629224,-20.000000000000007
-0.1352364542451437,1.4956132648969094,-20.000000000000007
-0.1350079976204999,1.4901723146345818,-20.000000000000007
-0.13766033188648455,1.4110074467856224,-20.000000000000007
-0.1377468926182409,1.4138227263361494,-20.000000000000007
-0.1622651465189021,1.4799780943445655,-20.000000000000007
-0.1771640767216785,1.5760687284044745,-20.000000000000007
-0.16270023080057264,1.4821412217524914,-20.000000000000007
-0.14975414285615304,1.4356134548649342,-20.000000000000007
-0.14896232389835787,1.4412504362146572,-20.000000000000007
-0.1489623238983579,1.441250436214657,-20.000000000000007
-0.1489623238983579,1.441250436214657,-20.000000000000007
-0.14975414285615304,1.4356134548649337,-20.000000000000007
-0.13766089245675403,1.4109848407592605,-20.000000000000007
-0.13541503259313706,1.4948226663941326,-20.000000000000007
-0.14975414285615304,1.435613454864934,-20.000000000000007
-0.16226514651890211,1.479978094344565,-20.000000000000007
-0.18040437186688577,1.5611767535850447,-20.000000000000007
-0.18226034594502283,1.575240624019803,-20.000000000000007
-0.17337853243457832,1.5519365666422185,-20.000000000000007
-0.14975414285615307,1.4356134548649337,-20.000000000000007
-0.13766089245675403,1.4109848407592602,-20.000000000000007
-0.13766033188648452,1.4110074467856228,-20.000000000000007
-0.1363431436907083,1.469091816603712,-20.000000000000007
-0.13766089245675403,1.4109848407592605,-20.000000000000007
-0.13559501490126288,1.4971204706629226,-20.000000000000007
-0.1352364542451437,1.4956132648969094,-20.000000000000007
-0.13500799762049986,1.4901723146345816,-20.000000000000007
-0.13496593015556185,1.4904004997731792,-20.000000000000007
-0.13634314369070832,1.4690918166037121,-20.000000000000007
-0.1489623238983579,1.4412504362146568,-20.000000000000007
-0.14975414285615307,1.435613454864934,-20.000000000000007
-0.1509864912825978,1.3992341320455806,-20.000000000000007
-0.13766089245675403,1.4109848407592605,-20.000000000000007
-0.13559501490126286,1.4971204706629224,-20.000000000000007
-0.13523645424514372,1.4956132648969094,-20.000000000000007
-0.1350079976204999,1.4901723146345818,-20.000000000000007
-0.13541503259313709,1.4948226663941326,-20.000000000000007
-0.13559501490126288,1.4971204706629222,-20.000000000000007
-0.1362648890948696,1.4776041952523142,-20.000000000000007
-0.1362648890948696,1.477604195252314,-20.000000000000007
-0.136196335367052,1.4783815805750888,-20.000000000000007
-0.13686489255195464,1.417087406777286,-20.000000000000007
-0.13493092824151434,1.4740203370252878,-20.000000000000007
-0.13493092824151434,1.4740203370252878,-20.000000000000007
-0.13406813950193916,1.5026499943935527,-20.000000000000007
-0.13634545927612948,1.4817686494805622,-20.000000000000007
-0.13836586630353254,1.427655757946532,-20.000000000000007
-0.1509864912825978,1.3992341320455803,-20.000000000000007
-0.14975414285615307,1.435613454864934,-20.000000000000007
-0.13766089245675406,1.4109848407592605,-20.000000000000007
-0.13766089245675406,1.4109848407592605,-20.000000000000007
-0.1350079976204999,1.4901723146345818,-20.000000000000007
-0.13496593015556188,1.4904004997731792,-20.000000000000007
-0.13225188883939853,1.505849498802996,-20.000000000000007
-0.1303479817791215,1.52663833112224,-20.000000000000007
-0.13011223033255653,1.5286861249343535,-20.000000000000007
-0.12880055360960152,1.527838229453418,-20.000000000000007
-0.12836426058610254,1.5289627179997107,-20.000000000000007
-0.13103590222828337,1.5233041055725567,-20.000000000000007
-0.13103589494983794,1.523291254118942,-20.000000000000007
-0.13103589494983797,1.523291254118942,-20.000000000000007
-0.13166443511185488,1.5165875617192741,-20.000000000000007
-0.13166443511185488,1.5165875617192741,-20.000000000000007
-0.13103589494983794,1.5232912541189418,-20.000000000000007
-0.13103589494983794,1.5232912541189418,-20.000000000000007
-0.13103589494983794,1.5232912541189418,-20.000000000000007
-0.13166443511185488,1.5165875617192741,-20.000000000000007
-0.13496593015556185,1.490400499773179,-20.000000000000007
-0.13559501490126288,1.4971204706629226,-20.000000000000007
-0.13559501490126288,1.4971204706629224,-20.000000000000007
-0.13559501490126286,1.4971204706629226,-20.000000000000007
-0.13607296571720057,1.4831686616984474,-20.000000000000007
-0.13541503259313709,1.4948226663941326,-20.000000000000007
-0.13559501490126288,1.4971204706629224,-20.000000000000007
-0.1363431436907083,1.4690918166037121,-20.000000000000007
-0.13559501490126286,1.4971204706629226,-20.000000000000007
-0.13766089245675406,1.4109848407592605,-20.000000000000007
-0.13774689261824094,1.4138227263361496,-20.000000000000007
-0.1377468926182409,1.4138227263361496,-20.000000000000007
-0.15098649128259778,1.3992341320455803,-20.000000000000007
-0.16226514651890211,1.4799780943445653,-20.000000000000007
-0.15963760809684852,1.4903236025950415,-20.000000000000007
-0.16886094927143708,1.5698775518625954,-20.000000000000007
-0.17337853243457835,1.5519365666422187,-20.000000000000007
-0.16226514651890211,1.479978094344565,-20.000000000000007
-0.1497541574130439,1.4356391577721634,-20.000000000000007
-0.14969871320520375,1.437675006587023,-20.000000000000007
-0.13766089245675403,1.4109848407592605,-20.000000000000007
-0.1362745899628907,1.4698692019264872,-20.000000000000007
-0.13538760195196436,1.4982772609475221,-20.000000000000007
-0.13520125451334747,1.4977814552702866,-20.000000000000007
-0.13521384973317271,1.4961177966881398,-20.000000000000007
-0.13495605330512833,1.4898632237174252,-20.000000000000007
-0.13495605330512833,1.4898632237174256,-20.000000000000007
-0.13481943428516963,1.4901153512901544,-20.000000000000007
-0.13405148147987545,1.4967706025869738,-20.000000000000007
-0.13375776826318886,1.5007426577068996,-20.000000000000007
-0.13634545199768403,1.4817557980269471,-20.000000000000007
-0.13634545199768403,1.4817557980269473,-20.000000000000007
-0.13827985886360028,1.4248050209160283,-20.000000000000007
-0.1383658590250871,1.4276429064929173,-20.000000000000007
-0.1383658590250871,1.4276429064929175,-20.000000000000007
-0.14956704378807442,1.4816374407249464,-20.000000000000007
-0.1495670437880744,1.4816374407249462,-20.000000000000007
-0.1383658590250871,1.4276429064929175,-20.000000000000007
-0.1383658590250871,1.4276429064929173,-20.000000000000007
-0.13827929829333077,1.4248276269423903,-20.000000000000007
-0.13634545199768403,1.4817557980269473,-20.000000000000007
-0.13548266325810884,1.510385455395212,-20.000000000000007
-0.1351238177028405,1.5053349727150214,-20.000000000000007
-0.13502592417162232,1.5052987353294092,-20.000000000000007
-0.1350259241716223,1.5052987353294092,-20.000000000000007
-0.1495670437880744,1.4816374407249464,-20.000000000000007
-0.15849767981066687,1.492837770077762,-20.000000000000007
-0.15887553627545287,1.4850044546638523,-20.000000000000007
-0.16491224342351885,1.4962079272044329,-20.000000000000007
-0.13766089245675406,1.4109848407592605,-20.000000000000007
-0.14969871320520373,1.4376750065870232,-20.000000000000007
-0.1509864912825978,1.3992341320455806,-20.000000000000007
-0.14969871320520373,1.437675006587023,-20.000000000000007
-0.1362745899628907,1.4698692019264867,-20.000000000000007
-0.13521384973317271,1.49611779668814,-20.000000000000007
-0.13559501490126288,1.4971204706629224,-20.000000000000007
-0.1362745899628907,1.469869201926487,-20.000000000000007
-0.14975414285615307,1.435613454864934,-20.000000000000007
-0.1617536389502492,1.4767475548411568,-20.000000000000007
-0.16175363895024922,1.4767475548411564,-20.000000000000007
-0.16015086704143036,1.4658572207674503,-20.000000000000007
-0.13774689261824094,1.4138227263361496,-20.000000000000007
-0.13766033188648455,1.4110074467856224,-20.000000000000007
-0.13552422097192307,1.4980251333747934,-20.000000000000007
-0.13497246684940928,1.4885318418577032,-20.000000000000007
-0.13495605330512833,1.4898632237174254,-20.000000000000007
-0.13481943428516963,1.4901153512901544,-20.000000000000007
-0.13481943428516963,1.4901153512901544,-20.000000000000007
-0.13521384973317271,1.4961177966881398,-20.000000000000007
-0.13559501490126286,1.4971204706629224,-20.000000000000007
-0.13766089245675403,1.4109848407592605,-20.000000000000007
-0.13766089245675406,1.4109848407592605,-20.000000000000007
-0.1377468926182409,1.4138227263361494,-20.000000000000007
-0.13766089245675403,1.4109848407592605,-20.000000000000007
-0.1363431436907083,1.4690918166037121,-20.000000000000007
-0.13559501490126286,1.4971204706629229,-20.000000000000007
-0.13505647193701792,1.4933154606281196,-20.000000000000007
-0.13496593015556185,1.4904004997731792,-20.000000000000007
-0.13496593015556188,1.490400499773179,-20.000000000000007
-0.13496593015556188,1.4904004997731792,-20.000000000000007
-0.13496593015556185,1.490400499773179,-20.000000000000007
-0.13496593015556188,1.4904004997731795,-20.000000000000007
-0.1352364542451437,1.4956132648969094,-20.000000000000007
-0.1352364542451437,1.4956132648969094,-20.000000000000007
-0.13626488909486958,1.4776041952523145,-20.000000000000007
-0.13774689261824094,1.4138227263361496,-20.000000000000007
-0.1377468926182409,1.4138227263361496,-20.000000000000007
-0.1494730360369043,1.4401127615108211,-20.000000000000007
-0.13766089245675403,1.4109848407592602,-20.000000000000007
-0.17259283802865877,1.5472393109831906,-20.000000000000007
-0.17950911580190798,1.5810607140359074,-20.000000000000007
-0.1822603459450228,1.575240624019803,-20.000000000000007
-0.18837473412143405,1.5733779606841163,-20.000000000000007
-0.1735996436780998,1.5552621540346743,-20.000000000000007
-0.14975414285615304,1.4356134548649337,-20.000000000000007
-0.13766033188648452,1.4110074467856226,-20.000000000000007
-0.13559501490126286,1.4971204706629224,-20.000000000000007
-0.13496593015556185,1.4904004997731792,-20.000000000000007
-0.13162334867738157,1.512553191202664,-20.000000000000007
-0.1316233486773816,1.512553191202664,-20.000000000000007
-0.1316233486773816,1.512553191202664,-20.000000000000007
-0.13496593015556188,1.490400499773179,-20.000000000000007
-0.13496974848001758,1.490732776495604,-20.000000000000007
-0.1349582935066505,1.4897359463283293,-20.000000000000007
-0.1322518888393985,1.5058494988029958,-20.000000000000007
-0.1316233486773816,1.512553191202664,-20.000000000000007
-0.13496593015556185,1.490400499773179,-20.000000000000007
-0.13552422097192307,1.4980251333747934,-20.000000000000007
-0.13766089245675406,1.4109848407592602,-20.000000000000007
-0.14896232389835792,1.4412504362146568,-20.000000000000007
-0.13774689261824094,1.4138227263361496,-20.000000000000007
-0.1377468926182409,1.4138227263361494,-20.000000000000007
-0.13766089245675403,1.4109848407592602,-20.000000000000007
-0.13766089245675406,1.4109848407592605,-20.000000000000007
-0.13766089245675406,1.4109848407592605,-20.000000000000007
-0.1353876019519644,1.4982772609475223,-20.000000000000007
-0.13507723071321404,1.496369924260869,-20.000000000000007
-0.13504135161652125,1.4915631196851844,-20.000000000000007
-0.1319978515984408,1.5085766974431187,-20.000000000000007
-0.13136931143642383,1.5152803898427867,-20.000000000000007
-0.13136931143642383,1.5152803898427865,-20.000000000000007
-0.1316233486773816,1.5125531912026637,-20.000000000000007
-0.13162334867738157,1.512553191202664,-20.000000000000007
-0.1316233486773816,1.512553191202664,-20.000000000000007
-0.1296237382480963,1.525556298070263,-20.000000000000007
-0.12684286767579067,1.5197244813100856,-20.000000000000007
-0.1254040794022055,1.5225030507157356,-20.000000000000007
-0.1254040794022055,1.5225030507157353,-20.000000000000007
-0.1254040794022055,1.5225030507157356,-20.000000000000007
-0.12540407940220547,1.5225030507157356,-20.000000000000007
-0.12540407940220547,1.5225030507157353,-20.000000000000007
-0.12540407940220547,1.5225030507157356,-20.000000000000007
-0.1254040794022055,1.5225030507157353,-20.000000000000007
-0.18226034594502277,1.5752406240198031,-20.000000000000007
-0.2807672738371603,1.5036825731342283,-20.000000000000007
-0.3608448907223285,1.4988733236948406,-20.000000000000007
-0.4465853482110818,1.4350800796751024,-20.000000000000007
-0.509631795591986,1.354201462433378,-20.000000000000007
-0.5297503346443707,1.212264122898538,-20.000000000000007
-0.5299466660305466,1.204836350856735,-20.000000000000007
-0.5299466660305466,1.204836350856735,-20.000000000000007
-0.5299466660305466,1.204836350856735,-20.000000000000007
-0.5299466660305466,1.204836350856735,-20.000000000000007
-0.5299466660305466,1.204836350856735,-20.000000000000007
-0.5299466660305467,1.204836350856735,-20.000000000000007
-0.5299466660305467,1.204836350856735,-20.000000000000007
-0.5297041217148499,1.21301548104457,-20.000000000000007
-0.5295595045931816,1.28238099190454,-20.000000000000007
-0.5297041217148499,1.2130154810445701,-20.000000000000007
-0.52970412171485,1.2130154810445704,-20.000000000000007
-0.5297041217148499,1.2130154810445701,-20.000000000000007
-0.509642414193991,1.352463299184962,-20.000000000000007
-0.4407074539476543,1.428337770843198,-20.000000000000007
-0.3922710839947128,1.5045693138018836,-20.000000000000007
-0.30097538168256877,1.5478856504334075,-20.000000000000007
-0.34982269500336527,1.50074470334275,-20.000000000000007
-0.3294188469422363,1.4978339644349512,-20.000000000000007
-0.31324367818862064,1.5031725465532941,-20.000000000000007
-0.3584538703880953,1.5000218614273573,-20.000000000000007
-0.3487768542987926,1.499568212142377,-20.000000000000007
-0.4179152311942459,1.495525495146112,-20.000000000000007
-0.42055136351075567,1.45706432834295,-20.000000000000007
-0.48045233205492555,1.3592303084176074,-20.000000000000007
-0.4789602364470919,1.3536339533289825,-20.000000000000007
-0.473758390903473,1.3422371071993595,-20.000000000000007
-0.4901035952609478,1.403526730789567,-20.000000000000007
-0.4454437727867073,1.4404191424231132,-20.000000000000007
-0.5104728506335957,1.3545128002279014,-20.000000000000007
-0.5093723330498019,1.365432550924162,-20.000000000000007
-0.5278362928687369,1.2751777789083412,-20.000000000000007
-0.5289860104040625,1.2778264168377929,-20.000000000000007
-0.5297041217148499,1.21301548104457,-20.000000000000007
-0.5297503346443708,1.2122641228985378,-20.000000000000007
-0.5299466660305467,1.204836350856735,-20.000000000000007
-0.5297503346443708,1.2122641228985378,-20.000000000000007
-0.5242042669821081,1.2197995358305689,-20.000000000000007
-0.5299466660305466,1.2048363508567346,-20.000000000000007
-0.5295595045931815,1.28238099190454,-20.000000000000007
-0.5175137673655885,1.3031845394244508,-20.000000000000007
-0.5039347368394514,1.41054128929469,-20.000000000000007
-0.42933081653906446,1.4157020134423908,-20.000000000000007
-0.4304774325468359,1.4079024144995569,-20.000000000000007
-0.4749542454645315,1.3421468602114175,-20.000000000000007
-0.524056736792633,1.2851786482631997,-20.000000000000007
-0.5281401641957835,1.2802540145274437,-20.000000000000007
-0.5294456854334699,1.2781282341650344,-20.000000000000007
-0.52970412171485,1.21301548104457,-20.000000000000007
-0.5297503346443708,1.2122641228985378,-20.000000000000007
-0.5299466660305466,1.204836350856735,-20.000000000000007
-0.5299466660305465,1.204836350856735,-20.000000000000007
-0.5297503346443708,1.2122641228985378,-20.000000000000007
-0.5295595045931816,1.2823809919045397,-20.000000000000007
-0.5297041217148499,1.21301548104457,-20.000000000000007
-0.5299466660305467,1.2048363508567348,-20.000000000000007
-0.5299466660305466,1.2048363508567348,-20.000000000000007
-0.5297503346443707,1.2122641228985378,-20.000000000000007
-0.5297503346443708,1.2122641228985378,-20.000000000000007
-0.503212265219969,1.3994810739815944,-20.000000000000007
-0.3998080739619309,1.494731468269129,-20.000000000000007
-0.32312708659489264,1.500125956489323,-20.000000000000007
-0.2823512116961867,1.5077373236686635,-20.000000000000007
-0.28476675363292536,1.5329115731342655,-20.000000000000007
-0.29170288014924184,1.5860595925725052,-20.000000000000007
-0.34285612393044246,1.4981604916386309,-20.000000000000007
-0.3839942722837726,1.4983894175315111,-20.000000000000007
-0.4125414174307965,1.4983459771889471,-20.000000000000007
-0.44663633437110273,1.4325606013426864,-20.000000000000007
-0.4281973616502496,1.426026813860503,-20.000000000000007
-0.4758608292600537,1.3458430917372064,-20.000000000000007
-0.44502391059379715,1.438575684422553,-20.000000000000007
-0.4983140471754752,1.3838439247907612,-20.000000000000007
-0.5086232696299813,1.3711064214091127,-20.000000000000007
-0.5169058366416643,1.3103576365585146,-20.000000000000007
-0.5278362928687368,1.2751777789083412,-20.000000000000007
-0.5220182789606462,1.2983906229566082,-20.000000000000007
-0.5295595045931816,1.2823809919045397,-20.000000000000007
-0.5043148457231501,1.4115430487866385,-20.000000000000007
-0.52970412171485,1.21301548104457,-20.000000000000007
-0.522037547605115,1.2203359996072458,-20.000000000000007
-0.5280316601208392,1.209276157525149,-20.000000000000007
-0.5299466660305467,1.204836350856735,-20.000000000000007
-0.48209278759501206,1.3661407924620452,-20.000000000000007
-0.48126433180236716,1.358151872830869,-20.000000000000007
-0.4262911104756448,1.4215647388126946,-20.000000000000007
-0.4302474260032346,1.406541620966939,-20.000000000000007
-0.4850033218528451,1.3539792118014353,-20.000000000000007
-0.5266764831189765,1.2167892065627566,-20.000000000000007
-0.5323304112336531,1.2004385451167106,-20.000000000000007
-0.532330411233653,1.2004385451167106,-20.000000000000007
-0.532330411233653,1.2004385451167106,-20.000000000000007
-0.5323304112336531,1.2004385451167103,-20.000000000000007
-0.5323304112336531,1.2004385451167103,-20.000000000000007
-0.5323304112336531,1.2004385451167103,-20.000000000000007
-0.532330411233653,1.2004385451167103,-20.000000000000007
-0.5297503346443708,1.2122641228985378,-20.000000000000007
-0.5297751702598072,1.2831788441985983,-20.000000000000007
-0.5299466660305467,1.204836350856735,-20.000000000000007
-0.5299466660305466,1.204836350856735,-20.000000000000007
-0.5299466660305466,1.2048363508567348,-20.000000000000007
-0.5299466660305467,1.2048363508567348,-20.000000000000007
-0.5299466660305466,1.204836350856735,-20.000000000000007
-0.4706826282662672,1.3405569012402887,-20.000000000000007
-0.4614893863228754,1.3700300205333031,-20.000000000000007
-0.40448929964816294,1.4961879247861816,-20.000000000000007
-0.3723763564566069,1.4950106463939197,-20.000000000000007
-0.3534256671067533,1.5009037974482202,-20.000000000000007
-0.3311363727499707,1.498465145260357,-20.000000000000007
-0.3362527330384268,1.5008521548528049,-20.000000000000007
-0.32428374157722,1.4994504343338966,-20.000000000000007
-0.3981510175225799,1.4980328882855443,-20.000000000000007
-0.3842015233093226,1.4972934901195158,-20.000000000000007
-0.44428157765643334,1.4331597978926482,-20.000000000000007
-0.4602461340053595,1.3850980253596232,-20.000000000000007
-0.4754052128737731,1.3444192352757103,-20.000000000000007
-0.48298447527215094,1.3635850133348795,-20.000000000000007
-0.4608426530366726,1.3777740564837146,-20.000000000000007
-0.49383310695587906,1.389798286263951,-20.000000000000007
-0.44320171461109936,1.4431023977283586,-20.000000000000007
-0.5093760792396647,1.3638090907920977,-20.000000000000007
-0.509631795591986,1.354201462433378,-20.000000000000007
-0.5280316601208391,1.209276157525149,-20.000000000000007
-0.5299466660305466,1.204836350856735,-20.000000000000007
-0.5281147463047136,1.2083354275888958,-20.000000000000007
-0.528031660120839,1.2092761575251492,-20.000000000000007
-0.4840653222073388,1.3592457807822353,-20.000000000000007
-0.460985731936885,1.378817876835052,-20.000000000000007
-0.4101118295890799,1.496430714092568,-20.000000000000007
-0.40063823739484605,1.496196640733311,-20.000000000000007
-0.41688926776665647,1.5212048853447036,-20.000000000000007
-0.4471449152248638,1.43108423275119,-20.000000000000007
-0.4965437705534791,1.388725730336301,-20.000000000000007
-0.5279159377776227,1.2748789666926248,-20.000000000000007
-0.5289860104040625,1.2778264168377926,-20.000000000000007
-0.5295595045931815,1.2823809919045397,-20.000000000000007
-0.5297041217148499,1.2130154810445701,-20.000000000000007
-0.5299466660305467,1.204836350856735,-20.000000000000007
-0.5299466660305466,1.2048363508567348,-20.000000000000007
-0.5299466660305466,1.2048363508567348,-20.000000000000007
-0.52970412171485,1.2130154810445701,-20.000000000000007
-0.5295595045931815,1.28238099190454,-20.000000000000007
-0.5297503346443707,1.2122641228985378,-20.000000000000007
-0.5299466660305466,1.204836350856735,-20.000000000000007
-0.5299466660305467,1.2048363508567348,-20.000000000000007
-0.5088927457533952,1.3664230241247486,-20.000000000000007
-0.4388376151458415,1.4322722379896393,-20.000000000000007
-0.3333476084375626,1.497530188148851,-20.000000000000007
-0.27995072782324193,1.5213638806799632,-20.000000000000007
-0.2900414280162537,1.5754744787830819,-20.000000000000007
-0.29594557443006414,1.5919126717274488,-20.000000000000007
-0.32013109038046295,1.4997792412120043,-20.000000000000007
-0.3557514159508758,1.5005163042094618,-20.000000000000007
-0.3403351422743884,1.4994831542826654,-20.000000000000007
-0.40448929964816294,1.4961879247861818,-20.000000000000007
-0.4035525888723709,1.4991057403900512,-20.000000000000007
-0.45520967930641276,1.3885338968267829,-20.000000000000007
-0.4768799938397884,1.3465347476386438,-20.000000000000007
-0.4905160543650613,1.385763716690808,-20.000000000000007
-0.5093760792396647,1.3638090907920979,-20.000000000000007
-0.4842111287049722,1.3567157521860391,-20.000000000000007
-0.508537270248328,1.3720287006241227,-20.000000000000007
-0.46991727724526594,1.3446222106000747,-20.000000000000007
-0.5242558191712328,1.285410191678138,-20.000000000000007
-0.5211164695653745,1.2969100565196852,-20.000000000000007
-0.5297041217148499,1.21301548104457,-20.000000000000007
-0.5297503346443708,1.2122641228985378,-20.000000000000007
-0.5299466660305467,1.204836350856735,-20.000000000000007
-0.5299466660305467,1.204836350856735,-20.000000000000007
-0.5254980536761399,1.2176626580664642,-20.000000000000007
-0.5299466660305466,1.2048363508567348,-20.000000000000007
-0.5043148457231501,1.4115430487866385,-20.000000000000007
-0.4756186821395213,1.3383764223366088,-20.000000000000007
-0.4619508109086004,1.366579724958901,-20.000000000000007
-0.4294823095821258,1.4094443724861117,-20.000000000000007
-0.4638824884874568,1.3474029072886426,-20.000000000000007
-0.5175911302218912,1.2632342435428727,-20.000000000000007
-0.532330411233653,1.2004385451167103,-20.000000000000007
-0.532330411233653,1.2004385451167106,-20.000000000000007
-0.5323304112336531,1.2004385451167106,-20.000000000000007
-0.532330411233653,1.2004385451167106,-20.000000000000007
-0.5323304112336531,1.2004385451167106,-20.000000000000007
-0.5323304112336531,1.2004385451167103,-20.000000000000007
-0.532330411233653,1.2004385451167106,-20.000000000000007
-0.5297503346443707,1.2122641228985378,-20.000000000000007
-0.52970412171485,1.2130154810445701,-20.000000000000007
-0.5299466660305467,1.2048363508567348,-20.000000000000007
-0.5299466660305466,1.2048363508567348,-20.000000000000007
-0.5299466660305466,1.204836350856735,-20.000000000000007
-0.5266764831189765,1.2167892065627566,-20.000000000000007
-0.4305094640753191,1.405401037201706,-20.000000000000007
-0.3334144578641973,1.497789569593126,-20.000000000000007
-0.27895869537093865,1.5417068426196736,-20.000000000000007
-0.27904186158521965,1.465820985743795,-20.000000000000007
-0.2992599492840615,1.5638418227667492,-20.000000000000007
-0.2961067027701516,1.5917938009987194,-20.000000000000007
-0.36191520668279525,1.4982028825644296,-20.000000000000007
-0.3660825586297576,1.4990199333794736,-20.000000000000007
-0.37911028291771864,1.4993612010895059,-20.000000000000007
-0.42535704612960984,1.4318513680002782,-20.000000000000007
-0.41595847215746184,1.5194794373674085,-20.000000000000007
-0.463164008185481,1.3534313806660179,-20.000000000000007
-0.45805915169626465,1.4115032893846342,-20.000000000000007
-0.46135023635349437,1.3738442730518705,-20.000000000000007
-0.4724832797905804,1.335619318395495,-20.000000000000007
-0.45237578785867477,1.398577358661098,-20.000000000000007
-0.5037789035034201,1.4104617972455913,-20.000000000000007
-0.48324075219474194,1.3676109210058116,-20.000000000000007
-0.5220182789606463,1.298390622956608,-20.000000000000007
-0.5141372752202845,1.2782046576934705,-20.000000000000007
-0.4784509744088229,1.3516707229592158,-20.000000000000007
-0.5281062552182989,1.2123469047314075,-20.000000000000007
-0.48762793083058986,1.3671536236709751,-20.000000000000007
-0.529060228322083,1.212391400822732,-20.000000000000007
-0.5279110239171594,1.2121225487555725,-20.000000000000007
-0.4702992622782436,1.34446350314765,-20.000000000000007
-0.460071821476243,1.3847182340568938,-20.000000000000007
-0.384767884102042,1.4990793763689876,-20.000000000000007
-0.4101118295890799,1.496430714092568,-20.000000000000007
-0.4500686918343033,1.4149948774174013,-20.000000000000007
-0.4789931446383313,1.3528264569599564,-20.000000000000007
-0.525539803878841,1.2886349834910538,-20.000000000000007
-0.5289860104040626,1.2778264168377926,-20.000000000000007
-0.5295595045931816,1.28238099190454,-20.000000000000007
-0.5297041217148499,1.2130154810445701,-20.000000000000007
-0.5299466660305466,1.204836350856735,-20.000000000000007
-0.532330411233653,1.2004385451167106,-20.000000000000007
-0.532330411233653,1.2004385451167106,-20.000000000000007
-0.5297503346443708,1.2122641228985378,-20.000000000000007
-0.52970412171485,1.21301548104457,-20.000000000000007
-0.5299466660305467,1.2048363508567348,-20.000000000000007
-0.5323304112336531,1.2004385451167103,-20.000000000000007
-0.532330411233653,1.2004385451167106,-20.000000000000007
-0.532330411233653,1.2004385451167106,-20.000000000000007
-0.5288278109234088,1.213377672432204,-20.000000000000007
-0.44670626424499355,1.4349781785157811,-20.000000000000007
-0.3541032745430153,1.4998982824363998,-20.000000000000007
-0.3249808741021152,1.4998402197193306,-20.000000000000007
-0.3071821076049665,1.5118522251275395,-20.000000000000007
-0.28280340227417533,1.5128320803744235,-20.000000000000007
-0.32690620770238665,1.499586014140495,-20.000000000000007
-0.32723817100615143,1.5003153001989915,-20.000000000000007
-0.34608977942564656,1.496041455203636,-20.000000000000007
-0.39280309910322253,1.5020691803398125,-20.000000000000007
-0.41089708221935706,1.4953634837298138,-20.000000000000007
-0.4500266989734308,1.4154455732456697,-20.000000000000007
-0.4600718214762429,1.3847182340568935,-20.000000000000007
-0.4461083110999886,1.4371256362416163,-20.000000000000007
-0.4735368851942041,1.3418548327734046,-20.000000000000007
-0.4563980522754418,1.3824316692583725,-20.000000000000007
-0.4743358067449782,1.339558400763964,-20.000000000000007
-0.4631975033313545,1.3550330922665956,-20.000000000000007
-0.4424333924247002,1.4438981805301045,-20.000000000000007
-0.4246887336824343,1.4334749744817021,-20.000000000000007
-0.40069374145490255,1.4938321651008903,-20.000000000000007
-0.42939979586098065,1.411149387470859,-20.000000000000007
-0.42939979586098065,1.4111493874708587,-20.000000000000007
-0.48500332185284517,1.3539792118014353,-20.000000000000007
-0.49687308355651555,1.3888316926234567,-20.000000000000007
-0.4717916628009514,1.3376462067233454,-20.000000000000007
-0.4627105641552134,1.3632991791235038,-20.000000000000007
-0.417792297926189,1.5177118522792306,-20.000000000000007
-0.46164651561210795,1.3651250693148607,-20.000000000000007
-0.5109469047518174,1.3448934500078802,-20.000000000000007
-0.5323304112336531,1.2004385451167106,-20.000000000000007
-0.5323304112336531,1.2004385451167106,-20.000000000000007
-0.5323304112336531,1.2004385451167103,-20.000000000000007
-0.5323304112336531,1.2004385451167106,-20.000000000000007
-0.5323304112336531,1.2004385451167106,-20.000000000000007
-0.5323304112336531,1.2004385451167106,-20.000000000000007
-0.5323304112336531,1.2004385451167106,-20.000000000000007
-0.5323304112336531,1.2004385451167103,-20.000000000000007
-0.5299466660305467,1.2048363508567348,-20.000000000000007
-0.5297503346443707,1.2122641228985378,-20.000000000000007
-0.5299466660305466,1.2048363508567348,-20.000000000000007
-0.532330411233653,1.2004385451167106,-20.000000000000007
-0.532330411233653,1.2004385451167106,-20.000000000000007
-0.5301155025692635,1.2056640669816727,-20.000000000000007
-0.42948230958212574,1.4094443724861117,-20.000000000000007
-0.40386808530644625,1.4923228234903876,-20.000000000000007
-0.39112315585219615,1.5037090053803126,-20.000000000000007
-0.39701044554888143,1.4981704823680528,-20.000000000000007
-0.37938728004724354,1.4990407339844884,-20.000000000000007
-0.32648741881345356,1.4989087796230325,-20.000000000000007
-0.30665786529941236,1.511806423664141,-20.000000000000007
-0.3287001278604087,1.4979581127704,-20.000000000000007
-0.366634357592694,1.5009656577438801,-20.000000000000007
-0.38273721041579667,1.5028197823920797,-20.000000000000007
-0.41711432782676217,1.5076157747734127,-20.000000000000007
-0.429581181674336,1.4131356851216412,-20.000000000000007
-0.47016536448706586,1.3436701478189155,-20.000000000000007
-0.4833711390458107,1.366742725236684,-20.000000000000007
-0.49229212138030504,1.3842583166136908,-20.000000000000007
-0.49215173043598026,1.3836783014615723,-20.000000000000007
-0.4608797848058108,1.3763386785551945,-20.000000000000007
-0.5041978584900977,1.4064813590096201,-20.000000000000007
-0.5015828740866694,1.3920531660248474,-20.000000000000007
-0.5277317573661571,1.2100618727216974,-20.000000000000007
-0.5281147463047136,1.2083354275888958,-20.000000000000007
-0.501771455488141,1.393065869077757,-20.000000000000007
-0.5279110239171594,1.2121225487555727,-20.000000000000007
-0.48760590859425246,1.3666043285068663,-20.000000000000007
-0.5053837849916603,1.416114546601701,-20.000000000000007
-0.5109260466768301,1.3506499492876132,-20.000000000000007
-0.4618953387567287,1.366186065248416,-20.000000000000007
-0.44654432780250614,1.4329725087046452,-20.000000000000007
-0.4206007774615801,1.4574163036356345,-20.000000000000007
-0.45321964627152095,1.3979358058775373,-20.000000000000007
-0.4885298214585116,1.3778337113721186,-20.000000000000007
-0.5238181973115557,1.2873801000735163,-20.000000000000007
-0.5289860104040625,1.2778264168377929,-20.000000000000007
-0.529437954164768,1.220064463487485,-20.000000000000007
-0.5297503346443707,1.2122641228985378,-20.000000000000007
-0.5299466660305467,1.204836350856735,-20.000000000000007
-0.5323304112336531,1.2004385451167106,-20.000000000000007
-0.5323304112336531,1.2004385451167106,-20.000000000000007
-0.5297041217148499,1.2130154810445701,-20.000000000000007
-0.52970412171485,1.2130154810445701,-20.000000000000007
-0.5323304112336531,1.2004385451167106,-20.000000000000007
-0.532330411233653,1.2004385451167106,-20.000000000000007
-0.532330411233653,1.2004385451167103,-20.000000000000007
-0.532330411233653,1.2004385451167106,-20.000000000000007
-0.532330411233653,1.2004385451167106,-20.000000000000007
-0.532330411233653,1.2004385451167103,-20.000000000000007
-0.5095055924173386,1.3583864467744977,-20.000000000000007
-0.44333181201399047,1.4431113766762558,-20.000000000000007
-0.36064105129477236,1.4987363414971306,-20.000000000000007
-0.33373139597741286,1.4973566872108917,-20.000000000000007
-0.32871290590472024,1.4978611826734132,-20.000000000000007
-0.3724959993474454,1.4937325126917804,-20.000000000000007
-0.43584130122442616,1.4053482139120987,-20.000000000000007
-0.4604335622931212,1.3875318596188653,-20.000000000000007
-0.5019763533446305,1.3911685191964724,-20.000000000000007
-0.5052506849700894,1.4195104561321856,-20.000000000000007
-0.5148402931148289,1.3290112044347455,-20.000000000000007
-0.5114643290467346,1.348543770642688,-20.000000000000007
-0.5220260613084383,1.228580098743769,-20.000000000000007
-0.5218857269020376,1.229128266723507,-20.000000000000007
-0.5277587626081894,1.2945783789291574,-20.000000000000007
-0.5277587626081895,1.2945783789291572,-20.000000000000007
-0.5297041217148499,1.2130154810445701,-20.000000000000007
-0.5299466660305466,1.204836350856735,-20.000000000000007
-0.5299466660305467,1.204836350856735,-20.000000000000007
-0.5299466660305466,1.2048363508567348,-20.000000000000007
-0.5323304112336531,1.2004385451167106,-20.000000000000007
-0.5323304112336531,1.2004385451167103,-20.000000000000007
-0.5323304112336531,1.2004385451167106,-20.000000000000007
-0.5297041217148499,1.2130154810445701,-20.000000000000007
-0.4739872166492773,1.339087222714113,-20.000000000000007
-0.46393387496197586,1.3472332067786725,-20.000000000000007
-0.4726926934025634,1.3354211921310737,-20.000000000000007
-0.5051179460114001,1.417652734553845,-20.000000000000007
-0.5299466660305466,1.204836350856735,-20.000000000000007
-0.5323304112336531,1.2004385451167106,-20.000000000000007
-0.5299466660305467,1.204836350856735,-20.000000000000007
-0.5299466660305466,1.204836350856735,-20.000000000000007
-0.5299466660305466,1.2048363508567348,-20.000000000000007
-0.5299466660305466,1.204836350856735,-20.000000000000007
-0.5299466660305466,1.204836350856735,-20.000000000000007
-0.5299466660305467,1.204836350856735,-20.000000000000007
-0.52970412171485,1.21301548104457,-20.000000000000007
-0.5297041217148499,1.2130154810445701,-20.000000000000007
-0.5297503346443707,1.2122641228985378,-20.000000000000007
-0.5297041217148499,1.2130154810445701,-20.000000000000007
-0.5299466660305467,1.204836350856735,-20.000000000000007
-0.5051179460114003,1.417652734553845,-20.000000000000007
-0.4567362894323953,1.3859115169689493,-20.000000000000007
-0.3942138105786457,1.5007476402738453,-20.000000000000007
-0.34345445182719103,1.4994963025062045,-20.000000000000007
-0.32280019773049795,1.4990231003582064,-20.000000000000007
-0.2806052636354269,1.4882392549076289,-20.000000000000007
-0.2567799843169307,1.7718874768254966,-20.000000000000007
-0.26657818754098117,1.7617140186301459,-20.000000000000007
-0.2770213813184595,1.5300788191826165,-20.000000000000007
-0.27875792838964797,1.4731592481629834,-20.000000000000007
-0.28739973909406236,1.5520020262216159,-20.000000000000007
-0.30665786529941236,1.5118064236641413,-20.000000000000007
-0.3097487244478251,1.5047213828259638,-20.000000000000007
-0.32713308682454045,1.5002194229077255,-20.000000000000007
-0.3295756158638203,1.4980668800601886,-20.000000000000007
-0.3198218548147726,1.4974919633951238,-20.000000000000007
-0.3362851949293652,1.5007569961984293,-20.000000000000007
-0.33317639899708856,1.4969991867260075,-20.000000000000007
-0.3456042304845693,1.4977712290753584,-20.000000000000007
-0.3633096985715107,1.4988230009191503,-20.000000000000007
-0.3478647980327006,1.4999500358423727,-20.000000000000007
-0.34873404556875065,1.5005526884757092,-20.000000000000007
-0.3482530627969616,1.5013169487357791,-20.000000000000007
-0.34173147829331546,1.4975904685982713,-20.000000000000007
-0.3412379487915745,1.4981471563070587,-20.000000000000007
-0.3404239999486728,1.4987511046203004,-20.000000000000007
-0.3431040921014244,1.499107491053015,-20.000000000000007
-0.3658024615648385,1.4992358150050191,-20.000000000000007
-0.4037296542785088,1.4972830163747797,-20.000000000000007
-0.43145527576727416,1.4065997535009465,-20.000000000000007
-0.47896023644709185,1.3536339533289823,-20.000000000000007
-0.5255135592343548,1.2870577868796884,-20.000000000000007
-0.5289860104040625,1.2778264168377929,-20.000000000000007
-0.5295595045931815,1.28238099190454,-20.000000000000007
-0.5297751702598071,1.283178844198598,-20.000000000000007
-0.5297041217148499,1.21301548104457,-20.000000000000007
-0.5299466660305466,1.204836350856735,-20.000000000000007
-0.532330411233653,1.2004385451167106,-20.000000000000007
-0.532330411233653,1.2004385451167103,-20.000000000000007
-0.5297503346443708,1.212264122898538,-20.000000000000007
-0.52970412171485,1.21301548104457,-20.000000000000007
-0.5299466660305467,1.2048363508567348,-20.000000000000007
-0.5323304112336531,1.2004385451167103,-20.000000000000007
-0.532330411233653,1.2004385451167103,-20.000000000000007
-0.5323304112336531,1.2004385451167106,-20.000000000000007
-0.5323304112336531,1.2004385451167106,-20.000000000000007
-0.4814555175875763,1.3595740565753731,-20.000000000000007
-0.3816477884971135,1.4989001797387043,-20.000000000000007
-0.30891123140916804,1.5077660068053516,-20.000000000000007
-0.3046509177259954,1.5067965437007278,-20.000000000000007
-0.278425118808435,1.4867946420201634,-20.000000000000007
-0.2949592039909286,1.5913305422685433,-20.000000000000007
-0.3224537379935303,1.4985674364106438,-20.000000000000007
-0.3637992165593513,1.4973241014825893,-20.000000000000007
-0.38918699865012885,1.4998285103793267,-20.000000000000007
-0.4151786059017254,1.513056680890138,-20.000000000000007
-0.42976954517734794,1.4111761814433308,-20.000000000000007
-0.43191669385438725,1.4074156094416967,-20.000000000000007
-0.45774151279979125,1.409337801257197,-20.000000000000007
-0.4248037321452621,1.4320016535420381,-20.000000000000007
-0.37765061219935137,1.493042038287182,-20.000000000000007
-0.3543811372876561,1.4993050407268238,-20.000000000000007
-0.3272766434209972,1.5004422522483785,-20.000000000000007
-0.3423892993109068,1.4989006295779295,-20.000000000000007
-0.3715774318189923,1.4979787358119936,-20.000000000000007
-0.36948244613561765,1.5011154097927288,-20.000000000000007
-0.396566228897766,1.4978984796426564,-20.000000000000007
-0.41789239299218806,1.5197421264409794,-20.000000000000007
-0.44368350493696784,1.438694888249916,-20.000000000000007
-0.4441803461781571,1.4347423928422651,-20.000000000000007
-0.4279333090084509,1.4230205307377757,-20.000000000000007
-0.41285297096202456,1.4977885338169052,-20.000000000000007
-0.41194662631542317,1.4971840547774535,-20.000000000000007
-0.4457946518235203,1.443205027156338,-20.000000000000007
-0.5051064680329467,1.4195692941931781,-20.000000000000007
-0.5299466660305467,1.2048363508567348,-20.000000000000007
-0.5323304112336531,1.2004385451167103,-20.000000000000007
-0.5323304112336531,1.2004385451167106,-20.000000000000007
-0.532330411233653,1.2004385451167103,-20.000000000000007
-0.532330411233653,1.2004385451167106,-20.000000000000007
-0.5323304112336531,1.2004385451167106,-20.000000000000007
-0.5323304112336531,1.2004385451167103,-20.000000000000007
-0.5299466660305466,1.2048363508567346,-20.000000000000007
-0.5295595045931815,1.2823809919045397,-20.000000000000007
-0.5297041217148499,1.2130154810445701,-20.000000000000007
-0.5297503346443708,1.2122641228985378,-20.000000000000007
-0.5299466660305467,1.204836350856735,-20.000000000000007
-0.5299466660305466,1.204836350856735,-20.000000000000007
-0.532330411233653,1.2004385451167106,-20.000000000000007
-0.5235921128102573,1.2267241833894234,-20.000000000000007
-0.45645129345382035,1.3818075670975078,-20.000000000000007
-0.384595899863133,1.5003306358339248,-20.000000000000007
-0.3498226950033653,1.5007447033427497,-20.000000000000007
-0.27904186158521965,1.4658209857437952,-20.000000000000007
-0.27534510165993753,1.5791338225699156,-20.000000000000007
-0.30007392608797967,1.5560763465014176,-20.000000000000007
-0.3278062184761674,1.5006853856229108,-20.000000000000007
-0.3773265262898759,1.4977596221932836,-20.000000000000007
-0.39921151061008425,1.4959322211521418,-20.000000000000007
-0.4210986437938232,1.4521280888622032,-20.000000000000007
-0.43593762176661427,1.4052944884469165,-20.000000000000007
-0.4386901070516471,1.4355899541543713,-20.000000000000007
-0.4837359696927416,1.368387136871457,-20.000000000000007
-0.4719401748007247,1.3385838796435472,-20.000000000000007
-0.5049066874434757,1.4231995729922273,-20.000000000000007
-0.5084717508524165,1.351160114325208,-20.000000000000007
-0.48504124710250635,1.3631746505338924,-20.000000000000007
-0.5230860638157242,1.2932144366111458,-20.000000000000007
-0.508892745753395,1.3664230241247488,-20.000000000000007
-0.5281147463047136,1.208335427588896,-20.000000000000007
-0.5299466660305466,1.204836350856735,-20.000000000000007
-0.5304154053239455,1.2048783517851247,-20.000000000000007
-0.532330411233653,1.2004385451167106,-20.000000000000007
-0.5235921128102574,1.2267241833894234,-20.000000000000007
-0.5135622146057336,1.319919182794827,-20.000000000000007
-0.483764685109503,1.3703231481332274,-20.000000000000007
-0.4298382705335079,1.4095755796364324,-20.000000000000007
-0.41190804970988315,1.4969273622819288,-20.000000000000007
-0.42967042711267417,1.412003539855118,-20.000000000000007
-0.5007822196160245,1.3865672910575324,-20.000000000000007
-0.5249933461250921,1.2904920982680286,-20.000000000000007
-0.5295595045931815,1.28238099190454,-20.000000000000007
-0.5297751702598071,1.2831788441985985,-20.000000000000007
-0.5297041217148499,1.21301548104457,-20.000000000000007
-0.5299466660305466,1.204836350856735,-20.000000000000007
-0.5323304112336531,1.2004385451167103,-20.000000000000007
-0.5323304112336531,1.2004385451167106,-20.000000000000007
-0.5297041217148499,1.21301548104457,-20.000000000000007
-0.52970412171485,1.2130154810445701,-20.000000000000007
-0.5299466660305466,1.204836350856735,-20.000000000000007
-0.532330411233653,1.2004385451167106,-20.000000000000007
-0.5323304112336531,1.2004385451167106,-20.000000000000007
-0.532330411233653,1.2004385451167106,-20.000000000000007
-0.532330411233653,1.2004385451167106,-20.000000000000007
-0.4931631384024263,1.3841932390400669,-20.000000000000007
-0.4407074539476543,1.428337770843198,-20.000000000000007
-0.37726261942704853,1.4966946769674185,-20.000000000000007
-0.29659979793520386,1.58934440594987,-20.000000000000007
-0.2567547859489736,1.7713705758462703,-20.000000000000007
-0.2509269948791573,1.729344889771084,-20.000000000000007
-0.2794991150368445,1.467959382785481,-20.000000000000007
-0.2959455744300641,1.5919126717274488,-20.000000000000007
-0.33724788842714915,1.5008680690747762,-20.000000000000007
-0.38066013156025713,1.4996747017509784,-20.000000000000007
-0.4122833024407927,1.4970975759510783,-20.000000000000007
-0.4637778196333592,1.3507256547142565,-20.000000000000007
-0.46383274928110263,1.350032644211711,-20.000000000000007
-0.46043356229312116,1.3875318596188655,-20.000000000000007
-0.4561397385578837,1.3968569058255564,-20.000000000000007
-0.46310378918747375,1.3538161751369744,-20.000000000000007
-0.5021895293930061,1.3941238778255773,-20.000000000000007
-0.5260945511320612,1.294252818759415,-20.000000000000007
-0.5281893997597091,1.215809404290595,-20.000000000000007
-0.5050268231240608,1.419868106408894,-20.000000000000007
-0.5109469047518174,1.3448934500078804,-20.000000000000007
-0.5088927457533952,1.3664230241247486,-20.000000000000007
-0.5279110239171594,1.2121225487555727,-20.000000000000007
-0.5323304112336531,1.2004385451167103,-20.000000000000007
-0.5054736103661315,1.4145534141735798,-20.000000000000007
-0.4782152455774277,1.3502206485584662,-20.000000000000007
-0.42793330900845095,1.4230205307377757,-20.000000000000007
-0.44164049424241336,1.4343309440594691,-20.000000000000007
-0.4810558972712652,1.3590001426130003,-20.000000000000007
-0.5299466660305466,1.204836350856735,-20.000000000000007
-0.5299466660305467,1.204836350856735,-20.000000000000007
-0.5299466660305467,1.2048363508567348,-20.000000000000007
-0.5299466660305466,1.204836350856735,-20.000000000000007
-0.5299466660305467,1.204836350856735,-20.000000000000007
-0.52992645794673,1.2058296236911352,-20.000000000000007
-0.5299466660305466,1.204836350856735,-20.000000000000007
-0.5299466660305467,1.2048363508567348,-20.000000000000007
-0.5297503346443708,1.212264122898538,-20.000000000000007
-0.5297041217148499,1.2130154810445701,-20.000000000000007
-0.5299466660305466,1.204836350856735,-20.000000000000007
-0.532330411233653,1.2004385451167106,-20.000000000000007
-0.532330411233653,1.2004385451167106,-20.000000000000007
-0.5323304112336531,1.2004385451167103,-20.000000000000007
-0.5323304112336531,1.2004385451167103,-20.000000000000007
-0.5109469047518174,1.3448934500078804,-20.000000000000007
-0.4531086675251341,1.3926974435284734,-20.000000000000007
-0.40502313709744453,1.5011230820308072,-20.000000000000007
-0.3499692752907272,1.5020624912109133,-20.000000000000007
-0.3379615949421811,1.5001772416391366,-20.000000000000007
-0.32283720834113916,1.4990617505016295,-20.000000000000007
-0.3492153575891762,1.4987496155445534,-20.000000000000007
-0.335577741311076,1.4994299700061717,-20.000000000000007
-0.35962056285029786,1.4976588225336196,-20.000000000000007
-0.39996634954133087,1.4963020029078289,-20.000000000000007
-0.3890406221592387,1.49954554001355,-20.000000000000007
-0.42960455204772907,1.4126394227380872,-20.000000000000007
-0.41125529994372195,1.4964614581599969,-20.000000000000007
-0.41874167157235714,1.4944818685003256,-20.000000000000007
-0.4317972300652949,1.4061648264817121,-20.000000000000007
-0.4385401714009471,1.434582569710081,-20.000000000000007
-0.46003154190943324,1.3852220913568354,-20.000000000000007
-0.4294552636587824,1.4117953978900248,-20.000000000000007
-0.4648604143052533,1.3502649793044452,-20.000000000000007
-0.44316633213833434,1.4443340720638551,-20.000000000000007
-0.4728380459071637,1.3344192763904492,-20.000000000000007
-0.5051064680329467,1.419569294193178,-20.000000000000007
-0.4649239891864876,1.3472449283724253,-20.000000000000007
-0.4790354804959442,1.3550033801360568,-20.000000000000007
-0.4368400970746559,1.419030082954762,-20.000000000000007
-0.41595847215746184,1.5194794373674085,-20.000000000000007
-0.41089708221935706,1.4953634837298142,-20.000000000000007
-0.41791523119424595,1.4955254951461119,-20.000000000000007
-0.45767184819924156,1.4103692528135015,-20.000000000000007
-0.5131921241122374,1.320508458891598,-20.000000000000007
-0.5289860104040625,1.2778264168377929,-20.000000000000007
-0.5295595045931815,1.28238099190454,-20.000000000000007
-0.5299520531199347,1.273858018311458,-20.000000000000007
-0.5297503346443708,1.2122641228985378,-20.000000000000007
-0.5299466660305466,1.2048363508567348,-20.000000000000007
-0.532330411233653,1.2004385451167106,-20.000000000000007
-0.5299466660305466,1.204836350856735,-20.000000000000007
-0.5299520531199347,1.273858018311458,-20.000000000000007
-0.5297041217148499,1.2130154810445701,-20.000000000000007
-0.5297041217148499,1.2130154810445701,-20.000000000000007
-0.52970412171485,1.2130154810445701,-20.000000000000007
-0.5042525376813355,1.4105663131622963,-20.000000000000007
-0.3831727694102414,1.503110499642135,-20.000000000000007
-0.3015762558074406,1.5389990622252379,-20.000000000000007
-0.3072398290564171,1.5094781150519188,-20.000000000000007
-0.28003068330079445,1.515134797379843,-20.000000000000007
-0.2791294503324053,1.4624896225013033,-20.000000000000007
-0.30130640372307715,1.5423403938790974,-20.000000000000007
-0.2553086674360319,1.7679087453312388,-20.000000000000007
-0.31140726895288623,1.4993464598473933,-20.000000000000007
-0.3155081290640961,1.4949157633151202,-20.000000000000007
-0.3224533312007285,1.4985284785857518,-20.000000000000007
-0.387826100270278,1.50107319375486,-20.000000000000007
-0.3776491680128108,1.4966707682444738,-20.000000000000007
-0.456254694974692,1.394141203770391,-20.000000000000007
-0.45140667428869696,1.4079599549473993,-20.000000000000007
-0.43584130122442616,1.4053482139120992,-20.000000000000007
-0.44733972333639127,1.4302014071295592,-20.000000000000007
-0.38884471415763344,1.4975895382854487,-20.000000000000007
-0.41247135453031847,1.496426004158158,-20.000000000000007
-0.36802243437009363,1.499071055324335,-20.000000000000007
-0.36805966910973875,1.5005998905624842,-20.000000000000007
-0.4033688068908058,1.4985064614349655,-20.000000000000007
-0.43395475793547394,1.402718792161874,-20.000000000000007
-0.4847188066415845,1.3546218842779916,-20.000000000000007
-0.4931631384024263,1.3841932390400669,-20.000000000000007
-0.516182774428325,1.274213469869638,-20.000000000000007
-0.5053837849916603,1.4161145466017013,-20.000000000000007
-0.4864626389817346,1.3567782160724762,-20.000000000000007
-0.47331573521895537,1.3368696296664107,-20.000000000000007
-0.4367660122482089,1.413871795644292,-20.000000000000007
-0.4563980522754418,1.3824316692583725,-20.000000000000007
-0.4846506471195697,1.35440086517457,-20.000000000000007
-0.5281147463047137,1.208335427588896,-20.000000000000007
-0.5299466660305467,1.204836350856735,-20.000000000000007
-0.5323304112336531,1.2004385451167106,-20.000000000000007
-0.532330411233653,1.2004385451167103,-20.000000000000007
-0.5323304112336531,1.2004385451167106,-20.000000000000007
-0.5323304112336531,1.2004385451167103,-20.000000000000007
-0.532330411233653,1.2004385451167106,-20.000000000000007
-0.5299466660305467,1.204836350856735,-20.000000000000007
-0.5295595045931816,1.28238099190454,-20.000000000000007
-0.52970412171485,1.21301548104457,-20.000000000000007
-0.52970412171485,1.21301548104457,-20.000000000000007
-0.5297041217148499,1.21301548104457,-20.000000000000007
-0.4587039157730649,1.392632786006941,-20.000000000000007
-0.35333649318564014,1.5010320099214312,-20.000000000000007
-0.2952921453964855,1.592977347531367,-20.000000000000007
-0.28782292799143194,1.5732698110325467,-20.000000000000007
-0.26154143127394536,1.7668536961321677,-20.000000000000007
-0.2806052636354269,1.4882392549076289,-20.000000000000007
-0.27840078160404447,1.486665332127419,-20.000000000000007
-0.30090946037999944,1.5460218764930331,-20.000000000000007
-0.31463527931154717,1.4956303599468475,-20.000000000000007
-0.355414052776001,1.5003833050152486,-20.000000000000007
-0.410897082219357,1.495363483729814,-20.000000000000007
-0.3930104834586283,1.5019402658177554,-20.000000000000007
-0.4736388022760444,1.3419042287590022,-20.000000000000007
-0.45631299246310864,1.395340680444182,-20.000000000000007
-0.4735368851942042,1.3418548327734046,-20.000000000000007
-0.5142868828860379,1.3264321926812181,-20.000000000000007
-0.44548670235751076,1.4386790086755534,-20.000000000000007
-0.4649668033419422,1.3469907042849245,-20.000000000000007
-0.4187496022834606,1.493611864634359,-20.000000000000007
-0.4184878068045613,1.5051039809863338,-20.000000000000007
-0.43566292628298775,1.4050268189467923,-20.000000000000007
-0.4168645708965858,1.5163805579080654,-20.000000000000007
-0.4612729182076422,1.3696293823395638,-20.000000000000007
-0.41768365244144795,1.5173330455572005,-20.000000000000007
-0.48500332185284517,1.3539792118014353,-20.000000000000007
-0.5043148457231501,1.4115430487866387,-20.000000000000007
-0.48480597356386645,1.3551653642623467,-20.000000000000007
-0.4818569605046036,1.3623520413862327,-20.000000000000007
-0.41371052480970427,1.5038134498614073,-20.000000000000007
-0.41146820051593563,1.4962469105342788,-20.000000000000007
-0.42958118167433607,1.4131356851216414,-20.000000000000007
-0.473758390903473,1.3422371071993595,-20.000000000000007
-0.5095445176734115,1.3414278995862707,-20.000000000000007
-0.5289860104040626,1.2778264168377929,-20.000000000000007
-0.5295595045931816,1.28238099190454,-20.000000000000007
-0.5294379541647681,1.2200644634874847,-20.000000000000007
-0.52970412171485,1.21301548104457,-20.000000000000007
-0.5297503346443708,1.212264122898538,-20.000000000000007
-0.5299466660305467,1.204836350856735,-20.000000000000007
-0.5299466660305467,1.204836350856735,-20.000000000000007
-0.5297503346443707,1.2122641228985382,-20.000000000000007
-0.5297503346443708,1.212264122898538,-20.000000000000007
-0.5299466660305466,1.204836350856735,-20.000000000000007
-0.5299466660305467,1.204836350856735,-20.000000000000007
-0.5299466660305466,1.2048363508567352,-20.000000000000007
-0.5255121226511903,1.2172653091213974,-20.000000000000007
-0.4814555175875763,1.3595740565753733,-20.000000000000007
-0.46183629145846167,1.363183606472567,-20.000000000000007
-0.4304935344176863,1.4063706891959968,-20.000000000000007
-0.42722865313875663,1.4187295942763662,-20.000000000000007
-0.41515498221243746,1.5130978580348393,-20.000000000000007
-0.4296975185912876,1.411282703710759,-20.000000000000007
-0.44428157765643334,1.4331597978926482,-20.000000000000007
-0.4849334303207652,1.3650679767442164,-20.000000000000007
-0.5041978584900978,1.4064813590096203,-20.000000000000007
-0.5277052809811676,1.2759412083348038,-20.000000000000007
-0.5278362928687368,1.2751777789083412,-20.000000000000007
-0.5289860104040625,1.2778264168377929,-20.000000000000007
-0.5289860104040625,1.2778264168377929,-20.000000000000007
-0.5295595045931816,1.2823809919045397,-20.000000000000007
-0.5294379541647681,1.220064463487485,-20.000000000000007
-0.5295595045931815,1.2823809919045397,-20.000000000000007
-0.5289860104040626,1.2778264168377929,-20.000000000000007
-0.5295595045931816,1.28238099190454,-20.000000000000007
-0.5297503346443707,1.212264122898538,-20.000000000000007
-0.5299466660305466,1.2048363508567348,-20.000000000000007
-0.5299466660305467,1.204836350856735,-20.000000000000007
-0.5323304112336531,1.2004385451167106,-20.000000000000007
-0.532330411233653,1.2004385451167106,-20.000000000000007
-0.532330411233653,1.2004385451167106,-20.000000000000007
-0.5299466660305466,1.2048363508567348,-20.000000000000007
-0.52970412171485,1.2130154810445701,-20.000000000000007
-0.5088927457533952,1.3664230241247488,-20.000000000000007
-0.45581906311997594,1.3805229383733433,-20.000000000000007
-0.47961958795820636,1.3560376254400952,-20.000000000000007
-0.5209897361039894,1.2318624184297193,-20.000000000000007
-0.5299466660305466,1.204836350856735,-20.000000000000007
-0.5323304112336531,1.2004385451167103,-20.000000000000007
-0.532330411233653,1.2004385451167106,-20.000000000000007
-0.5299466660305466,1.204836350856735,-20.000000000000007
-0.5323304112336531,1.2004385451167103,-20.000000000000007
-0.532330411233653,1.2004385451167103,-20.000000000000007
-0.5323304112336531,1.2004385451167106,-20.000000000000007
-0.5299466660305466,1.204836350856735,-20.000000000000007
-0.5295595045931816,1.28238099190454,-20.000000000000007
-0.52970412171485,1.2130154810445701,-20.000000000000007
-0.52992645794673,1.2058296236911357,-20.000000000000007
-0.5297503346443708,1.212264122898538,-20.000000000000007
-0.5109469047518174,1.3448934500078804,-20.000000000000007
-0.4369924717194186,1.4172950066878967,-20.000000000000007
-0.35324494920449084,1.5006151668136194,-20.000000000000007
-0.28098335050850076,1.509440617376257,-20.000000000000007
-0.30985734886081684,1.5047171274574804,-20.000000000000007
-0.3043258873732406,1.5061705387306423,-20.000000000000007
-0.3036158817974238,1.5144008119997179,-20.000000000000007
-0.3570044846167475,1.5005886401227018,-20.000000000000007
-0.3543663534912822,1.4992400676578794,-20.000000000000007
-0.4237057301091803,1.433677571224086,-20.000000000000007
-0.4304774325468359,1.4079024144995567,-20.000000000000007
-0.484654623100352,1.3686142242560848,-20.000000000000007
-0.49771668579407735,1.3819764146609375,-20.000000000000007
-0.49058468464652805,1.3912467888137194,-20.000000000000007
-0.516573601862681,1.30501726549539,-20.000000000000007
-0.47928191903988454,1.3540598197978428,-20.000000000000007
-0.5289860104040625,1.2778264168377929,-20.000000000000007
-0.5287996077272437,1.279216999555091,-20.000000000000007
-0.5278362928687368,1.275177778908341,-20.000000000000007
-0.5289860104040626,1.2778264168377926,-20.000000000000007
-0.5297041217148499,1.21301548104457,-20.000000000000007
-0.52970412171485,1.21301548104457,-20.000000000000007
-0.5281147463047136,1.2083354275888958,-20.000000000000007
-0.5297503346443707,1.212264122898538,-20.000000000000007
-0.5299466660305467,1.2048363508567348,-20.000000000000007
-0.5299466660305467,1.204836350856735,-20.000000000000007
-0.5297041217148499,1.21301548104457,-20.000000000000007
-0.5284508971472769,1.2799466257576806,-20.000000000000007
-0.5095445176734115,1.3414278995862705,-20.000000000000007
-0.44558240377693537,1.4361966131839148,-20.000000000000007
-0.4442563625220572,1.4330915637747068,-20.000000000000007
-0.4754499387909003,1.3445351075816419,-20.000000000000007
-0.5039347368394513,1.41054128929469,-20.000000000000007
-0.5289860104040625,1.2778264168377929,-20.000000000000007
-0.5300079310451383,1.2794635503343166,-20.000000000000007
-0.529437954164768,1.2200644634874849,-20.000000000000007
-0.5297503346443708,1.2122641228985378,-20.000000000000007
-0.5299466660305467,1.204836350856735,-20.000000000000007
-0.532330411233653,1.2004385451167106,-20.000000000000007
-0.5299466660305467,1.204836350856735,-20.000000000000007
-0.5299520531199347,1.2738580183114578,-20.000000000000007
-0.5297503346443707,1.212264122898538,-20.000000000000007
-0.5299466660305466,1.2048363508567348,-20.000000000000007
-0.5299466660305466,1.204836350856735,-20.000000000000007
-0.5299466660305467,1.204836350856735,-20.000000000000007
-0.5281147463047137,1.2083354275888958,-20.000000000000007
-0.4442832114074854,1.4360663726885032,-20.000000000000007
-0.35833489649686723,1.5010579980360046,-20.000000000000007
-0.2929220562466243,1.586391212461882,-20.000000000000007
-0.2704927592345097,1.7044255040025564,-20.000000000000007
-0.28500616045125055,1.5348786479170937,-20.000000000000007
-0.3179667630369377,1.4970899085288838,-20.000000000000007
-0.335577741311076,1.4994299700061717,-20.000000000000007
-0.38062479893184586,1.5004261728027317,-20.000000000000007
-0.36990373279178107,1.4991845951371863,-20.000000000000007
-0.4433318120139905,1.4431113766762558,-20.000000000000007
-0.4500686918343033,1.414994877417401,-20.000000000000007
-0.49491245505119963,1.388937159944772,-20.000000000000007
-0.5142868828860379,1.3264321926812181,-20.000000000000007
-0.505262162948543,1.4175938964928527,-20.000000000000007
-0.5248215345218101,1.2923594775663412,-20.000000000000007
-0.47553279726341097,1.3444572569462905,-20.000000000000007
-0.5095445176734115,1.3414278995862707,-20.000000000000007
-0.4836667161943858,1.3698420702314664,-20.000000000000007
-0.5275843749551183,1.2952453146312204,-20.000000000000007
-0.5297503346443707,1.2122641228985378,-20.000000000000007
-0.5299466660305466,1.2048363508567348,-20.000000000000007
-0.5299466660305467,1.2048363508567348,-20.000000000000007
-0.5299466660305467,1.2048363508567348,-20.000000000000007
-0.5299466660305467,1.2048363508567348,-20.000000000000007
-0.5212666259739234,1.2271271316021182,-20.000000000000007
-0.4838299838125514,1.3621228802285075,-20.000000000000007
-0.4583749321196837,1.3936593266994592,-20.000000000000007
-0.43775967302522323,1.4221418406226303,-20.000000000000007
-0.4768101302517399,1.3413995308197784,-20.000000000000007
-0.52539658694811,1.2175432926394432,-20.000000000000007
-0.5299466660305467,1.2048363508567348,-20.000000000000007
-0.5323304112336531,1.2004385451167106,-20.000000000000007
-0.5323304112336531,1.2004385451167106,-20.000000000000007
-0.5323304112336531,1.2004385451167106,-20.000000000000007
-0.5323304112336531,1.2004385451167103,-20.000000000000007
-0.5323304112336531,1.2004385451167106,-20.000000000000007
-0.5323304112336531,1.2004385451167106,-20.000000000000007
-0.5299466660305467,1.2048363508567348,-20.000000000000007
-0.5295595045931816,1.2823809919045397,-20.000000000000007
-0.52970412171485,1.21301548104457,-20.000000000000007
-0.5299466660305466,1.204836350856735,-20.000000000000007
-0.5299466660305466,1.204836350856735,-20.000000000000007
-0.5299466660305467,1.204836350856735,-20.000000000000007
-0.5297503346443708,1.212264122898538,-20.000000000000007
-0.4772261104337969,1.3461124863939467,-20.000000000000007
-0.4317442757356492,1.4046112338548635,-20.000000000000007
-0.4157156832340102,1.5067550438918083,-20.000000000000007
-0.3374800380586398,1.500455056735022,-20.000000000000007
-0.3433908167432795,1.499010886563287,-20.000000000000007
-0.3230929644263804,1.5001292893484992,-20.000000000000007
-0.3460897794256466,1.496041455203636,-20.000000000000007
-0.3681252214211197,1.4987912936749506,-20.000000000000007
-0.38442701193122636,1.4998936462786552,-20.000000000000007
-0.4292618799130289,1.4163938970281142,-20.000000000000007
-0.40358949007075606,1.4992216185820633,-20.000000000000007
-0.44739250766234756,1.4304400023362063,-20.000000000000007
-0.46377781963335923,1.3507256547142565,-20.000000000000007
-0.4778075257810599,1.349920465421146,-20.000000000000007
-0.5049066874434757,1.4231995729922269,-20.000000000000007
-0.49771919152888505,1.381473862197971,-20.000000000000007
-0.5039462148179048,1.4086247296553573,-20.000000000000007
-0.473758390903473,1.3422371071993595,-20.000000000000007
-0.5097384271568741,1.3580887111763718,-20.000000000000007
-0.5043148457231501,1.4115430487866387,-20.000000000000007
-0.5187554539075336,1.255436930004477,-20.000000000000007
-0.5299466660305466,1.2048363508567348,-20.000000000000007
-0.5299466660305467,1.2048363508567346,-20.000000000000007
-0.5299466660305467,1.2048363508567348,-20.000000000000007
-0.5266148793967284,1.2256290246460004,-20.000000000000007
-0.4940804543956911,1.384091047054871,-20.000000000000007
-0.43872334231802756,1.4336725667181138,-20.000000000000007
-0.40489169994070734,1.4996331861566614,-20.000000000000007
-0.44114000188605473,1.4295981218942049,-20.000000000000007
-0.4895771386752101,1.401007259948526,-20.000000000000007
-0.5201473040065008,1.2898206573066195,-20.000000000000007
-0.5289860104040625,1.2778264168377926,-20.000000000000007
-0.5295595045931816,1.28238099190454,-20.000000000000007
-0.529437954164768,1.2200644634874849,-20.000000000000007
-0.5297503346443707,1.2122641228985378,-20.000000000000007
-0.5299466660305466,1.204836350856735,-20.000000000000007
-0.5299466660305466,1.204836350856735,-20.000000000000007
-0.5299466660305467,1.204836350856735,-20.000000000000007
-0.52970412171485,1.2130154810445701,-20.000000000000007
-0.5297503346443707,1.212264122898538,-20.000000000000007
-0.5299466660305466,1.204836350856735,-20.000000000000007
-0.5299466660305467,1.204836350856735,-20.000000000000007
-0.5299466660305466,1.204836350856735,-20.000000000000007
-0.483180276761506,1.3650631678166387,-20.000000000000007
-0.4019618959336414,1.4955473793249943,-20.000000000000007
-0.3190071679562628,1.4972069152430123,-20.000000000000007
-0.2830692610102159,1.5195339392600882,-20.000000000000007
-0.27049275923450966,1.7044255040025564,-20.000000000000007
-0.3099279460934184,1.5028361309800204,-20.000000000000007
-0.33796159494218103,1.5001772416391368,-20.000000000000007
-0.3680224343700936,1.4990710553243347,-20.000000000000007
-0.3914195307053919,1.503157220404251,-20.000000000000007
-0.368184968522418,1.4985053214082373,-20.000000000000007
-0.4194256593864785,1.4718678959298601,-20.000000000000007
-0.3838043418571019,1.4985037862114845,-20.000000000000007
-0.44543787672602897,1.435942081147397,-20.000000000000007
-0.4608797848058108,1.3763386785551948,-20.000000000000007
-0.4755785745259847,1.3443204200277437,-20.000000000000007
-0.5049066874434758,1.4231995729922269,-20.000000000000007
-0.4982071533266076,1.3842518983782583,-20.000000000000007
-0.5137547615902084,1.317211229496783,-20.000000000000007
-0.45674708362689614,1.401687956771154,-20.000000000000007
-0.5110275134048601,1.3507693147146345,-20.000000000000007
-0.49316313840242637,1.3841932390400669,-20.000000000000007
-0.5255121226511904,1.2172653091213972,-20.000000000000007
-0.5299466660305466,1.204836350856735,-20.000000000000007
-0.5299466660305467,1.204836350856735,-20.000000000000007
-0.5299466660305467,1.204836350856735,-20.000000000000007
-0.5212666259739234,1.2271271316021182,-20.000000000000007
-0.49898042134664133,1.385066628739932,-20.000000000000007
-0.44617368648665845,1.4376936844574548,-20.000000000000007
-0.42948230958212574,1.4094443724861114,-20.000000000000007
-0.4728380459071637,1.3344192763904492,-20.000000000000007
-0.5266764831189765,1.2167892065627566,-20.000000000000007
-0.5323304112336531,1.2004385451167103,-20.000000000000007
-0.532330411233653,1.2004385451167106,-20.000000000000007
-0.5323304112336531,1.2004385451167106,-20.000000000000007
-0.532330411233653,1.2004385451167106,-20.000000000000007
-0.5323304112336531,1.2004385451167106,-20.000000000000007
-0.5323304112336531,1.2004385451167106,-20.000000000000007
-0.5323304112336531,1.2004385451167106,-20.000000000000007
-0.5299466660305467,1.204836350856735,-20.000000000000007
-0.52970412171485,1.21301548104457,-20.000000000000007
-0.5297503346443707,1.2122641228985378,-20.000000000000007
-0.5299466660305467,1.204836350856735,-20.000000000000007
-0.5299466660305467,1.204836350856735,-20.000000000000007
-0.5297041217148499,1.2130154810445701,-20.000000000000007
-0.4425290163806701,1.443950298025178,-20.000000000000007
-0.3918156415112887,1.5039955726762306,-20.000000000000007
-0.429522407707689,1.410476668159836,-20.000000000000007
-0.38212134598057645,1.5007688662819338,-20.000000000000007
-0.39701044554888154,1.498170482368053,-20.000000000000007
-0.4124923511557129,1.4981139519180744,-20.000000000000007
-0.3452869577036484,1.4975204261382387,-20.000000000000007
-0.3819299663526029,1.499310669357966,-20.000000000000007
-0.3780540730328781,1.4972648714621613,-20.000000000000007
-0.40358949007075606,1.4992216185820637,-20.000000000000007
-0.43177074828645756,1.4068909617036056,-20.000000000000007
-0.4432197161562041,1.4442310916114525,-20.000000000000007
-0.5010030806629848,1.3877023566225153,-20.000000000000007
-0.4784533362643614,1.351270502677175,-20.000000000000007
-0.5093760792396647,1.3638090907920977,-20.000000000000007
-0.5051064680329467,1.419569294193178,-20.000000000000007
-0.48288849883146734,1.3716518025973934,-20.000000000000007
-0.524056736792633,1.2851786482631995,-20.000000000000007
-0.4874388299300766,1.3643074015315848,-20.000000000000007
-0.5281893997597091,1.2158094042905951,-20.000000000000007
-0.5264541697622109,1.2172788417550284,-20.000000000000007
-0.5096471999018264,1.3539510097180343,-20.000000000000007
-0.532330411233653,1.2004385451167106,-20.000000000000007
-0.508892745753395,1.3664230241247486,-20.000000000000007
-0.532330411233653,1.2004385451167103,-20.000000000000007
-0.5262382247852422,1.293180137351236,-20.000000000000007
-0.4949343339281567,1.3888825593264733,-20.000000000000007
-0.45881991521709625,1.3999948883889548,-20.000000000000007
-0.410246213606406,1.496455566728748,-20.000000000000007
-0.42976954517734794,1.4111761814433306,-20.000000000000007
-0.4731135418248279,1.341639677276125,-20.000000000000007
-0.523875545872651,1.2873109268582232,-20.000000000000007
-0.5289860104040625,1.2778264168377926,-20.000000000000007
-0.5295595045931815,1.2823809919045397,-20.000000000000007
-0.5297041217148499,1.21301548104457,-20.000000000000007
-0.5299466660305466,1.2048363508567348,-20.000000000000007
-0.5299466660305466,1.2048363508567348,-20.000000000000007
-0.532330411233653,1.2004385451167106,-20.000000000000007
-0.5299466660305466,1.2048363508567348,-20.000000000000007
-0.5297041217148499,1.21301548104457,-20.000000000000007
-0.5299466660305467,1.204836350856735,-20.000000000000007
-0.532330411233653,1.2004385451167106,-20.000000000000007
-0.5323304112336531,1.2004385451167106,-20.000000000000007
-0.5323304112336531,1.2004385451167103,-20.000000000000007
-0.5323304112336531,1.2004385451167106,-20.000000000000007
-0.532330411233653,1.2004385451167106,-20.000000000000007
-0.48762793083058986,1.3671536236709751,-20.000000000000007
-0.4296470567392812,1.4124998022386723,-20.000000000000007
-0.38067738427030323,1.5000842747470133,-20.000000000000007
-0.32166614665089666,1.4991698978623098,-20.000000000000007
-0.2869198409365515,1.5494559971188626,-20.000000000000007
-0.29491208115825124,1.591223258690142,-20.000000000000007
-0.28017850664265614,1.480862278267007,-20.000000000000007
-0.30256466588468595,1.5287374112881384,-20.000000000000007
-0.3223628531422245,1.4985115978426455,-20.000000000000007
-0.3359886620549727,1.5002583600523454,-20.000000000000007
-0.40000345226167355,1.496033555910012,-20.000000000000007
-0.4101118295890798,1.496430714092568,-20.000000000000007
-0.42688950162709727,1.4239673310956273,-20.000000000000007
-0.41826923853289427,1.507458163737212,-20.000000000000007
-0.3681003791121131,1.4999499412854234,-20.000000000000007
-0.34824299739997777,1.5009226869276964,-20.000000000000007
-0.2945868128588187,1.5953440870305233,-20.000000000000007
-0.3150029955127862,1.4941883312827242,-20.000000000000007
-0.34842473469633234,1.5009715419742358,-20.000000000000007
-0.4131120717914658,1.498876202790738,-20.000000000000007
-0.4456204384632224,1.438768155769133,-20.000000000000007
-0.4565390225060386,1.383187580287491,-20.000000000000007
-0.4646711148071577,1.3450435343527145,-20.000000000000007
-0.4435193376509595,1.4406815040165821,-20.000000000000007
-0.4475191221991335,1.4310777222113167,-20.000000000000007
-0.44512897937247603,1.4363428571289245,-20.000000000000007
-0.4437894035883968,1.4377156852877455,-20.000000000000007
-0.4639338749619758,1.3472332067786723,-20.000000000000007
-0.5096471999018264,1.3539510097180343,-20.000000000000007
-0.5323304112336531,1.2004385451167103,-20.000000000000007
-0.5323304112336531,1.2004385451167103,-20.000000000000007
-0.5323304112336531,1.2004385451167106,-20.000000000000007
-0.532330411233653,1.2004385451167103,-20.000000000000007
-0.5323304112336531,1.2004385451167103,-20.000000000000007
-0.532330411233653,1.2004385451167103,-20.000000000000007
-0.532330411233653,1.2004385451167106,-20.000000000000007
-0.5299466660305467,1.204836350856735,-20.000000000000007
-0.5297041217148499,1.2130154810445701,-20.000000000000007
-0.5299466660305466,1.204836350856735,-20.000000000000007
-0.532330411233653,1.2004385451167106,-20.000000000000007
-0.5323304112336531,1.2004385451167103,-20.000000000000007
-0.5323304112336531,1.2004385451167106,-20.000000000000007
-0.5250663996218176,1.2139508466213076,-20.000000000000007
-0.5043148457231502,1.4115430487866385,-20.000000000000007
-0.4726926934025635,1.335421192131074,-20.000000000000007
-0.4023079322048059,1.4974959027881165,-20.000000000000007
-0.39288759145675756,1.5019572187991197,-20.000000000000007
-0.3578524914997845,1.5001962788280137,-20.000000000000007
-0.278614720134564,1.4825899495104604,-20.000000000000007
-0.2912171553362285,1.584535802106468,-20.000000000000007
-0.32623052220008936,1.4997216446323598,-20.000000000000007
-0.37732652628987595,1.4977596221932834,-20.000000000000007
-0.4174996617894521,1.5066815318327111,-20.000000000000007
-0.41089708221935706,1.4953634837298135,-20.000000000000007
-0.4253076863122232,1.4319728802413023,-20.000000000000007
-0.4187496022834606,1.4936118646343592,-20.000000000000007
-0.4608426530366726,1.3777740564837146,-20.000000000000007
-0.5031896692861658,1.3992352022419925,-20.000000000000007
-0.5090065354094082,1.3503052644404372,-20.000000000000007
-0.5239770126006809,1.2874302922852445,-20.000000000000007
-0.47836125197236545,1.350584520422017,-20.000000000000007
-0.5015828740866694,1.3920531660248476,-20.000000000000007
-0.5018280465710235,1.393139246024557,-20.000000000000007
-0.5249260652154171,1.2144990146010455,-20.000000000000007
-0.5323304112336531,1.2004385451167103,-20.000000000000007
-0.5193164182528638,1.2614282908431245,-20.000000000000007
-0.5288278109234088,1.213377672432204,-20.000000000000007
-0.5005886984896138,1.3877241551856845,-20.000000000000007
-0.4600315419094333,1.3852220913568352,-20.000000000000007
-0.4711875185582841,1.3413134811421645,-20.000000000000007
-0.4272286531387566,1.4187295942763662,-20.000000000000007
-0.42865397479363593,1.4257401055662078,-20.000000000000007
-0.4729504007996237,1.338305709911326,-20.000000000000007
-0.5240567367926329,1.2851786482631997,-20.000000000000007
-0.5289860104040625,1.2778264168377926,-20.000000000000007
-0.5295595045931815,1.2823809919045397,-20.000000000000007
-0.52970412171485,1.21301548104457,-20.000000000000007
-0.5299466660305466,1.2048363508567346,-20.000000000000007
-0.5323304112336531,1.2004385451167106,-20.000000000000007
-0.5323304112336531,1.2004385451167106,-20.000000000000007
-0.5299466660305466,1.204836350856735,-20.000000000000007
-0.52970412171485,1.21301548104457,-20.000000000000007
-0.5299466660305467,1.2048363508567348,-20.000000000000007
-0.532330411233653,1.2004385451167103,-20.000000000000007
-0.5323304112336531,1.2004385451167103,-20.000000000000007
-0.5323304112336531,1.2004385451167106,-20.000000000000007
-0.5323304112336531,1.2004385451167106,-20.000000000000007
-0.5323304112336531,1.2004385451167103,-20.000000000000007
-0.5323304112336531,1.2004385451167103,-20.000000000000007
-0.5200676590976149,1.290119469522336,-20.000000000000007
-0.4247907700138044,1.4281143609209916,-20.000000000000007
-0.4170648848271422,1.5093328283976,-20.000000000000007
-0.35700448461674744,1.5005886401227018,-20.000000000000007
-0.3818552417702994,1.4984357621195887,-20.000000000000007
-0.4169577678159391,1.5186533915515206,-20.000000000000007
-0.4468799755225298,1.434376249754379,-20.000000000000007
-0.47295040079962375,1.3383057099113262,-20.000000000000007
-0.4854243708222753,1.355536108124608,-20.000000000000007
-0.5032356840080212,1.4028809081898714,-20.000000000000007
-0.505528001928803,1.4160557085407093,-20.000000000000007
-0.5218635227045647,1.2928459711970455,-20.000000000000007
-0.5280324052516889,1.2178150690182983,-20.000000000000007
-0.5295595045931815,1.2823809919045397,-20.000000000000007
-0.5295595045931816,1.28238099190454,-20.000000000000007
-0.5297503346443707,1.2122641228985378,-20.000000000000007
-0.5299466660305467,1.2048363508567348,-20.000000000000007
-0.5299466660305467,1.2048363508567348,-20.000000000000007
-0.5299466660305467,1.2048363508567348,-20.000000000000007
-0.5323304112336531,1.2004385451167103,-20.000000000000007
-0.532330411233653,1.2004385451167106,-20.000000000000007
-0.532330411233653,1.2004385451167103,-20.000000000000007
-0.5297503346443708,1.2122641228985378,-20.000000000000007
-0.5295595045931816,1.28238099190454,-20.000000000000007
-0.5018280465710235,1.3931392460245569,-20.000000000000007
-0.43034352422790684,1.4058027653904912,-20.000000000000007
-0.40275515621858793,1.4966822228242214,-20.000000000000007
-0.3518703569494731,1.498269977413699,-20.000000000000007
-0.29451862653002947,1.5976497014589541,-20.000000000000007
-0.2060544443708511,1.7696012826284684,-20.000000000000007
-0.1316233486773816,1.512553191202664,-20.000000000000007
-0.12405129492932988,1.5281230603556573,-20.000000000000007
-0.12540407940220547,1.5225030507157358,-20.000000000000007
-0.12540407940220547,1.5225030507157356,-20.000000000000007
-0.12942838191366204,1.5266195020865654,-20.000000000000007
-0.12962373824809625,1.5255562980702628,-20.000000000000007
-0.13496593015556185,1.490400499773179,-20.000000000000007
-0.1350079976204999,1.4901723146345818,-20.000000000000007
-0.13766033188648452,1.4110074467856226,-20.000000000000007
-0.1497541574130439,1.4356391577721637,-20.000000000000007
-0.14969871320520373,1.4376750065870232,-20.000000000000007
-0.17950911580190798,1.5810607140359076,-20.000000000000007
-0.17694296547815702,1.572743141012019,-20.000000000000007
-0.17950911580190798,1.5810607140359072,-20.000000000000007
-0.18842511370101273,1.5738540301251946,-20.000000000000007
-0.17950911580190798,1.5810607140359074,-20.000000000000007
-0.18888897604606414,1.574862788567904,-20.000000000000007
-0.18885818653230285,1.5776548930151268,-20.000000000000007
-0.20473650305093238,1.7580889424488184,-20.000000000000007
-0.2208853973376787,1.931145289038375,-20.000000000000007
-0.2182751281321456,1.9327711581825628,-20.000000000000007
-0.2203305505907092,1.9384815235691368,-20.000000000000007
-0.18911923876494982,1.575673225702896,-20.000000000000007
-0.21248743473298976,1.8569242044846714,-20.000000000000007
-0.19303815211615682,1.6120202560143864,-20.000000000000007
-0.2060544443708511,1.7696012826284684,-20.000000000000007
-0.22700039482394935,1.9319837126790782,-20.000000000000007
-0.18885818653230282,1.5776548930151266,-20.000000000000007
-0.22117610000737895,1.9371965699065872,-20.000000000000007
-0.20438912631107453,1.7467571198479008,-20.000000000000007
-0.21317093014728142,1.858723697345102,-20.000000000000007
-0.2319692397184688,1.9142976453010256,-20.000000000000007
-0.20621950573589576,1.7693061823890073,-20.000000000000007
-0.22140461161028016,1.9284170608693036,-20.000000000000007
-0.19585537949812198,1.6384858842004735,-20.000000000000007
-0.21297145694215708,1.8551211557628875,-20.000000000000007
-0.2627692744076619,1.76256091626998,-20.000000000000007
-0.3016919677366312,1.537138308646687,-20.000000000000007
-0.3534255189871397,1.500847720226422,-20.000000000000007
-0.3893351137146823,1.5013975328304963,-20.000000000000007
-0.37732652628987595,1.4977596221932836,-20.000000000000007
-0.3427649025891315,1.4980925432631311,-20.000000000000007
-0.27912945033240527,1.462489622501303,-20.000000000000007
-0.18842511370101273,1.5738540301251949,-20.000000000000007
-0.13496593015556185,1.4904004997731792,-20.000000000000007
-0.12405129492932988,1.528123060355657,-20.000000000000007
-0.12405129492932988,1.5281230603556573,-20.000000000000007
-0.12405129492932987,1.528123060355657,-20.000000000000007
-0.12405129492932988,1.528123060355657,-20.000000000000007
-0.12540407940220547,1.5225030507157356,-20.000000000000007
-0.12684286767579064,1.5197244813100856,-20.000000000000007
-0.12684286767579064,1.5197244813100856,-20.000000000000007
-0.13160506288298887,1.5132325960306734,-20.000000000000007
-0.1322518888393985,1.5058494988029962,-20.000000000000007
-0.13497852537538713,1.4887368411910322,-20.000000000000007
-0.13634314369070832,1.4690918166037121,-20.000000000000007
-0.13766033188648452,1.4110074467856224,-20.000000000000007
-0.16226514651890211,1.479978094344565,-20.000000000000007
-0.17716407672167844,1.5760687284044748,-20.000000000000007
-0.18250173051842533,1.5731434678747531,-20.000000000000007
-0.18885818653230285,1.5776548930151268,-20.000000000000007
-0.18837473412143407,1.5733779606841165,-20.000000000000007
-0.18888897604606417,1.5748627885679038,-20.000000000000007
-0.18226034594502277,1.5752406240198031,-20.000000000000007
-0.2040443086596288,1.7471900021231155,-20.000000000000007
-0.21248743473298978,1.8569242044846717,-20.000000000000007
-0.21851335106583325,1.936339667920196,-20.000000000000007
-0.220147146048528,1.9414399986101936,-20.000000000000007
-0.21248743473298976,1.8569242044846714,-20.000000000000007
-0.22745693797728467,1.9260292721451284,-20.000000000000007
-0.21941629570363208,1.9349444952642612,-20.000000000000007
-0.2208853973376787,1.9311452890383747,-20.000000000000007
-0.2208853973376787,1.931145289038375,-20.000000000000007
-0.1894245325731731,1.5791548760255547,-20.000000000000007
-0.19569031813307733,1.6387809844399341,-20.000000000000007
-0.18226034594502277,1.575240624019803,-20.000000000000007
-0.1804043718668858,1.5611767535850447,-20.000000000000007
-0.18067000068203445,1.5594198148107745,-20.000000000000007
-0.17716407672167844,1.5760687284044745,-20.000000000000007
-0.1822603459450228,1.575240624019803,-20.000000000000007
-0.25542262326155346,1.7681460576399368,-20.000000000000007
-0.3278311513982064,1.5009082523758464,-20.000000000000007
-0.3878440849189915,1.5002141264935784,-20.000000000000007
-0.4442832114074854,1.4360663726885032,-20.000000000000007
-0.43049353441768623,1.4063706891959968,-20.000000000000007
-0.38784408491899147,1.5002141264935784,-20.000000000000007
-0.3187979118218946,1.4995712924173636,-20.000000000000007
-0.20621950573589576,1.7693061823890075,-20.000000000000007
-0.13496593015556185,1.4904004997731795,-20.000000000000007
-0.12405129492932987,1.5281230603556573,-20.000000000000007
-0.12405129492932988,1.5281230603556573,-20.000000000000007
-0.12540407940220547,1.5225030507157353,-20.000000000000007
-0.1254040794022055,1.5225030507157353,-20.000000000000007
-0.12942838191366207,1.5266195020865654,-20.000000000000007
-0.1316233486773816,1.5125531912026635,-20.000000000000007
-0.13496593015556185,1.4904004997731792,-20.000000000000007
-0.13523645424514372,1.4956132648969094,-20.000000000000007
-0.1352364542451437,1.4956132648969092,-20.000000000000007
-0.13766089245675406,1.4109848407592605,-20.000000000000007
-0.13766089245675403,1.4109848407592602,-20.000000000000007
-0.13766089245675406,1.4109848407592605,-20.000000000000007
-0.16226514651890214,1.4799780943445653,-20.000000000000007
-0.1742675836248365,1.5596310191219986,-20.000000000000007
-0.18885818653230285,1.5776548930151266,-20.000000000000007
-0.2040443086596288,1.7471900021231153,-20.000000000000007
-0.21023380688351326,1.8304416245211914,-20.000000000000007
-0.2040443086596288,1.7471900021231155,-20.000000000000007
-0.18837473412143405,1.573377960684116,-20.000000000000007
-0.18837473412143407,1.573377960684116,-20.000000000000007
-0.1822603459450228,1.5752406240198031,-20.000000000000007
-0.18837473412143407,1.573377960684116,-20.000000000000007
-0.2040443086596288,1.7471900021231153,-20.000000000000007
-0.21248743473298978,1.8569242044846717,-20.000000000000007
-0.23440823261138902,1.9331740021179948,-20.000000000000007
-0.2445182156158437,1.8284025365562289,-20.000000000000007
-0.2505240863301698,1.7228946145977089,-20.000000000000007
-0.24839724581557177,1.7826858814747113,-20.000000000000007
-0.22088539733767873,1.931145289038375,-20.000000000000007
-0.2108683643703081,1.836207293511332,-20.000000000000007
-0.17917386072802038,1.5901780441278879,-20.000000000000007
-0.179509115801908,1.5810607140359074,-20.000000000000007
-0.17917386072802038,1.5901780441278879,-20.000000000000007
-0.1742675836248365,1.5596310191219986,-20.000000000000007
-0.18888897604606414,1.5748627885679038,-20.000000000000007
-0.23684107118879072,1.914393915086826,-20.000000000000007
-0.2909864358299067,1.5839273016702227,-20.000000000000007
-0.3392253530774216,1.500779838403762,-20.000000000000007
-0.37721457180939316,1.496728142276774,-20.000000000000007
-0.3724510073771436,1.4944056555330334,-20.000000000000007
-0.3335263714510811,1.4972459984458732,-20.000000000000007
-0.2789095434766423,1.4725813775507004,-20.000000000000007
-0.18837473412143407,1.573377960684116,-20.000000000000007
-0.1316233486773816,1.512553191202664,-20.000000000000007
-0.1254040794022055,1.5225030507157356,-20.000000000000007
-0.12405129492932988,1.528123060355657,-20.000000000000007
-0.12405129492932988,1.5281230603556573,-20.000000000000007
-0.1254040794022055,1.5225030507157353,-20.000000000000007
-0.12849335850247093,1.5247118007304845,-20.000000000000007
-0.12849335850247093,1.5247118007304845,-20.000000000000007
-0.13496593015556188,1.490400499773179,-20.000000000000007
-0.13162334867738157,1.5125531912026637,-20.000000000000007
-0.13496974848001755,1.4907327764956042,-20.000000000000007
-0.13634314369070832,1.4690918166037121,-20.000000000000007
-0.13559501490126286,1.4971204706629226,-20.000000000000007
-0.1622651465189021,1.4799780943445653,-20.000000000000007
-0.15098649128259778,1.3992341320455803,-20.000000000000007
-0.16491224342351885,1.4962079272044329,-20.000000000000007
-0.18837473412143407,1.573377960684116,-20.000000000000007
-0.1822603459450228,1.575240624019803,-20.000000000000007
-0.21268690793811404,1.8605267460668862,-20.000000000000007
-0.20473650305093238,1.7580889424488186,-20.000000000000007
-0.2040443086596288,1.7471900021231153,-20.000000000000007
-0.19303815211615682,1.6120202560143866,-20.000000000000007
-0.18226034594502277,1.5752406240198031,-20.000000000000007
-0.18888897604606414,1.574862788567904,-20.000000000000007
-0.18837473412143407,1.5733779606841163,-20.000000000000007
-0.2047365030509324,1.7580889424488189,-20.000000000000007
-0.19403725963981716,1.6210854139852915,-20.000000000000007
-0.20587468808445009,1.7697390646642215,-20.000000000000007
-0.22016792406061558,1.9410595970279598,-20.000000000000007
-0.2011724582994196,1.7057620812394534,-20.000000000000007
-0.21112736531608323,1.8393954016667318,-20.000000000000007
-0.1811061921972143,1.5615965088310682,-20.000000000000007
-0.17716407672167844,1.5760687284044745,-20.000000000000007
-0.14975414285615307,1.4356134548649337,-20.000000000000007
-0.1377468926182409,1.4138227263361491,-20.000000000000007
-0.17337853243457835,1.5519365666422187,-20.000000000000007
-0.1617536389502492,1.4767475548411566,-20.000000000000007
-0.2509269948791573,1.729344889771084,-20.000000000000007
-0.312468603367215,1.5046786217816543,-20.000000000000007
-0.36777234136419873,1.4999767186698505,-20.000000000000007
-0.42828479358592814,1.4224372464031672,-20.000000000000007
-0.41510362322704697,1.505867729866425,-20.000000000000007
-0.3694393921813809,1.501042423735168,-20.000000000000007
-0.303326762368314,1.5204584913047285,-20.000000000000007
-0.18842511370101273,1.5738540301251946,-20.000000000000007
-0.12942838191366207,1.5266195020865654,-20.000000000000007
-0.12405129492932988,1.5281230603556573,-20.000000000000007
-0.12405129492932988,1.5281230603556573,-20.000000000000007
-0.12405129492932988,1.528123060355657,-20.000000000000007
-0.12540407940220547,1.5225030507157353,-20.000000000000007
-0.12684286767579064,1.5197244813100856,-20.000000000000007
-0.1296237382480963,1.525556298070263,-20.000000000000007
-0.13162334867738157,1.512553191202664,-20.000000000000007
-0.13496593015556185,1.4904004997731795,-20.000000000000007
-0.1350079976204999,1.4901723146345818,-20.000000000000007
-0.1377468926182409,1.4138227263361496,-20.000000000000007
-0.1377468926182409,1.4138227263361494,-20.000000000000007
-0.15280423597603293,1.4087123965335244,-20.000000000000007
-0.17917386072802036,1.5901780441278879,-20.000000000000007
-0.17950911580190798,1.5810607140359072,-20.000000000000007
-0.18888897604606417,1.574862788567904,-20.000000000000007
-0.18888897604606417,1.5748627885679038,-20.000000000000007
-0.18888897604606414,1.574862788567904,-20.000000000000007
-0.18885818653230285,1.5776548930151268,-20.000000000000007
-0.18842511370101275,1.5738540301251946,-20.000000000000007
-0.2040443086596288,1.7471900021231153,-20.000000000000007
-0.20587468808445003,1.7697390646642215,-20.000000000000007
-0.2259544067033732,1.9324083385227477,-20.000000000000007
-0.2202822389994352,1.9396231885002952,-20.000000000000007
-0.2259544067033732,1.9324083385227477,-20.000000000000007
-0.234408232611389,1.9331740021179948,-20.000000000000007
-0.23090645405062976,1.911544970233989,-20.000000000000007
-0.24753611064781528,1.7981305890838024,-20.000000000000007
-0.23193210184063529,1.9136144318446473,-20.000000000000007
-0.21827512813214567,1.9327711581825628,-20.000000000000007
-0.19944106105329562,1.681721892023079,-20.000000000000007
-0.18226034594502277,1.575240624019803,-20.000000000000007
-0.1822603459450228,1.575240624019803,-20.000000000000007
-0.17716407672167847,1.5760687284044748,-20.000000000000007
-0.1811061921972143,1.5615965088310682,-20.000000000000007
-0.18837473412143405,1.573377960684116,-20.000000000000007
-0.25326889233539673,1.7578024270239831,-20.000000000000007
-0.3163939756994304,1.4967174416503988,-20.000000000000007
-0.3589210196336076,1.4991022927523094,-20.000000000000007
-0.4045156611376925,1.4969889507476999,-20.000000000000007
-0.39288759145675756,1.5019572187991195,-20.000000000000007
-0.3486744049806312,1.4998710078966881,-20.000000000000007
-0.2862439907168459,1.544099910756524,-20.000000000000007
-0.18888897604606414,1.574862788567904,-20.000000000000007
-0.13162334867738157,1.512553191202664,-20.000000000000007
-0.1254040794022055,1.5225030507157356,-20.000000000000007
-0.12540407940220547,1.5225030507157356,-20.000000000000007
-0.1254040794022055,1.5225030507157353,-20.000000000000007
-0.12540407940220547,1.5225030507157356,-20.000000000000007
-0.12962373824809625,1.525556298070263,-20.000000000000007
-0.12962373824809628,1.525556298070263,-20.000000000000007
-0.13477851668463559,1.493063189381522,-20.000000000000007
-0.13498758716990603,1.4902841828006377,-20.000000000000007
-0.1352364542451437,1.4956132648969094,-20.000000000000007
-0.1509864912825978,1.3992341320455806,-20.000000000000007
-0.14975414285615307,1.435613454864934,-20.000000000000007
-0.17950911580190798,1.5810607140359074,-20.000000000000007
-0.17950911580190798,1.5810607140359072,-20.000000000000007
-0.17950911580190798,1.5810607140359072,-20.000000000000007
-0.1888889760460642,1.5748627885679038,-20.000000000000007
-0.20404430865962878,1.7471900021231155,-20.000000000000007
-0.21941629570363208,1.934944495264261,-20.000000000000007
-0.21023380688351326,1.8304416245211916,-20.000000000000007
-0.20404430865962883,1.7471900021231155,-20.000000000000007
-0.18888897604606414,1.5748627885679038,-20.000000000000007
-0.18888897604606417,1.574862788567904,-20.000000000000007
-0.21965703425001756,1.93847326178661,-20.000000000000007
-0.22088539733767873,1.931145289038375,-20.000000000000007
-0.24451821561584364,1.8284025365562286,-20.000000000000007
-0.2452776421772323,1.823694982129578,-20.000000000000007
-0.22959559270852006,1.9265005679165847,-20.000000000000007
-0.2435294100818127,1.8371727099357729,-20.000000000000007
-0.22033055059070922,1.938481523569137,-20.000000000000007
-0.2208853973376787,1.9311452890383747,-20.000000000000007
-0.2106765637514194,1.8287123508592724,-20.000000000000007
-0.18842511370101273,1.5738540301251946,-20.000000000000007
-0.18226034594502277,1.5752406240198031,-20.000000000000007
-0.17259283802865874,1.5472393109831906,-20.000000000000007
-0.18226034594502277,1.575240624019803,-20.000000000000007
-0.18226034594502277,1.575240624019803,-20.000000000000007
-0.2791729661429956,1.4799746611753775,-20.000000000000007
-0.3354503677454079,1.5004485753071513,-20.000000000000007
-0.38891080588630195,1.497552198329983,-20.000000000000007
-0.44351933765095963,1.4406815040165821,-20.000000000000007
-0.41768365244144795,1.5173330455572003,-20.000000000000007
-0.37051646173336855,1.4960182743078938,-20.000000000000007
-0.29536404707922365,1.5930408820155393,-20.000000000000007
-0.18837473412143407,1.573377960684116,-20.000000000000007
-0.1254040794022055,1.5225030507157356,-20.000000000000007
-0.12405129492932988,1.528123060355657,-20.000000000000007
-0.12405129492932988,1.528123060355657,-20.000000000000007
-0.12540407940220547,1.5225030507157356,-20.000000000000007
-0.12684286767579067,1.5197244813100859,-20.000000000000007
-0.1296237382480963,1.5255562980702633,-20.000000000000007
-0.1316233486773816,1.512553191202664,-20.000000000000007
-0.13559501490126288,1.4971204706629226,-20.000000000000007
-0.1352364542451437,1.4956132648969094,-20.000000000000007
-0.14969871320520375,1.4376750065870232,-20.000000000000007
-0.14969871320520375,1.437675006587023,-20.000000000000007
-0.14975414285615307,1.4356134548649337,-20.000000000000007
-0.17694296547815702,1.5727431410120192,-20.000000000000007
-0.1617536389502492,1.4767475548411566,-20.000000000000007
-0.180374903390968,1.5624216849117096,-20.000000000000007
-0.18837473412143407,1.5733779606841163,-20.000000000000007
-0.18885818653230285,1.5776548930151268,-20.000000000000007
-0.2182751281321456,1.9327711581825628,-20.000000000000007
-0.22016792406061556,1.9410595970279598,-20.000000000000007
-0.22033055059070922,1.938481523569137,-20.000000000000007
-0.21248743473298978,1.8569242044846717,-20.000000000000007
-0.22088539733767873,1.931145289038375,-20.000000000000007
-0.2182751281321456,1.9327711581825626,-20.000000000000007
-0.22088539733767873,1.9311452890383747,-20.000000000000007
-0.24451821561584366,1.8284025365562289,-20.000000000000007
-0.22701847162298072,1.93090184684529,-20.000000000000007
-0.24765004788730655,1.796215448993123,-20.000000000000007
-0.24753611064781522,1.7981305890838022,-20.000000000000007
-0.23684107118879075,1.9143939150868259,-20.000000000000007
-0.2298434582826654,1.9266783470048332,-20.000000000000007
-0.1888889760460642,1.5748627885679036,-20.000000000000007
-0.1888889760460642,1.574862788567904,-20.000000000000007
-0.179509115801908,1.5810607140359074,-20.000000000000007
-0.1822603459450228,1.575240624019803,-20.000000000000007
-0.18842511370101275,1.5738540301251946,-20.000000000000007
-0.18226034594502277,1.5752406240198031,-20.000000000000007
-0.2502845554208488,1.7235141714337492,-20.000000000000007
-0.2828967342021925,1.5143055952871867,-20.000000000000007
-0.3278062184761674,1.5006853856229108,-20.000000000000007
-0.3721976777700445,1.4968682232281956,-20.000000000000007
-0.3582727568340889,1.5013652482153323,-20.000000000000007
-0.32312708659489264,1.500125956489323,-20.000000000000007
-0.27491770877798427,1.588411075376693,-20.000000000000007
-0.18837473412143407,1.5733779606841163,-20.000000000000007
-0.1352364542451437,1.4956132648969094,-20.000000000000007
-0.13634314369070832,1.469091816603712,-20.000000000000007
-0.13559501490126286,1.4971204706629226,-20.000000000000007
-0.179509115801908,1.5810607140359074,-20.000000000000007
-0.17950911580190798,1.5810607140359072,-20.000000000000007
-0.22138700232139463,1.92869526337629,-20.000000000000007
-0.2261105403402642,1.9302396190710185,-20.000000000000007
-0.26402488084649844,1.7626894845500543,-20.000000000000007
-0.2708495653953662,1.7153673736687587,-20.000000000000007
-0.285587080344336,1.5632803966587598,-20.000000000000007
-0.29192950868184225,1.587312692641496,-20.000000000000007
-0.3025866756274419,1.5325552975248482,-20.000000000000007
-0.3082644234864066,1.5092640463390954,-20.000000000000007
-0.3134345200104208,1.5043234309589937,-20.000000000000007
-0.3189110399598244,1.4977930171372251,-20.000000000000007
-0.31498731318420214,1.4942983894790987,-20.000000000000007
-0.3196537595727245,1.4994068091149024,-20.000000000000007
-0.323452972012419,1.4998822507269285,-20.000000000000007
-0.33054624529102655,1.49548357497296,-20.000000000000007
-0.33124261369260055,1.4981730027829188,-20.000000000000007
-0.3363695145701019,1.5008185243318777,-20.000000000000007
-0.32938266937287963,1.4962871404838092,-20.000000000000007
-0.33115947260264705,1.4985273821408618,-20.000000000000007
-0.3254308589896367,1.499309797408538,-20.000000000000007
-0.32705260808914555,1.499528108988826,-20.000000000000007
-0.320234175242568,1.5000723824569326,-20.000000000000007
-0.322043427495034,1.4969972247037115,-20.000000000000007
-0.31222678833631506,1.5047764844745495,-20.000000000000007
-0.3121659021908019,1.5044307690282288,-20.000000000000007
-0.3094661644252115,1.5055564388929947,-20.000000000000007
-0.3094661644252116,1.5055564388929947,-20.000000000000007
-0.31993457899492006,1.4998113265030868,-20.000000000000007
-0.32282654457987325,1.4989147841740418,-20.000000000000007
-0.33388852712098377,1.4979354394509794,-20.000000000000007
-0.3343195542486396,1.4973903138446114,-20.000000000000007
-0.30097702261458714,1.5478779185318792,-20.000000000000007
-0.33373125709395157,1.497374437488583,-20.000000000000007
-0.33858349552107636,1.5002514096617472,-20.000000000000007
-0.4028751654361839,1.4953424813927754,-20.000000000000007
-0.4576359681927431,1.3925014458847158,-20.000000000000007
-0.5112613955906747,1.3483050397886458,-20.000000000000007
-0.5289860104040626,1.2778264168377929,-20.000000000000007
-0.5294456854334699,1.2781282341650342,-20.000000000000007
-0.5289860104040625,1.2778264168377929,-20.000000000000007
-0.52944568543347,1.2781282341650342,-20.000000000000007
-0.5295595045931815,1.28238099190454,-20.000000000000007
-0.5299520531199347,1.2738580183114578,-20.000000000000007
-0.5297041217148499,1.21301548104457,-20.000000000000007
-0.5294379541647681,1.220064463487485,-20.000000000000007
-0.5295595045931816,1.28238099190454,-20.000000000000007
-0.5295595045931816,1.28238099190454,-20.000000000000007
-0.5300079310451384,1.2794635503343164,-20.000000000000007
-0.5289860104040625,1.2778264168377929,-20.000000000000007
-0.5280513047749973,1.275591407146131,-20.000000000000007
-0.5278362928687368,1.275177778908341,-20.000000000000007
-0.460071821476243,1.3847182340568935,-20.000000000000007
-0.37801125751271497,1.4971910562699304,-20.000000000000007
-0.2667565134828852,1.7618320179012814,-20.000000000000007
-0.2570717700453038,1.7713576571960261,-20.000000000000007
-0.2554054582827691,1.7680451672476833,-20.000000000000007
-0.32518883738738474,1.4993224437124018,-20.000000000000007
-0.33903889045090735,1.5005684762176648,-20.000000000000007
-0.3878988295512519,1.5010863638594565,-20.000000000000007
-0.42960455204772907,1.4126394227380872,-20.000000000000007
-0.3893351137146824,1.501397532830496,-20.000000000000007
-0.46065111177738804,1.3799105355996557,-20.000000000000007
-0.4296975185912876,1.4112827037107591,-20.000000000000007
-0.4578166613190474,1.4097291913486414,-20.000000000000007
-0.5077416559711634,1.3604170101568274,-20.000000000000007
-0.46310378918747375,1.3538161751369742,-20.000000000000007
-0.5207484257447355,1.286515434882352,-20.000000000000007
-0.4783144259637903,1.3522839160729536,-20.000000000000007
-0.5008898984972197,1.3875556027289153,-20.000000000000007
-0.5085372702483278,1.372028700624123,-20.000000000000007
-0.5052621629485429,1.417593896492853,-20.000000000000007
-0.5289860104040625,1.2778264168377929,-20.000000000000007
-0.5051064680329468,1.4195692941931781,-20.000000000000007
-0.5295595045931816,1.2823809919045397,-20.000000000000007
-0.5174833000530092,1.2649874125502814,-20.000000000000007
-0.48318027676150593,1.3650631678166387,-20.000000000000007
-0.5035365122950216,1.4120353503732717,-20.000000000000007
-0.4150015216496127,1.5128273626810893,-20.000000000000007
-0.4169577678159391,1.5186533915515208,-20.000000000000007
-0.44074782871912965,1.4283109463701285,-20.000000000000007
-0.4721908087185879,1.3391707833824216,-20.000000000000007
-0.5238603249536408,1.2881408850446445,-20.000000000000007
-0.5289860104040626,1.2778264168377929,-20.000000000000007
-0.5295595045931815,1.28238099190454,-20.000000000000007
-0.5295595045931815,1.28238099190454,-20.000000000000007
-0.529437954164768,1.220064463487485,-20.000000000000007
-0.5297041217148499,1.21301548104457,-20.000000000000007
-0.5299466660305467,1.204836350856735,-20.000000000000007
-0.5299466660305467,1.204836350856735,-20.000000000000007
-0.529437954164768,1.2200644634874849,-20.000000000000007
-0.5297041217148499,1.21301548104457,-20.000000000000007
-0.5297041217148499,1.2130154810445701,-20.000000000000007
-0.5297041217148499,1.21301548104457,-20.000000000000007
-0.5297503346443708,1.212264122898538,-20.000000000000007
-0.52970412171485,1.21301548104457,-20.000000000000007
-0.5297503346443708,1.212264122898538,-20.000000000000007
-0.5297503346443708,1.2122641228985378,-20.000000000000007
-0.5190144277540967,1.3112453013407717,-20.000000000000007
-0.44369783242680283,1.4368142773107135,-20.000000000000007
-0.369903732791781,1.4991845951371865,-20.000000000000007
-0.33246735433594715,1.4967867947365119,-20.000000000000007
-0.2851354307108087,1.5353985649857198,-20.000000000000007
-0.28676640545836896,1.5490313592354834,-20.000000000000007
-0.331364674456648,1.4993359513903475,-20.000000000000007
-0.3119272047605737,1.502515726175723,-20.000000000000007
-0.37801125751271497,1.4971910562699304,-20.000000000000007
-0.3705658667810945,1.4989722620153945,-20.000000000000007
-0.4171143278267622,1.5076157747734127,-20.000000000000007
-0.429927515971846,1.408443434369909,-20.000000000000007
-0.44900175166881073,1.4237505748520642,-20.000000000000007
-0.460071821476243,1.3847182340568933,-20.000000000000007
-0.4159584721574619,1.5194794373674085,-20.000000000000007
-0.4818476502031628,1.3628388753393963,-20.000000000000007
-0.42707880080026217,1.4193645286977652,-20.000000000000007
-0.5051179460114003,1.4176527345538452,-20.000000000000007
-0.5136763082668153,1.287116870283208,-20.000000000000007
-0.5281147463047136,1.208335427588896,-20.000000000000007
-0.5299466660305467,1.204836350856735,-20.000000000000007
-0.5253965869481101,1.2175432926394432,-20.000000000000007
-0.528189399759709,1.2158094042905951,-20.000000000000007
-0.4891372588078141,1.3866140712155492,-20.000000000000007
-0.4848729187552465,1.354585721003481,-20.000000000000007
-0.4709025345371552,1.3401225564079027,-20.000000000000007
-0.4931631384024263,1.3841932390400666,-20.000000000000007
-0.5255121226511903,1.2172653091213972,-20.000000000000007
-0.532330411233653,1.2004385451167106,-20.000000000000007
-0.532330411233653,1.2004385451167106,-20.000000000000007
-0.5323304112336531,1.2004385451167103,-20.000000000000007
-0.532330411233653,1.2004385451167103,-20.000000000000007
-0.5323304112336531,1.2004385451167106,-20.000000000000007
-0.5323304112336531,1.2004385451167106,-20.000000000000007
-0.532330411233653,1.2004385451167106,-20.000000000000007
-0.5299466660305466,1.204836350856735,-20.000000000000007
-0.52970412171485,1.21301548104457,-20.000000000000007
-0.5297503346443708,1.212264122898538,-20.000000000000007
-0.5299466660305467,1.2048363508567348,-20.000000000000007
-0.532330411233653,1.2004385451167106,-20.000000000000007
-0.532330411233653,1.2004385451167103,-20.000000000000007
-0.4931631384024264,1.3841932390400666,-20.000000000000007
-0.4293218076432472,1.412191269964043,-20.000000000000007
-0.34601205357637455,1.496521809278054,-20.000000000000007
-0.2911941062217188,1.5877170694326266,-20.000000000000007
-0.27949911503684455,1.4679593827854813,-20.000000000000007
-0.2801597320551632,1.4816645126809362,-20.000000000000007
-0.3047139281865326,1.5069357516394257,-20.000000000000007
-0.3199602926093897,1.4988028983497452,-20.000000000000007
-0.35726071226361306,1.5020438027722922,-20.000000000000007
-0.3354712286980617,1.5002327653178782,-20.000000000000007
-0.41517860590172545,1.5130566808901382,-20.000000000000007
-0.41420826064981886,1.5077130120167694,-20.000000000000007
-0.4699172772452659,1.3446222106000747,-20.000000000000007
-0.5048952094650223,1.4251161326315598,-20.000000000000007
-0.5093760792396647,1.3638090907920977,-20.000000000000007
-0.5300079310451384,1.2794635503343166,-20.000000000000007
-0.5034269827391067,1.3991439963580652,-20.000000000000007
-0.5255135592343548,1.2870577868796884,-20.000000000000007
-0.4753088114238657,1.3437737717269107,-20.000000000000007
-0.5254017111036573,1.2260490382106828,-20.000000000000007
-0.5281147463047137,1.2083354275888958,-20.000000000000007
-0.5299466660305467,1.204836350856735,-20.000000000000007
-0.5323304112336531,1.2004385451167106,-20.000000000000007
-0.5323304112336531,1.2004385451167106,-20.000000000000007
-0.532330411233653,1.2004385451167106,-20.000000000000007
-0.5299466660305466,1.204836350856735,-20.000000000000007
-0.5042167052446768,1.406455490489496,-20.000000000000007
-0.46377781963335923,1.3507256547142568,-20.000000000000007
-0.41996236129394915,1.466685338437607,-20.000000000000007
-0.44561328895026514,1.4351617511791945,-20.000000000000007
-0.4846184267414223,1.3693321096013862,-20.000000000000007
-0.5131989965243798,1.320393755775246,-20.000000000000007
-0.5289860104040626,1.2778264168377926,-20.000000000000007
-0.5289860104040625,1.2778264168377926,-20.000000000000007
-0.5297751702598071,1.2831788441985983,-20.000000000000007
-0.5297503346443707,1.212264122898538,-20.000000000000007
-0.5299466660305466,1.2048363508567348,-20.000000000000007
-0.5323304112336531,1.2004385451167103,-20.000000000000007
-0.5299466660305466,1.2048363508567348,-20.000000000000007
-0.5297041217148499,1.2130154810445701,-20.000000000000007
-0.5299466660305466,1.204836350856735,-20.000000000000007
-0.5323304112336531,1.2004385451167103,-20.000000000000007
-0.5323304112336531,1.2004385451167106,-20.000000000000007
-0.532330411233653,1.2004385451167106,-20.000000000000007
-0.5323304112336531,1.2004385451167106,-20.000000000000007
-0.5323304112336531,1.2004385451167106,-20.000000000000007
-0.5323304112336531,1.2004385451167106,-20.000000000000007
-0.5295595045931816,1.28238099190454,-20.000000000000007
-0.46310378918747375,1.3538161751369744,-20.000000000000007
-0.43918432629786025,1.4313589939078386,-20.000000000000007
-0.3704707140719725,1.4991898564902977,-20.000000000000007
-0.35584652856356186,1.5008650983433112,-20.000000000000007
-0.3606410512947724,1.4987363414971306,-20.000000000000007
-0.38934716363597627,1.5013379852292825,-20.000000000000007
-0.39278182719662436,1.5018521990874538,-20.000000000000007
-0.4183630891476267,1.510816079957321,-20.000000000000007
-0.4168593848092665,1.5150381896795255,-20.000000000000007
-0.4449147917501594,1.439012061825475,-20.000000000000007
-0.4558501539093887,1.3808766666477506,-20.000000000000007
-0.4896509738249848,1.3888026009392882,-20.000000000000007
-0.5043967546184781,1.410507475101304,-20.000000000000007
-0.5252327045612509,1.2878370905295318,-20.000000000000007
-0.5287996077272437,1.279216999555091,-20.000000000000007
-0.52970412171485,1.2130154810445701,-20.000000000000007
-0.5299466660305467,1.204836350856735,-20.000000000000007
-0.5299466660305466,1.204836350856735,-20.000000000000007
-0.5323304112336531,1.2004385451167106,-20.000000000000007
-0.5323304112336531,1.2004385451167106,-20.000000000000007
-0.5323304112336531,1.2004385451167106,-20.000000000000007
-0.5266764831189765,1.2167892065627566,-20.000000000000007
-0.5295595045931816,1.2823809919045397,-20.000000000000007
-0.44506862351370047,1.4369226122233147,-20.000000000000007
-0.4725053898881518,1.3350645416853635,-20.000000000000007
-0.49834117537124634,1.3833567002159073,-20.000000000000007
-0.5209897361039894,1.2318624184297193,-20.000000000000007
-0.5323304112336531,1.2004385451167106,-20.000000000000007
-0.5323304112336531,1.2004385451167106,-20.000000000000007
-0.532330411233653,1.2004385451167103,-20.000000000000007
-0.532330411233653,1.2004385451167103,-20.000000000000007
-0.532330411233653,1.2004385451167103,-20.000000000000007
-0.532330411233653,1.2004385451167103,-20.000000000000007
-0.532330411233653,1.2004385451167103,-20.000000000000007
-0.5299466660305467,1.204836350856735,-20.000000000000007
-0.5297041217148499,1.2130154810445701,-20.000000000000007
-0.5299466660305467,1.204836350856735,-20.000000000000007
-0.532330411233653,1.2004385451167106,-20.000000000000007
-0.532330411233653,1.2004385451167106,-20.000000000000007
-0.532330411233653,1.2004385451167106,-20.000000000000007
-0.532330411233653,1.2004385451167106,-20.000000000000007
-0.532330411233653,1.2004385451167103,-20.000000000000007
-0.46461293195425657,1.3456615005424504,-20.000000000000007
-0.36099341857221645,1.4970042898728746,-20.000000000000007
-0.32082126540932593,1.5003134302862073,-20.000000000000007
-0.3212129812120631,1.5003829395431736,-20.000000000000007
-0.35759790632835753,1.5017740196342544,-20.000000000000007
-0.3493880604825067,1.4991325541611564,-20.000000000000007
-0.4036350301339924,1.4988828495131046,-20.000000000000007
-0.38188768310125415,1.4986070422394628,-20.000000000000007
-0.4268583628779281,1.4224039250352285,-20.000000000000007
-0.45716293526640833,1.4025959023105188,-20.000000000000007
-0.44577931860849507,1.4380088316161073,-20.000000000000007
-0.4777524824076067,1.3497896561163414,-20.000000000000007
-0.4265452983544282,1.4182492502617947,-20.000000000000007
-0.47393157332396607,1.3423588348174111,-20.000000000000007
-0.4638715337772401,1.3519425718438778,-20.000000000000007
-0.5010030806629848,1.387702356622515,-20.000000000000007
-0.5241236194673656,1.2884572672099568,-20.000000000000007
-0.4639338749619759,1.3472332067786723,-20.000000000000007
-0.5266764831189765,1.2167892065627566,-20.000000000000007
-0.48238912950024526,1.36571714076466,-20.000000000000007
-0.5235921128102574,1.2267241833894234,-20.000000000000007
-0.532330411233653,1.2004385451167106,-20.000000000000007
-0.4646711148071577,1.3450435343527147,-20.000000000000007
-0.4843650813426962,1.3572853481734386,-20.000000000000007
-0.42976954517734794,1.4111761814433308,-20.000000000000007
-0.41001271119947547,1.4961273958148582,-20.000000000000007
-0.4385007098144274,1.4319486306608,-20.000000000000007
-0.44755260070856034,1.4292955460652559,-20.000000000000007
-0.4901035952609478,1.403526730789567,-20.000000000000007
-0.5207484257447355,1.2865154348823522,-20.000000000000007
-0.5289860104040625,1.2778264168377929,-20.000000000000007
-0.5295595045931816,1.2823809919045397,-20.000000000000007
-0.5297041217148499,1.2130154810445701,-20.000000000000007
-0.5299466660305467,1.2048363508567348,-20.000000000000007
-0.532330411233653,1.2004385451167103,-20.000000000000007
-0.532330411233653,1.2004385451167106,-20.000000000000007
-0.5299466660305466,1.2048363508567348,-20.000000000000007
-0.5297041217148499,1.2130154810445701,-20.000000000000007
-0.5299466660305467,1.2048363508567348,-20.000000000000007
-0.5323304112336531,1.2004385451167106,-20.000000000000007
-0.5323304112336531,1.2004385451167106,-20.000000000000007
-0.5323304112336531,1.2004385451167106,-20.000000000000007
-0.532330411233653,1.2004385451167103,-20.000000000000007
-0.532330411233653,1.2004385451167103,-20.000000000000007
-0.4473590291529207,1.4322221784822666,-20.000000000000007
-0.38400714733382973,1.4987032381817111,-20.000000000000007
-0.31491972726217377,1.4937406159514637,-20.000000000000007
-0.315031321451485,1.4940271262594225,-20.000000000000007
-0.37219767777004453,1.4968682232281953,-20.000000000000007
-0.40389122413429435,1.4957298240013888,-20.000000000000007
-0.4040715728341636,1.4948985042575822,-20.000000000000007
-0.4452116322289036,1.4333438443855224,-20.000000000000007
-0.4297695451773479,1.4111761814433306,-20.000000000000007
-0.4640600287471722,1.3519650101169525,-20.000000000000007
-0.4712060922411877,1.3406959842335555,-20.000000000000007
-0.4267826864114346,1.4234593388242982,-20.000000000000007
-0.4755785745259846,1.3443204200277437,-20.000000000000007
-0.4742845823458418,1.3441791257411402,-20.000000000000007
-0.47883200219625577,1.3537535978097177,-20.000000000000007
-0.4850412471025064,1.3631746505338922,-20.000000000000007
-0.4477986833885086,1.4270912686688624,-20.000000000000007
-0.39129970006965326,1.5032829502893348,-20.000000000000007
-0.4294722423223612,1.4093242119031562,-20.000000000000007
-0.4431663321383343,1.4443340720638551,-20.000000000000007
-0.47264979359540293,1.3355224808704982,-20.000000000000007
-0.4891372588078142,1.3866140712155495,-20.000000000000007
-0.4246887336824343,1.4334749744817021,-20.000000000000007
-0.4497566469430233,1.4145250454070877,-20.000000000000007
-0.4150954204190599,1.5060276255044167,-20.000000000000007
-0.4211219474264712,1.459955625014826,-20.000000000000007
-0.4706826282662673,1.3405569012402887,-20.000000000000007
-0.4732343712972281,1.3349781051317464,-20.000000000000007
-0.5141372752202845,1.2782046576934705,-20.000000000000007
-0.5299466660305467,1.204836350856735,-20.000000000000007
-0.532330411233653,1.2004385451167106,-20.000000000000007
-0.532330411233653,1.2004385451167103,-20.000000000000007
-0.532330411233653,1.2004385451167106,-20.000000000000007
-0.5323304112336531,1.2004385451167106,-20.000000000000007
-0.5323304112336531,1.2004385451167106,-20.000000000000007
-0.5323304112336531,1.2004385451167106,-20.000000000000007
-0.5299466660305467,1.204836350856735,-20.000000000000007
-0.5297503346443707,1.2122641228985378,-20.000000000000007
-0.5299466660305467,1.204836350856735,-20.000000000000007
-0.5299466660305467,1.204836350856735,-20.000000000000007
-0.5299466660305466,1.2048363508567348,-20.000000000000007
-0.5304154053239455,1.2048783517851247,-20.000000000000007
-0.444180346178157,1.4347423928422653,-20.000000000000007
-0.4068816327020164,1.499686099342767,-20.000000000000007
-0.39233269655507325,1.5035430567114145,-20.000000000000007
-0.37464502199672867,1.4929953469554673,-20.000000000000007
-0.3806247989318459,1.500426172802732,-20.000000000000007
-0.36651662503383353,1.5007113378738008,-20.000000000000007
-0.33882318959429775,1.5007651943711566,-20.000000000000007
-0.3545499168579156,1.49923484540707,-20.000000000000007
-0.4107206504928733,1.4957876250420579,-20.000000000000007
-0.42685836287792805,1.4224039250352287,-20.000000000000007
-0.4600718214762429,1.3847182340568938,-20.000000000000007
-0.4395563736533962,1.4326377028405495,-20.000000000000007
-0.4535475536247858,1.402607881554058,-20.000000000000007
-0.4711875185582841,1.3413134811421645,-20.000000000000007
-0.46502779398513616,1.3478583959915427,-20.000000000000007
-0.5097278085548692,1.3598268744247881,-20.000000000000007
-0.4729504007996237,1.3383057099113262,-20.000000000000007
-0.49955865796283966,1.3833717388834392,-20.000000000000007
-0.5041506927340883,1.4151959140809651,-20.000000000000007
-0.510931500441977,1.3451439027232244,-20.000000000000007
-0.5299466660305467,1.204836350856735,-20.000000000000007
-0.5277317573661571,1.2100618727216974,-20.000000000000007
-0.5304984915078199,1.2039376218488715,-20.000000000000007
-0.5015828740866694,1.3920531660248474,-20.000000000000007
-0.508892745753395,1.3664230241247488,-20.000000000000007
-0.5088927457533952,1.3664230241247488,-20.000000000000007
-0.4749542454645315,1.3421468602114173,-20.000000000000007
-0.47453085582503785,1.3440880547019605,-20.000000000000007
-0.4305451320970948,1.4080844230709133,-20.000000000000007
-0.43898859772293175,1.430017612935489,-20.000000000000007
-0.4901035952609479,1.4035267307895671,-20.000000000000007
-0.5207484257447356,1.2865154348823522,-20.000000000000007
-0.5289860104040625,1.2778264168377929,-20.000000000000007
-0.5295595045931816,1.28238099190454,-20.000000000000007
-0.5297041217148499,1.2130154810445701,-20.000000000000007
-0.5299466660305467,1.204836350856735,-20.000000000000007
-0.5299466660305467,1.204836350856735,-20.000000000000007
-0.5299466660305467,1.2048363508567348,-20.000000000000007
-0.5299466660305466,1.2048363508567348,-20.000000000000007
-0.52970412171485,1.2130154810445701,-20.000000000000007
-0.5299466660305467,1.2048363508567348,-20.000000000000007
-0.5299466660305467,1.204836350856735,-20.000000000000007
-0.5299466660305467,1.2048363508567348,-20.000000000000007
-0.5299466660305466,1.2048363508567348,-20.000000000000007
-0.5299466660305467,1.204836350856735,-20.000000000000007
-0.5299466660305467,1.2048363508567348,-20.000000000000007
-0.5264289096574399,1.2185204327980292,-20.000000000000007
-0.4800057963091383,1.3566042371847993,-20.000000000000007
-0.4560881611541446,1.3931597667732103,-20.000000000000007
-0.4296975185912875,1.411282703710759,-20.000000000000007
-0.4297695451773479,1.4111761814433308,-20.000000000000007
-0.4561963974862755,1.3929417270965998,-20.000000000000007
-0.47495424546453147,1.3421468602114175,-20.000000000000007
-0.5041978584900977,1.4064813590096201,-20.000000000000007
-0.5170436112448056,1.3063956391444695,-20.000000000000007
-0.5278362928687368,1.2751777789083412,-20.000000000000007
-0.5279159377776227,1.274878966692625,-20.000000000000007
-0.5279159377776227,1.2748789666926248,-20.000000000000007
-0.5295595045931816,1.2823809919045397,-20.000000000000007
-0.5295595045931816,1.2823809919045397,-20.000000000000007
-0.5289860104040626,1.2778264168377929,-20.000000000000007
-0.5278362928687369,1.2751777789083412,-20.000000000000007
-0.5295595045931816,1.28238099190454,-20.000000000000007
-0.5297503346443707,1.212264122898538,-20.000000000000007
-0.5299466660305466,1.204836350856735,-20.000000000000007
-0.5299466660305466,1.204836350856735,-20.000000000000007
-0.532330411233653,1.2004385451167103,-20.000000000000007
-0.5323304112336531,1.2004385451167103,-20.000000000000007
-0.5323304112336531,1.2004385451167106,-20.000000000000007
-0.5242042669821082,1.2197995358305689,-20.000000000000007
-0.520084745378208,1.3066278977181605,-20.000000000000007
-0.44617368648665845,1.4376936844574546,-20.000000000000007
-0.47618421474912986,1.3413472739316226,-20.000000000000007
-0.5051064680329467,1.419569294193178,-20.000000000000007
-0.5299466660305466,1.204836350856735,-20.000000000000007
-0.5299466660305467,1.204836350856735,-20.000000000000007
-0.5299466660305467,1.204836350856735,-20.000000000000007
-0.5299466660305467,1.2048363508567348,-20.000000000000007
-0.5299466660305466,1.204836350856735,-20.000000000000007
-0.5299466660305467,1.204836350856735,-20.000000000000007
-0.5299466660305467,1.2048363508567348,-20.000000000000007
-0.5299466660305467,1.204836350856735,-20.000000000000007
-0.5299466660305467,1.204836350856735,-20.000000000000007
-0.5295595045931816,1.28238099190454,-20.000000000000007
-0.5294379541647681,1.220064463487485,-20.000000000000007
-0.52970412171485,1.21301548104457,-20.000000000000007
-0.5295595045931815,1.28238099190454,-20.000000000000007
-0.5274732182767355,1.2954901322273562,-20.000000000000007
-0.4265443491671623,1.418165052826621,-20.000000000000007
-0.3818222998837568,1.4986005266161568,-20.000000000000007
-0.35927016331357015,1.497271784128336,-20.000000000000007
-0.30248837286238067,1.5310345450788763,-20.000000000000007
-0.3134671265604619,1.5043489425686145,-20.000000000000007
-0.30358257173201947,1.514756008048504,-20.000000000000007
-0.2911641209111902,1.5850207240199663,-20.000000000000007
-0.2935812432453765,1.5962943958935378,-20.000000000000007
-0.2784007816040445,1.4866653321274192,-20.000000000000007
-0.3359088240073387,1.4999218472249725,-20.000000000000007
-0.3322392954418428,1.4970550974910615,-20.000000000000007
-0.3894894400225952,1.5012591818515755,-20.000000000000007
-0.3925391898857903,1.5033757719022958,-20.000000000000007
-0.342938197744296,1.4985610359226351,-20.000000000000007
-0.3878988295512519,1.5010863638594567,-20.000000000000007
-0.3402582679532723,1.49891947677127,-20.000000000000007
-0.4008911529103897,1.49675797159382,-20.000000000000007
-0.4137105248097042,1.5038134498614073,-20.000000000000007
-0.39207666326544544,1.505432870804663,-20.000000000000007
-0.41668052721591636,1.5187958044609238,-20.000000000000007
-0.36333403652324153,1.4982827283134426,-20.000000000000007
-0.40923390337267246,1.5005311159953545,-20.000000000000007
-0.39043347076993684,1.5017444971960299,-20.000000000000007
-0.41847556426440835,1.4854273251387593,-20.000000000000007
-0.4210986437938233,1.4521280888622035,-20.000000000000007
-0.3898665278315562,1.5026453406444549,-20.000000000000007
-0.4051001451945191,1.5016271811951383,-20.000000000000007
-0.36947588276496807,1.4983980510735169,-20.000000000000007
-0.39288759145675756,1.5019572187991197,-20.000000000000007
-0.4268583628779281,1.4224039250352285,-20.000000000000007
-0.47375839090347294,1.3422371071993595,-20.000000000000007
-0.5240567367926329,1.2851786482631997,-20.000000000000007
-0.5289860104040626,1.2778264168377929,-20.000000000000007
-0.5295595045931816,1.2823809919045397,-20.000000000000007
-0.5297041217148499,1.2130154810445701,-20.000000000000007
-0.5299466660305467,1.204836350856735,-20.000000000000007
-0.5299466660305467,1.204836350856735,-20.000000000000007
-0.532330411233653,1.2004385451167103,-20.000000000000007
-0.5299466660305467,1.2048363508567346,-20.000000000000007
-0.52970412171485,1.21301548104457,-20.000000000000007
-0.5299466660305466,1.204836350856735,-20.000000000000007
-0.532330411233653,1.2004385451167103,-20.000000000000007
-0.532330411233653,1.2004385451167106,-20.000000000000007
-0.5304154053239455,1.2048783517851245,-20.000000000000007
-0.43915133849862403,1.4296437168096954,-20.000000000000007
-0.4710196205491096,1.3407914473588105,-20.000000000000007
-0.41285297096202445,1.4977885338169055,-20.000000000000007
-0.4101143073798561,1.4966723513325164,-20.000000000000007
-0.41434264466714504,1.5077378646529498,-20.000000000000007
-0.30152637109716424,1.540101476365236,-20.000000000000007
-0.3357120578854125,1.4992205996881918,-20.000000000000007
-0.3319262063923796,1.4977105982187897,-20.000000000000007
-0.3460252535732773,1.496746308660208,-20.000000000000007
-0.35877413030475297,1.4991017573865546,-20.000000000000007
-0.3633423346658664,1.4982435358479875,-20.000000000000007
-0.3723763564566069,1.4950106463939195,-20.000000000000007
-0.3711458918153102,1.4922968048752163,-20.000000000000007
-0.3633872303592317,1.4982824564835537,-20.000000000000007
-0.36843672309342423,1.5003393277016346,-20.000000000000007
-0.3695131175046132,1.4999268863116664,-20.000000000000007
-0.37101754786790386,1.495906040937312,-20.000000000000007
-0.3806537487860345,1.4996820729963156,-20.000000000000007
-0.3779947735559732,1.4987072094130474,-20.000000000000007
-0.3844510689371303,1.4982344480076049,-20.000000000000007
-0.39652287607236425,1.4991657294472849,-20.000000000000007
-0.39417960143027375,1.499785853152987,-20.000000000000007
-0.39656622889776605,1.4978984796426564,-20.000000000000007
-0.39856269763807517,1.4957107798562355,-20.000000000000007
-0.37827423349697364,1.496333394176538,-20.000000000000007
-0.3720922606982565,1.4948105630078095,-20.000000000000007
-0.3776630519398851,1.4961045580909729,-20.000000000000007
-0.38752592983776846,1.4997140552809933,-20.000000000000007
-0.4265731519252687,1.418747743202221,-20.000000000000007
-0.4820927875950121,1.3661407924620452,-20.000000000000007
-0.5281147463047136,1.2083354275888958,-20.000000000000007
-0.5323304112336531,1.2004385451167103,-20.000000000000007
-0.532330411233653,1.2004385451167103,-20.000000000000007
-0.532330411233653,1.2004385451167106,-20.000000000000007
-0.532330411233653,1.2004385451167106,-20.000000000000007
-0.5323304112336531,1.2004385451167106,-20.000000000000007
-0.532330411233653,1.2004385451167106,-20.000000000000007
-0.5323304112336531,1.2004385451167106,-20.000000000000007
-0.5299466660305466,1.204836350856735,-20.000000000000007
-0.5297041217148499,1.21301548104457,-20.000000000000007
-0.5299466660305466,1.204836350856735,-20.000000000000007
-0.5299466660305467,1.204836350856735,-20.000000000000007
-0.5323304112336531,1.2004385451167106,-20.000000000000007
-0.5323304112336531,1.2004385451167106,-20.000000000000007
-0.5323304112336531,1.2004385451167106,-20.000000000000007
-0.5018280465710235,1.393139246024557,-20.000000000000007
-0.4161129492981589,1.511810164803249,-20.000000000000007
-0.3354712286980616,1.500232765317878,-20.000000000000007
-0.2353846769406121,1.9234328870905963,-20.000000000000007
-0.21931127683429325,1.934614313986411,-20.000000000000007
-0.27949911503684455,1.467959382785481,-20.000000000000007
-0.33857727520403,1.5013501409883425,-20.000000000000007
-0.4036350301339923,1.4988828495131041,-20.000000000000007
-0.44663633437110284,1.4325606013426866,-20.000000000000007
-0.43889753501273926,1.4322417834103403,-20.000000000000007
-0.48589084080037037,1.3614782530382044,-20.000000000000007
-0.48577325478520994,1.3587291736973375,-20.000000000000007
-0.5149317161080698,1.3286908261560302,-20.000000000000007
-0.5289860104040626,1.2778264168377929,-20.000000000000007
-0.5052506849700895,1.4195104561321856,-20.000000000000007
-0.5278362928687368,1.2751777789083412,-20.000000000000007
-0.5041978584900977,1.4064813590096201,-20.000000000000007
-0.514840293114829,1.3290112044347453,-20.000000000000007
-0.5297503346443708,1.2122641228985378,-20.000000000000007
-0.5277317573661571,1.2100618727216976,-20.000000000000007
-0.5299466660305466,1.204836350856735,-20.000000000000007
-0.5304154053239456,1.2048783517851247,-20.000000000000007
-0.5323304112336531,1.2004385451167106,-20.000000000000007
-0.5323304112336531,1.2004385451167106,-20.000000000000007
-0.4993694237108085,1.3856783738779241,-20.000000000000007
-0.4983013794311403,1.3800897715596576,-20.000000000000007
-0.42800187183432525,1.4216165719030713,-20.000000000000007
-0.4170235412425928,1.5065634340533403,-20.000000000000007
-0.4497046810522599,1.4174352190059274,-20.000000000000007
-0.5039347368394513,1.4105412892946902,-20.000000000000007
-0.5289860104040626,1.2778264168377929,-20.000000000000007
-0.5300079310451384,1.2794635503343166,-20.000000000000007
-0.5295595045931816,1.28238099190454,-20.000000000000007
-0.52970412171485,1.2130154810445701,-20.000000000000007
-0.5297503346443707,1.212264122898538,-20.000000000000007
-0.5299466660305467,1.204836350856735,-20.000000000000007
-0.5299466660305467,1.204836350856735,-20.000000000000007
-0.5299466660305467,1.204836350856735,-20.000000000000007
-0.5297041217148499,1.2130154810445701,-20.000000000000007
-0.5299466660305466,1.204836350856735,-20.000000000000007
-0.5299466660305467,1.204836350856735,-20.000000000000007
-0.5299466660305467,1.204836350856735,-20.000000000000007
-0.5299466660305467,1.204836350856735,-20.000000000000007
-0.5299466660305467,1.204836350856735,-20.000000000000007
-0.5299466660305467,1.204836350856735,-20.000000000000007
-0.5299466660305466,1.204836350856735,-20.000000000000007
-0.4969450065547009,1.3861652883633677,-20.000000000000007
-0.4452116322289036,1.4333438443855226,-20.000000000000007
-0.44256292301865435,1.4428396511317303,-20.000000000000007
-0.4506943971718018,1.4118098091549105,-20.000000000000007
-0.47586082926005374,1.3458430917372062,-20.000000000000007
-0.508851368700994,1.3459292639523093,-20.000000000000007
-0.525232704561251,1.2878370905295318,-20.000000000000007
-0.5278362928687369,1.2751777789083412,-20.000000000000007
-0.5278362928687368,1.2751777789083412,-20.000000000000007
-0.5300079310451383,1.2794635503343166,-20.000000000000007
-0.5295595045931816,1.2823809919045397,-20.000000000000007
-0.5297041217148499,1.21301548104457,-20.000000000000007
-0.5297041217148499,1.21301548104457,-20.000000000000007
-0.5278585892165276,1.274948139907918,-20.000000000000007
-0.5278362928687368,1.2751777789083412,-20.000000000000007
-0.5297041217148499,1.2130154810445701,-20.000000000000007
-0.5299466660305467,1.204836350856735,-20.000000000000007
-0.532330411233653,1.2004385451167106,-20.000000000000007
-0.532330411233653,1.2004385451167106,-20.000000000000007
-0.532330411233653,1.2004385451167106,-20.000000000000007
-0.532330411233653,1.2004385451167103,-20.000000000000007
-0.5323304112336531,1.2004385451167103,-20.000000000000007
-0.5297751702598071,1.283178844198598,-20.000000000000007
-0.5088927457533952,1.3664230241247488,-20.000000000000007
-0.4497566469430233,1.414525045407088,-20.000000000000007
-0.4564512934538204,1.3818075670975078,-20.000000000000007
-0.4261883833418211,1.4232137346337994,-20.000000000000007
-0.3719055753643097,1.4948734172483877,-20.000000000000007
-0.31469359519915896,1.4961619353338627,-20.000000000000007
-0.1894245325731731,1.5791548760255545,-20.000000000000007
-0.1296237382480963,1.5255562980702628,-20.000000000000007
-0.12405129492932988,1.528123060355657,-20.000000000000007
-0.1254040794022055,1.5225030507157356,-20.000000000000007
-0.1254040794022055,1.5225030507157356,-20.000000000000007
-0.12684286767579067,1.5197244813100856,-20.000000000000007
-0.1296237382480963,1.5255562980702628,-20.000000000000007
-0.13162334867738157,1.512553191202664,-20.000000000000007
-0.13500799762049986,1.4901723146345816,-20.000000000000007
-0.13500799762049986,1.4901723146345816,-20.000000000000007
-0.13541503259313709,1.4948226663941324,-20.000000000000007
-0.13559501490126288,1.4971204706629226,-20.000000000000007
-0.13541503259313706,1.4948226663941329,-20.000000000000007
-0.14969871320520375,1.4376750065870232,-20.000000000000007
-0.13766089245675403,1.4109848407592605,-20.000000000000007
-0.15098649128259778,1.3992341320455806,-20.000000000000007
-0.16015086704143036,1.4658572207674503,-20.000000000000007
-0.14896232389835787,1.441250436214657,-20.000000000000007
-0.16270023080057264,1.4821412217524916,-20.000000000000007
-0.1509864912825978,1.3992341320455806,-20.000000000000007
-0.17426758362483646,1.5596310191219989,-20.000000000000007
-0.17917386072802036,1.5901780441278877,-20.000000000000007
-0.17337853243457835,1.5519365666422187,-20.000000000000007
-0.17716407672167847,1.5760687284044745,-20.000000000000007
-0.1622651465189021,1.479978094344565,-20.000000000000007
-0.1735996436780998,1.555262154034674,-20.000000000000007
-0.17917386072802038,1.5901780441278879,-20.000000000000007
-0.17716407672167844,1.5760687284044748,-20.000000000000007
-0.179509115801908,1.5810607140359072,-20.000000000000007
-0.17359964367809982,1.555262154034674,-20.000000000000007
-0.17917386072802038,1.5901780441278877,-20.000000000000007
-0.17694296547815702,1.572743141012019,-20.000000000000007
-0.17716407672167844,1.5760687284044745,-20.000000000000007
-0.180374903390968,1.5624216849117096,-20.000000000000007
-0.17259283802865877,1.5472393109831906,-20.000000000000007
-0.179509115801908,1.5810607140359076,-20.000000000000007
-0.17716407672167844,1.5760687284044748,-20.000000000000007
-0.23430923262649492,1.9311415577316968,-20.000000000000007
-0.28517378958035433,1.5355047244565643,-20.000000000000007
-0.33373241104435775,1.4971842437875171,-20.000000000000007
-0.38420924801442624,1.4965277265946781,-20.000000000000007
-0.3718303098375448,1.4949277901823994,-20.000000000000007
-0.3367400935236443,1.501086890529866,-20.000000000000007
-0.27949911503684455,1.467959382785481,-20.000000000000007
-0.18885818653230285,1.5776548930151268,-20.000000000000007
-0.13496593015556188,1.490400499773179,-20.000000000000007
-0.12540407940220547,1.5225030507157353,-20.000000000000007
-0.1240512949293299,1.5281230603556573,-20.000000000000007
-0.1254040794022055,1.5225030507157353,-20.000000000000007
-0.12684286767579067,1.519724481310086,-20.000000000000007
-0.1296237382480963,1.5255562980702628,-20.000000000000007
-0.13496593015556185,1.490400499773179,-20.000000000000007
-0.13496593015556185,1.490400499773179,-20.000000000000007
-0.13634314369070832,1.4690918166037121,-20.000000000000007
-0.1363431436907083,1.4690918166037121,-20.000000000000007
-0.14969871320520375,1.437675006587023,-20.000000000000007
-0.17259283802865877,1.5472393109831906,-20.000000000000007
-0.16226514651890211,1.479978094344565,-20.000000000000007
-0.17716407672167847,1.5760687284044745,-20.000000000000007
-0.16270023080057264,1.4821412217524914,-20.000000000000007
-0.17716407672167844,1.5760687284044745,-20.000000000000007
-0.17917386072802038,1.5901780441278879,-20.000000000000007
-0.17933485877093766,1.5832655028315095,-20.000000000000007
-0.18246257456162718,1.5751980137483312,-20.000000000000007
-0.17917386072802038,1.5901780441278877,-20.000000000000007
-0.18250173051842536,1.573143467874753,-20.000000000000007
-0.18226034594502277,1.5752406240198031,-20.000000000000007
-0.17950911580190798,1.5810607140359072,-20.000000000000007
-0.18885818653230285,1.5776548930151266,-20.000000000000007
-0.17950911580190798,1.5810607140359072,-20.000000000000007
-0.18885818653230285,1.5776548930151266,-20.000000000000007
-0.18226034594502277,1.575240624019803,-20.000000000000007
-0.18226034594502277,1.575240624019803,-20.000000000000007
-0.18885818653230282,1.5776548930151266,-20.000000000000007
-0.17950911580190798,1.5810607140359074,-20.000000000000007
-0.20139347992708181,1.7055505241438342,-20.000000000000007
-0.18842511370101273,1.5738540301251946,-20.000000000000007
-0.20138593308898806,1.7056697537896857,-20.000000000000007
-0.2046310465000766,1.7506837249301754,-20.000000000000007
-0.1822099663654441,1.5747645545787243,-20.000000000000007
-0.2129563632659695,1.8553596150545901,-20.000000000000007
-0.27867797291209545,1.4793883314631036,-20.000000000000007
-0.3287264340708292,1.4987548710115841,-20.000000000000007
-0.3699102698755452,1.5007572535806664,-20.000000000000007
-0.40386808530644625,1.4923228234903876,-20.000000000000007
-0.3833009492027091,1.503000426195462,-20.000000000000007
-0.3337170392346853,1.4976171945553018,-20.000000000000007
-0.28019136580360704,1.5078449789062123,-20.000000000000007
-0.18226034594502277,1.5752406240198031,-20.000000000000007
-0.12684286767579067,1.5197244813100856,-20.000000000000007
-0.12405129492932988,1.528123060355657,-20.000000000000007
-0.12405129492932987,1.5281230603556573,-20.000000000000007
-0.12405129492932988,1.5281230603556573,-20.000000000000007
-0.12540407940220547,1.5225030507157356,-20.000000000000007
-0.1296237382480963,1.525556298070263,-20.000000000000007
-0.13162334867738157,1.512553191202664,-20.000000000000007
-0.13496593015556185,1.490400499773179,-20.000000000000007
-0.13559501490126286,1.4971204706629224,-20.000000000000007
-0.1352364542451437,1.4956132648969092,-20.000000000000007
-0.16015086704143033,1.4658572207674503,-20.000000000000007
-0.14969871320520375,1.4376750065870232,-20.000000000000007
-0.17337853243457838,1.5519365666422185,-20.000000000000007
-0.17917386072802038,1.5901780441278877,-20.000000000000007
-0.16226514651890211,1.4799780943445653,-20.000000000000007
-0.17359964367809982,1.5552621540346743,-20.000000000000007
-0.1617536389502492,1.4767475548411566,-20.000000000000007
-0.17259283802865877,1.5472393109831908,-20.000000000000007
-0.17259283802865874,1.5472393109831908,-20.000000000000007
-0.1822603459450228,1.575240624019803,-20.000000000000007
-0.17716407672167844,1.5760687284044748,-20.000000000000007
-0.17950911580190798,1.5810607140359072,-20.000000000000007
-0.17917386072802038,1.5901780441278874,-20.000000000000007
-0.16226514651890211,1.479978094344565,-20.000000000000007
-0.180374903390968,1.5624216849117096,-20.000000000000007
-0.1627002308005726,1.4821412217524916,-20.000000000000007
-0.1811061921972143,1.5615965088310682,-20.000000000000007
-0.17917386072802038,1.5901780441278877,-20.000000000000007
-0.17950911580190804,1.5810607140359072,-20.000000000000007
-0.18226034594502283,1.575240624019803,-20.000000000000007
-0.17950911580190804,1.5810607140359074,-20.000000000000007
-0.18888897604606417,1.5748627885679038,-20.000000000000007
-0.18226034594502283,1.5752406240198031,-20.000000000000007
-0.18837473412143407,1.5733779606841163,-20.000000000000007
-0.18220996636544406,1.5747645545787243,-20.000000000000007
-0.18837473412143407,1.5733779606841163,-20.000000000000007
-0.258974768144723,1.776840358295219,-20.000000000000007
-0.30791507406038876,1.5107775697420784,-20.000000000000007
-0.3498226950033653,1.50074470334275,-20.000000000000007
-0.37486411678593856,1.4929899074146533,-20.000000000000007
-0.35895540853358704,1.4991542930608754,-20.000000000000007
-0.3148989845456726,1.4938607323888171,-20.000000000000007
-0.25524064328010465,1.7695258837127656,-20.000000000000007
-0.18250173051842536,1.5731434678747531,-20.000000000000007
-0.1316233486773816,1.512553191202664,-20.000000000000007
-0.12540407940220547,1.5225030507157358,-20.000000000000007
-0.12405129492932987,1.5281230603556573,-20.000000000000007
-0.12540407940220547,1.5225030507157356,-20.000000000000007
-0.12540407940220547,1.5225030507157353,-20.000000000000007
-0.13162334867738157,1.512553191202664,-20.000000000000007
-0.13162334867738157,1.512553191202664,-20.000000000000007
-0.13559501490126286,1.4971204706629226,-20.000000000000007
-0.13766033188648455,1.4110074467856222,-20.000000000000007
-0.13774689261824094,1.4138227263361496,-20.000000000000007
-0.17259283802865877,1.5472393109831908,-20.000000000000007
-0.15098649128259778,1.3992341320455803,-20.000000000000007
-0.179509115801908,1.5810607140359076,-20.000000000000007
-0.179509115801908,1.5810607140359072,-20.000000000000007
-0.17950911580190798,1.5810607140359076,-20.000000000000007
-0.18067000068203443,1.5594198148107747,-20.000000000000007
-0.1822603459450228,1.575240624019803,-20.000000000000007
-0.1822603459450228,1.575240624019803,-20.000000000000007
-0.18226034594502277,1.575240624019803,-20.000000000000007
-0.18842511370101273,1.5738540301251949,-20.000000000000007
-0.1804043718668858,1.5611767535850447,-20.000000000000007
-0.18888897604606414,1.5748627885679038,-20.000000000000007
-0.18226034594502277,1.575240624019803,-20.000000000000007
-0.18226034594502277,1.575240624019803,-20.000000000000007
-0.18250173051842536,1.5731434678747531,-20.000000000000007
-0.17917386072802036,1.5901780441278877,-20.000000000000007
-0.18885818653230285,1.5776548930151266,-20.000000000000007
-0.17950911580190798,1.5810607140359072,-20.000000000000007
-0.18842511370101273,1.5738540301251949,-20.000000000000007
-0.1883747341214341,1.5733779606841163,-20.000000000000007
-0.1822603459450228,1.575240624019803,-20.000000000000007
-0.20370062917508547,1.7362162748668393,-20.000000000000007
-0.18832435454185534,1.5729018912430375,-20.000000000000007
-0.20138593308898803,1.7056697537896859,-20.000000000000007
-0.18832435454185534,1.5729018912430375,-20.000000000000007
-0.1931594325272424,1.6118386740500747,-20.000000000000007
-0.27904186158521965,1.4658209857437952,-20.000000000000007
-0.3238599353073969,1.5009614426749804,-20.000000000000007
-0.37701110244529634,1.4927630265779335,-20.000000000000007
-0.41127224364476833,1.496798665544841,-20.000000000000007
-0.3788122499761689,1.4995884749558581,-20.000000000000007
-0.32433570389281074,1.49987321826921,-20.000000000000007
-0.25345918748583385,1.762768003899306,-20.000000000000007
-0.14975414285615307,1.4356134548649337,-20.000000000000007
-0.12540407940220547,1.5225030507157356,-20.000000000000007
-0.1240512949293299,1.5281230603556573,-20.000000000000007
-0.1240512949293299,1.5281230603556573,-20.000000000000007
-0.12477553846035512,1.5292050934076347,-20.000000000000007
-0.12684286767579067,1.5197244813100859,-20.000000000000007
-0.12962373824809628,1.525556298070263,-20.000000000000007
-0.13225188883939853,1.505849498802996,-20.000000000000007
-0.13559501490126286,1.4971204706629226,-20.000000000000007
-0.13559501490126286,1.4971204706629226,-20.000000000000007
-0.1509864912825978,1.3992341320455806,-20.000000000000007
-0.14975415741304388,1.4356391577721637,-20.000000000000007
-0.17259283802865877,1.5472393109831906,-20.000000000000007
-0.179509115801908,1.5810607140359072,-20.000000000000007
-0.1754824483155792,1.566996165209496,-20.000000000000007
-0.1822603459450228,1.575240624019803,-20.000000000000007
-0.1791738607280204,1.5901780441278879,-20.000000000000007
-0.1822603459450228,1.5752406240198034,-20.000000000000007
-0.18110619219721433,1.5615965088310682,-20.000000000000007
-0.1822603459450228,1.5752406240198031,-20.000000000000007
-0.18885818653230285,1.5776548930151266,-20.000000000000007
-0.18226034594502277,1.575240624019803,-20.000000000000007
-0.1930381521161568,1.6120202560143864,-20.000000000000007
-0.18226034594502277,1.575240624019803,-20.000000000000007
-0.18842511370101275,1.5738540301251946,-20.000000000000007
-0.18837473412143407,1.5733779606841165,-20.000000000000007
-0.17950911580190798,1.5810607140359072,-20.000000000000007
-0.18888897604606414,1.5748627885679038,-20.000000000000007
-0.18226034594502277,1.5752406240198031,-20.000000000000007
-0.18842511370101275,1.5738540301251946,-20.000000000000007
-0.18837473412143405,1.5733779606841163,-20.000000000000007
-0.18250173051842536,1.5731434678747527,-20.000000000000007
-0.19315943252724238,1.6118386740500747,-20.000000000000007
-0.1883243545418553,1.5729018912430375,-20.000000000000007
-0.20138593308898806,1.7056697537896857,-20.000000000000007
-0.18832435454185534,1.5729018912430375,-20.000000000000007
-0.1888385964664855,1.574386719126825,-20.000000000000007
-0.24983746969752973,1.7350726326056742,-20.000000000000007
-0.2915379469368254,1.5845444724364752,-20.000000000000007
-0.3445500893719285,1.497071144507641,-20.000000000000007
-0.37825357187502673,1.4989178553701956,-20.000000000000007
-0.3651204340245281,1.4994459290745508,-20.000000000000007
-0.3201310903804629,1.4997792412120043,-20.000000000000007
-0.25524064328010465,1.7695258837127659,-20.000000000000007
-0.17933485877093763,1.5832655028315095,-20.000000000000007
-0.1296237382480963,1.525556298070263,-20.000000000000007
-0.12540407940220547,1.5225030507157353,-20.000000000000007
-0.1254040794022055,1.5225030507157356,-20.000000000000007
-0.1254040794022055,1.5225030507157353,-20.000000000000007
-0.12684286767579067,1.5197244813100856,-20.000000000000007
-0.1296237382480963,1.525556298070263,-20.000000000000007
-0.13162334867738157,1.5125531912026637,-20.000000000000007
-0.13559501490126288,1.4971204706629224,-20.000000000000007
-0.1352364542451437,1.4956132648969092,-20.000000000000007
-0.1489623238983579,1.441250436214657,-20.000000000000007
-0.1497541574130439,1.4356391577721639,-20.000000000000007
-0.14975414285615307,1.435613454864934,-20.000000000000007
-0.17917386072802038,1.5901780441278879,-20.000000000000007
-0.1622651465189021,1.479978094344565,-20.000000000000007
-0.17716407672167847,1.5760687284044748,-20.000000000000007
-0.17337853243457835,1.5519365666422185,-20.000000000000007
-0.1754824483155792,1.566996165209496,-20.000000000000007
-0.17716407672167847,1.5760687284044748,-20.000000000000007
-0.179509115801908,1.5810607140359074,-20.000000000000007
-0.18226034594502277,1.575240624019803,-20.000000000000007
-0.1811061921972143,1.5615965088310684,-20.000000000000007
-0.18885818653230282,1.5776548930151268,-20.000000000000007
-0.18110619219721427,1.5615965088310682,-20.000000000000007
-0.1822603459450228,1.5752406240198031,-20.000000000000007
-0.1811061921972143,1.5615965088310684,-20.000000000000007
-0.17950911580190798,1.5810607140359074,-20.000000000000007
-0.18888897604606417,1.5748627885679038,-20.000000000000007
-0.18226034594502277,1.575240624019803,-20.000000000000007
-0.1925488884514961,1.6080217107239954,-20.000000000000007
-0.18837473412143407,1.573377960684116,-20.000000000000007
-0.18837473412143407,1.573377960684116,-20.000000000000007
-0.18911923876494985,1.5756732257028956,-20.000000000000007
-0.18245135093884662,1.5726673984336745,-20.000000000000007
-0.1931594325272424,1.6118386740500745,-20.000000000000007
-0.1822099663654441,1.5747645545787243,-20.000000000000007
-0.20139347992708184,1.7055505241438345,-20.000000000000007
-0.28697500443684704,1.5495357993911463,-20.000000000000007
-0.3248096394724288,1.5006842243414242,-20.000000000000007
-0.37207954583898467,1.4949673826337635,-20.000000000000007
-0.41296388712677795,1.4983408592421557,-20.000000000000007
-0.3690694614887533,1.5001919097511613,-20.000000000000007
-0.32929913435326175,1.4963898651592695,-20.000000000000007
-0.2643305877064993,1.7616732086715055,-20.000000000000007
-0.151885716309857,1.4022628753804087,-20.000000000000007
-0.1254040794022055,1.5225030507157356,-20.000000000000007
-0.12405129492932988,1.5281230603556573,-20.000000000000007
-0.12405129492932987,1.5281230603556573,-20.000000000000007
-0.12540407940220547,1.5225030507157356,-20.000000000000007
-0.1254040794022055,1.5225030507157356,-20.000000000000007
-0.12962373824809628,1.525556298070263,-20.000000000000007
-0.1322518888393985,1.5058494988029958,-20.000000000000007
-0.13496593015556185,1.4904004997731792,-20.000000000000007
-0.13766089245675406,1.4109848407592602,-20.000000000000007
-0.13766089245675403,1.4109848407592605,-20.000000000000007
-0.14975415741304388,1.4356391577721639,-20.000000000000007
-0.1509864912825978,1.3992341320455806,-20.000000000000007
-0.14975414285615304,1.4356134548649337,-20.000000000000007
-0.17716407672167847,1.5760687284044748,-20.000000000000007
-0.1742675836248365,1.5596310191219986,-20.000000000000007
-0.1822603459450228,1.5752406240198031,-20.000000000000007
-0.1822603459450228,1.575240624019803,-20.000000000000007
-0.18885818653230285,1.577654893015127,-20.000000000000007
-0.19927599968825097,1.6820169922625396,-20.000000000000007
-0.18942453257317313,1.5791548760255547,-20.000000000000007
-0.21827512813214564,1.9327711581825626,-20.000000000000007
-0.1925488884514961,1.6080217107239954,-20.000000000000007
-0.20404430865962886,1.7471900021231155,-20.000000000000007
-0.19303815211615682,1.6120202560143868,-20.000000000000007
-0.18842511370101278,1.5738540301251949,-20.000000000000007
-0.20404430865962883,1.7471900021231155,-20.000000000000007
-0.18842511370101275,1.5738540301251949,-20.000000000000007
-0.2040443086596288,1.7471900021231153,-20.000000000000007
-0.18942453257317313,1.5791548760255545,-20.000000000000007
-0.18911923876494982,1.5756732257028956,-20.000000000000007
-0.20438912631107453,1.746757119847901,-20.000000000000007
-0.18885818653230285,1.5776548930151266,-20.000000000000007
-0.21249249546208399,1.848023879502905,-20.000000000000007
-0.18885818653230285,1.5776548930151268,-20.000000000000007
-0.18837473412143407,1.573377960684116,-20.000000000000007
-0.2203653073121267,1.9351127532832422,-20.000000000000007
-0.2494168558751578,1.7530031422084709,-20.000000000000007
-0.30238421939695287,1.533098215522312,-20.000000000000007
-0.3511586336605375,1.4989336912894633,-20.000000000000007
-0.3711350887826971,1.4923302073105327,-20.000000000000007
-0.3619152066827952,1.4982028825644298,-20.000000000000007
-0.32082126540932593,1.5003134302862073,-20.000000000000007
-0.25326889233539673,1.7578024270239831,-20.000000000000007
-0.17917386072802038,1.5901780441278874,-20.000000000000007
-0.13162334867738157,1.5125531912026637,-20.000000000000007
-0.12540407940220547,1.5225030507157356,-20.000000000000007
-0.12540407940220547,1.5225030507157353,-20.000000000000007
-0.12684286767579067,1.5197244813100856,-20.000000000000007
-0.1316233486773816,1.512553191202664,-20.000000000000007
-0.13496593015556188,1.490400499773179,-20.000000000000007
-0.13541503259313706,1.4948226663941326,-20.000000000000007
-0.13766089245675403,1.4109848407592605,-20.000000000000007
-0.13766089245675403,1.4109848407592605,-20.000000000000007
-0.1497541574130439,1.4356391577721637,-20.000000000000007
-0.15921534466681125,1.4594263141425161,-20.000000000000007
-0.17426758362483646,1.5596310191219989,-20.000000000000007
-0.17917386072802036,1.5901780441278874,-20.000000000000007
-0.18226034594502277,1.5752406240198031,-20.000000000000007
-0.1822603459450228,1.575240624019803,-20.000000000000007
-0.1822603459450228,1.575240624019803,-20.000000000000007
-0.1883747341214341,1.573377960684116,-20.000000000000007
-0.18226034594502283,1.575240624019803,-20.000000000000007
-0.18250173051842536,1.5731434678747531,-20.000000000000007
-0.18842511370101275,1.5738540301251949,-20.000000000000007
-0.18842511370101273,1.5738540301251944,-20.000000000000007
-0.18885818653230285,1.5776548930151268,-20.000000000000007
-0.18842511370101278,1.5738540301251946,-20.000000000000007
-0.18942453257317315,1.5791548760255547,-20.000000000000007
-0.18888897604606414,1.574862788567904,-20.000000000000007
-0.20139347992708184,1.7055505241438342,-20.000000000000007
-0.1931206827986792,1.611872705894656,-20.000000000000007
-0.19927599968825094,1.68201699226254,-20.000000000000007
-0.1925488884514961,1.6080217107239951,-20.000000000000007
-0.1891192387649498,1.5756732257028958,-20.000000000000007
-0.18885818653230285,1.5776548930151266,-20.000000000000007
-0.18837473412143407,1.573377960684116,-20.000000000000007
-0.1822603459450228,1.5752406240198031,-20.000000000000007
-0.1822603459450228,1.5752406240198031,-20.000000000000007
-0.180374903390968,1.5624216849117096,-20.000000000000007
-0.20139347992708184,1.7055505241438345,-20.000000000000007
-0.2851332098101641,1.5408111215994884,-20.000000000000007
-0.3579223946318869,1.5002444464956792,-20.000000000000007
-0.4169791429204954,1.5172775601540178,-20.000000000000007
-0.4846506471195696,1.35440086517457,-20.000000000000007
-0.5277317573661571,1.2100618727216974,-20.000000000000007
-0.5299466660305467,1.2048363508567348,-20.000000000000007
-0.5299466660305467,1.204836350856735,-20.000000000000007
-0.5299466660305467,1.204836350856735,-20.000000000000007
-0.5299466660305467,1.204836350856735,-20.000000000000007
-0.5299466660305467,1.204836350856735,-20.000000000000007
-0.532330411233653,1.2004385451167106,-20.000000000000007
-0.5299466660305466,1.204836350856735,-20.000000000000007
-0.5299466660305467,1.204836350856735,-20.000000000000007
-0.52970412171485,1.21301548104457,-20.000000000000007
-0.5297503346443708,1.2122641228985378,-20.000000000000007
-0.5299466660305466,1.204836350856735,-20.000000000000007
-0.5299466660305467,1.204836350856735,-20.000000000000007
-0.5051179460114001,1.4176527345538452,-20.000000000000007
-0.4265731519252688,1.4187477432022209,-20.000000000000007
-0.40052041918427966,1.493425133286236,-20.000000000000007
-0.4246887336824343,1.4334749744817021,-20.000000000000007
-0.47552817181134727,1.3382228718931448,-20.000000000000007
-0.4736388022760444,1.341904228759002,-20.000000000000007
-0.4298382705335079,1.4095755796364324,-20.000000000000007
-0.4171143278267623,1.5076157747734127,-20.000000000000007
-0.3705916335826417,1.4990812074750492,-20.000000000000007
-0.4000034522616736,1.4960335559100117,-20.000000000000007
-0.3908007068131064,1.5020288066450673,-20.000000000000007
-0.44333181201399047,1.443111376676256,-20.000000000000007
-0.429838270533508,1.4095755796364324,-20.000000000000007
-0.41289173570238136,1.4965534907706526,-20.000000000000007
-0.4749542454645316,1.3421468602114173,-20.000000000000007
-0.43917160545986533,1.4292727233241203,-20.000000000000007
-0.48797474719513656,1.3678536634911047,-20.000000000000007
-0.4644815133835496,1.3483371697604285,-20.000000000000007
-0.4445713401069521,1.4349375180083979,-20.000000000000007
-0.4406600058269543,1.430568814922055,-20.000000000000007
-0.44628859494371026,1.4364253098763973,-20.000000000000007
-0.5031896692861659,1.3992352022419925,-20.000000000000007
-0.5043148457231501,1.4115430487866387,-20.000000000000007
-0.5209897361039892,1.2318624184297193,-20.000000000000007
-0.4832397931295858,1.363985041784213,-20.000000000000007
-0.5017714554881411,1.3930658690777569,-20.000000000000007
-0.48382998381255143,1.3621228802285077,-20.000000000000007
-0.44686800377953784,1.436567892679481,-20.000000000000007
-0.46081053663631694,1.3776463237260455,-20.000000000000007
-0.41578798315169063,1.5174220040286623,-20.000000000000007
-0.429838270533508,1.4095755796364327,-20.000000000000007
-0.47388989421608,1.3436751236971334,-20.000000000000007
-0.523875545872651,1.2873109268582235,-20.000000000000007
-0.5289860104040625,1.2778264168377926,-20.000000000000007
-0.5300079310451383,1.2794635503343166,-20.000000000000007
-0.5297751702598072,1.283178844198598,-20.000000000000007
-0.5297041217148499,1.2130154810445701,-20.000000000000007
-0.5299466660305467,1.204836350856735,-20.000000000000007
-0.532330411233653,1.2004385451167106,-20.000000000000007
-0.5299466660305467,1.204836350856735,-20.000000000000007
-0.529437954164768,1.220064463487485,-20.000000000000007
-0.5297041217148499,1.21301548104457,-20.000000000000007
-0.5299466660305467,1.204836350856735,-20.000000000000007
-0.5323304112336531,1.2004385451167106,-20.000000000000007
-0.5196212251200913,1.2594935084343841,-20.000000000000007
-0.4397981079171095,1.4283573385819461,-20.000000000000007
-0.3926290734878249,1.5024724565677077,-20.000000000000007
-0.44304327741121946,1.445607841237477,-20.000000000000007
-0.4304935344176863,1.4063706891959966,-20.000000000000007
-0.403589490070756,1.4992216185820633,-20.000000000000007
-0.40000345226167355,1.4960335559100117,-20.000000000000007
-0.35339158040847757,1.5009290696013937,-20.000000000000007
-0.3773265262898759,1.4977596221932836,-20.000000000000007
-0.43730738080894305,1.420773842260217,-20.000000000000007
-0.4308249904679958,1.4079383642698835,-20.000000000000007
-0.4857315265478174,1.3605652813213902,-20.000000000000007
-0.4840014461804254,1.3710531446237755,-20.000000000000007
-0.5082523574519862,1.3554163922082623,-20.000000000000007
-0.5289860104040625,1.2778264168377929,-20.000000000000007
-0.5260945511320612,1.294252818759415,-20.000000000000007
-0.5295595045931815,1.28238099190454,-20.000000000000007
-0.5295595045931815,1.2823809919045397,-20.000000000000007
-0.5278362928687368,1.2751777789083412,-20.000000000000007
-0.5278585892165277,1.2749481399079179,-20.000000000000007
-0.52970412171485,1.21301548104457,-20.000000000000007
-0.5299466660305466,1.2048363508567348,-20.000000000000007
-0.5299466660305467,1.2048363508567348,-20.000000000000007
-0.5323304112336531,1.2004385451167106,-20.000000000000007
-0.5323304112336531,1.2004385451167103,-20.000000000000007
-0.532330411233653,1.2004385451167106,-20.000000000000007
-0.5266764831189766,1.2167892065627566,-20.000000000000007
-0.5184379561609123,1.3115572277433218,-20.000000000000007
-0.5043148457231502,1.4115430487866387,-20.000000000000007
-0.46426597898888605,1.34685438560899,-20.000000000000007
-0.5043148457231502,1.4115430487866385,-20.000000000000007
-0.5304984915078199,1.2039376218488713,-20.000000000000007
-0.5323304112336531,1.2004385451167103,-20.000000000000007
-0.532330411233653,1.2004385451167106,-20.000000000000007
-0.532330411233653,1.2004385451167106,-20.000000000000007
-0.5323304112336531,1.20043854511671,-20.000000000000007
-0.5323304112336531,1.2004385451167103,-20.000000000000007
-0.5323304112336531,1.2004385451167103,-20.000000000000007
-0.532330411233653,1.2004385451167103,-20.000000000000007
-0.5299466660305467,1.204836350856735,-20.000000000000007
-0.5295595045931816,1.2823809919045397,-20.000000000000007
-0.52970412171485,1.2130154810445701,-20.000000000000007
-0.532330411233653,1.2004385451167106,-20.000000000000007
-0.532330411233653,1.2004385451167106,-20.000000000000007
-0.532330411233653,1.2004385451167106,-20.000000000000007
-0.5323304112336531,1.2004385451167106,-20.000000000000007
-0.47781308781308235,1.3498014368384457,-20.000000000000007
-0.4160893256088709,1.5118513419479505,-20.000000000000007
-0.33246031639298806,1.4968449774025325,-20.000000000000007
-0.33390823581672896,1.4972361330632056,-20.000000000000007
-0.33900314524999114,1.500891543899963,-20.000000000000007
-0.34251211078685184,1.4976407911510041,-20.000000000000007
-0.3445500893719285,1.4970711445076412,-20.000000000000007
-0.3844270119312264,1.4998936462786552,-20.000000000000007
-0.403589490070756,1.4992216185820633,-20.000000000000007
-0.4433318120139905,1.443111376676256,-20.000000000000007
-0.5010985655486582,1.38874742749836,-20.000000000000007
-0.5198270643655126,1.2918598882096903,-20.000000000000007
-0.5278362928687368,1.2751777789083412,-20.000000000000007
-0.524993346125092,1.2904920982680286,-20.000000000000007
-0.5274732182767355,1.2954901322273562,-20.000000000000007
-0.4783005102260105,1.351258132811946,-20.000000000000007
-0.50225441985325,1.394379246220591,-20.000000000000007
-0.4979657718725389,1.3807078198869682,-20.000000000000007
-0.5053837849916603,1.4161145466017016,-20.000000000000007
-0.5281147463047137,1.2083354275888958,-20.000000000000007
-0.5281147463047137,1.2083354275888958,-20.000000000000007
-0.532330411233653,1.2004385451167103,-20.000000000000007
-0.532330411233653,1.2004385451167106,-20.000000000000007
-0.5301155025692634,1.2056640669816727,-20.000000000000007
-0.4809572071401903,1.3587234815901708,-20.000000000000007
-0.4305451320970948,1.4080844230709135,-20.000000000000007
-0.4107347601492347,1.494704215985044,-20.000000000000007
-0.4091347849830681,1.500227797717645,-20.000000000000007
-0.45608816115414463,1.39315976677321,-20.000000000000007
-0.5025952399485216,1.4036063480516459,-20.000000000000007
-0.5284508971472768,1.2799466257576808,-20.000000000000007
-0.5289860104040626,1.2778264168377929,-20.000000000000007
-0.5295595045931816,1.2823809919045397,-20.000000000000007
-0.529437954164768,1.2200644634874853,-20.000000000000007
-0.5297503346443708,1.2122641228985378,-20.000000000000007
-0.5299466660305466,1.204836350856735,-20.000000000000007
-0.5323304112336531,1.2004385451167103,-20.000000000000007
-0.5299466660305466,1.204836350856735,-20.000000000000007
-0.5295595045931816,1.2823809919045397,-20.000000000000007
-0.5297503346443708,1.212264122898538,-20.000000000000007
-0.5323304112336531,1.2004385451167103,-20.000000000000007
-0.532330411233653,1.2004385451167106,-20.000000000000007
-0.532330411233653,1.2004385451167103,-20.000000000000007
-0.532330411233653,1.2004385451167106,-20.000000000000007
-0.5241551435842253,1.2212901465959178,-20.000000000000007
-0.4628141454016098,1.3558103753856128,-20.000000000000007
-0.4294552636587824,1.4117953978900248,-20.000000000000007
-0.335577741311076,1.4994299700061717,-20.000000000000007
-0.29659979793520386,1.5893444059498703,-20.000000000000007
-0.311205131479315,1.4995131876192795,-20.000000000000007
-0.322705259158764,1.4986083922922369,-20.000000000000007
-0.4361377674481064,1.4065766222756952,-20.000000000000007
-0.48538841803132277,1.3607994360155742,-20.000000000000007
-0.5273565704012009,1.2766708345373932,-20.000000000000007
-0.5278362928687368,1.275177778908341,-20.000000000000007
-0.5279159377776228,1.274878966692625,-20.000000000000007
-0.5295595045931816,1.2823809919045397,-20.000000000000007
-0.5295595045931816,1.28238099190454,-20.000000000000007
-0.5297041217148499,1.21301548104457,-20.000000000000007
-0.5295595045931816,1.28238099190454,-20.000000000000007
-0.5278362928687369,1.275177778908341,-20.000000000000007
-0.5289860104040625,1.2778264168377929,-20.000000000000007
-0.5297503346443708,1.212264122898538,-20.000000000000007
-0.5299466660305467,1.2048363508567348,-20.000000000000007
-0.5323304112336531,1.2004385451167106,-20.000000000000007
-0.5323304112336531,1.2004385451167106,-20.000000000000007
-0.5323304112336531,1.2004385451167106,-20.000000000000007
-0.532330411233653,1.2004385451167106,-20.000000000000007
-0.5299466660305466,1.204836350856735,-20.000000000000007
-0.5295595045931816,1.28238099190454,-20.000000000000007
-0.525286175400577,1.2263270217287283,-20.000000000000007
-0.5051064680329467,1.419569294193178,-20.000000000000007
-0.5170819604639123,1.2638045126838153,-20.000000000000007
-0.5323304112336531,1.2004385451167103,-20.000000000000007
-0.5323304112336531,1.2004385451167106,-20.000000000000007
-0.532330411233653,1.2004385451167106,-20.000000000000007
-0.532330411233653,1.2004385451167103,-20.000000000000007
-0.5323304112336531,1.2004385451167106,-20.000000000000007
-0.5323304112336531,1.2004385451167106,-20.000000000000007
-0.532330411233653,1.2004385451167106,-20.000000000000007
-0.5323304112336531,1.2004385451167106,-20.000000000000007
-0.5299466660305467,1.2048363508567348,-20.000000000000007
-0.5297751702598071,1.283178844198598,-20.000000000000007
-0.52970412171485,1.2130154810445704,-20.000000000000007
-0.5323304112336531,1.2004385451167106,-20.000000000000007
-0.532330411233653,1.2004385451167106,-20.000000000000007
-0.532330411233653,1.2004385451167103,-20.000000000000007
-0.5323304112336531,1.2004385451167103,-20.000000000000007
-0.4864626389817346,1.3567782160724757,-20.000000000000007
-0.39825052485411133,1.4964929751767841,-20.000000000000007
-0.32879979100039325,1.4983435860357264,-20.000000000000007
-0.25901590565828647,1.7769500272745358,-20.000000000000007
-0.2846493882131486,1.5322274562314537,-20.000000000000007
-0.30684952852952047,1.5113498949978776,-20.000000000000007
-0.35084273913773856,1.4983712848815605,-20.000000000000007
-0.3875640168378819,1.5005960587242302,-20.000000000000007
-0.4115258542518495,1.496136515493584,-20.000000000000007
-0.4437483548458728,1.4365378798237503,-20.000000000000007
-0.4571629352664083,1.4025959023105186,-20.000000000000007
-0.48581118367409387,1.361021767179797,-20.000000000000007
-0.4500543998268897,1.4224379002931746,-20.000000000000007
-0.44562179576332084,1.4383362675726108,-20.000000000000007
-0.4716325075044475,1.3378720775622013,-20.000000000000007
-0.47926791700053745,1.3540232667042886,-20.000000000000007
-0.5273565704012009,1.2766708345373934,-20.000000000000007
-0.5255135592343549,1.2870577868796884,-20.000000000000007
-0.510931500441977,1.3451439027232244,-20.000000000000007
-0.4853086337921959,1.3558068217984263,-20.000000000000007
-0.483180276761506,1.3650631678166385,-20.000000000000007
-0.5088927457533952,1.3664230241247486,-20.000000000000007
-0.527795488214079,1.2124005322736182,-20.000000000000007
-0.5304984915078199,1.2039376218488713,-20.000000000000007
-0.5051179460114003,1.417652734553845,-20.000000000000007
-0.45663048865006306,1.3992890034235712,-20.000000000000007
-0.41874960228346064,1.4936118646343592,-20.000000000000007
-0.416599830376709,1.515359977406915,-20.000000000000007
-0.44663633437110273,1.4325606013426864,-20.000000000000007
-0.49871004776491284,1.3814065465761005,-20.000000000000007
-0.5166055773731291,1.3030734466156952,-20.000000000000007
-0.5289860104040625,1.2778264168377929,-20.000000000000007
-0.5295595045931815,1.28238099190454,-20.000000000000007
-0.5297041217148499,1.2130154810445701,-20.000000000000007
-0.5299466660305466,1.204836350856735,-20.000000000000007
-0.5299466660305467,1.204836350856735,-20.000000000000007
-0.5323304112336531,1.2004385451167106,-20.000000000000007
-0.5299466660305466,1.2048363508567348,-20.000000000000007
-0.5297041217148499,1.2130154810445701,-20.000000000000007
-0.5299466660305467,1.204836350856735,-20.000000000000007
-0.5323304112336531,1.2004385451167106,-20.000000000000007
-0.532330411233653,1.2004385451167103,-20.000000000000007
-0.532330411233653,1.2004385451167103,-20.000000000000007
-0.5304984915078199,1.2039376218488715,-20.000000000000007
-0.4614893863228754,1.3700300205333031,-20.000000000000007
-0.38747857783153955,1.4996801891830815,-20.000000000000007
-0.3102648262264646,1.5031899242688596,-20.000000000000007
-0.30256466588468595,1.528737411288138,-20.000000000000007
-0.2851737895803543,1.535504724456564,-20.000000000000007
-0.3287350493310959,1.4984794875803136,-20.000000000000007
-0.40129940526800945,1.4971681241012118,-20.000000000000007
-0.40448929964816294,1.4961879247861818,-20.000000000000007
-0.41737494413251747,1.5123936308036985,-20.000000000000007
-0.4296975185912876,1.411282703710759,-20.000000000000007
-0.433945686912926,1.4055806474629031,-20.000000000000007
-0.48504124710250623,1.3631746505338924,-20.000000000000007
-0.5019638734101819,1.3958548405249838,-20.000000000000007
-0.5088927457533952,1.3664230241247486,-20.000000000000007
-0.4782666937887605,1.3508487674340146,-20.000000000000007
-0.4641569960962108,1.3532569715593836,-20.000000000000007
-0.48362972843448904,1.3712158663829423,-20.000000000000007
-0.48345483921854515,1.3728062724286223,-20.000000000000007
-0.5254017111036573,1.226049038210683,-20.000000000000007
-0.5050268231240608,1.4198681064088943,-20.000000000000007
-0.49762898416600154,1.3844046440340205,-20.000000000000007
-0.5043148457231502,1.4115430487866387,-20.000000000000007
-0.4931631384024263,1.384193239040067,-20.000000000000007
-0.5241551435842253,1.2212901465959178,-20.000000000000007
-0.5088927457533952,1.3664230241247488,-20.000000000000007
-0.4812099727327556,1.359024544696491,-20.000000000000007
-0.47398721664927723,1.3390872227141133,-20.000000000000007
-0.4725053898881519,1.3350645416853635,-20.000000000000007
-0.5030650532025365,1.3972817309933077,-20.000000000000007
-0.5323304112336531,1.2004385451167106,-20.000000000000007
-0.532330411233653,1.2004385451167103,-20.000000000000007
-0.532330411233653,1.2004385451167106,-20.000000000000007
-0.532330411233653,1.2004385451167106,-20.000000000000007
-0.5323304112336531,1.2004385451167106,-20.000000000000007
-0.5323304112336531,1.2004385451167106,-20.000000000000007
-0.5323304112336531,1.2004385451167106,-20.000000000000007
-0.532330411233653,1.2004385451167106,-20.000000000000007
-0.5299466660305466,1.2048363508567348,-20.000000000000007
-0.5297751702598072,1.2831788441985983,-20.000000000000007
-0.5299466660305467,1.2048363508567348,-20.000000000000007
-0.5323304112336531,1.2004385451167103,-20.000000000000007
-0.5323304112336531,1.2004385451167103,-20.000000000000007
-0.5323304112336531,1.2004385451167103,-20.000000000000007
-0.49013038552889593,1.3824946647648766,-20.000000000000007
-0.35621990667236625,1.500039228842282,-20.000000000000007
-0.2801168150266809,1.5081261530810859,-20.000000000000007
-0.28811277209701025,1.5677371038689136,-20.000000000000007
-0.3128036725479201,1.501656457441048,-20.000000000000007
-0.31738395904189687,1.4972981390527298,-20.000000000000007
-0.3362527330384268,1.5008521548528047,-20.000000000000007
-0.33684621541864135,1.5011888409182217,-20.000000000000007
-0.3709575543067463,1.4937528592659672,-20.000000000000007
-0.4307110719445071,1.4076826948821286,-20.000000000000007
-0.4455858468715354,1.4354555784200231,-20.000000000000007
-0.5039462148179048,1.4086247296553571,-20.000000000000007
-0.49001838260126085,1.4037068689251446,-20.000000000000007
-0.4828808877870872,1.3636474180929643,-20.000000000000007
-0.48299384250143296,1.3637084380168918,-20.000000000000007
-0.4794315961108138,1.3559828905121465,-20.000000000000007
-0.5239551907815367,1.2870121146425069,-20.000000000000007
-0.5207484257447355,1.2865154348823522,-20.000000000000007
-0.5278362928687369,1.2751777789083412,-20.000000000000007
-0.5135684780979334,1.2888700392906167,-20.000000000000007
-0.5047333020063443,1.4173508754889435,-20.000000000000007
-0.5257073539523301,1.2174896650972322,-20.000000000000007
-0.5193164182528638,1.2614282908431242,-20.000000000000007
-0.5323304112336531,1.2004385451167106,-20.000000000000007
-0.5323304112336531,1.2004385451167103,-20.000000000000007
-0.4989804213466412,1.3850666287399322,-20.000000000000007
-0.4502175629473747,1.417134121118224,-20.000000000000007
-0.3772417607671863,1.4961034796005388,-20.000000000000007
-0.41483269446889715,1.5103676128130805,-20.000000000000007
-0.4555672818071813,1.389412517379161,-20.000000000000007
-0.5026575479903362,1.4045830836759885,-20.000000000000007
-0.5276604417282474,1.281747070156496,-20.000000000000007
-0.5289860104040625,1.2778264168377929,-20.000000000000007
-0.5295595045931815,1.2823809919045397,-20.000000000000007
-0.5297041217148499,1.21301548104457,-20.000000000000007
-0.5299466660305466,1.204836350856735,-20.000000000000007
-0.5299466660305467,1.204836350856735,-20.000000000000007
-0.5323304112336531,1.2004385451167106,-20.000000000000007
-0.5299466660305467,1.204836350856735,-20.000000000000007
-0.5295595045931815,1.28238099190454,-20.000000000000007
-0.5299466660305467,1.204836350856735,-20.000000000000007
-0.5323304112336531,1.2004385451167106,-20.000000000000007
-0.5323304112336531,1.2004385451167106,-20.000000000000007
-0.532330411233653,1.2004385451167106,-20.000000000000007
-0.532330411233653,1.2004385451167106,-20.000000000000007
-0.532330411233653,1.2004385451167103,-20.000000000000007
-0.532330411233653,1.2004385451167106,-20.000000000000007
-0.5109260466768302,1.3506499492876132,-20.000000000000007
-0.4210986437938233,1.4521280888622032,-20.000000000000007
-0.32099326325470384,1.5003118199081562,-20.000000000000007
-0.33374895252193887,1.4971684985228038,-20.000000000000007
-0.3467806711287499,1.497428255672907,-20.000000000000007
-0.4296975185912876,1.4112827037107591,-20.000000000000007
-0.46310378918747375,1.353816175136974,-20.000000000000007
-0.5039433174767391,1.408142482831565,-20.000000000000007
-0.514273988990006,1.3310741920928708,-20.000000000000007
-0.5300079310451384,1.2794635503343166,-20.000000000000007
-0.5281431868301882,1.2165607624366275,-20.000000000000007
-0.5297041217148499,1.2130154810445701,-20.000000000000007
-0.5297503346443708,1.2122641228985378,-20.000000000000007
-0.5295595045931816,1.2823809919045397,-20.000000000000007
-0.5289860104040626,1.2778264168377929,-20.000000000000007
-0.5295595045931816,1.28238099190454,-20.000000000000007
-0.5299466660305467,1.2048363508567348,-20.000000000000007
-0.5299466660305467,1.204836350856735,-20.000000000000007
-0.532330411233653,1.2004385451167103,-20.000000000000007
-0.5323304112336531,1.2004385451167106,-20.000000000000007
-0.532330411233653,1.2004385451167106,-20.000000000000007
-0.5323304112336531,1.2004385451167106,-20.000000000000007
-0.5299466660305466,1.2048363508567348,-20.000000000000007
-0.5027703794909989,1.3970470714339667,-20.000000000000007
-0.4846506471195697,1.35440086517457,-20.000000000000007
-0.4554363485528172,1.3784689786246016,-20.000000000000007
-0.48964110542274697,1.3889581598738685,-20.000000000000007
-0.532330411233653,1.2004385451167103,-20.000000000000007
-0.5323304112336531,1.2004385451167103,-20.000000000000007
-0.5323304112336531,1.20043854511671,-20.000000000000007
-0.5323304112336531,1.2004385451167106,-20.000000000000007
-0.5323304112336531,1.2004385451167106,-20.000000000000007
-0.5323304112336531,1.2004385451167103,-20.000000000000007
-0.5323304112336531,1.2004385451167106,-20.000000000000007
-0.5323304112336531,1.2004385451167103,-20.000000000000007
-0.5299466660305466,1.2048363508567348,-20.000000000000007
-0.5295595045931815,1.28238099190454,-20.000000000000007
-0.5297503346443708,1.212264122898538,-20.000000000000007
-0.5323304112336531,1.2004385451167103,-20.000000000000007
-0.5323304112336531,1.2004385451167103,-20.000000000000007
-0.5323304112336531,1.2004385451167103,-20.000000000000007
-0.524926065215417,1.2144990146010455,-20.000000000000007
-0.5051064680329468,1.4195692941931781,-20.000000000000007
-0.43611116304046094,1.4064338858994263,-20.000000000000007
-0.3470594318353476,1.4985309711623787,-20.000000000000007
-0.3255440075094746,1.4986744817900783,-20.000000000000007
-0.25712377356303046,1.7708242970558314,-20.000000000000007
-0.32876307871450594,1.4982035834538967,-20.000000000000007
-0.3654016129783699,1.4997570678125416,-20.000000000000007
-0.394332218278305,1.499873174491488,-20.000000000000007
-0.4429996076485113,1.443326995301033,-20.000000000000007
-0.4387841516499471,1.4344274013971905,-20.000000000000007
-0.4729504007996237,1.3383057099113262,-20.000000000000007
-0.4738329700143473,1.34310617624876,-20.000000000000007
-0.4781796859524998,1.3516721816369255,-20.000000000000007
-0.5021649347461021,1.3921812222493821,-20.000000000000007
-0.4989804213466411,1.3850666287399322,-20.000000000000007
-0.5211164695653744,1.2969100565196854,-20.000000000000007
-0.49332563606504437,1.3896501138250064,-20.000000000000007
-0.5049066874434757,1.4231995729922269,-20.000000000000007
-0.501771455488141,1.393065869077757,-20.000000000000007
-0.48760590859425246,1.3666043285068663,-20.000000000000007
-0.5280316601208391,1.209276157525149,-20.000000000000007
-0.5096578185038314,1.3522128464696181,-20.000000000000007
-0.5304984915078199,1.203937621848871,-20.000000000000007
-0.524926065215417,1.2144990146010457,-20.000000000000007
-0.4814992692327953,1.3594634410742177,-20.000000000000007
-0.46319750333135457,1.3550330922665956,-20.000000000000007
-0.4187496022834606,1.4936118646343592,-20.000000000000007
-0.42725979188792573,1.4202930003367649,-20.000000000000007
-0.4600315419094332,1.3852220913568352,-20.000000000000007
-0.5026575479903362,1.4045830836759883,-20.000000000000007
-0.5289860104040626,1.2778264168377929,-20.000000000000007
-0.5295595045931816,1.28238099190454,-20.000000000000007
-0.5295595045931815,1.2823809919045397,-20.000000000000007
-0.5297041217148499,1.2130154810445701,-20.000000000000007
-0.5297503346443708,1.2122641228985378,-20.000000000000007
-0.5299466660305467,1.204836350856735,-20.000000000000007
-0.5323304112336531,1.2004385451167106,-20.000000000000007
-0.5297041217148499,1.21301548104457,-20.000000000000007
-0.5295595045931815,1.28238099190454,-20.000000000000007
-0.5299466660305467,1.204836350856735,-20.000000000000007
-0.5323304112336531,1.2004385451167106,-20.000000000000007
-0.5323304112336531,1.2004385451167103,-20.000000000000007
-0.5323304112336531,1.2004385451167106,-20.000000000000007
-0.5109469047518174,1.3448934500078806,-20.000000000000007
-0.4038148497818602,1.4934947072900853,-20.000000000000007
-0.3387991657529771,1.5004039495722488,-20.000000000000007
-0.28380139642313795,1.5306154777015966,-20.000000000000007
-0.280605263635427,1.4882392549076289,-20.000000000000007
-0.28513543071080866,1.5353985649857196,-20.000000000000007
-0.2779593498681075,1.5064042915326303,-20.000000000000007
-0.29263471218956816,1.5867005354778851,-20.000000000000007
-0.3579486532808819,1.5004069368248716,-20.000000000000007
-0.35515073704430783,1.499835050082052,-20.000000000000007
-0.4168105612573406,1.5198720199252047,-20.000000000000007
-0.42061209960331825,1.457507781081902,-20.000000000000007
-0.4352163711063508,1.4059312916988,-20.000000000000007
-0.47388989421608,1.3436751236971334,-20.000000000000007
-0.46084265303667254,1.3777740564837144,-20.000000000000007
-0.47714181628792746,1.3475201676393211,-20.000000000000007
-0.47495424546453147,1.3421468602114173,-20.000000000000007
-0.48371321298327796,1.3699179222750182,-20.000000000000007
-0.460985731936885,1.378817876835052,-20.000000000000007
-0.5042525376813354,1.410566313162296,-20.000000000000007
-0.4814555175875763,1.3595740565753733,-20.000000000000007
-0.49013038552889593,1.3824946647648764,-20.000000000000007
-0.5051064680329468,1.4195692941931781,-20.000000000000007
-0.48471880664158457,1.3546218842779916,-20.000000000000007
-0.47264979359540293,1.3355224808704982,-20.000000000000007
-0.4389042291029689,1.4334825215068003,-20.000000000000007
-0.4184878068045613,1.5051039809863338,-20.000000000000007
-0.4160893256088709,1.5118513419479505,-20.000000000000007
-0.4649239891864876,1.3472449283724253,-20.000000000000007
-0.5113064680137929,1.3371539693484968,-20.000000000000007
-0.5323304112336531,1.2004385451167106,-20.000000000000007
-0.532330411233653,1.2004385451167103,-20.000000000000007
-0.532330411233653,1.2004385451167103,-20.000000000000007
-0.5323304112336531,1.2004385451167106,-20.000000000000007
-0.532330411233653,1.2004385451167106,-20.000000000000007
-0.5323304112336531,1.2004385451167106,-20.000000000000007
-0.5323304112336531,1.2004385451167106,-20.000000000000007
-0.5323304112336531,1.2004385451167106,-20.000000000000007
-0.5297503346443707,1.212264122898538,-20.000000000000007
-0.5295595045931815,1.2823809919045397,-20.000000000000007
-0.5299466660305466,1.204836350856735,-20.000000000000007
-0.5323304112336531,1.2004385451167106,-20.000000000000007
-0.532330411233653,1.2004385451167106,-20.000000000000007
-0.510187815793321,1.3487880980888673,-20.000000000000007
-0.3667301892767959,1.503098440133865,-20.000000000000007
-0.25362203347405415,1.7571569920026067,-20.000000000000007
-0.255940752785843,1.7612792534112316,-20.000000000000007
-0.26483581410672785,1.7601820209114332,-20.000000000000007
-0.2970970488326458,1.5850414662992771,-20.000000000000007
-0.32533090804114867,1.4991734611347738,-20.000000000000007
-0.35806618629986153,1.5008569340824325,-20.000000000000007
-0.3676590641887263,1.500463149694065,-20.000000000000007
-0.4231895460743595,1.4393885571908043,-20.000000000000007
-0.46303267565639683,1.3541772326515098,-20.000000000000007
-0.49771668579407735,1.3819764146609375,-20.000000000000007
-0.5277052809811676,1.2759412083348036,-20.000000000000007
-0.5289860104040626,1.2778264168377929,-20.000000000000007
-0.5295595045931815,1.2823809919045397,-20.000000000000007
-0.5295595045931816,1.28238099190454,-20.000000000000007
-0.529437954164768,1.220064463487485,-20.000000000000007
-0.5279159377776227,1.2748789666926248,-20.000000000000007
-0.5278362928687368,1.2751777789083412,-20.000000000000007
-0.5289860104040625,1.2778264168377929,-20.000000000000007
-0.5299466660305467,1.2048363508567348,-20.000000000000007
-0.5299466660305467,1.204836350856735,-20.000000000000007
-0.5323304112336531,1.2004385451167106,-20.000000000000007
-0.5323304112336531,1.2004385451167108,-20.000000000000007
-0.5323304112336531,1.2004385451167106,-20.000000000000007
-0.5161827744283249,1.2742134698696381,-20.000000000000007
-0.47254259704118906,1.3397760741658526,-20.000000000000007
-0.4210743286522204,1.4511456325029397,-20.000000000000007
-0.38755644809946566,1.500898309481019,-20.000000000000007
-0.4258237867099077,1.4289712115379547,-20.000000000000007
-0.4618953387567287,1.3661860652484157,-20.000000000000007
-0.508651164531994,1.3506494588701072,-20.000000000000007
-0.5289860104040626,1.2778264168377929,-20.000000000000007
-0.5295595045931816,1.28238099190454,-20.000000000000007
-0.5295595045931815,1.28238099190454,-20.000000000000007
-0.5297041217148499,1.2130154810445701,-20.000000000000007
-0.5299466660305466,1.204836350856735,-20.000000000000007
-0.5299466660305467,1.204836350856735,-20.000000000000007
-0.5323304112336531,1.2004385451167106,-20.000000000000007
-0.5297503346443708,1.212264122898538,-20.000000000000007
-0.5295595045931816,1.28238099190454,-20.000000000000007
-0.5299466660305467,1.204836350856735,-20.000000000000007
-0.5323304112336531,1.2004385451167106,-20.000000000000007
-0.5323304112336531,1.2004385451167103,-20.000000000000007
-0.5323304112336531,1.2004385451167103,-20.000000000000007
-0.5304154053239455,1.2048783517851245,-20.000000000000007
-0.4347931705114798,1.402987296415199,-20.000000000000007
-0.38905313367694166,1.4992779213477556,-20.000000000000007
-0.32283720834113916,1.4990617505016295,-20.000000000000007
-0.27908581884652184,1.4629854224262329,-20.000000000000007
-0.2851737895803543,1.5355047244565643,-20.000000000000007
-0.25326889233539673,1.7578024270239831,-20.000000000000007
-0.308911231409168,1.5077660068053516,-20.000000000000007
-0.32407036826144686,1.5004050334805528,-20.000000000000007
-0.34820389164495713,1.5006831247985912,-20.000000000000007
-0.35015443440940375,1.5015589862731402,-20.000000000000007
-0.3545500807529097,1.4994366191684125,-20.000000000000007
-0.3534256671067534,1.50090379744822,-20.000000000000007
-0.3628857463146848,1.4976716271661412,-20.000000000000007
-0.36426463801889614,1.4984493605702989,-20.000000000000007
-0.36997555340433463,1.4995821056819116,-20.000000000000007
-0.369903732791781,1.4991845951371865,-20.000000000000007
-0.36334233466586646,1.4982435358479873,-20.000000000000007
-0.3660825586297576,1.4990199333794738,-20.000000000000007
-0.35436725931493507,1.498967016982779,-20.000000000000007
-0.36203718287427117,1.5001534578616231,-20.000000000000007
-0.33759935475165,1.4997432295040605,-20.000000000000007
-0.35458741154203993,1.500305649958291,-20.000000000000007
-0.30377792871631487,1.5145630957810026,-20.000000000000007
-0.30483653022033674,1.5054126349958048,-20.000000000000007
-0.32639651106893225,1.4983871348491729,-20.000000000000007
-0.35862052459542965,1.499559095923953,-20.000000000000007
-0.42119276241131376,1.4601573487444863,-20.000000000000007
-0.4871988159139409,1.3635189851592922,-20.000000000000007
-0.52570735395233,1.2174896650972322,-20.000000000000007
-0.5323304112336531,1.2004385451167106,-20.000000000000007
-0.532330411233653,1.2004385451167106,-20.000000000000007
-0.5323304112336531,1.2004385451167103,-20.000000000000007
-0.5323304112336531,1.2004385451167106,-20.000000000000007
-0.5323304112336531,1.2004385451167103,-20.000000000000007
-0.5323304112336531,1.2004385451167106,-20.000000000000007
-0.5323304112336531,1.2004385451167106,-20.000000000000007
-0.5323304112336531,1.2004385451167106,-20.000000000000007
-0.52970412171485,1.2130154810445701,-20.000000000000007
-0.5295595045931815,1.28238099190454,-20.000000000000007
-0.5299466660305466,1.2048363508567348,-20.000000000000007
-0.532330411233653,1.2004385451167103,-20.000000000000007
-0.5323304112336531,1.2004385451167106,-20.000000000000007
-0.5323304112336531,1.2004385451167106,-20.000000000000007
-0.532330411233653,1.2004385451167103,-20.000000000000007
-0.503212265219969,1.3994810739815948,-20.000000000000007
-0.4435824600988278,1.439247683223842,-20.000000000000007
-0.3612793587991124,1.4973677181400125,-20.000000000000007
-0.3321703714329204,1.4972367745614352,-20.000000000000007
-0.30776745121695326,1.5111449464988784,-20.000000000000007
-0.3225407077276166,1.4986823559742195,-20.000000000000007
-0.36346336166357784,1.4977056682411667,-20.000000000000007
-0.3874874323203362,1.5005915382145858,-20.000000000000007
-0.42708638786476405,1.4199527300497894,-20.000000000000007
-0.4389981751173252,1.429991029256612,-20.000000000000007
-0.4506943971718018,1.4118098091549105,-20.000000000000007
-0.43754987761978614,1.423402707775857,-20.000000000000007
-0.4503975599423635,1.4184268062809786,-20.000000000000007
-0.46365600822068864,1.3504731782574975,-20.000000000000007
-0.4829654748903848,1.3638044747674234,-20.000000000000007
-0.5179411279169471,1.3017542815831153,-20.000000000000007
-0.4789602364470919,1.3536339533289823,-20.000000000000007
-0.49934035567936097,1.38610278594986,-20.000000000000007
-0.48362082104699083,1.3644873719138746,-20.000000000000007
-0.4901303855288959,1.3824946647648766,-20.000000000000007
-0.5301155025692634,1.2056640669816727,-20.000000000000007
-0.5096471999018264,1.3539510097180343,-20.000000000000007
-0.5279110239171594,1.2121225487555725,-20.000000000000007
-0.5051064680329467,1.4195692941931781,-20.000000000000007
-0.46448476658870747,1.3484122140732384,-20.000000000000007
-0.4556057403329417,1.3955223759830884,-20.000000000000007
-0.41501685531954075,1.5046661869109113,-20.000000000000007
-0.4358413012244261,1.405348213912099,-20.000000000000007
-0.4721908087185879,1.3391707833824216,-20.000000000000007
-0.5026546506491707,1.4041008368521963,-20.000000000000007
-0.5289860104040626,1.2778264168377929,-20.000000000000007
-0.5295595045931816,1.2823809919045397,-20.000000000000007
-0.5295595045931816,1.28238099190454,-20.000000000000007
-0.5297041217148499,1.21301548104457,-20.000000000000007
-0.5299466660305467,1.2048363508567348,-20.000000000000007
-0.5299466660305467,1.204836350856735,-20.000000000000007
-0.5323304112336531,1.2004385451167106,-20.000000000000007
-0.5297041217148499,1.2130154810445701,-20.000000000000007
-0.5295595045931815,1.28238099190454,-20.000000000000007
-0.5299466660305466,1.204836350856735,-20.000000000000007
-0.532330411233653,1.2004385451167106,-20.000000000000007
-0.5323304112336531,1.2004385451167106,-20.000000000000007
-0.5323304112336531,1.2004385451167103,-20.000000000000007
-0.53049849150782,1.2039376218488715,-20.000000000000007
-0.5051179460114001,1.417652734553845,-20.000000000000007
-0.44506862351370047,1.4369226122233147,-20.000000000000007
-0.394332218278305,1.4998731744914877,-20.000000000000007
-0.3518693388769201,1.4990414870906221,-20.000000000000007
-0.3288256126318265,1.4981159072783983,-20.000000000000007
-0.32831757409058626,1.5001194253124956,-20.000000000000007
-0.32876307871450594,1.4982035834538965,-20.000000000000007
-0.38188882013089936,1.498607880470803,-20.000000000000007
-0.40355258887237083,1.4991057403900512,-20.000000000000007
-0.45006869183430326,1.4149948774174013,-20.000000000000007
-0.4388975350127393,1.4322417834103403,-20.000000000000007
-0.41836308914762665,1.5108160799573207,-20.000000000000007
-0.4577121277660512,1.4098653955135596,-20.000000000000007
-0.44358246009882785,1.439247683223842,-20.000000000000007
-0.5108245799488002,1.3505305838605919,-20.000000000000007
-0.5039347368394513,1.41054128929469,-20.000000000000007
-0.4634353342037813,1.3523715598081232,-20.000000000000007
-0.4723093066189815,1.3373631044558605,-20.000000000000007
-0.44070745394765437,1.4283377708431981,-20.000000000000007
-0.5032122652199691,1.3994810739815946,-20.000000000000007
-0.5109469047518174,1.3448934500078804,-20.000000000000007
-0.5290602283220829,1.2123914008227317,-20.000000000000007
-0.5051064680329468,1.4195692941931781,-20.000000000000007
-0.45645129345382035,1.3818075670975076,-20.000000000000007
-0.4473840287933234,1.431420463314259,-20.000000000000007
-0.41900925633973984,1.4983785986484321,-20.000000000000007
-0.4558190631199759,1.3805229383733433,-20.000000000000007
-0.5051064680329467,1.4195692941931781,-20.000000000000007
-0.5281147463047136,1.2083354275888958,-20.000000000000007
-0.532330411233653,1.2004385451167106,-20.000000000000007
-0.532330411233653,1.2004385451167106,-20.000000000000007
-0.532330411233653,1.2004385451167106,-20.000000000000007
-0.532330411233653,1.2004385451167106,-20.000000000000007
-0.532330411233653,1.2004385451167103,-20.000000000000007
-0.5323304112336531,1.2004385451167103,-20.000000000000007
-0.5323304112336529,1.2004385451167106,-20.000000000000007
-0.5323304112336531,1.2004385451167103,-20.000000000000007
-0.5297503346443708,1.2122641228985378,-20.000000000000007
-0.5297041217148499,1.21301548104457,-20.000000000000007
-0.5299466660305467,1.204836350856735,-20.000000000000007
-0.5323304112336531,1.2004385451167106,-20.000000000000007
-0.5323304112336531,1.2004385451167106,-20.000000000000007
-0.5109469047518173,1.3448934500078802,-20.000000000000007
-0.3981461964622955,1.4965176407961416,-20.000000000000007
-0.32611923454978003,1.5002657920913156,-20.000000000000007
-0.2543839131964796,1.7601378152279383,-20.000000000000007
-0.22700039482394935,1.931983712679078,-20.000000000000007
-0.25380268253976923,1.7690137789692568,-20.000000000000007
-0.2554054582827691,1.7680451672476836,-20.000000000000007
-0.3071482235334123,1.51093096580971,-20.000000000000007
-0.32876307871450594,1.4982035834538967,-20.000000000000007
-0.32648741881345356,1.4989087796230327,-20.000000000000007
-0.3437304209320029,1.498288164465301,-20.000000000000007
-0.3412285996560529,1.499027929840447,-20.000000000000007
-0.3772199907419798,1.4966227421102836,-20.000000000000007
-0.40376743148978916,1.4977414914607676,-20.000000000000007
-0.41900925633973984,1.4983785986484324,-20.000000000000007
-0.4130625125966636,1.4987245436518835,-20.000000000000007
-0.3920309210953765,1.5043090441748512,-20.000000000000007
-0.4103758132156194,1.4975956686380463,-20.000000000000007
-0.4042854482631608,1.4933699836571779,-20.000000000000007
-0.43566292628298786,1.4050268189467925,-20.000000000000007
-0.42942846864684747,1.4101466792497912,-20.000000000000007
-0.3965206936435026,1.4987769353847875,-20.000000000000007
-0.3999058550671617,1.4935404204622795,-20.000000000000007
-0.38445175791997255,1.4987690421511497,-20.000000000000007
-0.41500122570282305,1.505838327290199,-20.000000000000007
-0.4168645708965859,1.5163805579080654,-20.000000000000007
-0.40032910960051227,1.4951806663575185,-20.000000000000007
-0.40358949007075606,1.4992216185820633,-20.000000000000007
-0.3878670907852385,1.5008472260632286,-20.000000000000007
-0.4319166938543873,1.4074156094416965,-20.000000000000007
-0.4837646851095029,1.3703231481332276,-20.000000000000007
-0.5097022792775899,1.3410748829924772,-20.000000000000007
-0.5289860104040626,1.2778264168377926,-20.000000000000007
-0.5295595045931815,1.28238099190454,-20.000000000000007
-0.5295595045931815,1.2823809919045397,-20.000000000000007
-0.5297041217148499,1.21301548104457,-20.000000000000007
-0.5299466660305466,1.2048363508567346,-20.000000000000007
-0.5323304112336531,1.2004385451167103,-20.000000000000007
-0.532330411233653,1.2004385451167106,-20.000000000000007
-0.5299466660305467,1.2048363508567348,-20.000000000000007
-0.5299466660305466,1.204836350856735,-20.000000000000007
-0.5299466660305467,1.204836350856735,-20.000000000000007
-0.5299466660305467,1.204836350856735,-20.000000000000007
-0.5299466660305466,1.2048363508567348,-20.000000000000007
-0.5299466660305466,1.204836350856735,-20.000000000000007
-0.5280316601208392,1.209276157525149,-20.000000000000007
-0.4784796664305812,1.3509523370295424,-20.000000000000007
-0.43681900056559514,1.4160843025835461,-20.000000000000007
-0.3498226950033653,1.50074470334275,-20.000000000000007
-0.3302788838936513,1.496246829533788,-20.000000000000007
-0.29749703805891253,1.580961970014528,-20.000000000000007
-0.3688168132611204,1.4983305385355064,-20.000000000000007
-0.43600442574315595,1.4061894830044002,-20.000000000000007
-0.5026575479903364,1.4045830836759885,-20.000000000000007
-0.5278362928687369,1.2751777789083412,-20.000000000000007
-0.5280513047749973,1.2755914071461307,-20.000000000000007
-0.5295595045931816,1.28238099190454,-20.000000000000007
-0.5295595045931816,1.28238099190454,-20.000000000000007
-0.5295595045931816,1.2823809919045397,-20.000000000000007
-0.5297041217148499,1.21301548104457,-20.000000000000007
-0.52970412171485,1.21301548104457,-20.000000000000007
-0.5295595045931816,1.2823809919045397,-20.000000000000007
-0.5297751702598071,1.283178844198598,-20.000000000000007
-0.5297503346443707,1.212264122898538,-20.000000000000007
-0.5299466660305466,1.204836350856735,-20.000000000000007
-0.5299466660305466,1.2048363508567348,-20.000000000000007
-0.5299466660305467,1.2048363508567348,-20.000000000000007
-0.5299466660305466,1.204836350856735,-20.000000000000007
-0.5299466660305467,1.2048363508567348,-20.000000000000007
-0.5299466660305466,1.204836350856735,-20.000000000000007
-0.5253725142697203,1.2324590502539798,-20.000000000000007
-0.4912351467063134,1.3826042836456236,-20.000000000000007
-0.4781361267961677,1.3516282356265565,-20.000000000000007
-0.4912351467063134,1.3826042836456236,-20.000000000000007
-0.5304984915078199,1.2039376218488713,-20.000000000000007
-0.532330411233653,1.2004385451167106,-20.000000000000007
-0.532330411233653,1.2004385451167106,-20.000000000000007
-0.532330411233653,1.2004385451167106,-20.000000000000007
-0.5323304112336531,1.2004385451167106,-20.000000000000007
-0.5323304112336531,1.2004385451167106,-20.000000000000007
-0.5323304112336531,1.2004385451167106,-20.000000000000007
-0.5323304112336531,1.2004385451167106,-20.000000000000007
-0.532330411233653,1.2004385451167106,-20.000000000000007
-0.5299520531199348,1.273858018311458,-20.000000000000007
-0.5295595045931815,1.28238099190454,-20.000000000000007
-0.5299466660305467,1.204836350856735,-20.000000000000007
-0.5323304112336531,1.2004385451167106,-20.000000000000007
-0.532330411233653,1.2004385451167106,-20.000000000000007
-0.532330411233653,1.2004385451167106,-20.000000000000007
-0.5161827744283249,1.2742134698696381,-20.000000000000007
-0.4976289841660016,1.3844046440340205,-20.000000000000007
-0.4288479420497592,1.4159563769229733,-20.000000000000007
-0.3778130983919194,1.4971229008114255,-20.000000000000007
-0.3090730473186497,1.5076237977683649,-20.000000000000007
-0.2630248698858005,1.7632465544235485,-20.000000000000007
-0.27867797291209545,1.4793883314631033,-20.000000000000007
-0.333908235816729,1.4972361330632058,-20.000000000000007
-0.40000345226167355,1.4960335559100115,-20.000000000000007
-0.4561963974862754,1.3929417270965996,-20.000000000000007
-0.4600718214762429,1.3847182340568935,-20.000000000000007
-0.46055754944108296,1.3811115694092269,-20.000000000000007
-0.4631263898002776,1.3553941497811313,-20.000000000000007
-0.45665240495902504,1.3842066108766868,-20.000000000000007
-0.5043967546184782,1.410507475101304,-20.000000000000007
-0.5097278085548691,1.3598268744247881,-20.000000000000007
-0.5207484257447356,1.2865154348823522,-20.000000000000007
-0.5031688495529895,1.4089753738912543,-20.000000000000007
-0.5030650532025365,1.3972817309933079,-20.000000000000007
-0.5095055924173385,1.3583864467744977,-20.000000000000007
-0.5170819604639123,1.2638045126838153,-20.000000000000007
-0.5299466660305467,1.204836350856735,-20.000000000000007
-0.5304984915078199,1.2039376218488713,-20.000000000000007
-0.5301155025692634,1.2056640669816725,-20.000000000000007
-0.508892745753395,1.3664230241247486,-20.000000000000007
-0.4581572699494852,1.4156457518792604,-20.000000000000007
-0.45691703987645726,1.4029857382092232,-20.000000000000007
-0.42822850039941873,1.4275902199209018,-20.000000000000007
-0.44114000188605473,1.4295981218942047,-20.000000000000007
-0.48518270238950145,1.3608869885164998,-20.000000000000007
-0.5274362153100868,1.276372022321677,-20.000000000000007
-0.5289860104040625,1.2778264168377929,-20.000000000000007
-0.5295595045931815,1.28238099190454,-20.000000000000007
-0.5294379541647681,1.2200644634874849,-20.000000000000007
-0.5297041217148499,1.21301548104457,-20.000000000000007
-0.5299466660305467,1.204836350856735,-20.000000000000007
-0.532330411233653,1.2004385451167103,-20.000000000000007
-0.532330411233653,1.2004385451167106,-20.000000000000007
-0.5297751702598071,1.2831788441985983,-20.000000000000007
-0.5295595045931815,1.28238099190454,-20.000000000000007
-0.5299466660305467,1.204836350856735,-20.000000000000007
-0.532330411233653,1.2004385451167103,-20.000000000000007
-0.532330411233653,1.2004385451167106,-20.000000000000007
-0.532330411233653,1.2004385451167106,-20.000000000000007
-0.49936942371080845,1.3856783738779241,-20.000000000000007
-0.3638235807329815,1.5011728440235774,-20.000000000000007
-0.3344724464347372,1.498058414455469,-20.000000000000007
-0.28132352876836003,1.4958962719169133,-20.000000000000007
-0.25675478594897355,1.7713705758462703,-20.000000000000007
-0.2645397981718718,1.7593873789892278,-20.000000000000007
-0.3120904165881554,1.5031580144517673,-20.000000000000007
-0.3722956004475374,1.4956377437669928,-20.000000000000007
-0.4358413012244261,1.4053482139120987,-20.000000000000007
-0.4978235796429451,1.3815684410734403,-20.000000000000007
-0.4832460956134574,1.3721256655024927,-20.000000000000007
-0.5239770126006809,1.2874302922852443,-20.000000000000007
-0.5277587626081894,1.2945783789291574,-20.000000000000007
-0.5295595045931815,1.28238099190454,-20.000000000000007
-0.52970412171485,1.21301548104457,-20.000000000000007
-0.5295595045931816,1.28238099190454,-20.000000000000007
-0.5278362928687368,1.2751777789083412,-20.000000000000007
-0.5289860104040626,1.2778264168377929,-20.000000000000007
-0.52970412171485,1.21301548104457,-20.000000000000007
-0.5264289096574399,1.2185204327980295,-20.000000000000007
-0.5299466660305467,1.2048363508567348,-20.000000000000007
-0.53049849150782,1.2039376218488715,-20.000000000000007
-0.5323304112336531,1.2004385451167103,-20.000000000000007
-0.5323304112336531,1.2004385451167106,-20.000000000000007
-0.5301155025692634,1.205664066981673,-20.000000000000007
-0.5177421808394488,1.3121211522248355,-20.000000000000007
-0.45554992882355244,1.3794954789172051,-20.000000000000007
-0.4554363485528172,1.3784689786246016,-20.000000000000007
-0.4864626389817346,1.3567782160724757,-20.000000000000007
-0.5304984915078199,1.2039376218488713,-20.000000000000007
-0.532330411233653,1.2004385451167106,-20.000000000000007
-0.5323304112336531,1.2004385451167103,-20.000000000000007
-0.532330411233653,1.2004385451167106,-20.000000000000007
-0.532330411233653,1.2004385451167106,-20.000000000000007
-0.5323304112336531,1.2004385451167103,-20.000000000000007
-0.532330411233653,1.2004385451167103,-20.000000000000007
-0.5323304112336531,1.2004385451167103,-20.000000000000007
-0.5323304112336531,1.2004385451167106,-20.000000000000007
-0.5297041217148499,1.2130154810445701,-20.000000000000007
-0.5297041217148499,1.2130154810445704,-20.000000000000007
-0.5299466660305466,1.2048363508567352,-20.000000000000007
-0.532330411233653,1.2004385451167106,-20.000000000000007
-0.5323304112336531,1.2004385451167106,-20.000000000000007
-0.5323304112336531,1.2004385451167106,-20.000000000000007
-0.5301155025692635,1.205664066981673,-20.000000000000007
-0.47518193161373884,1.340495433974261,-20.000000000000007
-0.4035196596256285,1.4970491241462656,-20.000000000000007
-0.3778695221355435,1.4966681350262017,-20.000000000000007
-0.3119272047605737,1.5025157261757227,-20.000000000000007
-0.29373953234188943,1.5964598558839993,-20.000000000000007
-0.3210482449725758,1.5002633440239241,-20.000000000000007
-0.37524663308044565,1.4934056867472312,-20.000000000000007
-0.4295811816743361,1.4131356851216414,-20.000000000000007
-0.4729504007996237,1.3383057099113262,-20.000000000000007
-0.5041978584900977,1.4064813590096201,-20.000000000000007
-0.5017552063587433,1.3946630157555386,-20.000000000000007
-0.5213570642974767,1.2951696378323305,-20.000000000000007
-0.505528001928803,1.416055708540709,-20.000000000000007
-0.5218857269020376,1.229128266723507,-20.000000000000007
-0.5295595045931815,1.2823809919045397,-20.000000000000007
-0.5278362928687369,1.2751777789083412,-20.000000000000007
-0.5278362928687369,1.2751777789083412,-20.000000000000007
-0.5297041217148499,1.21301548104457,-20.000000000000007
-0.5299466660305466,1.204836350856735,-20.000000000000007
-0.532330411233653,1.2004385451167106,-20.000000000000007
-0.5323304112336531,1.2004385451167103,-20.000000000000007
-0.5323304112336531,1.2004385451167103,-20.000000000000007
-0.5323304112336531,1.2004385451167103,-20.000000000000007
-0.532330411233653,1.2004385451167103,-20.000000000000007
-0.5192100446828714,1.3078694737784116,-20.000000000000007
-0.4855836850748283,1.3564490798414224,-20.000000000000007
-0.4296975185912875,1.4112827037107591,-20.000000000000007
-0.43872334231802756,1.4336725667181138,-20.000000000000007
-0.47999648600769745,1.3570910711379627,-20.000000000000007
-0.5240567367926329,1.2851786482631995,-20.000000000000007
-0.5289860104040625,1.2778264168377929,-20.000000000000007
-0.5295595045931815,1.28238099190454,-20.000000000000007
-0.5295595045931816,1.2823809919045397,-20.000000000000007
-0.52970412171485,1.2130154810445701,-20.000000000000007
-0.5299466660305467,1.2048363508567348,-20.000000000000007
-0.532330411233653,1.2004385451167106,-20.000000000000007
-0.5299466660305466,1.204836350856735,-20.000000000000007
-0.5295595045931815,1.28238099190454,-20.000000000000007
-0.5295595045931816,1.2823809919045401,-20.000000000000007
-0.5299466660305467,1.2048363508567348,-20.000000000000007
-0.532330411233653,1.2004385451167106,-20.000000000000007
-0.5323304112336531,1.2004385451167106,-20.000000000000007
-0.5323304112336531,1.2004385451167103,-20.000000000000007
-0.5051064680329468,1.419569294193178,-20.000000000000007
-0.47090253453715525,1.3401225564079025,-20.000000000000007
-0.41457314172597876,1.5041850806489452,-20.000000000000007
-0.36812522142111975,1.4987912936749506,-20.000000000000007
-0.3538791322916276,1.4989608649185713,-20.000000000000007
-0.32754425278054927,1.5004738567537226,-20.000000000000007
-0.40204743118442715,1.496951722627759,-20.000000000000007
-0.42800581701168683,1.4210581056908091,-20.000000000000007
-0.5077416559711634,1.360417010156827,-20.000000000000007
-0.524056736792633,1.2851786482631997,-20.000000000000007
-0.5289860104040625,1.2778264168377929,-20.000000000000007
-0.5295595045931815,1.28238099190454,-20.000000000000007
-0.5295595045931815,1.28238099190454,-20.000000000000007
-0.5299520531199347,1.2738580183114578,-20.000000000000007
-0.5297041217148499,1.2130154810445701,-20.000000000000007
-0.5297041217148499,1.2130154810445701,-20.000000000000007
-0.5289860104040626,1.2778264168377926,-20.000000000000007
-0.5289860104040626,1.2778264168377929,-20.000000000000007
-0.5297041217148499,1.21301548104457,-20.000000000000007
-0.5299466660305467,1.204836350856735,-20.000000000000007
-0.532330411233653,1.2004385451167106,-20.000000000000007
-0.532330411233653,1.2004385451167103,-20.000000000000007
-0.532330411233653,1.2004385451167106,-20.000000000000007
-0.532330411233653,1.2004385451167106,-20.000000000000007
-0.5299466660305465,1.2048363508567348,-20.000000000000007
-0.5295595045931816,1.28238099190454,-20.000000000000007
-0.4820661392567497,1.3673764835122262,-20.000000000000007
-0.48209278759501206,1.3661407924620452,-20.000000000000007
-0.5109469047518174,1.3448934500078804,-20.000000000000007
-0.532330411233653,1.2004385451167103,-20.000000000000007
-0.5323304112336531,1.2004385451167106,-20.000000000000007
-0.532330411233653,1.2004385451167106,-20.000000000000007
-0.532330411233653,1.2004385451167103,-20.000000000000007
-0.532330411233653,1.2004385451167103,-20.000000000000007
-0.5323304112336531,1.2004385451167106,-20.000000000000007
-0.532330411233653,1.2004385451167106,-20.000000000000007
-0.532330411233653,1.2004385451167106,-20.000000000000007
-0.5323304112336531,1.2004385451167106,-20.000000000000007
-0.52970412171485,1.21301548104457,-20.000000000000007
-0.5297041217148499,1.21301548104457,-20.000000000000007
-0.5299466660305467,1.204836350856735,-20.000000000000007
-0.5323304112336531,1.2004385451167106,-20.000000000000007
-0.532330411233653,1.2004385451167106,-20.000000000000007
-0.5271501331535051,1.2138933776090755,-20.000000000000007
-0.4741854716245996,1.3387399263201427,-20.000000000000007
-0.46193496495308983,1.3629919139614264,-20.000000000000007
-0.4179700873426878,1.5174227630654675,-20.000000000000007
-0.36990373279178107,1.4991845951371863,-20.000000000000007
-0.33136467445664797,1.4993359513903477,-20.000000000000007
-0.3023997732398548,1.5330279319782416,-20.000000000000007
-0.3186502398570758,1.495921985793656,-20.000000000000007
-0.30090946037999944,1.5460218764930327,-20.000000000000007
-0.3427992652672115,1.4980778692650267,-20.000000000000007
-0.3737097830265781,1.492460996281606,-20.000000000000007
-0.40303531300575113,1.4979346595052114,-20.000000000000007
-0.44437757073356365,1.4337746637233781,-20.000000000000007
-0.4358413012244261,1.405348213912099,-20.000000000000007
-0.44396358588532925,1.4372796203821765,-20.000000000000007
-0.43596840699129163,1.404918315478256,-20.000000000000007
-0.44659223764958755,1.4375213237067532,-20.000000000000007
-0.47587381348679214,1.3447985671966298,-20.000000000000007
-0.49796577187253876,1.3807078198869682,-20.000000000000007
-0.509631795591986,1.354201462433378,-20.000000000000007
-0.4649239891864876,1.3472449283724255,-20.000000000000007
-0.4843779717294775,1.3552220415967828,-20.000000000000007
-0.4784091388143604,1.351500285886565,-20.000000000000007
-0.5053837849916603,1.4161145466017013,-20.000000000000007
-0.5323304112336531,1.2004385451167103,-20.000000000000007
-0.5109469047518174,1.3448934500078804,-20.000000000000007
-0.4901111003779528,1.3818403731658737,-20.000000000000007
-0.43741486843598754,1.4222948321560183,-20.000000000000007
-0.4117816423488472,1.4962154633478073,-20.000000000000007
-0.44600445223288837,1.4379589072210313,-20.000000000000007
-0.47388989421608,1.3436751236971336,-20.000000000000007
-0.5170436112448056,1.3063956391444695,-20.000000000000007
-0.5289860104040626,1.2778264168377929,-20.000000000000007
-0.5295595045931815,1.2823809919045397,-20.000000000000007
-0.5297041217148499,1.21301548104457,-20.000000000000007
-0.5297041217148499,1.2130154810445701,-20.000000000000007
-0.5299466660305467,1.204836350856735,-20.000000000000007
-0.5323304112336531,1.2004385451167106,-20.000000000000007
-0.5299466660305467,1.204836350856735,-20.000000000000007
-0.5295595045931816,1.28238099190454,-20.000000000000007
-0.5297041217148499,1.21301548104457,-20.000000000000007
-0.5299466660305466,1.204836350856735,-20.000000000000007
-0.532330411233653,1.2004385451167106,-20.000000000000007
-0.5323304112336531,1.2004385451167106,-20.000000000000007
-0.5323304112336531,1.2004385451167106,-20.000000000000007
-0.5053837849916604,1.416114546601701,-20.000000000000007
-0.4294823095821258,1.4094443724861114,-20.000000000000007
-0.3719055753643097,1.4948734172483875,-20.000000000000007
-0.3354916746879398,1.500071953680941,-20.000000000000007
-0.3148989845456726,1.493860732388817,-20.000000000000007
-0.30692537902884287,1.510743723977898,-20.000000000000007
-0.3290879112208267,1.498184475698944,-20.000000000000007
-0.3822272307033137,1.5011362085248998,-20.000000000000007
-0.4179152311942459,1.4955254951461119,-20.000000000000007
-0.4432197161562041,1.4442310916114527,-20.000000000000007
-0.4305451320970948,1.4080844230709135,-20.000000000000007
-0.4461083110999886,1.4371256362416163,-20.000000000000007
-0.4613502363534944,1.3738442730518705,-20.000000000000007
-0.5018280465710236,1.3931392460245569,-20.000000000000007
-0.5281431868301882,1.2165607624366275,-20.000000000000007
-0.51102751340486,1.3507693147146345,-20.000000000000007
-0.5240415158736227,1.2860086064496212,-20.000000000000007
-0.5109260466768302,1.3506499492876132,-20.000000000000007
-0.5109469047518174,1.3448934500078802,-20.000000000000007
-0.5299466660305467,1.2048363508567348,-20.000000000000007
-0.5281147463047137,1.208335427588896,-20.000000000000007
-0.532330411233653,1.2004385451167106,-20.000000000000007
-0.5235921128102573,1.2267241833894234,-20.000000000000007
-0.5235921128102574,1.2267241833894234,-20.000000000000007
-0.5175911302218912,1.2632342435428723,-20.000000000000007
-0.5030076929439399,1.3969558655500391,-20.000000000000007
-0.5093643662714018,1.3597085848127104,-20.000000000000007
-0.49371879975040767,1.384774099379802,-20.000000000000007
-0.5096471999018264,1.3539510097180343,-20.000000000000007
-0.532330411233653,1.2004385451167106,-20.000000000000007
-0.5323304112336531,1.2004385451167106,-20.000000000000007
-0.5323304112336531,1.2004385451167106,-20.000000000000007
-0.532330411233653,1.2004385451167106,-20.000000000000007
-0.5323304112336531,1.2004385451167106,-20.000000000000007
-0.5323304112336531,1.2004385451167106,-20.000000000000007
-0.5323304112336531,1.2004385451167103,-20.000000000000007
-0.5323304112336531,1.2004385451167106,-20.000000000000007
-0.5299466660305466,1.204836350856735,-20.000000000000007
-0.5295595045931815,1.28238099190454,-20.000000000000007
-0.52970412171485,1.21301548104457,-20.000000000000007
-0.5299466660305467,1.204836350856735,-20.000000000000007
-0.532330411233653,1.2004385451167106,-20.000000000000007
-0.5323304112336531,1.2004385451167106,-20.000000000000007
-0.5323304112336531,1.2004385451167106,-20.000000000000007
-0.5088927457533952,1.3664230241247488,-20.000000000000007
-0.4454968169271706,1.4390773753774078,-20.000000000000007
-0.3999155261715399,1.4953535207363153,-20.000000000000007
-0.31782841830244407,1.497177868239544,-20.000000000000007
-0.2941346794686155,1.5962431302748081,-20.000000000000007
-0.29243380847748146,1.5849758108195906,-20.000000000000007
-0.3186535225903018,1.4959430523424797,-20.000000000000007
-0.32166614665089666,1.49916989786231,-20.000000000000007
-0.3461805829549467,1.4958590610940226,-20.000000000000007
-0.404668355709123,1.497413601740985,-20.000000000000007
-0.4198991576134312,1.4663293889705464,-20.000000000000007
-0.47835861132637303,1.3510211439701134,-20.000000000000007
-0.47336352471174287,1.3348153975526824,-20.000000000000007
-0.46128463169579387,1.368839376190501,-20.000000000000007
-0.4726926934025634,1.3354211921310741,-20.000000000000007
-0.4727266921908656,1.3340364719497215,-20.000000000000007
-0.5089608548461809,1.366565105808362,-20.000000000000007
-0.5187250251967095,1.3129296310341678,-20.000000000000007
-0.5136763082668152,1.287116870283208,-20.000000000000007
-0.4825571837360516,1.3647859165804883,-20.000000000000007
-0.47180376139684904,1.3376600673721768,-20.000000000000007
-0.4768071540174248,1.3415115177776362,-20.000000000000007
-0.49316313840242637,1.384193239040067,-20.000000000000007
-0.5193164182528638,1.2614282908431245,-20.000000000000007
-0.4878274812392246,1.3688135429868582,-20.000000000000007
-0.4635290483476622,1.3535884769377442,-20.000000000000007
-0.42127123042157,1.4576312616816762,-20.000000000000007
-0.4107347601492347,1.4947042159850437,-20.000000000000007
-0.45608816115414463,1.39315976677321,-20.000000000000007
-0.4871856840387382,1.3639054207764467,-20.000000000000007
-0.5279202928874281,1.2763548365725932,-20.000000000000007
-0.5295595045931815,1.2823809919045397,-20.000000000000007
-0.5295595045931815,1.28238099190454,-20.000000000000007
-0.5297041217148499,1.2130154810445701,-20.000000000000007
-0.5297503346443708,1.2122641228985378,-20.000000000000007
-0.5299466660305466,1.2048363508567348,-20.000000000000007
-0.5323304112336531,1.2004385451167103,-20.000000000000007
-0.5299466660305467,1.204836350856735,-20.000000000000007
-0.5297751702598072,1.283178844198598,-20.000000000000007
-0.5299466660305467,1.204836350856735,-20.000000000000007
-0.5323304112336531,1.2004385451167103,-20.000000000000007
-0.5323304112336531,1.2004385451167106,-20.000000000000007
-0.5323304112336531,1.2004385451167106,-20.000000000000007
-0.532330411233653,1.2004385451167106,-20.000000000000007
-0.532330411233653,1.2004385451167106,-20.000000000000007
-0.501771455488141,1.393065869077757,-20.000000000000007
-0.44628824271894085,1.4364560205001884,-20.000000000000007
-0.3925391898857903,1.5033757719022955,-20.000000000000007
-0.3264874188134535,1.4989087796230325,-20.000000000000007
-0.3340842444488458,1.496945332725777,-20.000000000000007
-0.34710322955572576,1.4984733436718947,-20.000000000000007
-0.41668052721591636,1.518795804460924,-20.000000000000007
-0.472780905821541,1.337866311343933,-20.000000000000007
-0.5168817977560569,1.307330842051353,-20.000000000000007
-0.5289860104040625,1.2778264168377929,-20.000000000000007
-0.5295595045931816,1.2823809919045397,-20.000000000000007
-0.5295595045931816,1.2823809919045397,-20.000000000000007
-0.52970412171485,1.2130154810445701,-20.000000000000007
-0.52970412171485,1.21301548104457,-20.000000000000007
-0.5297041217148499,1.21301548104457,-20.000000000000007
-0.5289860104040625,1.2778264168377929,-20.000000000000007
-0.52970412171485,1.2130154810445701,-20.000000000000007
-0.5299466660305466,1.204836350856735,-20.000000000000007
-0.5299466660305467,1.204836350856735,-20.000000000000007
-0.5299466660305466,1.204836350856735,-20.000000000000007
-0.5323304112336531,1.2004385451167103,-20.000000000000007
-0.532330411233653,1.2004385451167106,-20.000000000000007
-0.5323304112336531,1.2004385451167106,-20.000000000000007
-0.5299466660305467,1.2048363508567348,-20.000000000000007
-0.5055280019288031,1.416055708540709,-20.000000000000007
-0.4554672962427942,1.3782904875213022,-20.000000000000007
-0.4157218671182132,1.5082503094764514,-20.000000000000007
-0.38450432415251073,1.5005548585703061,-20.000000000000007
-0.33725824007429733,1.5002917230910569,-20.000000000000007
-0.2911941062217189,1.5877170694326264,-20.000000000000007
-0.20620692767240614,1.7695048984654262,-20.000000000000007
-0.13559501490126286,1.4971204706629226,-20.000000000000007
-0.12540407940220547,1.5225030507157356,-20.000000000000007
-0.1254040794022055,1.5225030507157356,-20.000000000000007
-0.12684286767579064,1.5197244813100859,-20.000000000000007
-0.13160506288298884,1.5132325960306734,-20.000000000000007
-0.1350079976204999,1.4901723146345818,-20.000000000000007
-0.13541503259313709,1.4948226663941326,-20.000000000000007
-0.14975415741304388,1.4356391577721637,-20.000000000000007
-0.1622651465189021,1.4799780943445655,-20.000000000000007
-0.17825534106184443,1.5837285229747722,-20.000000000000007
-0.1811061921972143,1.5615965088310682,-20.000000000000007
-0.17933485877093766,1.5832655028315097,-20.000000000000007
-0.18837473412143407,1.5733779606841163,-20.000000000000007
-0.18226034594502283,1.575240624019803,-20.000000000000007
-0.18837473412143407,1.5733779606841163,-20.000000000000007
-0.18885818653230285,1.5776548930151268,-20.000000000000007
-0.18888897604606417,1.5748627885679038,-20.000000000000007
-0.18837473412143405,1.573377960684116,-20.000000000000007
-0.20404430865962883,1.7471900021231153,-20.000000000000007
-0.20404430865962883,1.7471900021231157,-20.000000000000007
-0.18888897604606417,1.574862788567904,-20.000000000000007
-0.21931127683429322,1.934614313986411,-20.000000000000007
-0.18837473412143405,1.5733779606841163,-20.000000000000007
-0.20587468808445006,1.7697390646642217,-20.000000000000007
-0.19885325672563559,1.6783739635447605,-20.000000000000007
-0.1894245325731731,1.5791548760255545,-20.000000000000007
-0.21894465146569156,1.929444681523776,-20.000000000000007
-0.18888897604606414,1.5748627885679038,-20.000000000000007
-0.21223349451630893,1.8448357713475056,-20.000000000000007
-0.18888897604606417,1.574862788567904,-20.000000000000007
-0.19431926352746381,1.6245404054477757,-20.000000000000007
-0.20464110895086832,1.7505247520690403,-20.000000000000007
-0.19315943252724244,1.6118386740500745,-20.000000000000007
-0.2216364396498337,1.9348203193043672,-20.000000000000007
-0.20138593308898803,1.7056697537896859,-20.000000000000007
-0.21295636326596956,1.8553596150545901,-20.000000000000007
-0.24894779568029934,1.7654260612210055,-20.000000000000007
-0.27968509614870407,1.482102669017844,-20.000000000000007
-0.3224454605640125,1.4987962686435015,-20.000000000000007
-0.361750048423446,1.4979118236541702,-20.000000000000007
-0.37249599934744543,1.4937325126917804,-20.000000000000007
-0.3518693388769201,1.499041487090622,-20.000000000000007
-0.30914153305473946,1.5074766401431685,-20.000000000000007
-0.23680819581554177,1.9141570200209541,-20.000000000000007
-0.14975414285615304,1.4356134548649337,-20.000000000000007
-0.1254040794022055,1.5225030507157356,-20.000000000000007
-0.12540407940220547,1.5225030507157356,-20.000000000000007
-0.12405129492932987,1.5281230603556573,-20.000000000000007
-0.12684286767579067,1.5197244813100856,-20.000000000000007
-0.1296237382480963,1.525556298070263,-20.000000000000007
-0.13496593015556185,1.4904004997731792,-20.000000000000007
-0.13766033188648452,1.4110074467856224,-20.000000000000007
-0.13766089245675406,1.4109848407592605,-20.000000000000007
-0.17917386072802036,1.5901780441278877,-20.000000000000007
-0.17716407672167844,1.5760687284044745,-20.000000000000007
-0.1806700006820344,1.5594198148107747,-20.000000000000007
-0.18842511370101273,1.5738540301251946,-20.000000000000007
-0.1804043718668858,1.5611767535850447,-20.000000000000007
-0.18837473412143407,1.573377960684116,-20.000000000000007
-0.1822603459450228,1.575240624019803,-20.000000000000007
-0.17933485877093763,1.5832655028315092,-20.000000000000007
-0.18837473412143407,1.573377960684116,-20.000000000000007
-0.18250173051842533,1.5731434678747531,-20.000000000000007
-0.1822603459450228,1.575240624019803,-20.000000000000007
-0.2011724582994196,1.705762081239453,-20.000000000000007
-0.18837473412143407,1.5733779606841163,-20.000000000000007
-0.18842511370101275,1.573854030125195,-20.000000000000007
-0.18842511370101275,1.5738540301251946,-20.000000000000007
-0.18067000068203443,1.5594198148107745,-20.000000000000007
-0.18942453257317313,1.5791548760255547,-20.000000000000007
-0.18250173051842533,1.573143467874753,-20.000000000000007
-0.20422406494602988,1.747052220087362,-20.000000000000007
-0.192172944983119,1.6010835108666508,-20.000000000000007
-0.1894245325731731,1.5791548760255545,-20.000000000000007
-0.20508132070237814,1.7576560601736044,-20.000000000000007
-0.18842511370101273,1.573854030125195,-20.000000000000007
-0.21297145694215708,1.8551211557628873,-20.000000000000007
-0.1891192387649498,1.5756732257028958,-20.000000000000007
-0.2046411089508683,1.7505247520690403,-20.000000000000007
-0.20139347992708184,1.7055505241438345,-20.000000000000007
-0.25326889233539673,1.7578024270239831,-20.000000000000007
-0.3232450656356977,1.4998881314562127,-20.000000000000007
-0.3490505010029961,1.5000853298899661,-20.000000000000007
-0.39162874552483445,1.5034883926839786,-20.000000000000007
-0.3846379083206741,1.5002138145313242,-20.000000000000007
-0.33296832940921656,1.4972444315713063,-20.000000000000007
-0.28448834770180204,1.5579081829715888,-20.000000000000007
-0.2106765637514194,1.8287123508592722,-20.000000000000007
-0.13496593015556188,1.490400499773179,-20.000000000000007
-0.12540407940220547,1.5225030507157356,-20.000000000000007
-0.12405129492932987,1.5281230603556568,-20.000000000000007
-0.12540407940220547,1.5225030507157356,-20.000000000000007
-0.12684286767579064,1.5197244813100856,-20.000000000000007
-0.1316233486773816,1.512553191202664,-20.000000000000007
-0.13496593015556185,1.490400499773179,-20.000000000000007
-0.13626488909486958,1.4776041952523142,-20.000000000000007
-0.13634314369070832,1.469091816603712,-20.000000000000007
-0.1509864912825978,1.3992341320455803,-20.000000000000007
-0.1742675836248365,1.5596310191219986,-20.000000000000007
-0.17917386072802038,1.5901780441278879,-20.000000000000007
-0.18888897604606417,1.574862788567904,-20.000000000000007
-0.18837473412143407,1.573377960684116,-20.000000000000007
-0.18885818653230285,1.5776548930151268,-20.000000000000007
-0.18885818653230285,1.5776548930151268,-20.000000000000007
-0.18837473412143407,1.5733779606841163,-20.000000000000007
-0.18837473412143405,1.5733779606841163,-20.000000000000007
-0.1930381521161568,1.6120202560143866,-20.000000000000007
-0.18842511370101273,1.5738540301251949,-20.000000000000007
-0.18888897604606414,1.5748627885679038,-20.000000000000007
-0.2011724582994196,1.7057620812394532,-20.000000000000007
-0.18250173051842533,1.5731434678747531,-20.000000000000007
-0.2047365030509324,1.7580889424488186,-20.000000000000007
-0.18250173051842533,1.573143467874753,-20.000000000000007
-0.1941542021624192,1.6248355056872368,-20.000000000000007
-0.1926314191340184,1.6078741606042646,-20.000000000000007
-0.18842511370101275,1.5738540301251946,-20.000000000000007
-0.2189194066326587,1.9363504851979805,-20.000000000000007
-0.18888897604606417,1.5748627885679038,-20.000000000000007
-0.22090647214137543,1.9372251416090736,-20.000000000000007
-0.2062195057358958,1.7693061823890073,-20.000000000000007
-0.20464110895086832,1.7505247520690403,-20.000000000000007
-0.22140461161028016,1.9284170608693036,-20.000000000000007
-0.18942453257317313,1.5791548760255545,-20.000000000000007
-0.22090647214137543,1.9372251416090736,-20.000000000000007
-0.25532583241481627,1.7680096357234922,-20.000000000000007
-0.28724834089824297,1.5514741864889514,-20.000000000000007
-0.3252158742299333,1.4995681439530288,-20.000000000000007
-0.36334233466586646,1.4982435358479873,-20.000000000000007
-0.3680788889171385,1.4988372548651632,-20.000000000000007
-0.34310409210142445,1.499107491053015,-20.000000000000007
-0.3036284860990594,1.5141126902435111,-20.000000000000007
-0.22745693797728464,1.9260292721451286,-20.000000000000007
-0.1363431436907083,1.469091816603712,-20.000000000000007
-0.12684286767579067,1.5197244813100859,-20.000000000000007
-0.1254040794022055,1.5225030507157356,-20.000000000000007
-0.12540407940220547,1.5225030507157353,-20.000000000000007
-0.12942838191366207,1.5266195020865656,-20.000000000000007
-0.1316233486773816,1.5125531912026637,-20.000000000000007
-0.13496593015556188,1.490400499773179,-20.000000000000007
-0.1377468926182409,1.4138227263361496,-20.000000000000007
-0.14896232389835787,1.441250436214657,-20.000000000000007
-0.17950911580190798,1.5810607140359072,-20.000000000000007
-0.17950911580190798,1.5810607140359072,-20.000000000000007
-0.1811061921972143,1.5615965088310684,-20.000000000000007
-0.19267268447527958,1.6078003855443996,-20.000000000000007
-0.1822603459450228,1.575240624019803,-20.000000000000007
-0.18888897604606414,1.5748627885679038,-20.000000000000007
-0.18888897604606414,1.5748627885679043,-20.000000000000007
-0.1894245325731731,1.5791548760255547,-20.000000000000007
-0.21248743473298976,1.8569242044846717,-20.000000000000007
-0.21931127683429325,1.934614313986411,-20.000000000000007
-0.2208853973376787,1.9311452890383747,-20.000000000000007
-0.22638606166750125,1.9313937377440498,-20.000000000000007
-0.22350403636552693,1.9310001143533557,-20.000000000000007
-0.22959559270852004,1.9265005679165847,-20.000000000000007
-0.22767890684262926,1.923502489320876,-20.000000000000007
-0.2261117179537413,1.9301421223050317,-20.000000000000007
-0.22140461161028016,1.9284170608693034,-20.000000000000007
-0.22012456876574127,1.9315839867608926,-20.000000000000007
-0.2213870023213947,1.92869526337629,-20.000000000000007
-0.22074843486607681,1.9388141677702548,-20.000000000000007
-0.227600147499598,1.9254564404188774,-20.000000000000007
-0.2235930828813522,1.9283065889082418,-20.000000000000007
-0.2274350049668897,1.925634115965623,-20.000000000000007
-0.22088634723979203,1.9375430873313437,-20.000000000000007
-0.2270638623481137,1.9284685443398901,-20.000000000000007
-0.22138700232139463,1.92869526337629,-20.000000000000007
-0.21297145694215708,1.8551211557628875,-20.000000000000007
-0.2803885599130165,1.497738350434298,-20.000000000000007
-0.32199317510141506,1.4978552426374108,-20.000000000000007
-0.365830755059217,1.5026298797844382,-20.000000000000007
-0.40424280989516015,1.4922465134027711,-20.000000000000007
-0.39385576558738733,1.5008508299496464,-20.000000000000007
-0.3538680865244844,1.4994544098192637,-20.000000000000007
-0.2962308331150285,1.593038842488727,-20.000000000000007
-0.2204499911797568,1.934300887703589,-20.000000000000007
-0.13505647193701795,1.4933154606281196,-20.000000000000007
-0.12540407940220547,1.5225030507157356,-20.000000000000007
-0.1254040794022055,1.522503050715735,-20.000000000000007
-0.1254040794022055,1.5225030507157353,-20.000000000000007
-0.13160506288298884,1.5132325960306732,-20.000000000000007
-0.13496593015556188,1.4904004997731792,-20.000000000000007
-0.13541503259313709,1.4948226663941326,-20.000000000000007
-0.151885716309857,1.402262875380409,-20.000000000000007
-0.16226514651890211,1.479978094344565,-20.000000000000007
-0.18226034594502277,1.5752406240198031,-20.000000000000007
-0.18226034594502277,1.575240624019803,-20.000000000000007
-0.18842511370101273,1.5738540301251946,-20.000000000000007
-0.20438912631107453,1.7467571198479008,-20.000000000000007
-0.1894245325731731,1.5791548760255545,-20.000000000000007
-0.1894245325731731,1.5791548760255543,-20.000000000000007
-0.18842511370101275,1.573854030125195,-20.000000000000007
-0.1771640767216785,1.5760687284044745,-20.000000000000007
-0.18885818653230285,1.5776548930151268,-20.000000000000007
-0.18837473412143407,1.5733779606841163,-20.000000000000007
-0.1894245325731731,1.5791548760255547,-20.000000000000007
-0.21248743473298978,1.8569242044846719,-20.000000000000007
-0.18885818653230285,1.577654893015127,-20.000000000000007
-0.21851335106583322,1.9363396679201959,-20.000000000000007
-0.19303815211615682,1.6120202560143864,-20.000000000000007
-0.20473650305093238,1.7580889424488189,-20.000000000000007
-0.21248743473298976,1.8569242044846714,-20.000000000000007
-0.20131094924455953,1.705698074263565,-20.000000000000007
-0.22729941649681895,1.9272449530641191,-20.000000000000007
-0.21067656375141944,1.828712350859272,-20.000000000000007
-0.22984345828266536,1.9266783470048334,-20.000000000000007
-0.2201245687657412,1.9315839867608926,-20.000000000000007
-0.2205084808321297,1.935015830142532,-20.000000000000007
-0.23278630500397757,1.9217446600094168,-20.000000000000007
-0.21411960987166215,1.8728504890414885,-20.000000000000007
-0.2343092326264949,1.9311415577316968,-20.000000000000007
-0.21297145694215705,1.8551211557628875,-20.000000000000007
-0.2630274937003879,1.7650092496171006,-20.000000000000007
-0.3083747341267421,1.5088529389489542,-20.000000000000007
-0.34167553449655597,1.4982499597465426,-20.000000000000007
-0.37932016248018074,1.499838811019793,-20.000000000000007
-0.36785589541564273,1.499684915437986,-20.000000000000007
-0.33157943954011954,1.49919893650111,-20.000000000000007
-0.27904186158521965,1.4658209857437952,-20.000000000000007
-0.2042962912994226,1.7509576343442548,-20.000000000000007
-0.13559501490126286,1.4971204706629226,-20.000000000000007
-0.12684286767579067,1.5197244813100856,-20.000000000000007
-0.1254040794022055,1.5225030507157353,-20.000000000000007
-0.1254040794022055,1.5225030507157356,-20.000000000000007
-0.12684286767579067,1.5197244813100856,-20.000000000000007
-0.12962373824809628,1.525556298070263,-20.000000000000007
-0.1350079976204999,1.4901723146345818,-20.000000000000007
-0.13774689261824094,1.4138227263361496,-20.000000000000007
-0.14969871320520373,1.4376750065870232,-20.000000000000007
-0.17917386072802038,1.5901780441278879,-20.000000000000007
-0.17548244831557921,1.566996165209496,-20.000000000000007
-0.18226034594502277,1.5752406240198031,-20.000000000000007
-0.18888897604606414,1.5748627885679043,-20.000000000000007
-0.18837473412143407,1.5733779606841163,-20.000000000000007
-0.2033658739744314,1.7364901842809186,-20.000000000000007
-0.18837473412143407,1.5733779606841163,-20.000000000000007
-0.1988532567256356,1.678373963544761,-20.000000000000007
-0.2040443086596288,1.7471900021231155,-20.000000000000007
-0.21112736531608323,1.8393954016667315,-20.000000000000007
-0.2259544067033732,1.9324083385227475,-20.000000000000007
-0.1941542021624192,1.6248355056872366,-20.000000000000007
-0.2194162957036321,1.934944495264261,-20.000000000000007
-0.20117245829941957,1.705762081239453,-20.000000000000007
-0.2040443086596288,1.7471900021231155,-20.000000000000007
-0.21973920250494974,1.937701139422241,-20.000000000000007
-0.19267268447527958,1.6078003855443996,-20.000000000000007
-0.22012456876574124,1.9315839867608928,-20.000000000000007
-0.18888897604606417,1.574862788567904,-20.000000000000007
-0.20438912631107453,1.7467571198479008,-20.000000000000007
-0.2062195057358958,1.7693061823890073,-20.000000000000007
-0.19585537949812198,1.6384858842004735,-20.000000000000007
-0.22092924776179992,1.9374414169331244,-20.000000000000007
-0.18888897604606414,1.574862788567904,-20.000000000000007
-0.21898340119425475,1.929410649679195,-20.000000000000007
-0.2062195057358958,1.7693061823890075,-20.000000000000007
-0.1894245325731731,1.5791548760255547,-20.000000000000007
-0.28332563934364674,1.5240046580167679,-20.000000000000007
-0.33031933160847105,1.4963545762619823,-20.000000000000007
-0.37255955388802425,1.4942038132791202,-20.000000000000007
-0.41768365244144795,1.5173330455572005,-20.000000000000007
-0.39129970006965326,1.5032829502893348,-20.000000000000007
-0.34391447989910984,1.4984390315696279,-20.000000000000007
-0.2813286423311697,1.5245029878860157,-20.000000000000007
-0.1894245325731731,1.5791548760255545,-20.000000000000007
-0.13496593015556185,1.490400499773179,-20.000000000000007
-0.12540407940220547,1.5225030507157356,-20.000000000000007
-0.12405129492932987,1.5281230603556573,-20.000000000000007
-0.1254040794022055,1.5225030507157353,-20.000000000000007
-0.12684286767579064,1.5197244813100859,-20.000000000000007
-0.12962373824809628,1.525556298070263,-20.000000000000007
-0.1350079976204999,1.4901723146345818,-20.000000000000007
-0.13496974848001758,1.490732776495604,-20.000000000000007
-0.1497541574130439,1.4356391577721637,-20.000000000000007
-0.1509864912825978,1.3992341320455806,-20.000000000000007
-0.1627002308005726,1.4821412217524916,-20.000000000000007
-0.1822603459450228,1.575240624019803,-20.000000000000007
-0.17259283802865877,1.5472393109831908,-20.000000000000007
-0.18942453257317313,1.5791548760255545,-20.000000000000007
-0.18885818653230282,1.5776548930151266,-20.000000000000007
-0.20404430865962883,1.7471900021231155,-20.000000000000007
-0.21354432849926214,1.874522478968929,-20.000000000000007
-0.20404430865962883,1.7471900021231155,-20.000000000000007
-0.21248743473298976,1.8569242044846717,-20.000000000000007
-0.18842511370101273,1.5738540301251946,-20.000000000000007
-0.2126869079381141,1.860526746066886,-20.000000000000007
-0.18888897604606417,1.5748627885679038,-20.000000000000007
-0.20404430865962886,1.7471900021231157,-20.000000000000007
-0.2120497385941779,1.8497531531648241,-20.000000000000007
-0.18842511370101273,1.5738540301251949,-20.000000000000007
-0.22992079293499199,1.9267144829893357,-20.000000000000007
-0.20422406494602985,1.747052220087362,-20.000000000000007
-0.2276789068426293,1.9235024893208759,-20.000000000000007
-0.2270457855490823,1.929550410173678,-20.000000000000007
-0.20139347992708184,1.7055505241438342,-20.000000000000007
-0.22959559270852004,1.9265005679165845,-20.000000000000007
-0.19316194813994036,1.6117989308347909,-20.000000000000007
-0.22733561155602627,1.926278843955051,-20.000000000000007
-0.21297145694215708,1.8551211557628875,-20.000000000000007
-0.20438912631107453,1.7467571198479006,-20.000000000000007
-0.22090647214137546,1.9372251416090736,-20.000000000000007
-0.2697863461726288,1.726532947970865,-20.000000000000007
-0.3133645000901378,1.5042615281230258,-20.000000000000007
-0.34632198452197827,1.4962552647550211,-20.000000000000007
-0.39078760353179653,1.5014874806985414,-20.000000000000007
-0.369903732791781,1.4991845951371865,-20.000000000000007
-0.3377876800407925,1.499987684281317,-20.000000000000007
-0.2846493882131486,1.5322274562314537,-20.000000000000007
-0.1894245325731731,1.5791548760255547,-20.000000000000007
-0.1352364542451437,1.4956132648969094,-20.000000000000007
-0.12684286767579067,1.5197244813100856,-20.000000000000007
-0.12684286767579067,1.5197244813100856,-20.000000000000007
-0.1296237382480963,1.525556298070263,-20.000000000000007
-0.13477851668463556,1.4930631893815218,-20.000000000000007
-0.1352364542451437,1.4956132648969096,-20.000000000000007
-0.13766089245675406,1.4109848407592605,-20.000000000000007
-0.15098649128259778,1.3992341320455806,-20.000000000000007
-0.17716407672167847,1.5760687284044748,-20.000000000000007
-0.18226034594502277,1.575240624019803,-20.000000000000007
-0.18842511370101273,1.5738540301251946,-20.000000000000007
-0.18942453257317313,1.5791548760255547,-20.000000000000007
-0.20621950573589576,1.7693061823890073,-20.000000000000007
-0.21898340119425475,1.9294106496791947,-20.000000000000007
-0.2130858543483627,1.867731829231315,-20.000000000000007
-0.22117610000737897,1.937196569906587,-20.000000000000007
-0.22029259161325185,1.9400072866747111,-20.000000000000007
-0.22959559270852006,1.9265005679165847,-20.000000000000007
-0.23430923262649495,1.9311415577316968,-20.000000000000007
-0.23595500071689005,1.9215763779110162,-20.000000000000007
-0.23282344288181106,1.9224278734657947,-20.000000000000007
-0.23099871432503813,1.9110800623980293,-20.000000000000007
-0.22903447707550287,1.9276403862238336,-20.000000000000007
-0.23090645405062976,1.9115449702339888,-20.000000000000007
-0.2295955927085201,1.9265005679165847,-20.000000000000007
-0.2317380046122724,1.913286973414019,-20.000000000000007
-0.2320559106666844,1.9145405651713738,-20.000000000000007
-0.2361475777249521,1.9207959698853627,-20.000000000000007
-0.23680819581554177,1.9141570200209543,-20.000000000000007
-0.24431076490960954,1.8291243725315856,-20.000000000000007
-0.24352941008181267,1.8371727099357726,-20.000000000000007
-0.24754391918501353,1.7983293885017668,-20.000000000000007
-0.245268963605862,1.8236046119352736,-20.000000000000007
-0.24754391918501353,1.7983293885017668,-20.000000000000007
-0.23668803751978704,1.9121877814347554,-20.000000000000007
-0.24352073151044235,1.8370823397414686,-20.000000000000007
-0.30724625948171214,1.5108550190537753,-20.000000000000007
-0.37278397584941947,1.4943282765867503,-20.000000000000007
-0.4388376151458415,1.4322722379896393,-20.000000000000007
-0.5230860638157241,1.2932144366111458,-20.000000000000007
-0.5295595045931815,1.28238099190454,-20.000000000000007
-0.5295595045931815,1.2823809919045397,-20.000000000000007
-0.529437954164768,1.220064463487485,-20.000000000000007
-0.5297041217148499,1.2130154810445701,-20.000000000000007
-0.52970412171485,1.21301548104457,-20.000000000000007
-0.5297503346443708,1.212264122898538,-20.000000000000007
-0.5299466660305467,1.2048363508567348,-20.000000000000007
-0.5299466660305467,1.204836350856735,-20.000000000000007
-0.5299466660305466,1.2048363508567348,-20.000000000000007
-0.5299466660305467,1.204836350856735,-20.000000000000007
-0.5299466660305467,1.204836350856735,-20.000000000000007
-0.5297503346443708,1.212264122898538,-20.000000000000007
-0.5297041217148499,1.2130154810445701,-20.000000000000007
-0.5297041217148499,1.21301548104457,-20.000000000000007
-0.52970412171485,1.2130154810445704,-20.000000000000007
-0.5297503346443708,1.2122641228985378,-20.000000000000007
-0.5297503346443708,1.212264122898538,-20.000000000000007
-0.52970412171485,1.2130154810445701,-20.000000000000007
-0.52970412171485,1.2130154810445704,-20.000000000000007
-0.5295595045931815,1.28238099190454,-20.000000000000007
-0.5297041217148499,1.2130154810445701,-20.000000000000007
-0.52970412171485,1.2130154810445701,-20.000000000000007
-0.5297041217148499,1.2130154810445701,-20.000000000000007
-0.5297503346443708,1.212264122898538,-20.000000000000007
-0.5297041217148499,1.21301548104457,-20.000000000000007
-0.52970412171485,1.21301548104457,-20.000000000000007
-0.52970412171485,1.2130154810445701,-20.000000000000007
-0.5297041217148499,1.2130154810445701,-20.000000000000007
-0.52970412171485,1.21301548104457,-20.000000000000007
-0.5297041217148499,1.21301548104457,-20.000000000000007
-0.5297041217148499,1.21301548104457,-20.000000000000007
-0.52970412171485,1.2130154810445701,-20.000000000000007
-0.52970412171485,1.21301548104457,-20.000000000000007
-0.5297503346443707,1.212264122898538,-20.000000000000007
-0.5299466660305467,1.2048363508567348,-20.000000000000007
-0.52992645794673,1.2058296236911354,-20.000000000000007
-0.52970412171485,1.21301548104457,-20.000000000000007
-0.5297503346443708,1.212264122898538,-20.000000000000007
-0.5297503346443708,1.212264122898538,-20.000000000000007
-0.5299466660305467,1.2048363508567348,-20.000000000000007
-0.52992645794673,1.2058296236911352,-20.000000000000007
-0.5299466660305467,1.204836350856735,-20.000000000000007
-0.5299466660305467,1.2048363508567348,-20.000000000000007
-0.5297041217148499,1.21301548104457,-20.000000000000007
-0.52970412171485,1.2130154810445701,-20.000000000000007
-0.5297041217148499,1.21301548104457,-20.000000000000007
-0.49371879975040767,1.384774099379802,-20.000000000000007
-0.47828263423408923,1.3519444422796572,-20.000000000000007
-0.4733278338148531,1.3368834903152422,-20.000000000000007
-0.4786251817903977,1.3513058726685956,-20.000000000000007
-0.5136644910608164,1.2944954512820266,-20.000000000000007
-0.46501066416384257,1.348145023486009,-20.000000000000007
-0.45582669184058067,1.3794638230424332,-20.000000000000007
-0.42942846864684747,1.4101466792497912,-20.000000000000007
-0.427379971564114,1.4206990981375007,-20.000000000000007
-0.45587224451112424,1.3809943550769939,-20.000000000000007
-0.4563354001971088,1.3828329179991647,-20.000000000000007
-0.45069059691348734,1.4094998030417276,-20.000000000000007
-0.4277453439353396,1.4243957004863463,-20.000000000000007
-0.4303626608855663,1.4057842258429458,-20.000000000000007
-0.42629111047564483,1.4215647388126949,-20.000000000000007
-0.4308677294345098,1.4048851720304711,-20.000000000000007
-0.429522407707689,1.4104766681598357,-20.000000000000007
-0.40274880921922424,1.4969173500593953,-20.000000000000007
-0.39162874552483445,1.5034883926839782,-20.000000000000007
-0.3634605160513634,1.5037196859405055,-20.000000000000007
-0.3890531336769417,1.4992779213477554,-20.000000000000007
-0.39386020576402353,1.5014943617939225,-20.000000000000007
-0.3998997831540432,1.4946158078620866,-20.000000000000007
-0.39388585221127675,1.5018424445147065,-20.000000000000007
-0.3687432049778899,1.499029781861956,-20.000000000000007
-0.37827423349697364,1.496333394176538,-20.000000000000007
-0.3590587592417233,1.4973849255605733,-20.000000000000007
-0.3887647470475654,1.4972392932328136,-20.000000000000007
-0.3769547629561766,1.4919886032912786,-20.000000000000007
-0.37039140153459627,1.497281609869145,-20.000000000000007
-0.3775935112678659,1.4931505730589634,-20.000000000000007
-0.3440638047615163,1.4987247445812595,-20.000000000000007
-0.3776441641465714,1.493578455510315,-20.000000000000007
-0.3579025624440336,1.5002437778904705,-20.000000000000007
-0.3770327207604061,1.4928726385024036,-20.000000000000007
-0.3749867121261724,1.4896946193561305,-20.000000000000007
-0.34772866026745214,1.499177126549204,-20.000000000000007
-0.37804015833487614,1.4964402886047687,-20.000000000000007
-0.3484159999444615,1.5009586123962828,-20.000000000000007
-0.3694824461356176,1.5011154097927286,-20.000000000000007
-0.3583348964968672,1.5010579980360041,-20.000000000000007
-0.35731933089718726,1.5007306468925665,-20.000000000000007
-0.35416703458595145,1.4992632174510385,-20.000000000000007
-0.3214737718897935,1.4979381416567876,-20.000000000000007
-0.3610859270026219,1.498980225346897,-20.000000000000007
-0.3212845727282362,1.497856305342448,-20.000000000000007
-0.3385558749335988,1.5002336361072839,-20.000000000000007
-0.3347736801264766,1.499205944308219,-20.000000000000007
-0.29677184808628493,1.5900492433267406,-20.000000000000007
-0.33861998912651814,1.5002470981079516,-20.000000000000007
-0.31545121551196376,1.4951034666691345,-20.000000000000007
-0.350504328646557,1.5005062921429986,-20.000000000000007
-0.3448960978899582,1.4971424865428509,-20.000000000000007
-0.33297912529741813,1.4970990737489263,-20.000000000000007
-0.344638182167706,1.497280166441734,-20.000000000000007
-0.3114728242238435,1.5002357140496885,-20.000000000000007
-0.3404156439927711,1.4988139679575476,-20.000000000000007
-0.31286943398502143,1.5045796759697252,-20.000000000000007
-0.32346502675487065,1.499814830760907,-20.000000000000007
-0.32400878016742446,1.500039085603181,-20.000000000000007
-0.2923480011298122,1.5891748986103524,-20.000000000000007
-0.3416632389358525,1.4976086073572603,-20.000000000000007
-0.31147282422384354,1.5002357140496885,-20.000000000000007
-0.3332011144648327,1.4977590533526763,-20.000000000000007
-0.3355248686961959,1.50020928745709,-20.000000000000007
-0.303285782381105,1.5204381626563315,-20.000000000000007
-0.32768265645080324,1.4994438713352887,-20.000000000000007
-0.29712085150995426,1.5878202981705969,-20.000000000000007
-0.3247603054124209,1.500109065152015,-20.000000000000007
-0.3090336352353068,1.5068264433831875,-20.000000000000007
-0.30761372905250317,1.5100234210589016,-20.000000000000007
-0.31803007026471436,1.4992691901503274,-20.000000000000007
-0.28439501577378495,1.5564346680588252,-20.000000000000007
-0.32128457272823624,1.4978563053424478,-20.000000000000007
-0.2939214314156191,1.5971422552553443,-20.000000000000007
-0.3074330011748714,1.509255958864809,-20.000000000000007
-0.3075763038710341,1.5092767463599177,-20.000000000000007
-0.2803229939220572,1.507794639341816,-20.000000000000007
-0.3120178484244059,1.5042001719344675,-20.000000000000007
-0.28150219400279564,1.5244852675069367,-20.000000000000007
-0.30328578238110493,1.5204381626563315,-20.000000000000007
-0.3043385104883578,1.5063073724386002,-20.000000000000007
-0.2862183638629078,1.5661048258535117,-20.000000000000007
-0.30858539454617334,1.5081659865607486,-20.000000000000007
-0.28040688778592177,1.5047866790540927,-20.000000000000007
-0.30757630387103396,1.509276746359918,-20.000000000000007
-0.28448834770180204,1.557908182971589,-20.000000000000007
-0.2939214314156191,1.5971422552553443,-20.000000000000007
-0.314145276435866,1.5013015909261216,-20.000000000000007
-0.28042778371532373,1.504660240765871,-20.000000000000007
-0.32192821441554553,1.4959301607564994,-20.000000000000007
-0.3009753816825688,1.5478856504334075,-20.000000000000007
-0.30490505202372303,1.505661875178614,-20.000000000000007
-0.31713080405250166,1.4984899164659837,-20.000000000000007
-0.2844883477018021,1.5579081829715888,-20.000000000000007
-0.3220772879969348,1.4962808379009358,-20.000000000000007
-0.2859741591518499,1.5657933033163323,-20.000000000000007
-0.3128694339850215,1.5045796759697252,-20.000000000000007
-0.30538908022785993,1.507160554689812,-20.000000000000007
-0.2861467625785086,1.5660632206302456,-20.000000000000007
-0.31295695354635933,1.503645578219004,-20.000000000000007
-0.2707328365146331,1.7131873457107314,-20.000000000000007
-0.30856442771691467,1.508224672118752,-20.000000000000007
-0.28576098076397394,1.563548258660463,-20.000000000000007
-0.2911941062217188,1.5877170694326266,-20.000000000000007
-0.31355242332031125,1.5056185839946747,-20.000000000000007
-0.2803229939220572,1.5077946393418158,-20.000000000000007
-0.3149765858360488,1.4942986540851615,-20.000000000000007
-0.28576098076397394,1.563548258660463,-20.000000000000007
-0.30469651327113145,1.506502824282188,-20.000000000000007
-0.30826442348640654,1.5092640463390952,-20.000000000000007
-0.2844883477018021,1.5579081829715888,-20.000000000000007
-0.31803007026471436,1.4992691901503274,-20.000000000000007
-0.2807866153310694,1.5114112648091447,-20.000000000000007
-0.3134724068532852,1.5044583329624275,-20.000000000000007
-0.3010028004312815,1.5476422714487983,-20.000000000000007
-0.2927179167456599,1.5877935538284835,-20.000000000000007
-0.31993457899492,1.4998113265030868,-20.000000000000007
-0.28091775621608633,1.510171320263324,-20.000000000000007
-0.3198251703822356,1.499991623295282,-20.000000000000007
-0.3008843180138311,1.5479130758217625,-20.000000000000007
-0.3015762558074406,1.5389990622252376,-20.000000000000007
-0.3195434715719284,1.4989391958893006,-20.000000000000007
-0.29451371422923295,1.598426075847443,-20.000000000000007
-0.32858000929545833,1.4970111566543784,-20.000000000000007
-0.3046965132711314,1.5065028242821876,-20.000000000000007
-0.3183506028793772,1.4997719264195273,-20.000000000000007
-0.3086350237635196,1.5073549291131614,-20.000000000000007
-0.3022434825152658,1.5357263365825728,-20.000000000000007
-0.3330516063253219,1.4973285163683077,-20.000000000000007
-0.29704995386276734,1.5882000358297315,-20.000000000000007
-0.3324545023023489,1.496867930306307,-20.000000000000007
-0.31373793203994255,1.5049514984651142,-20.000000000000007
-0.30856442771691467,1.508224672118752,-20.000000000000007
-0.32769216113537786,1.4997240534571992,-20.000000000000007
-0.3015762558074406,1.5389990622252376,-20.000000000000007
-0.33197856107478957,1.497521257787553,-20.000000000000007
-0.30263291006736837,1.5319900558991009,-20.000000000000007
-0.327169859932227,1.4993362384014612,-20.000000000000007
-0.3197378897829836,1.4996761101294567,-20.000000000000007
-0.3085644277169147,1.5082246721187522,-20.000000000000007
-0.34099404773628467,1.4981814320226479,-20.000000000000007
-0.29469714882749454,1.5967186902438684,-20.000000000000007
-0.33386993374728596,1.4979520154556574,-20.000000000000007
-0.3122907122255058,1.5046696157310326,-20.000000000000007
-0.3094661644252116,1.5055564388929945,-20.000000000000007
-0.3425725201833591,1.498968562346398,-20.000000000000007
-0.3006693121512798,1.5505686595934778,-20.000000000000007
-0.34642490789763725,1.4944240998330978,-20.000000000000007
-0.3187008739466695,1.4990140863613761,-20.000000000000007
-0.3261395618181405,1.4998341272982947,-20.000000000000007
-0.3391380002542206,1.4998180911477204,-20.000000000000007
-0.31649072174636117,1.4978964762349731,-20.000000000000007
-0.3557065823355014,1.5005719892042748,-20.000000000000007
-0.31469359519915896,1.4961619353338627,-20.000000000000007
-0.35787369768916893,1.4995304542573757,-20.000000000000007
-0.33951872060044386,1.4986966606876748,-20.000000000000007
-0.3333765803233514,1.4978900253407132,-20.000000000000007
-0.37771752346797693,1.4934490184648594,-20.000000000000007
-0.3227917098466806,1.4983910859677176,-20.000000000000007
-0.36904418763941793,1.4998818355910513,-20.000000000000007
-0.344638182167706,1.4972801664417341,-20.000000000000007
-0.3468023759078921,1.4963054240582094,-20.000000000000007
-0.36755688397808706,1.502134142332224,-20.000000000000007
-0.3340107762909207,1.4977705142242872,-20.000000000000007
-0.3844510689371303,1.4982344480076049,-20.000000000000007
-0.34327876803833857,1.5002983627233721,-20.000000000000007
-0.381993607833779,1.5012315547311963,-20.000000000000007
-0.3705164617333685,1.496018274307894,-20.000000000000007
-0.35787369768916893,1.4995304542573755,-20.000000000000007
-0.39990585506716175,1.4935404204622795,-20.000000000000007
-0.33449216931593695,1.4980897452580808,-20.000000000000007
-0.4006937414549026,1.4938321651008901,-20.000000000000007
-0.3673333819602038,1.503107280223778,-20.000000000000007
-0.37228545094783827,1.4944032144150174,-20.000000000000007
-0.40498465095258324,1.4993612642310938,-20.000000000000007
-0.3611418048953326,1.498620403374119,-20.000000000000007
-0.4131120717914658,1.4988762027907383,-20.000000000000007
-0.36759062051490266,1.5016324262277536,-20.000000000000007
-0.4017760527873143,1.4945824905073846,-20.000000000000007
-0.3911231558521962,1.5037090053803128,-20.000000000000007
-0.3607510472235762,1.4999714155790795,-20.000000000000007
-0.4161129492981589,1.5118101648032491,-20.000000000000007
-0.35082148281156267,1.5002901619420403,-20.000000000000007
-0.4038148497818602,1.4934947072900853,-20.000000000000007
-0.38921130183428565,1.4997537378964054,-20.000000000000007
-0.3694393921813809,1.501042423735168,-20.000000000000007
-0.4212461969233987,1.460712867903379,-20.000000000000007
-0.36409030703372147,1.5014376598449681,-20.000000000000007
-0.4269848284015412,1.4208490310495425,-20.000000000000007
-0.4070133410458314,1.4995248557923946,-20.000000000000007
-0.4043923627126284,1.4941969581360024,-20.000000000000007
-0.44549681692717064,1.4390773753774078,-20.000000000000007
-0.4035196596256285,1.4970491241462656,-20.000000000000007
-0.46461293195425646,1.3456615005424506,-20.000000000000007
-0.4294823095821258,1.4094443724861117,-20.000000000000007
-0.4612461227408046,1.3683552353866086,-20.000000000000007
-0.4616023529946673,1.3662005391197911,-20.000000000000007
-0.4181837451981559,1.507581362072683,-20.000000000000007
-0.48465064711956973,1.3544008651745698,-20.000000000000007
-0.4204460823574373,1.4729107769162963,-20.000000000000007
-0.4614893863228754,1.370030020533303,-20.000000000000007
-0.47405589034147205,1.339030231544579,-20.000000000000007
-0.4367661839415373,1.4131860314416524,-20.000000000000007
-0.4852560905647442,1.3549730636120945,-20.000000000000007
-0.43917160545986533,1.4292727233241203,-20.000000000000007
-0.47813612679616774,1.3516282356265568,-20.000000000000007
-0.4612058431739949,1.3688590926865503,-20.000000000000007
-0.46399409395998303,1.3468484123077162,-20.000000000000007
-0.4846506471195696,1.3544008651745698,-20.000000000000007
-0.4465980279128628,1.4351962181923916,-20.000000000000007
-0.49487594857850614,1.387006165496233,-20.000000000000007
-0.4370086025740783,1.417044345284252,-20.000000000000007
-0.4745033943804443,1.3396565300160306,-20.000000000000007
-0.4639338749619758,1.3472332067786723,-20.000000000000007
-0.42948230958212574,1.4094443724861114,-20.000000000000007
-0.5042525376813354,1.4105663131622963,-20.000000000000007
-0.44351933765095963,1.440681504016582,-20.000000000000007
-0.4784091388143604,1.351500285886565,-20.000000000000007
-0.49487594857850614,1.3870061654962327,-20.000000000000007
-0.4614893863228754,1.3700300205333031,-20.000000000000007
-0.5031896692861658,1.3992352022419927,-20.000000000000007
-0.46461293195425646,1.3456615005424504,-20.000000000000007
-0.5043148457231501,1.4115430487866387,-20.000000000000007
-0.47800149154250243,1.3503446375015369,-20.000000000000007
-0.48323979312958587,1.3639850417842128,-20.000000000000007
-0.5043148457231502,1.4115430487866387,-20.000000000000007
-0.44414408002413475,1.4352410786855947,-20.000000000000007
-0.5027703794909989,1.3970470714339667,-20.000000000000007
-0.45336174635079685,1.390900279014112,-20.000000000000007
-0.4718122929046303,1.337806134734778,-20.000000000000007
-0.4931631384024264,1.3841932390400666,-20.000000000000007
-0.44618636618843943,1.4378098229747442,-20.000000000000007
-0.5053837849916603,1.4161145466017013,-20.000000000000007
-0.4564512934538203,1.3818075670975078,-20.000000000000007
-0.47934092123778427,1.355442108492947,-20.000000000000007
-0.4843779717294776,1.3552220415967828,-20.000000000000007
-0.4639338749619759,1.3472332067786725,-20.000000000000007
-0.5015828740866695,1.3920531660248479,-20.000000000000007
-0.46124612274080456,1.3683552353866082,-20.000000000000007
-0.5043148457231501,1.4115430487866387,-20.000000000000007
-0.4584282982013844,1.3924112457178666,-20.000000000000007
-0.4743027345287723,1.338976844796561,-20.000000000000007
-0.48742348670718894,1.3665537965077774,-20.000000000000007
-0.4294284686468475,1.4101466792497912,-20.000000000000007
-0.5015828740866695,1.3920531660248474,-20.000000000000007
-0.44278045326702964,1.4440584376269343,-20.000000000000007
-0.46461293195425646,1.3456615005424504,-20.000000000000007
-0.4827263799079555,1.3641288523701303,-20.000000000000007
-0.4454968169271706,1.439077375377408,-20.000000000000007
-0.5042525376813354,1.4105663131622963,-20.000000000000007
-0.4557521219577353,1.3791556669418426,-20.000000000000007
-0.4823189374723471,1.3688437324249967,-20.000000000000007
-0.45827642096038285,1.393874494771547,-20.000000000000007
-0.4612461227408047,1.3683552353866086,-20.000000000000007
-0.4793409212377843,1.355442108492947,-20.000000000000007
-0.4215498996764506,1.45624754480946,-20.000000000000007
-0.5001952192316528,1.3886088020140595,-20.000000000000007
-0.42948230958212574,1.4094443724861114,-20.000000000000007
-0.4582764209603829,1.393874494771547,-20.000000000000007
-0.4982342815223787,1.3837646738034044,-20.000000000000007
-0.4292026925046876,1.413123603674345,-20.000000000000007
-0.5051179460114001,1.4176527345538452,-20.000000000000007
-0.46124612274080456,1.3683552353866086,-20.000000000000007
-0.4850033218528451,1.353979211801435,-20.000000000000007
-0.49134732249702723,1.3853849883606646,-20.000000000000007
-0.46183629145846167,1.363183606472567,-20.000000000000007
-0.5051064680329468,1.4195692941931781,-20.000000000000007
-0.44892956677656254,1.4193674195658232,-20.000000000000007
-0.5043148457231502,1.4115430487866387,-20.000000000000007
-0.4575219943660664,1.3896045274710873,-20.000000000000007
-0.47792495206033775,1.3497350592437303,-20.000000000000007
-0.48428141015377113,1.3569444740281373,-20.000000000000007
-0.42112194742647124,1.459955625014826,-20.000000000000007
-0.5027703794909989,1.3970470714339667,-20.000000000000007
-0.4211780402607732,1.4602972491002633,-20.000000000000007
-0.4561809563942913,1.3792211755370718,-20.000000000000007
-0.47552817181134727,1.338222871893145,-20.000000000000007
-0.4246887336824343,1.433474974481702,-20.000000000000007
-0.4891372588078141,1.3866140712155495,-20.000000000000007
-0.4454968169271706,1.4390773753774078,-20.000000000000007
-0.4857033103544284,1.356633461305774,-20.000000000000007
-0.46426597898888605,1.3468543856089903,-20.000000000000007
-0.47363863630149444,1.3388286937615455,-20.000000000000007
-0.49263636533428506,1.3853877821083982,-20.000000000000007
-0.4350954001591678,1.4042962284972356,-20.000000000000007
-0.49487594857850603,1.387006165496233,-20.000000000000007
-0.4204892766816929,1.471838809061575,-20.000000000000007
-0.452489229838947,1.3971648144432267,-20.000000000000007
-0.457673918267102,1.389163943928717,-20.000000000000007
-0.4034948620270723,1.4972263122854328,-20.000000000000007
-0.4852560905647442,1.3549730636120945,-20.000000000000007
-0.42706441586269717,1.4215330422704588,-20.000000000000007
-0.47618421474913,1.3413472739316226,-20.000000000000007
-0.4846369364779839,1.354530950223953,-20.000000000000007
-0.46124612274080456,1.3683552353866086,-20.000000000000007
-0.5015828740866695,1.3920531660248474,-20.000000000000007
-0.44455727126187394,1.4381758569025962,-20.000000000000007
-0.4989804213466412,1.3850666287399318,-20.000000000000007
-0.44368350493696784,1.438694888249916,-20.000000000000007
-0.47548344589422,1.338106999587213,-20.000000000000007
-0.4823282528427054,1.3667711129991622,-20.000000000000007
-0.42468873368243437,1.433474974481702,-20.000000000000007
-0.5003356101759776,1.389188817166178,-20.000000000000007
-0.42440851444361005,1.4294291282489648,-20.000000000000007
-0.47813612679616774,1.3516282356265568,-20.000000000000007
-0.4822853967062174,1.3690469640614018,-20.000000000000007
-0.44226892750226315,1.4440091154848893,-20.000000000000007
-0.5001952192316528,1.3886088020140595,-20.000000000000007
-0.4269848284015412,1.4208490310495427,-20.000000000000007
-0.47090253453715514,1.3401225564079027,-20.000000000000007
-0.446778392339373,1.434339771039476,-20.000000000000007
-0.46124612274080456,1.3683552353866086,-20.000000000000007
-0.47618421474912986,1.3413472739316226,-20.000000000000007
-0.42901955005152753,1.4134305654357395,-20.000000000000007
-0.48231893747234716,1.3688437324249967,-20.000000000000007
-0.41510362322704697,1.505867729866425,-20.000000000000007
-0.457673918267102,1.389163943928717,-20.000000000000007
-0.47797999543379094,1.349865868548535,-20.000000000000007
-0.4246887336824343,1.433474974481702,-20.000000000000007
-0.4847198895702851,1.3545348377124202,-20.000000000000007
-0.4292026925046876,1.413123603674345,-20.000000000000007
-0.4564512934538203,1.3818075670975078,-20.000000000000007
-0.45856836421511027,1.392145307260439,-20.000000000000007
-0.44670626424499355,1.4349781785157811,-20.000000000000007
-0.4836208210469908,1.3644873719138746,-20.000000000000007
-0.4454968169271706,1.439077375377408,-20.000000000000007
-0.4993694237108084,1.3856783738779241,-20.000000000000007
-0.46461293195425646,1.3456615005424504,-20.000000000000007
-0.49316313840242637,1.3841932390400669,-20.000000000000007
-0.4993694237108084,1.3856783738779241,-20.000000000000007
-0.44628824271894085,1.4364560205001882,-20.000000000000007
-0.5027703794909989,1.3970470714339667,-20.000000000000007
-0.44287149817102534,1.4442340758541476,-20.000000000000007
-0.47847966643058115,1.3509523370295424,-20.000000000000007
-0.49511622084948204,1.387841101433716,-20.000000000000007
-0.4565390225060386,1.383187580287491,-20.000000000000007
-0.5015828740866694,1.3920531660248474,-20.000000000000007
-0.4646711148071577,1.3450435343527145,-20.000000000000007
-0.48984798873516894,1.3826079372961746,-20.000000000000007
-0.48272637990795547,1.3641288523701305,-20.000000000000007
-0.5031896692861658,1.3992352022419925,-20.000000000000007
-0.503212265219969,1.3994810739815944,-20.000000000000007
-0.47430273452877225,1.3389768447965609,-20.000000000000007
-0.5053837849916603,1.4161145466017013,-20.000000000000007
-0.4572466674123137,1.3898138268536,-20.000000000000007
-0.5018280465710236,1.3931392460245569,-20.000000000000007
-0.5051179460114003,1.4176527345538452,-20.000000000000007
-0.4734235009216064,1.335551916622813,-20.000000000000007
-0.5187554539075335,1.255436930004477,-20.000000000000007
-0.47090253453715514,1.3401225564079027,-20.000000000000007
-0.48299316534606446,1.3649800368321896,-20.000000000000007
-0.5015828740866694,1.3920531660248476,-20.000000000000007
-0.48283933462230133,1.3641898722940577,-20.000000000000007
-0.5015828740866694,1.3920531660248474,-20.000000000000007
-0.4821793862786624,1.3683649945076908,-20.000000000000007
-0.5001952192316529,1.3886088020140595,-20.000000000000007
-0.46461293195425646,1.3456615005424506,-20.000000000000007
-0.5050268231240609,1.4198681064088943,-20.000000000000007
-0.5053837849916603,1.416114546601701,-20.000000000000007
-0.47680715401742474,1.3415115177776364,-20.000000000000007
-0.5209897361039892,1.2318624184297196,-20.000000000000007
-0.4770510665508879,1.342177983128376,-20.000000000000007
-0.4913473224970272,1.3853849883606646,-20.000000000000007
-0.508892745753395,1.3664230241247486,-20.000000000000007
-0.48437797172947755,1.3552220415967828,-20.000000000000007
-0.5051179460114003,1.4176527345538452,-20.000000000000007
-0.4895511285006442,1.3890769851192508,-20.000000000000007
-0.5018280465710235,1.3931392460245573,-20.000000000000007
-0.5051064680329467,1.4195692941931781,-20.000000000000007
-0.52539658694811,1.2175432926394432,-20.000000000000007
-0.5264541697622109,1.2172788417550287,-20.000000000000007
-0.5172709190448233,1.265419478666957,-20.000000000000007
-0.5277317573661571,1.2100618727216974,-20.000000000000007
-0.48480597356386645,1.355165364262347,-20.000000000000007
-0.5051064680329467,1.419569294193178,-20.000000000000007
-0.508892745753395,1.3664230241247488,-20.000000000000007
-0.47618421474912986,1.3413472739316221,-20.000000000000007
-0.5109469047518173,1.3448934500078802,-20.000000000000007
-0.5001952192316528,1.3886088020140592,-20.000000000000007
-0.5031896692861658,1.399235202241993,-20.000000000000007
-0.5096471999018264,1.3539510097180343,-20.000000000000007
-0.5109469047518173,1.3448934500078804,-20.000000000000007
-0.5088927457533952,1.3664230241247488,-20.000000000000007
-0.5017714554881411,1.393065869077757,-20.000000000000007
-0.5096471999018264,1.353951009718034,-20.000000000000007
-0.4846369364779839,1.3545309502239529,-20.000000000000007
-0.5088927457533952,1.3664230241247486,-20.000000000000007
-0.5209897361039894,1.2318624184297193,-20.000000000000007
-0.5001952192316528,1.3886088020140592,-20.000000000000007
-0.5221778820115157,1.219787831627508,-20.000000000000007
-0.49134732249702723,1.3853849883606646,-20.000000000000007
-0.49936942371080845,1.3856783738779241,-20.000000000000007
-0.5175911302218912,1.2632342435428727,-20.000000000000007
-0.5051064680329467,1.4195692941931781,-20.000000000000007
-0.5209897361039892,1.2318624184297193,-20.000000000000007
-0.508892745753395,1.3664230241247486,-20.000000000000007
-0.5043148457231501,1.4115430487866387,-20.000000000000007
-0.5003356101759777,1.389188817166178,-20.000000000000007
-0.5196212251200915,1.2594935084343843,-20.000000000000007
-0.522037547605115,1.2203359996072458,-20.000000000000007
-0.5051064680329467,1.419569294193178,-20.000000000000007
-0.5266764831189765,1.2167892065627564,-20.000000000000007
-0.4982342815223787,1.3837646738034042,-20.000000000000007
-0.5051064680329467,1.4195692941931781,-20.000000000000007
-0.5277317573661571,1.2100618727216976,-20.000000000000007
-0.5043148457231502,1.4115430487866387,-20.000000000000007
-0.5255121226511903,1.2172653091213974,-20.000000000000007
-0.5109469047518174,1.3448934500078802,-20.000000000000007
-0.5051064680329467,1.4195692941931781,-20.000000000000007
-0.5175911302218912,1.2632342435428727,-20.000000000000007
-0.5175911302218912,1.2632342435428727,-20.000000000000007
-0.5212666259739234,1.227127131602118,-20.000000000000007
-0.5109469047518173,1.3448934500078802,-20.000000000000007
-0.5141372752202846,1.2782046576934705,-20.000000000000007
-0.4879429579349081,1.3694437182448125,-20.000000000000007
-0.5053837849916603,1.416114546601701,-20.000000000000007
-0.5253965869481101,1.2175432926394432,-20.000000000000007
-0.4989804213466412,1.3850666287399318,-20.000000000000007
-0.5264289096574399,1.2185204327980295,-20.000000000000007
-0.5051064680329467,1.419569294193178,-20.000000000000007
-0.4842022454923105,1.3586575128104845,-20.000000000000007
-0.5141372752202845,1.2782046576934702,-20.000000000000007
-0.5027703794909989,1.3970470714339664,-20.000000000000007
-0.5042525376813355,1.410566313162296,-20.000000000000007
-0.4948759485785061,1.3870061654962327,-20.000000000000007
-0.48955112850064425,1.3890769851192508,-20.000000000000007
-0.47903548049594413,1.3550033801360568,-20.000000000000007
-0.49834117537124634,1.3833567002159073,-20.000000000000007
-0.5109469047518174,1.3448934500078802,-20.000000000000007
-0.4780014915425025,1.350344637501537,-20.000000000000007
-0.5051064680329467,1.419569294193178,-20.000000000000007
-0.4878274812392245,1.3688135429868582,-20.000000000000007
-0.47911561514022905,1.3551156488231202,-20.000000000000007
-0.5220375476051151,1.2203359996072458,-20.000000000000007
-0.5003356101759776,1.389188817166178,-20.000000000000007
-0.5051179460114003,1.417652734553845,-20.000000000000007
-0.5043148457231501,1.4115430487866385,-20.000000000000007
-0.47845097440882295,1.3516707229592158,-20.000000000000007
-0.5015828740866695,1.3920531660248474,-20.000000000000007
-0.5051179460114001,1.4176527345538452,-20.000000000000007
-0.5053837849916603,1.416114546601701,-20.000000000000007
-0.49316313840242637,1.3841932390400669,-20.000000000000007
-0.5018280465710236,1.393139246024557,-20.000000000000007
-0.47629959162613333,1.339821949205254,-20.000000000000007
-0.4649239891864876,1.3472449283724253,-20.000000000000007
-0.5053837849916603,1.4161145466017013,-20.000000000000007
-0.4649239891864877,1.3472449283724253,-20.000000000000007
-0.4847188066415846,1.3546218842779918,-20.000000000000007
-0.4843779717294776,1.3552220415967828,-20.000000000000007
-0.4476164912923647,1.4299242209078407,-20.000000000000007
-0.49487594857850614,1.387006165496233,-20.000000000000007
-0.48217938627866247,1.3683649945076908,-20.000000000000007
-0.4825571837360516,1.3647859165804879,-20.000000000000007
-0.4781361267961677,1.3516282356265568,-20.000000000000007
-0.4576102101643221,1.3893635719462534,-20.000000000000007
-0.4566352525225619,1.3831918720426524,-20.000000000000007
-0.4533797374981223,1.390489797421323,-20.000000000000007
-0.4847188066415845,1.3546218842779918,-20.000000000000007
-0.452489229838947,1.397164814443227,-20.000000000000007
-0.46467111480715784,1.3450435343527147,-20.000000000000007
-0.4706826282662673,1.3405569012402885,-20.000000000000007
-0.4262074658010566,1.4224917234137802,-20.000000000000007
-0.47903548049594413,1.355003380136057,-20.000000000000007
-0.4564512934538203,1.3818075670975078,-20.000000000000007
-0.4458249050718208,1.4425078372692535,-20.000000000000007
-0.4649272423916454,1.3473199726852352,-20.000000000000007
-0.4407074539476544,1.4283377708431981,-20.000000000000007
-0.45575212195773535,1.3791556669418428,-20.000000000000007
-0.4564512934538203,1.3818075670975076,-20.000000000000007
-0.46281414540160976,1.3558103753856128,-20.000000000000007
-0.43631337281109056,1.4081355672223501,-20.000000000000007
-0.43576391263362,1.404521425112352,-20.000000000000007
-0.4413088423889248,1.43243305560184,-20.000000000000007
-0.4034948620270723,1.4972263122854328,-20.000000000000007
-0.39793169274749207,1.4964338925759118,-20.000000000000007
-0.344638182167706,1.4972801664417341,-20.000000000000007
-0.35921654739273173,1.4974701172082143,-20.000000000000007
-0.42440851444360994,1.4294291282489648,-20.000000000000007
-0.4948759485785061,1.387006165496233,-20.000000000000007
-0.5323304112336531,1.2004385451167106,-20.000000000000007
-0.5323304112336531,1.2004385451167103,-20.000000000000007
-0.5323304112336531,1.2004385451167106,-20.000000000000007
-0.532330411233653,1.2004385451167106,-20.000000000000007
-0.532330411233653,1.2004385451167106,-20.000000000000007
-0.5323304112336531,1.2004385451167106,-20.000000000000007
-0.5323304112336531,1.2004385451167106,-20.000000000000007
-0.5323304112336531,1.2004385451167106,-20.000000000000007
-0.5323304112336531,1.2004385451167106,-20.000000000000007
-0.5323304112336531,1.2004385451167106,-20.000000000000007
-0.5323304112336531,1.2004385451167106,-20.000000000000007
-0.5323304112336531,1.2004385451167106,-20.000000000000007
-0.5323304112336531,1.2004385451167103,-20.000000000000007
-0.5323304112336531,1.2004385451167106,-20.000000000000007
-0.5323304112336531,1.2004385451167106,-20.000000000000007
-0.532330411233653,1.2004385451167106,-20.000000000000007
-0.532330411233653,1.2004385451167106,-20.000000000000007
-0.5323304112336531,1.2004385451167106,-20.000000000000007
-0.5323304112336531,1.2004385451167106,-20.000000000000007
-0.479115615140229,1.3551156488231202,-20.000000000000007
-0.5304984915078199,1.2039376218488718,-20.000000000000007
-0.5249260652154171,1.2144990146010457,-20.000000000000007
-0.47845097440882295,1.3516707229592158,-20.000000000000007
-0.527896954942109,1.212519897700639,-20.000000000000007
-0.44659802791286274,1.4351962181923918,-20.000000000000007
-0.5290602283220829,1.2123914008227317,-20.000000000000007
-0.508892745753395,1.3664230241247488,-20.000000000000007
-0.5241551435842253,1.2212901465959178,-20.000000000000007
-0.5290602283220829,1.2123914008227317,-20.000000000000007
-0.46170612140108863,1.3650323678314473,-20.000000000000007
-0.5301155025692634,1.205664066981673,-20.000000000000007
-0.48480597356386645,1.3551653642623467,-20.000000000000007
-0.532330411233653,1.2004385451167106,-20.000000000000007
-0.5323304112336531,1.2004385451167103,-20.000000000000007
-0.47903548049594424,1.355003380136057,-20.000000000000007
-0.532330411233653,1.2004385451167103,-20.000000000000007
-0.4778130878130823,1.349801436838446,-20.000000000000007
-0.5323304112336531,1.2004385451167106,-20.000000000000007
-0.5323304112336531,1.2004385451167103,-20.000000000000007
-0.5096471999018264,1.3539510097180338,-20.000000000000007
-0.5323304112336531,1.2004385451167106,-20.000000000000007
-0.5175911302218911,1.2632342435428727,-20.000000000000007
-0.5280316601208392,1.209276157525149,-20.000000000000007
-0.532330411233653,1.2004385451167106,-20.000000000000007
-0.532330411233653,1.2004385451167103,-20.000000000000007
-0.532330411233653,1.2004385451167103,-20.000000000000007
-0.532330411233653,1.2004385451167103,-20.000000000000007
-0.5323304112336531,1.2004385451167103,-20.000000000000007
-0.532330411233653,1.2004385451167106,-20.000000000000007
-0.532330411233653,1.2004385451167106,-20.000000000000007
-0.5323304112336531,1.20043854511671,-20.000000000000007
-0.5323304112336531,1.2004385451167106,-20.000000000000007
-0.532330411233653,1.2004385451167106,-20.000000000000007
-0.532330411233653,1.2004385451167103,-20.000000000000007
-0.532330411233653,1.2004385451167103,-20.000000000000007
-0.532330411233653,1.2004385451167106,-20.000000000000007
-0.532330411233653,1.2004385451167106,-20.000000000000007
-0.5323304112336531,1.2004385451167103,-20.000000000000007
-0.5323304112336531,1.2004385451167103,-20.000000000000007
-0.5323304112336531,1.2004385451167103,-20.000000000000007
-0.532330411233653,1.2004385451167103,-20.000000000000007
-0.532330411233653,1.2004385451167106,-20.000000000000007
-0.532330411233653,1.2004385451167103,-20.000000000000007
-0.4736386363014944,1.338828693761545,-20.000000000000007
-0.5323304112336531,1.2004385451167106,-20.000000000000007
-0.5290602283220829,1.212391400822732,-20.000000000000007
-0.49316313840242637,1.384193239040067,-20.000000000000007
-0.5304154053239456,1.2048783517851245,-20.000000000000007
-0.45827642096038285,1.393874494771547,-20.000000000000007
-0.53049849150782,1.2039376218488715,-20.000000000000007
-0.5109469047518174,1.3448934500078806,-20.000000000000007
-0.5290602283220829,1.212391400822732,-20.000000000000007
-0.5304984915078199,1.2039376218488713,-20.000000000000007
-0.47660690968700276,1.340791783935582,-20.000000000000007
-0.532330411233653,1.2004385451167106,-20.000000000000007
-0.5001952192316528,1.3886088020140595,-20.000000000000007
-0.5323304112336531,1.2004385451167106,-20.000000000000007
-0.5323304112336531,1.2004385451167106,-20.000000000000007
-0.48437797172947755,1.3552220415967828,-20.000000000000007
-0.532330411233653,1.2004385451167103,-20.000000000000007
-0.4807901627886857,1.3572223379517339,-20.000000000000007
-0.5323304112336531,1.2004385451167106,-20.000000000000007
-0.532330411233653,1.2004385451167103,-20.000000000000007
-0.5088927457533952,1.3664230241247486,-20.000000000000007
-0.5323304112336531,1.2004385451167103,-20.000000000000007
-0.5051064680329468,1.4195692941931781,-20.000000000000007
-0.5136763082668152,1.2871168702832079,-20.000000000000007
-0.5290602283220829,1.212391400822732,-20.000000000000007
-0.5279110239171593,1.2121225487555727,-20.000000000000007
-0.532330411233653,1.2004385451167106,-20.000000000000007
-0.5323304112336531,1.2004385451167103,-20.000000000000007
-0.5323304112336531,1.2004385451167103,-20.000000000000007
-0.5323304112336531,1.2004385451167106,-20.000000000000007
-0.532330411233653,1.2004385451167106,-20.000000000000007
-0.532330411233653,1.2004385451167106,-20.000000000000007
-0.5323304112336529,1.2004385451167103,-20.000000000000007
-0.532330411233653,1.2004385451167106,-20.000000000000007
-0.5323304112336531,1.2004385451167106,-20.000000000000007
-0.5323304112336531,1.2004385451167103,-20.000000000000007
-0.5323304112336531,1.2004385451167106,-20.000000000000007
-0.532330411233653,1.2004385451167103,-20.000000000000007
-0.5323304112336531,1.2004385451167103,-20.000000000000007
-0.5323304112336531,1.2004385451167103,-20.000000000000007
-0.5323304112336531,1.2004385451167103,-20.000000000000007
-0.5323304112336531,1.2004385451167103,-20.000000000000007
-0.5323304112336531,1.2004385451167103,-20.000000000000007
-0.5323304112336531,1.2004385451167106,-20.000000000000007
-0.48646263898173453,1.3567782160724762,-20.000000000000007
-0.5304984915078199,1.2039376218488715,-20.000000000000007
-0.5301155025692635,1.2056640669816727,-20.000000000000007
-0.474055890341472,1.3390302315445792,-20.000000000000007
-0.5301155025692634,1.2056640669816727,-20.000000000000007
-0.45629253470261943,1.382302004261081,-20.000000000000007
-0.5301155025692634,1.205664066981673,-20.000000000000007
-0.5196212251200913,1.2594935084343843,-20.000000000000007
-0.5109469047518173,1.3448934500078802,-20.000000000000007
-0.5279110239171593,1.2121225487555727,-20.000000000000007
-0.4557521219577354,1.3791556669418423,-20.000000000000007
-0.5279110239171593,1.2121225487555725,-20.000000000000007
-0.4844443900133982,1.3545319409582819,-20.000000000000007
-0.5323304112336531,1.2004385451167106,-20.000000000000007
-0.5304984915078199,1.2039376218488715,-20.000000000000007
-0.4726926934025635,1.335421192131074,-20.000000000000007
-0.5323304112336531,1.2004385451167106,-20.000000000000007
-0.4646711148071577,1.3450435343527147,-20.000000000000007
-0.532330411233653,1.2004385451167106,-20.000000000000007
-0.532330411233653,1.2004385451167106,-20.000000000000007
-0.5049245822813716,1.4199210468850083,-20.000000000000007
-0.532330411233653,1.2004385451167103,-20.000000000000007
-0.5031896692861658,1.3992352022419927,-20.000000000000007
-0.5175911302218912,1.2632342435428727,-20.000000000000007
-0.5290602283220829,1.2123914008227317,-20.000000000000007
-0.5096578185038314,1.3522128464696181,-20.000000000000007
-0.5323304112336531,1.2004385451167103,-20.000000000000007
-0.5323304112336531,1.2004385451167106,-20.000000000000007
-0.532330411233653,1.2004385451167106,-20.000000000000007
-0.5323304112336531,1.2004385451167106,-20.000000000000007
-0.5323304112336531,1.2004385451167106,-20.000000000000007
-0.5323304112336531,1.2004385451167106,-20.000000000000007
-0.5323304112336531,1.2004385451167106,-20.000000000000007
-0.5323304112336531,1.2004385451167103,-20.000000000000007
-0.532330411233653,1.2004385451167106,-20.000000000000007
-0.532330411233653,1.2004385451167106,-20.000000000000007
-0.532330411233653,1.2004385451167103,-20.000000000000007
-0.5323304112336531,1.2004385451167103,-20.000000000000007
-0.5323304112336531,1.2004385451167103,-20.000000000000007
-0.532330411233653,1.2004385451167106,-20.000000000000007
-0.532330411233653,1.2004385451167106,-20.000000000000007
-0.532330411233653,1.2004385451167106,-20.000000000000007
-0.5323304112336531,1.2004385451167106,-20.000000000000007
-0.532330411233653,1.2004385451167103,-20.000000000000007
-0.4726926934025635,1.3354211921310737,-20.000000000000007
-0.529060228322083,1.2123914008227317,-20.000000000000007
-0.5121339102829133,1.3354072225897575,-20.000000000000007
-0.502770379490999,1.3970470714339667,-20.000000000000007
-0.527795488214079,1.2124005322736182,-20.000000000000007
-0.45239674679211994,1.3980380679605984,-20.000000000000007
-0.5279110239171594,1.2121225487555725,-20.000000000000007
-0.4864626389817346,1.356778216072476,-20.000000000000007
-0.5288379149653171,1.2128810360150037,-20.000000000000007
-0.5276705581175187,1.212698247538012,-20.000000000000007
-0.45830403759183047,1.3927388068873505,-20.000000000000007
-0.53049849150782,1.2039376218488713,-20.000000000000007
-0.4726497935954028,1.335522480870498,-20.000000000000007
-0.532330411233653,1.2004385451167103,-20.000000000000007
-0.532330411233653,1.2004385451167106,-20.000000000000007
-0.4826729951102522,1.3637385038473444,-20.000000000000007
-0.53049849150782,1.2039376218488715,-20.000000000000007
-0.47342350092160645,1.335551916622813,-20.000000000000007
-0.532330411233653,1.2004385451167106,-20.000000000000007
-0.5323304112336531,1.2004385451167103,-20.000000000000007
-0.5157218074748557,1.2831256824593757,-20.000000000000007
-0.5323304112336531,1.2004385451167106,-20.000000000000007
-0.5175911302218912,1.2632342435428727,-20.000000000000007
-0.5277317573661571,1.2100618727216976,-20.000000000000007
-0.5304984915078199,1.2039376218488713,-20.000000000000007
-0.5121339102829132,1.3354072225897575,-20.000000000000007
-0.5323304112336531,1.2004385451167103,-20.000000000000007
-0.5323304112336531,1.2004385451167103,-20.000000000000007
-0.532330411233653,1.2004385451167106,-20.000000000000007
-0.532330411233653,1.2004385451167106,-20.000000000000007
-0.532330411233653,1.2004385451167103,-20.000000000000007
-0.532330411233653,1.2004385451167106,-20.000000000000007
-0.5323304112336531,1.2004385451167106,-20.000000000000007
-0.5323304112336531,1.2004385451167106,-20.000000000000007
-0.532330411233653,1.2004385451167103,-20.000000000000007
-0.532330411233653,1.2004385451167106,-20.000000000000007
-0.532330411233653,1.2004385451167106,-20.000000000000007
-0.5323304112336531,1.2004385451167106,-20.000000000000007
-0.5323304112336531,1.2004385451167106,-20.000000000000007
-0.532330411233653,1.2004385451167106,-20.000000000000007
-0.532330411233653,1.2004385451167103,-20.000000000000007
-0.5323304112336531,1.2004385451167103,-20.000000000000007
-0.5323304112336531,1.2004385451167106,-20.000000000000007
-0.532330411233653,1.2004385451167106,-20.000000000000007
-0.47847966643058115,1.3509523370295424,-20.000000000000007
-0.4820402201927238,1.366121717548745,-20.000000000000007
-0.45575212195773535,1.3791556669418428,-20.000000000000007
-0.3874785778315396,1.4996801891830815,-20.000000000000007
-0.40351965962562863,1.4970491241462653,-20.000000000000007
-0.4120042800513369,1.4970736597367589,-20.000000000000007
-0.4740558903414721,1.3390302315445795,-20.000000000000007
-0.48516263610539817,1.3548921835182495,-20.000000000000007
-0.5279110239171593,1.2121225487555727,-20.000000000000007
-0.5157218074748557,1.2831256824593755,-20.000000000000007
-0.48209278759501206,1.3661407924620455,-20.000000000000007
-0.5304154053239456,1.2048783517851247,-20.000000000000007
-0.5043148457231502,1.4115430487866387,-20.000000000000007
-0.532330411233653,1.2004385451167106,-20.000000000000007
-0.532330411233653,1.2004385451167106,-20.000000000000007
-0.4948759485785061,1.3870061654962331,-20.000000000000007
-0.5323304112336531,1.2004385451167106,-20.000000000000007
-0.47715019624807725,1.343440510423787,-20.000000000000007
-0.532330411233653,1.2004385451167106,-20.000000000000007
-0.532330411233653,1.2004385451167103,-20.000000000000007
-0.4895511285006442,1.3890769851192506,-20.000000000000007
-0.5304984915078199,1.2039376218488713,-20.000000000000007
-0.48238912950024515,1.36571714076466,-20.000000000000007
-0.5051064680329468,1.419569294193178,-20.000000000000007
-0.519127459671953,1.259813324859983,-20.000000000000007
-0.49316313840242637,1.3841932390400669,-20.000000000000007
-0.5301155025692635,1.2056640669816727,-20.000000000000007
-0.532330411233653,1.2004385451167106,-20.000000000000007
-0.532330411233653,1.2004385451167106,-20.000000000000007
-0.532330411233653,1.2004385451167103,-20.000000000000007
-0.5323304112336531,1.2004385451167106,-20.000000000000007
-0.5323304112336531,1.2004385451167103,-20.000000000000007
-0.5323304112336531,1.2004385451167106,-20.000000000000007
-0.5323304112336531,1.2004385451167106,-20.000000000000007
-0.5323304112336531,1.2004385451167106,-20.000000000000007
-0.532330411233653,1.2004385451167106,-20.000000000000007
-0.5323304112336531,1.2004385451167106,-20.000000000000007
-0.5323304112336531,1.2004385451167103,-20.000000000000007
-0.5323304112336531,1.2004385451167106,-20.000000000000007
-0.5323304112336531,1.2004385451167103,-20.000000000000007
-0.532330411233653,1.2004385451167103,-20.000000000000007
-0.5323304112336531,1.2004385451167106,-20.000000000000007
-0.5323304112336531,1.2004385451167106,-20.000000000000007
-0.5323304112336531,1.2004385451167106,-20.000000000000007
-0.4843779717294775,1.355222041596783,-20.000000000000007
-0.47934092123778427,1.3554421084929469,-20.000000000000007
-0.45856836421511027,1.392145307260439,-20.000000000000007
-0.4029639474585015,1.4961102756153049,-20.000000000000007
-0.4160893256088709,1.5118513419479505,-20.000000000000007
-0.4119258838507432,1.4973456357072448,-20.000000000000007
-0.4728380459071638,1.3344192763904494,-20.000000000000007
-0.47405589034147205,1.3390302315445795,-20.000000000000007
-0.5088927457533952,1.3664230241247488,-20.000000000000007
-0.5043148457231502,1.4115430487866385,-20.000000000000007
-0.4497566469430233,1.4145250454070877,-20.000000000000007
-0.5109469047518173,1.3448934500078806,-20.000000000000007
-0.4768101302517399,1.3413995308197786,-20.000000000000007
-0.5304984915078199,1.2039376218488715,-20.000000000000007
-0.5301155025692635,1.205664066981673,-20.000000000000007
-0.46461293195425657,1.3456615005424504,-20.000000000000007
-0.5279110239171593,1.2121225487555725,-20.000000000000007
-0.4554363485528172,1.3784689786246014,-20.000000000000007
-0.5301155025692634,1.205664066981673,-20.000000000000007
-0.5304984915078199,1.2039376218488713,-20.000000000000007
-0.48110085947792414,1.358701939339042,-20.000000000000007
-0.53049849150782,1.2039376218488713,-20.000000000000007
-0.4891372588078141,1.3866140712155492,-20.000000000000007
-0.5015828740866695,1.3920531660248474,-20.000000000000007
-0.5109469047518174,1.3448934500078802,-20.000000000000007
-0.501771455488141,1.3930658690777569,-20.000000000000007
-0.5288278109234088,1.2133776724322043,-20.000000000000007
-0.5323304112336531,1.2004385451167106,-20.000000000000007
-0.5323304112336531,1.2004385451167106,-20.000000000000007
-0.532330411233653,1.2004385451167106,-20.000000000000007
-0.5323304112336531,1.2004385451167106,-20.000000000000007
-0.5323304112336531,1.2004385451167103,-20.000000000000007
-0.532330411233653,1.2004385451167106,-20.000000000000007
-0.532330411233653,1.2004385451167106,-20.000000000000007
-0.532330411233653,1.2004385451167106,-20.000000000000007
-0.5323304112336531,1.2004385451167106,-20.000000000000007
-0.5323304112336531,1.2004385451167103,-20.000000000000007
-0.5323304112336531,1.2004385451167106,-20.000000000000007
-0.5323304112336531,1.2004385451167106,-20.000000000000007
-0.5323304112336531,1.2004385451167106,-20.000000000000007
-0.532330411233653,1.2004385451167106,-20.000000000000007
-0.5323304112336531,1.2004385451167103,-20.000000000000007
-0.5323304112336531,1.2004385451167103,-20.000000000000007
-0.5299466660305466,1.204836350856735,-20.000000000000007
-0.5027703794909989,1.397047071433967,-20.000000000000007
-0.48222879314599976,1.3700743183707424,-20.000000000000007
-0.4618362914584617,1.363183606472567,-20.000000000000007
-0.38138498063194676,1.4992378804840945,-20.000000000000007
-0.4028216949867746,1.4958521776843416,-20.000000000000007
-0.4038148497818601,1.4934947072900853,-20.000000000000007
-0.4554363485528173,1.3784689786246014,-20.000000000000007
-0.45752199436606633,1.389604527471087,-20.000000000000007
-0.48984798873516894,1.3826079372961746,-20.000000000000007
-0.4827263799079555,1.3641288523701305,-20.000000000000007
-0.4388376151458416,1.4322722379896395,-20.000000000000007
-0.5015828740866695,1.3920531660248474,-20.000000000000007
-0.45670779314883,1.3827771500641297,-20.000000000000007
-0.5207855488057338,1.2516961948959888,-20.000000000000007
-0.508892745753395,1.3664230241247488,-20.000000000000007
-0.4520301671087604,1.4008784631480737,-20.000000000000007
-0.5207855488057338,1.2516961948959886,-20.000000000000007
-0.4489295667765625,1.4193674195658235,-20.000000000000007
-0.5193164182528639,1.2614282908431242,-20.000000000000007
-0.5109469047518173,1.3448934500078804,-20.000000000000007
-0.44567532262068205,1.4381805012874755,-20.000000000000007
-0.5018280465710235,1.393139246024557,-20.000000000000007
-0.4564512934538203,1.3818075670975076,-20.000000000000007
-0.4762222902467001,1.3402842087733045,-20.000000000000007
-0.5047333020063443,1.4173508754889437,-20.000000000000007
-0.5051179460114001,1.4176527345538452,-20.000000000000007
-0.53049849150782,1.2039376218488713,-20.000000000000007
-0.5323304112336531,1.2004385451167103,-20.000000000000007
-0.5323304112336531,1.2004385451167103,-20.000000000000007
-0.5323304112336531,1.2004385451167103,-20.000000000000007
-0.532330411233653,1.2004385451167106,-20.000000000000007
-0.5323304112336531,1.2004385451167103,-20.000000000000007
-0.532330411233653,1.2004385451167106,-20.000000000000007
-0.5323304112336531,1.2004385451167106,-20.000000000000007
-0.5323304112336531,1.2004385451167106,-20.000000000000007
-0.5323304112336531,1.2004385451167106,-20.000000000000007
-0.5323304112336531,1.2004385451167106,-20.000000000000007
-0.532330411233653,1.2004385451167106,-20.000000000000007
-0.532330411233653,1.2004385451167106,-20.000000000000007
-0.532330411233653,1.2004385451167106,-20.000000000000007
-0.5323304112336531,1.2004385451167106,-20.000000000000007
-0.532330411233653,1.2004385451167106,-20.000000000000007
-0.5323304112336531,1.2004385451167106,-20.000000000000007
-0.4837937874536217,1.362840765573809,-20.000000000000007
-0.40373157240882124,1.495308272296913,-20.000000000000007
-0.3876244033051198,1.499670917001367,-20.000000000000007
-0.41608932560887085,1.5118513419479502,-20.000000000000007
-0.4790354804959442,1.3550033801360568,-20.000000000000007
-0.48471988957028506,1.3545348377124202,-20.000000000000007
-0.5207855488057339,1.2516961948959888,-20.000000000000007
-0.5288278109234088,1.2133776724322043,-20.000000000000007
-0.5304984915078199,1.2039376218488715,-20.000000000000007
-0.5323304112336531,1.2004385451167103,-20.000000000000007
-0.5323304112336531,1.2004385451167106,-20.000000000000007
-0.5323304112336531,1.2004385451167106,-20.000000000000007
-0.532330411233653,1.2004385451167106,-20.000000000000007
-0.5323304112336531,1.2004385451167106,-20.000000000000007
-0.5323304112336531,1.2004385451167106,-20.000000000000007
-0.5323304112336531,1.2004385451167106,-20.000000000000007
-0.532330411233653,1.2004385451167103,-20.000000000000007
-0.5323304112336531,1.2004385451167106,-20.000000000000007
-0.532330411233653,1.2004385451167103,-20.000000000000007
-0.532330411233653,1.2004385451167106,-20.000000000000007
-0.5323304112336531,1.2004385451167106,-20.000000000000007
-0.532330411233653,1.2004385451167103,-20.000000000000007
-0.532330411233653,1.2004385451167103,-20.000000000000007
-0.5297503346443708,1.2122641228985378,-20.000000000000007
-0.5281147463047137,1.2083354275888958,-20.000000000000007
-0.5109469047518174,1.3448934500078804,-20.000000000000007
-0.5088927457533952,1.3664230241247486,-20.000000000000007
-0.5304984915078199,1.2039376218488715,-20.000000000000007
-0.532330411233653,1.2004385451167106,-20.000000000000007
-0.532330411233653,1.2004385451167106,-20.000000000000007
-0.5323304112336531,1.2004385451167106,-20.000000000000007
-0.5323304112336531,1.2004385451167103,-20.000000000000007
-0.5323304112336531,1.2004385451167103,-20.000000000000007
-0.532330411233653,1.2004385451167103,-20.000000000000007
-0.5323304112336531,1.2004385451167103,-20.000000000000007
-0.532330411233653,1.2004385451167106,-20.000000000000007
-0.5323304112336531,1.2004385451167106,-20.000000000000007
-0.5323304112336531,1.2004385451167106,-20.000000000000007
-0.5323304112336531,1.2004385451167103,-20.000000000000007
-0.5323304112336531,1.2004385451167106,-20.000000000000007
-0.5323304112336531,1.2004385451167103,-20.000000000000007
-0.532330411233653,1.2004385451167106,-20.000000000000007
-0.532330411233653,1.2004385451167106,-20.000000000000007
-0.5323304112336531,1.2004385451167106,-20.000000000000007
-0.532330411233653,1.2004385451167106,-20.000000000000007
-0.4823282528427054,1.3667711129991624,-20.000000000000007
-0.5279110239171593,1.2121225487555725,-20.000000000000007
-0.47800149154250243,1.350344637501537,-20.000000000000007
-0.529060228322083,1.2123914008227317,-20.000000000000007
-0.5304154053239456,1.2048783517851247,-20.000000000000007
-0.4618362914584618,1.3631836064725673,-20.000000000000007
-0.5304984915078199,1.2039376218488715,-20.000000000000007
-0.4653038073222862,1.3466059943594852,-20.000000000000007
-0.5323304112336531,1.2004385451167106,-20.000000000000007
-0.532330411233653,1.2004385451167103,-20.000000000000007
-0.5088927457533952,1.3664230241247486,-20.000000000000007
-0.532330411233653,1.2004385451167106,-20.000000000000007
-0.4850829789791216,1.3544356976598426,-20.000000000000007
-0.5304984915078199,1.2039376218488715,-20.000000000000007
-0.5249260652154171,1.2144990146010457,-20.000000000000007
-0.44304327741121946,1.445607841237477,-20.000000000000007
-0.4129638871267779,1.4983408592421557,-20.000000000000007
-0.24960873447739032,1.736400872034294,-20.000000000000007
-0.17282343672578382,1.5938334632912752,-20.000000000000007
-0.17291871573542972,1.593467124800574,-20.000000000000007
-0.1377468926182409,1.4138227263361496,-20.000000000000007
-0.16226514651890211,1.4799780943445653,-20.000000000000007
-0.16015086704143036,1.4658572207674505,-20.000000000000007
-0.14975414285615304,1.435613454864934,-20.000000000000007
-0.17426758362483646,1.5596310191219986,-20.000000000000007
-0.13766089245675403,1.41098484075926,-20.000000000000007
-0.16270023080057264,1.4821412217524916,-20.000000000000007
-0.14969871320520375,1.4376750065870232,-20.000000000000007
-0.14969871320520373,1.437675006587023,-20.000000000000007
-0.16270023080057264,1.4821412217524919,-20.000000000000007
-0.1494730626812134,1.4401096667703466,-20.000000000000007
-0.16491224342351887,1.4962079272044326,-20.000000000000007
-0.14947303603690426,1.4401127615108211,-20.000000000000007
-0.1617536389502492,1.4767475548411566,-20.000000000000007
-0.15280423597603296,1.4087123965335242,-20.000000000000007
-0.14969871320520373,1.4376750065870232,-20.000000000000007
-0.1754824483155792,1.5669961652094957,-20.000000000000007
-0.13766089245675403,1.4109848407592602,-20.000000000000007
-0.1627002308005726,1.4821412217524914,-20.000000000000007
-0.15280423597603293,1.4087123965335244,-20.000000000000007
-0.1509864912825978,1.3992341320455806,-20.000000000000007
-0.17694296547815702,1.5727431410120194,-20.000000000000007
-0.14969871320520373,1.4376750065870232,-20.000000000000007
-0.16491224342351887,1.4962079272044329,-20.000000000000007
-0.1377468926182409,1.4138227263361494,-20.000000000000007
-0.14975414285615307,1.435613454864934,-20.000000000000007
-0.1509864912825978,1.3992341320455806,-20.000000000000007
-0.14896232389835787,1.441250436214657,-20.000000000000007
-0.17259283802865874,1.5472393109831906,-20.000000000000007
-0.1377468926182409,1.4138227263361496,-20.000000000000007
-0.17259283802865877,1.5472393109831908,-20.000000000000007
-0.16175363895024922,1.4767475548411566,-20.000000000000007
-0.1617536389502492,1.4767475548411566,-20.000000000000007
-0.17825534106184446,1.5837285229747724,-20.000000000000007
-0.13766089245675403,1.4109848407592605,-20.000000000000007
-0.17825534106184443,1.5837285229747722,-20.000000000000007
-0.1804043718668858,1.561176753585045,-20.000000000000007
-0.18837473412143407,1.5733779606841163,-20.000000000000007
-0.21898340119425475,1.9294106496791947,-20.000000000000007
-0.22097598155507103,1.9364734773868675,-20.000000000000007
-0.23118157720791066,1.9065723377878263,-20.000000000000007
-0.24336808301417076,1.8315248182011772,-20.000000000000007
-0.2490002707373114,1.7539073352378916,-20.000000000000007
-0.2547642681176279,1.7679516941568372,-20.000000000000007
-0.25591850706223956,1.765021522537585,-20.000000000000007
-0.26701880912745557,1.7652474878714397,-20.000000000000007
-0.28011681502668095,1.5081261530810859,-20.000000000000007
-0.2819252686870596,1.531872124267723,-20.000000000000007
-0.2876455743718525,1.5727026620492435,-20.000000000000007
-0.2962308331150285,1.593038842488727,-20.000000000000007
-0.30388381341197457,1.5132292476536489,-20.000000000000007
-0.30892496702167027,1.506919794208274,-20.000000000000007
-0.3094661644252116,1.5055564388929945,-20.000000000000007
-0.3134569033908726,1.5044050371811046,-20.000000000000007
-0.31295695354635933,1.5036455782190041,-20.000000000000007
-0.31347240685328526,1.5044583329624277,-20.000000000000007
-0.309274246977526,1.5058506198337374,-20.000000000000007
-0.3008345553149947,1.5489744544843094,-20.000000000000007
-0.29902509188403986,1.5678429960582048,-20.000000000000007
-0.2862183638629078,1.566104825853512,-20.000000000000007
-0.2914781792999133,1.5883460510202578,-20.000000000000007
-0.30102068032236995,1.5476996980544975,-20.000000000000007
-0.2961166170200971,1.5918471476143718,-20.000000000000007
-0.29449385752536594,1.598405254774922,-20.000000000000007
-0.29024427699035776,1.5830981888051923,-20.000000000000007
-0.28558708034433605,1.5632803966587598,-20.000000000000007
-0.2833357978439236,1.545901972623442,-20.000000000000007
-0.2802424863224308,1.5048217717977548,-20.000000000000007
-0.28576098076397394,1.5635482586604632,-20.000000000000007
-0.2833953538210434,1.5255283469479206,-20.000000000000007
-0.2796224400737247,1.5200149133193537,-20.000000000000007
-0.2667597218801134,1.764449938350996,-20.000000000000007
-0.2548161029963737,1.771316781629329,-20.000000000000007
-0.24955922168267766,1.7407840412999755,-20.000000000000007
-0.253178855171161,1.7537149539383066,-20.000000000000007
-0.2614172443586512,1.766329216954192,-20.000000000000007
-0.2637828516107874,1.7617067708670802,-20.000000000000007
-0.2787354979105059,1.5425889208094414,-20.000000000000007
-0.27996990301767044,1.5149540115078872,-20.000000000000007
-0.2807866153310694,1.5114112648091447,-20.000000000000007
-0.2814097302568461,1.5238673842574229,-20.000000000000007
-0.2844883477018021,1.557908182971589,-20.000000000000007
-0.30097702261458714,1.5478779185318792,-20.000000000000007
-0.30850197664065027,1.5086757518799834,-20.000000000000007
-0.313613742476464,1.5057364535546607,-20.000000000000007
-0.321283622935787,1.4975906033984279,-20.000000000000007
-0.3208467414710963,1.4989054111263158,-20.000000000000007
-0.321928539849787,1.4959613270164125,-20.000000000000007
-0.3150119161980691,1.493886309280419,-20.000000000000007
-0.30926687090670857,1.5058506663872815,-20.000000000000007
-0.31146648021384127,1.5007208993652792,-20.000000000000007
-0.303617482535527,1.5170975172659213,-20.000000000000007
-0.3087234174612784,1.5074575561331989,-20.000000000000007
-0.3106076214448757,1.5015724692764127,-20.000000000000007
-0.30490505202372303,1.5056618751786137,-20.000000000000007
-0.30328578238110493,1.5204381626563315,-20.000000000000007
-0.3015762558074406,1.5389990622252379,-20.000000000000007
-0.301039206013024,1.546889179584579,-20.000000000000007
-0.2962308331150284,1.593038842488727,-20.000000000000007
-0.29150498529450247,1.5881390989798003,-20.000000000000007
-0.2883195884737289,1.5737907057255949,-20.000000000000007
-0.29449385752536594,1.5984052547749221,-20.000000000000007
-0.2834055891349138,1.5230973810826118,-20.000000000000007
-0.2666205268428584,1.764360043909163,-20.000000000000007
-0.25065855339975707,1.7267162509364216,-20.000000000000007
-0.22033260434705362,1.9356294150819306,-20.000000000000007
-0.21155502850780178,1.8379045872965154,-20.000000000000007
-0.22165365018388805,1.9349378942927908,-20.000000000000007
-0.22961690380174846,1.9198228306560632,-20.000000000000007
-0.22996407590031495,1.920170512788953,-20.000000000000007
-0.24228414046516566,1.8424421284482946,-20.000000000000007
-0.24804622458912884,1.7767633722573355,-20.000000000000007
-0.24969522456923443,1.7343075389569036,-20.000000000000007
-0.25363890815984125,1.7630812954293502,-20.000000000000007
-0.2498795606874431,1.722288807310735,-20.000000000000007
-0.2503836637376046,1.7099445186385251,-20.000000000000007
-0.25669037359161323,1.768523589783123,-20.000000000000007
-0.2762634825807476,1.6109786568807851,-20.000000000000007
-0.27977001744312285,1.5155648470458165,-20.000000000000007
-0.2802424863224308,1.5048217717977548,-20.000000000000007
-0.2828105754745732,1.5373170997394179,-20.000000000000007
-0.2814276432258695,1.5247664416818105,-20.000000000000007
-0.2825699148790385,1.5332087128336518,-20.000000000000007
-0.28024248632243076,1.5048217717977546,-20.000000000000007
-0.2666647076889057,1.7624571811618883,-20.000000000000007
-0.25708041157458583,1.7691667990844135,-20.000000000000007
-0.25636991182806745,1.7681337873071539,-20.000000000000007
-0.2623670361255142,1.7642578997065643,-20.000000000000007
-0.26670282276302293,1.7631502318302434,-20.000000000000007
-0.2645600880082273,1.762286425998437,-20.000000000000007
-0.26456008800822733,1.762286425998437,-20.000000000000007
-0.2614483702405687,1.7658361029923322,-20.000000000000007
-0.25506359321069094,1.7663549762515758,-20.000000000000007
-0.25476426811762787,1.767951694156837,-20.000000000000007
-0.25324207724275083,1.7543170276109916,-20.000000000000007
-0.2495054676988277,1.7506184474221236,-20.000000000000007
-0.23595500071689005,1.9215763779110162,-20.000000000000007
-0.22990250993500244,1.9220397278085488,-20.000000000000007
-0.22610668672834544,1.9302216087355992,-20.000000000000007
-0.225780962258845,1.9282331131689354,-20.000000000000007
-0.24336808301417076,1.8315248182011772,-20.000000000000007
-0.2474653773505253,1.7905875021077367,-20.000000000000007
-0.2490218935039704,1.7544765488976224,-20.000000000000007
-0.24959422671605894,1.738678479890831,-20.000000000000007
-0.2503836637376046,1.7099445186385254,-20.000000000000007
-0.25513161736661827,1.7647378378700487,-20.000000000000007
-0.2596277946217823,1.7759789734525393,-20.000000000000007
-0.2674772050350668,1.7595107317757792,-20.000000000000007
-0.27947897934756516,1.5246128245851762,-20.000000000000007
-0.28430168384576776,1.5549611531460619,-20.000000000000007
-0.2866332679073138,1.5687364498004042,-20.000000000000007
-0.2862183638629078,1.5661048258535115,-20.000000000000007
-0.28621836386290783,1.566104825853512,-20.000000000000007
-0.2801168150266809,1.5081261530810863,-20.000000000000007
-0.27965054770780057,1.5205278537775686,-20.000000000000007
-0.2801168150266809,1.508126153081086,-20.000000000000007
-0.2803692287519004,1.5049893190725436,-20.000000000000007
-0.2809152426829442,1.5101868425258598,-20.000000000000007
-0.2801168150266809,1.5081261530810859,-20.000000000000007
-0.2803532329383976,1.5049414149407447,-20.000000000000007
-0.27869802951326694,1.5421368922856473,-20.000000000000007
-0.2756248491645181,1.6166946981794446,-20.000000000000007
-0.26623348689704424,1.7637881934694122,-20.000000000000007
-0.25591850706223956,1.7650215225375852,-20.000000000000007
-0.25363890815984125,1.7630812954293502,-20.000000000000007
-0.2566903735916132,1.7685235897831229,-20.000000000000007
-0.26039365675861603,1.7686970624929794,-20.000000000000007
-0.2645600880082273,1.762286425998437,-20.000000000000007
-0.2616785155295358,1.7678028583424337,-20.000000000000007
-0.2502845554208488,1.7235141714337492,-20.000000000000007
-0.24816036179091078,1.7886810536172182,-20.000000000000007
-0.24339943407299336,1.8353799584432038,-20.000000000000007
-0.24336808301417073,1.8315248182011774,-20.000000000000007
-0.2442882634656246,1.82350964130103,-20.000000000000007
-0.24880324114026425,1.760677641745682,-20.000000000000007
-0.25079660412892135,1.7136896143291822,-20.000000000000007
-0.25107266068184125,1.7167328213685207,-20.000000000000007
-0.2560472751740498,1.7656635360741442,-20.000000000000007
-0.25889834225829583,1.7767238776536944,-20.000000000000007
-0.267186124568559,1.7622189747626145,-20.000000000000007
-0.2797305031853531,1.5142987704774487,-20.000000000000007
-0.28011681502668095,1.5081261530810859,-20.000000000000007
-0.2859741591518499,1.5657933033163325,-20.000000000000007
-0.29761414913926276,1.5825050174610304,-20.000000000000007
-0.30291891667758564,1.5272891782940907,-20.000000000000007
-0.3179522567621639,1.4998066853287964,-20.000000000000007
-0.32111634249783233,1.4974931778005023,-20.000000000000007
-0.3232071842110511,1.4986807021528832,-20.000000000000007
-0.3223571534155806,1.496868334956701,-20.000000000000007
-0.31760994134439857,1.4994126815501652,-20.000000000000007
-0.31223453198448586,1.5039924984988158,-20.000000000000007
-0.2988851952403888,1.5684705612408845,-20.000000000000007
-0.2946965590459642,1.5967144905255983,-20.000000000000007
-0.2911941062217188,1.5877170694326266,-20.000000000000007
-0.28608478625834244,1.5660072351777898,-20.000000000000007
-0.29024427699035776,1.583098188805192,-20.000000000000007
-0.29410026616634816,1.5976193200543345,-20.000000000000007
-0.29392143141561916,1.5971422552553443,-20.000000000000007
-0.2965965832830616,1.590843449729172,-20.000000000000007
-0.29770725129260683,1.5807711636260167,-20.000000000000007
-0.30088861967255287,1.5479376734836474,-20.000000000000007
-0.30263291006736837,1.5319900558991004,-20.000000000000007
-0.3074330011748713,1.509255958864809,-20.000000000000007
-0.3173012787369569,1.4993284359561527,-20.000000000000007
-0.31973788978298356,1.4996761101294567,-20.000000000000007
-0.32885048058027977,1.496038211398179,-20.000000000000007
-0.33567929905542776,1.499706485752043,-20.000000000000007
-0.33151212950068715,1.499538642232724,-20.000000000000007
-0.3327024189407723,1.4973034545221062,-20.000000000000007
-0.33401077629092074,1.4977705142242872,-20.000000000000007
-0.32973831002405074,1.4963836511975772,-20.000000000000007
-0.3351370464123321,1.500616228360451,-20.000000000000007
-0.3163721204692976,1.4970336333207495,-20.000000000000007
-0.28046428726364175,1.5061256320852194,-20.000000000000007
-0.25065855339975707,1.7267162509364216,-20.000000000000007
-0.21898048682672566,1.9298461703898886,-20.000000000000007
-0.24523014811134555,1.818324023113926,-20.000000000000007
-0.26575907918934477,1.7646848463965672,-20.000000000000007
-0.2788671260289561,1.5425385812450452,-20.000000000000007
-0.2941002661663482,1.5976193200543347,-20.000000000000007
-0.28980834291769153,1.581092351909641,-20.000000000000007
-0.28808649824126326,1.5734067062767982,-20.000000000000007
-0.30574524958972826,1.5076253147717793,-20.000000000000007
-0.30103920601302403,1.5468891795845787,-20.000000000000007
-0.30926687090670857,1.5058506663872815,-20.000000000000007
-0.32886962946903775,1.4967568766491155,-20.000000000000007
-0.3247522763691948,1.5000915998141187,-20.000000000000007
-0.33890888476780107,1.500014928360563,-20.000000000000007
-0.34642490789763725,1.494424099833098,-20.000000000000007
-0.3412444030586521,1.498037654077721,-20.000000000000007
-0.35829662266165935,1.5002011533051218,-20.000000000000007
-0.3650299395854604,1.502175299410743,-20.000000000000007
-0.35022302841236913,1.5040992753328455,-20.000000000000007
-0.3678098458937202,1.5001420715068965,-20.000000000000007
-0.3588697811974695,1.4984029167215047,-20.000000000000007
-0.34759221498463544,1.499158907043896,-20.000000000000007
-0.3650299395854603,1.5021752994107427,-20.000000000000007
-0.35730312449616325,1.5001394893905033,-20.000000000000007
-0.3429343935272438,1.4993336978443617,-20.000000000000007
-0.3581656238850399,1.5004755960783376,-20.000000000000007
-0.35398167830751065,1.5000575756206984,-20.000000000000007
-0.3519144373919654,1.4994519078605817,-20.000000000000007
-0.3722757714277575,1.4944246863007316,-20.000000000000007
-0.3677339524385726,1.5007817677672315,-20.000000000000007
-0.35974577615636844,1.4975541966542334,-20.000000000000007
-0.3663063529552078,1.501544979676273,-20.000000000000007
-0.3564163576167561,1.500163018996369,-20.000000000000007
-0.36361284926747484,1.5030490278277722,-20.000000000000007
-0.3844510689371303,1.4982344480076049,-20.000000000000007
-0.3734257985244649,1.491441683160557,-20.000000000000007
-0.37775252245764906,1.493658799970856,-20.000000000000007
-0.38203430233696384,1.5014203264087795,-20.000000000000007
-0.36768747244859246,1.5009303848727842,-20.000000000000007
-0.3803373207759316,1.499266683482781,-20.000000000000007
-0.39129970006965326,1.503282950289335,-20.000000000000007
-0.369044187639418,1.4998818355910513,-20.000000000000007
-0.3648764018841114,1.4990385224236031,-20.000000000000007
-0.35803072425159266,1.5010767149686053,-20.000000000000007
-0.3366231776169201,1.5013679567486764,-20.000000000000007
-0.3471021156123995,1.4976535655504772,-20.000000000000007
-0.35905875924172337,1.4973849255605736,-20.000000000000007
-0.3434450900784051,1.5004161193776366,-20.000000000000007
-0.3508898478359349,1.5001896161864756,-20.000000000000007
-0.35593569543368103,1.500796517749281,-20.000000000000007
-0.3478357838584999,1.4995765915401265,-20.000000000000007
-0.366323043762769,1.5016772222416228,-20.000000000000007
-0.3778599359680239,1.49621992178606,-20.000000000000007
-0.36053162415698214,1.4993946663988615,-20.000000000000007
-0.36904418763941804,1.499881835591051,-20.000000000000007
-0.3634605160513635,1.5037196859405055,-20.000000000000007
-0.35396351652937963,1.4999665897691534,-20.000000000000007
-0.37879844201786883,1.4987309348648568,-20.000000000000007
-0.38146352259640726,1.4991285454729462,-20.000000000000007
-0.3705164617333685,1.496018274307894,-20.000000000000007
-0.3863193957177245,1.5009528370584124,-20.000000000000007
-0.37383874492699776,1.491517159297619,-20.000000000000007
-0.37122754349557596,1.496406423309504,-20.000000000000007
-0.3927329177330481,1.5025827713436715,-20.000000000000007
-0.37904608228513664,1.4988897308760343,-20.000000000000007
-0.3681909809732369,1.4998266493077659,-20.000000000000007
-0.37379589125998225,1.4914774365498418,-20.000000000000007
-0.3631219926305521,1.5016977314856643,-20.000000000000007
-0.364043882769339,1.501151245319588,-20.000000000000007
-0.38203430233696384,1.5014203264087798,-20.000000000000007
-0.37065988775694003,1.4942784458338605,-20.000000000000007
-0.36755688397808706,1.5021341423322243,-20.000000000000007
-0.37759351126786583,1.4931505730589634,-20.000000000000007
-0.37239329986521574,1.4945119835598129,-20.000000000000007
-0.38459589986313303,1.5003306358339246,-20.000000000000007
-0.40177605278731426,1.4945824905073848,-20.000000000000007
-0.3848913330349597,1.5007219298752408,-20.000000000000007
-0.3874323207114572,1.4992984024991414,-20.000000000000007
-0.3875259298377685,1.4997140552809936,-20.000000000000007
-0.3770342549852157,1.4928029165439,-20.000000000000007
-0.39262907348782483,1.5024724565677077,-20.000000000000007
-0.40439236271262835,1.4941969581360022,-20.000000000000007
-0.3888447141576334,1.4975895382854487,-20.000000000000007
-0.3976864960233152,1.4973081531481072,-20.000000000000007
-0.39043347076993684,1.5017444971960299,-20.000000000000007
-0.3699102698755452,1.5007572535806664,-20.000000000000007
-0.3772420799465137,1.4972823202120136,-20.000000000000007
-0.37305416155627547,1.4931513449381257,-20.000000000000007
-0.3500953775419306,1.5014422678431698,-20.000000000000007
-0.3512255009498064,1.4993789817340204,-20.000000000000007
-0.3571520463244908,1.5002333646118318,-20.000000000000007
-0.34715555119675545,1.4976709174475542,-20.000000000000007
-0.369044187639418,1.4998818355910513,-20.000000000000007
-0.3803373207759316,1.499266683482781,-20.000000000000007
-0.3622956799501663,1.5003332398893443,-20.000000000000007
-0.3770342549852157,1.4928029165439003,-20.000000000000007
-0.3775355538518142,1.4932946148073056,-20.000000000000007
-0.3705164617333685,1.4960182743078942,-20.000000000000007
-0.39346248837127273,1.500605960448984,-20.000000000000007
-0.39383011914013405,1.5005027472288621,-20.000000000000007
-0.3844510689371303,1.4982344480076046,-20.000000000000007
-0.393830119140134,1.5005027472288623,-20.000000000000007
-0.3845548105042842,1.500393922701402,-20.000000000000007
-0.38188300064553227,1.5001020895040384,-20.000000000000007
-0.4034948620270723,1.497226312285433,-20.000000000000007
-0.39188775303420764,1.5044193675123863,-20.000000000000007
-0.38264577818369594,1.5024532460070121,-20.000000000000007
-0.3912997000696533,1.5032829502893348,-20.000000000000007
-0.36748765549938733,1.5016400505745429,-20.000000000000007
-0.35928962022282795,1.4970385283991383,-20.000000000000007
-0.37342579852446484,1.491441683160557,-20.000000000000007
-0.357759580015716,1.4989078707052197,-20.000000000000007
-0.3607121963116245,1.5000850600036304,-20.000000000000007
-0.3717758777885207,1.496171821808318,-20.000000000000007
-0.3650299395854604,1.502175299410743,-20.000000000000007
-0.3725595538880243,1.4942038132791202,-20.000000000000007
-0.3913156373956483,1.5027686708816335,-20.000000000000007
-0.38164778849711345,1.4989001797387043,-20.000000000000007
-0.382477170461107,1.5041332660194566,-20.000000000000007
-0.3846379083206741,1.5002138145313244,-20.000000000000007
-0.3777175234679769,1.4934490184648594,-20.000000000000007
-0.39265508496211315,1.5023949703342345,-20.000000000000007
-0.4049011919433394,1.498673303717868,-20.000000000000007
-0.38905313367694166,1.4992779213477556,-20.000000000000007
-0.3934405994214669,1.5006536192382556,-20.000000000000007
-0.3912997000696533,1.503282950289335,-20.000000000000007
-0.38164778849711356,1.4989001797387043,-20.000000000000007
-0.40282169498677467,1.4958521776843416,-20.000000000000007
-0.40349486202707235,1.497226312285433,-20.000000000000007
-0.3828940628533279,1.498990965838089,-20.000000000000007
-0.38450187573546063,1.499064501976605,-20.000000000000007
-0.3818681328610971,1.4995946119971837,-20.000000000000007
-0.37209226069825657,1.4948105630078097,-20.000000000000007
-0.39656622889776605,1.4978984796426567,-20.000000000000007
-0.40079394732223594,1.493837326925735,-20.000000000000007
-0.3816021599877682,1.4981758151567743,-20.000000000000007
-0.3879326690585744,1.4985197316029266,-20.000000000000007
-0.3816477884971135,1.4989001797387043,-20.000000000000007
-0.37470925054084914,1.489949036346534,-20.000000000000007
-0.3976864960233153,1.4973081531481074,-20.000000000000007
-0.38752592983776846,1.4997140552809936,-20.000000000000007
-0.3770111024452963,1.4927630265779332,-20.000000000000007
-0.3819345760022086,1.5000863680511953,-20.000000000000007
-0.37037980934303727,1.4979868620808998,-20.000000000000007
-0.37872907053721255,1.4990098917265389,-20.000000000000007
-0.39949775490703476,1.4937815030729376,-20.000000000000007
-0.38531567485108065,1.5015842813017626,-20.000000000000007
-0.39131563739564823,1.5027686708816337,-20.000000000000007
-0.396566228897766,1.4978984796426564,-20.000000000000007
-0.382477170461107,1.5041332660194568,-20.000000000000007
-0.3965206936435026,1.4987769353847877,-20.000000000000007
-0.4068816327020164,1.4996860993427674,-20.000000000000007
-0.38750803922397026,1.499575178835634,-20.000000000000007
-0.3845968189618254,1.5002771013988019,-20.000000000000007
-0.3828940628533279,1.4989909658380889,-20.000000000000007
-0.3672442950230119,1.5028926809610832,-20.000000000000007
-0.3844517579199725,1.4987690421511497,-20.000000000000007
-0.39990585506716175,1.4935404204622795,-20.000000000000007
-0.3786200330886898,1.4991141532040466,-20.000000000000007
-0.3847959426391044,1.5008205899447278,-20.000000000000007
-0.38445106893713027,1.4982344480076049,-20.000000000000007
-0.37751874951350173,1.4928708542174356,-20.000000000000007
-0.4035848310858544,1.4952416525702594,-20.000000000000007
-0.40947274023023383,1.5008573530643274,-20.000000000000007
-0.39873916998088377,1.4947854487086065,-20.000000000000007
-0.40917096847474604,1.50104749700126,-20.000000000000007
-0.40276009951776365,1.495693063022182,-20.000000000000007
-0.39912901859430316,1.4937210302869255,-20.000000000000007
-0.41909635138737333,1.4961652433109727,-20.000000000000007
-0.417792297926189,1.5177118522792308,-20.000000000000007
-0.41127224364476833,1.496798665544841,-20.000000000000007
-0.42057566533020396,1.4696948733521324,-20.000000000000007
-0.417792297926189,1.5177118522792306,-20.000000000000007
-0.39270021489794726,1.5038823921818245,-20.000000000000007
-0.3710298520473916,1.4939303834468078,-20.000000000000007
-0.33030759336621357,1.4963992947980902,-20.000000000000007
-0.308911231409168,1.5077660068053516,-20.000000000000007
-0.37056586678109454,1.498972262015395,-20.000000000000007
-0.4125414174307964,1.4983459771889474,-20.000000000000007
-0.4168105612573406,1.5198720199252047,-20.000000000000007
-0.4860323514555396,1.3622816631297794,-20.000000000000007
-0.46383274928110274,1.3500326442117108,-20.000000000000007
-0.517941127916947,1.3017542815831153,-20.000000000000007
-0.5278362928687368,1.275177778908341,-20.000000000000007
-0.48512999474716667,1.3614470041056181,-20.000000000000007
-0.5278362928687369,1.2751777789083412,-20.000000000000007
-0.5041978584900977,1.4064813590096203,-20.000000000000007
-0.5278362928687369,1.2751777789083412,-20.000000000000007
-0.5278362928687369,1.2751777789083412,-20.000000000000007
-0.5026575479903362,1.4045830836759883,-20.000000000000007
-0.5289860104040625,1.2778264168377929,-20.000000000000007
-0.5187489880485568,1.3130182812890627,-20.000000000000007
-0.5295595045931815,1.28238099190454,-20.000000000000007
-0.5299466660305466,1.2048363508567348,-20.000000000000007
-0.5299466660305466,1.204836350856735,-20.000000000000007
-0.5323304112336529,1.2004385451167106,-20.000000000000007
-0.5323304112336531,1.2004385451167103,-20.000000000000007
-0.5299466660305467,1.204836350856735,-20.000000000000007
-0.532330411233653,1.2004385451167106,-20.000000000000007
-0.532330411233653,1.2004385451167106,-20.000000000000007
-0.5323304112336531,1.2004385451167106,-20.000000000000007
-0.5323304112336531,1.2004385451167106,-20.000000000000007
-0.5323304112336531,1.2004385451167106,-20.000000000000007
-0.532330411233653,1.2004385451167103,-20.000000000000007
-0.5323304112336531,1.2004385451167106,-20.000000000000007
-0.5323304112336531,1.2004385451167106,-20.000000000000007
-0.5323304112336531,1.2004385451167106,-20.000000000000007
-0.5323304112336531,1.2004385451167103,-20.000000000000007
-0.5323304112336531,1.2004385451167103,-20.000000000000007
-0.532330411233653,1.2004385451167106,-20.000000000000007
-0.532330411233653,1.2004385451167106,-20.000000000000007
-0.532330411233653,1.2004385451167106,-20.000000000000007
-0.532330411233653,1.2004385451167103,-20.000000000000007
-0.5323304112336531,1.2004385451167106,-20.000000000000007
-0.5323304112336531,1.2004385451167103,-20.000000000000007
-0.532330411233653,1.2004385451167106,-20.000000000000007
-0.5323304112336531,1.2004385451167106,-20.000000000000007
-0.5299466660305467,1.2048363508567348,-20.000000000000007
-0.5278362928687368,1.275177778908341,-20.000000000000007
-0.5240567367926329,1.2851786482631997,-20.000000000000007
-0.4151549822124375,1.5130978580348395,-20.000000000000007
-0.4413974854709184,1.4330219041551444,-20.000000000000007
-0.4754052128737731,1.34441923527571,-20.000000000000007
-0.44514806514600375,1.4340834426782805,-20.000000000000007
-0.5238755458726508,1.2873109268582235,-20.000000000000007
-0.5010985655486582,1.3887474274983604,-20.000000000000007
-0.5275854667219313,1.2754979570603269,-20.000000000000007
-0.5278362928687368,1.2751777789083412,-20.000000000000007
-0.504287683864569,1.4049202265814988,-20.000000000000007
-0.5278362928687368,1.275177778908341,-20.000000000000007
-0.5077416559711635,1.3604170101568271,-20.000000000000007
-0.5278362928687368,1.2751777789083412,-20.000000000000007
-0.5278362928687368,1.2751777789083412,-20.000000000000007
-0.5077416559711635,1.3604170101568271,-20.000000000000007
-0.5289860104040625,1.2778264168377926,-20.000000000000007
-0.5277587626081895,1.2945783789291574,-20.000000000000007
-0.5297751702598071,1.283178844198598,-20.000000000000007
-0.5299466660305466,1.2048363508567348,-20.000000000000007
-0.5299466660305466,1.204836350856735,-20.000000000000007
-0.532330411233653,1.2004385451167103,-20.000000000000007
-0.5323304112336531,1.2004385451167106,-20.000000000000007
-0.5299466660305467,1.204836350856735,-20.000000000000007
-0.532330411233653,1.2004385451167106,-20.000000000000007
-0.5323304112336531,1.2004385451167106,-20.000000000000007
-0.5323304112336531,1.2004385451167106,-20.000000000000007
-0.5304154053239456,1.204878351785125,-20.000000000000007
-0.5323304112336531,1.2004385451167106,-20.000000000000007
-0.5323304112336531,1.2004385451167106,-20.000000000000007
-0.5323304112336531,1.2004385451167106,-20.000000000000007
-0.5323304112336531,1.2004385451167103,-20.000000000000007
-0.5304984915078199,1.2039376218488713,-20.000000000000007
-0.5323304112336531,1.2004385451167106,-20.000000000000007
-0.5323304112336531,1.2004385451167106,-20.000000000000007
-0.5323304112336531,1.2004385451167106,-20.000000000000007
-0.5323304112336531,1.2004385451167106,-20.000000000000007
-0.532330411233653,1.2004385451167106,-20.000000000000007
-0.5323304112336531,1.2004385451167106,-20.000000000000007
-0.5323304112336531,1.2004385451167106,-20.000000000000007
-0.5323304112336531,1.2004385451167106,-20.000000000000007
-0.5323304112336531,1.2004385451167103,-20.000000000000007
-0.5323304112336531,1.2004385451167106,-20.000000000000007
-0.5295595045931816,1.2823809919045397,-20.000000000000007
-0.5273565704012009,1.2766708345373934,-20.000000000000007
-0.5278362928687368,1.275177778908341,-20.000000000000007
-0.4571629352664083,1.4025959023105186,-20.000000000000007
-0.46310378918747375,1.3538161751369742,-20.000000000000007
-0.4631037891874737,1.353816175136974,-20.000000000000007
-0.4173749441325174,1.5123936308036983,-20.000000000000007
-0.5031688495529894,1.408975373891254,-20.000000000000007
-0.47453085582503785,1.3440880547019607,-20.000000000000007
-0.525232704561251,1.2878370905295315,-20.000000000000007
-0.5278362928687368,1.2751777789083412,-20.000000000000007
-0.5031688495529894,1.408975373891254,-20.000000000000007
-0.5278362928687368,1.2751777789083412,-20.000000000000007
-0.5039462148179049,1.4086247296553573,-20.000000000000007
-0.5278362928687369,1.275177778908341,-20.000000000000007
-0.5278362928687368,1.275177778908341,-20.000000000000007
-0.5095513900855538,1.341313196469919,-20.000000000000007
-0.5289860104040625,1.2778264168377929,-20.000000000000007
-0.5114643290467347,1.3485437706426882,-20.000000000000007
-0.5297751702598072,1.283178844198598,-20.000000000000007
-0.5297503346443708,1.2122641228985378,-20.000000000000007
-0.5299466660305467,1.204836350856735,-20.000000000000007
-0.532330411233653,1.2004385451167106,-20.000000000000007
-0.5323304112336531,1.2004385451167106,-20.000000000000007
-0.5299466660305467,1.204836350856735,-20.000000000000007
-0.532330411233653,1.2004385451167106,-20.000000000000007
-0.5323304112336529,1.2004385451167106,-20.000000000000007
-0.5323304112336531,1.2004385451167106,-20.000000000000007
-0.5323304112336531,1.2004385451167106,-20.000000000000007
-0.5323304112336531,1.2004385451167106,-20.000000000000007
-0.5323304112336531,1.20043854511671,-20.000000000000007
-0.532330411233653,1.2004385451167106,-20.000000000000007
-0.532330411233653,1.2004385451167103,-20.000000000000007
-0.532330411233653,1.2004385451167106,-20.000000000000007
-0.5323304112336531,1.2004385451167103,-20.000000000000007
-0.532330411233653,1.2004385451167106,-20.000000000000007
-0.5323304112336531,1.2004385451167103,-20.000000000000007
-0.5323304112336531,1.2004385451167106,-20.000000000000007
-0.5323304112336531,1.2004385451167106,-20.000000000000007
-0.532330411233653,1.2004385451167106,-20.000000000000007
-0.5323304112336531,1.2004385451167106,-20.000000000000007
-0.5323304112336531,1.2004385451167106,-20.000000000000007
-0.5323304112336531,1.2004385451167106,-20.000000000000007
-0.5323304112336531,1.2004385451167106,-20.000000000000007
-0.5297503346443707,1.212264122898538,-20.000000000000007
-0.5278362928687369,1.2751777789083412,-20.000000000000007
-0.5240567367926329,1.2851786482631995,-20.000000000000007
-0.4169577678159392,1.5186533915515206,-20.000000000000007
-0.43866881831364396,1.4338464345729125,-20.000000000000007
-0.4462092813340631,1.4355618186906973,-20.000000000000007
-0.41515498221243746,1.5130978580348395,-20.000000000000007
-0.49503064686696885,1.3886521222270758,-20.000000000000007
-0.4454493723807071,1.4360693836861085,-20.000000000000007
-0.5077416559711635,1.3604170101568271,-20.000000000000007
-0.5170436112448055,1.3063956391444695,-20.000000000000007
-0.5039462148179048,1.4086247296553573,-20.000000000000007
-0.5278362928687368,1.2751777789083412,-20.000000000000007
-0.4721908087185878,1.3391707833824218,-20.000000000000007
-0.5167623303927278,1.307779060374927,-20.000000000000007
-0.5022544198532499,1.394379246220591,-20.000000000000007
-0.5274362153100868,1.276372022321677,-20.000000000000007
-0.5289860104040626,1.2778264168377926,-20.000000000000007
-0.504877518943487,1.4172920374279514,-20.000000000000007
-0.5295595045931816,1.2823809919045397,-20.000000000000007
-0.5266764831189766,1.2167892065627564,-20.000000000000007
-0.5299466660305466,1.204836350856735,-20.000000000000007
-0.5323304112336531,1.2004385451167106,-20.000000000000007
-0.532330411233653,1.2004385451167103,-20.000000000000007
-0.532330411233653,1.2004385451167103,-20.000000000000007
-0.5323304112336531,1.2004385451167103,-20.000000000000007
-0.5323304112336531,1.2004385451167106,-20.000000000000007
-0.532330411233653,1.2004385451167103,-20.000000000000007
-0.532330411233653,1.2004385451167106,-20.000000000000007
-0.5323304112336531,1.2004385451167106,-20.000000000000007
-0.532330411233653,1.2004385451167103,-20.000000000000007
-0.5323304112336531,1.2004385451167103,-20.000000000000007
-0.5323304112336531,1.2004385451167106,-20.000000000000007
-0.532330411233653,1.2004385451167103,-20.000000000000007
-0.5323304112336531,1.2004385451167106,-20.000000000000007
-0.5323304112336531,1.2004385451167106,-20.000000000000007
-0.5323304112336531,1.2004385451167103,-20.000000000000007
-0.5323304112336531,1.2004385451167103,-20.000000000000007
-0.532330411233653,1.2004385451167106,-20.000000000000007
-0.532330411233653,1.2004385451167103,-20.000000000000007
-0.5323304112336531,1.2004385451167106,-20.000000000000007
-0.5323304112336531,1.2004385451167106,-20.000000000000007
-0.532330411233653,1.2004385451167103,-20.000000000000007
-0.532330411233653,1.2004385451167106,-20.000000000000007
-0.5295595045931815,1.28238099190454,-20.000000000000007
-0.5278362928687368,1.2751777789083412,-20.000000000000007
-0.523875545872651,1.2873109268582232,-20.000000000000007
-0.4395563736533962,1.4326377028405493,-20.000000000000007
-0.4125414174307964,1.4983459771889474,-20.000000000000007
-0.41749966178945214,1.5066815318327111,-20.000000000000007
-0.4832501117556618,1.3714916688407,-20.000000000000007
-0.43872334231802745,1.4336725667181138,-20.000000000000007
-0.5039347368394513,1.41054128929469,-20.000000000000007
-0.4600718214762429,1.3847182340568933,-20.000000000000007
-0.49050236776833994,1.3916005136099885,-20.000000000000007
-0.523875545872651,1.2873109268582237,-20.000000000000007
-0.4640600287471722,1.3519650101169525,-20.000000000000007
-0.525232704561251,1.287837090529532,-20.000000000000007
-0.4640600287471722,1.3519650101169525,-20.000000000000007
-0.5200676590976148,1.2901194695223361,-20.000000000000007
-0.5238755458726508,1.2873109268582232,-20.000000000000007
-0.5085372702483278,1.3720287006241227,-20.000000000000007
-0.5279159377776228,1.2748789666926248,-20.000000000000007
-0.48966761469071285,1.389618683226579,-20.000000000000007
-0.5297041217148499,1.21301548104457,-20.000000000000007
-0.5299466660305467,1.204836350856735,-20.000000000000007
-0.5295595045931816,1.28238099190454,-20.000000000000007
-0.5278362928687368,1.2751777789083412,-20.000000000000007
-0.48957713867521013,1.4010072599485257,-20.000000000000007
-0.4637778196333592,1.3507256547142565,-20.000000000000007
-0.3907755536105026,1.5015470282997547,-20.000000000000007
-0.44437757073356376,1.4337746637233781,-20.000000000000007
-0.4436978324268029,1.4368142773107133,-20.000000000000007
-0.49176150087392645,1.3921291159913713,-20.000000000000007
-0.5077416559711634,1.360417010156827,-20.000000000000007
-0.46081053663631694,1.3776463237260452,-20.000000000000007
-0.523875545872651,1.2873109268582232,-20.000000000000007
-0.4850412471025063,1.3631746505338926,-20.000000000000007
-0.5277052809811678,1.2759412083348038,-20.000000000000007
-0.5041978584900978,1.4064813590096201,-20.000000000000007
-0.4837646851095029,1.3703231481332276,-20.000000000000007
-0.5255135592343548,1.2870577868796884,-20.000000000000007
-0.5104728506335957,1.3545128002279019,-20.000000000000007
-0.5280513047749973,1.2755914071461307,-20.000000000000007
-0.5295595045931816,1.2823809919045397,-20.000000000000007
-0.5297041217148499,1.2130154810445701,-20.000000000000007
-0.5299264579467299,1.2058296236911352,-20.000000000000007
-0.5299466660305466,1.204836350856735,-20.000000000000007
-0.5295595045931815,1.28238099190454,-20.000000000000007
-0.5278362928687368,1.2751777789083412,-20.000000000000007
-0.5273565704012008,1.2766708345373932,-20.000000000000007
-0.443620453713887,1.438025809747087,-20.000000000000007
-0.3683994883537791,1.4988104924634853,-20.000000000000007
-0.443798877264943,1.4362614823367876,-20.000000000000007
-0.4283444730691686,1.4261172018468227,-20.000000000000007
-0.5077416559711635,1.3604170101568274,-20.000000000000007
-0.47586082926005374,1.3458430917372064,-20.000000000000007
-0.47383297001434743,1.34310617624876,-20.000000000000007
-0.50225441985325,1.394379246220591,-20.000000000000007
-0.48230123746283826,1.363882703984756,-20.000000000000007
-0.5278362928687368,1.275177778908341,-20.000000000000007
-0.47713966251794465,1.3462233697117545,-20.000000000000007
-0.5039462148179049,1.4086247296553571,-20.000000000000007
-0.4949124550511995,1.3889371599447722,-20.000000000000007
-0.5198270643655125,1.2918598882096903,-20.000000000000007
-0.5278362928687368,1.2751777789083412,-20.000000000000007
-0.5260945511320613,1.2942528187594151,-20.000000000000007
-0.5295595045931816,1.28238099190454,-20.000000000000007
-0.528189399759709,1.2158094042905951,-20.000000000000007
-0.5299466660305466,1.2048363508567348,-20.000000000000007
-0.5295595045931815,1.2823809919045397,-20.000000000000007
-0.5131921241122375,1.320508458891598,-20.000000000000007
-0.5273565704012008,1.2766708345373932,-20.000000000000007
-0.4197775234179094,1.469880254112384,-20.000000000000007
-0.4253076863122232,1.431972880241302,-20.000000000000007
-0.4296704271126741,1.412003539855118,-20.000000000000007
-0.44663633437110284,1.4325606013426861,-20.000000000000007
-0.5025952399485217,1.4036063480516459,-20.000000000000007
-0.4466363343711028,1.4325606013426861,-20.000000000000007
-0.5095445176734115,1.3414278995862707,-20.000000000000007
-0.48342242128259355,1.3741555460995114,-20.000000000000007
-0.5131921241122375,1.320508458891598,-20.000000000000007
-0.5278362928687369,1.2751777789083412,-20.000000000000007
-0.48008881893658784,1.357656414967468,-20.000000000000007
-0.5277052809811678,1.2759412083348038,-20.000000000000007
-0.4789931446383313,1.3528264569599566,-20.000000000000007
-0.524056736792633,1.2851786482631995,-20.000000000000007
-0.5289860104040626,1.2778264168377926,-20.000000000000007
-0.5097278085548692,1.3598268744247881,-20.000000000000007
-0.5295595045931815,1.2823809919045397,-20.000000000000007
-0.5242042669821081,1.2197995358305689,-20.000000000000007
-0.5299466660305467,1.204836350856735,-20.000000000000007
-0.5295595045931816,1.28238099190454,-20.000000000000007
-0.5278362928687369,1.2751777789083412,-20.000000000000007
-0.5277052809811678,1.2759412083348038,-20.000000000000007
-0.41711432782676217,1.5076157747734125,-20.000000000000007
-0.4268583628779281,1.4224039250352285,-20.000000000000007
-0.3929478800548991,1.5020045685691772,-20.000000000000007
-0.45267804285094965,1.4013396843580552,-20.000000000000007
-0.4823012374628383,1.3638827039847559,-20.000000000000007
-0.4600315419094332,1.3852220913568352,-20.000000000000007
-0.5238755458726508,1.2873109268582235,-20.000000000000007
-0.44993175529216317,1.4194545089392516,-20.000000000000007
-0.5016858362752884,1.388742701243455,-20.000000000000007
-0.4899422030122278,1.4034500884059649,-20.000000000000007
-0.4532196462715209,1.3979358058775375,-20.000000000000007
-0.49010359526094777,1.403526730789567,-20.000000000000007
-0.4178155862870988,1.4965487126112214,-20.000000000000007
-0.4550537172978642,1.3894515573416277,-20.000000000000007
-0.41152585425184945,1.496136515493584,-20.000000000000007
-0.44663633437110284,1.4325606013426864,-20.000000000000007
-0.46310378918747375,1.3538161751369742,-20.000000000000007
-0.42060077746158014,1.4574163036356347,-20.000000000000007
-0.5090065354094082,1.3503052644404372,-20.000000000000007
-0.45004554845742684,1.4224302315332351,-20.000000000000007
-0.4783359220725018,1.3527626850259553,-20.000000000000007
-0.48031120468789096,1.3584689725628758,-20.000000000000007
-0.3929136029310459,1.5018797325656463,-20.000000000000007
-0.4298382705335079,1.4095755796364324,-20.000000000000007
-0.387826100270278,1.50107319375486,-20.000000000000007
-0.45556728180718137,1.3894125173791612,-20.000000000000007
-0.4571629352664084,1.4025959023105188,-20.000000000000007
-0.4987100477649128,1.3814065465761003,-20.000000000000007
-0.5077416559711635,1.3604170101568271,-20.000000000000007
-0.45040423791603545,1.4183569163016387,-20.000000000000007
-0.5077416559711634,1.3604170101568271,-20.000000000000007
-0.45140667428869696,1.4079599549473993,-20.000000000000007
-0.488312735845168,1.375735725080728,-20.000000000000007
-0.46383274928110263,1.3500326442117108,-20.000000000000007
-0.4173749441325174,1.5123936308036985,-20.000000000000007
-0.45505371729786415,1.3894515573416277,-20.000000000000007
-0.4210986437938232,1.4521280888622032,-20.000000000000007
-0.5082523574519862,1.355416392208262,-20.000000000000007
-0.4782593825903372,1.3521531067681485,-20.000000000000007
-0.5041978584900978,1.4064813590096203,-20.000000000000007
-0.5085372702483278,1.372028700624123,-20.000000000000007
-0.4433576317792253,1.4426825556626508,-20.000000000000007
-0.5077416559711635,1.3604170101568274,-20.000000000000007
-0.43863421599924707,1.4334200169529001,-20.000000000000007
-0.472294952874754,1.3371382529790867,-20.000000000000007
-0.46343533420378125,1.3523715598081232,-20.000000000000007
-0.4101118295890799,1.496430714092568,-20.000000000000007
-0.47388989421608,1.3436751236971336,-20.000000000000007
-0.4166805272159163,1.5187958044609238,-20.000000000000007
-0.456254694974692,1.3941412037703909,-20.000000000000007
-0.4365847532877593,1.414308620656863,-20.000000000000007
-0.4451732802803797,1.434151676796222,-20.000000000000007
-0.4455824037769355,1.436196613183915,-20.000000000000007
-0.4296470567392812,1.412499802238672,-20.000000000000007
-0.4297695451773479,1.4111761814433308,-20.000000000000007
-0.34825809136860286,1.5010456361749525,-20.000000000000007
-0.31754781935784493,1.4977287325791426,-20.000000000000007
-0.32961081086278765,1.4975863100156759,-20.000000000000007
-0.3726842549734984,1.4939123423432417,-20.000000000000007
-0.3893351137146823,1.5013975328304963,-20.000000000000007
-0.40448929964816294,1.4961879247861816,-20.000000000000007
-0.369475882764968,1.498398051073517,-20.000000000000007
-0.4210986437938232,1.4521280888622032,-20.000000000000007
-0.41239421860554615,1.497649901376328,-20.000000000000007
-0.4425629230186543,1.4428396511317303,-20.000000000000007
-0.41996236129394915,1.4666853384376068,-20.000000000000007
-0.33414137014816625,1.4963237966283593,-20.000000000000007
-0.3198977080191422,1.4985594974261094,-20.000000000000007
-0.3485440948903548,1.500311499134618,-20.000000000000007
-0.38209324885259,1.5000193788392302,-20.000000000000007
-0.4268583628779281,1.4224039250352285,-20.000000000000007
-0.4194256593864786,1.4718678959298597,-20.000000000000007
-0.4009117655328024,1.4966088343728103,-20.000000000000007
-0.4427606428982661,1.4425004868927462,-20.000000000000007
-0.4205877844617155,1.4565253247226384,-20.000000000000007
-0.4459762285011094,1.4402391789971,-20.000000000000007
-0.40289306053402435,1.4976765615742487,-20.000000000000007
-0.3433908167432795,1.4990108865632874,-20.000000000000007
-0.30339364613156433,1.5165905735195269,-20.000000000000007
-0.341101443822256,1.4988882465205027,-20.000000000000007
-0.35929977401161106,1.4973066682505853,-20.000000000000007
-0.39288759145675756,1.5019572187991197,-20.000000000000007
-0.41420005784183167,1.5078729076547608,-20.000000000000007
-0.35442125811774494,1.4989230214758265,-20.000000000000007
-0.42530768631222315,1.4319728802413023,-20.000000000000007
-0.4038620556343056,1.4961416583224425,-20.000000000000007
-0.3846927471503152,1.4997074757134516,-20.000000000000007
-0.3723763564566068,1.4950106463939195,-20.000000000000007
-0.27074652301387525,1.7149222961041046,-20.000000000000007
-0.22745291741602416,1.9252796186882064,-20.000000000000007
-0.2192552345591925,1.932733363393622,-20.000000000000007
-0.23189633698954112,1.90850094389241,-20.000000000000007
-0.23076257978529682,1.9094529098207942,-20.000000000000007
-0.24231017617927658,1.842713239031207,-20.000000000000007
-0.2489715386191172,1.7560557119280076,-20.000000000000007
-0.24959422671605896,1.738678479890831,-20.000000000000007
-0.25513161736661827,1.764737837870049,-20.000000000000007
-0.2551316173666182,1.7647378378700491,-20.000000000000007
-0.25697011908162415,1.7683511155121736,-20.000000000000007
-0.2801168150266809,1.508126153081086,-20.000000000000007
-0.28402558979585685,1.5506902601257058,-20.000000000000007
-0.2946921700458974,1.5968805478194323,-20.000000000000007
-0.30872341746127835,1.5074575561331989,-20.000000000000007
-0.312323867900136,1.5046671802315477,-20.000000000000007
-0.31934404541675476,1.4979551508234632,-20.000000000000007
-0.3190344850748075,1.497189966809983,-20.000000000000007
-0.31897167280568917,1.4970103752772232,-20.000000000000007
-0.3237334145448997,1.500146511919029,-20.000000000000007
-0.3263356527589256,1.4990212513194543,-20.000000000000007
-0.3340522387797612,1.4971726530118985,-20.000000000000007
-0.33965317048120247,1.49898865762509,-20.000000000000007
-0.344400626878204,1.4980180904122051,-20.000000000000007
-0.34426760160691744,1.4980313150968187,-20.000000000000007
-0.34004991309515326,1.4990709531740871,-20.000000000000007
-0.3425941468329387,1.4990250235011588,-20.000000000000007
-0.34415979504424354,1.4981121119828928,-20.000000000000007
-0.3429088872225579,1.499112515803536,-20.000000000000007
-0.34618650098093356,1.4940963111532346,-20.000000000000007
-0.3272537310967485,1.500244808501719,-20.000000000000007
-0.29512079967869675,1.591207942440416,-20.000000000000007
-0.27901415861971185,1.5403784065090194,-20.000000000000007
-0.25311594971194684,1.756688395977179,-20.000000000000007
-0.24523014811134553,1.818324023113926,-20.000000000000007
-0.24756464592305258,1.787922507028773,-20.000000000000007
-0.24960231209412762,1.739078998021911,-20.000000000000007
-0.25266271220756803,1.7470350566953503,-20.000000000000007
-0.25363959987210055,1.7640771185418007,-20.000000000000007
-0.25604727517404985,1.7656635360741446,-20.000000000000007
-0.2566342944043964,1.769246354471582,-20.000000000000007
-0.2637701223895831,1.7618815459474435,-20.000000000000007
-0.2645600880082273,1.7622864259984372,-20.000000000000007
-0.2786609471335798,1.5428700949843153,-20.000000000000007
-0.2814797371067958,1.52529738204103,-20.000000000000007
-0.28402558979585685,1.550690260125706,-20.000000000000007
-0.2879214246588281,1.5730996135501174,-20.000000000000007
-0.30073065248478437,1.549732609180206,-20.000000000000007
-0.30328578238110493,1.5204381626563317,-20.000000000000007
-0.31359437367213805,1.5056681752911172,-20.000000000000007
-0.3154405218509903,1.4951969745455447,-20.000000000000007
-0.3154405218509903,1.4951969745455445,-20.000000000000007
-0.3267641344724377,1.498720174460367,-20.000000000000007
-0.3250613565388569,1.4997277969782368,-20.000000000000007
-0.3303071531715404,1.496707761813034,-20.000000000000007
-0.3377412700144628,1.4996025860306499,-20.000000000000007
-0.3358167063545828,1.4997137908235687,-20.000000000000007
-0.34327876803833857,1.500298362723372,-20.000000000000007
-0.3442117288481102,1.4978639283514914,-20.000000000000007
-0.34444309447892824,1.4973289489372386,-20.000000000000007
-0.349025779990582,1.5001045733592016,-20.000000000000007
-0.3429088872225579,1.4991125158035363,-20.000000000000007
-0.33969268865438595,1.4988808768066808,-20.000000000000007
-0.3227961592026062,1.4999466169878182,-20.000000000000007
-0.2795490577147397,1.4876925835306858,-20.000000000000007
-0.24223834247201984,1.8471958884712634,-20.000000000000007
-0.20437906386028284,1.7469160927090361,-20.000000000000007
-0.18245135093884665,1.5726673984336745,-20.000000000000007
-0.18883859646648546,1.574386719126825,-20.000000000000007
-0.19315943252724238,1.6118386740500745,-20.000000000000007
-0.2043973262596725,1.746575434342086,-20.000000000000007
-0.20441558865906206,1.7462347759751362,-20.000000000000007
-0.22102287800860004,1.9363424807976906,-20.000000000000007
-0.22580174027093255,1.9278527115867017,-20.000000000000007
-0.22905988580352982,1.9214814563051457,-20.000000000000007
-0.23215254158258072,1.9102495330611604,-20.000000000000007
-0.22197126464558045,1.9314987434762751,-20.000000000000007
-0.22646192347440844,1.9249933253625695,-20.000000000000007
-0.22763470237412736,1.9212148309822838,-20.000000000000007
-0.23442708177045438,1.927284921421973,-20.000000000000007
-0.23452608175534845,1.9293173658082714,-20.000000000000007
-0.24745330071993613,1.789532235336899,-20.000000000000007
-0.25350612319097926,1.7616691469918506,-20.000000000000007
-0.24991763605504105,1.7243616483341135,-20.000000000000007
-0.2503836637376047,1.7099445186385256,-20.000000000000007
-0.2474533007199361,1.7895322353368992,-20.000000000000007
-0.23705863003105876,1.9081392380395104,-20.000000000000007
-0.24163468543029284,1.8533528733079723,-20.000000000000007
-0.24745330071993613,1.7895322353368992,-20.000000000000007
-0.24851030866682103,1.7679155624154965,-20.000000000000007
-0.24840704630731456,1.772447313002039,-20.000000000000007
-0.2547642681176279,1.767951694156837,-20.000000000000007
-0.2531774717466425,1.7517233077134051,-20.000000000000007
-0.24987956068744313,1.7222888073107347,-20.000000000000007
-0.2480436315779622,1.7777408144788587,-20.000000000000007
-0.23081244012577826,1.9092484754173964,-20.000000000000007
-0.22001954989640238,1.9312538054830428,-20.000000000000007
-0.20438912631107453,1.7467571198479008,-20.000000000000007
-0.1894245325731731,1.5791548760255545,-20.000000000000007
-0.18886938598024677,1.5715946146796027,-20.000000000000007
-0.20138593308898803,1.7056697537896857,-20.000000000000007
-0.21295636326596953,1.85535961505459,-20.000000000000007
-0.21299288806474873,1.8546782983206904,-20.000000000000007
-0.21911557977763285,1.9280293602799903,-20.000000000000007
-0.21067973247462143,1.8286101517840252,-20.000000000000007
-0.21421883113429419,1.8716525398055264,-20.000000000000007
-0.2205455368924384,1.9333096644290924,-20.000000000000007
-0.226951223921213,1.9258685753982352,-20.000000000000007
-0.22752199740144,1.9203991270763117,-20.000000000000007
-0.22757185774192137,1.9201946926729134,-20.000000000000007
-0.23792606670789512,1.896894214788793,-20.000000000000007
-0.23582227014141025,1.9186162823919297,-20.000000000000007
-0.2389403317890988,1.8890659890283579,-20.000000000000007
-0.23604703808890745,1.917608092557952,-20.000000000000007
-0.23111720540188913,1.9066990441602487,-20.000000000000007
-0.23302149666010652,1.9186530388228018,-20.000000000000007
-0.24142985892856283,1.8550492090667048,-20.000000000000007
-0.2474533007199361,1.7895322353368992,-20.000000000000007
-0.2474533007199361,1.7895322353368992,-20.000000000000007
-0.25476426811762787,1.7679516941568372,-20.000000000000007
-0.25476426811762787,1.767951694156837,-20.000000000000007
-0.2506551719119988,1.7098305534226,-20.000000000000007
-0.2503836637376047,1.7099445186385256,-20.000000000000007
-0.24336808301417073,1.8315248182011774,-20.000000000000007
-0.23626161517304012,1.9164835262217572,-20.000000000000007
-0.24336808301417076,1.8315248182011774,-20.000000000000007
-0.24804881662550365,1.776457960474782,-20.000000000000007
-0.2482245432525874,1.7764930818461984,-20.000000000000007
-0.2503836637376046,1.7099445186385254,-20.000000000000007
-0.2361475777249521,1.9207959698853627,-20.000000000000007
-0.22146875096095117,1.9312038975422368,-20.000000000000007
-0.21411960987166212,1.8728504890414885,-20.000000000000007
-0.18945532208693444,1.576362771578332,-20.000000000000007
-0.21247740178589647,1.8482623387946078,-20.000000000000007
-0.21901701162550485,1.9291648536559887,-20.000000000000007
-0.21901701162550488,1.9291648536559887,-20.000000000000007
-0.22040355021394153,1.9351832483248788,-20.000000000000007
-0.2202251457038187,1.9305132770558284,-20.000000000000007
-0.2273962206007246,1.9227536285450586,-20.000000000000007
-0.23106734506140772,1.906903478563647,-20.000000000000007
-0.23452608175534848,1.9293173658082714,-20.000000000000007
-0.23604703808890745,1.917608092557952,-20.000000000000007
-0.24336808301417076,1.8315248182011776,-20.000000000000007
-0.2441516792782261,1.8228823810574406,-20.000000000000007
-0.24442914323554266,1.8230806536043342,-20.000000000000007
-0.24442914323554268,1.8230806536043342,-20.000000000000007
-0.24598773270615426,1.8107205879628427,-20.000000000000007
-0.24745330071993615,1.7895322353368992,-20.000000000000007
-0.24746796938690008,1.7902820903251835,-20.000000000000007
-0.24745330071993615,1.789532235336899,-20.000000000000007
-0.24390681190370445,1.826440647075679,-20.000000000000007
-0.2335858692674764,1.9295563077585558,-20.000000000000007
-0.22963178776772739,1.9255344588075163,-20.000000000000007
-0.2261066867283455,1.9302216087355992,-20.000000000000007
-0.2129563632659695,1.8553596150545901,-20.000000000000007
-0.2050687426388885,1.7578547762500232,-20.000000000000007
-0.21247740178589644,1.8482623387946076,-20.000000000000007
-0.2129928880647487,1.8546782983206904,-20.000000000000007
-0.2130706782047891,1.853923206526925,-20.000000000000007
-0.21911557977763285,1.9280293602799903,-20.000000000000007
-0.22022514570381868,1.9305132770558284,-20.000000000000007
-0.22172921539414442,1.9335355176097075,-20.000000000000007
-0.22732795586618176,1.9223263193176607,-20.000000000000007
-0.22905988580352987,1.9214814563051459,-20.000000000000007
-0.22741751115833914,1.9218725433303434,-20.000000000000007
-0.23197397070799114,1.9092508644302246,-20.000000000000007
-0.23274312263716807,1.9126450482021071,-20.000000000000007
-0.23604703808890745,1.917608092557952,-20.000000000000007
-0.23452608175534848,1.9293173658082712,-20.000000000000007
-0.24228414046516564,1.8424421284482944,-20.000000000000007
-0.23693987848983955,1.909252335013869,-20.000000000000007
-0.23690700311659063,1.9090154399479973,-20.000000000000007
-0.24415167927822612,1.8228823810574406,-20.000000000000007
-0.2129327072135938,1.855155187607469,-20.000000000000007
-0.2043891263110745,1.746757119847901,-20.000000000000007
-0.19585537949812196,1.6384858842004735,-20.000000000000007
-0.19431423230206799,1.6246198918783432,-20.000000000000007
-0.2319241103675097,1.9094552988336226,-20.000000000000007
-0.2536395998721006,1.7640771185418005,-20.000000000000007
-0.27580290076751734,1.6175565206279456,-20.000000000000007
-0.2840255897958569,1.5506902601257058,-20.000000000000007
-0.28250982179163836,1.5348267451970625,-20.000000000000007
-0.28418863620127066,1.5536874639696219,-20.000000000000007
-0.28808649824126326,1.573406706276798,-20.000000000000007
-0.29611661702009706,1.5918471476143718,-20.000000000000007
-0.309274246977526,1.5058506198337374,-20.000000000000007
-0.32111634249783233,1.4974931778005018,-20.000000000000007
-0.320607590003544,1.4992081410635474,-20.000000000000007
-0.32928197357972666,1.496438812465021,-20.000000000000007
-0.335546637190167,1.5006753361893117,-20.000000000000007
-0.34809108399097044,1.5001622086353645,-20.000000000000007
-0.36546185306437307,1.5024794676919524,-20.000000000000007
-0.37051646173336855,1.4960182743078938,-20.000000000000007
-0.36759062051490266,1.5016324262277538,-20.000000000000007
-0.3706490847243269,1.4943118482691773,-20.000000000000007
-0.36759062051490266,1.5016324262277536,-20.000000000000007
-0.37093861523938415,1.4937563352639138,-20.000000000000007
-0.3845043241525107,1.5005548585703061,-20.000000000000007
-0.3775355538518142,1.4932946148073059,-20.000000000000007
-0.369044187639418,1.4998818355910513,-20.000000000000007
-0.3648396888205431,1.5025657774272947,-20.000000000000007
-0.36409030703372147,1.5014376598449681,-20.000000000000007
-0.3706490847243269,1.494311848269177,-20.000000000000007
-0.3898653437844532,1.5013425742314979,-20.000000000000007
-0.38884471415763333,1.4975895382854487,-20.000000000000007
-0.3787987769888233,1.4987729333853044,-20.000000000000007
-0.37703425498521564,1.4928029165439,-20.000000000000007
-0.36998434417424086,1.500672733213725,-20.000000000000007
-0.37701110244529634,1.4927630265779332,-20.000000000000007
-0.3934624883712726,1.5006059604489845,-20.000000000000007
-0.38884471415763344,1.4975895382854487,-20.000000000000007
-0.3845043241525108,1.5005548585703063,-20.000000000000007
-0.3844510689371303,1.4982344480076049,-20.000000000000007
-0.3719055753643097,1.4948734172483877,-20.000000000000007
-0.37701110244529634,1.4927630265779332,-20.000000000000007
-0.38986534378445326,1.5013425742314979,-20.000000000000007
-0.37347051362140327,1.4909154994230656,-20.000000000000007
-0.3682507280745351,1.499540677041053,-20.000000000000007
-0.36928760228172425,1.499806001473289,-20.000000000000007
-0.36090346547402535,1.500001591907312,-20.000000000000007
-0.36768747244859246,1.5009303848727844,-20.000000000000007
-0.38153779471285165,1.498481012431835,-20.000000000000007
-0.37170759134861386,1.496933611426328,-20.000000000000007
-0.3680722991946173,1.4998982435748927,-20.000000000000007
-0.37051646173336855,1.496018274307894,-20.000000000000007
-0.3684799870178141,1.4997880548145563,-20.000000000000007
-0.3720050170923531,1.49423434223707,-20.000000000000007
-0.3813849806319468,1.4992378804840947,-20.000000000000007
-0.37000871455404555,1.5003597938702709,-20.000000000000007
-0.36759062051490266,1.5016324262277536,-20.000000000000007
-0.37182018906171055,1.4960014358375457,-20.000000000000007
-0.37880671926745624,1.4995029946227356,-20.000000000000007
-0.39040831756733296,1.5012627188507173,-20.000000000000007
-0.39268305687267774,1.502512700233589,-20.000000000000007
-0.382645778183696,1.5024532460070124,-20.000000000000007
-0.38160215998776814,1.4981758151567743,-20.000000000000007
-0.3813849806319468,1.4992378804840945,-20.000000000000007
-0.3819846867991957,1.5008323083278914,-20.000000000000007
-0.39793169274749207,1.4964338925759115,-20.000000000000007
-0.3921827742915139,1.5047390218032286,-20.000000000000007
-0.381696762037004,1.4990334879521312,-20.000000000000007
-0.38188300064553227,1.5001020895040384,-20.000000000000007
-0.3824771704611071,1.5041332660194566,-20.000000000000007
-0.38489133303495965,1.5007219298752408,-20.000000000000007
-0.4041959260489384,1.491514933021533,-20.000000000000007
-0.4034948620270723,1.497226312285433,-20.000000000000007
-0.39131563739564823,1.5027686708816337,-20.000000000000007
-0.39385576558738733,1.5008508299496466,-20.000000000000007
-0.3925586871514286,1.50270518897086,-20.000000000000007
-0.39656622889776605,1.4978984796426564,-20.000000000000007
-0.4112722436447682,1.496798665544841,-20.000000000000007
-0.40349486202707235,1.497226312285433,-20.000000000000007
-0.3938557655873873,1.5008508299496466,-20.000000000000007
-0.39385576558738733,1.5008508299496466,-20.000000000000007
-0.3876244033051198,1.499670917001367,-20.000000000000007
-0.39262907348782483,1.502472456567708,-20.000000000000007
-0.4049323353715092,1.4993543488894279,-20.000000000000007
-0.4007939473222359,1.493837326925735,-20.000000000000007
-0.3999058550671617,1.4935404204622795,-20.000000000000007
-0.40197318623218087,1.494323092287781,-20.000000000000007
-0.39195255719288447,1.5040965379487896,-20.000000000000007
-0.3938557655873873,1.5008508299496466,-20.000000000000007
-0.4019618959336414,1.4955473793249943,-20.000000000000007
-0.3816477884971135,1.4989001797387043,-20.000000000000007
-0.36773395243857265,1.5007817677672313,-20.000000000000007
-0.3678680587702089,1.4999258211986872,-20.000000000000007
-0.36365064408999354,1.502210432621207,-20.000000000000007
-0.37152495260286855,1.4978287467146396,-20.000000000000007
-0.3912009801099495,1.5029965702777892,-20.000000000000007
-0.38455481050428414,1.5003939227014023,-20.000000000000007
-0.38247717046110696,1.5041332660194568,-20.000000000000007
-0.38264577818369594,1.5024532460070121,-20.000000000000007
-0.381696762037004,1.4990334879521314,-20.000000000000007
-0.39173431989552543,1.5040002114425792,-20.000000000000007
-0.40069374145490255,1.4938321651008903,-20.000000000000007
-0.39273291773304814,1.5025827713436715,-20.000000000000007
-0.3920309210953765,1.5043090441748512,-20.000000000000007
-0.38631939571772445,1.5009528370584122,-20.000000000000007
-0.39203092109537657,1.5043090441748512,-20.000000000000007
-0.4100935649151761,1.4968339322623074,-20.000000000000007
-0.4104988202429223,1.4962551456956699,-20.000000000000007
-0.4042064480815694,1.4917143678686169,-20.000000000000007
-0.409170968474746,1.5010474970012597,-20.000000000000007
-0.39990585506716175,1.4935404204622795,-20.000000000000007
-0.393830119140134,1.5005027472288623,-20.000000000000007
-0.40917096847474604,1.50104749700126,-20.000000000000007
-0.4027600995177637,1.4956930630221819,-20.000000000000007
-0.393830119140134,1.5005027472288621,-20.000000000000007
-0.3989986990038684,1.4939906435312829,-20.000000000000007
-0.38793266905857443,1.4985197316029264,-20.000000000000007
-0.38773210558131804,1.5000306311518563,-20.000000000000007
-0.4034948620270723,1.497226312285433,-20.000000000000007
-0.3989986990038684,1.493990643531283,-20.000000000000007
-0.39181564151128867,1.5039955726762306,-20.000000000000007
-0.39273291773304814,1.5025827713436717,-20.000000000000007
-0.38773210558131804,1.500030631151856,-20.000000000000007
-0.39385576558738733,1.5008508299496466,-20.000000000000007
-0.4119258838507432,1.497345635707245,-20.000000000000007
-0.40485370671556486,1.49779100222493,-20.000000000000007
-0.4039906266432146,1.4914855510465876,-20.000000000000007
-0.40917096847474604,1.50104749700126,-20.000000000000007
-0.4034948620270723,1.4972263122854328,-20.000000000000007
-0.40449713093050316,1.4953075635593391,-20.000000000000007
-0.42048927668169284,1.471838809061575,-20.000000000000007
-0.4129638871267779,1.4983408592421557,-20.000000000000007
-0.4068912585760551,1.5005634048913044,-20.000000000000007
-0.4100771182279741,1.4974395285868143,-20.000000000000007
-0.39417960143027375,1.499785853152987,-20.000000000000007
-0.40260797234014534,1.4951828211979947,-20.000000000000007
-0.4127558561594801,1.4979841301370085,-20.000000000000007
-0.4034948620270724,1.497226312285433,-20.000000000000007
-0.4007939473222359,1.4938373269257348,-20.000000000000007
-0.4027600995177637,1.495693063022182,-20.000000000000007
-0.40079394732223594,1.4938373269257348,-20.000000000000007
-0.4048537067155649,1.4977910022249301,-20.000000000000007
-0.417792297926189,1.5177118522792306,-20.000000000000007
-0.41009356491517623,1.4968339322623074,-20.000000000000007
-0.4019731862321809,1.494323092287781,-20.000000000000007
-0.39383011914013405,1.5005027472288623,-20.000000000000007
-0.39131563739564834,1.5027686708816337,-20.000000000000007
-0.4031925626492777,1.4962847671270625,-20.000000000000007
-0.4068816327020164,1.499686099342767,-20.000000000000007
-0.40349486202707235,1.497226312285433,-20.000000000000007
-0.4033726963750626,1.497042279972661,-20.000000000000007
-0.39262907348782483,1.5024724565677077,-20.000000000000007
-0.39203092109537657,1.504309044174851,-20.000000000000007
-0.4034579608286872,1.4971104340934207,-20.000000000000007
-0.4007034125592809,1.4956452653749261,-20.000000000000007
-0.39218277429151394,1.5047390218032284,-20.000000000000007
-0.3934405994214669,1.5006536192382556,-20.000000000000007
-0.3845548105042842,1.5003939227014023,-20.000000000000007
-0.3845968189618254,1.5002771013988017,-20.000000000000007
-0.4033726963750627,1.4970422799726613,-20.000000000000007
-0.40079394732223594,1.493837326925735,-20.000000000000007
-0.4002028715933046,1.493145780451881,-20.000000000000007
-0.4043923627126284,1.4941969581360024,-20.000000000000007
-0.4041959260489384,1.491514933021533,-20.000000000000007
-0.4131120717914658,1.498876202790738,-20.000000000000007
-0.42935393275174294,1.4115305141111616,-20.000000000000007
-0.42440851444360994,1.4294291282489646,-20.000000000000007
-0.41789239299218806,1.5197421264409794,-20.000000000000007
-0.4144704810729556,1.504032638126317,-20.000000000000007
-0.40351965962562863,1.4970491241462658,-20.000000000000007
-0.41200428005133694,1.4970736597367584,-20.000000000000007
-0.4277985840089541,1.4240992496590135,-20.000000000000007
-0.42123852017805147,1.4605036391538295,-20.000000000000007
-0.4201918607508576,1.4752384581258726,-20.000000000000007
-0.42468873368243437,1.4334749744817021,-20.000000000000007
-0.3912997000696533,1.503282950289335,-20.000000000000007
-0.35570517917144895,1.5002157505166336,-20.000000000000007
-0.31865023985707586,1.4959219857936563,-20.000000000000007
-0.24431076490960954,1.8291243725315853,-20.000000000000007
-0.22100492468319627,1.9329836950429966,-20.000000000000007
-0.24527764217723236,1.8236949821295783,-20.000000000000007
-0.2786779729120955,1.4793883314631036,-20.000000000000007
-0.3153968549395482,1.494593949100369,-20.000000000000007
-0.34118126482728006,1.4986321345396438,-20.000000000000007
-0.3470727420974493,1.498200120744222,-20.000000000000007
-0.3639509960937219,1.501266218125436,-20.000000000000007
-0.3912997000696533,1.503282950289335,-20.000000000000007
-0.4136508136132373,1.4996051173127138,-20.000000000000007
-0.4465638959030151,1.4373091425528517,-20.000000000000007
-0.446324189791115,1.4342934441096395,-20.000000000000007
-0.44295906605766644,1.443182040407602,-20.000000000000007
-0.43898859772293175,1.430017612935489,-20.000000000000007
-0.4283444730691687,1.4261172018468224,-20.000000000000007
-0.4473047216822883,1.433714382234975,-20.000000000000007
-0.4570637295354588,1.3921348380640377,-20.000000000000007
-0.4562866635966112,1.3805911906846238,-20.000000000000007
-0.4465853482110818,1.4350800796751024,-20.000000000000007
-0.4240976604229756,1.4311438769376295,-20.000000000000007
-0.443089618753313,1.444222112663555,-20.000000000000007
-0.4555562307875351,1.3899794373404322,-20.000000000000007
-0.47896023644709185,1.3536339533289825,-20.000000000000007
-0.49950356130076834,1.3824889747981026,-20.000000000000007
-0.4774593574452766,1.34958717201213,-20.000000000000007
-0.47453085582503796,1.3440880547019607,-20.000000000000007
-0.4436089094495913,1.4397542269843273,-20.000000000000007
-0.4558202531458019,1.3834164463385554,-20.000000000000007
-0.45654668475948124,1.3832370792794926,-20.000000000000007
-0.45652586333666567,1.3821157231980983,-20.000000000000007
-0.47952856592932486,1.3578900054005938,-20.000000000000007
-0.446524632069258,1.4354405523272988,-20.000000000000007
-0.4701653644870659,1.3436701478189153,-20.000000000000007
-0.4640600287471722,1.3519650101169522,-20.000000000000007
-0.46310378918747364,1.353816175136974,-20.000000000000007
-0.4785021407103681,1.3535054802629451,-20.000000000000007
-0.4475526007085603,1.429295546065256,-20.000000000000007
-0.4552096793064127,1.388533896826783,-20.000000000000007
-0.44063972326904416,1.4304873735101917,-20.000000000000007
-0.4608023734698628,1.3782779137836563,-20.000000000000007
-0.47263820241112875,1.3343417082869502,-20.000000000000007
-0.47032864731198354,1.3439359088912874,-20.000000000000007
-0.47586082926005374,1.3458430917372064,-20.000000000000007
-0.43730738080894305,1.420773842260217,-20.000000000000007
-0.446318675718849,1.4341514215543778,-20.000000000000007
-0.44558584687153535,1.4354555784200231,-20.000000000000007
-0.44663633437110273,1.4325606013426864,-20.000000000000007
-0.4735368851942042,1.341854832773405,-20.000000000000007
-0.4460044522328884,1.4379589072210315,-20.000000000000007
-0.45618534646662906,1.3935086470578706,-20.000000000000007
-0.44603859308084837,1.438036425560397,-20.000000000000007
-0.4576141987524117,1.3925392663583707,-20.000000000000007
-0.4740334904058062,1.342408230803009,-20.000000000000007
-0.4647476654669351,1.3532344300123553,-20.000000000000007
-0.4871856840387382,1.3639054207764465,-20.000000000000007
-0.4735368851942042,1.3418548327734046,-20.000000000000007
-0.4835077835403283,1.3717024180718023,-20.000000000000007
-0.48418373848516605,1.3708121147202912,-20.000000000000007
-0.47495424546453147,1.3421468602114173,-20.000000000000007
-0.4800888189365878,1.357656414967468,-20.000000000000007
-0.44287905904612096,1.4438855000403668,-20.000000000000007
-0.44129341773842906,1.4347730732330077,-20.000000000000007
-0.44493353010789044,1.4372653533262574,-20.000000000000007
-0.46239738252672563,1.361550510292008,-20.000000000000007
-0.5008898984972197,1.3875556027289153,-20.000000000000007
-0.48718568403873813,1.3639054207764465,-20.000000000000007
-0.47891840085262927,1.3534635162563315,-20.000000000000007
-0.44632418979111504,1.4342934441096395,-20.000000000000007
-0.4459762285011094,1.4402391789970999,-20.000000000000007
-0.4560881611541447,1.3931597667732103,-20.000000000000007
-0.4600718214762429,1.3847182340568935,-20.000000000000007
-0.4729504007996237,1.3383057099113262,-20.000000000000007
-0.4424482008118218,1.4447879198881066,-20.000000000000007
-0.4465741264079126,1.4346050331327709,-20.000000000000007
-0.45852930443776946,1.3992717406203459,-20.000000000000007
-0.47295040079962375,1.3383057099113262,-20.000000000000007
-0.48525321466899807,1.3603025981338994,-20.000000000000007
-0.4561963974862754,1.3929417270965998,-20.000000000000007
-0.43054513209709466,1.4080844230709135,-20.000000000000007
-0.4114682005159357,1.496246910534279,-20.000000000000007
-0.42800581701168683,1.421058105690809,-20.000000000000007
-0.4466363343711028,1.4325606013426864,-20.000000000000007
-0.4561963974862754,1.3929417270965996,-20.000000000000007
-0.460071821476243,1.3847182340568935,-20.000000000000007
-0.4252755656227836,1.432735515849576,-20.000000000000007
-0.43485415452608933,1.4041944707442338,-20.000000000000007
-0.4391843262978602,1.4313589939078386,-20.000000000000007
-0.45636580603281873,1.395117315470225,-20.000000000000007
-0.48184765020316267,1.3628388753393963,-20.000000000000007
-0.4522571854606005,1.4037519129570322,-20.000000000000007
-0.4438372292134668,1.4354536499260886,-20.000000000000007
-0.42530768631222315,1.4319728802413025,-20.000000000000007
-0.4298382705335079,1.4095755796364324,-20.000000000000007
-0.4459459752528089,1.4409363688841843,-20.000000000000007
-0.4425238705197589,1.4430063104110462,-20.000000000000007
-0.43617298758554424,1.4079989561152462,-20.000000000000007
-0.4121568950797568,1.4963856770169568,-20.000000000000007
-0.4297695451773479,1.4111761814433306,-20.000000000000007
-0.44256292301865435,1.4428396511317303,-20.000000000000007
-0.4588199152170962,1.3999948883889548,-20.000000000000007
-0.4711996171541819,1.3413273417909963,-20.000000000000007
-0.4294072016142084,1.4136788408364833,-20.000000000000007
-0.4179152311942459,1.495525495146112,-20.000000000000007
-0.4046286593277525,1.4974976811870044,-20.000000000000007
-0.4171143278267622,1.5076157747734127,-20.000000000000007
-0.4455858468715354,1.435455578420023,-20.000000000000007
-0.4424605900256473,1.446325323118731,-20.000000000000007
-0.44663633437110273,1.4325606013426861,-20.000000000000007
-0.4297695451773479,1.4111761814433308,-20.000000000000007
-0.4391843262978602,1.4313589939078386,-20.000000000000007
-0.44383722921346686,1.4354536499260886,-20.000000000000007
-0.4298382705335079,1.4095755796364324,-20.000000000000007
-0.429838270533508,1.4095755796364329,-20.000000000000007
-0.3946023589497799,1.4991824584900497,-20.000000000000007
-0.40063823739484616,1.496196640733311,-20.000000000000007
-0.4037296542785088,1.4972830163747797,-20.000000000000007
-0.42055136351075567,1.45706432834295,-20.000000000000007
-0.4440886397154618,1.4380392024525372,-20.000000000000007
-0.41996236129394915,1.4666853384376068,-20.000000000000007
-0.41146820051593574,1.4962469105342788,-20.000000000000007
-0.4004959849231192,1.495938542802348,-20.000000000000007
-0.41420826064981886,1.5077130120167697,-20.000000000000007
-0.43071107194450703,1.4076826948821286,-20.000000000000007
-0.4368400970746559,1.4190300829547622,-20.000000000000007
-0.429838270533508,1.4095755796364327,-20.000000000000007
-0.40081155966546905,1.4966036725479652,-20.000000000000007
-0.4028314650650133,1.4975174469120887,-20.000000000000007
-0.4035971400418219,1.4989333269321763,-20.000000000000007
-0.4136503206935185,1.499685483444732,-20.000000000000007
-0.43622060187575273,1.4088349774994402,-20.000000000000007
-0.4170648848271422,1.5093328283975997,-20.000000000000007
-0.4151549822124374,1.5130978580348398,-20.000000000000007
-0.41688926776665647,1.5212048853447036,-20.000000000000007
-0.42764032961502907,1.420830882123688,-20.000000000000007
-0.4452116322289037,1.4333438443855226,-20.000000000000007
-0.44074782871912965,1.4283109463701285,-20.000000000000007
-0.4205513635107557,1.4570643283429503,-20.000000000000007
-0.38919904857142285,1.4997689627781132,-20.000000000000007
-0.3845716242980772,1.4986387845325955,-20.000000000000007
-0.4033040590750949,1.498419184777165,-20.000000000000007
-0.41236594379467706,1.497402052983953,-20.000000000000007
-0.4360044257431559,1.4061894830044,-20.000000000000007
-0.4151786059017254,1.5130566808901382,-20.000000000000007
-0.40419115665261934,1.4937071171984697,-20.000000000000007
-0.400811559665469,1.4966036725479652,-20.000000000000007
-0.38918699865012885,1.499828510379327,-20.000000000000007
-0.40400122217514717,1.4956358227644326,-20.000000000000007
-0.387826100270278,1.50107319375486,-20.000000000000007
-0.37927431347293084,1.498596607556896,-20.000000000000007
-0.3678558954156428,1.4996849154379863,-20.000000000000007
-0.3827529863704252,1.5020738611113702,-20.000000000000007
-0.41024621360640606,1.4964555667287482,-20.000000000000007
-0.4183440471747438,1.4876139879048569,-20.000000000000007
-0.42530768631222327,1.431972880241302,-20.000000000000007
-0.39236276251337654,1.5023529549581935,-20.000000000000007
-0.38449974121220026,1.499906816383252,-20.000000000000007
-0.3879933974177887,1.5013153219474127,-20.000000000000007
-0.40400122217514717,1.4956358227644326,-20.000000000000007
-0.4277207323920443,1.4223162681901527,-20.000000000000007
-0.4101118295890799,1.4964307140925677,-20.000000000000007
-0.39688547288641274,1.4987018501369647,-20.000000000000007
-0.3779994864793542,1.4968509291217247,-20.000000000000007
-0.39075332640794314,1.5013626446950108,-20.000000000000007
-0.41480469104006434,1.5097724664214403,-20.000000000000007
-0.4170648848271422,1.5093328283976,-20.000000000000007
-0.4170648848271422,1.5093328283976,-20.000000000000007
-0.38799517244866527,1.5019714355558074,-20.000000000000007
-0.37940665598379614,1.5000969453374342,-20.000000000000007
-0.3828656618502452,1.4990423004844868,-20.000000000000007
-0.3877098423114621,1.500586786542516,-20.000000000000007
-0.403122899673381,1.4978488265423708,-20.000000000000007
-0.37219767777004453,1.4968682232281951,-20.000000000000007
-0.3580806977004156,1.5009075361793858,-20.000000000000007
-0.36334233466586646,1.4982435358479873,-20.000000000000007
-0.37764916801281084,1.4966707682444738,-20.000000000000007
-0.4125414174307965,1.4983459771889474,-20.000000000000007
-0.4125414174307965,1.4983459771889471,-20.000000000000007
-0.3998991238698577,1.496058221529369,-20.000000000000007
-0.3711458918153102,1.4922968048752163,-20.000000000000007
-0.36102909582202103,1.4976231095442494,-20.000000000000007
-0.36807888891713847,1.4988372548651632,-20.000000000000007
-0.37268425497349844,1.4939123423432419,-20.000000000000007
-0.38405716175640137,1.4999334468832215,-20.000000000000007
-0.35927016331357015,1.4972717841283363,-20.000000000000007
-0.35986598127462255,1.4974624620932784,-20.000000000000007
-0.3683994883537791,1.4988104924634853,-20.000000000000007
-0.37463960306414207,1.4931007471219577,-20.000000000000007
-0.39959097795080817,1.4961239888445805,-20.000000000000007
-0.3780112575127149,1.4971910562699307,-20.000000000000007
-0.3597563376680672,1.4974926956770187,-20.000000000000007
-0.3507396657253755,1.498515429101209,-20.000000000000007
-0.358774130304753,1.4991017573865546,-20.000000000000007
-0.38209324885259,1.5000193788392304,-20.000000000000007
-0.38401871661778153,1.4985376194008566,-20.000000000000007
-0.3829247457248666,1.4982129838808147,-20.000000000000007
-0.36083369120939845,1.4981941532398453,-20.000000000000007
-0.3608103321760834,1.4986796194819938,-20.000000000000007
-0.369903732791781,1.4991845951371865,-20.000000000000007
-0.37732652628987595,1.4977596221932834,-20.000000000000007
-0.3925391898857903,1.5033757719022955,-20.000000000000007
-0.3646101128099855,1.4986059158577394,-20.000000000000007
-0.3463219845219782,1.4962552647550211,-20.000000000000007
-0.3394906425594223,1.4996049216674323,-20.000000000000007
-0.33642083259799027,1.5013318849759594,-20.000000000000007
-0.359620562850298,1.4976588225336194,-20.000000000000007
-0.36288574631468484,1.4976716271661414,-20.000000000000007
-0.3662251473071754,1.4993676953088837,-20.000000000000007
-0.3559373094127061,1.5009507713117878,-20.000000000000007
-0.3589755092928269,1.4990836710671895,-20.000000000000007
-0.3728656753269764,1.49353433238244,-20.000000000000007
-0.37732652628987595,1.4977596221932834,-20.000000000000007
-0.38391169624093874,1.4989568589459838,-20.000000000000007
-0.3555695178031983,1.500197331901283,-20.000000000000007
-0.3398033389982903,1.4998119785068733,-20.000000000000007
-0.3361755598691616,1.5004149359410668,-20.000000000000007
-0.34372160987018086,1.4982563378942013,-20.000000000000007
-0.3727854299138503,1.4932819519758085,-20.000000000000007
-0.3680224343700936,1.499071055324335,-20.000000000000007
-0.37054149640128986,1.4992852013588487,-20.000000000000007
-0.3534256671067533,1.50090379744822,-20.000000000000007
-0.3439110245886667,1.4980203090185502,-20.000000000000007
-0.358774130304753,1.4991017573865548,-20.000000000000007
-0.35432891406160616,1.4997176765179705,-20.000000000000007
-0.3647941975293897,1.4984415302107013,-20.000000000000007
-0.3438879373273047,1.4980840525923467,-20.000000000000007
-0.33452902098372933,1.4972558273449346,-20.000000000000007
-0.33845793999809903,1.5013496845495726,-20.000000000000007
-0.3446181590343862,1.4969699480726575,-20.000000000000007
-0.3751743353398003,1.4932281625663906,-20.000000000000007
-0.3670409936805279,1.500898460378713,-20.000000000000007
-0.3508427391377386,1.4983712848815602,-20.000000000000007
-0.34162798130954664,1.4980431948566828,-20.000000000000007
-0.33950744092713503,1.4998767130290374,-20.000000000000007
-0.3606410512947724,1.4987363414971309,-20.000000000000007
-0.369903732791781,1.4991845951371865,-20.000000000000007
-0.3691689089355753,1.4984507159740552,-20.000000000000007
-0.3412285996560528,1.4990279298404467,-20.000000000000007
-0.3253874922273793,1.498640980629143,-20.000000000000007
-0.3268012011327567,1.4995474853497006,-20.000000000000007
-0.34110144382225605,1.4988882465205022,-20.000000000000007
-0.37219767777004453,1.4968682232281951,-20.000000000000007
-0.36334233466586646,1.4982435358479875,-20.000000000000007
-0.3564999028463344,1.5015033268292661,-20.000000000000007
-0.3491489473229181,1.4980809308294125,-20.000000000000007
-0.3391311583611848,1.5008434032547575,-20.000000000000007
-0.3580806977004156,1.5009075361793858,-20.000000000000007
-0.35326101372456875,1.5006238008907236,-20.000000000000007
-0.34199456207330037,1.4977984245721463,-20.000000000000007
-0.3251117658983811,1.4997126100342488,-20.000000000000007
-0.3202876157699306,1.499978158351574,-20.000000000000007
-0.35026459239734387,1.500978598157572,-20.000000000000007
-0.36778274174281345,1.5000672160837532,-20.000000000000007
-0.3928030991032226,1.5020691803398125,-20.000000000000007
-0.37401328425767255,1.4934198481212544,-20.000000000000007
-0.34645656057328844,1.4964802687347836,-20.000000000000007
-0.3368576365586098,1.5009651053887567,-20.000000000000007
-0.32110460533442486,1.5003642161893946,-20.000000000000007
-0.34464425871108556,1.4968361464986844,-20.000000000000007
-0.33910755036604473,1.5007119577181856,-20.000000000000007
-0.3287218159054346,1.4977872810628223,-20.000000000000007
-0.3274356599722146,1.5004461041528145,-20.000000000000007
-0.3390031452499911,1.5008915438999635,-20.000000000000007
-0.3705916335826417,1.4990812074750492,-20.000000000000007
-0.37779629405360693,1.4966991402215553,-20.000000000000007
-0.38314268468178053,1.502798701663154,-20.000000000000007
-0.35073966572537546,1.498515429101209,-20.000000000000007
-0.32496901188307425,1.4998511167267476,-20.000000000000007
-0.32971541732513315,1.4972455372714841,-20.000000000000007
-0.32648741881345356,1.498908779623033,-20.000000000000007
-0.3518693388769202,1.4990414870906223,-20.000000000000007
-0.3393800726650851,1.4994330882560127,-20.000000000000007
-0.3202876157699307,1.499978158351574,-20.000000000000007
-0.32028761576993064,1.4999781583515739,-20.000000000000007
-0.31796676303693766,1.4970899085288838,-20.000000000000007
-0.3502239915229113,1.50161516141791,-20.000000000000007
-0.3647941975293897,1.498441530210701,-20.000000000000007
-0.3658364528797369,1.4991308370310132,-20.000000000000007
-0.34862236243873956,1.4996546955170869,-20.000000000000007
-0.3345290209837294,1.4972558273449348,-20.000000000000007
-0.33921697116768823,1.5009612784332746,-20.000000000000007
-0.33359904531107964,1.496843509347439,-20.000000000000007
-0.35026459239734387,1.500978598157572,-20.000000000000007
-0.3324401585302416,1.4969486464259956,-20.000000000000007
-0.3271454112770955,1.5002987579055007,-20.000000000000007
-0.3456318664656341,1.4979299442867071,-20.000000000000007
-0.35571381764638327,1.500501775222971,-20.000000000000007
-0.38918699865012885,1.499828510379327,-20.000000000000007
-0.3793872800472436,1.4990407339844887,-20.000000000000007
-0.35567563821976106,1.5001201506737873,-20.000000000000007
-0.3276888274243007,1.5010552093838072,-20.000000000000007
-0.30889891619828647,1.507759840066076,-20.000000000000007
-0.3264086035928782,1.4987801794711713,-20.000000000000007
-0.3371974542592298,1.500855348185124,-20.000000000000007
-0.3586384757437984,1.4998888724000097,-20.000000000000007
-0.34996927529072713,1.5020624912109135,-20.000000000000007
-0.3460769641303265,1.4956878582958386,-20.000000000000007
-0.353338019969539,1.5009273931387144,-20.000000000000007
-0.3485022399137821,1.5003533938460138,-20.000000000000007
-0.36512043402452815,1.4994459290745508,-20.000000000000007
-0.34825809136860286,1.5010456361749525,-20.000000000000007
-0.3351542105611896,1.4995970329758708,-20.000000000000007
-0.32600161890756674,1.5004563879790942,-20.000000000000007
-0.3198218548147726,1.4974919633951238,-20.000000000000007
-0.3354928357868192,1.5000914657694757,-20.000000000000007
-0.3388387973675559,1.5008687933970857,-20.000000000000007
-0.3340842444488458,1.496945332725777,-20.000000000000007
-0.31639397569943034,1.4967174416503986,-20.000000000000007
-0.2943932088751053,1.5946848216936949,-20.000000000000007
-0.26311686092271447,1.7633229437224207,-20.000000000000007
-0.2290840101458849,1.9272000926378035,-20.000000000000007
-0.18842511370101275,1.5738540301251946,-20.000000000000007
-0.14969871320520373,1.437675006587023,-20.000000000000007
-0.13477851668463556,1.493063189381522,-20.000000000000007
-0.12684286767579064,1.5197244813100859,-20.000000000000007
-0.12540407940220547,1.5225030507157356,-20.000000000000007
-0.12477553846035513,1.5292050934076347,-20.000000000000007
-0.1247755384603551,1.5292050934076344,-20.000000000000007
-0.1247755384603551,1.5292050934076344,-20.000000000000007
-0.12477553846035513,1.5292050934076342,-20.000000000000007
-0.12477553846035512,1.5292050934076344,-20.000000000000007
-0.12477553846035512,1.5292050934076344,-20.000000000000007
-0.1247755384603551,1.5292050934076342,-20.000000000000007
-0.12477553846035512,1.5292050934076344,-20.000000000000007
-0.1247755384603551,1.5292050934076342,-20.000000000000007
-0.1247755384603551,1.5292050934076342,-20.000000000000007
-0.1109573479656689,1.5311353815265414,-20.000000000000007
-0.11095734796566889,1.5311353815265414,-20.000000000000007
-0.1109573479656689,1.5311353815265414,-20.000000000000007
-0.11095734796566892,1.5311353815265414,-20.000000000000007
-0.1109573479656689,1.5311353815265414,-20.000000000000007
-0.1109573479656689,1.5311353815265414,-20.000000000000007
-0.1109573479656689,1.5311353815265416,-20.000000000000007
-0.1109573479656689,1.5311353815265416,-20.000000000000007
-0.1109573479656689,1.5311353815265414,-20.000000000000007
-0.1109573479656689,1.5311353815265416,-20.000000000000007
-0.1109573479656689,1.5311353815265414,-20.000000000000007
-0.11095734796566889,1.5311353815265414,-20.000000000000007
-0.1109573479656689,1.5311353815265414,-20.000000000000007
-0.11095734796566889,1.5311353815265414,-20.000000000000007
-0.1109573479656689,1.5311353815265414,-20.000000000000007
-0.11095734796566889,1.5311353815265416,-20.000000000000007
-0.11095734796566889,1.5311353815265414,-20.000000000000007
-0.11095734796566889,1.5311353815265414,-20.000000000000007
-0.1109573479656689,1.5311353815265418,-20.000000000000007
-0.1109573479656689,1.5311353815265414,-20.000000000000007
-0.1109573479656689,1.5311353815265414,-20.000000000000007
-0.1109573479656689,1.5311353815265414,-20.000000000000007
-0.1109573479656689,1.5311353815265414,-20.000000000000007
-0.17259283802865877,1.5472393109831906,-20.000000000000007
-0.2485316828615717,1.7784212836840876,-20.000000000000007
-0.33855432399110985,1.5007758867035106,-20.000000000000007
-0.4170016811466243,1.5089768789305391,-20.000000000000007
-0.45769967629552305,1.392301817867179,-20.000000000000007
-0.5015828740866695,1.3920531660248476,-20.000000000000007
-0.5280786181812098,1.217063710872266,-20.000000000000007
-0.52992645794673,1.2058296236911354,-20.000000000000007
-0.5299466660305467,1.2048363508567348,-20.000000000000007
-0.5299466660305466,1.2048363508567348,-20.000000000000007
-0.5299466660305466,1.204836350856735,-20.000000000000007
-0.5299466660305467,1.2048363508567348,-20.000000000000007
-0.532330411233653,1.2004385451167106,-20.000000000000007
-0.5297503346443707,1.2122641228985378,-20.000000000000007
-0.5297503346443707,1.2122641228985378,-20.000000000000007
-0.5299466660305466,1.204836350856735,-20.000000000000007
-0.5299466660305467,1.204836350856735,-20.000000000000007
-0.5299466660305466,1.2048363508567348,-20.000000000000007
-0.5261960178600912,1.2943721841864362,-20.000000000000007
-0.461103877482537,1.3778466768016513,-20.000000000000007
-0.44309878543542924,1.4445054426153263,-20.000000000000007
-0.3889945404366938,1.4985161649058338,-20.000000000000007
-0.34842461398461483,1.5010480551316214,-20.000000000000007
-0.3654016129783699,1.4997570678125416,-20.000000000000007
-0.3017371129766966,1.5375917570201274,-20.000000000000007
-0.3186301283588796,1.4979586244134677,-20.000000000000007
-0.3224383200508206,1.498472606841665,-20.000000000000007
-0.2698537513357648,1.729933726443536,-20.000000000000007
-0.3179667630369377,1.4970899085288838,-20.000000000000007
-0.2820303456214964,1.5279614064518479,-20.000000000000007
-0.3134061406287617,1.5043921718149365,-20.000000000000007
-0.31123972958586055,1.4996814048370226,-20.000000000000007
-0.28199086297947396,1.5311414213806553,-20.000000000000007
-0.3179654207161399,1.4988867396770629,-20.000000000000007
-0.27084891904341846,1.7152176944935975,-20.000000000000007
-0.31890212433533555,1.4932315558916645,-20.000000000000007
-0.3038474405669899,1.5146589671861888,-20.000000000000007
-0.2953391957696394,1.593920780917532,-20.000000000000007
-0.3222314749583603,1.4982634455144894,-20.000000000000007
-0.27070502892147236,1.715151828887534,-20.000000000000007
-0.3242926058575972,1.5004730187778281,-20.000000000000007
-0.2962688450886666,1.5928976132165558,-20.000000000000007
-0.3012963805401483,1.5437193711189532,-20.000000000000007
-0.31639397569943045,1.4967174416503983,-20.000000000000007
-0.2804531042571861,1.5033523413564853,-20.000000000000007
-0.30677391376734775,1.5114988088153862,-20.000000000000007
-0.3127434769692857,1.5026173737787587,-20.000000000000007
-0.34335931090376604,1.4990409119938253,-20.000000000000007
-0.37221502152564456,1.4966586640555035,-20.000000000000007
-0.4166805272159163,1.5187958044609238,-20.000000000000007
-0.47119961715418185,1.341327341790996,-20.000000000000007
-0.5025952399485216,1.4036063480516459,-20.000000000000007
-0.5278362928687369,1.2751777789083412,-20.000000000000007
-0.5279159377776228,1.274878966692625,-20.000000000000007
-0.5295595045931815,1.2823809919045397,-20.000000000000007
-0.52992645794673,1.2058296236911352,-20.000000000000007
-0.5299466660305467,1.2048363508567348,-20.000000000000007
-0.5299466660305466,1.204836350856735,-20.000000000000007
-0.5299466660305466,1.204836350856735,-20.000000000000007
-0.5297041217148499,1.2130154810445701,-20.000000000000007
-0.52970412171485,1.2130154810445701,-20.000000000000007
-0.52970412171485,1.2130154810445701,-20.000000000000007
-0.5299520531199347,1.2738580183114578,-20.000000000000007
-0.4878274812392246,1.3688135429868582,-20.000000000000007
-0.418659721345857,1.507281838979,-20.000000000000007
-0.36943997205252804,1.5009044633779378,-20.000000000000007
-0.3443578514614396,1.497595162167594,-20.000000000000007
-0.3149462981126116,1.4935255396487181,-20.000000000000007
-0.2817266873839366,1.5202102580429688,-20.000000000000007
-0.3085853617769225,1.5085232448780213,-20.000000000000007
-0.27881415889704486,1.5414912978384492,-20.000000000000007
-0.3015978024915998,1.53927087820136,-20.000000000000007
-0.29711599363503305,1.5890535359292772,-20.000000000000007
-0.27587315521458355,1.616430419630096,-20.000000000000007
-0.3084722559860945,1.5095141707716904,-20.000000000000007
-0.2804531042571861,1.5033523413564853,-20.000000000000007
-0.32458818320620775,1.5002430351741602,-20.000000000000007
-0.30757449516110086,1.5084658732536629,-20.000000000000007
-0.29912753340386694,1.5655593256058802,-20.000000000000007
-0.30799068882256153,1.5106286559245699,-20.000000000000007
-0.2553149347624128,1.7677128403807039,-20.000000000000007
-0.3163939756994304,1.4967174416503986,-20.000000000000007
-0.2813064238042574,1.5245524931654217,-20.000000000000007
-0.3023842193969529,1.5330982155223123,-20.000000000000007
-0.30714822353341237,1.5109309658097099,-20.000000000000007
-0.2563505189301375,1.767761714963265,-20.000000000000007
-0.30440547892852227,1.507684226676324,-20.000000000000007
-0.28049810695019767,1.5029866584530565,-20.000000000000007
-0.2960718042815137,1.5920702221637777,-20.000000000000007
-0.33332299991551273,1.4976301482215926,-20.000000000000007
-0.35345692822478614,1.500301177607485,-20.000000000000007
-0.4020837373049132,1.4968389640582884,-20.000000000000007
-0.44074670952817424,1.4285069349172166,-20.000000000000007
-0.4827263799079555,1.3641288523701305,-20.000000000000007
-0.5255121226511903,1.2172653091213972,-20.000000000000007
-0.5299466660305467,1.204836350856735,-20.000000000000007
-0.5299466660305467,1.2048363508567348,-20.000000000000007
-0.5299466660305467,1.204836350856735,-20.000000000000007
-0.5299466660305467,1.204836350856735,-20.000000000000007
-0.5299466660305467,1.204836350856735,-20.000000000000007
-0.5299466660305467,1.2048363508567348,-20.000000000000007
-0.5299466660305467,1.2048363508567348,-20.000000000000007
-0.5299466660305466,1.204836350856735,-20.000000000000007
-0.5297041217148499,1.2130154810445701,-20.000000000000007
-0.5297503346443708,1.212264122898538,-20.000000000000007
-0.52970412171485,1.2130154810445701,-20.000000000000007
-0.5263673059351917,1.227360250881273,-20.000000000000007
-0.4295194635115309,1.41085792857469,-20.000000000000007
-0.40013076721885876,1.4968111937991395,-20.000000000000007
-0.3442685242055767,1.4981556869026553,-20.000000000000007
-0.30869402999055895,1.5084298940529348,-20.000000000000007
-0.304764438079528,1.5058256732878221,-20.000000000000007
-0.26538019587887957,1.765944105328857,-20.000000000000007
-0.3023065673849102,1.5361393486547783,-20.000000000000007
-0.2567351175748818,1.7709931520562903,-20.000000000000007
-0.3034743824173464,1.514828823677286,-20.000000000000007
-0.29038328551744896,1.581578645279842,-20.000000000000007
-0.2790894133262878,1.4995538572456284,-20.000000000000007
-0.3104262453442375,1.5020126934111546,-20.000000000000007
-0.26429046053214056,1.761769777702617,-20.000000000000007
-0.30914153305473946,1.5074766401431687,-20.000000000000007
-0.2860532905729102,1.5569524753689994,-20.000000000000007
-0.2955297810506084,1.590522613272618,-20.000000000000007
-0.2976243981164649,1.5832033797482843,-20.000000000000007
-0.27907369360631495,1.5405666259986974,-20.000000000000007
-0.3135993511133965,1.5036198554774676,-20.000000000000007
-0.27647212240300206,1.6130387626922733,-20.000000000000007
-0.3134446820443179,1.5048943063662037,-20.000000000000007
-0.3015068932623758,1.5415087090645396,-20.000000000000007
-0.2798454982039165,1.5151393536741804,-20.000000000000007
-0.3114009249428841,1.499831645162984,-20.000000000000007
-0.25727014479004495,1.7712270908717915,-20.000000000000007
-0.29410083622459116,1.5969692131908522,-20.000000000000007
-0.30135948136388524,1.5422330004717892,-20.000000000000007
-0.3036410904006948,1.5138245684873046,-20.000000000000007
-0.3463219845219782,1.4962552647550211,-20.000000000000007
-0.36802243437009363,1.4990710553243347,-20.000000000000007
-0.410246213606406,1.4964555667287482,-20.000000000000007
-0.4600718214762429,1.3847182340568933,-20.000000000000007
-0.4933256360650444,1.3896501138250066,-20.000000000000007
-0.5278362928687368,1.275177778908341,-20.000000000000007
-0.5278362928687369,1.275177778908341,-20.000000000000007
-0.5295595045931816,1.2823809919045397,-20.000000000000007
-0.5299466660305467,1.204836350856735,-20.000000000000007
-0.5299466660305467,1.204836350856735,-20.000000000000007
-0.5299466660305467,1.204836350856735,-20.000000000000007
-0.5297041217148499,1.21301548104457,-20.000000000000007
-0.5297041217148499,1.21301548104457,-20.000000000000007
-0.5299466660305466,1.204836350856735,-20.000000000000007
-0.5295595045931816,1.2823809919045397,-20.000000000000007
-0.5254017111036573,1.2260490382106828,-20.000000000000007
-0.5035448747089191,1.4033018950981904,-20.000000000000007
-0.43681337257266095,1.4201822850397938,-20.000000000000007
-0.35003967358456956,1.5016625399049046,-20.000000000000007
-0.3606410512947723,1.4987363414971306,-20.000000000000007
-0.2927311227050392,1.5859855855475673,-20.000000000000007
-0.3499692752907272,1.5020624912109133,-20.000000000000007
-0.33160860208880133,1.499224683152618,-20.000000000000007
-0.30309920219469993,1.5221947286009267,-20.000000000000007
-0.34293326724738576,1.498482120441853,-20.000000000000007
-0.2802170836056198,1.5080859965693256,-20.000000000000007
-0.34184562376458105,1.4974098014735258,-20.000000000000007
-0.3197734338356124,1.499989605707496,-20.000000000000007
-0.32211061353309733,1.4980412267208896,-20.000000000000007
-0.33338487870243094,1.49770142797583,-20.000000000000007
-0.30124254545362084,1.5446169436458195,-20.000000000000007
-0.346409690747822,1.4963780398278108,-20.000000000000007
-0.30447404250173693,1.505030425851831,-20.000000000000007
-0.36191520668279525,1.4982028825644296,-20.000000000000007
-0.3351370464123321,1.5006162283604507,-20.000000000000007
-0.3189001028364764,1.4961413594700943,-20.000000000000007
-0.3498403576806691,1.5008116163796634,-20.000000000000007
-0.27901052277628063,1.5403527312262346,-20.000000000000007
-0.3476408675395126,1.4996712420735272,-20.000000000000007
-0.3198933655653837,1.5001855715129104,-20.000000000000007
-0.3319643896145974,1.4975773330473245,-20.000000000000007
-0.3820664142207841,1.5004207717889888,-20.000000000000007
-0.36633889205777975,1.4998268729788162,-20.000000000000007
-0.41936974240461683,1.4707074648370664,-20.000000000000007
-0.43945934677707194,1.4327423161451278,-20.000000000000007
-0.4614693816456137,1.3720839184782019,-20.000000000000007
-0.4898479887351689,1.3826079372961746,-20.000000000000007
-0.5281431868301882,1.2165607624366275,-20.000000000000007
-0.5299466660305466,1.204836350856735,-20.000000000000007
-0.5299466660305467,1.204836350856735,-20.000000000000007
-0.5299466660305467,1.204836350856735,-20.000000000000007
-0.5299466660305467,1.204836350856735,-20.000000000000007
-0.5299466660305467,1.204836350856735,-20.000000000000007
-0.5299466660305467,1.204836350856735,-20.000000000000007
-0.5299466660305467,1.2048363508567348,-20.000000000000007
-0.5299466660305467,1.204836350856735,-20.000000000000007
-0.5297503346443708,1.2122641228985378,-20.000000000000007
-0.52970412171485,1.21301548104457,-20.000000000000007
-0.5297503346443707,1.212264122898538,-20.000000000000007
-0.5295595045931816,1.2823809919045397,-20.000000000000007
-0.5295595045931816,1.2823809919045397,-20.000000000000007
-0.5001952192316528,1.3886088020140592,-20.000000000000007
-0.4644815133835496,1.3483371697604283,-20.000000000000007
-0.41127224364476833,1.4967986655448413,-20.000000000000007
-0.461898598200554,1.3648794134873847,-20.000000000000007
-0.46134775739296807,1.3697214400998354,-20.000000000000007
-0.41091297314526254,1.4969408352521096,-20.000000000000007
-0.4736386363014944,1.338828693761545,-20.000000000000007
-0.4160893256088709,1.5118513419479505,-20.000000000000007
-0.5001952192316528,1.3886088020140595,-20.000000000000007
-0.5157218074748557,1.2831256824593755,-20.000000000000007
-0.4838299838125514,1.3621228802285075,-20.000000000000007
-0.527795488214079,1.2124005322736184,-20.000000000000007
-0.4639338749619758,1.3472332067786725,-20.000000000000007
-0.5279110239171594,1.2121225487555727,-20.000000000000007
-0.5235921128102574,1.2267241833894231,-20.000000000000007
-0.5301155025692634,1.2056640669816727,-20.000000000000007
-0.5304154053239456,1.2048783517851245,-20.000000000000007
-0.45663525252256193,1.3831918720426524,-20.000000000000007
-0.5270927845924099,1.2139625508243688,-20.000000000000007
-0.4852560905647442,1.3549730636120947,-20.000000000000007
-0.5323304112336531,1.2004385451167103,-20.000000000000007
-0.532330411233653,1.2004385451167106,-20.000000000000007
-0.5030650532025365,1.3972817309933079,-20.000000000000007
-0.5323304112336531,1.2004385451167106,-20.000000000000007
-0.47813612679616774,1.3516282356265568,-20.000000000000007
-0.45692809089610364,1.402418818247952,-20.000000000000007
-0.4534920608073281,1.3959585174077012,-20.000000000000007
-0.3810173434944457,1.5001958761666137,-20.000000000000007
-0.38770984231146216,1.5005867865425158,-20.000000000000007
-0.4138369321707402,1.5045253487955286,-20.000000000000007
-0.46065111177738793,1.3799105355996555,-20.000000000000007
-0.5039462148179049,1.4086247296553573,-20.000000000000007
-0.5278362928687368,1.275177778908341,-20.000000000000007
-0.5289860104040626,1.2778264168377926,-20.000000000000007
-0.5297041217148499,1.2130154810445701,-20.000000000000007
-0.5299466660305466,1.2048363508567348,-20.000000000000007
-0.5323304112336531,1.2004385451167103,-20.000000000000007
-0.532330411233653,1.2004385451167106,-20.000000000000007
-0.5323304112336531,1.2004385451167103,-20.000000000000007
-0.5323304112336531,1.2004385451167106,-20.000000000000007
-0.5323304112336531,1.2004385451167106,-20.000000000000007
-0.5323304112336531,1.2004385451167106,-20.000000000000007
-0.5323304112336531,1.2004385451167106,-20.000000000000007
-0.5323304112336531,1.2004385451167106,-20.000000000000007
-0.5323304112336531,1.2004385451167106,-20.000000000000007
-0.5323304112336531,1.2004385451167103,-20.000000000000007
-0.5109469047518173,1.3448934500078802,-20.000000000000007
-0.43873123956127935,1.431713024512732,-20.000000000000007
-0.4407074539476543,1.4283377708431984,-20.000000000000007
-0.4367661839415373,1.413186031441653,-20.000000000000007
-0.45546729624279425,1.3782904875213027,-20.000000000000007
-0.5276705581175187,1.2126982475380121,-20.000000000000007
-0.5278969549421089,1.2125198977006393,-20.000000000000007
-0.5088927457533952,1.3664230241247488,-20.000000000000007
-0.5323304112336531,1.2004385451167106,-20.000000000000007
-0.5250663996218176,1.2139508466213074,-20.000000000000007
-0.532330411233653,1.2004385451167106,-20.000000000000007
-0.5323304112336531,1.2004385451167106,-20.000000000000007
-0.5281431868301882,1.2165607624366275,-20.000000000000007
-0.5263673059351917,1.2273602508812733,-20.000000000000007
-0.5027703794909989,1.3970470714339664,-20.000000000000007
-0.4764340363404954,1.3395341423543417,-20.000000000000007
-0.508892745753395,1.3664230241247486,-20.000000000000007
-0.5042525376813354,1.4105663131622959,-20.000000000000007
-0.5050268231240608,1.419868106408894,-20.000000000000007
-0.5323304112336531,1.2004385451167106,-20.000000000000007
-0.5235921128102574,1.2267241833894234,-20.000000000000007
-0.532330411233653,1.2004385451167103,-20.000000000000007
-0.5281147463047136,1.208335427588896,-20.000000000000007
-0.49548961770678196,1.3864699719441498,-20.000000000000007
-0.4823267494538097,1.365427437258156,-20.000000000000007
-0.44535022786668255,1.4392928139416388,-20.000000000000007
-0.4567512034869478,1.3831251222871344,-20.000000000000007
-0.4891372588078141,1.3866140712155492,-20.000000000000007
-0.5253965869481101,1.2175432926394432,-20.000000000000007
-0.5299466660305466,1.2048363508567348,-20.000000000000007
-0.532330411233653,1.2004385451167106,-20.000000000000007
-0.5323304112336531,1.2004385451167103,-20.000000000000007
-0.5323304112336531,1.2004385451167103,-20.000000000000007
-0.5323304112336531,1.2004385451167106,-20.000000000000007
-0.5299466660305467,1.2048363508567348,-20.000000000000007
-0.5299466660305466,1.204836350856735,-20.000000000000007
-0.532330411233653,1.2004385451167103,-20.000000000000007
-0.532330411233653,1.2004385451167103,-20.000000000000007
-0.532330411233653,1.2004385451167103,-20.000000000000007
-0.532330411233653,1.2004385451167106,-20.000000000000007
-0.5323304112336531,1.2004385451167106,-20.000000000000007
-0.5323304112336531,1.2004385451167106,-20.000000000000007
-0.5323304112336531,1.2004385451167103,-20.000000000000007
-0.5323304112336531,1.2004385451167106,-20.000000000000007
-0.5299466660305467,1.2048363508567348,-20.000000000000007
-0.4983411753712464,1.383356700215907,-20.000000000000007
-0.4554672962427942,1.3782904875213025,-20.000000000000007
-0.42948230958212574,1.4094443724861117,-20.000000000000007
-0.4144214147978722,1.503800612855444,-20.000000000000007
-0.4931631384024264,1.3841932390400669,-20.000000000000007
-0.5018280465710235,1.3931392460245569,-20.000000000000007
-0.48913725880781417,1.3866140712155495,-20.000000000000007
-0.5288379149653172,1.212881036015004,-20.000000000000007
-0.5249260652154171,1.2144990146010457,-20.000000000000007
-0.5323304112336531,1.2004385451167103,-20.000000000000007
-0.5323304112336531,1.2004385451167106,-20.000000000000007
-0.5323304112336531,1.2004385451167106,-20.000000000000007
-0.5304984915078199,1.2039376218488715,-20.000000000000007
-0.53049849150782,1.2039376218488715,-20.000000000000007
-0.5301155025692634,1.205664066981673,-20.000000000000007
-0.5323304112336531,1.2004385451167106,-20.000000000000007
-0.532330411233653,1.2004385451167106,-20.000000000000007
-0.5323304112336531,1.2004385451167106,-20.000000000000007
-0.5323304112336531,1.2004385451167106,-20.000000000000007
-0.532330411233653,1.2004385451167106,-20.000000000000007
-0.532330411233653,1.2004385451167103,-20.000000000000007
-0.5297041217148499,1.21301548104457,-20.000000000000007
-0.5084717508524165,1.3511601143252079,-20.000000000000007
-0.47687900176168335,1.346572076624596,-20.000000000000007
-0.42976954517734794,1.4111761814433308,-20.000000000000007
-0.41011182958907993,1.4964307140925677,-20.000000000000007
-0.44156794133376864,1.43279070855404,-20.000000000000007
-0.4721908087185879,1.3391707833824218,-20.000000000000007
-0.5238755458726508,1.2873109268582232,-20.000000000000007
-0.5278362928687369,1.275177778908341,-20.000000000000007
-0.5289860104040625,1.2778264168377926,-20.000000000000007
-0.5297041217148499,1.21301548104457,-20.000000000000007
-0.5299466660305467,1.204836350856735,-20.000000000000007
-0.5323304112336531,1.2004385451167106,-20.000000000000007
-0.5323304112336531,1.2004385451167103,-20.000000000000007
-0.5323304112336531,1.2004385451167106,-20.000000000000007
-0.5323304112336531,1.2004385451167103,-20.000000000000007
-0.5323304112336531,1.2004385451167106,-20.000000000000007
-0.532330411233653,1.2004385451167106,-20.000000000000007
-0.5323304112336531,1.2004385451167106,-20.000000000000007
-0.5323304112336531,1.2004385451167106,-20.000000000000007
-0.532330411233653,1.2004385451167106,-20.000000000000007
-0.532330411233653,1.2004385451167106,-20.000000000000007
-0.5299466660305467,1.2048363508567348,-20.000000000000007
-0.4814247287236762,1.3602535205317343,-20.000000000000007
-0.44639449359513916,1.4354461069142266,-20.000000000000007
-0.44358246009882774,1.4392476832238417,-20.000000000000007
-0.5051179460114001,1.4176527345538448,-20.000000000000007
-0.532330411233653,1.2004385451167106,-20.000000000000007
-0.5323304112336531,1.2004385451167106,-20.000000000000007
-0.5323304112336531,1.2004385451167106,-20.000000000000007
-0.532330411233653,1.2004385451167106,-20.000000000000007
-0.532330411233653,1.2004385451167103,-20.000000000000007
-0.5323304112336531,1.2004385451167103,-20.000000000000007
-0.532330411233653,1.2004385451167103,-20.000000000000007
-0.532330411233653,1.2004385451167103,-20.000000000000007
-0.5323304112336531,1.2004385451167106,-20.000000000000007
-0.532330411233653,1.2004385451167106,-20.000000000000007
-0.532330411233653,1.2004385451167106,-20.000000000000007
-0.5323304112336531,1.2004385451167108,-20.000000000000007
-0.532330411233653,1.2004385451167106,-20.000000000000007
-0.532330411233653,1.2004385451167106,-20.000000000000007
-0.5323304112336531,1.2004385451167106,-20.000000000000007
-0.5323304112336531,1.2004385451167106,-20.000000000000007
-0.5323304112336531,1.2004385451167103,-20.000000000000007
-0.5299466660305466,1.204836350856735,-20.000000000000007
-0.5295595045931816,1.28238099190454,-20.000000000000007
-0.5295595045931816,1.28238099190454,-20.000000000000007
-0.5022215258289846,1.392254599196182,-20.000000000000007
-0.5001952192316529,1.3886088020140595,-20.000000000000007
-0.510931500441977,1.3451439027232244,-20.000000000000007
-0.527701445240432,1.2115517819732984,-20.000000000000007
-0.5299466660305467,1.204836350856735,-20.000000000000007
-0.5299466660305467,1.204836350856735,-20.000000000000007
-0.5299466660305466,1.204836350856735,-20.000000000000007
-0.532330411233653,1.2004385451167103,-20.000000000000007
-0.532330411233653,1.2004385451167106,-20.000000000000007
-0.532330411233653,1.2004385451167103,-20.000000000000007
-0.5299466660305466,1.204836350856735,-20.000000000000007
-0.5299466660305466,1.204836350856735,-20.000000000000007
-0.5297503346443707,1.2122641228985378,-20.000000000000007
-0.5297041217148499,1.2130154810445701,-20.000000000000007
-0.5299466660305467,1.204836350856735,-20.000000000000007
-0.5295595045931816,1.2823809919045397,-20.000000000000007
-0.52970412171485,1.21301548104457,-20.000000000000007
-0.5297503346443708,1.2122641228985378,-20.000000000000007
-0.5281431868301882,1.2165607624366275,-20.000000000000007
-0.47830051022601044,1.351258132811946,-20.000000000000007
-0.44295906605766644,1.443182040407602,-20.000000000000007
-0.44180919398534796,1.4343210198605905,-20.000000000000007
-0.429769545177348,1.4111761814433303,-20.000000000000007
-0.4386342159992471,1.4334200169529,-20.000000000000007
-0.4194256593864786,1.4718678959298597,-20.000000000000007
-0.46055754944108307,1.3811115694092266,-20.000000000000007
-0.4721479089114272,1.3392720721218458,-20.000000000000007
-0.5083781792880826,1.3543447068853935,-20.000000000000007
-0.5277052809811676,1.2759412083348038,-20.000000000000007
-0.49950356130076823,1.3824889747981026,-20.000000000000007
-0.5166999416381524,1.304454344055464,-20.000000000000007
-0.5034269827391067,1.399143996358065,-20.000000000000007
-0.5207484257447355,1.2865154348823522,-20.000000000000007
-0.5278362928687368,1.2751777789083412,-20.000000000000007
-0.5278362928687368,1.275177778908341,-20.000000000000007
-0.5289860104040625,1.277826416837793,-20.000000000000007
-0.5210245781521821,1.2427382595022893,-20.000000000000007
-0.5269553282912837,1.2926816024056007,-20.000000000000007
-0.52970412171485,1.21301548104457,-20.000000000000007
-0.52970412171485,1.21301548104457,-20.000000000000007
-0.529437954164768,1.220064463487485,-20.000000000000007
-0.5297041217148499,1.2130154810445701,-20.000000000000007
-0.5039347368394513,1.41054128929469,-20.000000000000007
-0.44597622850110946,1.4402391789970999,-20.000000000000007
-0.4151786059017254,1.513056680890138,-20.000000000000007
-0.4028314650650134,1.4975174469120889,-20.000000000000007
-0.4452116322289036,1.4333438443855222,-20.000000000000007
-0.4712060922411877,1.3406959842335555,-20.000000000000007
-0.5207484257447356,1.2865154348823522,-20.000000000000007
-0.5278362928687368,1.275177778908341,-20.000000000000007
-0.5289860104040626,1.2778264168377926,-20.000000000000007
-0.5297041217148499,1.2130154810445704,-20.000000000000007
-0.5299466660305465,1.204836350856735,-20.000000000000007
-0.5323304112336531,1.2004385451167106,-20.000000000000007
-0.52970412171485,1.21301548104457,-20.000000000000007
-0.5295595045931816,1.2823809919045401,-20.000000000000007
-0.5297041217148499,1.2130154810445701,-20.000000000000007
-0.5323304112336531,1.2004385451167106,-20.000000000000007
-0.532330411233653,1.2004385451167106,-20.000000000000007
-0.532330411233653,1.2004385451167108,-20.000000000000007
-0.5323304112336531,1.2004385451167106,-20.000000000000007
-0.5323304112336531,1.2004385451167106,-20.000000000000007
-0.5323304112336531,1.2004385451167106,-20.000000000000007
-0.5021866320518404,1.3936416310017847,-20.000000000000007
-0.44663633437110273,1.4325606013426864,-20.000000000000007
-0.38399496126661486,1.4989240116750562,-20.000000000000007
-0.3879933974177887,1.5013153219474127,-20.000000000000007
-0.3824128646918142,1.5033297264341157,-20.000000000000007
-0.34199456207330037,1.4977984245721465,-20.000000000000007
-0.41668052721591636,1.5187958044609238,-20.000000000000007
-0.38509359074368366,1.5008374974427443,-20.000000000000007
-0.4768799938397884,1.3465347476386436,-20.000000000000007
-0.48337058614390327,1.3754997778075535,-20.000000000000007
-0.4433318120139905,1.443111376676256,-20.000000000000007
-0.48370355175679,1.369736410542346,-20.000000000000007
-0.41228330244079275,1.4970975759510783,-20.000000000000007
-0.4856011234502188,1.3611717905234357,-20.000000000000007
-0.4773103564899378,1.3480063501104187,-20.000000000000007
-0.4850412471025063,1.3631746505338922,-20.000000000000007
-0.5039347368394513,1.4105412892946898,-20.000000000000007
-0.45212278207741075,1.4000875663280472,-20.000000000000007
-0.5252403977480866,1.2909193677643849,-20.000000000000007
-0.5018280465710236,1.393139246024557,-20.000000000000007
-0.5297041217148499,1.21301548104457,-20.000000000000007
-0.5281893997597091,1.2158094042905951,-20.000000000000007
-0.4919187245230051,1.3856294461032568,-20.000000000000007
-0.48654341399924406,1.3551015331999938,-20.000000000000007
-0.4299831995885516,1.4087136744818152,-20.000000000000007
-0.4614693816456137,1.372083918478202,-20.000000000000007
-0.4768101302517399,1.3413995308197784,-20.000000000000007
-0.5187504018865794,1.2556852482130771,-20.000000000000007
-0.5281147463047137,1.2083354275888958,-20.000000000000007
-0.5299466660305467,1.204836350856735,-20.000000000000007
-0.532330411233653,1.2004385451167106,-20.000000000000007
-0.5323304112336531,1.2004385451167103,-20.000000000000007
-0.5323304112336531,1.20043854511671,-20.000000000000007
-0.5323304112336531,1.2004385451167103,-20.000000000000007
-0.5323304112336531,1.2004385451167106,-20.000000000000007
-0.5297751702598072,1.283178844198598,-20.000000000000007
-0.5300079310451384,1.2794635503343166,-20.000000000000007
-0.5297041217148499,1.21301548104457,-20.000000000000007
-0.5323304112336531,1.2004385451167106,-20.000000000000007
-0.5323304112336531,1.2004385451167106,-20.000000000000007
-0.5323304112336531,1.2004385451167106,-20.000000000000007
-0.532330411233653,1.2004385451167103,-20.000000000000007
-0.532330411233653,1.2004385451167103,-20.000000000000007
-0.532330411233653,1.2004385451167103,-20.000000000000007
-0.5010030806629847,1.3877023566225153,-20.000000000000007
-0.44180919398534796,1.4343210198605907,-20.000000000000007
-0.35575141595087567,1.5005163042094616,-20.000000000000007
-0.36994755650660693,1.499385289872997,-20.000000000000007
-0.3751743353398004,1.4932281625663906,-20.000000000000007
-0.3474945878292014,1.4996385435599004,-20.000000000000007
-0.4175112688953257,1.5052283824901211,-20.000000000000007
-0.3893351137146823,1.501397532830496,-20.000000000000007
-0.47016536448706586,1.3436701478189153,-20.000000000000007
-0.4729504007996237,1.3383057099113262,-20.000000000000007
-0.4459459752528089,1.4409363688841843,-20.000000000000007
-0.47229495287475404,1.3371382529790867,-20.000000000000007
-0.40489169994070734,1.4996331861566616,-20.000000000000007
-0.4838776398238488,1.3703841680571551,-20.000000000000007
-0.4699172772452659,1.344622210600075,-20.000000000000007
-0.5077416559711635,1.3604170101568271,-20.000000000000007
-0.5051154209107288,1.4036247166353144,-20.000000000000007
-0.44142968147927075,1.432553407214855,-20.000000000000007
-0.508537270248328,1.372028700624123,-20.000000000000007
-0.4527575861215441,1.3949526376595665,-20.000000000000007
-0.527732502497007,1.218600784214847,-20.000000000000007
-0.5299466660305466,1.2048363508567348,-20.000000000000007
-0.4917207193543272,1.3840138588710982,-20.000000000000007
-0.4787462990213365,1.3531291454270773,-20.000000000000007
-0.3943578647255582,1.5002212572122722,-20.000000000000007
-0.4044000785146337,1.4935944589599126,-20.000000000000007
-0.40440007851463367,1.4935944589599124,-20.000000000000007
-0.45767184819924156,1.4103692528135012,-20.000000000000007
-0.5007822196160245,1.3865672910575322,-20.000000000000007
-0.5277052809811676,1.2759412083348038,-20.000000000000007
-0.5278362928687368,1.2751777789083412,-20.000000000000007
-0.5289860104040625,1.2778264168377929,-20.000000000000007
-0.52970412171485,1.2130154810445701,-20.000000000000007
-0.5299466660305467,1.204836350856735,-20.000000000000007
-0.532330411233653,1.2004385451167106,-20.000000000000007
-0.5297751702598072,1.2831788441985983,-20.000000000000007
-0.5300079310451384,1.2794635503343166,-20.000000000000007
-0.5297503346443708,1.212264122898538,-20.000000000000007
-0.5299466660305467,1.204836350856735,-20.000000000000007
-0.532330411233653,1.2004385451167106,-20.000000000000007
-0.532330411233653,1.2004385451167106,-20.000000000000007
-0.532330411233653,1.2004385451167103,-20.000000000000007
-0.5323304112336531,1.2004385451167103,-20.000000000000007
-0.532330411233653,1.2004385451167103,-20.000000000000007
-0.48455751148212745,1.3701055402808693,-20.000000000000007
-0.4375358443221156,1.4229116882845254,-20.000000000000007
-0.3486171032257888,1.4998118123900943,-20.000000000000007
-0.3907755536105026,1.5015470282997547,-20.000000000000007
-0.38624978096152873,1.501565020174286,-20.000000000000007
-0.35975633766806725,1.4974926956770187,-20.000000000000007
-0.41791523119424595,1.4955254951461119,-20.000000000000007
-0.3806247989318459,1.500426172802732,-20.000000000000007
-0.4640600287471723,1.3519650101169522,-20.000000000000007
-0.4640600287471723,1.3519650101169522,-20.000000000000007
-0.460071821476243,1.3847182340568935,-20.000000000000007
-0.48045233205492544,1.3592303084176072,-20.000000000000007
-0.4158827886724675,1.5179559282292534,-20.000000000000007
-0.48800204643437517,1.3726455051156534,-20.000000000000007
-0.45598689874247544,1.3900194410147675,-20.000000000000007
-0.5039462148179049,1.4086247296553576,-20.000000000000007
-0.5041978584900978,1.4064813590096203,-20.000000000000007
-0.4442832114074854,1.436066372688503,-20.000000000000007
-0.5211164695653745,1.2969100565196852,-20.000000000000007
-0.4728380459071637,1.3344192763904492,-20.000000000000007
-0.52970412171485,1.2130154810445701,-20.000000000000007
-0.5299466660305466,1.2048363508567348,-20.000000000000007
-0.5031896692861658,1.3992352022419925,-20.000000000000007
-0.5005886984896138,1.3877241551856843,-20.000000000000007
-0.43689600905258635,1.4156307669890977,-20.000000000000007
-0.4572843991333101,1.39262988095878,-20.000000000000007
-0.471803761396849,1.3376600673721768,-20.000000000000007
-0.5095055924173386,1.358386446774498,-20.000000000000007
-0.5299466660305467,1.2048363508567348,-20.000000000000007
-0.5299466660305466,1.204836350856735,-20.000000000000007
-0.532330411233653,1.2004385451167103,-20.000000000000007
-0.532330411233653,1.20043854511671,-20.000000000000007
-0.532330411233653,1.2004385451167106,-20.000000000000007
-0.5323304112336531,1.2004385451167106,-20.000000000000007
-0.532330411233653,1.2004385451167106,-20.000000000000007
-0.5299520531199348,1.273858018311458,-20.000000000000007
-0.5295595045931816,1.2823809919045397,-20.000000000000007
-0.5297041217148499,1.21301548104457,-20.000000000000007
-0.5299466660305466,1.204836350856735,-20.000000000000007
-0.5323304112336531,1.2004385451167106,-20.000000000000007
-0.532330411233653,1.2004385451167103,-20.000000000000007
-0.532330411233653,1.2004385451167106,-20.000000000000007
-0.5323304112336531,1.2004385451167106,-20.000000000000007
-0.532330411233653,1.2004385451167103,-20.000000000000007
-0.5083781792880826,1.3543447068853938,-20.000000000000007
-0.4443775707335637,1.4337746637233781,-20.000000000000007
-0.3382430571948889,1.5007460517679334,-20.000000000000007
-0.369475882764968,1.498398051073517,-20.000000000000007
-0.37486411678593856,1.4929899074146533,-20.000000000000007
-0.36628848947311465,1.4993391446090014,-20.000000000000007
-0.4196773274284663,1.469242865998161,-20.000000000000007
-0.39435786472555834,1.5002212572122722,-20.000000000000007
-0.4782593825903372,1.3521531067681485,-20.000000000000007
-0.4702992622782436,1.34446350314765,-20.000000000000007
-0.47999648600769745,1.3570910711379627,-20.000000000000007
-0.48045233205492544,1.3592303084176074,-20.000000000000007
-0.41239421860554615,1.497649901376328,-20.000000000000007
-0.48544822215794103,1.3610587644048622,-20.000000000000007
-0.44663089958190294,1.432307722759625,-20.000000000000007
-0.5170436112448056,1.3063956391444698,-20.000000000000007
-0.5171232561536916,1.3060968269287532,-20.000000000000007
-0.4576141987524117,1.3925392663583707,-20.000000000000007
-0.5183643596401695,1.3100595547518494,-20.000000000000007
-0.4554363485528172,1.3784689786246016,-20.000000000000007
-0.5266148793967284,1.2256290246460004,-20.000000000000007
-0.5279118458616028,1.2088329062506724,-20.000000000000007
-0.4755915587527231,1.3432758954871669,-20.000000000000007
-0.47016536448706586,1.3436701478189153,-20.000000000000007
-0.3900584464002523,1.5024695226242444,-20.000000000000007
-0.4028314650650134,1.4975174469120889,-20.000000000000007
-0.4168892677666564,1.5212048853447038,-20.000000000000007
-0.4563129924631087,1.3953406804441821,-20.000000000000007
-0.5077416559711635,1.3604170101568271,-20.000000000000007
-0.5273565704012009,1.2766708345373932,-20.000000000000007
-0.5278362928687368,1.275177778908341,-20.000000000000007
-0.5300079310451383,1.2794635503343164,-20.000000000000007
-0.5297503346443707,1.2122641228985378,-20.000000000000007
-0.5299466660305466,1.204836350856735,-20.000000000000007
-0.5299466660305466,1.204836350856735,-20.000000000000007
-0.5294379541647681,1.220064463487485,-20.000000000000007
-0.5295595045931816,1.2823809919045397,-20.000000000000007
-0.5297503346443708,1.2122641228985378,-20.000000000000007
-0.5323304112336531,1.2004385451167106,-20.000000000000007
-0.532330411233653,1.2004385451167103,-20.000000000000007
-0.532330411233653,1.2004385451167106,-20.000000000000007
-0.5323304112336531,1.2004385451167103,-20.000000000000007
-0.5323304112336531,1.2004385451167106,-20.000000000000007
-0.5323304112336531,1.2004385451167106,-20.000000000000007
-0.49771668579407735,1.3819764146609375,-20.000000000000007
-0.44295906605766644,1.443182040407602,-20.000000000000007
-0.3446181590343862,1.4969699480726573,-20.000000000000007
-0.37732652628987595,1.4977596221932836,-20.000000000000007
-0.38782610027027803,1.5010731937548603,-20.000000000000007
-0.3710984668296687,1.4929723615444768,-20.000000000000007
-0.4149455147919472,1.5116370698978088,-20.000000000000007
-0.3791102829177187,1.4993612010895059,-20.000000000000007
-0.4569280908961036,1.4024188182479522,-20.000000000000007
-0.4509523485267558,1.4099579683058545,-20.000000000000007
-0.4752827339236797,1.3441409216020712,-20.000000000000007
-0.4837132129832781,1.3699179222750182,-20.000000000000007
-0.4151786059017255,1.513056680890138,-20.000000000000007
-0.4854487636222914,1.3610152411220762,-20.000000000000007
-0.4389981751173251,1.4299910292566118,-20.000000000000007
-0.5039462148179049,1.4086247296553576,-20.000000000000007
-0.5085372702483278,1.372028700624123,-20.000000000000007
-0.44378940358839675,1.4377156852877457,-20.000000000000007
-0.5109260466768301,1.350649949287613,-20.000000000000007
-0.4489295667765625,1.4193674195658235,-20.000000000000007
-0.525286175400577,1.2263270217287285,-20.000000000000007
-0.5281147463047136,1.2083354275888958,-20.000000000000007
-0.49937390060460235,1.384181981911557,-20.000000000000007
-0.5049066874434758,1.4231995729922269,-20.000000000000007
-0.4559633428337103,1.3964009965354667,-20.000000000000007
-0.4730817666016013,1.3418130672882256,-20.000000000000007
-0.4864626389817346,1.356778216072476,-20.000000000000007
-0.5051179460114001,1.4176527345538452,-20.000000000000007
-0.5299466660305467,1.2048363508567348,-20.000000000000007
-0.5299466660305467,1.2048363508567348,-20.000000000000007
-0.532330411233653,1.2004385451167106,-20.000000000000007
-0.532330411233653,1.2004385451167106,-20.000000000000007
-0.5323304112336531,1.2004385451167106,-20.000000000000007
-0.5323304112336531,1.2004385451167103,-20.000000000000007
-0.5323304112336531,1.2004385451167106,-20.000000000000007
-0.5295595045931816,1.28238099190454,-20.000000000000007
-0.5289860104040625,1.2778264168377929,-20.000000000000007
-0.5297041217148499,1.2130154810445701,-20.000000000000007
-0.5323304112336531,1.2004385451167106,-20.000000000000007
-0.532330411233653,1.2004385451167103,-20.000000000000007
-0.5323304112336531,1.2004385451167106,-20.000000000000007
-0.5323304112336531,1.2004385451167106,-20.000000000000007
-0.532330411233653,1.2004385451167106,-20.000000000000007
-0.532330411233653,1.2004385451167103,-20.000000000000007
-0.5039347368394513,1.4105412892946898,-20.000000000000007
-0.4429996076485113,1.443326995301033,-20.000000000000007
-0.32917253581208783,1.4977681687595348,-20.000000000000007
-0.35838707502221456,1.5009419106205937,-20.000000000000007
-0.36512043402452815,1.4994459290745508,-20.000000000000007
-0.3634633616635778,1.4977056682411667,-20.000000000000007
-0.41411314982425107,1.5068791278148104,-20.000000000000007
-0.38400645835098757,1.4981686440381663,-20.000000000000007
-0.46310378918747375,1.353816175136974,-20.000000000000007
-0.4571629352664083,1.4025959023105188,-20.000000000000007
-0.483629728434489,1.3712158663829423,-20.000000000000007
-0.4788320021962558,1.353753597809718,-20.000000000000007
-0.4049703285966517,1.5011965328211594,-20.000000000000007
-0.47214790891142727,1.3392720721218458,-20.000000000000007
-0.41720025240939174,1.5079831528679581,-20.000000000000007
-0.5026575479903364,1.4045830836759883,-20.000000000000007
-0.5047482785775439,1.4086405966549125,-20.000000000000007
-0.45547379628447004,1.3788382196635516,-20.000000000000007
-0.5155172337691319,1.3260460230078723,-20.000000000000007
-0.44735902915292064,1.4322221784822666,-20.000000000000007
-0.5266148793967284,1.2256290246460004,-20.000000000000007
-0.5281147463047136,1.2083354275888958,-20.000000000000007
-0.4850807208414305,1.3558137861015782,-20.000000000000007
-0.48424325485324576,1.3697339886878654,-20.000000000000007
-0.40289306053402435,1.4976765615742484,-20.000000000000007
-0.40358949007075606,1.4992216185820633,-20.000000000000007
-0.4170648848271422,1.5093328283976,-20.000000000000007
-0.4432197161562041,1.4442310916114525,-20.000000000000007
-0.5039462148179048,1.4086247296553573,-20.000000000000007
-0.5242558191712328,1.2854101916781382,-20.000000000000007
-0.5278362928687369,1.275177778908341,-20.000000000000007
-0.5289860104040625,1.2778264168377926,-20.000000000000007
-0.5297041217148499,1.21301548104457,-20.000000000000007
-0.5299466660305467,1.2048363508567348,-20.000000000000007
-0.5299466660305467,1.2048363508567348,-20.000000000000007
-0.5295595045931816,1.2823809919045397,-20.000000000000007
-0.5295595045931816,1.2823809919045397,-20.000000000000007
-0.5297503346443708,1.2122641228985378,-20.000000000000007
-0.5323304112336531,1.2004385451167106,-20.000000000000007
-0.5323304112336531,1.2004385451167106,-20.000000000000007
-0.532330411233653,1.2004385451167106,-20.000000000000007
-0.5323304112336531,1.2004385451167106,-20.000000000000007
-0.5323304112336531,1.2004385451167108,-20.000000000000007
-0.5323304112336531,1.2004385451167103,-20.000000000000007
-0.5167623303927278,1.3077790603749273,-20.000000000000007
-0.429604552047729,1.4126394227380872,-20.000000000000007
-0.33315366459411055,1.4969053323735093,-20.000000000000007
-0.34820389164495713,1.500683124798591,-20.000000000000007
-0.39433221827830506,1.4998731744914877,-20.000000000000007
-0.46003154190943324,1.3852220913568352,-20.000000000000007
-0.5035365122950216,1.4120353503732714,-20.000000000000007
-0.5273565704012008,1.2766708345373934,-20.000000000000007
-0.5278362928687369,1.275177778908341,-20.000000000000007
-0.5278362928687368,1.2751777789083412,-20.000000000000007
-0.5278362928687368,1.2751777789083412,-20.000000000000007
-0.5278362928687368,1.275177778908341,-20.000000000000007
-0.5198270643655125,1.2918598882096906,-20.000000000000007
-0.525232704561251,1.2878370905295315,-20.000000000000007
-0.5165736018626811,1.30501726549539,-20.000000000000007
-0.5252327045612509,1.2878370905295315,-20.000000000000007
-0.5289860104040626,1.2778264168377926,-20.000000000000007
-0.5297041217148499,1.21301548104457,-20.000000000000007
-0.5297041217148499,1.21301548104457,-20.000000000000007
-0.5299466660305467,1.2048363508567348,-20.000000000000007
-0.5299466660305467,1.204836350856735,-20.000000000000007
-0.5299466660305467,1.204836350856735,-20.000000000000007
-0.5295595045931816,1.28238099190454,-20.000000000000007
-0.5213570642974769,1.2951696378323307,-20.000000000000007
-0.5104728506335958,1.3545128002279019,-20.000000000000007
-0.48115916164534134,1.3583134890771424,-20.000000000000007
-0.4757630462052393,1.340101326119028,-20.000000000000007
-0.5051179460114003,1.4176527345538452,-20.000000000000007
-0.5299466660305467,1.2048363508567348,-20.000000000000007
-0.5299466660305466,1.204836350856735,-20.000000000000007
-0.5299466660305466,1.204836350856735,-20.000000000000007
-0.532330411233653,1.2004385451167106,-20.000000000000007
-0.532330411233653,1.2004385451167103,-20.000000000000007
-0.532330411233653,1.2004385451167106,-20.000000000000007
-0.5299466660305467,1.2048363508567348,-20.000000000000007
-0.5289860104040626,1.2778264168377929,-20.000000000000007
-0.5289860104040625,1.2778264168377929,-20.000000000000007
-0.5297503346443707,1.2122641228985378,-20.000000000000007
-0.532330411233653,1.2004385451167103,-20.000000000000007
-0.5323304112336531,1.2004385451167106,-20.000000000000007
-0.5323304112336531,1.2004385451167103,-20.000000000000007
-0.5323304112336531,1.2004385451167106,-20.000000000000007
-0.532330411233653,1.2004385451167103,-20.000000000000007
-0.532330411233653,1.2004385451167103,-20.000000000000007
-0.4834032065766042,1.374268634021928,-20.000000000000007
-0.43600442574315595,1.4061894830044002,-20.000000000000007
-0.33282036810906573,1.4973161253533216,-20.000000000000007
-0.3773265262898759,1.4977596221932834,-20.000000000000007
-0.3793041410296537,1.4991895779716813,-20.000000000000007
-0.4292618799130289,1.416393897028114,-20.000000000000007
-0.44369783242680283,1.4368142773107135,-20.000000000000007
-0.38062493507776685,1.5002649469106004,-20.000000000000007
-0.44970468105225997,1.4174352190059276,-20.000000000000007
-0.4122833024407927,1.497097575951078,-20.000000000000007
-0.48376468510950293,1.3703231481332276,-20.000000000000007
-0.5039462148179048,1.4086247296553573,-20.000000000000007
-0.4470366788927331,1.4313022724278,-20.000000000000007
-0.48544876362229133,1.3610152411220762,-20.000000000000007
-0.4150015216496126,1.5128273626810895,-20.000000000000007
-0.4806932812213254,1.3593229558561017,-20.000000000000007
-0.48741945275878773,1.3624504226695544,-20.000000000000007
-0.5088927457533952,1.3664230241247488,-20.000000000000007
-0.5277587626081895,1.2945783789291574,-20.000000000000007
-0.4646711148071577,1.3450435343527145,-20.000000000000007
-0.5277325024970069,1.2186007842148467,-20.000000000000007
-0.5001952192316528,1.3886088020140592,-20.000000000000007
-0.48504124710250635,1.3631746505338922,-20.000000000000007
-0.49771668579407735,1.3819764146609375,-20.000000000000007
-0.410897082219357,1.4953634837298138,-20.000000000000007
-0.40451566113769255,1.4969889507476999,-20.000000000000007
-0.41834404717474377,1.4876139879048569,-20.000000000000007
-0.4454514581752086,1.4357602371187386,-20.000000000000007
-0.5025952399485216,1.4036063480516459,-20.000000000000007
-0.5278362928687368,1.2751777789083412,-20.000000000000007
-0.5279159377776228,1.2748789666926248,-20.000000000000007
-0.5295595045931815,1.28238099190454,-20.000000000000007
-0.5297503346443707,1.212264122898538,-20.000000000000007
-0.5299466660305466,1.204836350856735,-20.000000000000007
-0.5299466660305467,1.204836350856735,-20.000000000000007
-0.5289860104040625,1.2778264168377929,-20.000000000000007
-0.5289860104040626,1.2778264168377929,-20.000000000000007
-0.52970412171485,1.2130154810445701,-20.000000000000007
-0.5299466660305466,1.2048363508567348,-20.000000000000007
-0.5323304112336531,1.2004385451167103,-20.000000000000007
-0.5323304112336531,1.2004385451167106,-20.000000000000007
-0.5323304112336531,1.2004385451167106,-20.000000000000007
-0.5323304112336531,1.2004385451167106,-20.000000000000007
-0.5299466660305466,1.204836350856735,-20.000000000000007
-0.5010030806629847,1.3877023566225153,-20.000000000000007
-0.43679933927499043,1.4196912655484626,-20.000000000000007
-0.3355859902957629,1.49971423303544,-20.000000000000007
-0.369903732791781,1.4991845951371863,-20.000000000000007
-0.37732652628987595,1.4977596221932836,-20.000000000000007
-0.44265396792265,1.4430152893589439,-20.000000000000007
-0.4580497046640275,1.4088832053656537,-20.000000000000007
-0.40502313709744453,1.501123082030807,-20.000000000000007
-0.4731685402278861,1.341552249185532,-20.000000000000007
-0.41942565938647847,1.47186789592986,-20.000000000000007
-0.4837646851095029,1.3703231481332276,-20.000000000000007
-0.5007822196160245,1.3865672910575326,-20.000000000000007
-0.44544937238070714,1.436069383686109,-20.000000000000007
-0.4837646851095029,1.3703231481332276,-20.000000000000007
-0.42530768631222315,1.431972880241302,-20.000000000000007
-0.4995035613007683,1.3824889747981026,-20.000000000000007
-0.5032473319901641,1.402266261214308,-20.000000000000007
-0.5187250251967095,1.312929631034168,-20.000000000000007
-0.5262382247852423,1.293180137351236,-20.000000000000007
-0.45645129345382035,1.3818075670975078,-20.000000000000007
-0.5254017111036573,1.226049038210683,-20.000000000000007
-0.5032122652199691,1.3994810739815946,-20.000000000000007
-0.505262162948543,1.4175938964928527,-20.000000000000007
-0.5249933461250921,1.2904920982680284,-20.000000000000007
-0.47360702705281776,1.342077618771103,-20.000000000000007
-0.47559008850674844,1.337885305992502,-20.000000000000007
-0.4989804213466412,1.385066628739932,-20.000000000000007
-0.5175911302218912,1.2632342435428725,-20.000000000000007
-0.5299466660305466,1.2048363508567352,-20.000000000000007
-0.5299466660305467,1.204836350856735,-20.000000000000007
-0.5323304112336531,1.2004385451167106,-20.000000000000007
-0.532330411233653,1.2004385451167103,-20.000000000000007
-0.5323304112336531,1.2004385451167106,-20.000000000000007
-0.532330411233653,1.2004385451167103,-20.000000000000007
-0.5299466660305466,1.2048363508567348,-20.000000000000007
-0.5289860104040625,1.2778264168377926,-20.000000000000007
-0.5300079310451384,1.2794635503343166,-20.000000000000007
-0.5297503346443708,1.2122641228985378,-20.000000000000007
-0.5323304112336531,1.2004385451167103,-20.000000000000007
-0.532330411233653,1.2004385451167108,-20.000000000000007
-0.532330411233653,1.2004385451167106,-20.000000000000007
-0.532330411233653,1.2004385451167106,-20.000000000000007
-0.532330411233653,1.2004385451167106,-20.000000000000007
-0.5277317573661571,1.2100618727216976,-20.000000000000007
-0.47825938259033723,1.3521531067681487,-20.000000000000007
-0.42940720161420837,1.413678840836483,-20.000000000000007
-0.33598866205497274,1.5002583600523456,-20.000000000000007
-0.3874874323203363,1.5005915382145856,-20.000000000000007
-0.38624978096152873,1.5015650201742865,-20.000000000000007
-0.4506943971718018,1.4118098091549105,-20.000000000000007
-0.46003154190943324,1.3852220913568352,-20.000000000000007
-0.41011182958907993,1.496430714092568,-20.000000000000007
-0.47229495287475404,1.3371382529790867,-20.000000000000007
-0.41678917270065746,1.5191746111829545,-20.000000000000007
-0.4883127358451681,1.3757357250807283,-20.000000000000007
-0.5041978584900978,1.4064813590096201,-20.000000000000007
-0.46065111177738793,1.3799105355996557,-20.000000000000007
-0.5010985655486582,1.3887474274983602,-20.000000000000007
-0.43172518203381494,1.4070865829057753,-20.000000000000007
-0.5010985655486583,1.3887474274983602,-20.000000000000007
-0.5032582799418244,1.4031267799294733,-20.000000000000007
-0.5148402931148289,1.3290112044347455,-20.000000000000007
-0.5290013106061388,1.2842913390537003,-20.000000000000007
-0.4639338749619758,1.3472332067786728,-20.000000000000007
-0.527732502497007,1.218600784214847,-20.000000000000007
-0.5053837849916603,1.4161145466017013,-20.000000000000007
-0.4983608678551885,1.3806453953302498,-20.000000000000007
-0.49965774957816267,1.3826933841856592,-20.000000000000007
-0.4125414174307965,1.4983459771889474,-20.000000000000007
-0.39178566750834487,1.502647802363752,-20.000000000000007
-0.4167891727006574,1.5191746111829543,-20.000000000000007
-0.46055754944108307,1.3811115694092266,-20.000000000000007
-0.5021979300187421,1.3937645668715857,-20.000000000000007
-0.5278362928687369,1.2751777789083412,-20.000000000000007
-0.5279159377776227,1.274878966692625,-20.000000000000007
-0.5295595045931816,1.28238099190454,-20.000000000000007
-0.5299466660305467,1.204836350856735,-20.000000000000007
-0.5299466660305467,1.204836350856735,-20.000000000000007
-0.5299466660305466,1.2048363508567348,-20.000000000000007
-0.5295595045931815,1.28238099190454,-20.000000000000007
-0.5295595045931815,1.28238099190454,-20.000000000000007
-0.5297503346443707,1.2122641228985378,-20.000000000000007
-0.5323304112336531,1.2004385451167103,-20.000000000000007
-0.532330411233653,1.2004385451167106,-20.000000000000007
-0.532330411233653,1.2004385451167106,-20.000000000000007
-0.532330411233653,1.2004385451167106,-20.000000000000007
-0.5323304112336531,1.2004385451167106,-20.000000000000007
-0.5299466660305467,1.204836350856735,-20.000000000000007
-0.5137547615902083,1.317211229496783,-20.000000000000007
-0.4729504007996238,1.338305709911326,-20.000000000000007
-0.3685375884723945,1.4986190795411574,-20.000000000000007
-0.4028314650650134,1.4975174469120889,-20.000000000000007
-0.3844997412122003,1.4999068163832519,-20.000000000000007
-0.4638327492811027,1.350032644211711,-20.000000000000007
-0.4923029630146733,1.3910179436314851,-20.000000000000007
-0.4608797848058107,1.3763386785551948,-20.000000000000007
-0.5084717508524165,1.351160114325208,-20.000000000000007
-0.4578166613190474,1.4097291913486414,-20.000000000000007
-0.5095445176734114,1.3414278995862707,-20.000000000000007
-0.5165736018626811,1.30501726549539,-20.000000000000007
-0.50225441985325,1.3943792462205908,-20.000000000000007
-0.5207484257447355,1.286515434882352,-20.000000000000007
-0.4500266989734307,1.4154455732456699,-20.000000000000007
-0.5095445176734115,1.3414278995862707,-20.000000000000007
-0.505262162948543,1.417593896492853,-20.000000000000007
-0.5295595045931815,1.2823809919045397,-20.000000000000007
-0.5295595045931816,1.28238099190454,-20.000000000000007
-0.5001952192316529,1.3886088020140595,-20.000000000000007
-0.5297041217148499,1.2130154810445701,-20.000000000000007
-0.5051064680329467,1.419569294193178,-20.000000000000007
-0.508892745753395,1.3664230241247486,-20.000000000000007
-0.5262283396165852,1.2928020931441488,-20.000000000000007
-0.48474798657913043,1.3525381455114358,-20.000000000000007
-0.4844786170329531,1.354079263661356,-20.000000000000007
-0.5043148457231502,1.4115430487866385,-20.000000000000007
-0.5281147463047136,1.208335427588896,-20.000000000000007
-0.5299466660305467,1.204836350856735,-20.000000000000007
-0.5299466660305466,1.204836350856735,-20.000000000000007
-0.532330411233653,1.2004385451167103,-20.000000000000007
-0.5323304112336531,1.2004385451167106,-20.000000000000007
-0.5323304112336531,1.2004385451167106,-20.000000000000007
-0.5323304112336531,1.2004385451167106,-20.000000000000007
-0.5299466660305466,1.2048363508567348,-20.000000000000007
-0.5289860104040626,1.2778264168377926,-20.000000000000007
-0.5295595045931816,1.2823809919045397,-20.000000000000007
-0.5297503346443708,1.2122641228985378,-20.000000000000007
-0.5323304112336531,1.2004385451167106,-20.000000000000007
-0.5323304112336531,1.2004385451167103,-20.000000000000007
-0.5323304112336531,1.2004385451167106,-20.000000000000007
-0.5323304112336531,1.2004385451167103,-20.000000000000007
-0.5323304112336531,1.2004385451167103,-20.000000000000007
-0.5187554539075335,1.255436930004477,-20.000000000000007
-0.48525321466899807,1.3603025981338994,-20.000000000000007
-0.4388975350127393,1.43224178341034,-20.000000000000007
-0.3354712286980616,1.5002327653178782,-20.000000000000007
-0.3806247989318459,1.500426172802732,-20.000000000000007
-0.3647941975293897,1.498441530210701,-20.000000000000007
-0.44509754272693364,1.434359840165243,-20.000000000000007
-0.45619639748627544,1.3929417270965998,-20.000000000000007
-0.40502313709744453,1.501123082030807,-20.000000000000007
-0.4640600287471723,1.3519650101169525,-20.000000000000007
-0.40451566113769255,1.4969889507477,-20.000000000000007
-0.48418373848516605,1.370812114720291,-20.000000000000007
-0.49503064686696874,1.388652122227076,-20.000000000000007
-0.4646010890137542,1.3504642389068668,-20.000000000000007
-0.5010030806629847,1.387702356622515,-20.000000000000007
-0.4194256593864785,1.4718678959298597,-20.000000000000007
-0.4933256360650445,1.3896501138250066,-20.000000000000007
-0.47338469017107665,1.3372192748739569,-20.000000000000007
-0.508892745753395,1.3664230241247486,-20.000000000000007
-0.521107344604347,1.2326201233755736,-20.000000000000007
-0.44455727126187394,1.4381758569025958,-20.000000000000007
-0.5096317955919861,1.354201462433378,-20.000000000000007
-0.4619349649530899,1.3629919139614262,-20.000000000000007
-0.46383274928110263,1.3500326442117112,-20.000000000000007
-0.4834604250354876,1.3717751678835048,-20.000000000000007
-0.404489299648163,1.4961879247861818,-20.000000000000007
-0.403589490070756,1.4992216185820635,-20.000000000000007
-0.417915231194246,1.4955254951461119,-20.000000000000007
-0.47586082926005374,1.3458430917372062,-20.000000000000007
-0.5077416559711634,1.3604170101568271,-20.000000000000007
-0.5278362928687368,1.2751777789083412,-20.000000000000007
-0.5279159377776228,1.274878966692625,-20.000000000000007
-0.5295595045931816,1.2823809919045397,-20.000000000000007
-0.5297503346443708,1.2122641228985378,-20.000000000000007
-0.532330411233653,1.2004385451167103,-20.000000000000007
-0.5299466660305467,1.2048363508567348,-20.000000000000007
-0.5289860104040626,1.2778264168377926,-20.000000000000007
-0.5295595045931816,1.2823809919045397,-20.000000000000007
-0.5299466660305467,1.204836350856735,-20.000000000000007
-0.532330411233653,1.2004385451167106,-20.000000000000007
-0.532330411233653,1.2004385451167106,-20.000000000000007
-0.532330411233653,1.2004385451167106,-20.000000000000007
-0.532330411233653,1.2004385451167106,-20.000000000000007
-0.5323304112336531,1.2004385451167106,-20.000000000000007
-0.5218857269020376,1.229128266723507,-20.000000000000007
-0.4555672818071813,1.3894125173791612,-20.000000000000007
-0.4048916999407074,1.4996331861566616,-20.000000000000007
-0.3482038916449571,1.500683124798591,-20.000000000000007
-0.33351238403361105,1.4970808770388015,-20.000000000000007
-0.3719545438027897,1.4954775142277206,-20.000000000000007
-0.4268583628779282,1.4224039250352287,-20.000000000000007
-0.436004425743156,1.4061894830044,-20.000000000000007
-0.5039347368394514,1.41054128929469,-20.000000000000007
-0.5082523574519862,1.3554163922082623,-20.000000000000007
-0.5131921241122375,1.320508458891598,-20.000000000000007
-0.524056736792633,1.2851786482631997,-20.000000000000007
-0.4776025949116215,1.3489078003602093,-20.000000000000007
-0.4701653644870659,1.3436701478189157,-20.000000000000007
-0.46310378918747375,1.3538161751369742,-20.000000000000007
-0.4253076863122232,1.4319728802413023,-20.000000000000007
-0.447036678892733,1.4313022724278002,-20.000000000000007
-0.48123481718630423,1.3588625431795094,-20.000000000000007
-0.4901303855288959,1.3824946647648764,-20.000000000000007
-0.529437954164768,1.220064463487485,-20.000000000000007
-0.5280324052516889,1.2178150690182985,-20.000000000000007
-0.5266610923262492,1.2248776664999685,-20.000000000000007
-0.5209382849032949,1.2356022411957666,-20.000000000000007
-0.4828700909931415,1.3638512289731772,-20.000000000000007
-0.48770288374162546,1.3655825638333865,-20.000000000000007
-0.47227753139575485,1.3375364944679615,-20.000000000000007
-0.47549658842714626,1.3387636747811749,-20.000000000000007
-0.5001952192316528,1.3886088020140595,-20.000000000000007
-0.5264541697622108,1.2172788417550287,-20.000000000000007
-0.5299466660305467,1.204836350856735,-20.000000000000007
-0.5323304112336531,1.2004385451167106,-20.000000000000007
-0.532330411233653,1.2004385451167106,-20.000000000000007
-0.532330411233653,1.2004385451167106,-20.000000000000007
-0.5323304112336531,1.2004385451167106,-20.000000000000007
-0.5323304112336531,1.2004385451167106,-20.000000000000007
-0.52970412171485,1.2130154810445701,-20.000000000000007
-0.5295595045931815,1.28238099190454,-20.000000000000007
-0.52970412171485,1.2130154810445701,-20.000000000000007
-0.5299466660305466,1.204836350856735,-20.000000000000007
-0.532330411233653,1.2004385451167106,-20.000000000000007
-0.532330411233653,1.2004385451167106,-20.000000000000007
-0.532330411233653,1.2004385451167103,-20.000000000000007
-0.532330411233653,1.2004385451167106,-20.000000000000007
-0.5304984915078199,1.2039376218488713,-20.000000000000007
-0.5088927457533952,1.366423024124749,-20.000000000000007
-0.4711875185582841,1.3413134811421643,-20.000000000000007
-0.41517860590172545,1.5130566808901382,-20.000000000000007
-0.39083912231805557,1.5021958260454762,-20.000000000000007
-0.36990373279178107,1.4991845951371863,-20.000000000000007
-0.41486878451053477,1.5115018222209338,-20.000000000000007
-0.4149735182207799,1.512232216289449,-20.000000000000007
-0.41515498221243746,1.5130978580348393,-20.000000000000007
-0.45798599656124767,1.4090828333831904,-20.000000000000007
-0.4560881611541447,1.39315976677321,-20.000000000000007
-0.48493343032076514,1.3650679767442162,-20.000000000000007
-0.48465462310035207,1.3686142242560846,-20.000000000000007
-0.45520967930641276,1.388533896826783,-20.000000000000007
-0.5010985655486583,1.3887474274983602,-20.000000000000007
-0.49920730101810173,1.3804879600738098,-20.000000000000007
-0.5207484257447355,1.286515434882352,-20.000000000000007
-0.5278362928687368,1.2751777789083412,-20.000000000000007
-0.5295595045931816,1.2823809919045397,-20.000000000000007
-0.5295595045931815,1.2823809919045397,-20.000000000000007
-0.5297041217148499,1.2130154810445701,-20.000000000000007
-0.5299466660305467,1.204836350856735,-20.000000000000007
-0.5297503346443707,1.212264122898538,-20.000000000000007
-0.5299466660305466,1.204836350856735,-20.000000000000007
-0.5278362928687368,1.2751777789083412,-20.000000000000007
-0.525232704561251,1.2878370905295315,-20.000000000000007
-0.4600315419094332,1.3852220913568354,-20.000000000000007
-0.41711432782676217,1.5076157747734127,-20.000000000000007
-0.4283444730691687,1.4261172018468224,-20.000000000000007
-0.4729504007996238,1.3383057099113262,-20.000000000000007
-0.5021895293930061,1.3941238778255771,-20.000000000000007
-0.5278362928687369,1.275177778908341,-20.000000000000007
-0.5279159377776228,1.2748789666926248,-20.000000000000007
-0.52970412171485,1.2130154810445701,-20.000000000000007
-0.5299466660305467,1.204836350856735,-20.000000000000007
-0.532330411233653,1.2004385451167106,-20.000000000000007
-0.5299466660305466,1.2048363508567348,-20.000000000000007
-0.5295595045931816,1.2823809919045397,-20.000000000000007
-0.5297751702598072,1.2831788441985983,-20.000000000000007
-0.5299466660305467,1.204836350856735,-20.000000000000007
-0.5323304112336531,1.2004385451167106,-20.000000000000007
-0.5323304112336531,1.2004385451167106,-20.000000000000007
-0.5323304112336531,1.2004385451167106,-20.000000000000007
-0.5323304112336531,1.2004385451167103,-20.000000000000007
-0.532330411233653,1.2004385451167106,-20.000000000000007
-0.5299520531199347,1.273858018311458,-20.000000000000007
-0.5278362928687368,1.2751777789083412,-20.000000000000007
-0.4360044257431559,1.4061894830044,-20.000000000000007
-0.4037296542785089,1.4972830163747795,-20.000000000000007
-0.40312289967338105,1.4978488265423708,-20.000000000000007
-0.48957713867521013,1.4010072599485257,-20.000000000000007
-0.5276604417282474,1.281747070156496,-20.000000000000007
-0.5289860104040625,1.2778264168377929,-20.000000000000007
-0.5295595045931815,1.2823809919045401,-20.000000000000007
-0.5295595045931815,1.2823809919045397,-20.000000000000007
-0.5299520531199347,1.273858018311458,-20.000000000000007
-0.52970412171485,1.21301548104457,-20.000000000000007
-0.5297041217148499,1.21301548104457,-20.000000000000007
-0.5278362928687368,1.275177778908341,-20.000000000000007
-0.5278362928687368,1.275177778908341,-20.000000000000007
-0.5278362928687368,1.2751777789083412,-20.000000000000007
-0.5295595045931815,1.28238099190454,-20.000000000000007
-0.529437954164768,1.220064463487485,-20.000000000000007
-0.5297041217148499,1.21301548104457,-20.000000000000007
-0.5297503346443707,1.2122641228985378,-20.000000000000007
-0.5299466660305466,1.204836350856735,-20.000000000000007
-0.5299466660305466,1.204836350856735,-20.000000000000007
-0.5297503346443708,1.2122641228985378,-20.000000000000007
-0.5289860104040625,1.2778264168377926,-20.000000000000007
-0.5274362153100868,1.2763720223216768,-20.000000000000007
-0.46007182147624304,1.3847182340568933,-20.000000000000007
-0.4297425604059433,1.410976534429808,-20.000000000000007
-0.383361863942115,1.5029439168818621,-20.000000000000007
-0.33273304063749165,1.4972273603020243,-20.000000000000007
-0.25524064328010465,1.7695258837127656,-20.000000000000007
-0.14969871320520373,1.4376750065870234,-20.000000000000007
-0.12405129492932987,1.528123060355657,-20.000000000000007
-0.12405129492932987,1.5281230603556573,-20.000000000000007
-0.12405129492932987,1.5281230603556573,-20.000000000000007
-0.1254040794022055,1.5225030507157353,-20.000000000000007
-0.12684286767579064,1.5197244813100859,-20.000000000000007
-0.13162334867738157,1.512553191202664,-20.000000000000007
-0.13162334867738157,1.512553191202664,-20.000000000000007
-0.13559501490126288,1.4971204706629226,-20.000000000000007
-0.1362648890948696,1.477604195252314,-20.000000000000007
-0.14969871320520375,1.437675006587023,-20.000000000000007
-0.1627002308005726,1.4821412217524914,-20.000000000000007
-0.16175363895024922,1.4767475548411566,-20.000000000000007
-0.18110619219721427,1.5615965088310684,-20.000000000000007
-0.18226034594502277,1.5752406240198031,-20.000000000000007
-0.18888897604606414,1.574862788567904,-20.000000000000007
-0.19927599968825094,1.6820169922625399,-20.000000000000007
-0.19885325672563559,1.6783739635447605,-20.000000000000007
-0.2042962912994226,1.750957634344255,-20.000000000000007
-0.1894245325731731,1.5791548760255547,-20.000000000000007
-0.20429629129942256,1.750957634344255,-20.000000000000007
-0.18842511370101273,1.5738540301251949,-20.000000000000007
-0.18842511370101275,1.5738540301251946,-20.000000000000007
-0.1894245325731731,1.5791548760255545,-20.000000000000007
-0.1822603459450228,1.5752406240198031,-20.000000000000007
-0.20587468808445003,1.7697390646642217,-20.000000000000007
-0.18885818653230285,1.5776548930151266,-20.000000000000007
-0.18942453257317313,1.5791548760255545,-20.000000000000007
-0.18942453257317313,1.5791548760255545,-20.000000000000007
-0.1822603459450228,1.575240624019803,-20.000000000000007
-0.20587468808445006,1.7697390646642217,-20.000000000000007
-0.18837473412143405,1.5733779606841165,-20.000000000000007
-0.19303815211615682,1.6120202560143868,-20.000000000000007
-0.18888897604606414,1.5748627885679038,-20.000000000000007
-0.18067000068203443,1.5594198148107745,-20.000000000000007
-0.1894245325731731,1.5791548760255547,-20.000000000000007
-0.23060168877451886,1.914094401491136,-20.000000000000007
-0.28312949508500285,1.5188264880622553,-20.000000000000007
-0.33317639899708856,1.4969991867260075,-20.000000000000007
-0.3691689089355753,1.4984507159740552,-20.000000000000007
-0.3878261002702781,1.5010731937548603,-20.000000000000007
-0.3816404467227208,1.4984644345543128,-20.000000000000007
-0.3379926634900944,1.5002137462394156,-20.000000000000007
-0.27908581884652184,1.4629854224262329,-20.000000000000007
-0.18911923876494982,1.5756732257028956,-20.000000000000007
-0.13162334867738157,1.512553191202664,-20.000000000000007
-0.12405129492932988,1.528123060355657,-20.000000000000007
-0.12405129492932988,1.5281230603556573,-20.000000000000007
-0.1254040794022055,1.5225030507157356,-20.000000000000007
-0.12684286767579067,1.5197244813100859,-20.000000000000007
-0.13496593015556185,1.490400499773179,-20.000000000000007
-0.13496593015556188,1.4904004997731792,-20.000000000000007
-0.14975415741304388,1.4356391577721634,-20.000000000000007
-0.17917386072802038,1.5901780441278879,-20.000000000000007
-0.1822099663654441,1.5747645545787246,-20.000000000000007
-0.22106980916471705,1.9347304423368348,-20.000000000000007
-0.2007395051075761,1.7431564730484344,-20.000000000000007
-0.24251682976576508,1.8394191780197575,-20.000000000000007
-0.2481250895346048,1.7867066619015204,-20.000000000000007
-0.22903447707550287,1.927640386223834,-20.000000000000007
-0.2435294100818127,1.8371727099357726,-20.000000000000007
-0.19569031813307733,1.6387809844399344,-20.000000000000007
-0.18888897604606414,1.5748627885679038,-20.000000000000007
-0.1956903181330773,1.6387809844399346,-20.000000000000007
-0.18885818653230285,1.5776548930151268,-20.000000000000007
-0.20404430865962886,1.7471900021231153,-20.000000000000007
-0.18885818653230285,1.5776548930151268,-20.000000000000007
-0.18037490339096798,1.5624216849117092,-20.000000000000007
-0.17950911580190798,1.5810607140359072,-20.000000000000007
-0.16015086704143033,1.4658572207674503,-20.000000000000007
-0.18067000068203443,1.5594198148107745,-20.000000000000007
-0.17825534106184443,1.5837285229747722,-20.000000000000007
-0.18837473412143407,1.573377960684116,-20.000000000000007
-0.18888897604606414,1.5748627885679038,-20.000000000000007
-0.18837473412143407,1.573377960684116,-20.000000000000007
-0.21931127683429325,1.934614313986411,-20.000000000000007
-0.18885818653230285,1.5776548930151268,-20.000000000000007
-0.22984345828266536,1.9266783470048334,-20.000000000000007
-0.2208853973376787,1.931145289038375,-20.000000000000007
-0.18226034594502283,1.575240624019803,-20.000000000000007
-0.26430046527525786,1.7598375359401592,-20.000000000000007
-0.3163939756994304,1.4967174416503983,-20.000000000000007
-0.3811028815721277,1.4997520600959802,-20.000000000000007
-0.43696815371842646,1.4204864709792446,-20.000000000000007
-0.44499388596666606,1.436685598231867,-20.000000000000007
-0.41777834007740355,1.5174419776393995,-20.000000000000007
-0.3578054096733488,1.4995666547212114,-20.000000000000007
-0.28153954282557403,1.5034258104070637,-20.000000000000007
-0.1822603459450228,1.575240624019803,-20.000000000000007
-0.1254040801820389,1.5225047004235048,-20.000000000000007
-0.12405129492932988,1.5281230603556573,-20.000000000000007
-0.12405129492932988,1.5281230603556573,-20.000000000000007
-0.12405129492932987,1.5281230603556573,-20.000000000000007
-0.12684286767579067,1.5197244813100859,-20.000000000000007
-0.12962373824809628,1.5255562980702628,-20.000000000000007
-0.13162334867738157,1.512553191202664,-20.000000000000007
-0.13523645424514372,1.4956132648969094,-20.000000000000007
-0.13634314369070832,1.469091816603712,-20.000000000000007
-0.151885716309857,1.402262875380409,-20.000000000000007
-0.17259283802865877,1.5472393109831906,-20.000000000000007
-0.17107913479593206,1.5877029740219986,-20.000000000000007
-0.17330044017406696,1.56233079589789,-20.000000000000007
-0.18842511370101273,1.5738540301251949,-20.000000000000007
-0.2108683643703081,1.836207293511332,-20.000000000000007
-0.20404430865962883,1.7471900021231155,-20.000000000000007
-0.20587468808445003,1.7697390646642217,-20.000000000000007
-0.2011724582994196,1.705762081239453,-20.000000000000007
-0.18226034594502277,1.575240624019803,-20.000000000000007
-0.20404430865962883,1.7471900021231153,-20.000000000000007
-0.1894245325731731,1.5791548760255547,-20.000000000000007
-0.18837473412143407,1.573377960684116,-20.000000000000007
-0.1941542021624192,1.6248355056872366,-20.000000000000007
-0.17426758362483646,1.5596310191219986,-20.000000000000007
-0.20473650305093238,1.7580889424488189,-20.000000000000007
-0.1941542021624192,1.624835505687237,-20.000000000000007
-0.21248743473298976,1.8569242044846714,-20.000000000000007
-0.23659925647226113,1.9165596998593313,-20.000000000000007
-0.18888897604606417,1.574862788567904,-20.000000000000007
-0.24755077931477928,1.798880444072087,-20.000000000000007
-0.2182751281321456,1.9327711581825628,-20.000000000000007
-0.24431076490960957,1.8291243725315853,-20.000000000000007
-0.25687366382320964,1.7712959687337773,-20.000000000000007
-0.21891940663265874,1.9363504851979803,-20.000000000000007
-0.2502845554208488,1.7235141714337492,-20.000000000000007
-0.26222441290797377,1.7669539857930756,-20.000000000000007
-0.2870039395066934,1.549893571536471,-20.000000000000007
-0.3375613622332315,1.5001737769228443,-20.000000000000007
-0.3651204340245281,1.4994459290745508,-20.000000000000007
-0.3760793172924554,1.4949608934978187,-20.000000000000007
-0.37805407303287814,1.497264871462161,-20.000000000000007
-0.33563546803006955,1.4988866412947985,-20.000000000000007
-0.27875792838964797,1.4731592481629834,-20.000000000000007
-0.18888897604606414,1.5748627885679038,-20.000000000000007
-0.12942838191366207,1.5266195020865658,-20.000000000000007
-0.12405129492932988,1.5281230603556573,-20.000000000000007
-0.1240512949293299,1.5281230603556573,-20.000000000000007
-0.12405129492932988,1.5281230603556573,-20.000000000000007
-0.12540407940220547,1.5225030507157356,-20.000000000000007
-0.1254040794022055,1.5225030507157353,-20.000000000000007
-0.1254040801820389,1.5225047004235046,-20.000000000000007
-0.1296237382480963,1.525556298070263,-20.000000000000007
-0.1296237382480963,1.525556298070263,-20.000000000000007
-0.13500799762049986,1.4901723146345816,-20.000000000000007
-0.1350561870378687,1.489772183713942,-20.000000000000007
-0.13538760195196436,1.4982772609475221,-20.000000000000007
-0.15188571630985698,1.402262875380409,-20.000000000000007
-0.17917386072802038,1.5901780441278877,-20.000000000000007
-0.18837473412143402,1.573377960684116,-20.000000000000007
-0.19303815211615682,1.6120202560143866,-20.000000000000007
-0.18885818653230288,1.5776548930151266,-20.000000000000007
-0.18226034594502277,1.575240624019803,-20.000000000000007
-0.18226034594502277,1.575240624019803,-20.000000000000007
-0.17950911580190798,1.5810607140359072,-20.000000000000007
-0.18837473412143407,1.5733779606841163,-20.000000000000007
-0.179509115801908,1.5810607140359072,-20.000000000000007
-0.17917386072802038,1.5901780441278877,-20.000000000000007
-0.1804043718668858,1.561176753585045,-20.000000000000007
-0.16015086704143036,1.4658572207674503,-20.000000000000007
-0.18226034594502277,1.575240624019803,-20.000000000000007
-0.179509115801908,1.5810607140359074,-20.000000000000007
-0.18837473412143405,1.5733779606841163,-20.000000000000007
-0.1928078893972712,1.6112098188793946,-20.000000000000007
-0.18250173051842533,1.5731434678747531,-20.000000000000007
-0.21973920250494974,1.937701139422241,-20.000000000000007
-0.18885818653230285,1.5776548930151266,-20.000000000000007
-0.2235040363655269,1.9310001143533557,-20.000000000000007
-0.21941629570363214,1.934944495264261,-20.000000000000007
-0.18067000068203443,1.559419814810775,-20.000000000000007
-0.25276036444532335,1.7515370979857023,-20.000000000000007
-0.29605164714681487,1.5913471464996518,-20.000000000000007
-0.36330969857151063,1.49882300091915,-20.000000000000007
-0.4295811816743361,1.4131356851216414,-20.000000000000007
-0.44423433885602515,1.4367898465994686,-20.000000000000007
-0.4281031217036734,1.4216911908128076,-20.000000000000007
-0.36645372513093266,1.500818974750793,-20.000000000000007
-0.28362845357397554,1.5261263577202577,-20.000000000000007
-0.1822603459450228,1.575240624019803,-20.000000000000007
-0.1254040794022055,1.5225030507157356,-20.000000000000007
-0.12405129492932988,1.5281230603556573,-20.000000000000007
-0.12405129492932987,1.528123060355657,-20.000000000000007
-0.12405129492932987,1.5281230603556573,-20.000000000000007
-0.1254040794022055,1.5225030507157353,-20.000000000000007
-0.13160506288298884,1.513232596030673,-20.000000000000007
-0.13162334867738157,1.5125531912026637,-20.000000000000007
-0.13523645424514372,1.4956132648969094,-20.000000000000007
-0.16226514651890211,1.479978094344565,-20.000000000000007
-0.14969871320520373,1.437675006587023,-20.000000000000007
-0.18832435454185534,1.5729018912430373,-20.000000000000007
-0.17506089947291542,1.570818104861102,-20.000000000000007
-0.17282343672578382,1.593833463291275,-20.000000000000007
-0.2040443086596288,1.7471900021231153,-20.000000000000007
-0.18110619219721427,1.5615965088310684,-20.000000000000007
-0.18885818653230282,1.5776548930151266,-20.000000000000007
-0.18885818653230285,1.5776548930151268,-20.000000000000007
-0.17933485877093766,1.5832655028315092,-20.000000000000007
-0.1822603459450228,1.5752406240198031,-20.000000000000007
-0.18226034594502277,1.5752406240198031,-20.000000000000007
-0.1811061921972143,1.5615965088310682,-20.000000000000007
-0.179509115801908,1.5810607140359074,-20.000000000000007
-0.16015086704143033,1.4658572207674505,-20.000000000000007
-0.17359964367809982,1.5552621540346743,-20.000000000000007
-0.14975414285615307,1.435613454864934,-20.000000000000007
-0.179509115801908,1.5810607140359072,-20.000000000000007
-0.17950911580190798,1.5810607140359072,-20.000000000000007
-0.1811061921972143,1.5615965088310682,-20.000000000000007
-0.1891192387649498,1.5756732257028956,-20.000000000000007
-0.18837473412143405,1.5733779606841163,-20.000000000000007
-0.21248743473298978,1.8569242044846719,-20.000000000000007
-0.19927599968825094,1.68201699226254,-20.000000000000007
-0.22088539733767873,1.931145289038375,-20.000000000000007
-0.2182751281321456,1.9327711581825626,-20.000000000000007
-0.18888897604606414,1.574862788567904,-20.000000000000007
-0.2502845554208488,1.7235141714337492,-20.000000000000007
-0.27914544614590814,1.4625375266331022,-20.000000000000007
-0.3321285357532652,1.4976049861048801,-20.000000000000007
-0.37938728004724354,1.4990407339844887,-20.000000000000007
-0.3910317119334249,1.5029067848120494,-20.000000000000007
-0.37524663308044576,1.4934056867472312,-20.000000000000007
-0.32551725246603425,1.4984893661709882,-20.000000000000007
-0.2563597866006839,1.7682458107812842,-20.000000000000007
-0.17716407672167844,1.5760687284044745,-20.000000000000007
-0.12684286767579064,1.5197244813100859,-20.000000000000007
-0.12405129492932987,1.5281230603556573,-20.000000000000007
-0.12405129492932987,1.5281230603556573,-20.000000000000007
-0.12405129492932988,1.5281230603556573,-20.000000000000007
-0.12684286767579067,1.5197244813100856,-20.000000000000007
-0.13160506288298884,1.5132325960306732,-20.000000000000007
-0.13496593015556188,1.4904004997731792,-20.000000000000007
-0.14896232389835787,1.441250436214657,-20.000000000000007
-0.1377468926182409,1.4138227263361494,-20.000000000000007
-0.17917386072802038,1.5901780441278879,-20.000000000000007
-0.17950911580190798,1.5810607140359072,-20.000000000000007
-0.17917386072802038,1.5901780441278874,-20.000000000000007
-0.18945532208693444,1.5763627715783315,-20.000000000000007
-0.18888897604606414,1.5748627885679038,-20.000000000000007
-0.18942453257317313,1.5791548760255543,-20.000000000000007
-0.18942453257317313,1.5791548760255543,-20.000000000000007
-0.1822603459450228,1.5752406240198034,-20.000000000000007
-0.1771640767216785,1.5760687284044748,-20.000000000000007
-0.17950911580190798,1.5810607140359074,-20.000000000000007
-0.18226034594502283,1.5752406240198031,-20.000000000000007
-0.18837473412143407,1.573377960684116,-20.000000000000007
-0.18067000068203443,1.559419814810775,-20.000000000000007
-0.180374903390968,1.5624216849117096,-20.000000000000007
-0.17548244831557921,1.566996165209496,-20.000000000000007
-0.1617536389502492,1.4767475548411564,-20.000000000000007
-0.18837473412143407,1.5733779606841163,-20.000000000000007
-0.18110619219721427,1.5615965088310684,-20.000000000000007
-0.19303815211615682,1.6120202560143864,-20.000000000000007
-0.19569031813307733,1.6387809844399344,-20.000000000000007
-0.18837473412143405,1.5733779606841163,-20.000000000000007
-0.22595440670337325,1.9324083385227477,-20.000000000000007
-0.18888897604606417,1.5748627885679038,-20.000000000000007
-0.23236880258704995,1.9150633562524644,-20.000000000000007
-0.21851335106583322,1.9363396679201959,-20.000000000000007
-0.1822603459450228,1.575240624019803,-20.000000000000007
-0.2590781574221215,1.775963799350815,-20.000000000000007
-0.31982185481477254,1.4974919633951238,-20.000000000000007
-0.3820403815610208,1.4998998700058899,-20.000000000000007
-0.4406767987602027,1.4302089311454347,-20.000000000000007
-0.45679843149966004,1.3867861007404612,-20.000000000000007
-0.41806477497864347,1.517531695147667,-20.000000000000007
-0.36058292481733,1.4993738743554177,-20.000000000000007
-0.2796824737963043,1.4838763686732224,-20.000000000000007
-0.16015086704143033,1.4658572207674505,-20.000000000000007
-0.12405129492932988,1.528123060355657,-20.000000000000007
-0.1102329398897883,1.5292120197188135,-20.000000000000007
-0.12405129492932987,1.528123060355657,-20.000000000000007
-0.12405129492932988,1.5281230603556573,-20.000000000000007
-0.1254040794022055,1.522503050715735,-20.000000000000007
-0.1296237382480963,1.5255562980702628,-20.000000000000007
-0.13162334867738157,1.512553191202664,-20.000000000000007
-0.13496593015556188,1.490400499773179,-20.000000000000007
-0.13766089245675403,1.4109848407592602,-20.000000000000007
-0.136004411989383,1.4839460470212218,-20.000000000000007
-0.17259283802865877,1.5472393109831906,-20.000000000000007
-0.15748675287147956,1.4729437082436276,-20.000000000000007
-0.17259283802865877,1.5472393109831906,-20.000000000000007
-0.1883747341214341,1.5733779606841163,-20.000000000000007
-0.18226034594502277,1.5752406240198031,-20.000000000000007
-0.18842511370101275,1.5738540301251946,-20.000000000000007
-0.18837473412143407,1.5733779606841163,-20.000000000000007
-0.1806700006820344,1.5594198148107745,-20.000000000000007
-0.18226034594502277,1.575240624019803,-20.000000000000007
-0.18842511370101275,1.5738540301251946,-20.000000000000007
-0.1822603459450228,1.575240624019803,-20.000000000000007
-0.179509115801908,1.5810607140359074,-20.000000000000007
-0.17337853243457835,1.5519365666422187,-20.000000000000007
-0.1509867696831351,1.3990909895297734,-20.000000000000007
-0.17359964367809982,1.5552621540346743,-20.000000000000007
-0.17426758362483646,1.5596310191219989,-20.000000000000007
-0.18885818653230285,1.5776548930151264,-20.000000000000007
-0.18226034594502277,1.575240624019803,-20.000000000000007
-0.21023380688351329,1.8304416245211914,-20.000000000000007
-0.20587468808445006,1.7697390646642217,-20.000000000000007
-0.1891192387649498,1.5756732257028956,-20.000000000000007
-0.22903447707550287,1.9276403862238336,-20.000000000000007
-0.18837473412143407,1.573377960684116,-20.000000000000007
-0.22903447707550287,1.9276403862238336,-20.000000000000007
-0.22700039482394935,1.9319837126790778,-20.000000000000007
-0.21851335106583322,1.9363396679201959,-20.000000000000007
-0.23205591066668435,1.914540565171374,-20.000000000000007
-0.18842511370101275,1.5738540301251946,-20.000000000000007
-0.20404430865962883,1.7471900021231153,-20.000000000000007
-0.18842511370101275,1.5738540301251946,-20.000000000000007
-0.18226034594502277,1.5752406240198031,-20.000000000000007
-0.17917386072802036,1.5901780441278879,-20.000000000000007
-0.13541503259313706,1.4948226663941326,-20.000000000000007
-0.13162334867738157,1.512553191202664,-20.000000000000007
-0.12684286767579064,1.5197244813100856,-20.000000000000007
-0.12540407940220547,1.5225030507157356,-20.000000000000007
-0.12405129492932987,1.5281230603556573,-20.000000000000007
-0.12405129492932987,1.5281230603556573,-20.000000000000007
-0.12405129492932988,1.5281230603556568,-20.000000000000007
-0.12405129492932988,1.5281230603556573,-20.000000000000007
-0.1240512949293299,1.5281230603556573,-20.000000000000007
-0.12405129492932988,1.528123060355657,-20.000000000000007
-0.1240512949293299,1.5281230603556573,-20.000000000000007
-0.12540407940220547,1.5225030507157356,-20.000000000000007
-0.12540407940220547,1.5225030507157353,-20.000000000000007
-0.12540407940220547,1.5225030507157356,-20.000000000000007
-0.12540407940220547,1.5225030507157356,-20.000000000000007
-0.1254040794022055,1.5225030507157356,-20.000000000000007
-0.1254040794022055,1.5225030507157356,-20.000000000000007
-0.12540407940220547,1.5225030507157356,-20.000000000000007
-0.12540407940220547,1.5225030507157356,-20.000000000000007
-0.12540407940220547,1.522503050715735,-20.000000000000007
-0.12540407940220547,1.5225030507157356,-20.000000000000007
-0.1254040794022055,1.5225030507157353,-20.000000000000007
-0.1254040794022055,1.5225030507157356,-20.000000000000007
-0.1254040794022055,1.5225030507157353,-20.000000000000007
-0.1254040794022055,1.5225030507157353,-20.000000000000007
-0.12540407940220547,1.5225030507157356,-20.000000000000007
-0.12540407940220547,1.5225030507157356,-20.000000000000007
-0.1254040794022055,1.5225030507157356,-20.000000000000007
-0.1254040794022055,1.5225030507157353,-20.000000000000007
-0.1254040794022055,1.5225030507157353,-20.000000000000007
-0.1254040794022055,1.5225030507157356,-20.000000000000007
-0.12540407940220547,1.5225030507157353,-20.000000000000007
-0.12540407940220547,1.5225030507157353,-20.000000000000007
-0.1254040794022055,1.5225030507157356,-20.000000000000007
-0.12405129492932988,1.528123060355657,-20.000000000000007
-0.12405129492932988,1.5281230603556573,-20.000000000000007
-0.14969871320520373,1.4376750065870232,-20.000000000000007
-0.2803269174265478,1.5041278486852185,-20.000000000000007
-0.39265508496211315,1.5023949703342347,-20.000000000000007
-0.49511622084948204,1.3878411014337162,-20.000000000000007
-0.5323304112336531,1.2004385451167103,-20.000000000000007
-0.5323304112336531,1.2004385451167106,-20.000000000000007
-0.5323304112336531,1.2004385451167106,-20.000000000000007
-0.5323304112336531,1.2004385451167106,-20.000000000000007
-0.5323304112336531,1.2004385451167106,-20.000000000000007
-0.532330411233653,1.2004385451167106,-20.000000000000007
-0.532330411233653,1.2004385451167108,-20.000000000000007
-0.532330411233653,1.2004385451167106,-20.000000000000007
-0.532330411233653,1.2004385451167103,-20.000000000000007
-0.5323304112336531,1.2004385451167106,-20.000000000000007
-0.532330411233653,1.2004385451167103,-20.000000000000007
-0.532330411233653,1.2004385451167103,-20.000000000000007
-0.532330411233653,1.2004385451167106,-20.000000000000007
-0.532330411233653,1.2004385451167103,-20.000000000000007
-0.5323304112336531,1.2004385451167103,-20.000000000000007
-0.5323304112336531,1.2004385451167103,-20.000000000000007
-0.532330411233653,1.2004385451167103,-20.000000000000007
-0.532330411233653,1.2004385451167106,-20.000000000000007
-0.532330411233653,1.2004385451167103,-20.000000000000007
-0.4864626389817346,1.356778216072476,-20.000000000000007
-0.5323304112336531,1.2004385451167103,-20.000000000000007
-0.5279110239171593,1.2121225487555725,-20.000000000000007
-0.46183629145846167,1.3631836064725669,-20.000000000000007
-0.5288278109234088,1.213377672432204,-20.000000000000007
-0.4450466196034489,1.436694534907006,-20.000000000000007
-0.5301155025692635,1.205664066981673,-20.000000000000007
-0.5276705581175187,1.212698247538012,-20.000000000000007
-0.5053837849916603,1.416114546601701,-20.000000000000007
-0.5304154053239455,1.2048783517851247,-20.000000000000007
-0.46193496495308983,1.3629919139614262,-20.000000000000007
-0.5301155025692634,1.2056640669816727,-20.000000000000007
-0.5050268231240608,1.419868106408894,-20.000000000000007
-0.53049849150782,1.2039376218488713,-20.000000000000007
-0.5304984915078199,1.2039376218488715,-20.000000000000007
-0.4761842147491299,1.3413472739316226,-20.000000000000007
-0.5323304112336531,1.2004385451167103,-20.000000000000007
-0.4844443900133982,1.3545319409582817,-20.000000000000007
-0.5323304112336531,1.2004385451167106,-20.000000000000007
-0.5323304112336531,1.2004385451167106,-20.000000000000007
-0.5031896692861659,1.399235202241993,-20.000000000000007
-0.5323304112336531,1.2004385451167106,-20.000000000000007
-0.5175911302218912,1.263234243542873,-20.000000000000007
-0.5281147463047137,1.2083354275888958,-20.000000000000007
-0.5323304112336531,1.2004385451167106,-20.000000000000007
-0.532330411233653,1.2004385451167103,-20.000000000000007
-0.532330411233653,1.2004385451167103,-20.000000000000007
-0.532330411233653,1.2004385451167106,-20.000000000000007
-0.5323304112336531,1.2004385451167106,-20.000000000000007
-0.532330411233653,1.2004385451167108,-20.000000000000007
-0.532330411233653,1.2004385451167103,-20.000000000000007
-0.5323304112336531,1.2004385451167106,-20.000000000000007
-0.532330411233653,1.2004385451167106,-20.000000000000007
-0.5323304112336531,1.2004385451167106,-20.000000000000007
-0.5323304112336531,1.2004385451167103,-20.000000000000007
-0.532330411233653,1.2004385451167106,-20.000000000000007
-0.532330411233653,1.2004385451167106,-20.000000000000007
-0.532330411233653,1.2004385451167106,-20.000000000000007
-0.532330411233653,1.2004385451167106,-20.000000000000007
-0.5323304112336531,1.2004385451167106,-20.000000000000007
-0.532330411233653,1.2004385451167106,-20.000000000000007
-0.5323304112336531,1.2004385451167106,-20.000000000000007
-0.5323304112336531,1.2004385451167106,-20.000000000000007
-0.532330411233653,1.2004385451167106,-20.000000000000007
-0.47845097440882295,1.3516707229592158,-20.000000000000007
-0.5323304112336531,1.2004385451167106,-20.000000000000007
-0.5304154053239456,1.2048783517851247,-20.000000000000007
-0.47691905855607436,1.3407637843868518,-20.000000000000007
-0.53049849150782,1.2039376218488713,-20.000000000000007
-0.452489229838947,1.397164814443227,-20.000000000000007
-0.5304984915078199,1.2039376218488713,-20.000000000000007
-0.5288278109234088,1.2133776724322043,-20.000000000000007
-0.5196212251200915,1.2594935084343841,-20.000000000000007
-0.532330411233653,1.2004385451167106,-20.000000000000007
-0.4769190585560743,1.3407637843868518,-20.000000000000007
-0.5323304112336531,1.2004385451167106,-20.000000000000007
-0.5093797705812423,1.359458132097366,-20.000000000000007
-0.532330411233653,1.2004385451167106,-20.000000000000007
-0.5323304112336531,1.2004385451167106,-20.000000000000007
-0.48243791665994396,1.365337543970128,-20.000000000000007
-0.5323304112336531,1.2004385451167106,-20.000000000000007
-0.492636365334285,1.3853877821083982,-20.000000000000007
-0.532330411233653,1.2004385451167106,-20.000000000000007
-0.532330411233653,1.2004385451167106,-20.000000000000007
-0.5031896692861659,1.3992352022419923,-20.000000000000007
-0.532330411233653,1.2004385451167106,-20.000000000000007
-0.5051064680329467,1.419569294193178,-20.000000000000007
-0.5170819604639123,1.2638045126838156,-20.000000000000007
-0.5304984915078199,1.2039376218488713,-20.000000000000007
-0.5301155025692634,1.205664066981673,-20.000000000000007
-0.5323304112336531,1.2004385451167106,-20.000000000000007
-0.5323304112336531,1.2004385451167103,-20.000000000000007
-0.532330411233653,1.2004385451167103,-20.000000000000007
-0.5323304112336531,1.2004385451167103,-20.000000000000007
-0.5323304112336531,1.2004385451167103,-20.000000000000007
-0.5323304112336531,1.2004385451167106,-20.000000000000007
-0.5323304112336531,1.2004385451167106,-20.000000000000007
-0.5323304112336531,1.2004385451167106,-20.000000000000007
-0.532330411233653,1.2004385451167106,-20.000000000000007
-0.5323304112336531,1.2004385451167106,-20.000000000000007
-0.532330411233653,1.2004385451167106,-20.000000000000007
-0.5323304112336531,1.2004385451167103,-20.000000000000007
-0.5323304112336531,1.2004385451167103,-20.000000000000007
-0.532330411233653,1.2004385451167103,-20.000000000000007
-0.532330411233653,1.2004385451167103,-20.000000000000007
-0.532330411233653,1.2004385451167103,-20.000000000000007
-0.5323304112336531,1.2004385451167103,-20.000000000000007
-0.532330411233653,1.2004385451167106,-20.000000000000007
-0.5018280465710235,1.3931392460245569,-20.000000000000007
-0.5323304112336531,1.2004385451167106,-20.000000000000007
-0.5304154053239455,1.2048783517851245,-20.000000000000007
-0.4612058431739948,1.3688590926865503,-20.000000000000007
-0.5301155025692634,1.205664066981673,-20.000000000000007
-0.4489295667765625,1.4193674195658232,-20.000000000000007
-0.53049849150782,1.2039376218488713,-20.000000000000007
-0.5290602283220829,1.2123914008227317,-20.000000000000007
-0.5027703794909989,1.3970470714339667,-20.000000000000007
-0.5290602283220829,1.2123914008227317,-20.000000000000007
-0.45618095639429135,1.3792211755370718,-20.000000000000007
-0.5279110239171593,1.2121225487555725,-20.000000000000007
-0.5042525376813355,1.410566313162296,-20.000000000000007
-0.5301155025692634,1.2056640669816727,-20.000000000000007
-0.530295591064709,1.2044351005106477,-20.000000000000007
-0.4709025345371552,1.340122556407903,-20.000000000000007
-0.5304984915078199,1.2039376218488715,-20.000000000000007
-0.4769190585560744,1.340763784386852,-20.000000000000007
-0.5323304112336531,1.2004385451167106,-20.000000000000007
-0.5323304112336531,1.2004385451167103,-20.000000000000007
-0.48966761469071285,1.389618683226579,-20.000000000000007
-0.532330411233653,1.2004385451167106,-20.000000000000007
-0.5032122652199691,1.3994810739815948,-20.000000000000007
-0.5209897361039892,1.2318624184297193,-20.000000000000007
-0.53049849150782,1.2039376218488713,-20.000000000000007
-0.5235921128102574,1.2267241833894234,-20.000000000000007
-0.5323304112336529,1.2004385451167103,-20.000000000000007
-0.5323304112336531,1.2004385451167106,-20.000000000000007
-0.532330411233653,1.2004385451167106,-20.000000000000007
-0.5323304112336531,1.2004385451167106,-20.000000000000007
-0.5323304112336531,1.2004385451167103,-20.000000000000007
-0.5323304112336531,1.2004385451167106,-20.000000000000007
-0.5323304112336531,1.2004385451167106,-20.000000000000007
-0.5323304112336531,1.2004385451167103,-20.000000000000007
-0.532330411233653,1.2004385451167106,-20.000000000000007
-0.5323304112336531,1.2004385451167103,-20.000000000000007
-0.5323304112336531,1.2004385451167106,-20.000000000000007
-0.5323304112336531,1.2004385451167106,-20.000000000000007
-0.5323304112336531,1.2004385451167106,-20.000000000000007
-0.5323304112336531,1.2004385451167106,-20.000000000000007
-0.5323304112336531,1.2004385451167103,-20.000000000000007
-0.532330411233653,1.2004385451167103,-20.000000000000007
-0.532330411233653,1.2004385451167103,-20.000000000000007
-0.5323304112336531,1.2004385451167103,-20.000000000000007
-0.47180376139684904,1.3376600673721768,-20.000000000000007
-0.5304154053239456,1.2048783517851245,-20.000000000000007
-0.527795488214079,1.2124005322736182,-20.000000000000007
-0.4840653222073388,1.3592457807822351,-20.000000000000007
-0.5288278109234088,1.213377672432204,-20.000000000000007
-0.44735902915292064,1.4322221784822668,-20.000000000000007
-0.5279110239171593,1.2121225487555725,-20.000000000000007
-0.5051064680329467,1.4195692941931781,-20.000000000000007
-0.5191274596719528,1.2598133248599828,-20.000000000000007
-0.527795488214079,1.2124005322736182,-20.000000000000007
-0.45872964065856486,1.3918436087249995,-20.000000000000007
-0.5304154053239455,1.2048783517851245,-20.000000000000007
-0.48471880664158457,1.354621884277992,-20.000000000000007
-0.5323304112336531,1.2004385451167106,-20.000000000000007
-0.53049849150782,1.2039376218488713,-20.000000000000007
-0.4744223231562008,1.3393097232369184,-20.000000000000007
-0.5323304112336531,1.2004385451167106,-20.000000000000007
-0.4751819316137388,1.340495433974261,-20.000000000000007
-0.532330411233653,1.2004385451167106,-20.000000000000007
-0.5323304112336531,1.2004385451167103,-20.000000000000007
-0.5051064680329467,1.4195692941931781,-20.000000000000007
-0.532330411233653,1.2004385451167106,-20.000000000000007
-0.5141372752202845,1.2782046576934705,-20.000000000000007
-0.5266764831189765,1.2167892065627566,-20.000000000000007
-0.532330411233653,1.2004385451167106,-20.000000000000007
-0.5277954882140791,1.2124005322736182,-20.000000000000007
-0.5323304112336531,1.2004385451167106,-20.000000000000007
-0.5323304112336531,1.2004385451167106,-20.000000000000007
-0.532330411233653,1.2004385451167106,-20.000000000000007
-0.5323304112336531,1.2004385451167106,-20.000000000000007
-0.5323304112336531,1.2004385451167106,-20.000000000000007
-0.5323304112336531,1.2004385451167106,-20.000000000000007
-0.5323304112336531,1.2004385451167103,-20.000000000000007
-0.532330411233653,1.2004385451167106,-20.000000000000007
-0.532330411233653,1.2004385451167106,-20.000000000000007
-0.532330411233653,1.2004385451167103,-20.000000000000007
-0.5323304112336531,1.2004385451167106,-20.000000000000007
-0.5323304112336531,1.2004385451167106,-20.000000000000007
-0.532330411233653,1.2004385451167103,-20.000000000000007
-0.5323304112336531,1.2004385451167106,-20.000000000000007
-0.5323304112336531,1.2004385451167106,-20.000000000000007
-0.5323304112336531,1.2004385451167106,-20.000000000000007
-0.532330411233653,1.2004385451167106,-20.000000000000007
-0.5323304112336531,1.2004385451167103,-20.000000000000007
-0.4781361267961677,1.3516282356265568,-20.000000000000007
-0.48913725880781417,1.3866140712155492,-20.000000000000007
-0.46160235299466723,1.3662005391197911,-20.000000000000007
-0.38289406285332794,1.498990965838089,-20.000000000000007
-0.40485370671556486,1.4977910022249303,-20.000000000000007
-0.40917096847474604,1.50104749700126,-20.000000000000007
-0.4784509744088229,1.3516707229592158,-20.000000000000007
-0.5001952192316529,1.3886088020140595,-20.000000000000007
-0.5096471999018264,1.3539510097180343,-20.000000000000007
-0.5109469047518173,1.3448934500078804,-20.000000000000007
-0.48145547885584894,1.3596166402257095,-20.000000000000007
-0.5304154053239455,1.2048783517851245,-20.000000000000007
-0.5161827744283249,1.2742134698696381,-20.000000000000007
-0.532330411233653,1.2004385451167103,-20.000000000000007
-0.5304984915078199,1.2039376218488713,-20.000000000000007
-0.4846506471195696,1.35440086517457,-20.000000000000007
-0.532330411233653,1.2004385451167106,-20.000000000000007
-0.4847188066415845,1.3546218842779918,-20.000000000000007
-0.5323304112336531,1.2004385451167103,-20.000000000000007
-0.532330411233653,1.2004385451167106,-20.000000000000007
-0.47847966643058115,1.3509523370295422,-20.000000000000007
-0.5281062552182989,1.2123469047314073,-20.000000000000007
-0.47934092123778427,1.355442108492947,-20.000000000000007
-0.5051179460114003,1.4176527345538452,-20.000000000000007
-0.5279110239171594,1.2121225487555727,-20.000000000000007
-0.5051064680329467,1.4195692941931781,-20.000000000000007
-0.5304154053239456,1.2048783517851245,-20.000000000000007
-0.5323304112336531,1.2004385451167103,-20.000000000000007
-0.532330411233653,1.2004385451167103,-20.000000000000007
-0.5323304112336531,1.2004385451167103,-20.000000000000007
-0.5323304112336531,1.2004385451167106,-20.000000000000007
-0.5323304112336531,1.2004385451167106,-20.000000000000007
-0.5323304112336531,1.2004385451167106,-20.000000000000007
-0.532330411233653,1.2004385451167106,-20.000000000000007
-0.532330411233653,1.2004385451167106,-20.000000000000007
-0.532330411233653,1.2004385451167103,-20.000000000000007
-0.532330411233653,1.2004385451167106,-20.000000000000007
-0.532330411233653,1.2004385451167106,-20.000000000000007
-0.5323304112336531,1.2004385451167106,-20.000000000000007
-0.5323304112336531,1.2004385451167106,-20.000000000000007
-0.5323304112336531,1.2004385451167103,-20.000000000000007
-0.532330411233653,1.2004385451167103,-20.000000000000007
-0.5323304112336531,1.2004385451167103,-20.000000000000007
-0.532330411233653,1.2004385451167103,-20.000000000000007
-0.48428141015377113,1.3569444740281371,-20.000000000000007
-0.48480597356386645,1.3551653642623467,-20.000000000000007
-0.4732343712972281,1.3349781051317464,-20.000000000000007
-0.3923745348789528,1.5034383430759226,-20.000000000000007
-0.4161129492981589,1.5118101648032491,-20.000000000000007
-0.4100935649151761,1.4968339322623077,-20.000000000000007
-0.4761842147491299,1.3413472739316226,-20.000000000000007
-0.4827263799079555,1.3641288523701303,-20.000000000000007
-0.5018280465710235,1.393139246024557,-20.000000000000007
-0.5032122652199689,1.3994810739815948,-20.000000000000007
-0.4515330416182831,1.404326755582342,-20.000000000000007
-0.5096471999018264,1.3539510097180343,-20.000000000000007
-0.4876059085942524,1.3666043285068663,-20.000000000000007
-0.53049849150782,1.2039376218488715,-20.000000000000007
-0.5288379149653171,1.212881036015004,-20.000000000000007
-0.4612461227408046,1.3683552353866086,-20.000000000000007
-0.527795488214079,1.2124005322736184,-20.000000000000007
-0.46124612274080456,1.3683552353866086,-20.000000000000007
-0.5304154053239456,1.2048783517851245,-20.000000000000007
-0.532330411233653,1.2004385451167106,-20.000000000000007
-0.4728380459071637,1.3344192763904492,-20.000000000000007
-0.5301155025692635,1.205664066981673,-20.000000000000007
-0.484719889570285,1.35453483771242,-20.000000000000007
-0.502770379490999,1.3970470714339667,-20.000000000000007
-0.5277954882140791,1.2124005322736182,-20.000000000000007
-0.5031896692861659,1.3992352022419925,-20.000000000000007
-0.5290602283220829,1.2123914008227317,-20.000000000000007
-0.5323304112336531,1.2004385451167106,-20.000000000000007
-0.5323304112336531,1.2004385451167106,-20.000000000000007
-0.532330411233653,1.2004385451167106,-20.000000000000007
-0.532330411233653,1.2004385451167106,-20.000000000000007
-0.532330411233653,1.2004385451167103,-20.000000000000007
-0.532330411233653,1.2004385451167103,-20.000000000000007
-0.5323304112336531,1.2004385451167106,-20.000000000000007
-0.5323304112336531,1.2004385451167106,-20.000000000000007
-0.532330411233653,1.2004385451167106,-20.000000000000007
-0.5323304112336531,1.2004385451167106,-20.000000000000007
-0.5323304112336531,1.2004385451167106,-20.000000000000007
-0.5323304112336531,1.2004385451167106,-20.000000000000007
-0.5323304112336531,1.2004385451167103,-20.000000000000007
-0.5323304112336531,1.2004385451167106,-20.000000000000007
-0.5323304112336531,1.2004385451167103,-20.000000000000007
-0.532330411233653,1.2004385451167103,-20.000000000000007
-0.5299466660305466,1.2048363508567348,-20.000000000000007
-0.5018280465710236,1.393139246024557,-20.000000000000007
-0.4850033218528452,1.3539792118014353,-20.000000000000007
-0.474055890341472,1.3390302315445792,-20.000000000000007
-0.3712800227116997,1.4965564124068576,-20.000000000000007
-0.4029092816544045,1.4957663447215013,-20.000000000000007
-0.4034579608286871,1.4971104340934205,-20.000000000000007
-0.4612058431739949,1.36885909268655,-20.000000000000007
-0.4649239891864876,1.3472449283724253,-20.000000000000007
-0.4784796664305812,1.3509523370295424,-20.000000000000007
-0.4826633338837642,1.363556992114672,-20.000000000000007
-0.4407074539476543,1.428337770843198,-20.000000000000007
-0.4993694237108084,1.3856783738779241,-20.000000000000007
-0.4706826282662673,1.3405569012402885,-20.000000000000007
-0.5193164182528638,1.2614282908431245,-20.000000000000007
-0.5053837849916604,1.416114546601701,-20.000000000000007
-0.44558512357602187,1.439148961618061,-20.000000000000007
-0.5193164182528638,1.2614282908431245,-20.000000000000007
-0.4564512934538203,1.3818075670975078,-20.000000000000007
-0.5235921128102573,1.2267241833894234,-20.000000000000007
-0.5196212251200913,1.2594935084343843,-20.000000000000007
-0.4368190005655951,1.4160843025835461,-20.000000000000007
-0.4982342815223787,1.3837646738034044,-20.000000000000007
-0.4513928253566484,1.4054056698144253,-20.000000000000007
-0.4782597328655229,1.3524061252793904,-20.000000000000007
-0.5096471999018263,1.3539510097180343,-20.000000000000007
-0.5051064680329467,1.4195692941931781,-20.000000000000007
-0.5304984915078199,1.2039376218488713,-20.000000000000007
-0.532330411233653,1.2004385451167103,-20.000000000000007
-0.532330411233653,1.2004385451167103,-20.000000000000007
-0.5323304112336531,1.2004385451167103,-20.000000000000007
-0.5323304112336531,1.2004385451167106,-20.000000000000007
-0.532330411233653,1.2004385451167103,-20.000000000000007
-0.5323304112336531,1.2004385451167106,-20.000000000000007
-0.5323304112336531,1.2004385451167106,-20.000000000000007
-0.532330411233653,1.2004385451167106,-20.000000000000007
-0.5323304112336531,1.2004385451167106,-20.000000000000007
-0.5323304112336531,1.2004385451167106,-20.000000000000007
-0.5323304112336531,1.2004385451167106,-20.000000000000007
-0.5323304112336531,1.2004385451167103,-20.000000000000007
-0.5323304112336531,1.2004385451167106,-20.000000000000007
-0.532330411233653,1.2004385451167106,-20.000000000000007
-0.532330411233653,1.2004385451167103,-20.000000000000007
-0.532330411233653,1.2004385451167106,-20.000000000000007
-0.4989804213466412,1.3850666287399318,-20.000000000000007
-0.3991584699788714,1.4949985892935918,-20.000000000000007
-0.3803373207759315,1.4992666834827812,-20.000000000000007
-0.4038148497818601,1.4934947072900855,-20.000000000000007
-0.4728380459071638,1.3344192763904494,-20.000000000000007
-0.48480597356386645,1.3551653642623467,-20.000000000000007
-0.516182774428325,1.2742134698696381,-20.000000000000007
-0.5290602283220829,1.2123914008227317,-20.000000000000007
-0.53049849150782,1.2039376218488715,-20.000000000000007
-0.532330411233653,1.2004385451167103,-20.000000000000007
-0.5323304112336531,1.2004385451167106,-20.000000000000007
-0.5323304112336531,1.2004385451167106,-20.000000000000007
-0.5323304112336531,1.2004385451167103,-20.000000000000007
-0.5323304112336531,1.2004385451167106,-20.000000000000007
-0.5323304112336531,1.2004385451167106,-20.000000000000007
-0.5323304112336531,1.2004385451167106,-20.000000000000007
-0.532330411233653,1.2004385451167106,-20.000000000000007
-0.5323304112336531,1.2004385451167106,-20.000000000000007
-0.5323304112336531,1.2004385451167106,-20.000000000000007
-0.5323304112336531,1.2004385451167106,-20.000000000000007
-0.532330411233653,1.2004385451167106,-20.000000000000007
-0.532330411233653,1.2004385451167106,-20.000000000000007
-0.532330411233653,1.2004385451167106,-20.000000000000007
-0.52970412171485,1.2130154810445701,-20.000000000000007
-0.5281147463047136,1.208335427588896,-20.000000000000007
-0.5088927457533952,1.3664230241247486,-20.000000000000007
-0.5031896692861658,1.3992352022419927,-20.000000000000007
-0.53049849150782,1.2039376218488713,-20.000000000000007
-0.532330411233653,1.2004385451167103,-20.000000000000007
-0.532330411233653,1.2004385451167103,-20.000000000000007
-0.532330411233653,1.2004385451167106,-20.000000000000007
-0.5323304112336531,1.2004385451167106,-20.000000000000007
-0.532330411233653,1.2004385451167106,-20.000000000000007
-0.5323304112336531,1.2004385451167106,-20.000000000000007
-0.532330411233653,1.2004385451167106,-20.000000000000007
-0.532330411233653,1.2004385451167106,-20.000000000000007
-0.532330411233653,1.2004385451167103,-20.000000000000007
-0.5323304112336531,1.2004385451167106,-20.000000000000007
-0.5323304112336531,1.2004385451167106,-20.000000000000007
-0.5323304112336531,1.2004385451167106,-20.000000000000007
-0.532330411233653,1.2004385451167106,-20.000000000000007
-0.5323304112336531,1.2004385451167106,-20.000000000000007
-0.5323304112336531,1.2004385451167106,-20.000000000000007
-0.532330411233653,1.2004385451167106,-20.000000000000007
-0.532330411233653,1.2004385451167106,-20.000000000000007
-0.4840653222073389,1.359245780782235,-20.000000000000007
-0.5250663996218176,1.2139508466213074,-20.000000000000007
-0.4968730835565155,1.3888316926234565,-20.000000000000007
-0.5279110239171594,1.2121225487555727,-20.000000000000007
-0.5301155025692634,1.2056640669816727,-20.000000000000007
-0.4612058431739949,1.3688590926865505,-20.000000000000007
-0.5302955910647089,1.2044351005106477,-20.000000000000007
-0.4732343712972281,1.3349781051317464,-20.000000000000007
-0.5323304112336531,1.2004385451167106,-20.000000000000007
-0.532330411233653,1.2004385451167106,-20.000000000000007
-0.5018280465710236,1.393139246024557,-20.000000000000007
-0.5323304112336531,1.2004385451167106,-20.000000000000007
-0.4823282528427054,1.3667711129991624,-20.000000000000007
-0.5323304112336531,1.2004385451167103,-20.000000000000007
-0.5323304112336531,1.2004385451167106,-20.000000000000007
-0.527896954942109,1.212519897700639,-20.000000000000007
-0.532330411233653,1.2004385451167106,-20.000000000000007
-0.48525609056474417,1.3549730636120947,-20.000000000000007
-0.5323304112336531,1.2004385451167103,-20.000000000000007
-0.527795488214079,1.2124005322736182,-20.000000000000007
-0.532330411233653,1.2004385451167103,-20.000000000000007
-0.532330411233653,1.2004385451167106,-20.000000000000007
-0.5001952192316528,1.3886088020140595,-20.000000000000007
-0.4982342815223787,1.3837646738034042,-20.000000000000007
-0.40381484978186016,1.4934947072900853,-20.000000000000007
-0.35396351652937963,1.4999665897691532,-20.000000000000007
-0.30258667562744185,1.5325552975248482,-20.000000000000007
-0.19936096416594637,1.7308272510611646,-20.000000000000007
-0.13148217478028523,1.501626235944157,-20.000000000000007
-0.12602866814819338,1.532414691374538,-20.000000000000007
-0.11095734796566889,1.5311353815265416,-20.000000000000007
-0.1109573479656689,1.5311353815265414,-20.000000000000007
-0.1109573479656689,1.5311353815265414,-20.000000000000007
-0.11095734796566889,1.5311353815265416,-20.000000000000007
-0.1109573479656689,1.5311353815265414,-20.000000000000007
-0.1109573479656689,1.5311353815265416,-20.000000000000007
-0.11095734796566892,1.5311353815265414,-20.000000000000007
-0.11095734796566892,1.5311353815265414,-20.000000000000007
-0.11095734796566889,1.5311353815265414,-20.000000000000007
-0.11095734796566889,1.5311353815265416,-20.000000000000007
-0.1109573479656689,1.5311353815265414,-20.000000000000007
-0.1109573479656689,1.5311353815265414,-20.000000000000007
-0.11095734796566889,1.5311353815265416,-20.000000000000007
-0.11095734796566889,1.5311353815265414,-20.000000000000007
-0.11095734796566889,1.5311353815265416,-20.000000000000007
-0.11095734796566889,1.5311353815265414,-20.000000000000007
-0.1109573479656689,1.5311353815265414,-20.000000000000007
-0.11095734796566889,1.5311353815265414,-20.000000000000007
-0.11095734796566889,1.5311353815265414,-20.000000000000007
-0.1109573479656689,1.5311353815265414,-20.000000000000007
-0.11095734796566889,1.5311353815265414,-20.000000000000007
-0.1109573479656689,1.5311353815265414,-20.000000000000007
-0.11095734796566889,1.5311353815265414,-20.000000000000007
-0.1109573479656689,1.5311353815265414,-20.000000000000007
-0.1109573479656689,1.5311353815265414,-20.000000000000007
-0.1109573479656689,1.5311353815265414,-20.000000000000007
-0.11095734796566889,1.5311353815265414,-20.000000000000007
-0.11095734796566889,1.5311353815265414,-20.000000000000007
-0.11095734796566889,1.5311353815265414,-20.000000000000007
-0.11095734796566889,1.5311353815265414,-20.000000000000007
-0.11095734796566889,1.5311353815265414,-20.000000000000007
-0.11095734796566889,1.5311353815265414,-20.000000000000007
-0.11095734796566889,1.5311353815265414,-20.000000000000007
-0.11095734796566889,1.5311353815265414,-20.000000000000007
-0.1109573479656689,1.5311353815265414,-20.000000000000007
-0.1109573479656689,1.5311353815265414,-20.000000000000007
-0.1109573479656689,1.5311353815265414,-20.000000000000007
-0.1109573479656689,1.5311353815265414,-20.000000000000007
-0.1109573479656689,1.5311353815265414,-20.000000000000007
-0.1109573479656689,1.5311353815265414,-20.000000000000007
-0.11095734796566892,1.5311353815265414,-20.000000000000007
-0.11095734796566889,1.5311353815265414,-20.000000000000007
-0.11095734796566889,1.5311353815265414,-20.000000000000007
-0.11095734796566889,1.5311353815265414,-20.000000000000007
-0.11095734796566892,1.5311353815265414,-20.000000000000007
-0.1109573479656689,1.5311353815265414,-20.000000000000007
-0.11095734796566889,1.5311353815265414,-20.000000000000007
-0.1109573479656689,1.5311353815265414,-20.000000000000007
-0.11095734796566889,1.5311353815265414,-20.000000000000007
-0.11095734796566889,1.5311353815265416,-20.000000000000007
-0.1109573479656689,1.5311353815265414,-20.000000000000007
-0.11095734796566892,1.5311353815265414,-20.000000000000007
-0.1109573479656689,1.5311353815265414,-20.000000000000007
-0.11095734796566889,1.5311353815265412,-20.000000000000007
-0.11095734796566892,1.5311353815265414,-20.000000000000007
-0.11095734796566892,1.5311353815265414,-20.000000000000007
-0.11095734796566889,1.5311353815265414,-20.000000000000007
-0.1109573479656689,1.5311353815265414,-20.000000000000007
-0.1109573479656689,1.5311353815265414,-20.000000000000007
-0.11240583658738619,1.5333027470460343,-20.000000000000007
-0.11240583658738619,1.5333027470460343,-20.000000000000007
-0.1109573479656689,1.5311353815265416,-20.000000000000007
-0.1109573479656689,1.5311353815265414,-20.000000000000007
-0.11095734796566889,1.5311353815265414,-20.000000000000007
-0.11095734796566892,1.5311353815265416,-20.000000000000007
-0.1109573479656689,1.5311353815265414,-20.000000000000007
-0.11095734796566889,1.5311353815265414,-20.000000000000007
-0.11095734796566889,1.5311353815265414,-20.000000000000007
-0.11095734796566892,1.5311353815265414,-20.000000000000007
-0.1109573479656689,1.5311353815265414,-20.000000000000007
-0.11095734796566889,1.5311353815265414,-20.000000000000007
-0.11095734796566889,1.5311353815265416,-20.000000000000007
-0.11095734796566889,1.5311353815265414,-20.000000000000007
-0.1109573479656689,1.5311353815265414,-20.000000000000007
-0.1109573479656689,1.5311353815265416,-20.000000000000007
-0.11095734796566889,1.5311353815265416,-20.000000000000007
-0.1109573479656689,1.5311353815265414,-20.000000000000007
-0.1109573479656689,1.5311353815265414,-20.000000000000007
-0.1109573479656689,1.5311353815265416,-20.000000000000007
-0.1109573479656689,1.5311353815265416,-20.000000000000007
-0.11095734796566892,1.5311353815265414,-20.000000000000007
-0.11095734796566892,1.5311353815265416,-20.000000000000007
-0.1109573479656689,1.5311353815265414,-20.000000000000007
-0.11095734796566889,1.5311353815265416,-20.000000000000007
-0.1109573479656689,1.5311353815265414,-20.000000000000007
-0.11095734796566889,1.5311353815265414,-20.000000000000007
-0.11095734796566889,1.5311353815265414,-20.000000000000007
-0.1109573479656689,1.5311353815265416,-20.000000000000007
-0.1109573479656689,1.5311353815265414,-20.000000000000007
-0.1109573479656689,1.5311353815265414,-20.000000000000007
-0.1109573479656689,1.5311353815265412,-20.000000000000007
-0.11095734796566889,1.5311353815265414,-20.000000000000007
-0.1109573479656689,1.5311353815265414,-20.000000000000007
-0.11095734796566892,1.5311353815265414,-20.000000000000007
-0.1109573479656689,1.5311353815265414,-20.000000000000007
-0.1109573479656689,1.5311353815265412,-20.000000000000007
-0.11095734796566889,1.5311353815265416,-20.000000000000007
-0.11240583658738619,1.5333027470460343,-20.000000000000007
-0.11240583658738619,1.5333027470460343,-20.000000000000007
-0.1109573479656689,1.5311353815265418,-20.000000000000007
-0.1109573479656689,1.5311353815265414,-20.000000000000007
-0.11095734796566889,1.5311353815265414,-20.000000000000007
-0.1109573479656689,1.5311353815265416,-20.000000000000007
-0.11095734796566892,1.5311353815265414,-20.000000000000007
-0.11095734796566889,1.5311353815265414,-20.000000000000007
-0.11095734796566889,1.5311353815265418,-20.000000000000007
-0.11095734796566889,1.5311353815265414,-20.000000000000007
-0.11095734796566889,1.5311353815265418,-20.000000000000007
-0.11095734796566889,1.5311353815265416,-20.000000000000007
-0.1109573479656689,1.5311353815265414,-20.000000000000007
-0.11095734796566889,1.5311353815265416,-20.000000000000007
-0.1109573479656689,1.5311353815265414,-20.000000000000007
-0.11240583658738618,1.5333027470460343,-20.000000000000007
-0.11240583658738619,1.5333027470460343,-20.000000000000007
-0.1109573479656689,1.5311353815265414,-20.000000000000007
-0.1109573479656689,1.5311353815265414,-20.000000000000007
-0.1109573479656689,1.5311353815265416,-20.000000000000007
-0.11095734796566892,1.5311353815265412,-20.000000000000007
-0.1109573479656689,1.5311353815265416,-20.000000000000007
-0.11095734796566889,1.5311353815265414,-20.000000000000007
-0.1109573479656689,1.5311353815265416,-20.000000000000007
-0.1124058365873862,1.5333027470460345,-20.000000000000007
-0.11240583658738618,1.5333027470460343,-20.000000000000007
-0.11240583658738618,1.5333027470460343,-20.000000000000007
-0.11095734796566889,1.5311353815265414,-20.000000000000007
-0.11095734796566889,1.5311353815265414,-20.000000000000007
-0.11095734796566892,1.5311353815265416,-20.000000000000007
-0.11095734796566889,1.5311353815265416,-20.000000000000007
-0.11095734796566889,1.5311353815265416,-20.000000000000007
-0.11095734796566889,1.5311353815265416,-20.000000000000007
-0.11095734796566889,1.5311353815265416,-20.000000000000007
-0.11095734796566889,1.5311353815265414,-20.000000000000007
-0.11095734796566892,1.5311353815265414,-20.000000000000007
-0.11095734796566889,1.5311353815265414,-20.000000000000007
-0.11095734796566889,1.5311353815265414,-20.000000000000007
-0.11095734796566889,1.5311353815265414,-20.000000000000007
-0.11095734796566889,1.5311353815265418,-20.000000000000007
-0.1109573479656689,1.5311353815265414,-20.000000000000007
-0.11095734796566889,1.5311353815265416,-20.000000000000007
-0.1124058365873862,1.5333027470460343,-20.000000000000007
-0.11095734796566889,1.5311353815265418,-20.000000000000007
-0.1109573479656689,1.5311353815265418,-20.000000000000007
-0.11095734796566889,1.5311353815265414,-20.000000000000007
-0.11095734796566889,1.5311353815265418,-20.000000000000007
-0.11095734796566889,1.5311353815265414,-20.000000000000007
-0.1109573479656689,1.5311353815265416,-20.000000000000007
-0.11095734796566888,1.5311353815265414,-20.000000000000007
-0.11095734796566889,1.5311353815265414,-20.000000000000007
-0.1124058365873862,1.5333027470460345,-20.000000000000007
-0.11240583658738618,1.5333027470460345,-20.000000000000007
-0.11240583658738618,1.5333027470460345,-20.000000000000007
-0.11240583658738619,1.5333027470460343,-20.000000000000007
-0.11240583658738618,1.5333027470460345,-20.000000000000007
-0.11240583658738618,1.5333027470460343,-20.000000000000007
-0.11240583658738618,1.5333027470460343,-20.000000000000007
-0.11240583658738618,1.5333027470460343,-20.000000000000007
-0.1109573479656689,1.5311353815265416,-20.000000000000007
-0.11240583658738618,1.5333027470460345,-20.000000000000007
-0.11240583658738619,1.5333027470460343,-20.000000000000007
-0.1109573479656689,1.5311353815265414,-20.000000000000007
-0.11240583658738618,1.5333027470460343,-20.000000000000007
-0.11240583658738619,1.5333027470460343,-20.000000000000007
-0.11095734796566889,1.5311353815265416,-20.000000000000007
-0.11095734796566889,1.5311353815265414,-20.000000000000007
-0.1109573479656689,1.5311353815265416,-20.000000000000007
-0.11095734796566889,1.5311353815265416,-20.000000000000007
-0.11095734796566889,1.5311353815265414,-20.000000000000007
-0.11240583658738618,1.5333027470460343,-20.000000000000007
-0.11240583658738619,1.5333027470460343,-20.000000000000007
-0.1124058365873862,1.5333027470460343,-20.000000000000007
-0.11240583658738619,1.5333027470460345,-20.000000000000007
-0.11095734796566889,1.5311353815265414,-20.000000000000007
-0.1109573479656689,1.5311353815265416,-20.000000000000007
-0.1109573479656689,1.5311353815265416,-20.000000000000007
-0.11095734796566889,1.5311353815265414,-20.000000000000007
-0.11095734796566889,1.5311353815265416,-20.000000000000007
-0.11095734796566889,1.5311353815265414,-20.000000000000007
-0.11095734796566889,1.5311353815265414,-20.000000000000007
-0.1109573479656689,1.5311353815265414,-20.000000000000007
-0.1109573479656689,1.5311353815265416,-20.000000000000007
-0.1109573479656689,1.5311353815265414,-20.000000000000007
-0.11095734796566892,1.5311353815265414,-20.000000000000007
-0.11095734796566889,1.5311353815265414,-20.000000000000007
-0.1109573479656689,1.5311353815265416,-20.000000000000007
-0.1109573479656689,1.5311353815265414,-20.000000000000007
-0.11095734796566889,1.5311353815265414,-20.000000000000007
-0.11240583658738619,1.5333027470460345,-20.000000000000007
-0.11240583658738618,1.5333027470460343,-20.000000000000007
-0.11240583658738618,1.5333027470460345,-20.000000000000007
-0.11240583658738619,1.5333027470460343,-20.000000000000007
-0.11240583658738619,1.5333027470460343,-20.000000000000007
-0.11240583658738618,1.5333027470460343,-20.000000000000007
-0.11095734796566889,1.5311353815265416,-20.000000000000007
-0.1109573479656689,1.5311353815265418,-20.000000000000007
-0.11240583658738618,1.5333027470460343,-20.000000000000007
-0.11095734796566889,1.5311353815265414,-20.000000000000007
-0.11240583658738619,1.5333027470460343,-20.000000000000007
-0.11095734796566892,1.5311353815265414,-20.000000000000007
-0.11095734796566889,1.5311353815265414,-20.000000000000007
-0.11240583658738619,1.5333027470460343,-20.000000000000007
-0.11240583658738619,1.5333027470460343,-20.000000000000007
-0.11240583658738618,1.5333027470460343,-20.000000000000007
-0.11240583658738618,1.5333027470460343,-20.000000000000007
-0.11095734796566889,1.5311353815265418,-20.000000000000007
-0.11095734796566889,1.5311353815265414,-20.000000000000007
-0.11095734796566889,1.5311353815265418,-20.000000000000007
-0.1124058365873862,1.5333027470460343,-20.000000000000007
-0.11095734796566889,1.5311353815265414,-20.000000000000007
-0.11095734796566889,1.5311353815265414,-20.000000000000007
-0.11095734796566889,1.5311353815265416,-20.000000000000007
-0.1109573479656689,1.5311353815265418,-20.000000000000007
-0.11095734796566889,1.5311353815265416,-20.000000000000007
-0.11095734796566889,1.5311353815265414,-20.000000000000007
-0.11095734796566889,1.5311353815265414,-20.000000000000007
-0.11095734796566889,1.5311353815265414,-20.000000000000007
-0.11095734796566892,1.5311353815265414,-20.000000000000007
-0.11095734796566889,1.5311353815265414,-20.000000000000007
-0.11095734796566889,1.5311353815265416,-20.000000000000007
-0.1109573479656689,1.5311353815265416,-20.000000000000007
-0.11095734796566889,1.5311353815265414,-20.000000000000007
-0.1109573479656689,1.5311353815265414,-20.000000000000007
-0.1109573479656689,1.5311353815265414,-20.000000000000007
-0.11095734796566889,1.5311353815265414,-20.000000000000007
-0.11095734796566892,1.5311353815265414,-20.000000000000007
-0.1109573479656689,1.5311353815265414,-20.000000000000007
-0.11095734796566889,1.5311353815265414,-20.000000000000007
-0.11095734796566889,1.5311353815265416,-20.000000000000007
-0.11095734796566892,1.5311353815265414,-20.000000000000007
-0.1109573479656689,1.5311353815265416,-20.000000000000007
-0.11095734796566889,1.5311353815265418,-20.000000000000007
-0.1109573479656689,1.5311353815265414,-20.000000000000007
-0.11095734796566892,1.5311353815265414,-20.000000000000007
-0.1109573479656689,1.5311353815265414,-20.000000000000007
-0.1109573479656689,1.5311353815265414,-20.000000000000007
-0.1109573479656689,1.5311353815265414,-20.000000000000007
-0.11095734796566889,1.5311353815265414,-20.000000000000007
-0.1109573479656689,1.5311353815265414,-20.000000000000007
-0.11240583658738619,1.5333027470460343,-20.000000000000007
-0.1109573479656689,1.5311353815265416,-20.000000000000007
-0.11095734796566892,1.5311353815265414,-20.000000000000007
-0.1109573479656689,1.5311353815265414,-20.000000000000007
-0.1109573479656689,1.5311353815265414,-20.000000000000007
-0.11095734796566889,1.5311353815265414,-20.000000000000007
-0.1124058365873862,1.5333027470460343,-20.000000000000007
-0.11095734796566889,1.5311353815265416,-20.000000000000007
-0.11095734796566889,1.5311353815265414,-20.000000000000007
-0.11095734796566892,1.5311353815265414,-20.000000000000007
-0.1109573479656689,1.5311353815265414,-20.000000000000007
-0.11095734796566889,1.5311353815265414,-20.000000000000007
-0.11095734796566889,1.5311353815265418,-20.000000000000007
-0.1109573479656689,1.5311353815265414,-20.000000000000007
-0.11095734796566889,1.5311353815265416,-20.000000000000007
-0.1109573479656689,1.5311353815265414,-20.000000000000007
-0.11095734796566892,1.5311353815265414,-20.000000000000007
-0.1109573479656689,1.5311353815265414,-20.000000000000007
-0.1109573479656689,1.5311353815265416,-20.000000000000007
-0.11095734796566889,1.5311353815265414,-20.000000000000007
-0.1102329398897883,1.5292120197188135,-20.000000000000007
-0.11023216213590639,1.5313395110577366,-20.000000000000007
-0.11022610724915126,1.5498308500002487,-20.000000000000007
-0.11022610724915126,1.5498308500002487,-20.000000000000007
-0.11022610724915125,1.5498308500002485,-20.000000000000007
-0.11022610724915126,1.5498308500002485,-20.000000000000007
-0.11022610724915126,1.5498308500002485,-20.000000000000007
-0.11022610724915126,1.5498308500002485,-20.000000000000007
-0.11022610724915126,1.5498308500002485,-20.000000000000007
-0.11022610724915125,1.5498308500002485,-20.000000000000007
-0.11022610724915125,1.5498308500002485,-20.000000000000007
-0.11022610724915125,1.5498308500002487,-20.000000000000007
-0.11022610724915125,1.5498308500002487,-20.000000000000007
-0.11022610724915125,1.5498308500002487,-20.000000000000007
-0.11022610724915125,1.5498308500002487,-20.000000000000007
-0.11022610724915125,1.5498308500002485,-20.000000000000007
-0.11022610724915125,1.5498308500002485,-20.000000000000007
-0.11022610724915126,1.5498308500002485,-20.000000000000007
-0.11022610724915126,1.5498308500002487,-20.000000000000007
-0.11022610724915125,1.5498308500002487,-20.000000000000007
-0.11022610724915125,1.5498308500002485,-20.000000000000007
-0.11022610724915127,1.5498308500002487,-20.000000000000007
-0.11022610724915125,1.5498308500002487,-20.000000000000007
-0.11022610724915126,1.5498308500002485,-20.000000000000007
-0.11022610724915125,1.5498308500002485,-20.000000000000007
-0.11022610724915126,1.5498308500002485,-20.000000000000007
-0.11022610724915125,1.5498308500002485,-20.000000000000007
-0.11022610724915125,1.5498308500002482,-20.000000000000007
-0.11022610724915125,1.549830850000249,-20.000000000000007
-0.11022610724915125,1.5498308500002485,-20.000000000000007
-0.11022610724915126,1.5498308500002485,-20.000000000000007
-0.11022610724915127,1.5498308500002485,-20.000000000000007
-0.11022610724915127,1.5498308500002487,-20.000000000000007
-0.11022610724915127,1.5498308500002485,-20.000000000000007
-0.11022610724915125,1.5498308500002487,-20.000000000000007
-0.11022610724915126,1.5498308500002485,-20.000000000000007
-0.11022610724915126,1.5498308500002487,-20.000000000000007
-0.11022610724915126,1.5498308500002485,-20.000000000000007
-0.11022610724915126,1.5498308500002487,-20.000000000000007
-0.11022610724915127,1.5498308500002485,-20.000000000000004
-0.11095178515381296,1.5517726590510814,-20.0
-0.11022754162278775,1.5506906259991042,-19.999999999999996
-0.11095178515381296,1.5517726590510812,-20.0
-0.11022754162278775,1.550690625999104,-20.0
