gain,ratio,threshold
-0.11023310443464365,1.5300533484745644,-20.0
-0.11023310443464367,1.5300533484745644,-20.0
-0.1109573479656689,1.5311353815265414,-20.000000000000004
-0.12477553846035509,1.529205093407634,-20.0
-0.12477553846035509,1.529205093407634,-20.0
-0.12612832293323067,1.5235850837677125,-20.0
-0.12756711120681588,1.520806514362063,-20.000000000000004
-0.1316195303529259,1.5122209144802383,-20.0
-0.13521384973317271,1.4961177966881398,-20.0
-0.13766089245675403,1.4109848407592605,-20.000000000000004
-0.14975415741304388,1.4356391577721634,-20.0
-0.16015086704143033,1.4658572207674505,-20.0
-0.16491224342351885,1.4962079272044329,-20.0
-0.17426758362483646,1.5596310191219989,-20.0
-0.17825534106184443,1.5837285229747722,-19.999999999999996
-0.179509115801908,1.5810607140359072,-20.0
-0.17950911580190798,1.5810607140359072,-20.0
-0.179509115801908,1.5810607140359072,-20.000000000000007
-0.17917386072802038,1.5901780441278877,-20.000000000000007
-0.17694296547815702,1.5727431410120194,-20.000000000000007
-0.16491224342351887,1.4962079272044329,-20.000000000000007
-0.17337853243457832,1.5519365666422187,-20.000000000000007
-0.17337853243457832,1.5519365666422185,-20.000000000000007
-0.17337853243457835,1.5519365666422185,-20.000000000000007
-0.17337853243457835,1.551936566642219,-20.000000000000007
-0.16226514651890211,1.4799780943445653,-20.000000000000007
-0.1509864912825978,1.3992341320455806,-20.000000000000007
-0.14969871320520373,1.4376750065870232,-20.000000000000007
-0.1377468926182409,1.4138227263361496,-20.000000000000007
-0.1355116257520978,1.4996887919569402,-20.000000000000007
-0.13552422097192307,1.4980251333747931,-20.000000000000007
-0.1355116257520978,1.4996887919569402,-20.000000000000007
-0.13552422097192307,1.4980251333747934,-20.000000000000007
-0.13766089245675403,1.4109848407592605,-20.000000000000007
-0.1489623238983579,1.441250436214657,-20.000000000000007
-0.14969871320520375,1.437675006587023,-20.000000000000007
-0.13766089245675406,1.4109848407592602,-20.000000000000007
-0.1362745899628907,1.4698692019264867,-20.000000000000007
-0.1355116257520978,1.49968879195694,-20.000000000000007
-0.13552422097192307,1.4980251333747934,-20.000000000000007
-0.13552422097192307,1.4980251333747931,-20.000000000000007
-0.13521384973317271,1.4961177966881403,-20.000000000000007
-0.13495605330512833,1.4898632237174254,-20.000000000000007
-0.13160124455853317,1.5129003193082484,-20.000000000000007
-0.12756711120681585,1.520806514362063,-20.000000000000007
-0.12612832293323067,1.5235850837677127,-20.000000000000007
-0.12477553846035512,1.5292050934076342,-20.000000000000007
-0.12477553846035513,1.5292050934076342,-20.000000000000007
-0.1247755384603551,1.5292050934076344,-20.000000000000007
-0.1247755384603551,1.5292050934076347,-20.000000000000007
-0.12612832293323067,1.5235850837677125,-20.000000000000007
-0.12612832293323067,1.5235850837677125,-20.000000000000007
-0.12756711120681585,1.520806514362063,-20.000000000000007
-0.13034416345466582,1.5263060543998153,-20.000000000000007
-0.13160124455853317,1.5129003193082486,-20.000000000000007
-0.1316195303529259,1.512220914480239,-20.000000000000007
-0.1316195303529259,1.512220914480239,-20.000000000000007
-0.13495605330512833,1.4898632237174256,-20.000000000000007
-0.13521384973317274,1.49611779668814,-20.000000000000007
-0.13552422097192307,1.4980251333747934,-20.000000000000007
-0.13627458996289069,1.469869201926487,-20.000000000000007
-0.1377468926182409,1.4138227263361496,-20.000000000000007
-0.13774689261824094,1.4138227263361496,-20.000000000000007
-0.14975415741304388,1.4356391577721637,-20.000000000000007
-0.16175363895024922,1.4767475548411564,-20.000000000000007
-0.16270023080057264,1.4821412217524914,-20.000000000000007
-0.17337853243457835,1.5519365666422187,-20.000000000000007
-0.1735996436780998,1.5552621540346743,-20.000000000000007
-0.17716407672167844,1.5760687284044748,-20.000000000000007
-0.17694296547815702,1.572743141012019,-20.000000000000007
-0.179509115801908,1.5810607140359072,-20.000000000000007
-0.179509115801908,1.5810607140359072,-20.000000000000007
-0.18067000068203443,1.5594198148107745,-20.000000000000007
-0.1822099663654441,1.5747645545787243,-20.000000000000007
-0.18220996636544412,1.5747645545787246,-20.000000000000007
-0.17933485877093763,1.583265502831509,-20.000000000000007
-0.1771640767216785,1.5760687284044745,-20.000000000000007
-0.1649122434235189,1.496207927204433,-20.000000000000007
-0.1622651465189021,1.4799780943445653,-20.000000000000007
-0.1735996436780998,1.5552621540346743,-20.000000000000007
-0.17426758362483646,1.5596310191219989,-20.000000000000007
-0.17917386072802038,1.5901780441278879,-20.000000000000007
-0.17825534106184446,1.5837285229747722,-20.000000000000007
-0.1754824483155792,1.5669961652094957,-20.000000000000007
-0.16270023080057264,1.4821412217524916,-20.000000000000007
-0.1601508670414304,1.4658572207674505,-20.000000000000007
-0.14969871320520375,1.4376750065870232,-20.000000000000007
-0.1362745899628907,1.4698692019264872,-20.000000000000007
-0.13505394683634653,1.4898994611030374,-20.000000000000007
-0.13136931143642383,1.5152803898427867,-20.000000000000007
-0.12611003453939315,1.5242435170268307,-20.000000000000007
-0.1247755384603551,1.5292050934076342,-20.000000000000007
-0.1247755384603551,1.5292050934076344,-20.000000000000007
-0.12477553846035512,1.5292050934076342,-20.000000000000007
-0.1247755384603551,1.5292050934076342,-20.000000000000007
-0.12477553846035512,1.5292050934076342,-20.000000000000007
-0.1261283229332307,1.5235850837677125,-20.000000000000007
-0.12612832293323067,1.5235850837677125,-20.000000000000007
-0.12612832293323067,1.5235850837677123,-20.000000000000007
-0.12756711120681585,1.520806514362063,-20.000000000000007
-0.13034416345466585,1.5263060543998153,-20.000000000000007
-0.13160124455853314,1.5129003193082484,-20.000000000000007
-0.1316195303529259,1.5122209144802388,-20.000000000000007
-0.13495605330512833,1.4898632237174252,-20.000000000000007
-0.13510242115286455,1.4930426070965752,-20.000000000000007
-0.1353442386637973,1.495727329106003,-20.000000000000007
-0.13766089245675403,1.4109848407592605,-20.000000000000007
-0.14975414285615307,1.4356134548649337,-20.000000000000007
-0.14975414285615307,1.435613454864934,-20.000000000000007
-0.16015086704143036,1.4658572207674505,-20.000000000000007
-0.14975414285615307,1.435613454864934,-20.000000000000007
-0.13774689261824094,1.4138227263361494,-20.000000000000007
-0.13766089245675406,1.4109848407592602,-20.000000000000007
-0.13551162575209783,1.4996887919569402,-20.000000000000007
-0.13521384973317274,1.49611779668814,-20.000000000000007
-0.13495605330512836,1.4898632237174254,-20.000000000000007
-0.1321932105323198,1.5075344649957076,-20.000000000000007
-0.1316195303529259,1.5122209144802388,-20.000000000000007
-0.13156467037030284,1.5142381573953756,-20.000000000000007
-0.13495605330512836,1.4898632237174254,-20.000000000000007
-0.1350335363857526,1.4900113292690937,-20.000000000000007
-0.13521384973317271,1.4961177966881398,-20.000000000000007
-0.13627458996289069,1.4698692019264867,-20.000000000000007
-0.1355116257520978,1.49968879195694,-20.000000000000007
-0.13551162575209783,1.4996887919569402,-20.000000000000007
-0.13552422097192307,1.4980251333747931,-20.000000000000007
-0.13552422097192307,1.4980251333747931,-20.000000000000007
-0.13552422097192307,1.4980251333747931,-20.000000000000007
-0.13510242115286458,1.4930426070965752,-20.000000000000007
-0.13495605330512833,1.4898632237174252,-20.000000000000007
-0.1316195303529259,1.5122209144802388,-20.000000000000007
-0.13034416345466585,1.5263060543998153,-20.000000000000007
-0.12612832371306412,1.523586733475482,-20.000000000000007
-0.1247755384603551,1.5292050934076342,-20.000000000000007
-0.12477553846035512,1.5292050934076342,-20.000000000000007
-0.11095734796566892,1.5311353815265414,-20.000000000000007
-0.11095734796566889,1.5311353815265414,-20.000000000000007
-0.12477553846035512,1.5292050934076342,-20.000000000000007
-0.12477553846035512,1.5292050934076342,-20.000000000000007
-0.12477553846035513,1.5292050934076342,-20.000000000000007
-0.12477553846035512,1.5292050934076342,-20.000000000000007
-0.12612832293323067,1.5235850837677127,-20.000000000000007
-0.12756711120681588,1.520806514362063,-20.000000000000007
-0.13034798177912152,1.52663833112224,-20.000000000000007
-0.1349582935066505,1.4897359463283295,-20.000000000000007
-0.13521384973317274,1.4961177966881398,-20.000000000000007
-0.13552422097192307,1.4980251333747931,-20.000000000000007
-0.1362745899628907,1.4698692019264867,-20.000000000000007
-0.13766089245675406,1.4109848407592605,-20.000000000000007
-0.14975414285615307,1.435613454864934,-20.000000000000007
-0.17271059248784168,1.5475677015548939,-20.000000000000007
-0.179509115801908,1.5810607140359072,-20.000000000000007
-0.18220996636544406,1.5747645545787246,-20.000000000000007
-0.18220996636544406,1.5747645545787243,-20.000000000000007
-0.17933485877093763,1.5832655028315092,-20.000000000000007
-0.17716407672167847,1.5760687284044748,-20.000000000000007
-0.17337853243457832,1.5519365666422185,-20.000000000000007
-0.1622651465189021,1.4799780943445653,-20.000000000000007
-0.1742675836248365,1.5596310191219986,-20.000000000000007
-0.16226514651890211,1.479978094344565,-20.000000000000007
-0.15280423597603296,1.4087123965335242,-20.000000000000007
-0.14969871320520373,1.437675006587023,-20.000000000000007
-0.13766089245675403,1.4109848407592605,-20.000000000000007
-0.1362745899628907,1.469869201926487,-20.000000000000007
-0.13766089245675406,1.4109848407592602,-20.000000000000007
-0.13766089245675403,1.4109848407592605,-20.000000000000007
-0.1377468926182409,1.4138227263361496,-20.000000000000007
-0.13766089245675403,1.4109848407592607,-20.000000000000007
-0.1362745899628907,1.4698692019264867,-20.000000000000007
-0.13552422097192307,1.4980251333747934,-20.000000000000007
-0.13521384973317274,1.49611779668814,-20.000000000000007
-0.13495605330512833,1.4898632237174254,-20.000000000000007
-0.1349582935066505,1.4897359463283295,-20.000000000000007
-0.1350561870378687,1.489772183713942,-20.000000000000007
-0.13505618703786867,1.489772183713942,-20.000000000000007
-0.1349582935066505,1.4897359463283295,-20.000000000000007
-0.13161953035292592,1.5122209144802388,-20.000000000000007
-0.12921378370904038,1.525461557060037,-20.000000000000007
-0.1261283229332307,1.5235850837677125,-20.000000000000007
-0.12612832293323067,1.5235850837677127,-20.000000000000007
-0.12405129492932988,1.528123060355657,-20.000000000000007
-0.12405129492932988,1.5281230603556573,-20.000000000000007
-0.12405129492932988,1.5281230603556573,-20.000000000000007
-0.12405129492932987,1.528123060355657,-20.000000000000007
-0.12540407940220547,1.5225030507157356,-20.000000000000007
-0.1261283229332307,1.5235850837677125,-20.000000000000007
-0.12756711120681585,1.5208065143620628,-20.000000000000007
-0.1303479817791215,1.52663833112224,-20.000000000000007
-0.1349582935066505,1.4897359463283293,-20.000000000000007
-0.1352364542451437,1.4956132648969094,-20.000000000000007
-0.13766089245675403,1.4109848407592602,-20.000000000000007
-0.14896232389835787,1.4412504362146568,-20.000000000000007
-0.1617536389502492,1.4767475548411566,-20.000000000000007
-0.17950911580190798,1.5810607140359072,-20.000000000000007
-0.17552500018705428,1.570596500535822,-20.000000000000007
-0.18159448893339836,1.5695762451319148,-20.000000000000007
-0.1825476149431105,1.5745835488650153,-20.000000000000007
-0.18627020613617065,1.6097230967646794,-20.000000000000007
-0.18354676646237397,1.586145983007345,-20.000000000000007
-0.18494295243525508,1.5960665343890243,-20.000000000000007
-0.1732544804304689,1.5576998178371002,-20.000000000000007
-0.15098652221599085,1.3992182273216018,-20.000000000000007
-0.1353876019519644,1.4982772609475221,-20.000000000000007
-0.13085363461826827,1.508329928343825,-20.000000000000007
-0.13011223033255653,1.5286861249343535,-20.000000000000007
-0.12738145262106898,1.5267946817346165,-20.000000000000007
-0.12458017952647607,1.530247325855045,-20.000000000000007
-0.12475725006651754,1.5298635266667522,-20.000000000000007
-0.1247755384603551,1.5292050934076342,-20.000000000000007
-0.1247755384603551,1.5292050934076342,-20.000000000000007
-0.1247755384603551,1.5292050934076344,-20.000000000000007
-0.12477553846035512,1.5292050934076342,-20.000000000000007
-0.1247755384603551,1.5292050934076344,-20.000000000000007
-0.12475725006651753,1.5298635266667522,-20.000000000000007
-0.12477553846035512,1.5292050934076347,-20.000000000000007
-0.1247755384603551,1.5292050934076342,-20.000000000000007
-0.1247755384603551,1.5292050934076342,-20.000000000000007
-0.1247755384603551,1.5292050934076342,-20.000000000000007
-0.12477553846035512,1.5292050934076344,-20.000000000000007
-0.13534423866379733,1.495727329106003,-20.000000000000007
-0.16707916477737222,1.558979984289535,-20.000000000000007
-0.17531052896531077,1.5656218925739698,-20.000000000000007
-0.18160651071570239,1.5652941697295795,-20.000000000000007
-0.1734197698967941,1.5556304682960724,-20.000000000000007
-0.15756859600085427,1.5050281698307642,-20.000000000000007
-0.14849302182516144,1.473191263891299,-20.000000000000007
-0.14918550819910134,1.4453914796288407,-20.000000000000007
-0.13493092824151431,1.4740203370252878,-20.000000000000007
-0.15623082137207167,1.49786710986462,-20.000000000000007
-0.13827986614204568,1.4248178723696432,-20.000000000000007
-0.16796189619745086,1.569840208713262,-20.000000000000007
-0.15986010068533274,1.5220990833458004,-20.000000000000007
-0.14770124783776123,1.4788191030881714,-20.000000000000007
-0.1674644379780402,1.5608918025908822,-20.000000000000007
-0.1340677854575584,1.502664271883887,-20.000000000000007
-0.14969854307154207,1.4377624825689053,-20.000000000000007
-0.1376608460566645,1.411008697845228,-20.000000000000007
-0.13430545958346418,1.5026928988352635,-20.000000000000007
-0.1362745899628907,1.469869201926487,-20.000000000000007
-0.13484361666012967,1.4903596169324909,-20.000000000000007
-0.1349173278163878,1.4901515886757666,-20.000000000000007
-0.14975415741304388,1.4356391577721637,-20.000000000000007
-0.18157370520253227,1.5681589661310107,-20.000000000000007
-0.18206367474642643,1.5720589966979652,-20.000000000000007
-0.20052713059800215,1.7437632542726698,-20.000000000000007
-0.17510106557395994,1.566410033027889,-20.000000000000007
-0.13626719740184534,1.4902681766755492,-20.000000000000007
-0.15623080590537516,1.497846922966037,-20.000000000000007
-0.13548266325810884,1.510385455395212,-20.000000000000007
-0.1669603169917096,1.5639717562025353,-20.000000000000007
-0.15917975124910116,1.515004637837892,-20.000000000000007
-0.14911577887237637,1.4865674155434463,-20.000000000000007
-0.1729416380295266,1.5587929580897588,-20.000000000000007
-0.17177202096448102,1.5990975930802038,-20.000000000000007
-0.1818039679214179,1.5689694032660026,-20.000000000000007
-0.18160520059552698,1.5652683469603517,-20.000000000000007
-0.17534244702802876,1.5643073691170037,-20.000000000000007
-0.1606803749854378,1.5278630466591987,-20.000000000000007
-0.16750140221296156,1.5659595162767146,-20.000000000000007
-0.15051641496476995,1.4437806381826714,-20.000000000000007
-0.1382792982933308,1.4248276269423903,-20.000000000000007
-0.17177202096448102,1.5990975930802036,-20.000000000000007
-0.13548266325810887,1.510385455395212,-20.000000000000007
-0.1703340981760395,1.5849866947369589,-20.000000000000007
-0.1682457767542655,1.571380497409752,-20.000000000000007
-0.14911574455970505,1.4865068301192617,-20.000000000000007
-0.16667652494599017,1.5624042528951725,-20.000000000000007
-0.13517229201935854,1.5084781187085592,-20.000000000000007
-0.1368653351074306,1.4170695599143688,-20.000000000000007
-0.1340681395019392,1.5026499943935527,-20.000000000000007
-0.1337092939466708,1.497599511713362,-20.000000000000007
-0.1346158308222145,1.5046002355219168,-20.000000000000007
-0.13361140041545258,1.49756327432775,-20.000000000000007
-0.13361104637107185,1.4975775518180838,-20.000000000000007
-0.13370893990229002,1.497613789203696,-20.000000000000007
-0.14924093785005066,1.4433299279067515,-20.000000000000007
-0.17046475601922784,1.5860720442868577,-20.000000000000007
-0.17509931874705942,1.5663756026689184,-20.000000000000007
-0.18106147927731098,1.566601446293014,-20.000000000000007
-0.16696030971326423,1.5639589047489204,-20.000000000000007
-0.1383658590250871,1.4276429064929175,-20.000000000000007
-0.13836585902508713,1.4276429064929173,-20.000000000000007
-0.13827985886360028,1.4248050209160283,-20.000000000000007
-0.1495670437880744,1.4816374407249464,-20.000000000000007
-0.16696030971326423,1.5639589047489204,-20.000000000000007
-0.1729430573263833,1.5588209327564222,-20.000000000000007
-0.17506914439190818,1.5677190487190196,-20.000000000000007
-0.19939043264186412,1.7295823197344997,-20.000000000000007
-0.2002751479582084,1.7399956220515302,-20.000000000000007
-0.17510106245462623,1.566404525262054,-20.000000000000007
-0.1751010624546262,1.5664045252620538,-20.000000000000007
-0.1570510904732872,1.5036218935682937,-20.000000000000007
-0.13548266325810887,1.5103854553952125,-20.000000000000007
-0.1703340981760395,1.5849866947369586,-20.000000000000007
-0.13836585902508713,1.4276429064929173,-20.000000000000007
-0.15051641496476997,1.4437806381826717,-20.000000000000007
-0.17177201680536935,1.599090249392424,-20.000000000000007
-0.13634545199768403,1.4817557980269473,-20.000000000000007
-0.17033409817603948,1.5849866947369589,-20.000000000000007
-0.14956704378807442,1.481637440724946,-20.000000000000007
-0.1495670437880744,1.4816374407249464,-20.000000000000007
-0.1570510904732872,1.5036218935682935,-20.000000000000007
-0.13548266325810887,1.510385455395212,-20.000000000000007
-0.14956707810074568,1.4816980261491304,-20.000000000000007
-0.13606264930065265,1.4974974914946904,-20.000000000000007
-0.13606264930065265,1.4974974914946906,-20.000000000000007
-0.13827986614204568,1.424817872369643,-20.000000000000007
-0.137660892456754,1.41098484075926,-20.000000000000007
-0.1497541574130439,1.4356391577721637,-20.000000000000007
-0.14975414285615304,1.4356134548649342,-20.000000000000007
-0.151885716309857,1.4022628753804087,-20.000000000000007
-0.13766089245675406,1.4109848407592605,-20.000000000000007
-0.13766089245675403,1.4109848407592605,-20.000000000000007
-0.13766089245675403,1.4109848407592605,-20.000000000000007
-0.1489623238983579,1.441250436214657,-20.000000000000007
-0.151885716309857,1.402262875380409,-20.000000000000007
-0.1742675836248365,1.5596310191219989,-20.000000000000007
-0.1811061921972143,1.5615965088310682,-20.000000000000007
-0.18122566722890535,1.5694315109664934,-20.000000000000007
-0.1861543817647462,1.607441793486487,-20.000000000000007
-0.18569661349308011,1.600552629025437,-20.000000000000007
-0.20027416536807688,1.7399762549746092,-20.000000000000007
-0.18157572120194104,1.5680862741768018,-20.000000000000007
-0.18361616799911065,1.583840683985863,-20.000000000000007
-0.18106147927731098,1.5666014462930142,-20.000000000000007
-0.18160520059552698,1.5652683469603514,-20.000000000000007
-0.18106016915713552,1.5665756235237862,-20.000000000000007
-0.18106016915713552,1.5665756235237862,-20.000000000000007
-0.17510106557396,1.5664100330278887,-20.000000000000007
-0.17232681240826253,1.5925309241278374,-20.000000000000007
-0.17950911580190804,1.5810607140359072,-20.000000000000007
-0.14969871320520373,1.437675006587023,-20.000000000000007
-0.151885716309857,1.402262875380409,-20.000000000000007
-0.13766089245675406,1.4109848407592605,-20.000000000000007
-0.14969871320520375,1.437675006587023,-20.000000000000007
-0.14969871320520373,1.4376750065870234,-20.000000000000007
-0.16015086704143033,1.4658572207674505,-20.000000000000007
-0.16226514651890211,1.4799780943445655,-20.000000000000007
-0.17694296547815702,1.572743141012019,-20.000000000000007
-0.18037490339096798,1.5624216849117094,-20.000000000000007
-0.18154410935381968,1.569100175690836,-20.000000000000007
-0.18157370520253227,1.5681589661310107,-20.000000000000007
-0.1934377411741443,1.675500082103851,-20.000000000000007
-0.1861550876439796,1.6073432787630506,-20.000000000000007
-0.18206367474642643,1.5720589966979654,-20.000000000000007
-0.1861550876439796,1.6073432787630506,-20.000000000000007
-0.1816065107157024,1.5652941697295792,-20.000000000000007
-0.18160520059552698,1.5652683469603517,-20.000000000000007
-0.18111054873671426,1.5670516929648648,-20.000000000000007
-0.17534070332046192,1.5642784465238684,-20.000000000000007
-0.17212649919255352,1.5957188752110112,-20.000000000000007
-0.1702436447757064,1.5827464568944023,-20.000000000000007
-0.14975414285615304,1.435613454864934,-20.000000000000007
-0.13626488909486958,1.4776041952523142,-20.000000000000007
-0.13505647193701792,1.4933154606281196,-20.000000000000007
-0.13162334867738157,1.512553191202664,-20.000000000000007
-0.13496593015556185,1.4904004997731792,-20.000000000000007
-0.13477851668463556,1.493063189381522,-20.000000000000007
-0.13523645424514372,1.4956132648969094,-20.000000000000007
-0.13559501490126286,1.4971204706629226,-20.000000000000007
-0.13559501490126286,1.4971204706629224,-20.000000000000007
-0.14969871320520373,1.437675006587023,-20.000000000000007
-0.1362745899628907,1.469869201926487,-20.000000000000007
-0.1735996436780998,1.5552621540346738,-20.000000000000007
-0.16768033915436406,1.563602720968417,-20.000000000000007
-0.17291006738260514,1.5603254812247442,-20.000000000000007
-0.1816044947162936,1.5653668616837884,-20.000000000000007
-0.17033291685835353,1.5849905544515295,-20.000000000000007
-0.1816044947162936,1.5653668616837884,-20.000000000000007
-0.1729690043344407,1.5578356185714148,-20.000000000000007
-0.1750691443919082,1.5677190487190193,-20.000000000000007
-0.18180396792141792,1.5689694032660026,-20.000000000000007
-0.17046475601922784,1.5860720442868577,-20.000000000000007
-0.18110984285748083,1.5671502076883017,-20.000000000000007
-0.17127526628480338,1.5951561227952307,-20.000000000000007
-0.17107913479593204,1.5877029740219986,-20.000000000000007
-0.1755250001870543,1.5705965005358222,-20.000000000000007
-0.14975414285615307,1.4356134548649337,-20.000000000000007
-0.17258346066154212,1.6025844548925547,-20.000000000000007
-0.1586910162465251,1.4849299356837062,-20.000000000000007
-0.15221525871389643,1.408723098096322,-20.000000000000007
-0.17248818165189622,1.6029507933832556,-20.000000000000007
-0.15730223284255176,1.4728691892634815,-20.000000000000007
-0.1750608994729154,1.5708181048611018,-20.000000000000007
-0.1677169303689578,1.566853789380726,-20.000000000000007
-0.1675821924372231,1.5612201931625855,-20.000000000000007
-0.1722404081630827,1.5948548376775011,-20.000000000000007
-0.15721972542506035,1.4723940161704239,-20.000000000000007
-0.1748763794439876,1.570743585880956,-20.000000000000007
-0.17046475601922786,1.5860720442868579,-20.000000000000007
-0.1722404081630827,1.5948548376775014,-20.000000000000007
-0.1724249281920105,1.5949293566576475,-20.000000000000007
-0.14975398727938222,1.4357266337540455,-20.000000000000007
-0.1724249281920105,1.5949293566576475,-20.000000000000007
-0.1376608460566645,1.4110086978452283,-20.000000000000007
-0.1362745899628907,1.469869201926487,-20.000000000000007
-0.13766089245675406,1.4109848407592605,-20.000000000000007
-0.1350079976204999,1.4901723146345818,-20.000000000000007
-0.1352364542451437,1.4956132648969094,-20.000000000000007
-0.13496593015556185,1.4904004997731792,-20.000000000000007
-0.1296237382480963,1.525556298070263,-20.000000000000007
-0.12684286767579067,1.5197244813100856,-20.000000000000007
-0.12684286767579067,1.5197244813100859,-20.000000000000007
-0.12684286767579067,1.5197244813100856,-20.000000000000007
-0.12962373824809628,1.525556298070263,-20.000000000000007
-0.13162334867738157,1.512553191202664,-20.000000000000007
-0.1322518888393985,1.5058494988029958,-20.000000000000007
-0.13496593015556185,1.490400499773179,-20.000000000000007
-0.13496593015556185,1.490400499773179,-20.000000000000007
-0.13500799762049984,1.4901723146345816,-20.000000000000007
-0.13434189990028764,1.4942024153350566,-20.000000000000007
-0.13160506288298884,1.5132325960306734,-20.000000000000007
-0.1296237382480963,1.525556298070263,-20.000000000000007
-0.1254040794022055,1.5225030507157356,-20.000000000000007
-0.12684286767579064,1.519724481310086,-20.000000000000007
-0.1254040794022055,1.5225030507157356,-20.000000000000007
-0.12612832293323067,1.5235850837677127,-20.000000000000007
-0.12612832293323067,1.5235850837677125,-20.000000000000007
-0.12477553846035512,1.5292050934076344,-20.000000000000007
-0.12477553846035512,1.5292050934076344,-20.000000000000007
-0.1247755384603551,1.5292050934076342,-20.000000000000007
-0.1247755384603551,1.5292050934076342,-20.000000000000007
-0.12477553846035512,1.5292050934076344,-20.000000000000007
-0.11095734796566889,1.5311353815265414,-20.000000000000007
-0.11095734796566889,1.5311353815265414,-20.000000000000007
-0.11095734796566889,1.5311353815265414,-20.000000000000007
-0.1109573479656689,1.5311353815265416,-20.000000000000007
-0.11095734796566892,1.5311353815265416,-20.000000000000007
-0.11095734796566889,1.5311353815265416,-20.000000000000007
-0.11095734796566889,1.5311353815265414,-20.000000000000007
-0.1109573479656689,1.5311353815265414,-20.000000000000007
-0.1109573479656689,1.5311353815265414,-20.000000000000007
-0.11095734796566889,1.5311353815265414,-20.000000000000007
-0.11095734796566889,1.5311353815265414,-20.000000000000007
-0.11095734796566889,1.5311353815265414,-20.000000000000007
-0.1109573479656689,1.5311353815265414,-20.000000000000007
-0.11095734796566889,1.5311353815265414,-20.000000000000007
-0.1109573479656689,1.5311353815265416,-20.000000000000007
-0.11240583658738618,1.5333027470460345,-20.000000000000007
-0.12477553846035513,1.5292050934076342,-20.000000000000007
-0.13162334867738157,1.512553191202664,-20.000000000000007
-0.1350079976204999,1.4901723146345818,-20.000000000000007
-0.13541503259313706,1.4948226663941326,-20.000000000000007
-0.1352364542451437,1.4956132648969094,-20.000000000000007
-0.13160506288298884,1.5132325960306734,-20.000000000000007
-0.1254040801820389,1.5225047004235046,-20.000000000000007
-0.12540407940220544,1.5225030507157353,-20.000000000000007
-0.12540407940220547,1.5225030507157353,-20.000000000000007
-0.1254040794022055,1.5225030507157353,-20.000000000000007
-0.12684286767579064,1.5197244813100856,-20.000000000000007
-0.12684286767579064,1.5197244813100859,-20.000000000000007
-0.12684286767579064,1.5197244813100859,-20.000000000000007
-0.1296237382480963,1.525556298070263,-20.000000000000007
-0.1296237382480963,1.5255562980702628,-20.000000000000007
-0.1316233486773816,1.512553191202664,-20.000000000000007
-0.13434189990028766,1.4942024153350568,-20.000000000000007
-0.12962373824809628,1.525556298070263,-20.000000000000007
-0.12962373824809628,1.5255562980702628,-20.000000000000007
-0.12684286767579064,1.5197244813100856,-20.000000000000007
-0.12684286767579067,1.5197244813100856,-20.000000000000007
-0.12612832371306412,1.5235867334754818,-20.000000000000007
-0.1261283229332307,1.5235850837677125,-20.000000000000007
-0.12477553846035512,1.5292050934076342,-20.000000000000007
-0.12477553846035512,1.5292050934076344,-20.000000000000007
-0.1109573479656689,1.5311353815265414,-20.000000000000007
-0.11095734796566889,1.5311353815265414,-20.000000000000007
-0.11095734796566889,1.5311353815265414,-20.000000000000007
-0.1109573479656689,1.5311353815265414,-20.000000000000007
-0.1109573479656689,1.5311353815265414,-20.000000000000007
-0.11095734796566889,1.5311353815265414,-20.000000000000007
-0.1109573479656689,1.5311353815265416,-20.000000000000007
-0.11095734796566889,1.5311353815265416,-20.000000000000007
-0.11095734796566889,1.5311353815265414,-20.000000000000007
-0.11095734796566889,1.5311353815265414,-20.000000000000007
-0.11095734796566889,1.5311353815265414,-20.000000000000007
-0.11095734796566889,1.5311353815265416,-20.000000000000007
-0.11240583658738618,1.5333027470460343,-20.000000000000007
-0.11095734796566889,1.5311353815265414,-20.000000000000007
-0.1109573479656689,1.5311353815265414,-20.000000000000007
-0.1109573479656689,1.5311353815265414,-20.000000000000007
-0.1109573479656689,1.5311353815265414,-20.000000000000007
-0.1109573479656689,1.5311353815265414,-20.000000000000007
-0.11095734796566889,1.5311353815265416,-20.000000000000007
-0.12612832371306415,1.5235867334754816,-20.000000000000007
-0.1322518888393985,1.5058494988029958,-20.000000000000007
-0.13500799762049986,1.4901723146345816,-20.000000000000007
-0.13559501490126288,1.4971204706629229,-20.000000000000007
-0.13496593015556185,1.4904004997731792,-20.000000000000007
-0.1296237382480963,1.5255562980702628,-20.000000000000007
-0.12684286767579067,1.5197244813100859,-20.000000000000007
-0.1254040801820389,1.5225047004235046,-20.000000000000007
-0.1254040801820389,1.5225047004235048,-20.000000000000007
-0.12684286767579067,1.5197244813100856,-20.000000000000007
-0.12684286767579064,1.5197244813100856,-20.000000000000007
-0.1284933585024709,1.5247118007304845,-20.000000000000007
-0.12962373824809628,1.525556298070263,-20.000000000000007
-0.12962373824809628,1.525556298070263,-20.000000000000007
-0.13162334867738157,1.5125531912026635,-20.000000000000007
-0.13162334867738157,1.5125531912026637,-20.000000000000007
-0.1316233486773816,1.512553191202664,-20.000000000000007
-0.13225188883939853,1.5058494988029958,-20.000000000000007
-0.1296237382480963,1.525556298070263,-20.000000000000007
-0.12962373824809628,1.525556298070263,-20.000000000000007
-0.12684286767579064,1.5197244813100859,-20.000000000000007
-0.12540407940220547,1.5225030507157356,-20.000000000000007
-0.12612832293323067,1.5235850837677125,-20.000000000000007
-0.12477553846035513,1.5292050934076342,-20.000000000000007
-0.12477553846035512,1.5292050934076344,-20.000000000000007
-0.11095734796566889,1.5311353815265416,-20.000000000000007
-0.11095734796566889,1.5311353815265414,-20.000000000000007
-0.11095734796566889,1.5311353815265414,-20.000000000000007
-0.11095734796566892,1.5311353815265416,-20.000000000000007
-0.1109573479656689,1.5311353815265414,-20.000000000000007
-0.1109573479656689,1.5311353815265414,-20.000000000000007
-0.1109573479656689,1.5311353815265416,-20.000000000000007
-0.11095734796566889,1.5311353815265414,-20.000000000000007
-0.11095734796566889,1.5311353815265414,-20.000000000000007
-0.1124058365873862,1.5333027470460343,-20.000000000000007
-0.11240583658738619,1.5333027470460343,-20.000000000000007
-0.1124058365873862,1.5333027470460345,-20.000000000000007
-0.11095734796566889,1.5311353815265414,-20.000000000000007
-0.11240583658738619,1.5333027470460343,-20.000000000000007
-0.1260286681481934,1.5324146913745378,-20.000000000000007
-0.12775734130614705,1.5156010543990417,-20.000000000000007
-0.12962137119366826,1.5155557931172825,-20.000000000000007
-0.13484743498458532,1.4906918936549158,-20.000000000000007
-0.13626488909486958,1.4776041952523142,-20.000000000000007
-0.1352364542451437,1.4956132648969096,-20.000000000000007
-0.1352364542451437,1.4956132648969094,-20.000000000000007
-0.13496593015556185,1.4904004997731792,-20.000000000000007
-0.1296237382480963,1.525556298070263,-20.000000000000007
-0.12684286767579067,1.5197244813100856,-20.000000000000007
-0.12684286767579067,1.5197244813100859,-20.000000000000007
-0.12684286767579064,1.5197244813100856,-20.000000000000007
-0.12684286767579067,1.5197244813100856,-20.000000000000007
-0.12684286767579067,1.5197244813100854,-20.000000000000007
-0.12684286767579067,1.5197244813100859,-20.000000000000007
-0.12684286767579064,1.5197244813100856,-20.000000000000007
-0.12942838191366204,1.5266195020865654,-20.000000000000007
-0.12684286767579067,1.5197244813100856,-20.000000000000007
-0.12942838191366207,1.5266195020865654,-20.000000000000007
-0.13011223033255653,1.5286861249343535,-20.000000000000007
-0.13085358821817875,1.5083537854297926,-20.000000000000007
-0.13361104637107188,1.4975775518180838,-20.000000000000007
-0.13502593145006772,1.505311586783024,-20.000000000000007
-0.13517229201935854,1.5084781187085592,-20.000000000000007
-0.13548266325810887,1.510385455395212,-20.000000000000007
-0.13634545199768405,1.4817557980269473,-20.000000000000007
-0.13827985886360028,1.4248050209160283,-20.000000000000007
-0.13619628896696243,1.478405437661057,-20.000000000000007
-0.13523645424514372,1.4956132648969094,-20.000000000000007
-0.13496593015556185,1.4904004997731792,-20.000000000000007
-0.12962373824809628,1.525556298070263,-20.000000000000007
-0.12942838191366204,1.5266195020865654,-20.000000000000007
-0.12540407940220547,1.5225030507157353,-20.000000000000007
-0.12540408018203894,1.5225047004235046,-20.000000000000007
-0.12540408018203894,1.5225047004235046,-20.000000000000007
-0.12684286767579067,1.5197244813100856,-20.000000000000007
-0.13011223033255653,1.5286861249343535,-20.000000000000007
-0.12962137119366826,1.5155557931172825,-20.000000000000007
-0.1316644423903003,1.5166004131728887,-20.000000000000007
-0.13502592417162232,1.5052987353294092,-20.000000000000007
-0.13548266325810887,1.510385455395212,-20.000000000000007
-0.13634545199768403,1.4817557980269473,-20.000000000000007
-0.13827985886360028,1.4248050209160283,-20.000000000000007
-0.13548266325810887,1.5103854553952123,-20.000000000000007
-0.1351238177028405,1.5053349727150216,-20.000000000000007
-0.13103589494983794,1.523291254118942,-20.000000000000007
-0.12977879162071768,1.5367110304549851,-20.000000000000007
-0.12652509399810474,1.5228026021696237,-20.000000000000007
-0.12756711120681585,1.5208065143620628,-20.000000000000007
-0.12962373824809628,1.5255562980702626,-20.000000000000007
-0.12962373824809628,1.5255562980702628,-20.000000000000007
-0.1296237382480963,1.5255562980702628,-20.000000000000007
-0.12684286767579067,1.5197244813100859,-20.000000000000007
-0.12540407940220547,1.5225030507157353,-20.000000000000007
-0.12405129492932988,1.5281230603556568,-20.000000000000007
-0.1240512949293299,1.5281230603556573,-20.000000000000007
-0.12405129492932987,1.528123060355657,-20.000000000000007
-0.12405129492932987,1.5281230603556568,-20.000000000000007
-0.1254040794022055,1.5225030507157356,-20.000000000000007
-0.1261283229332307,1.5235850837677125,-20.000000000000007
-0.13015262544468725,1.5277015351385423,-20.000000000000007
-0.13160124455853314,1.5129003193082486,-20.000000000000007
-0.1316195303529259,1.512220914480239,-20.000000000000007
-0.13495829350665048,1.4897359463283297,-20.000000000000007
-0.1349582935066505,1.4897359463283295,-20.000000000000007
-0.13224807051494286,1.505517222080571,-20.000000000000007
-0.1316233486773816,1.5125531912026637,-20.000000000000007
-0.13034416345466582,1.5263060543998155,-20.000000000000007
-0.13034416345466585,1.5263060543998153,-20.000000000000007
-0.12921760203349608,1.5257938337824621,-20.000000000000007
-0.13034798177912152,1.52663833112224,-20.000000000000007
-0.13034798177912152,1.52663833112224,-20.000000000000007
-0.13160506288298887,1.5132325960306732,-20.000000000000007
-0.13160506288298887,1.5132325960306732,-20.000000000000007
-0.13160506288298884,1.513232596030673,-20.000000000000007
-0.1316233486773816,1.512553191202664,-20.000000000000007
-0.13161953035292592,1.512220914480239,-20.000000000000007
-0.13085363461826827,1.508329928343825,-20.000000000000007
-0.13103590222828337,1.523304105572557,-20.000000000000007
-0.1350259241716223,1.5052987353294092,-20.000000000000007
-0.13548266325810887,1.510385455395212,-20.000000000000007
-0.14956706770296652,1.4816796669296808,-20.000000000000007
-0.16750139597429406,1.5659485007450447,-20.000000000000007
-0.17033409817603948,1.5849866947369589,-20.000000000000007
-0.17230075206441223,1.5935067427276295,-20.000000000000007
-0.1703340981760395,1.5849866947369589,-20.000000000000007
-0.17177201680536935,1.5990902493924235,-20.000000000000007
-0.17288411621543606,1.5613034517219715,-20.000000000000007
-0.17288411621543606,1.5613034517219715,-20.000000000000007
-0.17102696315911337,1.5937445345710644,-20.000000000000007
-0.16772250721781554,1.5692740881375005,-20.000000000000007
-0.1669603097132642,1.5639589047489204,-20.000000000000007
-0.16750139597429411,1.5659485007450447,-20.000000000000007
-0.1683952379413048,1.5654660765037987,-20.000000000000007
-0.14975414285615307,1.4356134548649337,-20.000000000000007
-0.1352364542451437,1.4956132648969094,-20.000000000000007
-0.12684286767579067,1.5197244813100859,-20.000000000000007
-0.1254040794022055,1.5225030507157356,-20.000000000000007
-0.12405129492932988,1.528123060355657,-20.000000000000007
-0.12405129492932987,1.5281230603556573,-20.000000000000007
-0.12405129492932987,1.528123060355657,-20.000000000000007
-0.12405129492932987,1.528123060355657,-20.000000000000007
-0.12405129492932987,1.528123060355657,-20.000000000000007
-0.12405129492932988,1.528123060355657,-20.000000000000007
-0.1254040794022055,1.5225030507157356,-20.000000000000007
-0.1254040794022055,1.5225030507157353,-20.000000000000007
-0.12540407940220547,1.5225030507157353,-20.000000000000007
-0.1254040794022055,1.5225030507157356,-20.000000000000007
-0.1254040794022055,1.5225030507157353,-20.000000000000007
-0.1254040794022055,1.5225030507157356,-20.000000000000007
-0.12405129492932988,1.5281230603556573,-20.000000000000007
-0.12405129492932987,1.5281230603556573,-20.000000000000007
-0.12405129492932988,1.528123060355657,-20.000000000000007
-0.12405129492932988,1.5281230603556573,-20.000000000000007
-0.12477553846035512,1.5292050934076344,-20.000000000000007
-0.12405129492932988,1.5281230603556573,-20.000000000000007
-0.1254040794022055,1.5225030507157353,-20.000000000000007
-0.1254040794022055,1.5225030507157353,-20.000000000000007
-0.1254040794022055,1.5225030507157356,-20.000000000000007
-0.1254040794022055,1.5225030507157356,-20.000000000000007
-0.1254040794022055,1.5225030507157353,-20.000000000000007
-0.12540407940220547,1.5225030507157356,-20.000000000000007
-0.1254040801820389,1.5225047004235046,-20.000000000000007
-0.12684286767579064,1.5197244813100856,-20.000000000000007
-0.12684286767579067,1.5197244813100856,-20.000000000000007
-0.1284933585024709,1.5247118007304847,-20.000000000000007
-0.1284933585024709,1.5247118007304845,-20.000000000000007
-0.1296237382480963,1.525556298070263,-20.000000000000007
-0.12962373824809628,1.525556298070263,-20.000000000000007
-0.1296237382480963,1.5255562980702628,-20.000000000000007
-0.13160506288298887,1.5132325960306732,-20.000000000000007
-0.13160506288298884,1.5132325960306732,-20.000000000000007
-0.13160506288298887,1.5132325960306732,-20.000000000000007
-0.13162334867738157,1.512553191202664,-20.000000000000007
-0.13162334867738157,1.5125531912026637,-20.000000000000007
-0.13162334867738157,1.5125531912026635,-20.000000000000007
-0.1316233486773816,1.512553191202664,-20.000000000000007
-0.1296237382480963,1.525556298070263,-20.000000000000007
-0.12684286767579067,1.5197244813100856,-20.000000000000007
-0.1254040794022055,1.5225030507157356,-20.000000000000007
-0.12405129492932988,1.5281230603556573,-20.000000000000007
-0.12405129492932988,1.528123060355657,-20.000000000000007
-0.1102329398897883,1.5292120197188133,-20.000000000000007
-0.1102329398897883,1.5292120197188135,-20.000000000000007
-0.12405129492932987,1.5281230603556573,-20.000000000000007
-0.12405129492932987,1.528123060355657,-20.000000000000007
-0.12405129492932987,1.528123060355657,-20.000000000000007
-0.12405129492932987,1.5281230603556573,-20.000000000000007
-0.12405129492932987,1.5281230603556573,-20.000000000000007
-0.12405129492932987,1.5281230603556573,-20.000000000000007
-0.12405129492932987,1.528123060355657,-20.000000000000007
-0.12405129492932987,1.5281230603556573,-20.000000000000007
-0.12405129492932987,1.528123060355657,-20.000000000000007
-0.12405129492932987,1.528123060355657,-20.000000000000007
-0.12405129492932988,1.5281230603556573,-20.000000000000007
-0.12405129492932987,1.5281230603556573,-20.000000000000007
-0.12405129492932987,1.5281230603556573,-20.000000000000007
-0.12540407940220547,1.5225030507157356,-20.000000000000007
-0.12540407940220547,1.5225030507157356,-20.000000000000007
-0.12540407940220547,1.522503050715735,-20.000000000000007
-0.12540407940220547,1.5225030507157353,-20.000000000000007
-0.1254040794022055,1.5225030507157353,-20.000000000000007
-0.1254040794022055,1.5225030507157353,-20.000000000000007
-0.12405129492932987,1.5281230603556573,-20.000000000000007
-0.12405129492932988,1.5281230603556573,-20.000000000000007
-0.12405129492932988,1.528123060355657,-20.000000000000007
-0.12405129492932987,1.528123060355657,-20.000000000000007
-0.12405129492932987,1.5281230603556573,-20.000000000000007
-0.12405129492932987,1.528123060355657,-20.000000000000007
-0.12405129492932988,1.5281230603556573,-20.000000000000007
-0.12405129492932987,1.5281230603556573,-20.000000000000007
-0.12405129492932988,1.5281230603556573,-20.000000000000007
-0.1254040794022055,1.5225030507157356,-20.000000000000007
-0.1254040794022055,1.5225030507157356,-20.000000000000007
-0.1254040794022055,1.5225030507157356,-20.000000000000007
-0.1254040794022055,1.5225030507157356,-20.000000000000007
-0.1240512949293299,1.528123060355657,-20.000000000000007
-0.12405129492932987,1.5281230603556568,-20.000000000000007
-0.12405129492932987,1.5281230603556573,-20.000000000000007
-0.12405129492932988,1.528123060355657,-20.000000000000007
-0.12405129492932988,1.528123060355657,-20.000000000000007
-0.1352364542451437,1.4956132648969094,-20.000000000000007
-0.1822603459450228,1.5752406240198031,-20.000000000000007
-0.23019993678350573,1.9212992879400876,-20.000000000000007
-0.27898739970756653,1.535537371968643,-20.000000000000007
-0.2802424863224308,1.5048217717977548,-20.000000000000007
-0.25362203347405415,1.7571569920026069,-20.000000000000007
-0.21173096932913646,1.8478864443445637,-20.000000000000007
-0.16768554922156165,1.564217389983338,-20.000000000000007
-0.1348194342851696,1.4901153512901544,-20.000000000000007
-0.13136931143642383,1.5152803898427867,-20.000000000000007
-0.13507723071321404,1.4963699242608688,-20.000000000000007
-0.14969871320520375,1.4376750065870232,-20.000000000000007
-0.16936803791391497,1.5798753421536842,-20.000000000000007
-0.18117528764932667,1.5689554415254148,-20.000000000000007
-0.1809907676203989,1.5688809225452687,-20.000000000000007
-0.18208914079221106,1.567792899127401,-20.000000000000007
-0.18218441980185696,1.5674265606366997,-20.000000000000007
-0.17567110575081096,1.5688656828814729,-20.000000000000007
-0.1817203190877181,1.5676481649619798,-20.000000000000007
-0.18208914079221108,1.5677928991274013,-20.000000000000007
-0.21939361229851162,1.9217714786632931,-20.000000000000007
-0.21173042344573,1.8478756848573852,-20.000000000000007
-0.21901701162550494,1.9291648536559887,-20.000000000000007
-0.19303815211615682,1.6120202560143864,-20.000000000000007
-0.1822603459450228,1.575240624019803,-20.000000000000007
-0.18226034594502277,1.5752406240198031,-20.000000000000007
-0.18226034594502277,1.5752406240198031,-20.000000000000007
-0.20587468808445009,1.769739064664222,-20.000000000000007
-0.18911923876494985,1.5756732257028956,-20.000000000000007
-0.21941629570363208,1.934944495264261,-20.000000000000007
-0.19316194813994036,1.6117989308347909,-20.000000000000007
-0.1931619481399403,1.6117989308347906,-20.000000000000007
-0.19585537949812196,1.6384858842004735,-20.000000000000007
-0.18885818653230282,1.5776548930151268,-20.000000000000007
-0.21295636326596953,1.8553596150545901,-20.000000000000007
-0.18886938598024677,1.5715946146796025,-20.000000000000007
-0.2291592792143933,1.920836728315718,-20.000000000000007
-0.2046848233590407,1.7442442470352897,-20.000000000000007
-0.22141807523962448,1.9292031022082088,-20.000000000000007
-0.2119148342979765,1.847948051940096,-20.000000000000007
-0.18150500954502896,1.5703657504290565,-20.000000000000007
-0.22899518854702025,1.9205561705070904,-20.000000000000007
-0.182062968867193,1.572157511421402,-20.000000000000007
-0.22062846119588841,1.9240573197414905,-20.000000000000007
-0.22138700232139466,1.92869526337629,-20.000000000000007
-0.1926726844752796,1.6078003855443996,-20.000000000000007
-0.22765097951254282,1.9241020799037796,-20.000000000000007
-0.23440823261138902,1.9331740021179946,-20.000000000000007
-0.22959559270852,1.9265005679165847,-20.000000000000007
-0.21941629570363208,1.934944495264261,-20.000000000000007
-0.18110619219721427,1.5615965088310682,-20.000000000000007
-0.13559501490126286,1.4971204706629226,-20.000000000000007
-0.1296237382480963,1.5255562980702626,-20.000000000000007
-0.12756711120681585,1.520806514362063,-20.000000000000007
-0.1316195303529259,1.512220914480239,-20.000000000000007
-0.1353442386637973,1.495727329106003,-20.000000000000007
-0.13538760195196436,1.4982772609475221,-20.000000000000007
-0.15748675287147954,1.4729437082436279,-20.000000000000007
-0.15748675287147956,1.472943708243628,-20.000000000000007
-0.16976654644768835,1.5787794487873121,-20.000000000000007
-0.17434005692548443,1.5597444897943096,-20.000000000000007
-0.17424477791583853,1.560110828285011,-20.000000000000007
-0.18410010819579475,1.5863652361529126,-20.000000000000007
-0.18757386708119128,1.618739880653786,-20.000000000000007
-0.202754357316416,1.7645861734178359,-20.000000000000007
-0.200229111530989,1.7430845352064548,-20.000000000000007
-0.1990107712525865,1.6781980929511513,-20.000000000000007
-0.18885818653230282,1.577654893015127,-20.000000000000007
-0.18842511370101273,1.5738540301251946,-20.000000000000007
-0.18837473412143405,1.5733779606841163,-20.000000000000007
-0.18837473412143407,1.573377960684116,-20.000000000000007
-0.18837473412143407,1.573377960684116,-20.000000000000007
-0.19303815211615682,1.6120202560143866,-20.000000000000007
-0.19431926352746384,1.6245404054477757,-20.000000000000007
-0.20438912631107453,1.746757119847901,-20.000000000000007
-0.22963178776772739,1.9255344588075165,-20.000000000000007
-0.2129563632659695,1.8553596150545901,-20.000000000000007
-0.231962224401849,1.9093801704435067,-20.000000000000007
-0.2214824748597053,1.9307250194292007,-20.000000000000007
-0.2202251457038187,1.9305132770558282,-20.000000000000007
-0.22046336863750624,1.9340817867934612,-20.000000000000007
-0.21348347107761392,1.8491291362183486,-20.000000000000007
-0.20073950510757607,1.7431564730484341,-20.000000000000007
-0.18228861399733542,1.5713954407096158,-20.000000000000007
-0.18668532070311183,1.6101613730973598,-20.000000000000007
-0.1825476149431105,1.574583548865015,-20.000000000000007
-0.21939361229851165,1.9217714786632931,-20.000000000000007
-0.22094130554641433,1.9269729367606057,-20.000000000000007
-0.2261105403402642,1.9302396190710187,-20.000000000000007
-0.234408232611389,1.9331740021179948,-20.000000000000007
-0.25601122685350114,1.767451324948897,-20.000000000000007
-0.26666470768890577,1.7624571811618885,-20.000000000000007
-0.26563253769695755,1.76265935785218,-20.000000000000007
-0.24472429706453333,1.8147491635665436,-20.000000000000007
-0.17531052896531074,1.5656218925739696,-20.000000000000007
-0.1362745899628907,1.4698692019264872,-20.000000000000007
-0.1280959965837955,1.5229324295692204,-20.000000000000007
-0.1275488228129783,1.5214649476211808,-20.000000000000007
-0.13136931143642383,1.5152803898427865,-20.000000000000007
-0.1349173278163878,1.4901515886757668,-20.000000000000007
-0.13774689261824094,1.4138227263361494,-20.000000000000007
-0.1596376080968485,1.490323602595041,-20.000000000000007
-0.17107913479593206,1.5877029740219983,-20.000000000000007
-0.1884559032147741,1.5710619256779719,-20.000000000000007
-0.18159448893339833,1.5695762451319146,-20.000000000000007
-0.18663902784066366,1.6098678309301004,-20.000000000000007
-0.20293876816866246,1.7646585405005464,-20.000000000000007
-0.18208914079221106,1.5677928991274013,-20.000000000000007
-0.2007395051075761,1.7431564730484344,-20.000000000000007
-0.18172031908771807,1.5676481649619798,-20.000000000000007
-0.1888581865323028,1.5776548930151266,-20.000000000000007
-0.18842511370101273,1.5738540301251949,-20.000000000000007
-0.18250173051842533,1.5731434678747531,-20.000000000000007
-0.18842511370101275,1.5738540301251946,-20.000000000000007
-0.18226034594502277,1.5752406240198031,-20.000000000000007
-0.19303815211615682,1.6120202560143866,-20.000000000000007
-0.18842511370101278,1.5738540301251946,-20.000000000000007
-0.20404430865962883,1.7471900021231155,-20.000000000000007
-0.2122334945163089,1.8448357713475056,-20.000000000000007
-0.18942453257317313,1.5791548760255545,-20.000000000000007
-0.21297145694215708,1.8551211557628877,-20.000000000000007
-0.18842511370101275,1.5738540301251949,-20.000000000000007
-0.1883243545418553,1.5729018912430373,-20.000000000000007
-0.18837473412143407,1.573377960684116,-20.000000000000007
-0.1888693859802468,1.5715946146796027,-20.000000000000007
-0.2197568884774566,1.9301206503524306,-20.000000000000007
-0.21348347107761392,1.8491291362183488,-20.000000000000007
-0.22776047917484277,1.918860329513536,-20.000000000000007
-0.21200742002287293,1.8485351362746147,-20.000000000000007
-0.22052344232654955,1.9237271384636405,-20.000000000000007
-0.22694016458334343,1.9239439328329508,-20.000000000000007
-0.22164106841618958,1.9189519988593977,-20.000000000000007
-0.2301503755091477,1.9222175068967973,-20.000000000000007
-0.21293270721359384,1.855155187607469,-20.000000000000007
-0.23193210184063523,1.913614431844647,-20.000000000000007
-0.2368081958155418,1.9141570200209546,-20.000000000000007
-0.2324663770364199,1.9154094041285457,-20.000000000000007
-0.2182751281321456,1.9327711581825628,-20.000000000000007
-0.17917386072802036,1.5901780441278879,-20.000000000000007
-0.13500799762049986,1.4901723146345816,-20.000000000000007
-0.12684286767579067,1.5197244813100856,-20.000000000000007
-0.12756711120681585,1.5208065143620628,-20.000000000000007
-0.12756711120681585,1.5208065143620628,-20.000000000000007
-0.13552422097192307,1.4980251333747931,-20.000000000000007
-0.13507723071321404,1.496369924260869,-20.000000000000007
-0.17716407672167844,1.5760687284044745,-20.000000000000007
-0.1811061921972143,1.5615965088310684,-20.000000000000007
-0.17282343672578385,1.5938334632912752,-20.000000000000007
-0.2098290739141982,1.8315052444425746,-20.000000000000007
-0.18117528764932664,1.568955441525415,-20.000000000000007
-0.22125243991716964,1.9299786513414892,-20.000000000000007
-0.22094130554641436,1.9269729367606057,-20.000000000000007
-0.1819197922928424,1.5712507065441945,-20.000000000000007
-0.21990894098602337,1.926001591715591,-20.000000000000007
-0.18832435454185534,1.5729018912430375,-20.000000000000007
-0.18888897604606414,1.5748627885679038,-20.000000000000007
-0.1894245325731731,1.5791548760255545,-20.000000000000007
-0.18250173051842533,1.573143467874753,-20.000000000000007
-0.1822603459450228,1.575240624019803,-20.000000000000007
-0.18837473412143407,1.573377960684116,-20.000000000000007
-0.18226034594502277,1.575240624019803,-20.000000000000007
-0.18888897604606414,1.5748627885679038,-20.000000000000007
-0.20139347992708184,1.7055505241438342,-20.000000000000007
-0.20438912631107453,1.7467571198479008,-20.000000000000007
-0.2129714569421571,1.8551211557628873,-20.000000000000007
-0.20437906386028287,1.746916092709036,-20.000000000000007
-0.22079113802523884,1.9393565962866348,-20.000000000000007
-0.20437906386028284,1.7469160927090361,-20.000000000000007
-0.2129563632659695,1.8553596150545901,-20.000000000000007
-0.2124774017858964,1.8482623387946078,-20.000000000000007
-0.1894553220869344,1.576362771578332,-20.000000000000007
-0.22054821640013045,1.9291438642950818,-20.000000000000007
-0.1877154389532854,1.6186670843303441,-20.000000000000007
-0.2120074200228729,1.8485351362746147,-20.000000000000007
-0.18563786604076993,1.5962129912111498,-20.000000000000007
-0.18215363028809567,1.5702186650839225,-20.000000000000007
-0.19315943252724238,1.6118386740500747,-20.000000000000007
-0.2043891263110745,1.746757119847901,-20.000000000000007
-0.2502845554208489,1.7235141714337492,-20.000000000000007
-0.2567680763253225,1.767227658576695,-20.000000000000007
-0.26211543904836926,1.765727986253483,-20.000000000000007
-0.23627546092076895,1.9125746720860468,-20.000000000000007
-0.17506914439190818,1.5677190487190198,-20.000000000000007
-0.1353876019519644,1.4982772609475223,-20.000000000000007
-0.12737175227293684,1.5218487468094737,-20.000000000000007
-0.1291772095208101,1.5267993951471646,-20.000000000000007
-0.1349434580853031,1.4915268822995722,-20.000000000000007
-0.13507723071321404,1.4963699242608688,-20.000000000000007
-0.15280423597603293,1.4087123965335242,-20.000000000000007
-0.17337853243457832,1.5519365666422187,-20.000000000000007
-0.1806700006820344,1.5594198148107745,-20.000000000000007
-0.18886938598024677,1.5715946146796027,-20.000000000000007
-0.18832435454185534,1.5729018912430375,-20.000000000000007
-0.2205747627101848,1.924387997858025,-20.000000000000007
-0.21173042344573,1.8478756848573854,-20.000000000000007
-0.21361654731426494,1.8659009421591355,-20.000000000000007
-0.22718604684609814,1.9204048324940466,-20.000000000000007
-0.18615639776415502,1.6073691015322784,-20.000000000000007
-0.20371069162587715,1.736057302005704,-20.000000000000007
-0.18837473412143407,1.5733779606841163,-20.000000000000007
-0.18110619219721424,1.5615965088310682,-20.000000000000007
-0.179509115801908,1.5810607140359074,-20.000000000000007
-0.17426758362483652,1.5596310191219989,-20.000000000000007
-0.17917386072802038,1.5901780441278879,-20.000000000000007
-0.1771640767216785,1.5760687284044745,-20.000000000000007
-0.18226034594502277,1.575240624019803,-20.000000000000007
-0.1822603459450228,1.575240624019803,-20.000000000000007
-0.18837473412143405,1.573377960684116,-20.000000000000007
-0.18250173051842536,1.5731434678747531,-20.000000000000007
-0.1811061921972143,1.5615965088310686,-20.000000000000007
-0.18888897604606414,1.5748627885679038,-20.000000000000007
-0.18842511370101275,1.5738540301251949,-20.000000000000007
-0.20438912631107456,1.746757119847901,-20.000000000000007
-0.1994410610532956,1.681721892023079,-20.000000000000007
-0.18832435454185537,1.5729018912430373,-20.000000000000007
-0.19651488047731208,1.7026115979793142,-20.000000000000007
-0.18569590761384672,1.6006511437488737,-20.000000000000007
-0.22052344232654958,1.9237271384636403,-20.000000000000007
-0.219816355261127,1.9254145073810722,-20.000000000000007
-0.18569792257347764,1.6005766158727197,-20.000000000000007
-0.20438912631107453,1.746757119847901,-20.000000000000007
-0.20473650305093238,1.7580889424488189,-20.000000000000007
-0.23193210184063523,1.9136144318446473,-20.000000000000007
-0.2500036796922421,1.7348115636756967,-20.000000000000007
-0.24431076490960957,1.8291243725315853,-20.000000000000007
-0.21248743473298978,1.8569242044846714,-20.000000000000007
-0.17716407672167847,1.5760687284044748,-20.000000000000007
-0.13496593015556185,1.490400499773179,-20.000000000000007
-0.12540407940220547,1.5225030507157356,-20.000000000000007
-0.12405129492932987,1.5281230603556573,-20.000000000000007
-0.1261283229332307,1.5235850837677125,-20.000000000000007
-0.1261283229332307,1.5235850837677125,-20.000000000000007
-0.12809599658379553,1.5229324295692201,-20.000000000000007
-0.13496593015556188,1.490400499773179,-20.000000000000007
-0.13523645424514372,1.4956132648969092,-20.000000000000007
-0.16015086704143036,1.4658572207674505,-20.000000000000007
-0.16491224342351887,1.4962079272044329,-20.000000000000007
-0.15721972542506035,1.472394016170424,-20.000000000000007
-0.18106016915713555,1.5665756235237862,-20.000000000000007
-0.17510106245462623,1.5664045252620538,-20.000000000000007
-0.20027514795820844,1.73999562205153,-20.000000000000007
-0.1960505233279444,1.69945074698241,-20.000000000000007
-0.18837473412143407,1.5733779606841163,-20.000000000000007
-0.1822603459450228,1.5752406240198034,-20.000000000000007
-0.1509864912825978,1.3992341320455806,-20.000000000000007
-0.16226514651890211,1.479978094344565,-20.000000000000007
-0.1377468926182409,1.4138227263361496,-20.000000000000007
-0.1377468926182409,1.4138227263361496,-20.000000000000007
-0.1497541574130439,1.4356391577721637,-20.000000000000007
-0.16015086704143033,1.4658572207674503,-20.000000000000007
-0.176942965478157,1.5727431410120192,-20.000000000000007
-0.17716407672167844,1.5760687284044748,-20.000000000000007
-0.1822603459450228,1.575240624019803,-20.000000000000007
-0.17716407672167847,1.5760687284044743,-20.000000000000007
-0.1735996436780998,1.555262154034674,-20.000000000000007
-0.17337853243457835,1.5519365666422185,-20.000000000000007
-0.17337853243457835,1.5519365666422187,-20.000000000000007
-0.18220996636544406,1.5747645545787243,-20.000000000000007
-0.18220996636544412,1.5747645545787243,-20.000000000000007
-0.18254761494311053,1.574583548865015,-20.000000000000007
-0.1873274439389614,1.6198823529478061,-20.000000000000007
-0.1816065107157024,1.5652941697295795,-20.000000000000007
-0.22094130554641433,1.9269729367606057,-20.000000000000007
-0.20120876532971133,1.7505922392484123,-20.000000000000007
-0.20437906386028282,1.7469160927090361,-20.000000000000007
-0.23426822521514323,1.9299902366858612,-20.000000000000007
-0.25267361778827824,1.7508401504395787,-20.000000000000007
-0.28576098076397394,1.563548258660463,-20.000000000000007
-0.291925882001454,1.5878844227343154,-20.000000000000007
-0.2565981846719644,1.7632821483535674,-20.000000000000007
-0.20027416536807688,1.739976254974609,-20.000000000000007
-0.1354117843269244,1.4985215265898586,-20.000000000000007
-0.12704284296367663,1.5194377997707007,-20.000000000000007
-0.12489405858600164,1.531160375428648,-20.000000000000007
-0.1257308294826488,1.539243717419068,-20.000000000000007
-0.12722507223188106,1.5343970159211406,-20.000000000000007
-0.1341954040298954,1.4939172668520322,-20.000000000000007
-0.13634314369070832,1.4690918166037121,-20.000000000000007
-0.1497541574130439,1.4356391577721634,-20.000000000000007
-0.1822099663654441,1.5747645545787243,-20.000000000000007
-0.18229113545878417,1.5724485195725804,-20.000000000000007
-0.17296900433444068,1.557835618571415,-20.000000000000007
-0.17534245014736252,1.564312876882839,-20.000000000000007
-0.1703340981760395,1.5849866947369589,-20.000000000000007
-0.18180598184127092,1.5688930394679037,-20.000000000000007
-0.18157571912238524,1.5680826023329122,-20.000000000000007
-0.18250173051842533,1.5731434678747531,-20.000000000000007
-0.1822603459450228,1.5752406240198031,-20.000000000000007
-0.14975414285615304,1.4356134548649337,-20.000000000000007
-0.1509867696831351,1.3990909895297734,-20.000000000000007
-0.16226514651890211,1.479978094344565,-20.000000000000007
-0.14975414285615304,1.4356134548649342,-20.000000000000007
-0.1742675836248365,1.5596310191219989,-20.000000000000007
-0.17337853243457835,1.5519365666422187,-20.000000000000007
-0.16226514651890211,1.4799780943445653,-20.000000000000007
-0.18037490339096798,1.5624216849117094,-20.000000000000007
-0.17933485877093763,1.5832655028315092,-20.000000000000007
-0.18226034594502277,1.575240624019803,-20.000000000000007
-0.18226034594502277,1.575240624019803,-20.000000000000007
-0.180374903390968,1.5624216849117096,-20.000000000000007
-0.1888581865323028,1.5776548930151266,-20.000000000000007
-0.18842511370101273,1.5738540301251946,-20.000000000000007
-0.201385933088988,1.7056697537896859,-20.000000000000007
-0.1934626293633516,1.675154400711515,-20.000000000000007
-0.18110984285748086,1.5671502076883017,-20.000000000000007
-0.20929307639128023,1.8276576848699457,-20.000000000000007
-0.20027514795820842,1.7399956220515302,-20.000000000000007
-0.2108830769678891,1.8406422820217245,-20.000000000000007
-0.22012456876574124,1.9315839867608924,-20.000000000000007
-0.21248743473298976,1.8569242044846717,-20.000000000000007
-0.22752520271182747,1.926456581372527,-20.000000000000007
-0.2368081958155418,1.9141570200209543,-20.000000000000007
-0.22638606166750125,1.93139373774405,-20.000000000000007
-0.18888897604606417,1.5748627885679038,-20.000000000000007
-0.16015086704143033,1.4658572207674503,-20.000000000000007
-0.13162334867738157,1.512553191202664,-20.000000000000007
-0.1254040794022055,1.5225030507157356,-20.000000000000007
-0.1254040794022055,1.5225030507157353,-20.000000000000007
-0.1261283229332307,1.5235850837677125,-20.000000000000007
-0.13034416345466585,1.5263060543998153,-20.000000000000007
-0.13136931143642383,1.5152803898427867,-20.000000000000007
-0.1363431436907083,1.469091816603712,-20.000000000000007
-0.13774689261824094,1.4138227263361496,-20.000000000000007
-0.17716407672167847,1.5760687284044745,-20.000000000000007
-0.17190515308919505,1.6039721677694816,-20.000000000000007
-0.18110984285748083,1.567150207688302,-20.000000000000007
-0.18111185573755592,1.5670720079682579,-20.000000000000007
-0.20027514795820842,1.7399956220515302,-20.000000000000007
-0.2002751479582084,1.7399956220515302,-20.000000000000007
-0.18889435397240922,1.6326007707810777,-20.000000000000007
-0.20438912631107453,1.7467571198479008,-20.000000000000007
-0.17548244831557921,1.566996165209496,-20.000000000000007
-0.17917386072802033,1.5901780441278877,-20.000000000000007
-0.1363431436907083,1.469091816603712,-20.000000000000007
-0.13766089245675406,1.4109848407592602,-20.000000000000007
-0.13766089245675406,1.4109848407592605,-20.000000000000007
-0.15280423597603296,1.4087123965335244,-20.000000000000007
-0.151885716309857,1.402262875380409,-20.000000000000007
-0.17259283802865874,1.5472393109831906,-20.000000000000007
-0.18226034594502277,1.575240624019803,-20.000000000000007
-0.180374903390968,1.5624216849117096,-20.000000000000007
-0.1888889760460642,1.574862788567904,-20.000000000000007
-0.18226034594502277,1.5752406240198031,-20.000000000000007
-0.18250173051842536,1.5731434678747531,-20.000000000000007
-0.1822603459450228,1.5752406240198031,-20.000000000000007
-0.18837473412143407,1.573377960684116,-20.000000000000007
-0.18837473412143407,1.5733779606841163,-20.000000000000007
-0.18945532208693444,1.576362771578332,-20.000000000000007
-0.20084991587527576,1.7469969015930153,-20.000000000000007
-0.20048109417078278,1.746852167427594,-20.000000000000007
-0.2477049896874544,1.7812067663578972,-20.000000000000007
-0.22187224334523903,1.9254177131544246,-20.000000000000007
-0.23221818373727238,1.911056859804055,-20.000000000000007
-0.24526896360586198,1.8236046119352736,-20.000000000000007
-0.2571346133128012,1.7686331456100712,-20.000000000000007
-0.30103920601302403,1.5468891795845785,-20.000000000000007
-0.29837569031649713,1.5740870760206476,-20.000000000000007
-0.26658848891324244,1.7605813432317967,-20.000000000000007
-0.2044155886590621,1.7462347759751364,-20.000000000000007
-0.13541503259313709,1.4948226663941324,-20.000000000000007
-0.1254040794022055,1.5225030507157356,-20.000000000000007
-0.1254040801820389,1.5225047004235048,-20.000000000000007
-0.12684286767579064,1.5197244813100856,-20.000000000000007
-0.13162334867738157,1.5125531912026637,-20.000000000000007
-0.1316233486773816,1.5125531912026637,-20.000000000000007
-0.13496593015556188,1.4904004997731792,-20.000000000000007
-0.13559501490126286,1.4971204706629224,-20.000000000000007
-0.13559501490126286,1.4971204706629222,-20.000000000000007
-0.14975414285615307,1.435613454864934,-20.000000000000007
-0.14961452095757002,1.4408829749123402,-20.000000000000007
-0.14975415741304388,1.4356391577721637,-20.000000000000007
-0.151885716309857,1.402262875380409,-20.000000000000007
-0.14975414285615307,1.435613454864934,-20.000000000000007
-0.17917386072802038,1.5901780441278877,-20.000000000000007
-0.1622651465189021,1.479978094344565,-20.000000000000007
-0.17716407672167847,1.5760687284044748,-20.000000000000007
-0.16491224342351885,1.4962079272044329,-20.000000000000007
-0.15098649128259778,1.3992341320455806,-20.000000000000007
-0.17337853243457835,1.5519365666422187,-20.000000000000007
-0.1622651465189021,1.479978094344565,-20.000000000000007
-0.17933485877093766,1.5832655028315095,-20.000000000000007
-0.1735996436780998,1.555262154034674,-20.000000000000007
-0.17359964367809982,1.555262154034674,-20.000000000000007
-0.17825534106184446,1.5837285229747722,-20.000000000000007
-0.17917386072802033,1.5901780441278877,-20.000000000000007
-0.18842511370101275,1.5738540301251946,-20.000000000000007
-0.1822603459450228,1.575240624019803,-20.000000000000007
-0.18888897604606414,1.5748627885679038,-20.000000000000007
-0.18837473412143407,1.5733779606841163,-20.000000000000007
-0.18226034594502277,1.575240624019803,-20.000000000000007
-0.18837473412143407,1.5733779606841163,-20.000000000000007
-0.18067000068203443,1.5594198148107747,-20.000000000000007
-0.1822603459450228,1.575240624019803,-20.000000000000007
-0.17950911580190798,1.5810607140359074,-20.000000000000007
-0.17950911580190798,1.581060714035907,-20.000000000000007
-0.1822099663654441,1.5747645545787243,-20.000000000000007
-0.18226034594502277,1.575240624019803,-20.000000000000007
-0.2040443086596288,1.7471900021231153,-20.000000000000007
-0.23282344288181106,1.922427873465795,-20.000000000000007
-0.24950546769882767,1.7506184474221234,-20.000000000000007
-0.24839724581557182,1.7826858814747113,-20.000000000000007
-0.2208853973376787,1.9311452890383747,-20.000000000000007
-0.17716407672167847,1.5760687284044748,-20.000000000000007
-0.13162334867738157,1.512553191202664,-20.000000000000007
-0.1254040794022055,1.5225030507157353,-20.000000000000007
-0.12540407940220547,1.5225030507157356,-20.000000000000007
-0.12540408018203894,1.5225047004235046,-20.000000000000007
-0.13015262544468728,1.5277015351385423,-20.000000000000007
-0.13034416345466582,1.5263060543998153,-20.000000000000007
-0.13523645424514372,1.4956132648969094,-20.000000000000007
-0.13559501490126288,1.4971204706629226,-20.000000000000007
-0.15280423597603296,1.4087123965335246,-20.000000000000007
-0.17716407672167847,1.5760687284044748,-20.000000000000007
-0.17426758362483652,1.5596310191219989,-20.000000000000007
-0.18154410935381965,1.569100175690836,-20.000000000000007
-0.17506914439190824,1.5677190487190196,-20.000000000000007
-0.1861543817647462,1.6074417934864873,-20.000000000000007
-0.20024469689215904,1.7412211863012739,-20.000000000000007
-0.18842511370101275,1.5738540301251946,-20.000000000000007
-0.18250173051842536,1.5731434678747531,-20.000000000000007
-0.17933485877093763,1.5832655028315095,-20.000000000000007
-0.17337853243457832,1.551936566642219,-20.000000000000007
-0.17716407672167844,1.5760687284044748,-20.000000000000007
-0.17917386072802038,1.5901780441278879,-20.000000000000007
-0.17825534106184443,1.5837285229747724,-20.000000000000007
-0.179509115801908,1.5810607140359074,-20.000000000000007
-0.17716407672167844,1.5760687284044748,-20.000000000000007
-0.1822603459450228,1.575240624019803,-20.000000000000007
-0.1822603459450228,1.575240624019803,-20.000000000000007
-0.1822603459450228,1.575240624019803,-20.000000000000007
-0.1754824483155792,1.566996165209496,-20.000000000000007
-0.13766089245675406,1.4109848407592605,-20.000000000000007
-0.1622651465189021,1.479978094344565,-20.000000000000007
-0.17716407672167844,1.5760687284044748,-20.000000000000007
-0.18837473412143407,1.5733779606841165,-20.000000000000007
-0.21307067820478912,1.853923206526925,-20.000000000000007
-0.18945532208693444,1.576362771578332,-20.000000000000007
-0.19651488047731205,1.702611597979314,-20.000000000000007
-0.200597933235482,1.743229269371876,-20.000000000000007
-0.18569590761384672,1.6006511437488733,-20.000000000000007
-0.21129602756202667,1.8347164791411157,-20.000000000000007
-0.22766484657571895,1.9255655932290867,-20.000000000000007
-0.2708495653953662,1.715367373668759,-20.000000000000007
-0.2961166170200971,1.5918471476143718,-20.000000000000007
-0.2902442769903578,1.583098188805192,-20.000000000000007
-0.25672391065353406,1.762613293785157,-20.000000000000007
-0.18117528764932664,1.5689554415254148,-20.000000000000007
-0.1315646677708581,1.514217185826484,-20.000000000000007
-0.12477553846035513,1.5292050934076342,-20.000000000000007
-0.12458017952647607,1.5302473258550449,-20.000000000000007
-0.12704284296367663,1.519437799770701,-20.000000000000007
-0.12959655351440094,1.5217356634353916,-20.000000000000007
-0.1316195303529259,1.5122209144802388,-20.000000000000007
-0.13496593015556188,1.490400499773179,-20.000000000000007
-0.1377468926182409,1.4138227263361494,-20.000000000000007
-0.15098649128259778,1.3992341320455806,-20.000000000000007
-0.18067000068203437,1.5594198148107747,-20.000000000000007
-0.17542972117740843,1.5709628390265231,-20.000000000000007
-0.1750691443919082,1.5677190487190198,-20.000000000000007
-0.18206367474642643,1.5720589966979652,-20.000000000000007
-0.18160651071570239,1.5652941697295795,-20.000000000000007
-0.20929307639128023,1.8276576848699457,-20.000000000000007
-0.20404430865962883,1.7471900021231157,-20.000000000000007
-0.18226034594502277,1.5752406240198031,-20.000000000000007
-0.1806700006820344,1.5594198148107745,-20.000000000000007
-0.1497541574130439,1.4356391577721634,-20.000000000000007
-0.17337853243457835,1.5519365666422187,-20.000000000000007
-0.1742675836248365,1.5596310191219986,-20.000000000000007
-0.1822603459450228,1.575240624019803,-20.000000000000007
-0.1822603459450228,1.575240624019803,-20.000000000000007
-0.17716407672167847,1.5760687284044748,-20.000000000000007
-0.18842511370101273,1.5738540301251946,-20.000000000000007
-0.1822603459450228,1.575240624019803,-20.000000000000007
-0.20437906386028282,1.7469160927090361,-20.000000000000007
-0.20437906386028282,1.7469160927090364,-20.000000000000007
-0.18837473412143407,1.573377960684116,-20.000000000000007
-0.21898340119425477,1.9294106496791947,-20.000000000000007
-0.20138593308898806,1.7056697537896859,-20.000000000000007
-0.23126387537009635,1.9078152337346896,-20.000000000000007
-0.2312314375483921,1.906367903384428,-20.000000000000007
-0.21463162400711897,1.8668584694969494,-20.000000000000007
-0.22763470237412736,1.9212148309822836,-20.000000000000007
-0.200229111530989,1.7430845352064548,-20.000000000000007
-0.22164106841618955,1.9189519988593977,-20.000000000000007
-0.220649969846921,1.9418172621089977,-20.000000000000007
-0.22725815115555778,1.9273187281239843,-20.000000000000007
-0.2502845554208489,1.7235141714337492,-20.000000000000007
-0.25354922465006957,1.7668554769849822,-20.000000000000007
-0.24753611064781528,1.7981305890838026,-20.000000000000007
-0.21023380688351329,1.8304416245211914,-20.000000000000007
-0.16015086704143033,1.4658572207674503,-20.000000000000007
-0.12962373824809628,1.525556298070263,-20.000000000000007
-0.12405129492932987,1.5281230603556573,-20.000000000000007
-0.12540407940220547,1.5225030507157356,-20.000000000000007
-0.12684286767579064,1.5197244813100854,-20.000000000000007
-0.13034416345466582,1.5263060543998157,-20.000000000000007
-0.13495605330512836,1.4898632237174254,-20.000000000000007
-0.13500799762049986,1.4901723146345816,-20.000000000000007
-0.14975414285615307,1.435613454864934,-20.000000000000007
-0.16491224342351887,1.4962079272044326,-20.000000000000007
-0.18220996636544412,1.5747645545787243,-20.000000000000007
-0.18607073293104637,1.6061205551824647,-20.000000000000007
-0.18111054873671423,1.5670516929648648,-20.000000000000007
-0.2092937314513679,1.8276705962545596,-20.000000000000007
-0.19939141523199574,1.729601686811421,-20.000000000000007
-0.20024469689215907,1.741221186301274,-20.000000000000007
-0.20404430865962883,1.7471900021231155,-20.000000000000007
-0.18226034594502277,1.5752406240198031,-20.000000000000007
-0.1822603459450228,1.575240624019803,-20.000000000000007
-0.16491224342351885,1.4962079272044329,-20.000000000000007
-0.17950911580190798,1.5810607140359074,-20.000000000000007
-0.18226034594502277,1.575240624019803,-20.000000000000007
-0.18226034594502277,1.575240624019803,-20.000000000000007
-0.18837473412143405,1.5733779606841163,-20.000000000000007
-0.1806700006820344,1.5594198148107745,-20.000000000000007
-0.19316194813994034,1.6117989308347909,-20.000000000000007
-0.1894245325731731,1.5791548760255547,-20.000000000000007
-0.20437906386028282,1.7469160927090361,-20.000000000000007
-0.21297145694215705,1.8551211557628875,-20.000000000000007
-0.18837473412143407,1.5733779606841163,-20.000000000000007
-0.21898340119425475,1.9294106496791947,-20.000000000000007
-0.21066147007523187,1.828950810150975,-20.000000000000007
-0.22948294069952035,1.923315202741477,-20.000000000000007
-0.24322720324425268,1.8319538058978737,-20.000000000000007
-0.21942997950595033,1.9189043154556087,-20.000000000000007
-0.24600036828235997,1.8106475711371357,-20.000000000000007
-0.220866684129576,1.9276258294791235,-20.000000000000007
-0.2258657530286422,1.9236458156429173,-20.000000000000007
-0.23611052731843585,1.9194812618195158,-20.000000000000007
-0.2344981626135131,1.9302903889881473,-20.000000000000007
-0.2844883477018021,1.5579081829715888,-20.000000000000007
-0.3128694339850215,1.5045796759697252,-20.000000000000007
-0.30103920601302403,1.5468891795845787,-20.000000000000007
-0.2644335465158401,1.7602609374540505,-20.000000000000007
-0.18104114719997755,1.5693569919863473,-20.000000000000007
-0.1302893034720428,1.528323297314952,-20.000000000000007
-0.1260286681481934,1.5324146913745378,-20.000000000000007
-0.12569001209071148,1.5250816664965903,-20.000000000000007
-0.1265247710170893,1.522818989284635,-20.000000000000007
-0.12836426058610254,1.5289627179997107,-20.000000000000007
-0.13034416345466582,1.5263060543998155,-20.000000000000007
-0.1363431436907083,1.469091816603712,-20.000000000000007
-0.1363431436907083,1.4690918166037121,-20.000000000000007
-0.17716407672167844,1.5760687284044748,-20.000000000000007
-0.18110619219721427,1.5615965088310684,-20.000000000000007
-0.1674644379780402,1.5608918025908824,-20.000000000000007
-0.2002751479582084,1.7399956220515302,-20.000000000000007
-0.1811118557375559,1.567072007968258,-20.000000000000007
-0.219816355261127,1.9254145073810724,-20.000000000000007
-0.22586575302864217,1.9236458156429168,-20.000000000000007
-0.18842511370101273,1.5738540301251946,-20.000000000000007
-0.18837473412143407,1.573377960684116,-20.000000000000007
-0.16015086704143033,1.4658572207674503,-20.000000000000007
-0.1489623238983579,1.441250436214657,-20.000000000000007
-0.16175363895024922,1.4767475548411564,-20.000000000000007
-0.17825534106184446,1.5837285229747724,-20.000000000000007
-0.179509115801908,1.5810607140359072,-20.000000000000007
-0.18110619219721433,1.5615965088310682,-20.000000000000007
-0.17917386072802038,1.5901780441278879,-20.000000000000007
-0.18226034594502283,1.5752406240198031,-20.000000000000007
-0.18837473412143407,1.5733779606841163,-20.000000000000007
-0.19079250579692958,1.590862044333306,-20.000000000000007
-0.20139347992708184,1.7055505241438347,-20.000000000000007
-0.18837473412143407,1.5733779606841163,-20.000000000000007
-0.2050813207023781,1.7576560601736042,-20.000000000000007
-0.20370062917508552,1.736216274866839,-20.000000000000007
-0.22012880248147473,1.9322960553211455,-20.000000000000007
-0.2319241103675097,1.9094552988336222,-20.000000000000007
-0.21114953747539908,1.823441391263917,-20.000000000000007
-0.23104894066734633,1.9062717349328504,-20.000000000000007
-0.2213517157031562,1.92749326438333,-20.000000000000007
-0.2206284611958884,1.9240573197414905,-20.000000000000007
-0.22078706040616508,1.9405971289053836,-20.000000000000007
-0.2194162957036321,1.9349444952642607,-20.000000000000007
-0.24233012893262865,1.8479407891859196,-20.000000000000007
-0.24975166384454112,1.74026753728837,-20.000000000000007
-0.24753611064781525,1.7981305890838026,-20.000000000000007
-0.20429629129942256,1.7509576343442548,-20.000000000000007
-0.16491224342351885,1.4962079272044326,-20.000000000000007
-0.13160506288298884,1.5132325960306734,-20.000000000000007
-0.12540407940220547,1.5225030507157353,-20.000000000000007
-0.12540407940220547,1.522503050715735,-20.000000000000007
-0.12540408018203894,1.5225047004235048,-20.000000000000007
-0.13034798177912152,1.5266383311222402,-20.000000000000007
-0.13156467037030287,1.5142381573953758,-20.000000000000007
-0.13559501490126286,1.4971204706629224,-20.000000000000007
-0.13766089245675403,1.4109848407592605,-20.000000000000007
-0.1622651465189021,1.479978094344565,-20.000000000000007
-0.18220996636544406,1.5747645545787243,-20.000000000000007
-0.17344713620170824,1.5546731287777287,-20.000000000000007
-0.18157572120194104,1.5680862741768018,-20.000000000000007
-0.1810614761579772,1.5665959385271793,-20.000000000000007
-0.20052713059800217,1.7437632542726698,-20.000000000000007
-0.18879486425211622,1.6360346159985497,-20.000000000000007
-0.18842511370101273,1.5738540301251946,-20.000000000000007
-0.1884251137010127,1.5738540301251946,-20.000000000000007
-0.17337853243457835,1.5519365666422187,-20.000000000000007
-0.17259283802865874,1.5472393109831903,-20.000000000000007
-0.179509115801908,1.5810607140359074,-20.000000000000007
-0.17825534106184446,1.5837285229747724,-20.000000000000007
-0.1811061921972143,1.5615965088310684,-20.000000000000007
-0.1822603459450228,1.575240624019803,-20.000000000000007
-0.1771640767216785,1.5760687284044748,-20.000000000000007
-0.18226034594502277,1.575240624019803,-20.000000000000007
-0.18067000068203443,1.5594198148107745,-20.000000000000007
-0.18226034594502277,1.5752406240198031,-20.000000000000007
-0.17917386072802038,1.5901780441278879,-20.000000000000007
-0.16491224342351885,1.4962079272044329,-20.000000000000007
-0.17716407672167844,1.5760687284044745,-20.000000000000007
-0.16226514651890211,1.479978094344565,-20.000000000000007
-0.18886938598024677,1.5715946146796025,-20.000000000000007
-0.18886938598024677,1.5715946146796025,-20.000000000000007
-0.2046848233590407,1.7442442470352895,-20.000000000000007
-0.2111495374753991,1.8234413912639171,-20.000000000000007
-0.18157370520253224,1.568158966131011,-20.000000000000007
-0.21939361229851165,1.9217714786632933,-20.000000000000007
-0.2129563632659695,1.8553596150545901,-20.000000000000007
-0.24965204629655047,1.7463127307456157,-20.000000000000007
-0.2880481393717176,1.573300546805953,-20.000000000000007
-0.2946971488274946,1.5967186902438684,-20.000000000000007
-0.285587080344336,1.5632803966587596,-20.000000000000007
-0.24857298907910225,1.7619215994611608,-20.000000000000007
-0.17290193164029358,1.5634266892642623,-20.000000000000007
-0.13136931143642383,1.5152803898427865,-20.000000000000007
-0.1260286681481934,1.5324146913745382,-20.000000000000007
-0.12569001209071148,1.5250816664965905,-20.000000000000007
-0.12722507951032647,1.5344098673747555,-20.000000000000007
-0.12977879162071768,1.5367110304549847,-20.000000000000007
-0.13161953035292592,1.512220914480239,-20.000000000000007
-0.13766089245675406,1.4109848407592602,-20.000000000000007
-0.1489623238983579,1.441250436214657,-20.000000000000007
-0.17917386072802038,1.5901780441278879,-20.000000000000007
-0.18837473412143405,1.573377960684116,-20.000000000000007
-0.18110984285748086,1.5671502076883017,-20.000000000000007
-0.20865917396457306,1.8219049272644185,-20.000000000000007
-0.1818059818412709,1.5688930394679037,-20.000000000000007
-0.22125243991716959,1.929978651341489,-20.000000000000007
-0.2120074200228729,1.8485351362746145,-20.000000000000007
-0.18888897604606414,1.574862788567904,-20.000000000000007
-0.18888897604606414,1.5748627885679043,-20.000000000000007
-0.14975414285615307,1.4356134548649337,-20.000000000000007
-0.13766089245675406,1.4109848407592605,-20.000000000000007
-0.16015086704143036,1.4658572207674503,-20.000000000000007
-0.1377468926182409,1.4138227263361491,-20.000000000000007
-0.17933485877093766,1.5832655028315095,-20.000000000000007
-0.180374903390968,1.5624216849117096,-20.000000000000007
-0.17917386072802038,1.5901780441278879,-20.000000000000007
-0.18842511370101275,1.5738540301251946,-20.000000000000007
-0.17426758362483646,1.5596310191219986,-20.000000000000007
-0.18842511370101273,1.5738540301251946,-20.000000000000007
-0.18837473412143407,1.5733779606841163,-20.000000000000007
-0.18888897604606414,1.5748627885679038,-20.000000000000007
-0.20438912631107453,1.746757119847901,-20.000000000000007
-0.18220996636544412,1.5747645545787243,-20.000000000000007
-0.21994125292961353,1.9321134241630258,-20.000000000000007
-0.20398561066175577,1.733924830775326,-20.000000000000007
-0.2271716288955844,1.925411643669248,-20.000000000000007
-0.2277109461044607,1.9193006230995664,-20.000000000000007
-0.18160449471629359,1.5653668616837884,-20.000000000000007
-0.21449783389794178,1.8706368697668387,-20.000000000000007
-0.18942453257317313,1.5791548760255547,-20.000000000000007
-0.2182751281321456,1.9327711581825628,-20.000000000000007
-0.24352941008181267,1.8371727099357726,-20.000000000000007
-0.22765097951254284,1.9241020799037793,-20.000000000000007
-0.2182751281321456,1.9327711581825628,-20.000000000000007
-0.18226034594502283,1.5752406240198031,-20.000000000000007
-0.1363431436907083,1.469091816603712,-20.000000000000007
-0.12684286767579067,1.5197244813100859,-20.000000000000007
-0.12540407940220547,1.5225030507157356,-20.000000000000007
-0.12540407940220547,1.5225030507157353,-20.000000000000007
-0.1296237382480963,1.525556298070263,-20.000000000000007
-0.13034416345466585,1.5263060543998155,-20.000000000000007
-0.13559501490126286,1.4971204706629226,-20.000000000000007
-0.13559501490126286,1.4971204706629226,-20.000000000000007
-0.17259283802865877,1.5472393109831906,-20.000000000000007
-0.17337853243457835,1.5519365666422185,-20.000000000000007
-0.1822099663654441,1.5747645545787243,-20.000000000000007
-0.17511776401739018,1.5686464297359057,-20.000000000000007
-0.18206367474642643,1.5720589966979652,-20.000000000000007
-0.186156397764155,1.6073691015322784,-20.000000000000007
-0.1861563967243771,1.6073672656103335,-20.000000000000007
-0.2065722149118148,1.7664186193648646,-20.000000000000007
-0.18842511370101275,1.5738540301251946,-20.000000000000007
-0.1894245325731731,1.5791548760255547,-20.000000000000007
-0.18226034594502277,1.5752406240198031,-20.000000000000007
-0.18226034594502283,1.5752406240198031,-20.000000000000007
-0.18067000068203443,1.5594198148107745,-20.000000000000007
-0.1822603459450228,1.575240624019803,-20.000000000000007
-0.18226034594502277,1.575240624019803,-20.000000000000007
-0.18837473412143405,1.5733779606841163,-20.000000000000007
-0.18226034594502277,1.575240624019803,-20.000000000000007
-0.18837473412143407,1.573377960684116,-20.000000000000007
-0.18226034594502277,1.575240624019803,-20.000000000000007
-0.18888897604606417,1.5748627885679043,-20.000000000000007
-0.1888889760460642,1.5748627885679038,-20.000000000000007
-0.19303815211615682,1.6120202560143864,-20.000000000000007
-0.19431926352746384,1.624540405447776,-20.000000000000007
-0.19316194813994036,1.6117989308347904,-20.000000000000007
-0.18942453257317313,1.5791548760255547,-20.000000000000007
-0.18945532208693444,1.576362771578332,-20.000000000000007
-0.18915002827871116,1.572881121255673,-20.000000000000007
-0.19271922077573256,1.6047073659455107,-20.000000000000007
-0.1818039679214179,1.5689694032660029,-20.000000000000007
-0.18945532208693444,1.5763627715783317,-20.000000000000007
-0.21297145694215705,1.8551211557628875,-20.000000000000007
-0.2475199056439928,1.799261286842791,-20.000000000000007
-0.29043631185171537,1.582700590103038,-20.000000000000007
-0.3100761428942641,1.5036973378314789,-20.000000000000007
-0.2941127485702695,1.597843277382006,-20.000000000000007
-0.24941614642168783,1.7328087408545656,-20.000000000000007
-0.1822099663654441,1.5747645545787246,-20.000000000000007
-0.13495605330512833,1.4898632237174254,-20.000000000000007
-0.13136931143642386,1.5152803898427867,-20.000000000000007
-0.1355242209719231,1.4980251333747934,-20.000000000000007
-0.1362745899628907,1.469869201926487,-20.000000000000007
-0.13766089245675406,1.4109848407592605,-20.000000000000007
-0.16015086704143036,1.4658572207674505,-20.000000000000007
-0.1497541574130439,1.4356391577721634,-20.000000000000007
-0.1742675836248365,1.5596310191219986,-20.000000000000007
-0.17825534106184443,1.5837285229747726,-20.000000000000007
-0.18110619219721427,1.5615965088310686,-20.000000000000007
-0.18220996636544406,1.5747645545787246,-20.000000000000007
-0.18895055507358682,1.5692785796734583,-20.000000000000007
-0.21115941848494432,1.84128882205434,-20.000000000000007
-0.18663902784066366,1.6098678309301007,-20.000000000000007
-0.20373715397386466,1.7355349581329396,-20.000000000000007
-0.18837473412143405,1.573377960684116,-20.000000000000007
-0.17716407672167847,1.5760687284044748,-20.000000000000007
-0.17259283802865877,1.5472393109831906,-20.000000000000007
-0.14975415741304388,1.4356391577721637,-20.000000000000007
-0.14975414285615307,1.4356134548649337,-20.000000000000007
-0.14975415741304388,1.4356391577721634,-20.000000000000007
-0.1622651465189021,1.479978094344565,-20.000000000000007
-0.18226034594502277,1.5752406240198031,-20.000000000000007
-0.1811061921972143,1.5615965088310682,-20.000000000000007
-0.1907950214096275,1.5908223011180223,-20.000000000000007
-0.2015854062941124,1.7092722953719002,-20.000000000000007
-0.20437906386028282,1.7469160927090361,-20.000000000000007
-0.21896327629267137,1.9297285954014645,-20.000000000000007
-0.20438912631107456,1.746757119847901,-20.000000000000007
-0.19315943252724238,1.611838674050075,-20.000000000000007
-0.19082329531069092,1.5880699398860831,-20.000000000000007
-0.20441558865906206,1.746234775975136,-20.000000000000007
-0.20460674253608638,1.7456863669336566,-20.000000000000007
-0.22128016286590924,1.9304741826471195,-20.000000000000007
-0.20059793323548197,1.7432292693718758,-20.000000000000007
-0.18744326831038585,1.6221636562259985,-20.000000000000007
-0.18915002827871114,1.572881121255673,-20.000000000000007
-0.18837473412143407,1.5733779606841163,-20.000000000000007
-0.20587468808445009,1.7697390646642215,-20.000000000000007
-0.2295955927085201,1.9265005679165845,-20.000000000000007
-0.23889206048921913,1.8949852356181967,-20.000000000000007
-0.2276014464421608,1.92454237348981,-20.000000000000007
-0.18888897604606414,1.574862788567904,-20.000000000000007
-0.14969871320520373,1.437675006587023,-20.000000000000007
-0.12962373824809628,1.5255562980702626,-20.000000000000007
-0.12962373824809628,1.5255562980702628,-20.000000000000007
-0.12962373824809628,1.5255562980702628,-20.000000000000007
-0.13160506288298887,1.5132325960306732,-20.000000000000007
-0.1349582935066505,1.4897359463283295,-20.000000000000007
-0.13627458996289069,1.469869201926487,-20.000000000000007
-0.14975415741304388,1.4356391577721639,-20.000000000000007
-0.17917386072802038,1.5901780441278879,-20.000000000000007
-0.1822099663654441,1.5747645545787243,-20.000000000000007
-0.17552500018705428,1.5705965005358218,-20.000000000000007
-0.18268918681520463,1.5745107525415731,-20.000000000000007
-0.1825476149431105,1.5745835488650148,-20.000000000000007
-0.20303135389355886,1.7652456248350656,-20.000000000000007
-0.18627020613617065,1.6097230967646794,-20.000000000000007
-0.19221948128357202,1.5979904912677616,-20.000000000000007
-0.18885818653230285,1.5776548930151266,-20.000000000000007
-0.17950911580190798,1.5810607140359074,-20.000000000000007
-0.18250173051842536,1.5731434678747527,-20.000000000000007
-0.1791738607280204,1.5901780441278879,-20.000000000000007
-0.18226034594502277,1.575240624019803,-20.000000000000007
-0.18837473412143407,1.573377960684116,-20.000000000000007
-0.18226034594502277,1.575240624019803,-20.000000000000007
-0.19280788939727117,1.6112098188793946,-20.000000000000007
-0.18842511370101275,1.5738540301251946,-20.000000000000007
-0.20139347992708184,1.7055505241438342,-20.000000000000007
-0.19315943252724238,1.6118386740500745,-20.000000000000007
-0.20437906386028282,1.7469160927090361,-20.000000000000007
-0.21896327629267134,1.929728595401465,-20.000000000000007
-0.20438912631107453,1.746757119847901,-20.000000000000007
-0.22987965334187263,1.9257122378957652,-20.000000000000007
-0.21066147007523184,1.828950810150975,-20.000000000000007
-0.22741751115833914,1.9218725433303432,-20.000000000000007
-0.22776047917484277,1.9188603295135365,-20.000000000000007
-0.2212801628659093,1.9304741826471192,-20.000000000000007
-0.24360104577636232,1.8280958422101627,-20.000000000000007
-0.21191483429797653,1.847948051940096,-20.000000000000007
-0.2134834710776139,1.849129136218349,-20.000000000000007
-0.212492495462084,1.8480238795029051,-20.000000000000007
-0.2432956921809088,1.8364921595962787,-20.000000000000007
-0.280360726942776,1.5048723894125564,-20.000000000000007
-0.2904363118517153,1.5827005901030378,-20.000000000000007
-0.2775788011258569,1.5678041747167992,-20.000000000000007
-0.22103389127131073,1.9275600210951247,-20.000000000000007
-0.14975415741304388,1.4356391577721634,-20.000000000000007
-0.12756711120681588,1.520806514362063,-20.000000000000007
-0.12612832293323067,1.5235850837677127,-20.000000000000007
-0.13015262544468725,1.5277015351385423,-20.000000000000007
-0.13160124455853317,1.5129003193082486,-20.000000000000007
-0.1363431436907083,1.4690918166037121,-20.000000000000007
-0.16015086704143036,1.4658572207674505,-20.000000000000007
-0.17716407672167844,1.5760687284044748,-20.000000000000007
-0.18250173051842533,1.5731434678747531,-20.000000000000007
-0.17917386072802036,1.5901780441278879,-20.000000000000007
-0.1883243545418553,1.5729018912430373,-20.000000000000007
-0.18163938836346555,1.568733837200135,-20.000000000000007
-0.1884559032147741,1.571061925677972,-20.000000000000007
-0.21348347107761392,1.8491291362183486,-20.000000000000007
-0.1757663847604568,1.5684993443907715,-20.000000000000007
-0.18945532208693444,1.5763627715783317,-20.000000000000007
-0.1822603459450228,1.575240624019803,-20.000000000000007
-0.18226034594502277,1.575240624019803,-20.000000000000007
-0.1822603459450228,1.5752406240198034,-20.000000000000007
-0.17917386072802038,1.5901780441278879,-20.000000000000007
-0.180374903390968,1.5624216849117096,-20.000000000000007
-0.16226514651890211,1.479978094344565,-20.000000000000007
-0.18110619219721433,1.5615965088310682,-20.000000000000007
-0.18250173051842536,1.573143467874753,-20.000000000000007
-0.18885818653230282,1.5776548930151266,-20.000000000000007
-0.2296317877677274,1.9255344588075167,-20.000000000000007
-0.21295636326596953,1.85535961505459,-20.000000000000007
-0.2474559111473828,1.7986984723556187,-20.000000000000007
-0.2476087328316637,1.7971249586914313,-20.000000000000007
-0.24421792677862386,1.828014834495395,-20.000000000000007
-0.25352814295784415,1.7667880653171641,-20.000000000000007
-0.23019993678350573,1.9212992879400874,-20.000000000000007
-0.23807967147491976,1.8941112406553737,-20.000000000000007
-0.2274175111583391,1.9218725433303439,-20.000000000000007
-0.23822193388952295,1.8935061802317203,-20.000000000000007
-0.23649003800490165,1.9114501057498519,-20.000000000000007
-0.23377484935879303,1.9243394428461453,-20.000000000000007
-0.22610668672834544,1.9302216087355992,-20.000000000000007
-0.19927599968825097,1.6820169922625396,-20.000000000000007
-0.21248743473298976,1.8569242044846717,-20.000000000000007
-0.22117610000737897,1.937196569906587,-20.000000000000007
-0.23196923971846883,1.9142976453010256,-20.000000000000007
-0.21931127683429327,1.934614313986411,-20.000000000000007
-0.1822603459450228,1.5752406240198031,-20.000000000000007
-0.13559501490126286,1.4971204706629226,-20.000000000000007
-0.12684286767579064,1.5197244813100859,-20.000000000000007
-0.1254040801820389,1.5225047004235048,-20.000000000000007
-0.12684286767579067,1.5197244813100856,-20.000000000000007
-0.13162334867738157,1.5125531912026637,-20.000000000000007
-0.13559501490126288,1.4971204706629226,-20.000000000000007
-0.1362648890948696,1.477604195252314,-20.000000000000007
-0.16491224342351885,1.4962079272044329,-20.000000000000007
-0.17716407672167847,1.5760687284044745,-20.000000000000007
-0.18220996636544406,1.5747645545787243,-20.000000000000007
-0.18945532208693439,1.5763627715783315,-20.000000000000007
-0.18218441980185696,1.5674265606367,-20.000000000000007
-0.2111594184849443,1.8412888220543397,-20.000000000000007
-0.18678059971275776,1.6097950346066583,-20.000000000000007
-0.20303135389355886,1.7652456248350656,-20.000000000000007
-0.20138593308898803,1.705669753789686,-20.000000000000007
-0.18837473412143405,1.573377960684116,-20.000000000000007
-0.18067000068203443,1.5594198148107747,-20.000000000000007
-0.16015086704143033,1.4658572207674505,-20.000000000000007
-0.16015086704143033,1.4658572207674505,-20.000000000000007
-0.16226514651890211,1.4799780943445653,-20.000000000000007
-0.17933485877093766,1.5832655028315092,-20.000000000000007
-0.18226034594502277,1.5752406240198034,-20.000000000000007
-0.18842511370101273,1.5738540301251946,-20.000000000000007
-0.18226034594502277,1.5752406240198034,-20.000000000000007
-0.18888897604606414,1.5748627885679038,-20.000000000000007
-0.1822603459450228,1.5752406240198031,-20.000000000000007
-0.1822099663654441,1.5747645545787243,-20.000000000000007
-0.20138593308898806,1.7056697537896857,-20.000000000000007
-0.18888897604606414,1.5748627885679038,-20.000000000000007
-0.21067656375141944,1.8287123508592722,-20.000000000000007
-0.18886938598024677,1.5715946146796025,-20.000000000000007
-0.1990290336519761,1.6778574345842012,-20.000000000000007
-0.18832435454185534,1.572901891243037,-20.000000000000007
-0.18229113545878414,1.5724485195725806,-20.000000000000007
-0.18424168006788885,1.5862924398294707,-20.000000000000007
-0.18154410935381965,1.569100175690836,-20.000000000000007
-0.18945532208693444,1.5763627715783317,-20.000000000000007
-0.19944106105329562,1.681721892023079,-20.000000000000007
-0.23620077932678368,1.9165143680114958,-20.000000000000007
-0.2596277946217823,1.7759789734525389,-20.000000000000007
-0.28192526868705947,1.531872124267723,-20.000000000000007
-0.25650117917607346,1.761353988307684,-20.000000000000007
-0.20865851890448536,1.8218920158798046,-20.000000000000007
-0.151885716309857,1.402262875380409,-20.000000000000007
-0.12612832293323067,1.5235850837677125,-20.000000000000007
-0.1261283229332307,1.5235850837677125,-20.000000000000007
-0.13034416345466582,1.5263060543998155,-20.000000000000007
-0.13136931143642386,1.5152803898427867,-20.000000000000007
-0.13505394683634653,1.4898994611030374,-20.000000000000007
-0.1352364542451437,1.4956132648969094,-20.000000000000007
-0.13766089245675406,1.4109848407592605,-20.000000000000007
-0.14969871320520373,1.437675006587023,-20.000000000000007
-0.1377468926182409,1.4138227263361494,-20.000000000000007
-0.1811061921972143,1.5615965088310682,-20.000000000000007
-0.17291871573542972,1.5934671248005738,-20.000000000000007
-0.18208914079221108,1.5677928991274008,-20.000000000000007
-0.22062846119588841,1.9240573197414905,-20.000000000000007
-0.18732814981819473,1.6197838382243697,-20.000000000000007
-0.20620692767240614,1.7695048984654265,-20.000000000000007
-0.18842511370101278,1.5738540301251949,-20.000000000000007
-0.17825534106184449,1.5837285229747722,-20.000000000000007
-0.17917386072802038,1.5901780441278879,-20.000000000000007
-0.17259283802865877,1.5472393109831906,-20.000000000000007
-0.1742675836248365,1.5596310191219986,-20.000000000000007
-0.17548244831557921,1.5669961652094957,-20.000000000000007
-0.17950911580190798,1.5810607140359072,-20.000000000000007
-0.18226034594502277,1.5752406240198031,-20.000000000000007
-0.18226034594502277,1.575240624019803,-20.000000000000007
-0.18226034594502277,1.5752406240198031,-20.000000000000007
-0.18067000068203443,1.5594198148107745,-20.000000000000007
-0.18837473412143405,1.573377960684116,-20.000000000000007
-0.18842511370101275,1.5738540301251946,-20.000000000000007
-0.18942453257317313,1.5791548760255545,-20.000000000000007
-0.19431926352746384,1.6245404054477757,-20.000000000000007
-0.18880780695272412,1.577178823574048,-20.000000000000007
-0.193177694926632,1.6114980156831247,-20.000000000000007
-0.202754357316416,1.764586173417836,-20.000000000000007
-0.21088242190780143,1.8406293706371106,-20.000000000000007
-0.22132548951472808,1.9286160178736897,-20.000000000000007
-0.20027514795820842,1.7399956220515302,-20.000000000000007
-0.1931594325272424,1.6118386740500747,-20.000000000000007
-0.20336587397443145,1.7364901842809184,-20.000000000000007
-0.21248743473298976,1.8569242044846717,-20.000000000000007
-0.24431076490960957,1.8291243725315853,-20.000000000000007
-0.24753611064781528,1.7981305890838024,-20.000000000000007
-0.22638606166750128,1.9313937377440498,-20.000000000000007
-0.18246257456162718,1.5751980137483315,-20.000000000000007
-0.13559501490126288,1.4971204706629226,-20.000000000000007
-0.12684286767579064,1.5197244813100859,-20.000000000000007
-0.12405129492932987,1.5281230603556573,-20.000000000000007
-0.12405129492932987,1.5281230603556573,-20.000000000000007
-0.12684286767579064,1.5197244813100859,-20.000000000000007
-0.13014880712023158,1.5273692584161178,-20.000000000000007
-0.1322518888393985,1.505849498802996,-20.000000000000007
-0.13559501490126286,1.4971204706629224,-20.000000000000007
-0.13559501490126286,1.4971204706629224,-20.000000000000007
-0.17548244831557921,1.5669961652094957,-20.000000000000007
-0.17248818165189622,1.6029507933832559,-20.000000000000007
-0.18106016915713552,1.5665756235237862,-20.000000000000007
-0.20052713059800215,1.7437632542726698,-20.000000000000007
-0.18160650863614658,1.5652904978856894,-20.000000000000007
-0.2108830769678891,1.8406422820217245,-20.000000000000007
-0.20138593308898803,1.7056697537896857,-20.000000000000007
-0.18885818653230285,1.5776548930151268,-20.000000000000007
-0.1822603459450228,1.575240624019803,-20.000000000000007
-0.17716407672167847,1.5760687284044748,-20.000000000000007
-0.16015086704143033,1.4658572207674503,-20.000000000000007
-0.14975414285615307,1.4356134548649337,-20.000000000000007
-0.17259283802865877,1.5472393109831906,-20.000000000000007
-0.1622651465189021,1.479978094344565,-20.000000000000007
-0.179509115801908,1.5810607140359072,-20.000000000000007
-0.17917386072802036,1.5901780441278877,-20.000000000000007
-0.179509115801908,1.5810607140359072,-20.000000000000007
-0.18226034594502277,1.575240624019803,-20.000000000000007
-0.179509115801908,1.5810607140359072,-20.000000000000007
-0.17950911580190798,1.5810607140359072,-20.000000000000007
-0.1822603459450228,1.575240624019803,-20.000000000000007
-0.18250173051842536,1.5731434678747531,-20.000000000000007
-0.18832435454185534,1.5729018912430373,-20.000000000000007
-0.2122988275320286,1.8516251125024568,-20.000000000000007
-0.21173042344573,1.8478756848573856,-20.000000000000007
-0.21173042344573004,1.8478756848573854,-20.000000000000007
-0.20027514795820842,1.7399956220515302,-20.000000000000007
-0.18111185573755592,1.5670720079682579,-20.000000000000007
-0.19082329531069092,1.5880699398860831,-20.000000000000007
-0.21157012218398935,1.8376661280048128,-20.000000000000007
-0.25267361778827824,1.750840150439579,-20.000000000000007
-0.2879214246588281,1.5730996135501176,-20.000000000000007
-0.29071901011605217,1.584151535242343,-20.000000000000007
-0.2755441039756377,1.615380358562156,-20.000000000000007
-0.21981635526112697,1.9254145073810722,-20.000000000000007
-0.13766089245675406,1.4109848407592602,-20.000000000000007
-0.127381452621069,1.5267946817346165,-20.000000000000007
-0.12624684305887726,1.5255403657887268,-20.000000000000007
-0.12722508106999336,1.534413166790294,-20.000000000000007
-0.12793961775427448,1.5305380631712828,-20.000000000000007
-0.135077230713214,1.4963699242608688,-20.000000000000007
-0.14975415741304388,1.4356391577721634,-20.000000000000007
-0.17426758362483646,1.5596310191219986,-20.000000000000007
-0.18837473412143405,1.5733779606841163,-20.000000000000007
-0.1822099663654441,1.5747645545787248,-20.000000000000007
-0.18105946327790212,1.566674138247223,-20.000000000000007
-0.1836174781192861,1.5838665067550908,-20.000000000000007
-0.18157571912238524,1.5680826023329122,-20.000000000000007
-0.2002751479582084,1.73999562205153,-20.000000000000007
-0.18206498278704597,1.5720811476233032,-20.000000000000007
-0.18945532208693444,1.576362771578332,-20.000000000000007
-0.18885818653230285,1.577654893015127,-20.000000000000007
-0.1811061921972143,1.5615965088310682,-20.000000000000007
-0.179509115801908,1.5810607140359074,-20.000000000000007
-0.1622651465189021,1.4799780943445653,-20.000000000000007
-0.17716407672167847,1.5760687284044745,-20.000000000000007
-0.16270023080057264,1.4821412217524914,-20.000000000000007
-0.17950911580190798,1.5810607140359074,-20.000000000000007
-0.18110619219721427,1.5615965088310682,-20.000000000000007
-0.18067109244884727,1.559441333785131,-20.000000000000007
-0.18888897604606414,1.5748627885679038,-20.000000000000007
-0.18226034594502277,1.575240624019803,-20.000000000000007
-0.18885818653230285,1.5776548930151266,-20.000000000000007
-0.18837473412143405,1.5733779606841163,-20.000000000000007
-0.1894245325731731,1.5791548760255547,-20.000000000000007
-0.21297145694215708,1.8551211557628875,-20.000000000000007
-0.20437906386028284,1.7469160927090361,-20.000000000000007
-0.2197568884774566,1.9301206503524304,-20.000000000000007
-0.18615438176474616,1.6074417934864875,-20.000000000000007
-0.22133170108301808,1.928846476778339,-20.000000000000007
-0.22062846119588841,1.9240573197414905,-20.000000000000007
-0.2121148533865073,1.8515613530094885,-20.000000000000007
-0.2209292477617999,1.9374414169331244,-20.000000000000007
-0.1930381521161568,1.6120202560143864,-20.000000000000007
-0.22595440670337325,1.9324083385227473,-20.000000000000007
-0.2481293851171244,1.7856504139612348,-20.000000000000007
-0.2476500478873066,1.7962154489931232,-20.000000000000007
-0.22959559270852006,1.9265005679165847,-20.000000000000007
-0.1822603459450228,1.5752406240198031,-20.000000000000007
-0.13523645424514372,1.4956132648969094,-20.000000000000007
-0.1254040794022055,1.5225030507157356,-20.000000000000007
-0.12540407940220547,1.5225030507157356,-20.000000000000007
-0.1254040794022055,1.5225030507157358,-20.000000000000007
-0.13034798177912152,1.52663833112224,-20.000000000000007
-0.13154638457591009,1.5149175622233853,-20.000000000000007
-0.1363431436907083,1.4690918166037121,-20.000000000000007
-0.13766089245675403,1.4109848407592605,-20.000000000000007
-0.17716407672167844,1.5760687284044748,-20.000000000000007
-0.17917386072802038,1.5901780441278879,-20.000000000000007
-0.18154410935381965,1.5691001756908358,-20.000000000000007
-0.18157370520253227,1.5681589661310111,-20.000000000000007
-0.18732945889859223,1.6198078250716526,-20.000000000000007
-0.2002751479582084,1.7399956220515302,-20.000000000000007
-0.1811118557375559,1.5670720079682576,-20.000000000000007
-0.19901831809068027,1.6780788633052999,-20.000000000000007
-0.17825534106184446,1.5837285229747722,-20.000000000000007
-0.1822603459450228,1.575240624019803,-20.000000000000007
-0.17917386072802038,1.5901780441278879,-20.000000000000007
-0.17716407672167844,1.5760687284044745,-20.000000000000007
-0.17950911580190798,1.5810607140359074,-20.000000000000007
-0.17716407672167844,1.5760687284044743,-20.000000000000007
-0.18226034594502283,1.5752406240198031,-20.000000000000007
-0.18837473412143407,1.573377960684116,-20.000000000000007
-0.18842511370101273,1.5738540301251946,-20.000000000000007
-0.20139347992708184,1.7055505241438345,-20.000000000000007
-0.1958503482727261,1.638565370631041,-20.000000000000007
-0.20437906386028282,1.7469160927090361,-20.000000000000007
-0.20437906386028284,1.7469160927090357,-20.000000000000007
-0.20437906386028284,1.746916092709036,-20.000000000000007
-0.20138593308898803,1.7056697537896859,-20.000000000000007
-0.2129928880647487,1.8546782983206904,-20.000000000000007
-0.2214443014280526,1.9280803487178488,-20.000000000000007
-0.22128016286590924,1.9304741826471195,-20.000000000000007
-0.2269401645833434,1.9239439328329513,-20.000000000000007
-0.2108824219078014,1.8406293706371106,-20.000000000000007
-0.1861543817647462,1.6074417934864875,-20.000000000000007
-0.20437906386028284,1.7469160927090357,-20.000000000000007
-0.22140461161028013,1.9284170608693036,-20.000000000000007
-0.25602307928197693,1.767232864400826,-20.000000000000007
-0.28098083697535864,1.5094561396387922,-20.000000000000007
-0.26908226728219925,1.7373139365655643,-20.000000000000007
-0.23379757623962763,1.9272595965616262,-20.000000000000007
-0.17917386072802038,1.5901780441278879,-20.000000000000007
-0.1296237382480963,1.525556298070263,-20.000000000000007
-0.12405129492932987,1.528123060355657,-20.000000000000007
-0.12405129492932988,1.528123060355657,-20.000000000000007
-0.12540407940220547,1.5225030507157356,-20.000000000000007
-0.12540407940220547,1.5225030507157356,-20.000000000000007
-0.12962373824809628,1.5255562980702626,-20.000000000000007
-0.13162334867738157,1.512553191202664,-20.000000000000007
-0.1316233486773816,1.5125531912026635,-20.000000000000007
-0.134987587169906,1.490284182800638,-20.000000000000007
-0.1322518888393985,1.505849498802996,-20.000000000000007
-0.1316233486773816,1.512553191202664,-20.000000000000007
-0.13496593015556185,1.4904004997731795,-20.000000000000007
-0.1316233486773816,1.512553191202664,-20.000000000000007
-0.13496593015556185,1.490400499773179,-20.000000000000007
-0.13496593015556188,1.490400499773179,-20.000000000000007
-0.13541503259313709,1.4948226663941324,-20.000000000000007
-0.13634314369070832,1.4690918166037121,-20.000000000000007
-0.13766089245675403,1.4109848407592602,-20.000000000000007
-0.1489623238983579,1.441250436214657,-20.000000000000007
-0.13766089245675403,1.4109848407592605,-20.000000000000007
-0.13766089245675406,1.4109848407592605,-20.000000000000007
-0.13634314369070832,1.4690918166037121,-20.000000000000007
-0.13559501490126288,1.4971204706629224,-20.000000000000007
-0.13559501490126288,1.4971204706629226,-20.000000000000007
-0.1352364542451437,1.4956132648969092,-20.000000000000007
-0.13559501490126286,1.4971204706629224,-20.000000000000007
-0.13541503259313709,1.4948226663941324,-20.000000000000007
-0.13559501490126288,1.4971204706629224,-20.000000000000007
-0.13559501490126288,1.4971204706629226,-20.000000000000007
-0.13559501490126286,1.4971204706629224,-20.000000000000007
-0.13766089245675403,1.4109848407592602,-20.000000000000007
-0.13766033188648455,1.4110074467856226,-20.000000000000007
-0.13607296571720057,1.4831686616984474,-20.000000000000007
-0.13634314369070832,1.469091816603712,-20.000000000000007
-0.1352364542451437,1.4956132648969094,-20.000000000000007
-0.13559501490126288,1.4971204706629226,-20.000000000000007
-0.1352364542451437,1.4956132648969094,-20.000000000000007
-0.1377468926182409,1.4138227263361496,-20.000000000000007
-0.17917386072802036,1.5901780441278879,-20.000000000000007
-0.20404430865962883,1.7471900021231155,-20.000000000000007
-0.24753611064781528,1.7981305890838026,-20.000000000000007
-0.23538467694061216,1.9234328870905961,-20.000000000000007
-0.21248743473298976,1.8569242044846717,-20.000000000000007
-0.16491224342351885,1.4962079272044329,-20.000000000000007
-0.12962373824809628,1.5255562980702628,-20.000000000000007
-0.12405129492932987,1.5281230603556573,-20.000000000000007
-0.1240512949293299,1.5281230603556573,-20.000000000000007
-0.1102329398897883,1.5292120197188135,-20.000000000000007
-0.1240512949293299,1.5281230603556573,-20.000000000000007
-0.1254040794022055,1.5225030507157356,-20.000000000000007
-0.12540407940220547,1.5225030507157353,-20.000000000000007
-0.12540407940220547,1.5225030507157356,-20.000000000000007
-0.12540407940220547,1.5225030507157356,-20.000000000000007
-0.12405129492932988,1.528123060355657,-20.000000000000007
-0.1240512949293299,1.528123060355657,-20.000000000000007
-0.12405129492932988,1.528123060355657,-20.000000000000007
-0.1240512949293299,1.5281230603556573,-20.000000000000007
-0.1254040794022055,1.5225030507157356,-20.000000000000007
-0.12684286767579064,1.5197244813100856,-20.000000000000007
-0.13496593015556188,1.490400499773179,-20.000000000000007
-0.13559501490126286,1.4971204706629226,-20.000000000000007
-0.14969871320520373,1.437675006587023,-20.000000000000007
-0.14969871320520375,1.4376750065870232,-20.000000000000007
-0.1362648890948696,1.477604195252314,-20.000000000000007
-0.13500799762049986,1.4901723146345818,-20.000000000000007
-0.13162334867738157,1.512553191202664,-20.000000000000007
-0.12962373824809628,1.525556298070263,-20.000000000000007
-0.12849335850247093,1.5247118007304845,-20.000000000000007
-0.12684286767579067,1.5197244813100856,-20.000000000000007
-0.12684286767579067,1.519724481310086,-20.000000000000007
-0.12684286767579067,1.5197244813100856,-20.000000000000007
-0.12684286767579067,1.5197244813100859,-20.000000000000007
-0.12684286767579067,1.5197244813100859,-20.000000000000007
-0.1296237382480963,1.525556298070263,-20.000000000000007
-0.13225188883939853,1.505849498802996,-20.000000000000007
-0.13496593015556188,1.490400499773179,-20.000000000000007
-0.13496593015556185,1.4904004997731792,-20.000000000000007
-0.134987587169906,1.490284182800638,-20.000000000000007
-0.13496593015556185,1.4904004997731792,-20.000000000000007
-0.13496593015556185,1.490400499773179,-20.000000000000007
-0.1316233486773816,1.5125531912026637,-20.000000000000007
-0.14896232389835787,1.441250436214657,-20.000000000000007
-0.1822603459450228,1.575240624019803,-20.000000000000007
-0.25269096362343396,1.7505768970004383,-20.000000000000007
-0.3090336352353068,1.5068264433831877,-20.000000000000007
-0.304905052023723,1.5056618751786137,-20.000000000000007
-0.28037748088435255,1.5076961034151126,-20.000000000000007
-0.21297145694215708,1.8551211557628875,-20.000000000000007
-0.13500799762049986,1.4901723146345818,-20.000000000000007
-0.1240512949293299,1.528123060355657,-20.000000000000007
-0.11023216213590639,1.5313395110577366,-20.000000000000007
-0.1102321621359064,1.5313395110577366,-20.000000000000007
-0.11023216213590642,1.531339511057737,-20.000000000000007
-0.12405129492932987,1.528123060355657,-20.000000000000007
-0.1254040794022055,1.5225030507157353,-20.000000000000007
-0.1254040794022055,1.5225030507157356,-20.000000000000007
-0.12540407940220547,1.5225030507157356,-20.000000000000007
-0.12405129492932987,1.528123060355657,-20.000000000000007
-0.11023216213590642,1.5313395110577366,-20.000000000000007
-0.11023216213590639,1.5313395110577366,-20.000000000000007
-0.11023216213590639,1.5313395110577366,-20.000000000000007
-0.12405129492932988,1.5281230603556573,-20.000000000000007
-0.12684286767579064,1.5197244813100854,-20.000000000000007
-0.13496593015556185,1.490400499773179,-20.000000000000007
-0.13766089245675406,1.4109848407592605,-20.000000000000007
-0.14975415741304388,1.4356391577721639,-20.000000000000007
-0.1377468926182409,1.4138227263361496,-20.000000000000007
-0.13559501490126288,1.4971204706629226,-20.000000000000007
-0.13496593015556185,1.490400499773179,-20.000000000000007
-0.1316233486773816,1.5125531912026637,-20.000000000000007
-0.1296237382480963,1.525556298070263,-20.000000000000007
-0.12684286767579064,1.5197244813100856,-20.000000000000007
-0.1254040801820389,1.5225047004235046,-20.000000000000007
-0.1254040794022055,1.5225030507157356,-20.000000000000007
-0.1254040794022055,1.5225030507157356,-20.000000000000007
-0.12684286767579067,1.5197244813100856,-20.000000000000007
-0.12684286767579067,1.5197244813100859,-20.000000000000007
-0.12942838191366207,1.5266195020865654,-20.000000000000007
-0.13162334867738157,1.512553191202664,-20.000000000000007
-0.1322518888393985,1.5058494988029958,-20.000000000000007
-0.13496593015556188,1.490400499773179,-20.000000000000007
-0.13496974848001758,1.490732776495604,-20.000000000000007
-0.13496593015556188,1.4904004997731792,-20.000000000000007
-0.13496593015556188,1.490400499773179,-20.000000000000007
-0.13496593015556185,1.490400499773179,-20.000000000000007
-0.1377468926182409,1.4138227263361491,-20.000000000000007
-0.17917386072802038,1.5901780441278879,-20.000000000000007
-0.1894245325731731,1.5791548760255547,-20.000000000000007
-0.2259544067033732,1.9324083385227475,-20.000000000000007
-0.21204973859417786,1.849753153164824,-20.000000000000007
-0.18226034594502277,1.575240624019803,-20.000000000000007
-0.14947306268121344,1.4401096667703466,-20.000000000000007
-0.12942838191366204,1.5266195020865654,-20.000000000000007
-0.12405129492932987,1.5281230603556568,-20.000000000000007
-0.12405129492932987,1.5281230603556573,-20.000000000000007
-0.11023216213590639,1.5313395110577366,-20.000000000000007
-0.1102329398897883,1.529212019718813,-20.000000000000007
-0.12405129492932987,1.528123060355657,-20.000000000000007
-0.12405129492932988,1.528123060355657,-20.000000000000007
-0.12405129492932988,1.528123060355657,-20.000000000000007
-0.12405129492932988,1.528123060355657,-20.000000000000007
-0.12405129492932987,1.528123060355657,-20.000000000000007
-0.11023216213590639,1.5313395110577366,-20.000000000000007
-0.1102321621359064,1.5313395110577366,-20.000000000000007
-0.11023216213590639,1.5313395110577368,-20.000000000000007
-0.12405129492932987,1.528123060355657,-20.000000000000007
-0.1254040801820389,1.5225047004235046,-20.000000000000007
-0.13496593015556185,1.490400499773179,-20.000000000000007
-0.13559501490126286,1.4971204706629224,-20.000000000000007
-0.1377468926182409,1.4138227263361496,-20.000000000000007
-0.13766089245675403,1.4109848407592605,-20.000000000000007
-0.13541503259313706,1.4948226663941324,-20.000000000000007
-0.13496593015556188,1.4904004997731792,-20.000000000000007
-0.13162334867738157,1.5125531912026637,-20.000000000000007
-0.1296237382480963,1.5255562980702628,-20.000000000000007
-0.1284933585024709,1.5247118007304845,-20.000000000000007
-0.12684286767579064,1.5197244813100856,-20.000000000000007
-0.12684286767579067,1.5197244813100856,-20.000000000000007
-0.12684286767579067,1.5197244813100859,-20.000000000000007
-0.12684286767579067,1.5197244813100859,-20.000000000000007
-0.12684286767579067,1.5197244813100856,-20.000000000000007
-0.12942838191366207,1.5266195020865654,-20.000000000000007
-0.13160506288298884,1.5132325960306734,-20.000000000000007
-0.13160506288298884,1.5132325960306732,-20.000000000000007
-0.13496593015556188,1.490400499773179,-20.000000000000007
-0.13496593015556185,1.4904004997731795,-20.000000000000007
-0.13496593015556183,1.4904004997731792,-20.000000000000007
-0.13496593015556185,1.490400499773179,-20.000000000000007
-0.13162334867738157,1.512553191202664,-20.000000000000007
-0.16491224342351887,1.4962079272044329,-20.000000000000007
-0.21248581540885625,1.8494513296839532,-20.000000000000007
-0.26283922852137537,1.766062204947628,-20.000000000000007
-0.3061397492272496,1.5083932117331642,-20.000000000000007
-0.28558708034433605,1.5632803966587596,-20.000000000000007
-0.2481249203107488,1.7867448208247907,-20.000000000000007
-0.18226034594502283,1.5752406240198031,-20.000000000000007
-0.12962373824809628,1.525556298070263,-20.000000000000007
-0.12405129492932987,1.5281230603556573,-20.000000000000007
-0.11023216213590639,1.5313395110577368,-20.000000000000007
-0.11023216213590638,1.5313395110577366,-20.000000000000007
-0.12405129492932987,1.528123060355657,-20.000000000000007
-0.12405129492932988,1.5281230603556573,-20.000000000000007
-0.12540407940220547,1.5225030507157353,-20.000000000000007
-0.12540407940220547,1.5225030507157356,-20.000000000000007
-0.12405129492932987,1.5281230603556573,-20.000000000000007
-0.12405129492932988,1.5281230603556573,-20.000000000000007
-0.11023216213590639,1.5313395110577366,-20.000000000000007
-0.1102321621359064,1.5313395110577366,-20.000000000000007
-0.11023216213590639,1.5313395110577366,-20.000000000000007
-0.12405129492932988,1.528123060355657,-20.000000000000007
-0.12942838191366207,1.5266195020865654,-20.000000000000007
-0.13500799762049986,1.4901723146345818,-20.000000000000007
-0.13774689261824094,1.4138227263361494,-20.000000000000007
-0.1497541574130439,1.4356391577721637,-20.000000000000007
-0.1489623238983579,1.441250436214657,-20.000000000000007
-0.13559501490126288,1.4971204706629224,-20.000000000000007
-0.13496593015556185,1.490400499773179,-20.000000000000007
-0.12962373824809628,1.5255562980702628,-20.000000000000007
-0.12962373824809628,1.5255562980702628,-20.000000000000007
-0.1296237382480963,1.525556298070263,-20.000000000000007
-0.12849335850247093,1.5247118007304845,-20.000000000000007
-0.12684286767579064,1.5197244813100856,-20.000000000000007
-0.12684286767579064,1.5197244813100859,-20.000000000000007
-0.12684286767579064,1.5197244813100856,-20.000000000000007
-0.12684286767579067,1.5197244813100856,-20.000000000000007
-0.12962373824809628,1.5255562980702628,-20.000000000000007
-0.13162334867738157,1.512553191202664,-20.000000000000007
-0.13162334867738157,1.5125531912026637,-20.000000000000007
-0.13496593015556188,1.4904004997731792,-20.000000000000007
-0.13496593015556188,1.4904004997731792,-20.000000000000007
-0.13496593015556188,1.490400499773179,-20.000000000000007
-0.13496593015556185,1.4904004997731792,-20.000000000000007
-0.13496593015556185,1.4904004997731792,-20.000000000000007
-0.14969871320520375,1.437675006587023,-20.000000000000007
-0.17950911580190804,1.5810607140359072,-20.000000000000007
-0.2182751281321456,1.9327711581825628,-20.000000000000007
-0.25714500985723493,1.7709511941364187,-20.000000000000007
-0.25234215549930117,1.7442170422495313,-20.000000000000007
-0.2275252027118275,1.9264565813725267,-20.000000000000007
-0.1822603459450228,1.575240624019803,-20.000000000000007
-0.13162334867738157,1.5125531912026637,-20.000000000000007
-0.12405129492932988,1.5281230603556573,-20.000000000000007
-0.1240512949293299,1.5281230603556573,-20.000000000000007
-0.1102321621359064,1.5313395110577366,-20.000000000000007
-0.1240512949293299,1.528123060355657,-20.000000000000007
-0.12405129492932988,1.5281230603556573,-20.000000000000007
-0.12405129492932987,1.5281230603556573,-20.000000000000007
-0.12540407940220547,1.5225030507157356,-20.000000000000007
-0.12405129492932987,1.5281230603556573,-20.000000000000007
-0.1240512949293299,1.5281230603556573,-20.000000000000007
-0.1240512949293299,1.528123060355657,-20.000000000000007
-0.11023216213590642,1.5313395110577368,-20.000000000000007
-0.1102321621359064,1.5313395110577366,-20.000000000000007
-0.12405129492932988,1.5281230603556573,-20.000000000000007
-0.12684286767579067,1.5197244813100859,-20.000000000000007
-0.13523645424514372,1.4956132648969094,-20.000000000000007
-0.13766089245675406,1.4109848407592602,-20.000000000000007
-0.1509864912825978,1.3992341320455803,-20.000000000000007
-0.14975414285615304,1.435613454864934,-20.000000000000007
-0.13559501490126286,1.4971204706629226,-20.000000000000007
-0.13496593015556188,1.490400499773179,-20.000000000000007
-0.1296237382480963,1.525556298070263,-20.000000000000007
-0.12962373824809628,1.5255562980702626,-20.000000000000007
-0.12942838191366207,1.5266195020865654,-20.000000000000007
-0.12684286767579067,1.5197244813100856,-20.000000000000007
-0.12684286767579067,1.5197244813100859,-20.000000000000007
-0.1254040801820389,1.5225047004235046,-20.000000000000007
-0.12684286767579064,1.5197244813100856,-20.000000000000007
-0.12684286767579064,1.5197244813100856,-20.000000000000007
-0.1296237382480963,1.5255562980702628,-20.000000000000007
-0.13162334867738157,1.5125531912026637,-20.000000000000007
-0.13477851668463556,1.493063189381522,-20.000000000000007
-0.13496593015556185,1.490400499773179,-20.000000000000007
-0.134987587169906,1.4902841828006377,-20.000000000000007
-0.1352364542451437,1.4956132648969094,-20.000000000000007
-0.13496593015556188,1.4904004997731792,-20.000000000000007
-0.13496593015556188,1.4904004997731792,-20.000000000000007
-0.15280423597603296,1.4087123965335242,-20.000000000000007
-0.20139347992708184,1.7055505241438347,-20.000000000000007
-0.27897939725178683,1.540059330926887,-20.000000000000007
-0.3129569535463593,1.503645578219004,-20.000000000000007
-0.2975115224577339,1.5837350831575454,-20.000000000000007
-0.2551501197597483,1.7691935568457864,-20.000000000000007
-0.18067000068203437,1.5594198148107747,-20.000000000000007
-0.12684286767579067,1.5197244813100859,-20.000000000000007
-0.11023216213590642,1.5313395110577368,-20.000000000000007
-0.1102321621359064,1.5313395110577366,-20.000000000000007
-0.1102321621359064,1.5313395110577366,-20.000000000000007
-0.12405129492932988,1.5281230603556573,-20.000000000000007
-0.12405129492932988,1.528123060355657,-20.000000000000007
-0.1254040794022055,1.5225030507157356,-20.000000000000007
-0.1254040794022055,1.5225030507157353,-20.000000000000007
-0.1240512949293299,1.5281230603556573,-20.000000000000007
-0.1102321621359064,1.5313395110577366,-20.000000000000007
-0.1102321621359064,1.5313395110577366,-20.000000000000007
-0.1102321621359064,1.5313395110577366,-20.000000000000007
-0.1102321621359064,1.5313395110577366,-20.000000000000007
-0.12540407940220547,1.5225030507157356,-20.000000000000007
-0.13162334867738157,1.512553191202664,-20.000000000000007
-0.13559501490126288,1.4971204706629224,-20.000000000000007
-0.14975414285615304,1.435613454864934,-20.000000000000007
-0.15921534466681123,1.4594263141425161,-20.000000000000007
-0.13774689261824094,1.4138227263361496,-20.000000000000007
-0.13523645424514372,1.4956132648969094,-20.000000000000007
-0.13496593015556188,1.490400499773179,-20.000000000000007
-0.13160506288298887,1.5132325960306732,-20.000000000000007
-0.1296237382480963,1.525556298070263,-20.000000000000007
-0.12684286767579064,1.5197244813100859,-20.000000000000007
-0.1254040801820389,1.5225047004235046,-20.000000000000007
-0.1254040801820389,1.5225047004235046,-20.000000000000007
-0.12684286767579067,1.5197244813100859,-20.000000000000007
-0.12684286767579067,1.5197244813100856,-20.000000000000007
-0.1284933585024709,1.5247118007304845,-20.000000000000007
-0.12962373824809628,1.525556298070263,-20.000000000000007
-0.13162334867738157,1.512553191202664,-20.000000000000007
-0.13496593015556185,1.490400499773179,-20.000000000000007
-0.1350079976204999,1.4901723146345818,-20.000000000000007
-0.13523645424514372,1.4956132648969094,-20.000000000000007
-0.1352364542451437,1.4956132648969094,-20.000000000000007
-0.13496593015556185,1.4904004997731795,-20.000000000000007
-0.13496593015556188,1.4904004997731792,-20.000000000000007
-0.13559501490126286,1.4971204706629226,-20.000000000000007
-0.13541503259313706,1.4948226663941326,-20.000000000000007
-0.1363431436907083,1.469091816603712,-20.000000000000007
-0.13559501490126286,1.4971204706629226,-20.000000000000007
-0.13523645424514372,1.4956132648969096,-20.000000000000007
-0.13496593015556185,1.490400499773179,-20.000000000000007
-0.13496593015556185,1.490400499773179,-20.000000000000007
-0.1322518888393985,1.505849498802996,-20.000000000000007
-0.13496593015556185,1.490400499773179,-20.000000000000007
-0.1322518888393985,1.505849498802996,-20.000000000000007
-0.13496593015556185,1.490400499773179,-20.000000000000007
-0.13496593015556188,1.4904004997731792,-20.000000000000007
-0.13496593015556185,1.4904004997731792,-20.000000000000007
-0.13496593015556185,1.4904004997731792,-20.000000000000007
-0.13523645424514372,1.4956132648969092,-20.000000000000007
-0.1352846436625125,1.4952131339762695,-20.000000000000007
-0.1352364542451437,1.4956132648969092,-20.000000000000007
-0.1352364542451437,1.4956132648969092,-20.000000000000007
-0.1352364542451437,1.4956132648969092,-20.000000000000007
-0.13505647193701792,1.4933154606281192,-20.000000000000007
-0.1350561870378687,1.489772183713942,-20.000000000000007
-0.13500799762049986,1.4901723146345818,-20.000000000000007
-0.1349582935066505,1.4897359463283295,-20.000000000000007
-0.13496593015556185,1.4904004997731792,-20.000000000000007
-0.13495829350665048,1.4897359463283293,-20.000000000000007
-0.13496593015556185,1.4904004997731792,-20.000000000000007
-0.13500799762049986,1.4901723146345816,-20.000000000000007
-0.13505647193701795,1.4933154606281194,-20.000000000000007
-0.1349582935066505,1.4897359463283293,-20.000000000000007
-0.13496974848001758,1.4907327764956038,-20.000000000000007
-0.13495829350665048,1.4897359463283295,-20.000000000000007
-0.13496593015556188,1.490400499773179,-20.000000000000007
-0.13496593015556188,1.4904004997731792,-20.000000000000007
-0.13496593015556185,1.490400499773179,-20.000000000000007
-0.13161953035292592,1.512220914480239,-20.000000000000007
-0.1322518888393985,1.5058494988029958,-20.000000000000007
-0.13496593015556188,1.4904004997731792,-20.000000000000007
-0.13496593015556188,1.4904004997731792,-20.000000000000007
-0.1352364542451437,1.4956132648969092,-20.000000000000007
-0.1352364542451437,1.4956132648969092,-20.000000000000007
-0.13496593015556185,1.4904004997731792,-20.000000000000007
-0.13500799762049986,1.4901723146345816,-20.000000000000007
-0.1316233486773816,1.512553191202664,-20.000000000000007
-0.13634314369070832,1.4690918166037121,-20.000000000000007
-0.18885818653230285,1.5776548930151266,-20.000000000000007
-0.24203179188853127,1.8531439860179655,-20.000000000000007
-0.2841699512296369,1.5437566286692956,-20.000000000000007
-0.31222678833631506,1.5047764844745497,-20.000000000000007
-0.3209337952484821,1.4986256802450781,-20.000000000000007
-0.3356792990554277,1.499706485752043,-20.000000000000007
-0.3295699456754959,1.4959604512568525,-20.000000000000007
-0.3354323469978525,1.5008543098193103,-20.000000000000007
-0.3337170392346853,1.497617194555302,-20.000000000000007
-0.3152413555834331,1.4950806235942675,-20.000000000000007
-0.3190558723967544,1.4970029510571634,-20.000000000000007
-0.3114511031169387,1.5002011338632204,-20.000000000000007
-0.3072858724533979,1.5093669427810794,-20.000000000000007
-0.29683518183652174,1.5915273501847595,-20.000000000000007
-0.2844888393867846,1.544171474255504,-20.000000000000007
-0.2502845554208489,1.7235141714337492,-20.000000000000007
-0.21411960987166212,1.8728504890414883,-20.000000000000007
-0.18226034594502277,1.5752406240198031,-20.000000000000007
-0.14975414285615307,1.4356134548649337,-20.000000000000007
-0.13559501490126288,1.4971204706629226,-20.000000000000007
-0.13634314369070832,1.469091816603712,-20.000000000000007
-0.1377468926182409,1.4138227263361496,-20.000000000000007
-0.14969871320520375,1.437675006587023,-20.000000000000007
-0.16226514651890211,1.4799780943445655,-20.000000000000007
-0.1377468926182409,1.4138227263361496,-20.000000000000007
-0.17917386072802036,1.5901780441278879,-20.000000000000007
-0.1627002308005726,1.4821412217524914,-20.000000000000007
-0.18226034594502283,1.5752406240198031,-20.000000000000007
-0.1822603459450228,1.5752406240198031,-20.000000000000007
-0.1822603459450228,1.5752406240198031,-20.000000000000007
-0.1822603459450228,1.5752406240198031,-20.000000000000007
-0.16175363895024925,1.4767475548411564,-20.000000000000007
-0.18837473412143407,1.573377960684116,-20.000000000000007
-0.16491224342351887,1.4962079272044329,-20.000000000000007
-0.18888897604606414,1.5748627885679038,-20.000000000000007
-0.18888897604606414,1.574862788567904,-20.000000000000007
-0.18942453257317313,1.5791548760255543,-20.000000000000007
-0.18888897604606417,1.5748627885679038,-20.000000000000007
-0.18040437186688577,1.5611767535850447,-20.000000000000007
-0.18842511370101273,1.5738540301251946,-20.000000000000007
-0.17337853243457835,1.5519365666422187,-20.000000000000007
-0.19315943252724238,1.6118386740500743,-20.000000000000007
-0.1883243545418553,1.5729018912430373,-20.000000000000007
-0.18226034594502277,1.5752406240198031,-20.000000000000007
-0.21248743473298976,1.8569242044846714,-20.000000000000007
-0.22014714604852798,1.9414399986101936,-20.000000000000007
-0.24975166384454114,1.7402675372883702,-20.000000000000007
-0.27904186158521965,1.4658209857437952,-20.000000000000007
-0.2873997390940624,1.5520020262216159,-20.000000000000007
-0.3097487244478251,1.504721382825964,-20.000000000000007
-0.317547819357845,1.4977287325791424,-20.000000000000007
-0.3304943645967737,1.4966956237313258,-20.000000000000007
-0.32873245354460734,1.4968450380917997,-20.000000000000007
-0.31803007026471436,1.4992691901503274,-20.000000000000007
-0.32516654660136324,1.4995585592135512,-20.000000000000007
-0.31510534586521044,1.4941345640798815,-20.000000000000007
-0.31295695354635933,1.5036455782190041,-20.000000000000007
-0.3154345706252195,1.4954519758631892,-20.000000000000007
-0.2877228207730284,1.5684637336553244,-20.000000000000007
-0.2588665559224427,1.7777961759148364,-20.000000000000007
-0.23684107118879077,1.9143939150868263,-20.000000000000007
-0.18250173051842536,1.5731434678747531,-20.000000000000007
-0.18037490339096804,1.5624216849117096,-20.000000000000007
-0.1509864912825978,1.3992341320455806,-20.000000000000007
-0.17917386072802038,1.5901780441278877,-20.000000000000007
-0.17917386072802038,1.5901780441278879,-20.000000000000007
-0.18037490339096798,1.5624216849117096,-20.000000000000007
-0.1822603459450228,1.575240624019803,-20.000000000000007
-0.16015086704143033,1.4658572207674503,-20.000000000000007
-0.17917386072802038,1.5901780441278877,-20.000000000000007
-0.14975414285615307,1.435613454864934,-20.000000000000007
-0.179509115801908,1.5810607140359072,-20.000000000000007
-0.17716407672167847,1.5760687284044745,-20.000000000000007
-0.179509115801908,1.5810607140359074,-20.000000000000007
-0.18067000068203443,1.5594198148107745,-20.000000000000007
-0.17917386072802038,1.5901780441278879,-20.000000000000007
-0.1822603459450228,1.575240624019803,-20.000000000000007
-0.16015086704143033,1.4658572207674503,-20.000000000000007
-0.18885818653230285,1.5776548930151264,-20.000000000000007
-0.17917386072802038,1.5901780441278877,-20.000000000000007
-0.18888897604606414,1.574862788567904,-20.000000000000007
-0.18888897604606414,1.5748627885679038,-20.000000000000007
-0.18226034594502277,1.575240624019803,-20.000000000000007
-0.18837473412143407,1.5733779606841163,-20.000000000000007
-0.1622651465189021,1.4799780943445653,-20.000000000000007
-0.18888897604606414,1.5748627885679038,-20.000000000000007
-0.17716407672167844,1.5760687284044748,-20.000000000000007
-0.18226034594502277,1.5752406240198031,-20.000000000000007
-0.22725815115555775,1.9273187281239847,-20.000000000000007
-0.24235616464673962,1.8482118997688322,-20.000000000000007
-0.28049810695019767,1.5029866584530565,-20.000000000000007
-0.3073615608285978,1.5093105519917325,-20.000000000000007
-0.31499732855254997,1.4941785376478083,-20.000000000000007
-0.33031887800383164,1.4965167991758461,-20.000000000000007
-0.33012891531002925,1.4967166015016233,-20.000000000000007
-0.337191484057512,1.5001584517994055,-20.000000000000007
-0.3305781245336765,1.4958983365487497,-20.000000000000007
-0.31252770193953056,1.5046384589156026,-20.000000000000007
-0.31429542411190514,1.4999284144183682,-20.000000000000007
-0.3033267623683141,1.5204584913047288,-20.000000000000007
-0.30263263140688657,1.5322413444378429,-20.000000000000007
-0.30909204869145424,1.5064363838134327,-20.000000000000007
-0.28809185043310487,1.569365432859555,-20.000000000000007
-0.2708056701633154,1.7143228188951336,-20.000000000000007
-0.2502845554208488,1.7235141714337492,-20.000000000000007
-0.21896327629267132,1.929728595401465,-20.000000000000007
-0.19585537949812198,1.6384858842004735,-20.000000000000007
-0.17917386072802036,1.5901780441278879,-20.000000000000007
-0.1822603459450228,1.575240624019803,-20.000000000000007
-0.1791738607280204,1.5901780441278877,-20.000000000000007
-0.17825534106184446,1.5837285229747722,-20.000000000000007
-0.1822603459450228,1.575240624019803,-20.000000000000007
-0.14969871320520375,1.4376750065870232,-20.000000000000007
-0.16491224342351885,1.4962079272044329,-20.000000000000007
-0.14975414285615304,1.435613454864934,-20.000000000000007
-0.17917386072802036,1.5901780441278879,-20.000000000000007
-0.17917386072802038,1.5901780441278879,-20.000000000000007
-0.1811061921972143,1.5615965088310682,-20.000000000000007
-0.1822603459450228,1.575240624019803,-20.000000000000007
-0.17426758362483646,1.5596310191219989,-20.000000000000007
-0.18837473412143407,1.5733779606841163,-20.000000000000007
-0.17933485877093763,1.5832655028315092,-20.000000000000007
-0.1894245325731731,1.5791548760255545,-20.000000000000007
-0.1894245325731731,1.5791548760255547,-20.000000000000007
-0.19431926352746384,1.624540405447776,-20.000000000000007
-0.18942453257317313,1.5791548760255547,-20.000000000000007
-0.18226034594502277,1.5752406240198031,-20.000000000000007
-0.20139347992708181,1.7055505241438342,-20.000000000000007
-0.18110619219721427,1.5615965088310684,-20.000000000000007
-0.20438912631107453,1.746757119847901,-20.000000000000007
-0.1894245325731731,1.5791548760255547,-20.000000000000007
-0.18837473412143407,1.573377960684116,-20.000000000000007
-0.21931127683429325,1.934614313986411,-20.000000000000007
-0.23090645405062976,1.9115449702339888,-20.000000000000007
-0.27295372835359455,1.6343549669011321,-20.000000000000007
-0.29664804194091327,1.5886021923646305,-20.000000000000007
-0.3081905089560865,1.5093013509780793,-20.000000000000007
-0.3179667630369377,1.4970899085288836,-20.000000000000007
-0.3163939756994304,1.4967174416503983,-20.000000000000007
-0.3230729650800112,1.4997972001779958,-20.000000000000007
-0.32086601732090103,1.499258331669981,-20.000000000000007
-0.31355242332031125,1.505618583994675,-20.000000000000007
-0.3122907122255058,1.5046696157310329,-20.000000000000007
-0.3082644234864066,1.5092640463390952,-20.000000000000007
-0.3082644234864066,1.5092640463390952,-20.000000000000007
-0.3025071207080854,1.5335323154134946,-20.000000000000007
-0.3013906075869798,1.5420604226049905,-20.000000000000007
-0.2571089004497335,1.7713330893575048,-20.000000000000007
-0.23196222440184894,1.9093801704435067,-20.000000000000007
-0.21297145694215708,1.8551211557628873,-20.000000000000007
-0.17337853243457835,1.5519365666422187,-20.000000000000007
-0.1822603459450228,1.575240624019803,-20.000000000000007
-0.1771640767216785,1.5760687284044748,-20.000000000000007
-0.1754824483155792,1.566996165209496,-20.000000000000007
-0.17337853243457835,1.5519365666422185,-20.000000000000007
-0.1494730626812134,1.4401096667703466,-20.000000000000007
-0.1622651465189021,1.4799780943445653,-20.000000000000007
-0.13766089245675406,1.4109848407592602,-20.000000000000007
-0.17933485877093766,1.5832655028315095,-20.000000000000007
-0.17716407672167844,1.5760687284044748,-20.000000000000007
-0.18226034594502277,1.575240624019803,-20.000000000000007
-0.18226034594502277,1.575240624019803,-20.000000000000007
-0.1804043718668858,1.5611767535850447,-20.000000000000007
-0.18837473412143407,1.5733779606841163,-20.000000000000007
-0.17694296547815702,1.572743141012019,-20.000000000000007
-0.1894245325731731,1.5791548760255547,-20.000000000000007
-0.18226034594502277,1.575240624019803,-20.000000000000007
-0.20139347992708184,1.7055505241438345,-20.000000000000007
-0.20438912631107453,1.746757119847901,-20.000000000000007
-0.19315943252724238,1.6118386740500745,-20.000000000000007
-0.20437906386028284,1.746916092709036,-20.000000000000007
-0.1811061921972143,1.5615965088310682,-20.000000000000007
-0.21297145694215705,1.8551211557628873,-20.000000000000007
-0.18885818653230285,1.5776548930151266,-20.000000000000007
-0.2050687426388885,1.7578547762500234,-20.000000000000007
-0.2270457855490823,1.9295504101736776,-20.000000000000007
-0.23358586926747643,1.9295563077585556,-20.000000000000007
-0.26656370090013876,1.7637368857284208,-20.000000000000007
-0.28786986613355675,1.5726511445330338,-20.000000000000007
-0.31663279118468163,1.4976250251958267,-20.000000000000007
-0.32271721267924164,1.4980456201447103,-20.000000000000007
-0.3330516063253219,1.4973285163683074,-20.000000000000007
-0.3356792990554277,1.4997064857520428,-20.000000000000007
-0.33465622873270345,1.4988253142390513,-20.000000000000007
-0.3252406256481073,1.4996866582459423,-20.000000000000007
-0.3149765858360488,1.4942986540851613,-20.000000000000007
-0.3142571397489459,1.5002370044836038,-20.000000000000007
-0.3173494002113374,1.498907650512308,-20.000000000000007
-0.3148275555232304,1.4952831820771295,-20.000000000000007
-0.3034578901586278,1.5189692866436906,-20.000000000000007
-0.28322577179405317,1.5311954548617424,-20.000000000000007
-0.23566166415975381,1.9220073073453272,-20.000000000000007
-0.18885818653230285,1.5776548930151268,-20.000000000000007
-0.17950911580190798,1.5810607140359072,-20.000000000000007
-0.13766089245675406,1.4109848407592602,-20.000000000000007
-0.1489623238983579,1.441250436214657,-20.000000000000007
-0.16226514651890206,1.479978094344565,-20.000000000000007
-0.14969871320520375,1.4376750065870232,-20.000000000000007
-0.16175363895024922,1.4767475548411566,-20.000000000000007
-0.17259283802865877,1.5472393109831908,-20.000000000000007
-0.18110619219721427,1.5615965088310682,-20.000000000000007
-0.18226034594502277,1.575240624019803,-20.000000000000007
-0.18110619219721427,1.5615965088310682,-20.000000000000007
-0.18226034594502277,1.575240624019803,-20.000000000000007
-0.18226034594502277,1.5752406240198031,-20.000000000000007
-0.18942453257317313,1.5791548760255547,-20.000000000000007
-0.20438912631107453,1.746757119847901,-20.000000000000007
-0.2046411089508683,1.7505247520690403,-20.000000000000007
-0.20620692767240612,1.769504898465426,-20.000000000000007
-0.20620692767240614,1.769504898465426,-20.000000000000007
-0.2290706721347102,1.9266742771147654,-20.000000000000007
-0.23090645405062976,1.911544970233989,-20.000000000000007
-0.24840918824982355,1.7831732603585104,-20.000000000000007
-0.24228189902890723,1.8430362281878436,-20.000000000000007
-0.23123143754839212,1.9063679033844283,-20.000000000000007
-0.2474652164448926,1.7875600392629154,-20.000000000000007
-0.2330849122603611,1.9179285591278705,-20.000000000000007
-0.2549770272150589,1.7602725404733848,-20.000000000000007
-0.24871728263488016,1.7574774701356635,-20.000000000000007
-0.24336144292740672,1.8369659497280224,-20.000000000000007
-0.2502845554208488,1.7235141714337494,-20.000000000000007
-0.24753611064781528,1.7981305890838024,-20.000000000000007
-0.2790858188465218,1.4629854224262329,-20.000000000000007
-0.2963502258905384,1.5898740274257865,-20.000000000000007
-0.3019994195551816,1.5361668358469758,-20.000000000000007
-0.30826563466521456,1.5088173862214969,-20.000000000000007
-0.31188066486963745,1.5033553137219111,-20.000000000000007
-0.31350320218330424,1.5053338314843228,-20.000000000000007
-0.31030600464879055,1.5018041049957915,-20.000000000000007
-0.31286943398502143,1.5045796759697254,-20.000000000000007
-0.3100341374098379,1.5043318802934418,-20.000000000000007
-0.3129569535463593,1.503645578219004,-20.000000000000007
-0.30903363523530675,1.5068264433831875,-20.000000000000007
-0.30263291006736837,1.5319900558991009,-20.000000000000007
-0.2904363118517153,1.582700590103038,-20.000000000000007
-0.2503836637376046,1.7099445186385254,-20.000000000000007
-0.22899518854702025,1.9205561705070902,-20.000000000000007
-0.22133860273891437,1.9286833817881737,-20.000000000000007
-0.17510106245462623,1.5664045252620538,-20.000000000000007
-0.20279075708190072,1.7643712819915207,-20.000000000000007
-0.182064982787046,1.5720811476233032,-20.000000000000007
-0.17950911580190798,1.5810607140359072,-20.000000000000007
-0.17950911580190798,1.5810607140359072,-20.000000000000007
-0.1617536389502492,1.4767475548411566,-20.000000000000007
-0.1617536389502492,1.4767475548411568,-20.000000000000007
-0.1601508670414304,1.4658572207674505,-20.000000000000007
-0.17548244831557921,1.566996165209496,-20.000000000000007
-0.14896232389835787,1.441250436214657,-20.000000000000007
-0.18226034594502277,1.5752406240198034,-20.000000000000007
-0.17917386072802038,1.5901780441278877,-20.000000000000007
-0.18226034594502277,1.5752406240198031,-20.000000000000007
-0.1891192387649498,1.5756732257028956,-20.000000000000007
-0.17259283802865877,1.5472393109831906,-20.000000000000007
-0.18226034594502277,1.575240624019803,-20.000000000000007
-0.17716407672167844,1.5760687284044748,-20.000000000000007
-0.17950911580190798,1.5810607140359074,-20.000000000000007
-0.18220996636544406,1.5747645545787243,-20.000000000000007
-0.17950911580190798,1.5810607140359072,-20.000000000000007
-0.18228861399733542,1.5713954407096153,-20.000000000000007
-0.18160449471629359,1.5653668616837884,-20.000000000000007
-0.20027514795820842,1.73999562205153,-20.000000000000007
-0.22135171570315623,1.92749326438333,-20.000000000000007
-0.18206498278704603,1.5720811476233032,-20.000000000000007
-0.20506874263888847,1.7578547762500232,-20.000000000000007
-0.2368081958155418,1.9141570200209546,-20.000000000000007
-0.2571198158433478,1.7702188819205942,-20.000000000000007
-0.307158243402049,1.50958646789031,-20.000000000000007
-0.33075910248293583,1.496282256688348,-20.000000000000007
-0.33565255779838654,1.499445244261812,-20.000000000000007
-0.33372597844101237,1.4973962650808297,-20.000000000000007
-0.3326226879954857,1.4967633000249945,-20.000000000000007
-0.3233703781572958,1.4993874478237308,-20.000000000000007
-0.3153374821014372,1.495284778007529,-20.000000000000007
-0.31756181987001814,1.4998334669940097,-20.000000000000007
-0.3106076214448757,1.5015724692764127,-20.000000000000007
-0.31469359519915896,1.4961619353338629,-20.000000000000007
-0.3135073236192693,1.505434398911365,-20.000000000000007
-0.3053489341100472,1.5072197649116064,-20.000000000000007
-0.2807089796305428,1.5099700128400682,-20.000000000000007
-0.25350357333059614,1.7576000202498232,-20.000000000000007
-0.2269401645833434,1.9239439328329508,-20.000000000000007
-0.1811118557375559,1.5670720079682579,-20.000000000000007
-0.1861563967243771,1.6073672656103335,-20.000000000000007
-0.17510106245462623,1.5664045252620538,-20.000000000000007
-0.17510106245462623,1.5664045252620538,-20.000000000000007
-0.18226034594502277,1.5752406240198031,-20.000000000000007
-0.1617536389502492,1.4767475548411566,-20.000000000000007
-0.17259283802865877,1.547239310983191,-20.000000000000007
-0.14975414285615307,1.4356134548649337,-20.000000000000007
-0.14975414285615304,1.4356134548649337,-20.000000000000007
-0.16226514651890211,1.4799780943445655,-20.000000000000007
-0.16015086704143036,1.4658572207674503,-20.000000000000007
-0.17716407672167844,1.5760687284044748,-20.000000000000007
-0.176942965478157,1.572743141012019,-20.000000000000007
-0.18037490339096798,1.5624216849117094,-20.000000000000007
-0.18837473412143407,1.5733779606841163,-20.000000000000007
-0.18837473412143407,1.573377960684116,-20.000000000000007
-0.19316194813994034,1.6117989308347904,-20.000000000000007
-0.18250173051842533,1.573143467874753,-20.000000000000007
-0.20464110895086832,1.7505247520690403,-20.000000000000007
-0.20139347992708184,1.7055505241438342,-20.000000000000007
-0.20437906386028287,1.7469160927090357,-20.000000000000007
-0.22741751115833908,1.9218725433303434,-20.000000000000007
-0.18199425774299322,1.5743722480814368,-20.000000000000007
-0.229598499407687,1.919191087025267,-20.000000000000007
-0.22086668412957597,1.9276258294791235,-20.000000000000007
-0.20027514795820842,1.7399956220515302,-20.000000000000007
-0.22733561155602622,1.9262788439550507,-20.000000000000007
-0.22701847162298078,1.93090184684529,-20.000000000000007
-0.25359754377973354,1.767748266302428,-20.000000000000007
-0.2794991150368445,1.467959382785481,-20.000000000000007
-0.29358124324537654,1.5962943958935378,-20.000000000000007
-0.3016919677366312,1.5371383086466872,-20.000000000000007
-0.30090946037999944,1.546021876493033,-20.000000000000007
-0.3072577223671392,1.5117033113100309,-20.000000000000007
-0.30898870852731575,1.5065947889353712,-20.000000000000007
-0.3076137290525032,1.5100234210589014,-20.000000000000007
-0.3207509129672527,1.4988126114523814,-20.000000000000007
-0.3207509129672527,1.4988126114523814,-20.000000000000007
-0.320645461907724,1.4992325953191135,-20.000000000000007
-0.32373333318633923,1.5001387203540502,-20.000000000000007
-0.2973263507804896,1.5856948860895281,-20.000000000000007
-0.2814753245492605,1.5231366813703557,-20.000000000000007
-0.24804452104298402,1.7775142084150675,-20.000000000000007
-0.22994567150625356,1.9195387691581567,-20.000000000000007
-0.20024469689215907,1.741221186301274,-20.000000000000007
-0.19605052332794443,1.6994507469824103,-20.000000000000007
-0.18180598184127092,1.568893039467904,-20.000000000000007
-0.1751010624546262,1.566404525262054,-20.000000000000007
-0.1894245325731731,1.5791548760255547,-20.000000000000007
-0.16015086704143033,1.4658572207674505,-20.000000000000007
-0.17716407672167844,1.5760687284044745,-20.000000000000007
-0.14975415741304388,1.4356391577721637,-20.000000000000007
-0.1622651465189021,1.479978094344565,-20.000000000000007
-0.17917386072802038,1.5901780441278879,-20.000000000000007
-0.17950911580190798,1.5810607140359072,-20.000000000000007
-0.1806700006820344,1.5594198148107747,-20.000000000000007
-0.17917386072802038,1.5901780441278877,-20.000000000000007
-0.1811061921972143,1.5615965088310682,-20.000000000000007
-0.18226034594502277,1.575240624019803,-20.000000000000007
-0.18888897604606417,1.5748627885679038,-20.000000000000007
-0.20138593308898803,1.705669753789686,-20.000000000000007
-0.20437906386028282,1.746916092709036,-20.000000000000007
-0.2129563632659695,1.8553596150545901,-20.000000000000007
-0.2129563632659695,1.8553596150545901,-20.000000000000007
-0.22722856245531833,1.9229710473070885,-20.000000000000007
-0.2260933637289644,1.9250955161437946,-20.000000000000007
-0.24365140066121554,1.8265166791797771,-20.000000000000007
-0.23466077764106358,1.923000311493541,-20.000000000000007
-0.24551266636413052,1.8100655499018428,-20.000000000000007
-0.2299456715062536,1.919538769158157,-20.000000000000007
-0.22774109030605227,1.9236513853463695,-20.000000000000007
-0.2571621748360193,1.7710520845286721,-20.000000000000007
-0.2767314634536352,1.606257847737134,-20.000000000000007
-0.3085644277169147,1.5082246721187524,-20.000000000000007
-0.32373333318633934,1.50013872035405,-20.000000000000007
-0.3270099659356648,1.4989680088064143,-20.000000000000007
-0.3239382505772503,1.5003058922574475,-20.000000000000007
-0.3328714511327938,1.4971268443291337,-20.000000000000007
-0.3227917098466806,1.4983910859677179,-20.000000000000007
-0.3179522567621639,1.4998066853287964,-20.000000000000007
-0.3289269268795685,1.4964945907006966,-20.000000000000007
-0.32524209967140016,1.4995946240299918,-20.000000000000007
-0.32780678772438865,1.499083392414799,-20.000000000000007
-0.3186693458331634,1.498692546384456,-20.000000000000007
-0.3021628869081865,1.5374036654523642,-20.000000000000007
-0.27657657423595244,1.610029323142281,-20.000000000000007
-0.24329569218090885,1.8364921595962784,-20.000000000000007
-0.2200943814133661,1.9320609053442979,-20.000000000000007
-0.18226034594502277,1.5752406240198031,-20.000000000000007
-0.15098649128259778,1.3992341320455806,-20.000000000000007
-0.15098649128259778,1.3992341320455803,-20.000000000000007
-0.13559501490126286,1.4971204706629226,-20.000000000000007
-0.1489623238983579,1.441250436214657,-20.000000000000007
-0.14975414285615307,1.435613454864934,-20.000000000000007
-0.14947306268121344,1.4401096667703466,-20.000000000000007
-0.17359964367809982,1.5552621540346743,-20.000000000000007
-0.14975415741304388,1.4356391577721637,-20.000000000000007
-0.1822603459450228,1.5752406240198031,-20.000000000000007
-0.179509115801908,1.5810607140359074,-20.000000000000007
-0.17950911580190798,1.5810607140359072,-20.000000000000007
-0.1822603459450228,1.575240624019803,-20.000000000000007
-0.14975414285615307,1.435613454864934,-20.000000000000007
-0.18250173051842533,1.5731434678747527,-20.000000000000007
-0.17825534106184446,1.5837285229747724,-20.000000000000007
-0.18837473412143405,1.573377960684116,-20.000000000000007
-0.18888897604606417,1.5748627885679038,-20.000000000000007
-0.17426758362483646,1.5596310191219986,-20.000000000000007
-0.1894245325731731,1.5791548760255545,-20.000000000000007
-0.17950911580190798,1.5810607140359072,-20.000000000000007
-0.19316194813994034,1.6117989308347904,-20.000000000000007
-0.19431423230206796,1.6246198918783434,-20.000000000000007
-0.18832435454185534,1.5729018912430373,-20.000000000000007
-0.20438912631107453,1.746757119847901,-20.000000000000007
-0.18067000068203443,1.5594198148107747,-20.000000000000007
-0.1894245325731731,1.5791548760255545,-20.000000000000007
-0.22028223899943516,1.939623188500295,-20.000000000000007
-0.2378795448343607,1.902127751689123,-20.000000000000007
-0.26743120158830314,1.758811084065582,-20.000000000000007
-0.2810374503159873,1.4949013024867635,-20.000000000000007
-0.29116412091119015,1.5850207240199663,-20.000000000000007
-0.29675456765965874,1.5879403257816478,-20.000000000000007
-0.310056339007866,1.5040994852697085,-20.000000000000007
-0.3081547562898898,1.5093923634240056,-20.000000000000007
-0.31201784842440583,1.5042001719344675,-20.000000000000007
-0.32241075408905057,1.4968599521082047,-20.000000000000007
-0.32179956045997793,1.4963024366049247,-20.000000000000007
-0.33278858025402674,1.4971513679468045,-20.000000000000007
-0.32590666828850545,1.5008285816295341,-20.000000000000007
-0.30892496702167027,1.506919794208274,-20.000000000000007
-0.28098083697535864,1.5094561396387922,-20.000000000000007
-0.2551316173666182,1.7647378378700487,-20.000000000000007
-0.22094130554641436,1.9269729367606057,-20.000000000000007
-0.18104114719997755,1.5693569919863473,-20.000000000000007
-0.18104114719997755,1.5693569919863475,-20.000000000000007
-0.14972524014939437,1.4368650979952844,-20.000000000000007
-0.1750691443919082,1.5677190487190196,-20.000000000000007
-0.1822603459450228,1.575240624019803,-20.000000000000007
-0.17548244831557921,1.5669961652094957,-20.000000000000007
-0.1822603459450228,1.5752406240198031,-20.000000000000007
-0.1622651465189021,1.4799780943445653,-20.000000000000007
-0.17825534106184446,1.5837285229747722,-20.000000000000007
-0.17933485877093766,1.5832655028315092,-20.000000000000007
-0.17337853243457835,1.5519365666422187,-20.000000000000007
-0.17825534106184443,1.5837285229747722,-20.000000000000007
-0.16270023080057264,1.4821412217524916,-20.000000000000007
-0.17917386072802036,1.5901780441278879,-20.000000000000007
-0.1771640767216785,1.5760687284044745,-20.000000000000007
-0.17716407672167847,1.5760687284044745,-20.000000000000007
-0.179509115801908,1.5810607140359072,-20.000000000000007
-0.17694296547815705,1.5727431410120192,-20.000000000000007
-0.17950911580190804,1.5810607140359074,-20.000000000000007
-0.17950911580190798,1.5810607140359072,-20.000000000000007
-0.17716407672167847,1.5760687284044745,-20.000000000000007
-0.18220996636544406,1.5747645545787246,-20.000000000000007
-0.18229113545878414,1.5724485195725806,-20.000000000000007
-0.18208914079221106,1.5677928991274008,-20.000000000000007
-0.18153578359209377,1.567581598343823,-20.000000000000007
-0.1750691443919082,1.5677190487190198,-20.000000000000007
-0.19316194813994036,1.6117989308347909,-20.000000000000007
-0.2259544067033732,1.9324083385227475,-20.000000000000007
-0.2647628839536577,1.7629912925632425,-20.000000000000007
-0.30088861967255287,1.5479376734836476,-20.000000000000007
-0.32268309051072946,1.4980489530038867,-20.000000000000007
-0.33864764359613403,1.5001833259064012,-20.000000000000007
-0.33855587493359873,1.500233636107284,-20.000000000000007
-0.3480910839909704,1.500162208635364,-20.000000000000007
-0.33543234699785257,1.5008543098193103,-20.000000000000007
-0.3271183901298269,1.499256027447923,-20.000000000000007
-0.32769216113537786,1.4997240534571992,-20.000000000000007
-0.3135073236192693,1.5054343989113654,-20.000000000000007
-0.30538908022785993,1.507160554689812,-20.000000000000007
-0.28356426561368697,1.5407763980067006,-20.000000000000007
-0.26193679051536656,1.7682399917095264,-20.000000000000007
-0.2326177466058536,1.9118225707554939,-20.000000000000007
-0.2200375961519575,1.9303306458977088,-20.000000000000007
-0.19950907942545817,1.6804387449858469,-20.000000000000007
-0.17282343672578382,1.5938334632912752,-20.000000000000007
-0.17049609076653438,1.588732300770214,-20.000000000000007
-0.16815127601839044,1.5686209129801447,-20.000000000000007
-0.14924095240694152,1.4433556308139812,-20.000000000000007
-0.16491224342351885,1.4962079272044329,-20.000000000000007
-0.1742675836248365,1.5596310191219989,-20.000000000000007
-0.16015086704143033,1.4658572207674503,-20.000000000000007
-0.16015086704143033,1.4658572207674503,-20.000000000000007
-0.1742675836248365,1.5596310191219989,-20.000000000000007
-0.17337853243457832,1.5519365666422185,-20.000000000000007
-0.17933485877093766,1.5832655028315092,-20.000000000000007
-0.18226034594502283,1.5752406240198031,-20.000000000000007
-0.17917386072802038,1.5901780441278879,-20.000000000000007
-0.18250173051842533,1.573143467874753,-20.000000000000007
-0.17950911580190798,1.581060714035907,-20.000000000000007
-0.18837473412143402,1.573377960684116,-20.000000000000007
-0.18842511370101273,1.5738540301251949,-20.000000000000007
-0.18250173051842533,1.573143467874753,-20.000000000000007
-0.20438912631107456,1.7467571198479008,-20.000000000000007
-0.18250173051842533,1.5731434678747531,-20.000000000000007
-0.21898048682672566,1.9298461703898884,-20.000000000000007
-0.22095926985447234,1.9282129138136426,-20.000000000000007
-0.22187224334523903,1.9254177131544248,-20.000000000000007
-0.23577615157173537,1.9139808551233313,-20.000000000000007
-0.19301630833170438,1.6718828761553,-20.000000000000007
-0.21981635526112697,1.925414507381072,-20.000000000000007
-0.21411960987166212,1.8728504890414883,-20.000000000000007
-0.23461413157905422,1.9310863878357942,-20.000000000000007
-0.2643004652752579,1.7598375359401592,-20.000000000000007
-0.2789095434766423,1.4725813775507004,-20.000000000000007
-0.29373953234188943,1.5964598558839993,-20.000000000000007
-0.30837473412674216,1.5088529389489542,-20.000000000000007
-0.3196801352170433,1.4969371610002777,-20.000000000000007
-0.32352881742454664,1.5002634546889215,-20.000000000000007
-0.3188380693041551,1.4972865327726406,-20.000000000000007
-0.3221222819216942,1.4965405747306844,-20.000000000000007
-0.32766813986748206,1.499886529606289,-20.000000000000007
-0.325411889512832,1.499609069808712,-20.000000000000007
-0.32541188951283206,1.4996090698087117,-20.000000000000007
-0.31295695354635933,1.5036455782190041,-20.000000000000007
-0.2835864493405321,1.5434221632614333,-20.000000000000007
-0.2537028219436905,1.7646791922144858,-20.000000000000007
-0.2444291432355427,1.8230806536043342,-20.000000000000007
-0.21200742002287287,1.8485351362746145,-20.000000000000007
-0.1815357990587903,1.5675736459818341,-20.000000000000007
-0.18160449471629359,1.5653668616837884,-20.000000000000007
-0.17512808134374375,1.5652291860656904,-20.000000000000007
-0.17487637944398765,1.570743585880956,-20.000000000000007
-0.1822603459450228,1.5752406240198027,-20.000000000000007
-0.1811061921972143,1.5615965088310684,-20.000000000000007
-0.17548244831557921,1.566996165209496,-20.000000000000007
-0.16226514651890211,1.479978094344565,-20.000000000000007
-0.1727105924878417,1.547567701554894,-20.000000000000007
-0.17259283802865877,1.5472393109831908,-20.000000000000007
-0.17917386072802038,1.5901780441278879,-20.000000000000007
-0.179509115801908,1.5810607140359072,-20.000000000000007
-0.17716407672167844,1.5760687284044745,-20.000000000000007
-0.1804043718668858,1.561176753585045,-20.000000000000007
-0.18067000068203443,1.5594198148107747,-20.000000000000007
-0.18226034594502277,1.5752406240198034,-20.000000000000007
-0.18911923876494985,1.5756732257028956,-20.000000000000007
-0.18885818653230285,1.5776548930151268,-20.000000000000007
-0.20438912631107456,1.746757119847901,-20.000000000000007
-0.20437906386028287,1.7469160927090357,-20.000000000000007
-0.21295636326596953,1.8553596150545901,-20.000000000000007
-0.23130874399674273,1.9068819647396102,-20.000000000000007
-0.229598499407687,1.919191087025267,-20.000000000000007
-0.23124047926219993,1.9064546555122126,-20.000000000000007
-0.23113561161556187,1.9065146548031988,-20.000000000000007
-0.2108830769678891,1.8406422820217245,-20.000000000000007
-0.22704578554908228,1.9295504101736776,-20.000000000000007
-0.2553086674360319,1.7679087453312385,-20.000000000000007
-0.2805540718593229,1.5028052171526856,-20.000000000000007
-0.3094661644252115,1.5055564388929945,-20.000000000000007
-0.32914000067822374,1.4960435569579107,-20.000000000000007
-0.33241806538511176,1.4969763310359874,-20.000000000000007
-0.34391447989910984,1.4984390315696277,-20.000000000000007
-0.34135488898604865,1.4984637278436261,-20.000000000000007
-0.3328682652613794,1.4972091675828405,-20.000000000000007
-0.33121994511700803,1.4980072128977244,-20.000000000000007
-0.32989701066920396,1.4964420253284243,-20.000000000000007
-0.33630135412609646,1.5009109637509448,-20.000000000000007
-0.33546532537328905,1.5007129522127525,-20.000000000000007
-0.32779544108622705,1.4992430344162408,-20.000000000000007
-0.31342804099175475,1.504299353145016,-20.000000000000007
-0.2804152139050713,1.5047738534858537,-20.000000000000007
-0.2503836637376046,1.7099445186385251,-20.000000000000007
-0.22776047917484274,1.9188603295135365,-20.000000000000007
-0.17238574936009812,1.5900410614745084,-20.000000000000007
-0.19301499821152895,1.6718570533860722,-20.000000000000007
-0.17510106557395994,1.566410033027889,-20.000000000000007
-0.15051643991943994,1.4438247003093507,-20.000000000000007
-0.1735996436780998,1.5552621540346743,-20.000000000000007
-0.1352364542451437,1.4956132648969092,-20.000000000000007
-0.13774689261824094,1.4138227263361496,-20.000000000000007
-0.16270023080057264,1.4821412217524919,-20.000000000000007
-0.179509115801908,1.5810607140359076,-20.000000000000007
-0.17716407672167844,1.5760687284044748,-20.000000000000007
-0.17917386072802038,1.5901780441278877,-20.000000000000007
-0.1811061921972143,1.5615965088310684,-20.000000000000007
-0.18067000068203443,1.5594198148107745,-20.000000000000007
-0.18885818653230282,1.5776548930151266,-20.000000000000007
-0.18888897604606417,1.5748627885679038,-20.000000000000007
-0.18888897604606414,1.5748627885679038,-20.000000000000007
-0.21067656375141944,1.8287123508592724,-20.000000000000007
-0.18942453257317313,1.5791548760255547,-20.000000000000007
-0.20508132070237814,1.7576560601736042,-20.000000000000007
-0.20438912631107453,1.7467571198479006,-20.000000000000007
-0.21066147007523184,1.8289508101509746,-20.000000000000007
-0.22036702541516223,1.9358645650587782,-20.000000000000007
-0.2130706782047891,1.853923206526925,-20.000000000000007
-0.22174008971653097,1.925033029181248,-20.000000000000007
-0.18168952957395673,1.5704402694092028,-20.000000000000007
-0.18110984285748086,1.567150207688302,-20.000000000000007
-0.19927599968825094,1.68201699226254,-20.000000000000007
-0.22117610000737897,1.937196569906587,-20.000000000000007
-0.2502845554208488,1.7235141714337494,-20.000000000000007
-0.2786779729120955,1.4793883314631033,-20.000000000000007
-0.2850734543906426,1.5353425795332636,-20.000000000000007
-0.2935812432453765,1.5962943958935376,-20.000000000000007
-0.30891123140916804,1.5077660068053518,-20.000000000000007
-0.3069251081423257,1.510843469494096,-20.000000000000007
-0.3100341374098379,1.5043318802934418,-20.000000000000007
-0.3201358212846909,1.4996194121937394,-20.000000000000007
-0.3196831008789291,1.4998612185247207,-20.000000000000007
-0.32630419521323784,1.4989977193056463,-20.000000000000007
-0.32809576997054835,1.4992963643100745,-20.000000000000007
-0.3183535607551136,1.4998889863759275,-20.000000000000007
-0.3019369754486786,1.5359654169895183,-20.000000000000007
-0.2809832119256003,1.5101517329934913,-20.000000000000007
-0.2563699118280674,1.7681337873071539,-20.000000000000007
-0.21173042344573004,1.8478756848573856,-20.000000000000007
-0.1816044947162936,1.5653668616837884,-20.000000000000007
-0.18160651071570239,1.5652941697295795,-20.000000000000007
-0.17510106245462623,1.5664045252620538,-20.000000000000007
-0.18160650863614658,1.5652904978856894,-20.000000000000007
-0.18837473412143407,1.573377960684116,-20.000000000000007
-0.179509115801908,1.5810607140359072,-20.000000000000007
-0.179509115801908,1.5810607140359072,-20.000000000000007
-0.16491224342351887,1.4962079272044326,-20.000000000000007
-0.16491224342351887,1.4962079272044329,-20.000000000000007
-0.17933485877093763,1.5832655028315092,-20.000000000000007
-0.16226514651890211,1.4799780943445653,-20.000000000000007
-0.18067000068203443,1.5594198148107747,-20.000000000000007
-0.179509115801908,1.5810607140359072,-20.000000000000007
-0.18226034594502277,1.575240624019803,-20.000000000000007
-0.18837473412143405,1.573377960684116,-20.000000000000007
-0.1822603459450228,1.5752406240198031,-20.000000000000007
-0.18837473412143405,1.573377960684116,-20.000000000000007
-0.17337853243457832,1.5519365666422185,-20.000000000000007
-0.17716407672167844,1.5760687284044745,-20.000000000000007
-0.1742675836248365,1.5596310191219986,-20.000000000000007
-0.1754824483155792,1.5669961652094957,-20.000000000000007
-0.20468482335904073,1.7442442470352892,-20.000000000000007
-0.22048217698528838,1.923800913523506,-20.000000000000007
-0.23195297720193025,1.9083333632408708,-20.000000000000007
-0.22752901486260174,1.9173926186772394,-20.000000000000007
-0.21173096932913646,1.8478864443445637,-20.000000000000007
-0.22610668672834547,1.9302216087355992,-20.000000000000007
-0.2412992099234868,1.8633257096035758,-20.000000000000007
-0.2804145465951,1.5063937599972879,-20.000000000000007
-0.3045834539941188,1.5045726073313417,-20.000000000000007
-0.3217993977428571,1.4962868534749683,-20.000000000000007
-0.332960908623887,1.4972409970434708,-20.000000000000007
-0.3440725538265801,1.4983148138720739,-20.000000000000007
-0.3313598388756891,1.4988021916209764,-20.000000000000007
-0.3271591454025858,1.4994893214366423,-20.000000000000007
-0.3314040917395574,1.4993399518737192,-20.000000000000007
-0.3175618198700181,1.4998334669940094,-20.000000000000007
-0.3128694339850215,1.5045796759697252,-20.000000000000007
-0.30377792871631487,1.5145630957810026,-20.000000000000007
-0.28149323751828387,1.5240357387947425,-20.000000000000007
-0.2548334488315295,1.7710535281901882,-20.000000000000007
-0.24141253206935404,1.8597069770198424,-20.000000000000007
-0.21994125292961356,1.932113424163026,-20.000000000000007
-0.18220996636544406,1.5747645545787246,-20.000000000000007
-0.17282343672578387,1.5938334632912747,-20.000000000000007
-0.1750993187470594,1.5663756026689182,-20.000000000000007
-0.1669603097132642,1.5639589047489202,-20.000000000000007
-0.15838888589762812,1.5108196719733373,-20.000000000000007
-0.16226514651890211,1.479978094344565,-20.000000000000007
-0.14896232389835787,1.4412504362146568,-20.000000000000007
-0.14969871320520375,1.4376750065870232,-20.000000000000007
-0.16491224342351885,1.4962079272044329,-20.000000000000007
-0.16226514651890211,1.479978094344565,-20.000000000000007
-0.14975414285615304,1.4356134548649337,-20.000000000000007
-0.16491224342351887,1.4962079272044329,-20.000000000000007
-0.1649122434235189,1.4962079272044326,-20.000000000000007
-0.17950911580190798,1.5810607140359074,-20.000000000000007
-0.18226034594502277,1.575240624019803,-20.000000000000007
-0.18226034594502277,1.5752406240198031,-20.000000000000007
-0.18942453257317313,1.5791548760255545,-20.000000000000007
-0.18888897604606417,1.574862788567904,-20.000000000000007
-0.19944106105329562,1.6817218920230792,-20.000000000000007
-0.1894245325731731,1.5791548760255545,-20.000000000000007
-0.18837473412143407,1.573377960684116,-20.000000000000007
-0.20437906386028282,1.746916092709036,-20.000000000000007
-0.20543402987829712,1.7547684971494617,-20.000000000000007
-0.22210370765748003,1.9268854239907218,-20.000000000000007
-0.22959849940768703,1.919191087025267,-20.000000000000007
-0.2002751479582084,1.73999562205153,-20.000000000000007
-0.21173042344573,1.8478756848573856,-20.000000000000007
-0.2120497385941779,1.849753153164824,-20.000000000000007
-0.22725815115555775,1.9273187281239843,-20.000000000000007
-0.2502845554208488,1.7235141714337492,-20.000000000000007
-0.26483581410672785,1.7601820209114332,-20.000000000000007
-0.27947937043403426,1.4686975767129973,-20.000000000000007
-0.2831728282521034,1.518576488307543,-20.000000000000007
-0.30699681937511636,1.5106891308509744,-20.000000000000007
-0.31285841285860344,1.502158320697525,-20.000000000000007
-0.335970588834178,1.5002054021821616,-20.000000000000007
-0.3507979091453404,1.4993365639641283,-20.000000000000007
-0.3429343935272438,1.4993336978443619,-20.000000000000007
-0.3328714511327938,1.4971268443291335,-20.000000000000007
-0.31060762144487564,1.5015724692764125,-20.000000000000007
-0.28448834770180204,1.5579081829715888,-20.000000000000007
-0.26377012238958314,1.7618815459474437,-20.000000000000007
-0.24975874980107318,1.729589273402575,-20.000000000000007
-0.22054821640013045,1.9291438642950816,-20.000000000000007
-0.21075752261466182,1.82785505999026,-20.000000000000007
-0.18832435454185534,1.5729018912430375,-20.000000000000007
-0.18220996636544406,1.5747645545787243,-20.000000000000007
-0.17917386072802036,1.5901780441278874,-20.000000000000007
-0.16175363895024922,1.4767475548411566,-20.000000000000007
-0.17359964367809982,1.5552621540346743,-20.000000000000007
-0.1617536389502492,1.4767475548411566,-20.000000000000007
-0.17716407672167847,1.5760687284044743,-20.000000000000007
-0.1771640767216785,1.5760687284044748,-20.000000000000007
-0.17950911580190798,1.5810607140359072,-20.000000000000007
-0.1822603459450228,1.5752406240198031,-20.000000000000007
-0.1822603459450228,1.5752406240198031,-20.000000000000007
-0.18837473412143407,1.573377960684116,-20.000000000000007
-0.18837473412143407,1.573377960684116,-20.000000000000007
-0.18885818653230282,1.5776548930151266,-20.000000000000007
-0.18888897604606414,1.5748627885679043,-20.000000000000007
-0.19079502140962748,1.5908223011180223,-20.000000000000007
-0.19267268447527958,1.6078003855443996,-20.000000000000007
-0.20422406494602988,1.747052220087362,-20.000000000000007
-0.20139347992708181,1.7055505241438342,-20.000000000000007
-0.2106765637514194,1.8287123508592724,-20.000000000000007
-0.20138593308898806,1.7056697537896859,-20.000000000000007
-0.20620692767240612,1.769504898465426,-20.000000000000007
-0.20138593308898803,1.7056697537896859,-20.000000000000007
-0.20630298021183613,1.7684091483047115,-20.000000000000007
-0.20275435731641597,1.764586173417836,-20.000000000000007
-0.200229111530989,1.7430845352064548,-20.000000000000007
-0.23282344288181106,1.9224278734657951,-20.000000000000007
-0.2643256530504775,1.7617280925824994,-20.000000000000007
-0.3134190165480083,1.5042701351776706,-20.000000000000007
-0.35191443739196543,1.4994519078605817,-20.000000000000007
-0.37470925054084914,1.4899490363465342,-20.000000000000007
-0.37383874492699776,1.4915171592976193,-20.000000000000007
-0.371707591348614,1.4969336114263279,-20.000000000000007
-0.3573547123626676,1.5003539792256149,-20.000000000000007
-0.3588850892628664,1.4982671965529137,-20.000000000000007
-0.355681699507649,1.500376549400397,-20.000000000000007
-0.34130862699200737,1.4982530305170498,-20.000000000000007
-0.3340107762909207,1.4977705142242874,-20.000000000000007
-0.3146935951991589,1.4961619353338627,-20.000000000000007
-0.3008345553149947,1.5489744544843096,-20.000000000000007
-0.28730523098226285,1.570188072106489,-20.000000000000007
-0.26623348689704424,1.7637881934694122,-20.000000000000007
-0.2503836637376046,1.7099445186385251,-20.000000000000007
-0.23104894066734633,1.9062717349328504,-20.000000000000007
-0.20116272890249193,1.7536811524033373,-20.000000000000007
-0.22132548951472808,1.9286160178736895,-20.000000000000007
-0.18373128649130177,1.5862205019874915,-20.000000000000007
-0.18215363028809564,1.5702186650839227,-20.000000000000007
-0.1891192387649498,1.5756732257028956,-20.000000000000007
-0.1804043718668858,1.5611767535850447,-20.000000000000007
-0.17933485877093766,1.5832655028315092,-20.000000000000007
-0.18885818653230285,1.5776548930151266,-20.000000000000007
-0.18226034594502277,1.5752406240198031,-20.000000000000007
-0.18842511370101273,1.5738540301251949,-20.000000000000007
-0.2040443086596288,1.7471900021231153,-20.000000000000007
-0.18911923876494982,1.5756732257028958,-20.000000000000007
-0.2124874347329898,1.8569242044846717,-20.000000000000007
-0.18911923876494982,1.5756732257028956,-20.000000000000007
-0.18885818653230285,1.5776548930151266,-20.000000000000007
-0.18888897604606417,1.574862788567904,-20.000000000000007
-0.18250173051842536,1.5731434678747531,-20.000000000000007
-0.21067656375141947,1.8287123508592724,-20.000000000000007
-0.19407852498107836,1.6210116389254265,-20.000000000000007
-0.20437906386028282,1.746916092709036,-20.000000000000007
-0.2043973262596725,1.7465754343420863,-20.000000000000007
-0.2048587251758801,1.7494539991547962,-20.000000000000007
-0.23197397070799114,1.9092508644302246,-20.000000000000007
-0.219816355261127,1.9254145073810724,-20.000000000000007
-0.23580014269254482,1.91550250653429,-20.000000000000007
-0.22106980916471702,1.9347304423368343,-20.000000000000007
-0.2208853973376787,1.931145289038375,-20.000000000000007
-0.25375436341010527,1.7681209896518113,-20.000000000000007
-0.26404892623071796,1.7598795023714362,-20.000000000000007
-0.30130640372307715,1.5423403938790972,-20.000000000000007
-0.32188081337525837,1.4995557400555537,-20.000000000000007
-0.32921423134984845,1.4977776541778844,-20.000000000000007
-0.3379845021351283,1.4998962657850354,-20.000000000000007
-0.34163290673753943,1.4984766607902653,-20.000000000000007
-0.3538108531187936,1.4991417942102236,-20.000000000000007
-0.3533364931856401,1.5010320099214312,-20.000000000000007
-0.3395800960995625,1.499039408479345,-20.000000000000007
-0.3300716438910123,1.4963689872593184,-20.000000000000007
-0.3089853876553607,1.5066646061413553,-20.000000000000007
-0.2962308331150285,1.5930388424887267,-20.000000000000007
-0.2918909772091624,1.5876387777425787,-20.000000000000007
-0.2763134040081816,1.6138020597822609,-20.000000000000007
-0.24745330071993613,1.789532235336899,-20.000000000000007
-0.22771094610446072,1.9193006230995666,-20.000000000000007
-0.18891976555982548,1.572070684120681,-20.000000000000007
-0.18229113545878411,1.5724485195725806,-20.000000000000007
-0.17337853243457832,1.5519365666422187,-20.000000000000007
-0.14975414285615307,1.4356134548649337,-20.000000000000007
-0.16175363895024922,1.4767475548411564,-20.000000000000007
-0.1497541574130439,1.4356391577721634,-20.000000000000007
-0.17917386072802038,1.5901780441278877,-20.000000000000007
-0.18110619219721427,1.5615965088310682,-20.000000000000007
-0.1804043718668858,1.5611767535850447,-20.000000000000007
-0.2040443086596288,1.7471900021231155,-20.000000000000007
-0.18842511370101275,1.5738540301251946,-20.000000000000007
-0.1891192387649498,1.5756732257028958,-20.000000000000007
-0.20404430865962883,1.7471900021231155,-20.000000000000007
-0.18837473412143407,1.5733779606841163,-20.000000000000007
-0.2201245687657412,1.9315839867608926,-20.000000000000007
-0.2124774017858964,1.848262338794608,-20.000000000000007
-0.20463104650007657,1.7506837249301757,-20.000000000000007
-0.22092924776179992,1.9374414169331244,-20.000000000000007
-0.18842511370101273,1.5738540301251946,-20.000000000000007
-0.22033260434705365,1.9356294150819313,-20.000000000000007
-0.20640880081493515,1.768288257045156,-20.000000000000007
-0.21412064042155013,1.8599027291204109,-20.000000000000007
-0.22966676414222983,1.9196183962526652,-20.000000000000007
-0.21191483429797653,1.8479480519400957,-20.000000000000007
-0.2383763590413241,1.8895051294108665,-20.000000000000007
-0.2134834710776139,1.8491291362183486,-20.000000000000007
-0.24233012893262862,1.8479407891859199,-20.000000000000007
-0.2788641349778056,1.5360240454592318,-20.000000000000007
-0.31007614289426416,1.5036973378314786,-20.000000000000007
-0.3524247276893616,1.500431393488379,-20.000000000000007
-0.37065988775694003,1.4942784458338607,-20.000000000000007
-0.382645778183696,1.5024532460070124,-20.000000000000007
-0.36820969447377716,1.4997770652351494,-20.000000000000007
-0.36820969447377716,1.4997770652351492,-20.000000000000007
-0.36773395243857265,1.500781767767231,-20.000000000000007
-0.3501432630679566,1.5029817911774783,-20.000000000000007
-0.3441119652925549,1.4984933146071406,-20.000000000000007
-0.32644437907983126,1.4988626102192069,-20.000000000000007
-0.30704219493411367,1.509894082739065,-20.000000000000007
-0.295322463598413,1.5931109883083292,-20.000000000000007
-0.29376525852711177,1.5947036921994804,-20.000000000000007
-0.2797700174431228,1.5155648470458165,-20.000000000000007
-0.25368467742912215,1.7599049580047685,-20.000000000000007
-0.24422677288421096,1.8205451008549207,-20.000000000000007
-0.1825476149431105,1.5745835488650148,-20.000000000000007
-0.1821787932386175,1.5744388146995938,-20.000000000000007
-0.1750608994729154,1.570818104861102,-20.000000000000007
-0.17825534106184443,1.5837285229747724,-20.000000000000007
-0.17917386072802038,1.5901780441278879,-20.000000000000007
-0.14975414285615307,1.435613454864934,-20.000000000000007
-0.1489623238983579,1.441250436214657,-20.000000000000007
-0.1489623238983579,1.4412504362146568,-20.000000000000007
-0.17716407672167847,1.5760687284044748,-20.000000000000007
-0.17716407672167844,1.5760687284044748,-20.000000000000007
-0.1822603459450228,1.5752406240198031,-20.000000000000007
-0.18888897604606417,1.5748627885679043,-20.000000000000007
-0.18842511370101273,1.5738540301251949,-20.000000000000007
-0.19944106105329562,1.681721892023079,-20.000000000000007
-0.2106765637514194,1.8287123508592724,-20.000000000000007
-0.18888897604606414,1.574862788567904,-20.000000000000007
-0.20438912631107453,1.746757119847901,-20.000000000000007
-0.18888897604606414,1.5748627885679038,-20.000000000000007
-0.18888897604606417,1.5748627885679038,-20.000000000000007
-0.2204517092827924,1.9350526994791255,-20.000000000000007
-0.2046067425360864,1.7456863669336564,-20.000000000000007
-0.22164106841618958,1.9189519988593977,-20.000000000000007
-0.22586189941672344,1.9236278053074978,-20.000000000000007
-0.19934537880477632,1.7326905999663453,-20.000000000000007
-0.2258618994167234,1.923627805307498,-20.000000000000007
-0.2112960275620267,1.834716479141116,-20.000000000000007
-0.21941629570363214,1.934944495264261,-20.000000000000007
-0.2500036796922421,1.7348115636756964,-20.000000000000007
-0.27908581884652184,1.4629854224262329,-20.000000000000007
-0.3127434769692858,1.502617373778759,-20.000000000000007
-0.3333855176662691,1.497526214081494,-20.000000000000007
-0.3510022707038762,1.4988679921992727,-20.000000000000007
-0.341040697754324,1.4991380798596727,-20.000000000000007
-0.3507403088605102,1.4985588472371978,-20.000000000000007
-0.3550889800198031,1.500589147395801,-20.000000000000007
-0.3421520267883904,1.4982106551334216,-20.000000000000007
-0.33981656832017954,1.4987347891638572,-20.000000000000007
-0.31861532465888187,1.4997621493726554,-20.000000000000007
-0.3033267623683141,1.5204584913047285,-20.000000000000007
-0.30102068032236995,1.5476996980544977,-20.000000000000007
-0.28551481210738916,1.5631726242681474,-20.000000000000007
-0.2809923069930125,1.5098901460884502,-20.000000000000007
-0.25107266068184125,1.7167328213685205,-20.000000000000007
-0.23104894066734633,1.9062717349328504,-20.000000000000007
-0.2120074200228729,1.8485351362746145,-20.000000000000007
-0.17542972117740843,1.570962839026523,-20.000000000000007
-0.18229113545878414,1.5724485195725806,-20.000000000000007
-0.16491224342351885,1.4962079272044326,-20.000000000000007
-0.151885716309857,1.4022628753804087,-20.000000000000007
-0.16226514651890211,1.4799780943445653,-20.000000000000007
-0.16491224342351885,1.4962079272044326,-20.000000000000007
-0.17917386072802038,1.5901780441278879,-20.000000000000007
-0.180374903390968,1.5624216849117096,-20.000000000000007
-0.18226034594502277,1.5752406240198034,-20.000000000000007
-0.18837473412143407,1.573377960684116,-20.000000000000007
-0.18885818653230282,1.5776548930151268,-20.000000000000007
-0.18942453257317313,1.5791548760255547,-20.000000000000007
-0.1990183180906803,1.6780788633052999,-20.000000000000007
-0.2106378140228562,1.8287463827038537,-20.000000000000007
-0.20437906386028284,1.7469160927090361,-20.000000000000007
-0.2189834011942548,1.9294106496791947,-20.000000000000007
-0.2216540489387192,1.9345421167973806,-20.000000000000007
-0.21297145694215708,1.8551211557628875,-20.000000000000007
-0.21898048682672566,1.9298461703898884,-20.000000000000007
-0.22611054034026418,1.9302396190710185,-20.000000000000007
-0.2214311884638108,1.9292704661226923,-20.000000000000007
-0.23233857286372475,1.9113042407212597,-20.000000000000007
-0.22195079473268692,1.922331890760182,-20.000000000000007
-0.22210370765748,1.9268854239907218,-20.000000000000007
-0.21911557977763282,1.9280293602799903,-20.000000000000007
-0.23387894087620215,1.9283405232980622,-20.000000000000007
-0.2866634868754363,1.5604727874734676,-20.000000000000007
-0.31295695354635933,1.503645578219004,-20.000000000000007
-0.3533570751670973,1.50100970488781,-20.000000000000007
-0.3687711295135732,1.4998132836247753,-20.000000000000007
-0.37064908472432695,1.4943118482691773,-20.000000000000007
-0.3640903070337215,1.5014376598449681,-20.000000000000007
-0.3661657255263929,1.501517553485271,-20.000000000000007
-0.36150810354621704,1.4983624547355552,-20.000000000000007
-0.3400093142921532,1.4990727639464163,-20.000000000000007
-0.3354347207539742,1.5008919766305966,-20.000000000000007
-0.3137379320399425,1.5049514984651142,-20.000000000000007
-0.3025071207080854,1.5335323154134946,-20.000000000000007
-0.2911941062217189,1.5877170694326264,-20.000000000000007
-0.28391254215135964,1.549416570949266,-20.000000000000007
-0.26463031987261687,1.762583788733444,-20.000000000000007
-0.2475791536843839,1.7856448991722358,-20.000000000000007
-0.22718604684609814,1.9204048324940461,-20.000000000000007
-0.220866684129576,1.9276258294791235,-20.000000000000007
-0.18615508764397956,1.6073432787630508,-20.000000000000007
-0.19301499821152895,1.671857053386072,-20.000000000000007
-0.20437906386028282,1.746916092709036,-20.000000000000007
-0.18067000068203443,1.5594198148107747,-20.000000000000007
-0.18110619219721427,1.5615965088310682,-20.000000000000007
-0.17694296547815702,1.5727431410120192,-20.000000000000007
-0.16270023080057264,1.4821412217524919,-20.000000000000007
-0.17950911580190798,1.5810607140359072,-20.000000000000007
-0.1822603459450228,1.575240624019803,-20.000000000000007
-0.18837473412143407,1.5733779606841163,-20.000000000000007
-0.18885818653230282,1.5776548930151268,-20.000000000000007
-0.18888897604606417,1.5748627885679038,-20.000000000000007
-0.18888897604606414,1.5748627885679038,-20.000000000000007
-0.18942453257317313,1.5791548760255545,-20.000000000000007
-0.1931619481399404,1.6117989308347909,-20.000000000000007
-0.18888897604606417,1.574862788567904,-20.000000000000007
-0.20422406494602985,1.7470522200873622,-20.000000000000007
-0.19316194813994036,1.6117989308347909,-20.000000000000007
-0.20439732625967247,1.746575434342086,-20.000000000000007
-0.21967071805233582,1.922433081977958,-20.000000000000007
-0.20059793323548195,1.7432292693718758,-20.000000000000007
-0.22899518854702025,1.9205561705070902,-20.000000000000007
-0.21939372147519293,1.9217736305607287,-20.000000000000007
-0.209552732397143,1.8308587044099593,-20.000000000000007
-0.2199893625440272,1.931730724066448,-20.000000000000007
-0.2196570342500176,1.93847326178661,-20.000000000000007
-0.2537543634101053,1.7681209896518113,-20.000000000000007
-0.28006463432429857,1.4804481976705712,-20.000000000000007
-0.3043258873732406,1.5061705387306425,-20.000000000000007
-0.31463527931154717,1.4956303599468472,-20.000000000000007
-0.32252373739038437,1.4987714803261258,-20.000000000000007
-0.32947604570397465,1.498219899686232,-20.000000000000007
-0.33927624111652493,1.4999560678254462,-20.000000000000007
-0.3413340461421833,1.4985765725639082,-20.000000000000007
-0.33347765803837565,1.4969251754514983,-20.000000000000007
-0.32542819048896854,1.4995721017464991,-20.000000000000007
-0.3101175824308194,1.5036481952148821,-20.000000000000007
-0.30538908022785993,1.5071605546898117,-20.000000000000007
-0.29704995386276734,1.5882000358297312,-20.000000000000007
-0.2855516313907703,1.5629561951033626,-20.000000000000007
-0.2535061231909792,1.7616691469918506,-20.000000000000007
-0.22694016458334337,1.923943932832951,-20.000000000000007
-0.20278977449176916,1.7643519149145999,-20.000000000000007
-0.171772020964481,1.5990975930802036,-20.000000000000007
-0.17230075622352387,1.5935140864154094,-20.000000000000007
-0.15890037786961222,1.5140226726475712,-20.000000000000007
-0.13766089245675403,1.4109848407592605,-20.000000000000007
-0.1377468926182409,1.4138227263361496,-20.000000000000007
-0.13559501490126288,1.4971204706629224,-20.000000000000007
-0.1489623238983579,1.441250436214657,-20.000000000000007
-0.13766089245675403,1.4109848407592605,-20.000000000000007
-0.1723599823635926,1.5450335733037925,-20.000000000000007
-0.16491224342351887,1.4962079272044329,-20.000000000000007
-0.18226034594502277,1.575240624019803,-20.000000000000007
-0.18837473412143407,1.573377960684116,-20.000000000000007
-0.18226034594502277,1.575240624019803,-20.000000000000007
-0.18888897604606417,1.5748627885679038,-20.000000000000007
-0.17716407672167847,1.5760687284044748,-20.000000000000007
-0.1822603459450228,1.575240624019803,-20.000000000000007
-0.180374903390968,1.5624216849117096,-20.000000000000007
-0.17716407672167844,1.5760687284044743,-20.000000000000007
-0.180374903390968,1.5624216849117094,-20.000000000000007
-0.17917386072802038,1.5901780441278877,-20.000000000000007
-0.179509115801908,1.5810607140359072,-20.000000000000007
-0.17506089947291542,1.570818104861102,-20.000000000000007
-0.18608568610724288,1.609648577784533,-20.000000000000007
-0.1816065107157024,1.5652941697295795,-20.000000000000007
-0.2002751479582084,1.73999562205153,-20.000000000000007
-0.221404212855449,1.9288128383647134,-20.000000000000007
-0.24588077627565325,1.81986596564952,-20.000000000000007
-0.2804139541491387,1.5034711356999457,-20.000000000000007
-0.313613742476464,1.5057364535546607,-20.000000000000007
-0.34482441352080473,1.4969997515043276,-20.000000000000007
-0.355157920366294,1.500181791846732,-20.000000000000007
-0.3630322026410231,1.5016451813636915,-20.000000000000007
-0.3629924928075258,1.5017898226895738,-20.000000000000007
-0.36097390415674113,1.499432755759365,-20.000000000000007
-0.3541032745430152,1.4998982824364,-20.000000000000007
-0.34338169218686815,1.5003811598065404,-20.000000000000007
-0.3252406256481074,1.4996866582459425,-20.000000000000007
-0.3170051190528038,1.4988373905125583,-20.000000000000007
-0.31247185283810786,1.5050742957890715,-20.000000000000007
-0.29470271056707953,1.5966904329115779,-20.000000000000007
-0.2809923069930124,1.5098901460884504,-20.000000000000007
-0.25617928869268364,1.7668563072065708,-20.000000000000007
-0.22187224334523906,1.9254177131544248,-20.000000000000007
-0.20865917396457306,1.8219049272644185,-20.000000000000007
-0.18111185573755595,1.5670720079682579,-20.000000000000007
-0.16930421010670238,1.5776091538352788,-20.000000000000007
-0.1751010624546262,1.5664045252620538,-20.000000000000007
-0.18250173051842533,1.5731434678747531,-20.000000000000007
-0.1811061921972143,1.5615965088310682,-20.000000000000007
-0.17933485877093766,1.5832655028315092,-20.000000000000007
-0.15098649128259778,1.3992341320455806,-20.000000000000007
-0.13766089245675406,1.4109848407592605,-20.000000000000007
-0.1497541574130439,1.4356391577721634,-20.000000000000007
-0.17259283802865877,1.5472393109831906,-20.000000000000007
-0.17917386072802038,1.5901780441278879,-20.000000000000007
-0.1822603459450228,1.5752406240198034,-20.000000000000007
-0.1822603459450228,1.5752406240198031,-20.000000000000007
-0.18837473412143407,1.573377960684116,-20.000000000000007
-0.1822603459450228,1.575240624019803,-20.000000000000007
-0.18226034594502277,1.575240624019803,-20.000000000000007
-0.18888897604606414,1.5748627885679038,-20.000000000000007
-0.1822603459450228,1.575240624019803,-20.000000000000007
-0.18942453257317315,1.5791548760255547,-20.000000000000007
-0.18911923876494982,1.5756732257028958,-20.000000000000007
-0.18220996636544406,1.5747645545787246,-20.000000000000007
-0.20468482335904073,1.7442442470352895,-20.000000000000007
-0.18110984285748083,1.567150207688302,-20.000000000000007
-0.2108824219078014,1.8406293706371106,-20.000000000000007
-0.20955273239714303,1.830858704409959,-20.000000000000007
-0.20371069162587718,1.7360573020057042,-20.000000000000007
-0.23595500071689007,1.921576377911016,-20.000000000000007
-0.2495054676988277,1.7506184474221234,-20.000000000000007
-0.2845968356926818,1.5319198581045175,-20.000000000000007
-0.3090730473186497,1.5076237977683649,-20.000000000000007
-0.3200423223464075,1.499269301183205,-20.000000000000007
-0.32309296442638036,1.5001292893484992,-20.000000000000007
-0.3357080324826861,1.49911462134809,-20.000000000000007
-0.33749618575282797,1.4999869824331327,-20.000000000000007
-0.3398169848974541,1.4987893673080313,-20.000000000000007
-0.34269039938339896,1.4992662765405955,-20.000000000000007
-0.3232070214939303,1.498665119022926,-20.000000000000007
-0.31350732361926925,1.5054343989113652,-20.000000000000007
-0.28581353328444076,1.5638558567873992,-20.000000000000007
-0.26429046053214056,1.761769777702617,-20.000000000000007
-0.2433614429274067,1.8369659497280224,-20.000000000000007
-0.20441558865906206,1.7462347759751364,-20.000000000000007
-0.192700958376343,1.6050480243124607,-20.000000000000007
-0.18220996636544406,1.5747645545787246,-20.000000000000007
-0.1750608994729154,1.570818104861102,-20.000000000000007
-0.18105946327790218,1.566674138247223,-20.000000000000007
-0.18111054873671423,1.5670516929648648,-20.000000000000007
-0.18842511370101273,1.5738540301251946,-20.000000000000007
-0.18040437186688582,1.561176753585045,-20.000000000000007
-0.17917386072802038,1.5901780441278877,-20.000000000000007
-0.14975414285615307,1.4356134548649337,-20.000000000000007
-0.17259283802865877,1.5472393109831906,-20.000000000000007
-0.17259283802865877,1.5472393109831906,-20.000000000000007
-0.18040437186688577,1.561176753585045,-20.000000000000007
-0.1822603459450228,1.575240624019803,-20.000000000000007
-0.1822603459450228,1.575240624019803,-20.000000000000007
-0.18842511370101275,1.5738540301251946,-20.000000000000007
-0.18885818653230285,1.577654893015127,-20.000000000000007
-0.19943351421520183,1.6818411216689304,-20.000000000000007
-0.20437906386028282,1.7469160927090364,-20.000000000000007
-0.21920149922635893,1.9332971051390981,-20.000000000000007
-0.22050848083212965,1.935015830142532,-20.000000000000007
-0.22938363417509905,1.923145299696836,-20.000000000000007
-0.22910974614401128,1.9212770219017479,-20.000000000000007
-0.23401762996402137,1.9243096629587964,-20.000000000000007
-0.22899518854702025,1.9205561705070902,-20.000000000000007
-0.23822275427429948,1.8922881035442867,-20.000000000000007
-0.23926103075198193,1.8837082537608973,-20.000000000000007
-0.2444468331072167,1.81455089101965,-20.000000000000007
-0.24801381159212232,1.7785635218839262,-20.000000000000007
-0.2560649706345302,1.7672901528174136,-20.000000000000007
-0.280461781496341,1.50629341196051,-20.000000000000007
-0.2911941062217188,1.5877170694326266,-20.000000000000007
-0.3004264375598757,1.553394037918673,-20.000000000000007
-0.2645097652915035,1.7621367753841422,-20.000000000000007
-0.2212524399171696,1.929978651341489,-20.000000000000007
-0.1627002308005726,1.4821412217524916,-20.000000000000007
-0.12756711120681588,1.520806514362063,-20.000000000000007
-0.12477553846035512,1.5292050934076344,-20.000000000000007
-0.11095734796566889,1.5311353815265416,-20.000000000000007
-0.11095734796566889,1.5311353815265414,-20.000000000000007
-0.11095734796566889,1.5311353815265414,-20.000000000000007
-0.12405129492932987,1.528123060355657,-20.000000000000007
-0.12405129492932987,1.528123060355657,-20.000000000000007
-0.12405129492932987,1.5281230603556573,-20.000000000000007
-0.12684286767579064,1.5197244813100856,-20.000000000000007
-0.1261283229332307,1.5235850837677127,-20.000000000000007
-0.1301122303325565,1.5286861249343533,-20.000000000000007
-0.13011223033255653,1.5286861249343535,-20.000000000000007
-0.12775738770623662,1.5155771973130738,-20.000000000000007
-0.13136931143642383,1.5152803898427865,-20.000000000000007
-0.13162334867738157,1.512553191202664,-20.000000000000007
-0.13496593015556185,1.4904004997731792,-20.000000000000007
-0.1352364542451437,1.495613264896909,-20.000000000000007
-0.13523645424514372,1.4956132648969094,-20.000000000000007
-0.1352364542451437,1.4956132648969094,-20.000000000000007
-0.13523645424514372,1.4956132648969096,-20.000000000000007
-0.13523645424514372,1.4956132648969094,-20.000000000000007
-0.13541503259313709,1.4948226663941326,-20.000000000000007
-0.13559501490126286,1.4971204706629224,-20.000000000000007
-0.13523645424514372,1.4956132648969094,-20.000000000000007
-0.13634314369070832,1.4690918166037121,-20.000000000000007
-0.13559501490126286,1.4971204706629224,-20.000000000000007
-0.13523645424514372,1.4956132648969094,-20.000000000000007
-0.13766089245675406,1.4109848407592605,-20.000000000000007
-0.1352364542451437,1.4956132648969092,-20.000000000000007
-0.13766089245675406,1.4109848407592602,-20.000000000000007
-0.13559501490126286,1.4971204706629226,-20.000000000000007
-0.13559501490126288,1.4971204706629224,-20.000000000000007
-0.13626488909486958,1.477604195252314,-20.000000000000007
-0.13500799762049986,1.4901723146345816,-20.000000000000007
-0.13634314369070832,1.4690918166037121,-20.000000000000007
-0.13496974848001755,1.4907327764956038,-20.000000000000007
-0.1622651465189021,1.4799780943445653,-20.000000000000007
-0.18888897604606414,1.5748627885679038,-20.000000000000007
-0.2259544067033732,1.9324083385227473,-20.000000000000007
-0.26265581566097085,1.7662539257102818,-20.000000000000007
-0.26430046527525786,1.7598375359401592,-20.000000000000007
-0.2452776421772323,1.8236949821295778,-20.000000000000007
-0.20404430865962883,1.7471900021231155,-20.000000000000007
-0.151885716309857,1.4022628753804087,-20.000000000000007
-0.12962373824809628,1.5255562980702628,-20.000000000000007
-0.1240512949293299,1.5281230603556573,-20.000000000000007
-0.12405129492932988,1.528123060355657,-20.000000000000007
-0.1240512949293299,1.5281230603556573,-20.000000000000007
-0.12405129492932988,1.528123060355657,-20.000000000000007
-0.12405129492932987,1.5281230603556573,-20.000000000000007
-0.1240512949293299,1.5281230603556573,-20.000000000000007
-0.12540407940220547,1.5225030507157356,-20.000000000000007
-0.1254040794022055,1.5225030507157356,-20.000000000000007
-0.1261283229332307,1.523585083767713,-20.000000000000007
-0.1254040801820389,1.5225047004235048,-20.000000000000007
-0.12756711120681585,1.5208065143620628,-20.000000000000007
-0.12756711120681588,1.520806514362063,-20.000000000000007
-0.12756711120681585,1.5208065143620628,-20.000000000000007
-0.1316233486773816,1.5125531912026637,-20.000000000000007
-0.13496974848001755,1.4907327764956038,-20.000000000000007
-0.1352364542451437,1.4956132648969092,-20.000000000000007
-0.13766089245675403,1.4109848407592602,-20.000000000000007
-0.13559501490126286,1.4971204706629226,-20.000000000000007
-0.13626488909486958,1.4776041952523142,-20.000000000000007
-0.13607296571720057,1.4831686616984474,-20.000000000000007
-0.13505647193701795,1.4933154606281192,-20.000000000000007
-0.13559501490126288,1.4971204706629224,-20.000000000000007
-0.13496593015556185,1.490400499773179,-20.000000000000007
-0.13559501490126288,1.4971204706629226,-20.000000000000007
-0.1352364542451437,1.4956132648969094,-20.000000000000007
-0.13496974848001758,1.490732776495604,-20.000000000000007
-0.13559501490126286,1.4971204706629226,-20.000000000000007
-0.13496593015556188,1.490400499773179,-20.000000000000007
-0.13634314369070832,1.4690918166037124,-20.000000000000007
-0.13541503259313709,1.4948226663941326,-20.000000000000007
-0.13559501490126288,1.4971204706629226,-20.000000000000007
-0.13766089245675406,1.4109848407592605,-20.000000000000007
-0.13505647193701792,1.4933154606281194,-20.000000000000007
-0.13766089245675403,1.4109848407592605,-20.000000000000007
-0.1350079976204999,1.4901723146345818,-20.000000000000007
-0.17259283802865877,1.5472393109831906,-20.000000000000007
-0.22733561155602627,1.926278843955051,-20.000000000000007
-0.2779200983817132,1.567197983864742,-20.000000000000007
-0.31030600464879055,1.501804104995792,-20.000000000000007
-0.3094661644252116,1.5055564388929947,-20.000000000000007
-0.2755243909560816,1.6157394216319034,-20.000000000000007
-0.2120074200228729,1.8485351362746145,-20.000000000000007
-0.14975414285615307,1.435613454864934,-20.000000000000007
-0.13015262544468728,1.5277015351385426,-20.000000000000007
-0.12405129492932988,1.5281230603556573,-20.000000000000007
-0.12405129492932987,1.5281230603556573,-20.000000000000007
-0.12477553846035512,1.5292050934076344,-20.000000000000007
-0.12405129492932988,1.5281230603556573,-20.000000000000007
-0.12405129492932987,1.5281230603556573,-20.000000000000007
-0.12540407940220547,1.5225030507157353,-20.000000000000007
-0.1254040794022055,1.5225030507157356,-20.000000000000007
-0.1254040794022055,1.5225030507157353,-20.000000000000007
-0.1261283229332307,1.5235850837677125,-20.000000000000007
-0.12612832371306415,1.5235867334754818,-20.000000000000007
-0.12756711120681585,1.520806514362063,-20.000000000000007
-0.12756711120681585,1.520806514362063,-20.000000000000007
-0.12756711120681588,1.520806514362063,-20.000000000000007
-0.1316233486773816,1.512553191202664,-20.000000000000007
-0.13496593015556185,1.4904004997731792,-20.000000000000007
-0.13496974848001758,1.4907327764956042,-20.000000000000007
-0.1362648890948696,1.4776041952523142,-20.000000000000007
-0.13541503259313706,1.4948226663941329,-20.000000000000007
-0.13505647193701792,1.4933154606281194,-20.000000000000007
-0.13559501490126286,1.4971204706629226,-20.000000000000007
-0.13496593015556188,1.4904004997731792,-20.000000000000007
-0.13541503259313706,1.4948226663941324,-20.000000000000007
-0.1352364542451437,1.4956132648969094,-20.000000000000007
-0.1352364542451437,1.4956132648969092,-20.000000000000007
-0.13559501490126288,1.4971204706629226,-20.000000000000007
-0.1350079976204999,1.4901723146345818,-20.000000000000007
-0.13559501490126286,1.4971204706629224,-20.000000000000007
-0.1352364542451437,1.4956132648969094,-20.000000000000007
-0.13559501490126286,1.4971204706629226,-20.000000000000007
-0.13559501490126286,1.4971204706629226,-20.000000000000007
-0.1352364542451437,1.4956132648969092,-20.000000000000007
-0.13626488909486958,1.4776041952523142,-20.000000000000007
-0.1350079976204999,1.4901723146345816,-20.000000000000007
-0.13559501490126286,1.4971204706629224,-20.000000000000007
-0.13559501490126286,1.4971204706629226,-20.000000000000007
-0.16491224342351885,1.4962079272044329,-20.000000000000007
-0.20587468808445006,1.7697390646642215,-20.000000000000007
-0.24812938511712437,1.7856504139612346,-20.000000000000007
-0.27908581884652184,1.462985422426233,-20.000000000000007
-0.278757928389648,1.4731592481629834,-20.000000000000007
-0.24753611064781528,1.7981305890838026,-20.000000000000007
-0.18888897604606417,1.5748627885679036,-20.000000000000007
-0.13766089245675406,1.4109848407592602,-20.000000000000007
-0.12684286767579064,1.5197244813100859,-20.000000000000007
-0.12405129492932987,1.5281230603556573,-20.000000000000007
-0.12405129492932987,1.528123060355657,-20.000000000000007
-0.12405129492932986,1.528123060355657,-20.000000000000007
-0.1240512949293299,1.5281230603556573,-20.000000000000007
-0.1240512949293299,1.528123060355657,-20.000000000000007
-0.12540407940220547,1.5225030507157353,-20.000000000000007
-0.12540407940220547,1.5225030507157353,-20.000000000000007
-0.12540407940220547,1.5225030507157356,-20.000000000000007
-0.12540407940220547,1.5225030507157356,-20.000000000000007
-0.12540407940220547,1.5225030507157356,-20.000000000000007
-0.1254040801820389,1.522504700423505,-20.000000000000007
-0.12756711120681588,1.520806514362063,-20.000000000000007
-0.12756711120681585,1.5208065143620628,-20.000000000000007
-0.13162334867738157,1.512553191202664,-20.000000000000007
-0.13496593015556185,1.4904004997731792,-20.000000000000007
-0.1352364542451437,1.4956132648969094,-20.000000000000007
-0.13559501490126288,1.4971204706629226,-20.000000000000007
-0.13559501490126286,1.4971204706629226,-20.000000000000007
-0.1352364542451437,1.4956132648969094,-20.000000000000007
-0.13559501490126288,1.4971204706629224,-20.000000000000007
-0.1350079976204999,1.4901723146345816,-20.000000000000007
-0.13523645424514372,1.4956132648969092,-20.000000000000007
-0.13505647193701792,1.4933154606281194,-20.000000000000007
-0.1352364542451437,1.4956132648969092,-20.000000000000007
-0.13559501490126286,1.4971204706629224,-20.000000000000007
-0.1352364542451437,1.4956132648969094,-20.000000000000007
-0.13559501490126286,1.4971204706629226,-20.000000000000007
-0.1352364542451437,1.4956132648969096,-20.000000000000007
-0.13559501490126288,1.4971204706629226,-20.000000000000007
-0.13559501490126286,1.4971204706629226,-20.000000000000007
-0.13559501490126286,1.4971204706629226,-20.000000000000007
-0.13634314369070832,1.4690918166037121,-20.000000000000007
-0.13505647193701792,1.4933154606281194,-20.000000000000007
-0.13559501490126286,1.4971204706629226,-20.000000000000007
-0.134987587169906,1.4902841828006377,-20.000000000000007
-0.180374903390968,1.5624216849117096,-20.000000000000007
-0.24352941008181264,1.8371727099357729,-20.000000000000007
-0.27897939725178683,1.540059330926887,-20.000000000000007
-0.3122625770373152,1.5047639150176895,-20.000000000000007
-0.3092668709067085,1.5058506663872815,-20.000000000000007
-0.26371979967285925,1.761731895333149,-20.000000000000007
-0.22187253272843058,1.9204197096956948,-20.000000000000007
-0.16015086704143036,1.4658572207674503,-20.000000000000007
-0.12540407940220547,1.5225030507157356,-20.000000000000007
-0.12405129492932988,1.528123060355657,-20.000000000000007
-0.1240512949293299,1.528123060355657,-20.000000000000007
-0.1240512949293299,1.528123060355657,-20.000000000000007
-0.12405129492932987,1.528123060355657,-20.000000000000007
-0.12405129492932988,1.528123060355657,-20.000000000000007
-0.1254040794022055,1.5225030507157356,-20.000000000000007
-0.1254040794022055,1.5225030507157353,-20.000000000000007
-0.12540407940220547,1.522503050715735,-20.000000000000007
-0.12540407940220547,1.5225030507157356,-20.000000000000007
-0.12612832293323067,1.5235850837677127,-20.000000000000007
-0.12612832293323067,1.5235850837677125,-20.000000000000007
-0.12612832371306412,1.523586733475482,-20.000000000000007
-0.12756711120681588,1.5208065143620628,-20.000000000000007
-0.13160506288298887,1.5132325960306734,-20.000000000000007
-0.13477851668463556,1.493063189381522,-20.000000000000007
-0.13559501490126286,1.4971204706629226,-20.000000000000007
-0.13559501490126288,1.4971204706629226,-20.000000000000007
-0.13559501490126286,1.4971204706629226,-20.000000000000007
-0.13559501490126286,1.4971204706629226,-20.000000000000007
-0.13496593015556188,1.4904004997731795,-20.000000000000007
-0.13523645424514372,1.4956132648969094,-20.000000000000007
-0.13496593015556188,1.4904004997731795,-20.000000000000007
-0.1352364542451437,1.4956132648969094,-20.000000000000007
-0.1350079976204999,1.4901723146345818,-20.000000000000007
-0.13496593015556185,1.4904004997731792,-20.000000000000007
-0.13541503259313709,1.4948226663941324,-20.000000000000007
-0.13496974848001758,1.4907327764956042,-20.000000000000007
-0.13559501490126288,1.4971204706629224,-20.000000000000007
-0.1352364542451437,1.4956132648969094,-20.000000000000007
-0.13559501490126288,1.4971204706629229,-20.000000000000007
-0.13559501490126286,1.4971204706629226,-20.000000000000007
-0.13505647193701795,1.4933154606281194,-20.000000000000007
-0.13634314369070832,1.4690918166037121,-20.000000000000007
-0.13500799762049986,1.4901723146345818,-20.000000000000007
-0.1352364542451437,1.4956132648969094,-20.000000000000007
-0.17716407672167844,1.5760687284044748,-20.000000000000007
-0.2042962912994226,1.750957634344255,-20.000000000000007
-0.2475507793147793,1.7988804440720865,-20.000000000000007
-0.2667565134828852,1.7618320179012814,-20.000000000000007
-0.2590781574221214,1.7759637993508153,-20.000000000000007
-0.22117610000737897,1.937196569906587,-20.000000000000007
-0.1822603459450228,1.5752406240198031,-20.000000000000007
-0.13559501490126286,1.4971204706629224,-20.000000000000007
-0.1254040794022055,1.5225030507157353,-20.000000000000007
-0.12405129492932987,1.528123060355657,-20.000000000000007
-0.12405129492932987,1.5281230603556573,-20.000000000000007
-0.1240512949293299,1.5281230603556573,-20.000000000000007
-0.12405129492932988,1.5281230603556573,-20.000000000000007
-0.12405129492932988,1.5281230603556568,-20.000000000000007
-0.12405129492932988,1.5281230603556573,-20.000000000000007
-0.1254040794022055,1.5225030507157356,-20.000000000000007
-0.12540407940220547,1.5225030507157356,-20.000000000000007
-0.1254040794022055,1.5225030507157356,-20.000000000000007
-0.1254040794022055,1.5225030507157356,-20.000000000000007
-0.12540407940220547,1.5225030507157356,-20.000000000000007
-0.12612832293323067,1.5235850837677125,-20.000000000000007
-0.12756711120681588,1.520806514362063,-20.000000000000007
-0.13162334867738157,1.5125531912026635,-20.000000000000007
-0.13500799762049986,1.4901723146345818,-20.000000000000007
-0.1352364542451437,1.4956132648969092,-20.000000000000007
-0.1360729657172006,1.4831686616984472,-20.000000000000007
-0.13559501490126286,1.4971204706629224,-20.000000000000007
-0.1352364542451437,1.4956132648969092,-20.000000000000007
-0.13559501490126288,1.4971204706629226,-20.000000000000007
-0.13523645424514372,1.4956132648969094,-20.000000000000007
-0.13559501490126286,1.4971204706629226,-20.000000000000007
-0.1352364542451437,1.4956132648969096,-20.000000000000007
-0.1352364542451437,1.4956132648969094,-20.000000000000007
-0.13559501490126286,1.4971204706629224,-20.000000000000007
-0.13500799762049986,1.4901723146345818,-20.000000000000007
-0.1362648890948696,1.4776041952523142,-20.000000000000007
-0.13559501490126288,1.4971204706629226,-20.000000000000007
-0.1362648890948696,1.477604195252314,-20.000000000000007
-0.137660892456754,1.4109848407592605,-20.000000000000007
-0.13559501490126286,1.4971204706629224,-20.000000000000007
-0.13766089245675403,1.4109848407592605,-20.000000000000007
-0.1352364542451437,1.4956132648969094,-20.000000000000007
-0.13559501490126288,1.4971204706629226,-20.000000000000007
-0.13559501490126288,1.4971204706629226,-20.000000000000007
-0.18226034594502277,1.5752406240198034,-20.000000000000007
-0.24431076490960957,1.8291243725315853,-20.000000000000007
-0.28370307268380673,1.5492021552252557,-20.000000000000007
-0.3151053458652105,1.4941345640798818,-20.000000000000007
-0.2976141491392628,1.5825050174610302,-20.000000000000007
-0.2507966041289214,1.7136896143291822,-20.000000000000007
-0.18832435454185534,1.5729018912430375,-20.000000000000007
-0.1350079976204999,1.4901723146345818,-20.000000000000007
-0.12540407940220547,1.5225030507157353,-20.000000000000007
-0.12405129492932988,1.528123060355657,-20.000000000000007
-0.1240512949293299,1.528123060355657,-20.000000000000007
-0.1240512949293299,1.528123060355657,-20.000000000000007
-0.12405129492932988,1.5281230603556573,-20.000000000000007
-0.12405129492932988,1.528123060355657,-20.000000000000007
-0.1240512949293299,1.528123060355657,-20.000000000000007
-0.1254040794022055,1.5225030507157356,-20.000000000000007
-0.1254040794022055,1.5225030507157356,-20.000000000000007
-0.1254040801820389,1.5225047004235046,-20.000000000000007
-0.1254040794022055,1.5225030507157356,-20.000000000000007
-0.12540407940220547,1.5225030507157356,-20.000000000000007
-0.1254040801820389,1.5225047004235046,-20.000000000000007
-0.12684286767579067,1.5197244813100856,-20.000000000000007
-0.1316233486773816,1.5125531912026637,-20.000000000000007
-0.13496593015556185,1.4904004997731792,-20.000000000000007
-0.13505647193701792,1.4933154606281192,-20.000000000000007
-0.13607296571720057,1.4831686616984472,-20.000000000000007
-0.1352364542451437,1.495613264896909,-20.000000000000007
-0.13500799762049986,1.4901723146345816,-20.000000000000007
-0.1352364542451437,1.4956132648969094,-20.000000000000007
-0.13496593015556185,1.490400499773179,-20.000000000000007
-0.13523645424514372,1.4956132648969092,-20.000000000000007
-0.13496593015556185,1.4904004997731792,-20.000000000000007
-0.1352364542451437,1.4956132648969094,-20.000000000000007
-0.1352364542451437,1.4956132648969094,-20.000000000000007
-0.13496593015556185,1.490400499773179,-20.000000000000007
-0.13559501490126288,1.4971204706629226,-20.000000000000007
-0.13496593015556185,1.490400499773179,-20.000000000000007
-0.13559501490126286,1.4971204706629226,-20.000000000000007
-0.13559501490126286,1.4971204706629226,-20.000000000000007
-0.1352364542451437,1.4956132648969092,-20.000000000000007
-0.1363431436907083,1.469091816603712,-20.000000000000007
-0.13505647193701792,1.4933154606281192,-20.000000000000007
-0.13523645424514372,1.4956132648969094,-20.000000000000007
-0.13500799762049986,1.4901723146345818,-20.000000000000007
-0.13496593015556185,1.4904004997731792,-20.000000000000007
-0.13559501490126288,1.4971204706629226,-20.000000000000007
-0.13541503259313706,1.4948226663941326,-20.000000000000007
-0.13559501490126288,1.4971204706629226,-20.000000000000007
-0.13559501490126286,1.4971204706629224,-20.000000000000007
-0.13500799762049986,1.4901723146345818,-20.000000000000007
-0.13496593015556188,1.490400499773179,-20.000000000000007
-0.1316233486773816,1.512553191202664,-20.000000000000007
-0.1296237382480963,1.525556298070263,-20.000000000000007
-0.12962373824809628,1.5255562980702628,-20.000000000000007
-0.12942838191366204,1.5266195020865656,-20.000000000000007
-0.12684286767579067,1.5197244813100859,-20.000000000000007
-0.12684286767579064,1.5197244813100859,-20.000000000000007
-0.12540407940220547,1.5225030507157353,-20.000000000000007
-0.12405129492932987,1.5281230603556573,-20.000000000000007
-0.12405129492932987,1.528123060355657,-20.000000000000007
-0.11023310443464367,1.5300533484745646,-20.000000000000007
-0.11023310443464365,1.5300533484745646,-20.000000000000007
-0.11023310443464363,1.5300533484745644,-20.000000000000007
-0.1109573479656689,1.5311353815265414,-20.000000000000007
-0.11095734796566889,1.5311353815265414,-20.000000000000007
-0.1109573479656689,1.5311353815265414,-20.000000000000007
-0.11095734796566889,1.5311353815265416,-20.000000000000007
-0.11095734796566889,1.5311353815265414,-20.000000000000007
-0.1109573479656689,1.5311353815265414,-20.000000000000007
-0.11095734796566889,1.5311353815265414,-20.000000000000007
-0.1109573479656689,1.5311353815265416,-20.000000000000007
-0.1240512949293299,1.528123060355657,-20.000000000000007
-0.12540407940220547,1.5225030507157356,-20.000000000000007
-0.12684286767579067,1.5197244813100856,-20.000000000000007
-0.12684286767579067,1.5197244813100856,-20.000000000000007
-0.12684286767579067,1.5197244813100856,-20.000000000000007
-0.1254040801820389,1.5225047004235046,-20.000000000000007
-0.1254040794022055,1.5225030507157356,-20.000000000000007
-0.12540407940220547,1.5225030507157356,-20.000000000000007
-0.1254040794022055,1.5225030507157356,-20.000000000000007
-0.12540407940220547,1.5225030507157353,-20.000000000000007
-0.12540407940220547,1.5225030507157356,-20.000000000000007
-0.1240512949293299,1.5281230603556573,-20.000000000000007
-0.12405129492932987,1.5281230603556573,-20.000000000000007
-0.1102321621359064,1.531339511057737,-20.000000000000007
-0.11023216213590639,1.5313395110577368,-20.000000000000007
-0.11023216213590642,1.5313395110577366,-20.000000000000007
-0.13162334867738157,1.512553191202664,-20.000000000000007
-0.179509115801908,1.5810607140359074,-20.000000000000007
-0.24837287595565613,1.7829850693293678,-20.000000000000007
-0.3082644234864066,1.5092640463390952,-20.000000000000007
-0.34417625575220095,1.497976621371432,-20.000000000000007
-0.3623256810523221,1.5008692349199928,-20.000000000000007
-0.3700087145540455,1.5003597938702709,-20.000000000000007
-0.358850700362887,1.4982151962443473,-20.000000000000007
-0.36304668629250403,1.5016907658447671,-20.000000000000007
-0.36047714791739666,1.499601890135433,-20.000000000000007
-0.3420356248853191,1.4976378753116963,-20.000000000000007
-0.33752968526901805,1.4999863663567312,-20.000000000000007
-0.31968310087892915,1.4998612185247209,-20.000000000000007
-0.31295695354635933,1.503645578219004,-20.000000000000007
-0.3072398290564171,1.5094781150519188,-20.000000000000007
-0.3022434825152658,1.535726336582573,-20.000000000000007
-0.2840255897958569,1.5506902601257058,-20.000000000000007
-0.25018034705839626,1.7054241051776746,-20.000000000000007
-0.23219404399320698,1.909054580642701,-20.000000000000007
-0.18160650863614655,1.5652904978856894,-20.000000000000007
-0.1751010624546262,1.5664045252620538,-20.000000000000007
-0.17230075206441223,1.5935067427276295,-20.000000000000007
-0.15280423597603293,1.4087123965335242,-20.000000000000007
-0.16226514651890211,1.479978094344565,-20.000000000000007
-0.13766089245675406,1.4109848407592602,-20.000000000000007
-0.1377468926182409,1.4138227263361496,-20.000000000000007
-0.17426758362483646,1.5596310191219989,-20.000000000000007
-0.16015086704143033,1.4658572207674505,-20.000000000000007
-0.16491224342351887,1.4962079272044329,-20.000000000000007
-0.1822603459450228,1.575240624019803,-20.000000000000007
-0.1742675836248365,1.5596310191219989,-20.000000000000007
-0.1891192387649498,1.5756732257028956,-20.000000000000007
-0.18226034594502277,1.575240624019803,-20.000000000000007
-0.18842511370101273,1.5738540301251946,-20.000000000000007
-0.18942453257317313,1.5791548760255545,-20.000000000000007
-0.18226034594502277,1.5752406240198031,-20.000000000000007
-0.2040443086596288,1.7471900021231153,-20.000000000000007
-0.18226034594502277,1.5752406240198031,-20.000000000000007
-0.20689323510108815,1.7805648176016646,-20.000000000000007
-0.19316194813994034,1.6117989308347909,-20.000000000000007
-0.19267016886258165,1.6078401287596833,-20.000000000000007
-0.21315583647109382,1.8589621566368049,-20.000000000000007
-0.18067000068203443,1.5594198148107745,-20.000000000000007
-0.21948619802340807,1.922358562997812,-20.000000000000007
-0.20437906386028282,1.7469160927090364,-20.000000000000007
-0.22700039482394932,1.9319837126790782,-20.000000000000007
-0.262217338518971,1.7669971610279225,-20.000000000000007
-0.27908581884652184,1.4629854224262329,-20.000000000000007
-0.3173839590418968,1.4972981390527298,-20.000000000000007
-0.3311915029389567,1.498367393928087,-20.000000000000007
-0.350786346587452,1.4985459254181688,-20.000000000000007
-0.345582048626075,1.4976759738357566,-20.000000000000007
-0.3538939160880014,1.4990258379875159,-20.000000000000007
-0.3578582072402268,1.4998639437798844,-20.000000000000007
-0.34166323893585243,1.4976086073572605,-20.000000000000007
-0.34067529142785086,1.4985325434661654,-20.000000000000007
-0.3196484127422377,1.4994535630531072,-20.000000000000007
-0.3150719115382217,1.4940676551326477,-20.000000000000007
-0.3134345200104208,1.5043234309589937,-20.000000000000007
-0.29677184808628493,1.5900492433267406,-20.000000000000007
-0.28199981946398567,1.5315909500928488,-20.000000000000007
-0.2531774717466425,1.7517233077134053,-20.000000000000007
-0.21173042344573004,1.8478756848573854,-20.000000000000007
-0.18180396792141792,1.5689694032660029,-20.000000000000007
-0.1679618807307544,1.569820021814679,-20.000000000000007
-0.15188571630985698,1.402262875380409,-20.000000000000007
-0.1497541574130439,1.4356391577721634,-20.000000000000007
-0.14969871320520373,1.4376750065870232,-20.000000000000007
-0.14975415741304388,1.4356391577721634,-20.000000000000007
-0.14896232389835787,1.441250436214657,-20.000000000000007
-0.15098649128259778,1.3992341320455806,-20.000000000000007
-0.14969871320520373,1.4376750065870234,-20.000000000000007
-0.17917386072802038,1.5901780441278879,-20.000000000000007
-0.1811061921972143,1.5615965088310682,-20.000000000000007
-0.18226034594502277,1.575240624019803,-20.000000000000007
-0.1894245325731731,1.5791548760255547,-20.000000000000007
-0.18842511370101273,1.5738540301251946,-20.000000000000007
-0.18226034594502277,1.575240624019803,-20.000000000000007
-0.18226034594502277,1.5752406240198031,-20.000000000000007
-0.18226034594502283,1.575240624019803,-20.000000000000007
-0.18226034594502277,1.5752406240198031,-20.000000000000007
-0.18842511370101273,1.5738540301251946,-20.000000000000007
-0.18837473412143407,1.573377960684116,-20.000000000000007
-0.1822603459450228,1.575240624019803,-20.000000000000007
-0.1822603459450228,1.575240624019803,-20.000000000000007
-0.180374903390968,1.5624216849117096,-20.000000000000007
-0.18842511370101273,1.5738540301251946,-20.000000000000007
-0.18842511370101275,1.5738540301251949,-20.000000000000007
-0.18837473412143407,1.573377960684116,-20.000000000000007
-0.21922162412794233,1.9329791594168277,-20.000000000000007
-0.2563386665016617,1.7679801755113365,-20.000000000000007
-0.30219365988298036,1.5364794019594314,-20.000000000000007
-0.3487501180293201,1.5010117486246988,-20.000000000000007
-0.3687711295135732,1.4998132836247753,-20.000000000000007
-0.37753555385181425,1.493294614807306,-20.000000000000007
-0.3720922606982565,1.4948105630078095,-20.000000000000007
-0.37255955388802425,1.4942038132791202,-20.000000000000007
-0.36637048285039836,1.5015481910681565,-20.000000000000007
-0.3461438174800728,1.4942480671448641,-20.000000000000007
-0.3430455723009074,1.4996414336253114,-20.000000000000007
-0.321928539849787,1.4959613270164125,-20.000000000000007
-0.318090178851304,1.4992556845391556,-20.000000000000007
-0.3165468258151387,1.4977774056470634,-20.000000000000007
-0.3045834539941189,1.5045726073313417,-20.000000000000007
-0.28024248632243076,1.5048217717977548,-20.000000000000007
-0.2501803470583963,1.7054241051776748,-20.000000000000007
-0.21173042344573,1.8478756848573854,-20.000000000000007
-0.18106147615797719,1.566595938527179,-20.000000000000007
-0.1682457767542655,1.5713804974097525,-20.000000000000007
-0.13634545199768405,1.4817557980269473,-20.000000000000007
-0.13766089245675403,1.4109848407592605,-20.000000000000007
-0.13559501490126286,1.4971204706629226,-20.000000000000007
-0.1363431436907083,1.4690918166037121,-20.000000000000007
-0.14969871320520373,1.4376750065870232,-20.000000000000007
-0.14975415741304388,1.4356391577721637,-20.000000000000007
-0.1627002308005726,1.4821412217524916,-20.000000000000007
-0.15188571630985698,1.4022628753804087,-20.000000000000007
-0.18837473412143407,1.573377960684116,-20.000000000000007
-0.17933485877093763,1.5832655028315092,-20.000000000000007
-0.1822603459450228,1.5752406240198031,-20.000000000000007
-0.1894245325731731,1.5791548760255547,-20.000000000000007
-0.179509115801908,1.5810607140359074,-20.000000000000007
-0.19303815211615677,1.6120202560143866,-20.000000000000007
-0.18226034594502277,1.575240624019803,-20.000000000000007
-0.18942453257317313,1.5791548760255545,-20.000000000000007
-0.1988532567256356,1.6783739635447605,-20.000000000000007
-0.20422406494602988,1.7470522200873617,-20.000000000000007
-0.21276096579532144,1.8568777380279777,-20.000000000000007
-0.18250173051842533,1.573143467874753,-20.000000000000007
-0.2013934799270818,1.7055505241438345,-20.000000000000007
-0.18226034594502277,1.5752406240198031,-20.000000000000007
-0.18837473412143405,1.5733779606841163,-20.000000000000007
-0.21993701921388004,1.9314013556027734,-20.000000000000007
-0.22725815115555775,1.9273187281239843,-20.000000000000007
-0.27797155751071423,1.5058608914785698,-20.000000000000007
-0.29397517490421066,1.5969084796782393,-20.000000000000007
-0.32028761576993064,1.4999781583515739,-20.000000000000007
-0.32637143383789324,1.4987721527305315,-20.000000000000007
-0.3290879112208267,1.498184475698944,-20.000000000000007
-0.3412285996560528,1.4990279298404467,-20.000000000000007
-0.3507403088605102,1.4985588472371978,-20.000000000000007
-0.35431774180872877,1.4992296212432843,-20.000000000000007
-0.3460605666083735,1.4967810659641823,-20.000000000000007
-0.3327629994346312,1.497280526473644,-20.000000000000007
-0.31510534586521044,1.4941345640798818,-20.000000000000007
-0.30704219493411367,1.509894082739065,-20.000000000000007
-0.28632424220617425,1.560943164882627,-20.000000000000007
-0.28037184830989703,1.5045335249623426,-20.000000000000007
-0.25034316536252954,1.711344150134037,-20.000000000000007
-0.22102287800860002,1.9363424807976903,-20.000000000000007
-0.2129563632659695,1.8553596150545901,-20.000000000000007
-0.18220996636544406,1.5747645545787246,-20.000000000000007
-0.17950911580190798,1.5810607140359074,-20.000000000000007
-0.16491224342351885,1.4962079272044329,-20.000000000000007
-0.13766089245675403,1.4109848407592605,-20.000000000000007
-0.1363431436907083,1.469091816603712,-20.000000000000007
-0.13559501490126288,1.4971204706629224,-20.000000000000007
-0.14975414285615304,1.4356134548649337,-20.000000000000007
-0.1627002308005726,1.4821412217524914,-20.000000000000007
-0.1822603459450228,1.5752406240198031,-20.000000000000007
-0.1883747341214341,1.573377960684116,-20.000000000000007
-0.18888897604606417,1.5748627885679038,-20.000000000000007
-0.18885818653230285,1.5776548930151266,-20.000000000000007
-0.20404430865962883,1.7471900021231153,-20.000000000000007
-0.19316194813994036,1.6117989308347906,-20.000000000000007
-0.2187426626478693,1.9258818831568454,-20.000000000000007
-0.21297145694215705,1.8551211557628875,-20.000000000000007
-0.22907067213471016,1.9266742771147654,-20.000000000000007
-0.24611612285869172,1.8163149486735664,-20.000000000000007
-0.2531821456783516,1.75710547947786,-20.000000000000007
-0.2646928502319475,1.7621900392936785,-20.000000000000007
-0.2670247485338758,1.764797044776743,-20.000000000000007
-0.26523415692589575,1.7639317048100192,-20.000000000000007
-0.24966256585970892,1.7246644416135952,-20.000000000000007
-0.229598499407687,1.9191910870252666,-20.000000000000007
-0.24472429706453333,1.8147491635665434,-20.000000000000007
-0.24804452104298405,1.7775142084150675,-20.000000000000007
-0.2578611425356325,1.7745484499516666,-20.000000000000007
-0.30261495240414105,1.5345424253804976,-20.000000000000007
-0.3094661644252115,1.5055564388929947,-20.000000000000007
-0.3418855463463881,1.496659905750891,-20.000000000000007
-0.35039639042200427,1.50399450236834,-20.000000000000007
-0.35841431353192404,1.4995491990150829,-20.000000000000007
-0.35787369768916893,1.4995304542573757,-20.000000000000007
-0.35829662266165935,1.5002011533051218,-20.000000000000007
-0.3543804230577063,1.5003051786036588,-20.000000000000007
-0.34331732631083,1.5002481116508413,-20.000000000000007
-0.32989701066920396,1.4964420253284247,-20.000000000000007
-0.3135655920751369,1.505685757547972,-20.000000000000007
-0.3154512155119637,1.495103466669135,-20.000000000000007
-0.3100761428942641,1.5036973378314786,-20.000000000000007
-0.2927782455377166,1.5860928691259686,-20.000000000000007
-0.2791729661429956,1.4799746611753772,-20.000000000000007
-0.24753611064781528,1.7981305890838026,-20.000000000000007
-0.21204973859417786,1.8497531531648241,-20.000000000000007
-0.1891192387649498,1.5756732257028958,-20.000000000000007
-0.16270023080057264,1.4821412217524916,-20.000000000000007
-0.16015086704143036,1.4658572207674503,-20.000000000000007
-0.14896232389835787,1.441250436214657,-20.000000000000007
-0.1363431436907083,1.4690918166037121,-20.000000000000007
-0.14961452095757005,1.4408829749123404,-20.000000000000007
-0.1377468926182409,1.4138227263361496,-20.000000000000007
-0.151885716309857,1.402262875380409,-20.000000000000007
-0.1622651465189021,1.4799780943445655,-20.000000000000007
-0.1627002308005726,1.4821412217524914,-20.000000000000007
-0.16015086704143036,1.4658572207674503,-20.000000000000007
-0.16226514651890211,1.4799780943445653,-20.000000000000007
-0.179509115801908,1.5810607140359072,-20.000000000000007
-0.18226034594502283,1.575240624019803,-20.000000000000007
-0.20621950573589576,1.7693061823890073,-20.000000000000007
-0.21896327629267134,1.9297285954014651,-20.000000000000007
-0.22009438141336612,1.932060905344298,-20.000000000000007
-0.2299569879941993,1.9257483738802674,-20.000000000000007
-0.20437906386028287,1.746916092709036,-20.000000000000007
-0.22688328678170017,1.927154875635421,-20.000000000000007
-0.20543402987829712,1.7547684971494617,-20.000000000000007
-0.22909101447985047,1.9204094190883196,-20.000000000000007
-0.24172581215181332,1.8499680532195977,-20.000000000000007
-0.22959849940768698,1.9191910870252669,-20.000000000000007
-0.2546237366083259,1.7638490147214085,-20.000000000000007
-0.23672091289303596,1.9124246765006272,-20.000000000000007
-0.25375436341010527,1.7681209896518113,-20.000000000000007
-0.2704927592345097,1.7044255040025562,-20.000000000000007
-0.29358124324537654,1.5962943958935378,-20.000000000000007
-0.3202876157699306,1.499978158351574,-20.000000000000007
-0.3334050846782605,1.4974569498995058,-20.000000000000007
-0.33957006425723324,1.4997937465872868,-20.000000000000007
-0.3449493419439725,1.497113485290279,-20.000000000000007
-0.3412299261007416,1.498197505302561,-20.000000000000007
-0.3385454897129965,1.500283054299457,-20.000000000000007
-0.3393192048700274,1.4999743713946825,-20.000000000000007
-0.3195893028054746,1.4995668775896143,-20.000000000000007
-0.32337037815729586,1.499387447823731,-20.000000000000007
-0.31543573439665307,1.4950402140479424,-20.000000000000007
-0.2989463857321477,1.5687132940944095,-20.000000000000007
-0.2828016189900616,1.5368675710272242,-20.000000000000007
-0.25636991182806745,1.768133787307154,-20.000000000000007
-0.2311172054018891,1.9066990441602487,-20.000000000000007
-0.22646905843047485,1.923997372221255,-20.000000000000007
-0.2110668327600479,1.8407017377198214,-20.000000000000007
-0.21939361229851162,1.9217714786632931,-20.000000000000007
-0.21173042344573004,1.8478756848573852,-20.000000000000007
-0.18885818653230282,1.5776548930151268,-20.000000000000007
-0.18837473412143407,1.573377960684116,-20.000000000000007
-0.16015086704143033,1.4658572207674505,-20.000000000000007
-0.1497541574130439,1.4356391577721637,-20.000000000000007
-0.14975415741304388,1.4356391577721637,-20.000000000000007
-0.14975415741304388,1.4356391577721637,-20.000000000000007
-0.17426758362483646,1.5596310191219986,-20.000000000000007
-0.179509115801908,1.5810607140359072,-20.000000000000007
-0.179509115801908,1.5810607140359072,-20.000000000000007
-0.1822603459450228,1.5752406240198031,-20.000000000000007
-0.1822603459450228,1.5752406240198031,-20.000000000000007
-0.18067000068203443,1.5594198148107745,-20.000000000000007
-0.18226034594502277,1.5752406240198031,-20.000000000000007
-0.1822603459450228,1.575240624019803,-20.000000000000007
-0.17950911580190798,1.5810607140359074,-20.000000000000007
-0.18250173051842536,1.5731434678747531,-20.000000000000007
-0.1822603459450228,1.5752406240198031,-20.000000000000007
-0.179509115801908,1.5810607140359072,-20.000000000000007
-0.21075752261466182,1.82785505999026,-20.000000000000007
-0.18883859646648546,1.5743867191268253,-20.000000000000007
-0.19433249470145758,1.6242792335113934,-20.000000000000007
-0.21911557977763282,1.92802936027999,-20.000000000000007
-0.19431423230206796,1.6246198918783434,-20.000000000000007
-0.24431076490960957,1.8291243725315853,-20.000000000000007
-0.28000456745879776,1.5195794071231985,-20.000000000000007
-0.32345297201241896,1.499882250726928,-20.000000000000007
-0.3548610364443286,1.50046154038621,-20.000000000000007
-0.3699102698755452,1.5007572535806661,-20.000000000000007
-0.3665172390876797,1.5023519899085787,-20.000000000000007
-0.3640903070337215,1.5014376598449684,-20.000000000000007
-0.3504722542597277,1.5030226818885692,-20.000000000000007
-0.3408247911029196,1.4980864558367601,-20.000000000000007
-0.33842388313657557,1.5003663268173812,-20.000000000000007
-0.3170051190528038,1.4988373905125587,-20.000000000000007
-0.32337037815729575,1.4993874478237308,-20.000000000000007
-0.31770354416705615,1.4992349130969926,-20.000000000000007
-0.2976141491392628,1.5825050174610302,-20.000000000000007
-0.2941256234903544,1.5977711414617202,-20.000000000000007
-0.2560183018273789,1.7651293056301616,-20.000000000000007
-0.22586575302864215,1.9236458156429173,-20.000000000000007
-0.20278977449176916,1.7643519149146,-20.000000000000007
-0.1703340981760395,1.5849866947369586,-20.000000000000007
-0.14956706770296652,1.481679666929681,-20.000000000000007
-0.1368653351074306,1.4170695599143688,-20.000000000000007
-0.1363431436907083,1.4690918166037124,-20.000000000000007
-0.14969871320520373,1.4376750065870232,-20.000000000000007
-0.1377468926182409,1.4138227263361494,-20.000000000000007
-0.151885716309857,1.4022628753804087,-20.000000000000007
-0.16270023080057264,1.4821412217524914,-20.000000000000007
-0.16491224342351887,1.4962079272044329,-20.000000000000007
-0.1811061921972143,1.5615965088310682,-20.000000000000007
-0.18226034594502277,1.5752406240198031,-20.000000000000007
-0.1822603459450228,1.5752406240198034,-20.000000000000007
-0.18226034594502277,1.575240624019803,-20.000000000000007
-0.18837473412143407,1.5733779606841165,-20.000000000000007
-0.18250173051842536,1.573143467874753,-20.000000000000007
-0.18888897604606417,1.5748627885679038,-20.000000000000007
-0.1894245325731731,1.5791548760255543,-20.000000000000007
-0.18250173051842536,1.5731434678747527,-20.000000000000007
-0.1894245325731731,1.5791548760255545,-20.000000000000007
-0.18842511370101273,1.5738540301251946,-20.000000000000007
-0.18837473412143405,1.573377960684116,-20.000000000000007
-0.21276096579532142,1.8568777380279777,-20.000000000000007
-0.18885818653230285,1.5776548930151268,-20.000000000000007
-0.19217042937042111,1.6011232540819347,-20.000000000000007
-0.21295636326596953,1.8553596150545901,-20.000000000000007
-0.20438912631107456,1.7467571198479008,-20.000000000000007
-0.24527764217723233,1.8236949821295783,-20.000000000000007
-0.26455493772826,1.7594211128342738,-20.000000000000007
-0.2845968356926818,1.5319198581045177,-20.000000000000007
-0.3078307901010935,1.510869305908328,-20.000000000000007
-0.32702200209318427,1.4999073428873986,-20.000000000000007
-0.3324401585302416,1.4969486464259956,-20.000000000000007
-0.34996991842586195,1.5021059093469016,-20.000000000000007
-0.34944311410767503,1.498657457030386,-20.000000000000007
-0.3508414545083687,1.4987223921557713,-20.000000000000007
-0.3534932815901813,1.5008992790789684,-20.000000000000007
-0.3354347207539742,1.5008919766305968,-20.000000000000007
-0.3332958233647883,1.4974243956216007,-20.000000000000007
-0.3151354968740981,1.4952946848157158,-20.000000000000007
-0.29392505809600744,1.5965705251625248,-20.000000000000007
-0.28037748088435255,1.5076961034151126,-20.000000000000007
-0.24829719006617526,1.7752185674814371,-20.000000000000007
-0.21911557977763282,1.9280293602799898,-20.000000000000007
-0.19431423230206796,1.6246198918783432,-20.000000000000007
-0.17917386072802038,1.5901780441278879,-20.000000000000007
-0.1742675836248365,1.5596310191219989,-20.000000000000007
-0.16226514651890211,1.479978094344565,-20.000000000000007
-0.13766089245675406,1.4109848407592605,-20.000000000000007
-0.14975414285615307,1.435613454864934,-20.000000000000007
-0.14975414285615304,1.4356134548649337,-20.000000000000007
-0.17337853243457835,1.5519365666422187,-20.000000000000007
-0.17917386072802038,1.5901780441278879,-20.000000000000007
-0.1822603459450228,1.575240624019803,-20.000000000000007
-0.179509115801908,1.5810607140359074,-20.000000000000007
-0.18226034594502277,1.575240624019803,-20.000000000000007
-0.18842511370101275,1.5738540301251949,-20.000000000000007
-0.20139347992708181,1.7055505241438347,-20.000000000000007
-0.2062195057358958,1.7693061823890073,-20.000000000000007
-0.2124774017858964,1.8482623387946076,-20.000000000000007
-0.22009438141336607,1.9320609053442979,-20.000000000000007
-0.22716309140908017,1.928551184906833,-20.000000000000007
-0.231962224401849,1.9093801704435065,-20.000000000000007
-0.24955922168267763,1.7407840412999758,-20.000000000000007
-0.2503836637376047,1.7099445186385251,-20.000000000000007
-0.26301278448208515,1.762076568893097,-20.000000000000007
-0.2567239106535341,1.7626132937851573,-20.000000000000007
-0.24912237621217412,1.7426063882047864,-20.000000000000007
-0.2477049896874544,1.7812067663578977,-20.000000000000007
-0.23074417539123546,1.9088211661899979,-20.000000000000007
-0.24750946425913645,1.7997899537703952,-20.000000000000007
-0.26236879218044373,1.7677129126231423,-20.000000000000007
-0.3022600457550737,1.5358618250536409,-20.000000000000007
-0.325206609565374,1.4996584946896123,-20.000000000000007
-0.35404174079457157,1.499745116728546,-20.000000000000007
-0.36603605738931627,1.502010323015285,-20.000000000000007
-0.36511349994055803,1.502166603262247,-20.000000000000007
-0.3622678299535625,1.5002571676528804,-20.000000000000007
-0.34958757603842777,1.4996359270640847,-20.000000000000007
-0.34203562488531913,1.4976378753116963,-20.000000000000007
-0.3332284396172865,1.497761530322272,-20.000000000000007
-0.3226597090978194,1.498238884239282,-20.000000000000007
-0.3100761428942641,1.5036973378314789,-20.000000000000007
-0.29539078422101883,1.5930453601186514,-20.000000000000007
-0.2798338404413626,1.5228163087770592,-20.000000000000007
-0.24142985892856283,1.855049209066705,-20.000000000000007
-0.22187253272843058,1.920419709695695,-20.000000000000007
-0.2039856106617558,1.7339248307753263,-20.000000000000007
-0.17542972117740843,1.570962839026523,-20.000000000000007
-0.18110984285748086,1.567150207688302,-20.000000000000007
-0.18110984285748086,1.567150207688302,-20.000000000000007
-0.17510106557395996,1.566410033027889,-20.000000000000007
-0.18842511370101273,1.5738540301251949,-20.000000000000007
-0.18837473412143407,1.573377960684116,-20.000000000000007
-0.18226034594502277,1.575240624019803,-20.000000000000007
-0.18067000068203443,1.5594198148107747,-20.000000000000007
-0.17825534106184443,1.5837285229747724,-20.000000000000007
-0.17548244831557921,1.5669961652094957,-20.000000000000007
-0.1791738607280204,1.5901780441278877,-20.000000000000007
-0.179509115801908,1.5810607140359074,-20.000000000000007
-0.1822603459450228,1.575240624019803,-20.000000000000007
-0.18888897604606414,1.5748627885679038,-20.000000000000007
-0.18837473412143407,1.573377960684116,-20.000000000000007
-0.18837473412143402,1.573377960684116,-20.000000000000007
-0.19217294498311896,1.6010835108666508,-20.000000000000007
-0.20139347992708184,1.7055505241438345,-20.000000000000007
-0.2185133510658332,1.9363396679201959,-20.000000000000007
-0.22903447707550287,1.9276403862238338,-20.000000000000007
-0.20139347992708181,1.7055505241438342,-20.000000000000007
-0.19316194813994034,1.6117989308347909,-20.000000000000007
-0.21067656375141947,1.8287123508592722,-20.000000000000007
-0.20370062917508547,1.736216274866839,-20.000000000000007
-0.23024971023754492,1.9219094845707585,-20.000000000000007
-0.21334968096843676,1.8529075364882375,-20.000000000000007
-0.2043891263110746,1.746757119847901,-20.000000000000007
-0.22725815115555775,1.9273187281239843,-20.000000000000007
-0.2452776421772323,1.8236949821295778,-20.000000000000007
-0.2790858188465218,1.462985422426233,-20.000000000000007
-0.3030801358032825,1.5193781836769171,-20.000000000000007
-0.3226049427581641,1.4983954531717263,-20.000000000000007
-0.33557774131107604,1.499429970006172,-20.000000000000007
-0.34643596626071504,1.4964415198657408,-20.000000000000007
-0.3456274587658114,1.4980464477409732,-20.000000000000007
-0.3498884833823968,1.5001645286874112,-20.000000000000007
-0.34755167246773844,1.499175263123211,-20.000000000000007
-0.3396049357278918,1.4989348572461583,-20.000000000000007
-0.34264228950904085,1.4989792613674788,-20.000000000000007
-0.32541336353612493,1.4995170355927612,-20.000000000000007
-0.30483653022033674,1.5054126349958046,-20.000000000000007
-0.2911941062217189,1.5877170694326266,-20.000000000000007
-0.2657712868319514,1.7641414463425071,-20.000000000000007
-0.22609336372896438,1.9250955161437948,-20.000000000000007
-0.2046848233590407,1.7442442470352897,-20.000000000000007
-0.18220996636544406,1.5747645545787243,-20.000000000000007
-0.17095330256205646,1.5840110481388416,-20.000000000000007
-0.17339571918371283,1.5619644574071887,-20.000000000000007
-0.179509115801908,1.5810607140359072,-20.000000000000007
-0.17917386072802038,1.5901780441278879,-20.000000000000007
-0.16015086704143033,1.4658572207674505,-20.000000000000007
-0.15188571630985698,1.402262875380409,-20.000000000000007
-0.17259283802865877,1.5472393109831906,-20.000000000000007
-0.15280423597603293,1.4087123965335242,-20.000000000000007
-0.18110619219721427,1.5615965088310682,-20.000000000000007
-0.179509115801908,1.5810607140359072,-20.000000000000007
-0.16226514651890211,1.479978094344565,-20.000000000000007
-0.179509115801908,1.5810607140359072,-20.000000000000007
-0.1617536389502492,1.4767475548411566,-20.000000000000007
-0.18837473412143407,1.573377960684116,-20.000000000000007
-0.18842511370101275,1.5738540301251946,-20.000000000000007
-0.18885818653230285,1.5776548930151266,-20.000000000000007
-0.1894245325731731,1.5791548760255547,-20.000000000000007
-0.1883243545418553,1.5729018912430375,-20.000000000000007
-0.2044155886590621,1.7462347759751364,-20.000000000000007
-0.18168952957395673,1.5704402694092026,-20.000000000000007
-0.22062846119588841,1.9240573197414903,-20.000000000000007
-0.21173042344573004,1.8478756848573854,-20.000000000000007
-0.22164106841618958,1.9189519988593977,-20.000000000000007
-0.2311631728138493,1.90594059415703,-20.000000000000007
-0.22990250993500239,1.9220397278085484,-20.000000000000007
-0.2707508441034469,1.7124863796941332,-20.000000000000007
-0.2941100443678518,1.5970235323474942,-20.000000000000007
-0.3240440711864417,1.4998413927683065,-20.000000000000007
-0.3482470129953703,1.5000307258871715,-20.000000000000007
-0.35781314765186734,1.4989993650070803,-20.000000000000007
-0.36266851068088357,1.5012158471909072,-20.000000000000007
-0.36197734544226645,1.4996452066027623,-20.000000000000007
-0.3512602293210292,1.5002819275832968,-20.000000000000007
-0.3485964671546435,1.500994633776127,-20.000000000000007
-0.3356669437919759,1.4993810829546828,-20.000000000000007
-0.32393816921868995,1.5002981006924694,-20.000000000000007
-0.31803007026471436,1.4992691901503274,-20.000000000000007
-0.2975115224577339,1.5837350831575454,-20.000000000000007
-0.27985288563105837,1.5184410716734091,-20.000000000000007
-0.25681875425617723,1.7716122356564938,-20.000000000000007
-0.23221845719886453,1.9106508342415771,-20.000000000000007
-0.1888693859802468,1.5715946146796027,-20.000000000000007
-0.18885818653230282,1.5776548930151268,-20.000000000000007
-0.1622651465189021,1.4799780943445653,-20.000000000000007
-0.16015086704143036,1.4658572207674505,-20.000000000000007
-0.16175363895024922,1.4767475548411566,-20.000000000000007
-0.13523645424514372,1.4956132648969092,-20.000000000000007
-0.13559501490126286,1.4971204706629226,-20.000000000000007
-0.13505647193701795,1.4933154606281192,-20.000000000000007
-0.13766089245675406,1.4109848407592602,-20.000000000000007
-0.13766089245675403,1.4109848407592602,-20.000000000000007
-0.18037490339096798,1.5624216849117096,-20.000000000000007
-0.179509115801908,1.5810607140359072,-20.000000000000007
-0.18037490339096798,1.5624216849117096,-20.000000000000007
-0.18885818653230285,1.5776548930151268,-20.000000000000007
-0.1723599823635926,1.5450335733037925,-20.000000000000007
-0.18942453257317315,1.5791548760255547,-20.000000000000007
-0.1822603459450228,1.5752406240198031,-20.000000000000007
-0.18837473412143407,1.573377960684116,-20.000000000000007
-0.20117245829941957,1.705762081239453,-20.000000000000007
-0.17825534106184443,1.5837285229747724,-20.000000000000007
-0.20447604758582363,1.7508198523085012,-20.000000000000007
-0.18837473412143402,1.573377960684116,-20.000000000000007
-0.19901077125258648,1.678198092951151,-20.000000000000007
-0.21115941848494432,1.84128882205434,-20.000000000000007
-0.18160449471629359,1.5653668616837884,-20.000000000000007
-0.21939361229851162,1.921771478663293,-20.000000000000007
-0.18111185885688968,1.567077515734093,-20.000000000000007
-0.20404430865962883,1.7471900021231153,-20.000000000000007
-0.22959559270852004,1.9265005679165847,-20.000000000000007
-0.25622899436619984,1.7682097797387368,-20.000000000000007
-0.29422327624799866,1.5960524765230601,-20.000000000000007
-0.3186021183826953,1.4963427712375008,-20.000000000000007
-0.33103313126243183,1.4989743399068371,-20.000000000000007
-0.34339081674327954,1.4990108865632872,-20.000000000000007
-0.34819753242820284,1.5005731051292877,-20.000000000000007
-0.3486511106360083,1.500836006588433,-20.000000000000007
-0.3556783969942728,1.5004911508480898,-20.000000000000007
-0.344638182167706,1.4972801664417341,-20.000000000000007
-0.3394451008309167,1.498439115513159,-20.000000000000007
-0.33567929905542776,1.4997064857520428,-20.000000000000007
-0.31377754816345516,1.5046997270002413,-20.000000000000007
-0.29646167269945317,1.5916851542576382,-20.000000000000007
-0.2808138581623559,1.5100920974355103,-20.000000000000007
-0.24800862654458086,1.779846375888003,-20.000000000000007
-0.22012880248147476,1.932296055321145,-20.000000000000007
-0.19316194813994036,1.6117989308347906,-20.000000000000007
-0.17426758362483646,1.5596310191219986,-20.000000000000007
-0.1649122434235189,1.4962079272044329,-20.000000000000007
-0.14969871320520375,1.4376750065870232,-20.000000000000007
-0.1377468926182409,1.4138227263361496,-20.000000000000007
-0.13766089245675406,1.4109848407592605,-20.000000000000007
-0.13541503259313706,1.4948226663941324,-20.000000000000007
-0.16175363895024922,1.4767475548411566,-20.000000000000007
-0.14896232389835787,1.441250436214657,-20.000000000000007
-0.17825534106184443,1.5837285229747724,-20.000000000000007
-0.18067109244884727,1.5594413337851312,-20.000000000000007
-0.17337853243457835,1.5519365666422185,-20.000000000000007
-0.1822603459450228,1.575240624019803,-20.000000000000007
-0.17716407672167847,1.5760687284044745,-20.000000000000007
-0.18842511370101275,1.5738540301251946,-20.000000000000007
-0.1822603459450228,1.5752406240198031,-20.000000000000007
-0.1822603459450228,1.575240624019803,-20.000000000000007
-0.1891192387649498,1.5756732257028956,-20.000000000000007
-0.17917386072802038,1.5901780441278879,-20.000000000000007
-0.19984000746354427,1.688926975187508,-20.000000000000007
-0.1822099663654441,1.5747645545787243,-20.000000000000007
-0.18883859646648546,1.5743867191268253,-20.000000000000007
-0.20468482335904076,1.7442442470352897,-20.000000000000007
-0.17506914439190818,1.5677190487190198,-20.000000000000007
-0.21981635526112697,1.9254145073810724,-20.000000000000007
-0.18160650863614655,1.5652904978856892,-20.000000000000007
-0.21297145694215708,1.8551211557628877,-20.000000000000007
-0.2563403727772235,1.7686087636972747,-20.000000000000007
-0.28178077481156727,1.531225381633549,-20.000000000000007
-0.3385731400153774,1.5002201500271968,-20.000000000000007
-0.3634605160513634,1.5037196859405058,-20.000000000000007
-0.3734705136214032,1.4909154994230658,-20.000000000000007
-0.3847959426391044,1.5008205899447276,-20.000000000000007
-0.3725595538880242,1.4942038132791202,-20.000000000000007
-0.3650299395854604,1.5021752994107427,-20.000000000000007
-0.36090346547402535,1.500001591907312,-20.000000000000007
-0.34859646715464343,1.500994633776127,-20.000000000000007
-0.34215202678839035,1.4982106551334216,-20.000000000000007
-0.33857314001537736,1.5002201500271966,-20.000000000000007
-0.32271808796104284,1.4985882343401673,-20.000000000000007
-0.3024033713913366,1.534890077614775,-20.000000000000007
-0.28037748088435255,1.5076961034151128,-20.000000000000007
-0.24876015072881424,1.7623826850237472,-20.000000000000007
-0.1943324947014576,1.6242792335113934,-20.000000000000007
-0.18837473412143407,1.5733779606841163,-20.000000000000007
-0.17259283802865877,1.5472393109831906,-20.000000000000007
-0.1497541574130439,1.4356391577721634,-20.000000000000007
-0.14975414285615307,1.435613454864934,-20.000000000000007
-0.13766089245675403,1.4109848407592602,-20.000000000000007
-0.15255365625659367,1.4066317404677335,-20.000000000000007
-0.13766089245675406,1.4109848407592605,-20.000000000000007
-0.14975415741304388,1.4356391577721637,-20.000000000000007
-0.16015086704143036,1.4658572207674505,-20.000000000000007
-0.16226514651890211,1.479978094344565,-20.000000000000007
-0.17917386072802036,1.5901780441278879,-20.000000000000007
-0.17917386072802038,1.5901780441278879,-20.000000000000007
-0.17950911580190804,1.5810607140359072,-20.000000000000007
-0.17359964367809982,1.5552621540346743,-20.000000000000007
-0.179509115801908,1.5810607140359076,-20.000000000000007
-0.18067000068203445,1.5594198148107747,-20.000000000000007
-0.1771640767216785,1.5760687284044748,-20.000000000000007
-0.19423673284494147,1.6246879555675062,-20.000000000000007
-0.18842511370101273,1.5738540301251949,-20.000000000000007
-0.22036702541516232,1.9358645650587782,-20.000000000000007
-0.23197397070799114,1.9092508644302248,-20.000000000000007
-0.21173042344573004,1.8478756848573854,-20.000000000000007
-0.24336808301417076,1.8315248182011774,-20.000000000000007
-0.2115550285078018,1.8379045872965152,-20.000000000000007
-0.20422406494602985,1.747052220087362,-20.000000000000007
-0.19885325672563559,1.6783739635447608,-20.000000000000007
-0.18842511370101275,1.5738540301251946,-20.000000000000007
-0.22595826031529195,1.9324263488581666,-20.000000000000007
-0.25493350224142575,1.7718608969257508,-20.000000000000007
-0.2911641209111902,1.5850207240199667,-20.000000000000007
-0.3134061406287617,1.5043921718149367,-20.000000000000007
-0.32424611793626423,1.5000727864560783,-20.000000000000007
-0.33723972707218314,1.500550588620396,-20.000000000000007
-0.33373241104435775,1.4971842437875174,-20.000000000000007
-0.3311915029389567,1.4983673939280873,-20.000000000000007
-0.33408424444884577,1.496945332725777,-20.000000000000007
-0.3199602926093897,1.498802898349745,-20.000000000000007
-0.31463527931154717,1.4956303599468475,-20.000000000000007
-0.31218822155953874,1.5032968341767172,-20.000000000000007
-0.30212152026981115,1.5362892984224137,-20.000000000000007
-0.2817879916501447,1.4999219417366931,-20.000000000000007
-0.27882932889943013,1.5418490484460712,-20.000000000000007
-0.25079660412892135,1.7136896143291822,-20.000000000000007
-0.21173042344573,1.8478756848573852,-20.000000000000007
-0.18110984285748083,1.567150207688302,-20.000000000000007
-0.1721525553772922,1.5947357129234396,-20.000000000000007
-0.14975414285615304,1.435613454864934,-20.000000000000007
-0.1509864912825978,1.3992341320455806,-20.000000000000007
-0.14975414285615304,1.435613454864934,-20.000000000000007
-0.14969871320520373,1.4376750065870232,-20.000000000000007
-0.13766089245675406,1.4109848407592605,-20.000000000000007
-0.14969871320520373,1.4376750065870232,-20.000000000000007
-0.15098649128259778,1.3992341320455806,-20.000000000000007
-0.14975414285615304,1.435613454864934,-20.000000000000007
-0.17917386072802038,1.5901780441278879,-20.000000000000007
-0.1627002308005726,1.4821412217524914,-20.000000000000007
-0.16270023080057264,1.4821412217524916,-20.000000000000007
-0.17917386072802038,1.5901780441278879,-20.000000000000007
-0.14975414285615304,1.435613454864934,-20.000000000000007
-0.18842511370101275,1.5738540301251946,-20.000000000000007
-0.1822603459450228,1.575240624019803,-20.000000000000007
-0.18888897604606417,1.574862788567904,-20.000000000000007
-0.19316194813994034,1.6117989308347909,-20.000000000000007
-0.18250173051842533,1.5731434678747531,-20.000000000000007
-0.21066147007523184,1.828950810150975,-20.000000000000007
-0.1754297211774084,1.5709628390265231,-20.000000000000007
-0.2119148342979765,1.847948051940096,-20.000000000000007
-0.19604954073781283,1.6994313799054892,-20.000000000000007
-0.19301630833170436,1.6718828761552997,-20.000000000000007
-0.22187253272843055,1.9204197096956945,-20.000000000000007
-0.22907067213471016,1.9266742771147651,-20.000000000000007
-0.25715479429740606,1.7708324330651974,-20.000000000000007
-0.30217861835815396,1.537077960271008,-20.000000000000007
-0.3395006082458817,1.4990444836182801,-20.000000000000007
-0.3605918024736784,1.4994174222527212,-20.000000000000007
-0.3699102698755452,1.5007572535806661,-20.000000000000007
-0.3770111024452964,1.4927630265779335,-20.000000000000007
-0.35871098088764514,1.498145695013854,-20.000000000000007
-0.355681699507649,1.5003765494003969,-20.000000000000007
-0.35786509820590645,1.499449209494103,-20.000000000000007
-0.3366231776169201,1.5013679567486764,-20.000000000000007
-0.33373119951117236,1.4973883734524869,-20.000000000000007
-0.3195381247414417,1.4989859498275055,-20.000000000000007
-0.3025413358676734,1.5336593934785085,-20.000000000000007
-0.2828016189900616,1.5368675710272242,-20.000000000000007
-0.2623670361255142,1.7642578997065645,-20.000000000000007
-0.2475672379594274,1.7876170952462198,-20.000000000000007
-0.20148871162683252,1.7536807231626064,-20.000000000000007
-0.18229113545878414,1.5724485195725806,-20.000000000000007
-0.18067000068203443,1.5594198148107747,-20.000000000000007
-0.14975414285615304,1.4356134548649337,-20.000000000000007
-0.17950911580190798,1.5810607140359074,-20.000000000000007
-0.18226034594502277,1.575240624019803,-20.000000000000007
-0.1622651465189021,1.479978094344565,-20.000000000000007
-0.1723599823635926,1.5450335733037925,-20.000000000000007
-0.16175363895024922,1.4767475548411564,-20.000000000000007
-0.16015086704143036,1.4658572207674505,-20.000000000000007
-0.1735996436780998,1.5552621540346743,-20.000000000000007
-0.17825534106184446,1.5837285229747724,-20.000000000000007
-0.14975415741304388,1.4356391577721634,-20.000000000000007
-0.18040437186688577,1.5611767535850447,-20.000000000000007
-0.17825534106184449,1.5837285229747722,-20.000000000000007
-0.18226034594502277,1.575240624019803,-20.000000000000007
-0.1822603459450228,1.575240624019803,-20.000000000000007
-0.17950911580190798,1.5810607140359074,-20.000000000000007
-0.18837473412143402,1.573377960684116,-20.000000000000007
-0.17716407672167847,1.5760687284044748,-20.000000000000007
-0.18888897604606414,1.5748627885679038,-20.000000000000007
-0.1822603459450228,1.575240624019803,-20.000000000000007
-0.18837473412143405,1.573377960684116,-20.000000000000007
-0.20404430865962883,1.7471900021231153,-20.000000000000007
-0.180374903390968,1.5624216849117094,-20.000000000000007
-0.20404430865962883,1.7471900021231155,-20.000000000000007
-0.18837473412143407,1.573377960684116,-20.000000000000007
-0.2042962912994226,1.750957634344255,-20.000000000000007
-0.2461083143214935,1.816116149255602,-20.000000000000007
-0.25540545828276917,1.7680451672476831,-20.000000000000007
-0.3035478386005635,1.5144144174067051,-20.000000000000007
-0.32280019773049795,1.4990231003582064,-20.000000000000007
-0.3357080324826861,1.49911462134809,-20.000000000000007
-0.35395664247146374,1.4994385278235813,-20.000000000000007
-0.34392403394878707,1.498426383007416,-20.000000000000007
-0.34475901430453715,1.496760072924475,-20.000000000000007
-0.3487893463847175,1.5003440225825857,-20.000000000000007
-0.32217642767030574,1.496603729964003,-20.000000000000007
-0.3215298851866,1.4989706157857636,-20.000000000000007
-0.30433851048835786,1.5063073724386005,-20.000000000000007
-0.28316356370089074,1.5447319037430847,-20.000000000000007
-0.27968453359635786,1.5254854199651984,-20.000000000000007
-0.2532803119563146,1.757648403858878,-20.000000000000007
-0.23417643875453445,1.929245335971205,-20.000000000000007
-0.21249249546208404,1.8480238795029051,-20.000000000000007
-0.192172944983119,1.6010835108666508,-20.000000000000007
-0.1822603459450228,1.5752406240198031,-20.000000000000007
-0.1822603459450228,1.5752406240198034,-20.000000000000007
-0.17716407672167844,1.5760687284044745,-20.000000000000007
-0.17917386072802038,1.5901780441278877,-20.000000000000007
-0.1804043718668858,1.561176753585045,-20.000000000000007
-0.18067000068203443,1.5594198148107747,-20.000000000000007
-0.18226034594502277,1.575240624019803,-20.000000000000007
-0.1811061921972143,1.5615965088310684,-20.000000000000007
-0.18067000068203443,1.5594198148107747,-20.000000000000007
-0.1822603459450228,1.5752406240198031,-20.000000000000007
-0.1822603459450228,1.575240624019803,-20.000000000000007
-0.18250173051842536,1.5731434678747531,-20.000000000000007
-0.18837473412143407,1.573377960684116,-20.000000000000007
-0.18842511370101273,1.5738540301251949,-20.000000000000007
-0.18837473412143407,1.5733779606841163,-20.000000000000007
-0.18885818653230285,1.5776548930151268,-20.000000000000007
-0.19315943252724238,1.6118386740500747,-20.000000000000007
-0.19217042937042106,1.6011232540819345,-20.000000000000007
-0.1990107712525865,1.6781980929511513,-20.000000000000007
-0.19315943252724238,1.6118386740500747,-20.000000000000007
-0.221404212855449,1.9288128383647136,-20.000000000000007
-0.22747246433105794,1.9208394206623414,-20.000000000000007
-0.24445825285810685,1.8275298935859103,-20.000000000000007
-0.23354486185612477,1.9284049867127204,-20.000000000000007
-0.2130706782047891,1.853923206526925,-20.000000000000007
-0.2291907057870871,1.9271637242200181,-20.000000000000007
-0.24965204629655044,1.7463127307456154,-20.000000000000007
-0.28581353328444076,1.563855856787399,-20.000000000000007
-0.3327976648992899,1.4971240953289875,-20.000000000000007
-0.35394756960168555,1.4996801907616208,-20.000000000000007
-0.3595989526909462,1.4975201724348013,-20.000000000000007
-0.3699843441742408,1.5006727332137253,-20.000000000000007
-0.3509539192436177,1.500043291441637,-20.000000000000007
-0.3519144373919654,1.4994519078605815,-20.000000000000007
-0.35708980179036165,1.4999368830163515,-20.000000000000007
-0.3377961083729545,1.499697174270338,-20.000000000000007
-0.3362138494303335,1.500643354449369,-20.000000000000007
-0.3237334145448997,1.5001465119190285,-20.000000000000007
-0.30458345399411885,1.5045726073313417,-20.000000000000007
-0.2861467625785086,1.5660632206302454,-20.000000000000007
-0.2793498691488202,1.5302615111412692,-20.000000000000007
-0.24757915368438393,1.7856448991722358,-20.000000000000007
-0.21173042344573,1.8478756848573852,-20.000000000000007
-0.18160650863614658,1.5652904978856894,-20.000000000000007
-0.1669603097132642,1.5639589047489202,-20.000000000000007
-0.1495116141371251,1.4836989924470356,-20.000000000000007
-0.14975415741304388,1.4356391577721637,-20.000000000000007
-0.14969871320520375,1.437675006587023,-20.000000000000007
-0.16015086704143036,1.4658572207674503,-20.000000000000007
-0.14975414285615304,1.4356134548649337,-20.000000000000007
-0.1754824483155792,1.5669961652094957,-20.000000000000007
-0.16226514651890211,1.479978094344565,-20.000000000000007
-0.17259283802865877,1.5472393109831908,-20.000000000000007
-0.18040437186688577,1.5611767535850452,-20.000000000000007
-0.17337853243457832,1.5519365666422185,-20.000000000000007
-0.18842511370101275,1.573854030125195,-20.000000000000007
-0.1822603459450228,1.575240624019803,-20.000000000000007
-0.18837473412143405,1.5733779606841163,-20.000000000000007
-0.18842511370101273,1.5738540301251946,-20.000000000000007
-0.18226034594502283,1.575240624019803,-20.000000000000007
-0.20473650305093238,1.7580889424488189,-20.000000000000007
-0.18885818653230285,1.5776548930151266,-20.000000000000007
-0.20404430865962883,1.7471900021231155,-20.000000000000007
-0.20422406494602985,1.7470522200873622,-20.000000000000007
-0.18837473412143407,1.573377960684116,-20.000000000000007
-0.21354432849926216,1.8745224789689292,-20.000000000000007
-0.18837473412143407,1.573377960684116,-20.000000000000007
-0.2204499911797568,1.9343008877035892,-20.000000000000007
-0.21129602756202667,1.834716479141116,-20.000000000000007
-0.22028223899943516,1.939623188500295,-20.000000000000007
-0.2560323469525233,1.767716960218845,-20.000000000000007
-0.2689145148419331,1.7307917784395805,-20.000000000000007
-0.3179667630369377,1.4970899085288836,-20.000000000000007
-0.3316675732136434,1.498675593115974,-20.000000000000007
-0.33923934675792883,1.5007363258229405,-20.000000000000007
-0.3498226950033653,1.50074470334275,-20.000000000000007
-0.3366803503133901,1.5008639456080006,-20.000000000000007
-0.34762839085669084,1.4996312510727376,-20.000000000000007
-0.35338760954535214,1.501221778219423,-20.000000000000007
-0.3395800960995625,1.499039408479345,-20.000000000000007
-0.34067529142785086,1.4985325434661654,-20.000000000000007
-0.32644227026805855,1.499109752817048,-20.000000000000007
-0.3120178484244059,1.5042001719344675,-20.000000000000007
-0.3029288340143719,1.5278393694801455,-20.000000000000007
-0.28558708034433605,1.5632803966587596,-20.000000000000007
-0.2534854466222247,1.7604199361922004,-20.000000000000007
-0.2360506929732718,1.9135828619200248,-20.000000000000007
-0.20024469689215907,1.7412211863012743,-20.000000000000007
-0.17212649919255354,1.5957188752110114,-20.000000000000007
-0.17229944610334844,1.5934882636461816,-20.000000000000007
-0.1509864912825978,1.3992341320455803,-20.000000000000007
-0.15098649128259778,1.3992341320455806,-20.000000000000007
-0.1509864912825978,1.3992341320455806,-20.000000000000007
-0.13766089245675406,1.4109848407592605,-20.000000000000007
-0.14975414285615307,1.435613454864934,-20.000000000000007
-0.1497541574130439,1.4356391577721634,-20.000000000000007
-0.16491224342351885,1.4962079272044329,-20.000000000000007
-0.17950911580190798,1.5810607140359074,-20.000000000000007
-0.1622651465189021,1.479978094344565,-20.000000000000007
-0.17359964367809982,1.5552621540346743,-20.000000000000007
-0.17917386072802036,1.5901780441278879,-20.000000000000007
-0.17933485877093763,1.5832655028315095,-20.000000000000007
-0.19316194813994036,1.6117989308347906,-20.000000000000007
-0.2070457184026432,1.7804684334386223,-20.000000000000007
-0.20438912631107456,1.746757119847901,-20.000000000000007
-0.22140461161028013,1.9284170608693039,-20.000000000000007
-0.21295636326596953,1.85535961505459,-20.000000000000007
-0.2130706782047891,1.8539232065269253,-20.000000000000007
-0.22717162889558437,1.925411643669248,-20.000000000000007
-0.21981635526112697,1.9254145073810722,-20.000000000000007
-0.22132548951472808,1.92861601787369,-20.000000000000007
-0.20024469689215904,1.7412211863012739,-20.000000000000007
-0.2046848233590407,1.7442442470352897,-20.000000000000007
-0.2290706721347102,1.9266742771147651,-20.000000000000007
-0.26537562514512875,1.7659892343828327,-20.000000000000007
-0.30761372905250317,1.5100234210589016,-20.000000000000007
-0.3435151416875448,1.499958855753987,-20.000000000000007
-0.3613667865496849,1.4983553055559737,-20.000000000000007
-0.3619064498746353,1.4996857162124515,-20.000000000000007
-0.36266851068088357,1.5012158471909072,-20.000000000000007
-0.35344785364424813,1.5011870803113494,-20.000000000000007
-0.356925252694653,1.4987940732425815,-20.000000000000007
-0.35326760858099343,1.5005698648643968,-20.000000000000007
-0.34124440305865217,1.498037654077721,-20.000000000000007
-0.3314135232786974,1.499419854343142,-20.000000000000007
-0.31544052185099025,1.4951969745455445,-20.000000000000007
-0.31007614289426416,1.5036973378314786,-20.000000000000007
-0.2968910380238684,1.5890795057167373,-20.000000000000007
-0.2828105754745732,1.5373170997394179,-20.000000000000007
-0.2503836637376046,1.7099445186385251,-20.000000000000007
-0.19343774117414428,1.6755000821038513,-20.000000000000007
-0.18111185885688968,1.567077515734093,-20.000000000000007
-0.15051658509843163,1.4436931622007894,-20.000000000000007
-0.15673542221591097,1.4788925013511103,-20.000000000000007
-0.16491224342351885,1.4962079272044329,-20.000000000000007
-0.14969871320520373,1.437675006587023,-20.000000000000007
-0.17426758362483646,1.5596310191219986,-20.000000000000007
-0.1497541574130439,1.4356391577721634,-20.000000000000007
-0.16015086704143036,1.4658572207674505,-20.000000000000007
-0.17548244831557921,1.566996165209496,-20.000000000000007
-0.16491224342351885,1.4962079272044329,-20.000000000000007
-0.18226034594502277,1.5752406240198031,-20.000000000000007
-0.179509115801908,1.5810607140359072,-20.000000000000007
-0.18226034594502277,1.575240624019803,-20.000000000000007
-0.18067000068203443,1.5594198148107747,-20.000000000000007
-0.17259283802865877,1.5472393109831906,-20.000000000000007
-0.18837473412143407,1.573377960684116,-20.000000000000007
-0.17917386072802033,1.5901780441278877,-20.000000000000007
-0.19209041430059665,1.6012310609863813,-20.000000000000007
-0.18842511370101275,1.5738540301251946,-20.000000000000007
-0.17917386072802038,1.5901780441278879,-20.000000000000007
-0.18888897604606414,1.5748627885679038,-20.000000000000007
-0.179509115801908,1.5810607140359072,-20.000000000000007
-0.2043891263110746,1.7467571198479008,-20.000000000000007
-0.2013934799270818,1.7055505241438345,-20.000000000000007
-0.1894245325731731,1.5791548760255547,-20.000000000000007
-0.21247740178589647,1.848262338794608,-20.000000000000007
-0.21973920250494977,1.937701139422241,-20.000000000000007
-0.25687366382320964,1.7712959687337775,-20.000000000000007
-0.2850734543906426,1.5353425795332638,-20.000000000000007
-0.31123972958586055,1.4996814048370224,-20.000000000000007
-0.3285337397001247,1.4986632528790804,-20.000000000000007
-0.3390694439350814,1.5004987253638586,-20.000000000000007
-0.3359846366522462,1.5001523817122435,-20.000000000000007
-0.34618058295494675,1.4958590610940223,-20.000000000000007
-0.3510898957945494,1.4989257386599246,-20.000000000000007
-0.3407893576485434,1.4980711426638487,-20.000000000000007
-0.3357233595318208,1.499470804471322,-20.000000000000007
-0.31635159472520386,1.4976782530196777,-20.000000000000007
-0.29474081875266794,1.596469033487106,-20.000000000000007
-0.2843588908346009,1.5433552365221836,-20.000000000000007
-0.27804842543272834,1.518014176745797,-20.000000000000007
-0.24874625585157883,1.7701760576307422,-20.000000000000007
-0.21924701375005007,1.9358000279343426,-20.000000000000007
-0.18226034594502277,1.575240624019803,-20.000000000000007
-0.14969871320520375,1.437675006587023,-20.000000000000007
-0.13559501490126288,1.4971204706629226,-20.000000000000007
-0.13496593015556185,1.4904004997731792,-20.000000000000007
-0.13559501490126286,1.4971204706629226,-20.000000000000007
-0.13634314369070832,1.4690918166037124,-20.000000000000007
-0.14969871320520375,1.4376750065870232,-20.000000000000007
-0.15188571630985698,1.402262875380409,-20.000000000000007
-0.16015086704143033,1.4658572207674503,-20.000000000000007
-0.16015086704143036,1.4658572207674505,-20.000000000000007
-0.1622651465189021,1.4799780943445653,-20.000000000000007
-0.1742675836248365,1.5596310191219989,-20.000000000000007
-0.16491224342351885,1.4962079272044329,-20.000000000000007
-0.17716407672167844,1.5760687284044745,-20.000000000000007
-0.16226514651890211,1.4799780943445653,-20.000000000000007
-0.1622651465189021,1.479978094344565,-20.000000000000007
-0.17259283802865877,1.5472393109831908,-20.000000000000007
-0.16015086704143033,1.4658572207674505,-20.000000000000007
-0.17716407672167847,1.5760687284044748,-20.000000000000007
-0.17337853243457835,1.5519365666422187,-20.000000000000007
-0.1754824483155792,1.566996165209496,-20.000000000000007
-0.17259283802865877,1.5472393109831906,-20.000000000000007
-0.1649122434235189,1.4962079272044329,-20.000000000000007
-0.16491224342351885,1.4962079272044329,-20.000000000000007
-0.17548244831557921,1.5669961652094957,-20.000000000000007
-0.17950911580190798,1.5810607140359074,-20.000000000000007
-0.17950911580190798,1.5810607140359072,-20.000000000000007
-0.21249249546208399,1.8480238795029051,-20.000000000000007
-0.2532803119563147,1.7576484038588782,-20.000000000000007
-0.30926687090670846,1.5058506663872815,-20.000000000000007
-0.3534477055246346,1.5011310030895515,-20.000000000000007
-0.3744593085951898,1.4904717119801862,-20.000000000000007
-0.3833141018734701,1.5025559147647098,-20.000000000000007
-0.3703798093430373,1.4979868620808996,-20.000000000000007
-0.36786805877020884,1.499925821198687,-20.000000000000007
-0.3671465862798255,1.5026124197975235,-20.000000000000007
-0.35458741154203993,1.5003056499582907,-20.000000000000007
-0.3458223233177839,1.4962023832065967,-20.000000000000007
-0.32912239763822326,1.4961957536029136,-20.000000000000007
-0.3094661644252116,1.5055564388929945,-20.000000000000007
-0.303617482535527,1.5170975172659211,-20.000000000000007
-0.29564574900886464,1.5926551084486404,-20.000000000000007
-0.2862183638629078,1.5661048258535117,-20.000000000000007
-0.2760851193043178,1.6129129311468913,-20.000000000000007
-0.25059534185591864,1.6984670324066027,-20.000000000000007
-0.24966256585970892,1.7246644416135957,-20.000000000000007
-0.24993528498545967,1.707121426386641,-20.000000000000007
-0.2477049896874544,1.7812067663578974,-20.000000000000007
-0.24415167927822612,1.8228823810574406,-20.000000000000007
-0.2194162957036321,1.934944495264261,-20.000000000000007
-0.18226034594502283,1.5752406240198031,-20.000000000000007
-0.16175363895024922,1.4767475548411566,-20.000000000000007
-0.1601508670414304,1.4658572207674503,-20.000000000000007
-0.14975414285615307,1.4356134548649337,-20.000000000000007
-0.17259283802865877,1.5472393109831906,-20.000000000000007
-0.17917386072802036,1.5901780441278879,-20.000000000000007
-0.17548244831557921,1.566996165209496,-20.000000000000007
-0.18226034594502277,1.5752406240198031,-20.000000000000007
-0.176942965478157,1.572743141012019,-20.000000000000007
-0.18837473412143405,1.573377960684116,-20.000000000000007
-0.1822603459450228,1.5752406240198031,-20.000000000000007
-0.18226034594502277,1.575240624019803,-20.000000000000007
-0.18885818653230285,1.5776548930151268,-20.000000000000007
-0.18226034594502283,1.5752406240198031,-20.000000000000007
-0.20437906386028282,1.7469160927090361,-20.000000000000007
-0.21348347107761392,1.8491291362183488,-20.000000000000007
-0.2434601660064443,1.8285248299068586,-20.000000000000007
-0.2416839883848246,1.8501095798725973,-20.000000000000007
-0.2311631728138493,1.9059405941570298,-20.000000000000007
-0.2346607776410636,1.923000311493541,-20.000000000000007
-0.20630298021183613,1.7684091483047113,-20.000000000000007
-0.2452776421772323,1.8236949821295778,-20.000000000000007
-0.2560323469525233,1.7677169602188452,-20.000000000000007
-0.28459683569268174,1.5319198581045177,-20.000000000000007
-0.31362022704332004,1.5034303041617985,-20.000000000000007
-0.32556665399638657,1.4986845122059513,-20.000000000000007
-0.3411801838432893,1.4990941787440435,-20.000000000000007
-0.33337744838445005,1.4975814378216534,-20.000000000000007
-0.347962611679731,1.5004526634866366,-20.000000000000007
-0.3533238741159088,1.5005908104810255,-20.000000000000007
-0.34218744682313285,1.4985090582665597,-20.000000000000007
-0.33801186935797134,1.4999989080553722,-20.000000000000007
-0.31758197931172416,1.4994722088176464,-20.000000000000007
-0.30230362032936275,1.5361184482539483,-20.000000000000007
-0.2911941062217188,1.5877170694326264,-20.000000000000007
-0.28128314935037724,1.5241196990476367,-20.000000000000007
-0.276382026491314,1.6148011027896403,-20.000000000000007
-0.23921723231675662,1.88584223731258,-20.000000000000007
-0.22097598155507103,1.9364734773868673,-20.000000000000007
-0.19295995932211807,1.6082361324678602,-20.000000000000007
-0.18154410935381968,1.5691001756908358,-20.000000000000007
-0.18157572120194107,1.5680862741768018,-20.000000000000007
-0.1822099663654441,1.5747645545787243,-20.000000000000007
-0.17825534106184446,1.5837285229747724,-20.000000000000007
-0.14975414285615307,1.4356134548649337,-20.000000000000007
-0.13607296571720057,1.4831686616984474,-20.000000000000007
-0.13559501490126286,1.4971204706629226,-20.000000000000007
-0.13559501490126286,1.4971204706629226,-20.000000000000007
-0.14975414285615304,1.4356134548649342,-20.000000000000007
-0.14969871320520373,1.4376750065870232,-20.000000000000007
-0.17259283802865877,1.547239310983191,-20.000000000000007
-0.17950911580190798,1.5810607140359072,-20.000000000000007
-0.1771640767216785,1.5760687284044748,-20.000000000000007
-0.19585537949812198,1.6384858842004735,-20.000000000000007
-0.1883747341214341,1.573377960684116,-20.000000000000007
-0.18885818653230282,1.5776548930151266,-20.000000000000007
-0.19935853037077328,1.6818694421428093,-20.000000000000007
-0.17716407672167844,1.5760687284044745,-20.000000000000007
-0.20620692767240614,1.7695048984654262,-20.000000000000007
-0.1883243545418553,1.5729018912430375,-20.000000000000007
-0.21106683276004795,1.840701737719821,-20.000000000000007
-0.22899518854702022,1.9205561705070902,-20.000000000000007
-0.20027416536807685,1.7399762549746092,-20.000000000000007
-0.24624220074010017,1.8025016336930078,-20.000000000000007
-0.2210338912713107,1.9275600210951247,-20.000000000000007
-0.2387719021934643,1.893015997031998,-20.000000000000007
-0.27740964550529185,1.5851557968535026,-20.000000000000007
-0.29659658328306165,1.590843449729172,-20.000000000000007
-0.3375079322620517,1.5001531390768668,-20.000000000000007
-0.35486103644432865,1.50046154038621,-20.000000000000007
-0.3703914015345963,1.497281609869145,-20.000000000000007
-0.3610032605965884,1.4991495336298821,-20.000000000000007
-0.3597457761563684,1.4975541966542334,-20.000000000000007
-0.3557381030568364,1.5005445935138704,-20.000000000000007
-0.3347325960737446,1.49917326746607,-20.000000000000007
-0.3381735680812325,1.499830799997663,-20.000000000000007
-0.3175618198700182,1.4998334669940094,-20.000000000000007
-0.3094661644252116,1.5055564388929947,-20.000000000000007
-0.3022600457550737,1.5358618250536407,-20.000000000000007
-0.28154533139921023,1.5245666791539625,-20.000000000000007
-0.2662334868970442,1.7637881934694122,-20.000000000000007
-0.24228414046516566,1.8424421284482946,-20.000000000000007
-0.2207210469207848,1.9246444040760093,-20.000000000000007
-0.1826891868152046,1.5745107525415734,-20.000000000000007
-0.17567110575081094,1.5688656828814729,-20.000000000000007
-0.17330044017406696,1.56233079589789,-20.000000000000007
-0.17337853243457832,1.551936566642219,-20.000000000000007
-0.1509867696831351,1.3990909895297734,-20.000000000000007
-0.13766089245675406,1.4109848407592605,-20.000000000000007
-0.14975415741304393,1.4356391577721637,-20.000000000000007
-0.1509864912825978,1.3992341320455806,-20.000000000000007
-0.17359964367809982,1.5552621540346743,-20.000000000000007
-0.17917386072802038,1.5901780441278879,-20.000000000000007
-0.176942965478157,1.5727431410120192,-20.000000000000007
-0.18040437186688577,1.5611767535850447,-20.000000000000007
-0.17950911580190798,1.5810607140359072,-20.000000000000007
-0.1822603459450228,1.575240624019803,-20.000000000000007
-0.18226034594502283,1.5752406240198031,-20.000000000000007
-0.179509115801908,1.5810607140359072,-20.000000000000007
-0.18110619219721433,1.5615965088310684,-20.000000000000007
-0.179509115801908,1.5810607140359074,-20.000000000000007
-0.18226034594502283,1.5752406240198031,-20.000000000000007
-0.18885818653230285,1.5776548930151268,-20.000000000000007
-0.1822603459450228,1.575240624019803,-20.000000000000007
-0.18837473412143407,1.573377960684116,-20.000000000000007
-0.18837473412143407,1.5733779606841163,-20.000000000000007
-0.1804043718668858,1.5611767535850447,-20.000000000000007
-0.18942453257317313,1.5791548760255545,-20.000000000000007
-0.1930381521161568,1.6120202560143864,-20.000000000000007
-0.22028223899943516,1.939623188500295,-20.000000000000007
-0.25524064328010465,1.7695258837127656,-20.000000000000007
-0.2789095434766423,1.4725813775507004,-20.000000000000007
-0.30869402999055895,1.5084298940529348,-20.000000000000007
-0.3233297426983164,1.5001594726330085,-20.000000000000007
-0.3354672032953352,1.5001267869777761,-20.000000000000007
-0.3416103347511214,1.4984275451961278,-20.000000000000007
-0.3470527725126922,1.4986028567904783,-20.000000000000007
-0.34330826239884676,1.499543242391036,-20.000000000000007
-0.32891485097753465,1.496515356791877,-20.000000000000007
-0.31870383182240575,1.4991311463177766,-20.000000000000007
-0.30083455531499464,1.5489744544843096,-20.000000000000007
-0.2880914445947866,1.5727801888164057,-20.000000000000007
-0.28279250507667464,1.5294706218460614,-20.000000000000007
-0.2804145465951,1.5063937599972876,-20.000000000000007
-0.25092699487915726,1.729344889771084,-20.000000000000007
-0.2385023911725042,1.8935916742098473,-20.000000000000007
-0.2209091228602165,1.9377593626553944,-20.000000000000007
-0.18885818653230282,1.5776548930151266,-20.000000000000007
-0.18837473412143407,1.5733779606841165,-20.000000000000007
-0.1754824483155792,1.5669961652094957,-20.000000000000007
-0.15188571630985698,1.4022628753804087,-20.000000000000007
-0.14896232389835787,1.4412504362146568,-20.000000000000007
-0.13559501490126286,1.4971204706629226,-20.000000000000007
-0.1509867696831351,1.3990909895297732,-20.000000000000007
-0.14975414285615307,1.4356134548649337,-20.000000000000007
-0.1811061921972143,1.5615965088310686,-20.000000000000007
-0.18226034594502283,1.5752406240198031,-20.000000000000007
-0.18885818653230282,1.5776548930151266,-20.000000000000007
-0.18885818653230282,1.5776548930151266,-20.000000000000007
-0.19415420216241916,1.6248355056872363,-20.000000000000007
-0.19303815211615682,1.6120202560143864,-20.000000000000007
-0.20404430865962883,1.7471900021231153,-20.000000000000007
-0.20117245829941957,1.705762081239453,-20.000000000000007
-0.21023380688351329,1.8304416245211912,-20.000000000000007
-0.20429629129942262,1.7509576343442548,-20.000000000000007
-0.22004493951851015,1.9340746740005574,-20.000000000000007
-0.21896327629267132,1.9297285954014647,-20.000000000000007
-0.2269013635807316,1.9260730098016334,-20.000000000000007
-0.22646905843047488,1.923997372221255,-20.000000000000007
-0.22994567150625358,1.9195387691581571,-20.000000000000007
-0.22959849940768706,1.919191087025267,-20.000000000000007
-0.22586189941672344,1.9236278053074978,-20.000000000000007
-0.24228414046516566,1.8424421284482944,-20.000000000000007
-0.234408232611389,1.9331740021179948,-20.000000000000007
-0.2902304316325457,1.5810345259869054,-20.000000000000007
-0.307576303871034,1.509276746359918,-20.000000000000007
-0.34643895432250404,1.494388992574897,-20.000000000000007
-0.36059180247367845,1.4994174222527215,-20.000000000000007
-0.36948244613561765,1.501115409792729,-20.000000000000007
-0.36948244613561765,1.5011154097927288,-20.000000000000007
-0.37255955388802425,1.49420381327912,-20.000000000000007
-0.3690694614887533,1.5001919097511616,-20.000000000000007
-0.34440062687820405,1.4980180904122051,-20.000000000000007
-0.33546532537328905,1.5007129522127527,-20.000000000000007
-0.3094661644252115,1.5055564388929947,-20.000000000000007
-0.3033267623683141,1.5204584913047285,-20.000000000000007
-0.2859604849024912,1.5598680426239815,-20.000000000000007
-0.2764024789554344,1.6131722104158361,-20.000000000000007
-0.24948696251129449,1.741144322587676,-20.000000000000007
-0.2133496809684367,1.8529075364882375,-20.000000000000007
-0.1888693859802468,1.5715946146796025,-20.000000000000007
-0.17424477791583853,1.560110828285011,-20.000000000000007
-0.17506914439190818,1.5677190487190198,-20.000000000000007
-0.1750691443919082,1.5677190487190196,-20.000000000000007
-0.1822099663654441,1.5747645545787246,-20.000000000000007
-0.18067000068203443,1.5594198148107745,-20.000000000000007
-0.17259283802865877,1.5472393109831906,-20.000000000000007
-0.16015086704143033,1.4658572207674503,-20.000000000000007
-0.1622651465189021,1.4799780943445653,-20.000000000000007
-0.1622651465189021,1.4799780943445653,-20.000000000000007
-0.17716407672167847,1.5760687284044748,-20.000000000000007
-0.17917386072802038,1.5901780441278877,-20.000000000000007
-0.1822603459450228,1.575240624019803,-20.000000000000007
-0.18842511370101275,1.5738540301251946,-20.000000000000007
-0.18842511370101273,1.5738540301251946,-20.000000000000007
-0.21295636326596953,1.85535961505459,-20.000000000000007
-0.18888897604606417,1.5748627885679038,-20.000000000000007
-0.19585034827272613,1.6385653706310408,-20.000000000000007
-0.21297145694215708,1.8551211557628875,-20.000000000000007
-0.19079250579692955,1.5908620443333061,-20.000000000000007
-0.22996407590031498,1.920170512788953,-20.000000000000007
-0.21348347107761392,1.8491291362183486,-20.000000000000007
-0.21191483429797653,1.8479480519400957,-20.000000000000007
-0.22164106841618955,1.9189519988593977,-20.000000000000007
-0.22062846119588841,1.9240573197414905,-20.000000000000007
-0.23627546092076895,1.9125746720860468,-20.000000000000007
-0.23087241094179392,1.9105996704921686,-20.000000000000007
-0.24233012893262862,1.8479407891859196,-20.000000000000007
-0.2560323469525233,1.7677169602188452,-20.000000000000007
-0.2813235287683601,1.4958962719169133,-20.000000000000007
-0.3153968549395482,1.494593949100369,-20.000000000000007
-0.33008686007883414,1.4975375751216162,-20.000000000000007
-0.34122015964060515,1.4991114538545278,-20.000000000000007
-0.3478597340218073,1.4999994278147333,-20.000000000000007
-0.3549071214324261,1.5003725251943383,-20.000000000000007
-0.3559249604415354,1.5004052598270936,-20.000000000000007
-0.3503963904220043,1.50399450236834,-20.000000000000007
-0.34151694792534115,1.4981972083364345,-20.000000000000007
-0.32702128843414435,1.499063068735171,-20.000000000000007
-0.3224147533827911,1.4968557642691147,-20.000000000000007
-0.3190071679562628,1.4972069152430123,-20.000000000000007
-0.2975115224577338,1.5837350831575454,-20.000000000000007
-0.265310375701559,1.7658075427401108,-20.000000000000007
-0.25361823159108676,1.7618320846296998,-20.000000000000007
-0.21173042344573,1.8478756848573852,-20.000000000000007
-0.2311631728138493,1.90594059415703,-20.000000000000007
-0.23627546092076898,1.9125746720860466,-20.000000000000007
-0.2258618994167234,1.9236278053074978,-20.000000000000007
-0.23196222440184894,1.9093801704435063,-20.000000000000007
-0.1894245325731731,1.5791548760255547,-20.000000000000007
-0.1822603459450228,1.5752406240198034,-20.000000000000007
-0.16491224342351885,1.4962079272044329,-20.000000000000007
-0.1509864912825978,1.3992341320455806,-20.000000000000007
-0.14969871320520375,1.437675006587023,-20.000000000000007
-0.17716407672167847,1.5760687284044745,-20.000000000000007
-0.16491224342351885,1.4962079272044326,-20.000000000000007
-0.16226514651890211,1.479978094344565,-20.000000000000007
-0.18067000068203443,1.559419814810775,-20.000000000000007
-0.17359964367809982,1.5552621540346743,-20.000000000000007
-0.18842511370101273,1.5738540301251946,-20.000000000000007
-0.18885818653230285,1.5776548930151268,-20.000000000000007
-0.1822603459450228,1.5752406240198034,-20.000000000000007
-0.18911923876494982,1.5756732257028956,-20.000000000000007
-0.1822603459450228,1.575240624019803,-20.000000000000007
-0.18832435454185534,1.5729018912430373,-20.000000000000007
-0.20439732625967247,1.7465754343420863,-20.000000000000007
-0.1817203190877181,1.5676481649619798,-20.000000000000007
-0.18160449471629359,1.5653668616837881,-20.000000000000007
-0.21173042344573004,1.8478756848573854,-20.000000000000007
-0.18111185573755592,1.5670720079682579,-20.000000000000007
-0.21414104099425374,1.8724076315992915,-20.000000000000007
-0.2475439191850135,1.798329388501767,-20.000000000000007
-0.27962541380607425,1.5252687142215282,-20.000000000000007
-0.3228166654102476,1.4987013923604493,-20.000000000000007
-0.3508541252908048,1.5002748198738256,-20.000000000000007
-0.3645562675856233,1.5019956046040293,-20.000000000000007
-0.366165725526393,1.5015175534852707,-20.000000000000007
-0.3611418048953326,1.4986204033741193,-20.000000000000007
-0.3573031244961632,1.5001394893905036,-20.000000000000007
-0.3486803833087472,1.500981457250352,-20.000000000000007
-0.33906530375874416,1.5001798218157991,-20.000000000000007
-0.3254281904889686,1.4995721017464991,-20.000000000000007
-0.31201784842440583,1.5042001719344675,-20.000000000000007
-0.307158243402049,1.5095864678903101,-20.000000000000007
-0.29192950868184225,1.587312692641496,-20.000000000000007
-0.2802103670626858,1.5076787191445944,-20.000000000000007
-0.2560334790107304,1.7681246940865263,-20.000000000000007
-0.22148247485970535,1.930725019429201,-20.000000000000007
-0.18888897604606417,1.574862788567904,-20.000000000000007
-0.1822603459450228,1.5752406240198031,-20.000000000000007
-0.1497541574130439,1.4356391577721634,-20.000000000000007
-0.15098649128259778,1.3992341320455806,-20.000000000000007
-0.14975414285615307,1.435613454864934,-20.000000000000007
-0.1363431436907083,1.469091816603712,-20.000000000000007
-0.13766089245675403,1.4109848407592605,-20.000000000000007
-0.13634314369070832,1.469091816603712,-20.000000000000007
-0.1489623238983579,1.441250436214657,-20.000000000000007
-0.14896232389835787,1.441250436214657,-20.000000000000007
-0.14975414285615307,1.435613454864934,-20.000000000000007
-0.17359964367809982,1.555262154034674,-20.000000000000007
-0.16491224342351885,1.4962079272044326,-20.000000000000007
-0.1822603459450228,1.575240624019803,-20.000000000000007
-0.1822603459450228,1.575240624019803,-20.000000000000007
-0.18226034594502283,1.575240624019803,-20.000000000000007
-0.1822603459450228,1.5752406240198031,-20.000000000000007
-0.18226034594502277,1.5752406240198031,-20.000000000000007
-0.18885818653230285,1.5776548930151268,-20.000000000000007
-0.1811061921972143,1.5615965088310682,-20.000000000000007
-0.19585537949812198,1.6384858842004733,-20.000000000000007
-0.18832435454185534,1.5729018912430375,-20.000000000000007
-0.18837473412143407,1.5733779606841165,-20.000000000000007
-0.20059793323548197,1.743229269371876,-20.000000000000007
-0.17509931874705942,1.5663756026689184,-20.000000000000007
-0.1960505233279444,1.6994507469824103,-20.000000000000007
-0.20508132070237814,1.7576560601736042,-20.000000000000007
-0.23193210184063523,1.9136144318446475,-20.000000000000007
-0.2689145148419331,1.7307917784395808,-20.000000000000007
-0.2974970380589126,1.5809619700145283,-20.000000000000007
-0.3228372083411391,1.49906175050163,-20.000000000000007
-0.330851462144118,1.4979801254333687,-20.000000000000007
-0.332440028590495,1.496931851031053,-20.000000000000007
-0.3452869577036484,1.4975204261382382,-20.000000000000007
-0.3464829618668164,1.4966671702441365,-20.000000000000007
-0.3489104680022192,1.500149999451208,-20.000000000000007
-0.35363955951987286,1.4997595091713518,-20.000000000000007
-0.33408414454791774,1.49718548760992,-20.000000000000007
-0.3294539750060999,1.4957749442134243,-20.000000000000007
-0.3239811316541926,1.500622968980231,-20.000000000000007
-0.30729575788199914,1.5088491116590357,-20.000000000000007
-0.2946659530205122,1.5964345322276234,-20.000000000000007
-0.2645600880082273,1.762286425998437,-20.000000000000007
-0.2268832867817002,1.9271548756354209,-20.000000000000007
-0.20138593308898806,1.7056697537896857,-20.000000000000007
-0.17716407672167844,1.5760687284044745,-20.000000000000007
-0.1627002308005726,1.4821412217524916,-20.000000000000007
-0.14975414285615304,1.435613454864934,-20.000000000000007
-0.13766089245675403,1.4109848407592605,-20.000000000000007
-0.13766033188648452,1.4110074467856224,-20.000000000000007
-0.13496593015556188,1.4904004997731792,-20.000000000000007
-0.1363431436907083,1.4690918166037121,-20.000000000000007
-0.13766089245675403,1.4109848407592605,-20.000000000000007
-0.13559501490126286,1.4971204706629226,-20.000000000000007
-0.18067000068203443,1.5594198148107745,-20.000000000000007
-0.17337853243457832,1.5519365666422187,-20.000000000000007
-0.17950911580190798,1.5810607140359074,-20.000000000000007
-0.18837473412143407,1.573377960684116,-20.000000000000007
-0.16491224342351885,1.4962079272044329,-20.000000000000007
-0.18885818653230282,1.5776548930151266,-20.000000000000007
-0.17950911580190798,1.5810607140359072,-20.000000000000007
-0.1894245325731731,1.5791548760255547,-20.000000000000007
-0.1894245325731731,1.5791548760255547,-20.000000000000007
-0.18842511370101275,1.5738540301251949,-20.000000000000007
-0.20437906386028284,1.746916092709036,-20.000000000000007
-0.17825534106184443,1.5837285229747724,-20.000000000000007
-0.20468482335904073,1.7442442470352897,-20.000000000000007
-0.18105946327790218,1.566674138247223,-20.000000000000007
-0.1888930438522338,1.6325749480118499,-20.000000000000007
-0.20865851890448536,1.8218920158798046,-20.000000000000007
-0.18837473412143407,1.573377960684116,-20.000000000000007
-0.2453754064510582,1.824009921135028,-20.000000000000007
-0.266715667399576,1.7642073307773383,-20.000000000000007
-0.323452972012419,1.4998822507269283,-20.000000000000007
-0.35829662266165935,1.500201153305122,-20.000000000000007
-0.3688300472295173,1.4995267987339809,-20.000000000000007
-0.3715774318189923,1.4979787358119936,-20.000000000000007
-0.37255955388802425,1.4942038132791202,-20.000000000000007
-0.3677892801912861,1.5002969781567639,-20.000000000000007
-0.3626829943323645,1.5012614316719828,-20.000000000000007
-0.3605316241569822,1.499394666398862,-20.000000000000007
-0.34047310911459533,1.4983929208506805,-20.000000000000007
-0.33114711616078024,1.498666302731823,-20.000000000000007
-0.3252029590777269,1.499501503297134,-20.000000000000007
-0.31358816367976144,1.5055866683297237,-20.000000000000007
-0.2912203346521681,1.587439099559585,-20.000000000000007
-0.2789216129912514,1.542440045318342,-20.000000000000007
-0.24741829568655477,1.7916377967460435,-20.000000000000007
-0.20439732625967247,1.746575434342086,-20.000000000000007
-0.18888897604606414,1.5748627885679038,-20.000000000000007
-0.1622651465189021,1.4799780943445653,-20.000000000000007
-0.15869101624652507,1.4849299356837062,-20.000000000000007
-0.17259283802865874,1.5472393109831906,-20.000000000000007
-0.14969871320520375,1.4376750065870234,-20.000000000000007
-0.1509864912825978,1.3992341320455806,-20.000000000000007
-0.14969871320520375,1.437675006587023,-20.000000000000007
-0.14975414285615307,1.4356134548649337,-20.000000000000007
-0.14969871320520373,1.4376750065870234,-20.000000000000007
-0.18110619219721427,1.5615965088310682,-20.000000000000007
-0.17716407672167847,1.5760687284044748,-20.000000000000007
-0.18067000068203443,1.5594198148107745,-20.000000000000007
-0.1822603459450228,1.5752406240198031,-20.000000000000007
-0.17917386072802038,1.5901780441278879,-20.000000000000007
-0.18885818653230282,1.5776548930151266,-20.000000000000007
-0.18226034594502277,1.575240624019803,-20.000000000000007
-0.20438912631107453,1.746757119847901,-20.000000000000007
-0.20139347992708184,1.7055505241438345,-20.000000000000007
-0.18945532208693444,1.576362771578332,-20.000000000000007
-0.21307067820478914,1.8539232065269253,-20.000000000000007
-0.1754297211774084,1.5709628390265231,-20.000000000000007
-0.2120074200228729,1.8485351362746145,-20.000000000000007
-0.194314232302068,1.6246198918783432,-20.000000000000007
-0.18942453257317313,1.5791548760255545,-20.000000000000007
-0.2124874347329898,1.8569242044846717,-20.000000000000007
-0.18842511370101273,1.5738540301251949,-20.000000000000007
-0.22992079293499199,1.926714482989336,-20.000000000000007
-0.25375436341010527,1.7681209896518113,-20.000000000000007
-0.29116412091119015,1.5850207240199665,-20.000000000000007
-0.3199602926093897,1.4988028983497452,-20.000000000000007
-0.3354888103840928,1.4999854874293737,-20.000000000000007
-0.3392012346488034,1.5006694064412909,-20.000000000000007
-0.34483278001258116,1.4971473366729904,-20.000000000000007
-0.33440336245775204,1.4965501965511994,-20.000000000000007
-0.322224500625643,1.4984177723854504,-20.000000000000007
-0.31754781935784493,1.4977287325791422,-20.000000000000007
-0.2966480419409133,1.5886021923646305,-20.000000000000007
-0.3021215202698111,1.5362892984224135,-20.000000000000007
-0.29579483233411025,1.590066857555713,-20.000000000000007
-0.2793584913122385,1.4672582451444944,-20.000000000000007
-0.27886455017412504,1.5359955592052401,-20.000000000000007
-0.24988263102165978,1.7264672097432578,-20.000000000000007
-0.22052344232654952,1.9237271384636405,-20.000000000000007
-0.20022911153098902,1.7430845352064548,-20.000000000000007
-0.1734471362017082,1.5546731287777287,-20.000000000000007
-0.1725928380286588,1.5472393109831906,-20.000000000000007
-0.1727105924878417,1.5475677015548939,-20.000000000000007
-0.14975414285615307,1.4356134548649337,-20.000000000000007
-0.14969871320520375,1.4376750065870232,-20.000000000000007
-0.13766089245675403,1.4109848407592605,-20.000000000000007
-0.13766089245675403,1.4109848407592602,-20.000000000000007
-0.14969871320520373,1.4376750065870232,-20.000000000000007
-0.1494730626812134,1.4401096667703466,-20.000000000000007
-0.1742675836248365,1.5596310191219989,-20.000000000000007
-0.16175363895024922,1.4767475548411564,-20.000000000000007
-0.17694296547815702,1.5727431410120192,-20.000000000000007
-0.1822603459450228,1.5752406240198031,-20.000000000000007
-0.1822603459450228,1.575240624019803,-20.000000000000007
-0.18942453257317313,1.5791548760255547,-20.000000000000007
-0.18888897604606417,1.5748627885679038,-20.000000000000007
-0.1891192387649498,1.5756732257028956,-20.000000000000007
-0.18885818653230285,1.5776548930151268,-20.000000000000007
-0.18885818653230282,1.5776548930151266,-20.000000000000007
-0.18945532208693444,1.576362771578332,-20.000000000000007
-0.18218441980185698,1.5674265606366997,-20.000000000000007
-0.20022911153098902,1.743084535206455,-20.000000000000007
-0.20049667953195283,1.7449888185224136,-20.000000000000007
-0.19605052332794443,1.6994507469824103,-20.000000000000007
-0.18897938428104402,1.6361091349786956,-20.000000000000007
-0.22096168538854577,1.9359203816877502,-20.000000000000007
-0.2572759544191839,1.7711267965287747,-20.000000000000007
-0.30268759198802314,1.5335665831026106,-20.000000000000007
-0.3414961050814759,1.4983100530567164,-20.000000000000007
-0.3592174162571536,1.4970963869628644,-20.000000000000007
-0.36336777250767516,1.5031214496242744,-20.000000000000007
-0.3578918369398615,1.4995937068785679,-20.000000000000007
-0.36245194518395,1.5011460594153245,-20.000000000000007
-0.3486803833087471,1.5009814572503517,-20.000000000000007
-0.3372582400742973,1.5002917230910569,-20.000000000000007
-0.3303071531715404,1.4967077618130342,-20.000000000000007
-0.31934404541675476,1.4979551508234634,-20.000000000000007
-0.3186153246588819,1.4997621493726556,-20.000000000000007
-0.30240337139133655,1.5348900776147751,-20.000000000000007
-0.296842794018159,1.5898217193019768,-20.000000000000007
-0.27608246182692026,1.6139819250177534,-20.000000000000007
-0.254935809768568,1.7643516975393148,-20.000000000000007
-0.24519966890630632,1.8154730044879908,-20.000000000000007
-0.2213517157031562,1.9274932643833298,-20.000000000000007
-0.21088242190780138,1.8406293706371104,-20.000000000000007
-0.1750608994729154,1.570818104861102,-20.000000000000007
-0.18154410935381968,1.569100175690836,-20.000000000000007
-0.179509115801908,1.5810607140359074,-20.000000000000007
-0.16226514651890211,1.4799780943445653,-20.000000000000007
-0.16491224342351887,1.4962079272044326,-20.000000000000007
-0.1617536389502492,1.4767475548411566,-20.000000000000007
-0.16175363895024922,1.4767475548411566,-20.000000000000007
-0.179509115801908,1.5810607140359072,-20.000000000000007
-0.16491224342351885,1.4962079272044329,-20.000000000000007
-0.18037490339096798,1.5624216849117092,-20.000000000000007
-0.17917386072802038,1.5901780441278879,-20.000000000000007
-0.17259283802865877,1.547239310983191,-20.000000000000007
-0.18226034594502283,1.5752406240198034,-20.000000000000007
-0.16491224342351885,1.4962079272044329,-20.000000000000007
-0.18842511370101273,1.5738540301251949,-20.000000000000007
-0.1811061921972143,1.5615965088310682,-20.000000000000007
-0.17933485877093766,1.5832655028315092,-20.000000000000007
-0.18842511370101275,1.5738540301251946,-20.000000000000007
-0.17337853243457832,1.5519365666422185,-20.000000000000007
-0.1894245325731731,1.5791548760255547,-20.000000000000007
-0.18246257456162718,1.5751980137483315,-20.000000000000007
-0.18837473412143402,1.573377960684116,-20.000000000000007
-0.18888897604606417,1.5748627885679038,-20.000000000000007
-0.176942965478157,1.572743141012019,-20.000000000000007
-0.19303815211615682,1.6120202560143868,-20.000000000000007
-0.2194162957036321,1.934944495264261,-20.000000000000007
-0.25326889233539673,1.757802427023983,-20.000000000000007
-0.2862439907168459,1.544099910756524,-20.000000000000007
-0.30776745121695326,1.5111449464988782,-20.000000000000007
-0.3255172524660343,1.4984893661709884,-20.000000000000007
-0.331915041852136,1.497893808353168,-20.000000000000007
-0.34421203513465565,1.4980547820961945,-20.000000000000007
-0.34029076829568544,1.498831862243544,-20.000000000000007
-0.33752714492097835,1.4999705472484655,-20.000000000000007
-0.33373119951117236,1.4973883734524869,-20.000000000000007
-0.32236597638204745,1.4974206229250764,-20.000000000000007
-0.32000635075415806,1.4998848671899376,-20.000000000000007
-0.3048365302203368,1.5054126349958046,-20.000000000000007
-0.2846518857921983,1.54716867809942,-20.000000000000007
-0.25677700892743516,1.7710504404728777,-20.000000000000007
-0.24812580977577064,1.7865182147609995,-20.000000000000007
-0.21249249546208399,1.8480238795029051,-20.000000000000007
-0.18837473412143407,1.5733779606841163,-20.000000000000007
-0.18226034594502277,1.575240624019803,-20.000000000000007
-0.16226514651890211,1.479978094344565,-20.000000000000007
-0.16270023080057264,1.4821412217524916,-20.000000000000007
-0.1627002308005726,1.4821412217524916,-20.000000000000007
-0.14969871320520373,1.4376750065870232,-20.000000000000007
-0.16226514651890211,1.479978094344565,-20.000000000000007
-0.1627002308005726,1.4821412217524914,-20.000000000000007
-0.18067000068203443,1.5594198148107747,-20.000000000000007
-0.18837473412143405,1.5733779606841163,-20.000000000000007
-0.18226034594502277,1.5752406240198031,-20.000000000000007
-0.18888897604606414,1.5748627885679038,-20.000000000000007
-0.18842511370101275,1.5738540301251949,-20.000000000000007
-0.19303815211615682,1.6120202560143864,-20.000000000000007
-0.1888889760460642,1.5748627885679038,-20.000000000000007
-0.1941542021624192,1.6248355056872368,-20.000000000000007
-0.18888897604606414,1.574862788567904,-20.000000000000007
-0.20117245829941957,1.7057620812394532,-20.000000000000007
-0.19303815211615682,1.6120202560143864,-20.000000000000007
-0.2042962912994226,1.7509576343442548,-20.000000000000007
-0.2040443086596288,1.7471900021231153,-20.000000000000007
-0.21248743473298976,1.8569242044846717,-20.000000000000007
-0.21204973859417786,1.8497531531648241,-20.000000000000007
-0.21851335106583325,1.936339667920196,-20.000000000000007
-0.21248743473298978,1.8569242044846717,-20.000000000000007
-0.21248743473298978,1.8569242044846717,-20.000000000000007
-0.25493350224142575,1.7718608969257508,-20.000000000000007
-0.2690512663685902,1.7362155922654685,-20.000000000000007
-0.3053501115935521,1.507220672438164,-20.000000000000007
-0.3240351286983155,1.5002731506684155,-20.000000000000007
-0.3100415081193005,1.5038665802973847,-20.000000000000007
-0.28142764322586944,1.5247664416818103,-20.000000000000007
-0.23307203896492917,1.918360971519973,-20.000000000000007
-0.1742675836248365,1.5596310191219989,-20.000000000000007
-0.1316233486773816,1.512553191202664,-20.000000000000007
-0.12540407940220547,1.5225030507157356,-20.000000000000007
-0.12405129492932987,1.5281230603556573,-20.000000000000007
-0.1254040794022055,1.522503050715735,-20.000000000000007
-0.12540407940220547,1.5225030507157356,-20.000000000000007
-0.1254040794022055,1.5225030507157353,-20.000000000000007
-0.1296237382480963,1.525556298070263,-20.000000000000007
-0.12684286767579064,1.5197244813100859,-20.000000000000007
-0.13434189990028766,1.4942024153350568,-20.000000000000007
-0.13496593015556188,1.490400499773179,-20.000000000000007
-0.1322518888393985,1.505849498802996,-20.000000000000007
-0.13559501490126288,1.4971204706629226,-20.000000000000007
-0.13496593015556188,1.4904004997731792,-20.000000000000007
-0.13634314369070832,1.469091816603712,-20.000000000000007
-0.13766089245675403,1.4109848407592602,-20.000000000000007
-0.13766089245675403,1.4109848407592605,-20.000000000000007
-0.16226514651890211,1.479978094344565,-20.000000000000007
-0.14969871320520373,1.437675006587023,-20.000000000000007
-0.16491224342351885,1.4962079272044329,-20.000000000000007
-0.14969871320520375,1.4376750065870232,-20.000000000000007
-0.14975415741304388,1.4356391577721634,-20.000000000000007
-0.1617536389502492,1.4767475548411566,-20.000000000000007
-0.13766089245675406,1.4109848407592602,-20.000000000000007
-0.16226514651890211,1.4799780943445653,-20.000000000000007
-0.13766089245675406,1.4109848407592605,-20.000000000000007
-0.1509864912825978,1.3992341320455806,-20.000000000000007
-0.1497541574130439,1.4356391577721637,-20.000000000000007
-0.14896232389835787,1.441250436214657,-20.000000000000007
-0.17337853243457832,1.551936566642219,-20.000000000000007
-0.13766089245675406,1.4109848407592605,-20.000000000000007
-0.16270023080057264,1.4821412217524916,-20.000000000000007
-0.14975414285615307,1.4356134548649337,-20.000000000000007
-0.14975414285615304,1.435613454864934,-20.000000000000007
-0.17337853243457835,1.5519365666422187,-20.000000000000007
-0.1377468926182409,1.4138227263361494,-20.000000000000007
-0.17716407672167844,1.5760687284044748,-20.000000000000007
-0.20404430865962883,1.7471900021231153,-20.000000000000007
-0.2502845554208488,1.7235141714337494,-20.000000000000007
-0.2823512116961867,1.5077373236686635,-20.000000000000007
-0.30791507406038887,1.5107775697420782,-20.000000000000007
-0.30212152026981104,1.5362892984224135,-20.000000000000007
-0.26404433515631154,1.7598858800564576,-20.000000000000007
-0.22088539733767876,1.931145289038375,-20.000000000000007
-0.16491224342351887,1.4962079272044329,-20.000000000000007
-0.1296237382480963,1.525556298070263,-20.000000000000007
-0.12405129492932987,1.5281230603556573,-20.000000000000007
-0.12405129492932987,1.5281230603556573,-20.000000000000007
-0.12540407940220547,1.5225030507157356,-20.000000000000007
-0.1254040794022055,1.5225030507157353,-20.000000000000007
-0.1254040801820389,1.522504700423505,-20.000000000000007
-0.1254040801820389,1.5225047004235046,-20.000000000000007
-0.1296237382480963,1.5255562980702633,-20.000000000000007
-0.13160506288298887,1.5132325960306732,-20.000000000000007
-0.13162334867738157,1.5125531912026637,-20.000000000000007
-0.134987587169906,1.4902841828006377,-20.000000000000007
-0.13496593015556188,1.490400499773179,-20.000000000000007
-0.13559501490126288,1.4971204706629226,-20.000000000000007
-0.13541503259313706,1.4948226663941326,-20.000000000000007
-0.13559501490126288,1.4971204706629226,-20.000000000000007
-0.14969871320520373,1.437675006587023,-20.000000000000007
-0.1377468926182409,1.4138227263361494,-20.000000000000007
-0.16491224342351885,1.4962079272044326,-20.000000000000007
-0.1509864912825978,1.3992341320455803,-20.000000000000007
-0.16015086704143033,1.4658572207674503,-20.000000000000007
-0.1509864912825978,1.3992341320455803,-20.000000000000007
-0.13766089245675406,1.4109848407592605,-20.000000000000007
-0.1509864912825978,1.3992341320455801,-20.000000000000007
-0.13634314369070832,1.469091816603712,-20.000000000000007
-0.1509867696831351,1.3990909895297732,-20.000000000000007
-0.14969871320520375,1.4376750065870232,-20.000000000000007
-0.13766089245675403,1.4109848407592602,-20.000000000000007
-0.15188571630985698,1.402262875380409,-20.000000000000007
-0.1363431436907083,1.4690918166037124,-20.000000000000007
-0.16015086704143036,1.4658572207674503,-20.000000000000007
-0.13774689261824094,1.4138227263361496,-20.000000000000007
-0.1377468926182409,1.4138227263361496,-20.000000000000007
-0.14969871320520375,1.4376750065870232,-20.000000000000007
-0.13607296571720057,1.4831686616984474,-20.000000000000007
-0.1509864912825978,1.3992341320455806,-20.000000000000007
-0.14969871320520373,1.4376750065870234,-20.000000000000007
-0.2194162957036321,1.934944495264261,-20.000000000000007
-0.27963884231042074,1.484372168598152,-20.000000000000007
-0.3185208560911362,1.50040995584895,-20.000000000000007
-0.35829662266165935,1.5002011533051216,-20.000000000000007
-0.3441010466333881,1.4982722572441975,-20.000000000000007
-0.30103920601302403,1.5468891795845787,-20.000000000000007
-0.24745330071993613,1.7895322353368992,-20.000000000000007
-0.1742675836248365,1.5596310191219986,-20.000000000000007
-0.12942838191366207,1.5266195020865656,-20.000000000000007
-0.1240512949293299,1.5281230603556573,-20.000000000000007
-0.12405129492932987,1.5281230603556573,-20.000000000000007
-0.12405129492932987,1.528123060355657,-20.000000000000007
-0.12405129492932988,1.5281230603556573,-20.000000000000007
-0.1254040794022055,1.5225030507157353,-20.000000000000007
-0.1254040801820389,1.5225047004235046,-20.000000000000007
-0.12684286767579067,1.5197244813100856,-20.000000000000007
-0.1296237382480963,1.5255562980702628,-20.000000000000007
-0.12942838191366207,1.5266195020865654,-20.000000000000007
-0.13496593015556188,1.490400499773179,-20.000000000000007
-0.13162334867738157,1.5125531912026637,-20.000000000000007
-0.13496593015556185,1.490400499773179,-20.000000000000007
-0.13523645424514372,1.4956132648969094,-20.000000000000007
-0.1350079976204999,1.4901723146345818,-20.000000000000007
-0.13774689261824094,1.4138227263361496,-20.000000000000007
-0.13766089245675403,1.4109848407592602,-20.000000000000007
-0.14975414285615307,1.435613454864934,-20.000000000000007
-0.14975414285615307,1.4356134548649337,-20.000000000000007
-0.13766033188648452,1.4110074467856224,-20.000000000000007
-0.151885716309857,1.402262875380409,-20.000000000000007
-0.13634314369070832,1.4690918166037121,-20.000000000000007
-0.14969871320520375,1.4376750065870232,-20.000000000000007
-0.1377468926182409,1.4138227263361496,-20.000000000000007
-0.13559501490126286,1.4971204706629226,-20.000000000000007
-0.14975414285615304,1.435613454864934,-20.000000000000007
-0.13559501490126288,1.4971204706629224,-20.000000000000007
-0.14975415741304388,1.4356391577721634,-20.000000000000007
-0.13774689261824094,1.4138227263361496,-20.000000000000007
-0.13766089245675406,1.4109848407592605,-20.000000000000007
-0.14969871320520375,1.437675006587023,-20.000000000000007
-0.13559501490126286,1.4971204706629224,-20.000000000000007
-0.14975414285615304,1.435613454864934,-20.000000000000007
-0.13626488909486958,1.4776041952523142,-20.000000000000007
-0.14969871320520373,1.4376750065870232,-20.000000000000007
-0.17259283802865877,1.5472393109831908,-20.000000000000007
-0.18842511370101275,1.5738540301251946,-20.000000000000007
-0.2502778311120735,1.7252964706523972,-20.000000000000007
-0.28312949508500285,1.5188264880622553,-20.000000000000007
-0.31406293513102,1.5002653705746047,-20.000000000000007
-0.30837473412674216,1.5088529389489542,-20.000000000000007
-0.27631090418711085,1.5509085639401683,-20.000000000000007
-0.21922874615177093,1.9347618641061417,-20.000000000000007
-0.14975414285615307,1.4356134548649337,-20.000000000000007
-0.12942838191366207,1.5266195020865656,-20.000000000000007
-0.1240512949293299,1.528123060355657,-20.000000000000007
-0.12405129492932987,1.5281230603556573,-20.000000000000007
-0.1240512949293299,1.528123060355657,-20.000000000000007
-0.12540407940220547,1.5225030507157356,-20.000000000000007
-0.1254040794022055,1.5225030507157356,-20.000000000000007
-0.12540407940220547,1.5225030507157356,-20.000000000000007
-0.12942838191366207,1.5266195020865656,-20.000000000000007
-0.12684286767579067,1.5197244813100856,-20.000000000000007
-0.13160506288298884,1.5132325960306734,-20.000000000000007
-0.13225188883939853,1.505849498802996,-20.000000000000007
-0.13162334867738157,1.512553191202664,-20.000000000000007
-0.1352364542451437,1.4956132648969094,-20.000000000000007
-0.13496593015556185,1.4904004997731795,-20.000000000000007
-0.134987587169906,1.490284182800638,-20.000000000000007
-0.13541503259313706,1.4948226663941326,-20.000000000000007
-0.13496593015556185,1.4904004997731792,-20.000000000000007
-0.1350079976204999,1.4901723146345818,-20.000000000000007
-0.13496593015556185,1.490400499773179,-20.000000000000007
-0.13496593015556188,1.4904004997731792,-20.000000000000007
-0.13496593015556185,1.490400499773179,-20.000000000000007
-0.13496974848001758,1.4907327764956038,-20.000000000000007
-0.13500799762049986,1.4901723146345818,-20.000000000000007
-0.13505647193701795,1.4933154606281196,-20.000000000000007
-0.13505647193701795,1.4933154606281194,-20.000000000000007
-0.1352364542451437,1.4956132648969094,-20.000000000000007
-0.1352364542451437,1.4956132648969094,-20.000000000000007
-0.13523645424514372,1.4956132648969094,-20.000000000000007
-0.1352364542451437,1.4956132648969094,-20.000000000000007
-0.1352364542451437,1.4956132648969094,-20.000000000000007
-0.13523645424514372,1.4956132648969092,-20.000000000000007
-0.1352364542451437,1.4956132648969094,-20.000000000000007
-0.13500799762049986,1.4901723146345818,-20.000000000000007
-0.13500799762049986,1.4901723146345818,-20.000000000000007
-0.13500799762049986,1.4901723146345816,-20.000000000000007
-0.13607296571720057,1.4831686616984472,-20.000000000000007
-0.2011724582994196,1.7057620812394532,-20.000000000000007
-0.25533725203573415,1.767855612558387,-20.000000000000007
-0.3134280409917548,1.504299353145016,-20.000000000000007
-0.3498093056587262,1.5002264255481155,-20.000000000000007
-0.3319657875025893,1.4975927891806404,-20.000000000000007
-0.29409948353850723,1.5976984666975413,-20.000000000000007
-0.2312314375483921,1.9063679033844283,-20.000000000000007
-0.14975414285615307,1.4356134548649337,-20.000000000000007
-0.12962373824809628,1.525556298070263,-20.000000000000007
-0.12405129492932988,1.5281230603556573,-20.000000000000007
-0.12405129492932988,1.5281230603556568,-20.000000000000007
-0.12405129492932988,1.5281230603556573,-20.000000000000007
-0.1254040794022055,1.5225030507157356,-20.000000000000007
-0.1254040794022055,1.5225030507157356,-20.000000000000007
-0.12540408018203894,1.5225047004235048,-20.000000000000007
-0.1296237382480963,1.525556298070263,-20.000000000000007
-0.12849335850247093,1.5247118007304847,-20.000000000000007
-0.13162334867738157,1.5125531912026637,-20.000000000000007
-0.13162334867738157,1.512553191202664,-20.000000000000007
-0.13160506288298887,1.5132325960306732,-20.000000000000007
-0.13496593015556188,1.4904004997731792,-20.000000000000007
-0.13496593015556188,1.4904004997731792,-20.000000000000007
-0.1363431436907083,1.4690918166037121,-20.000000000000007
-0.1363431436907083,1.4690918166037121,-20.000000000000007
-0.1489623238983579,1.441250436214657,-20.000000000000007
-0.14969871320520375,1.437675006587023,-20.000000000000007
-0.13766033188648455,1.4110074467856226,-20.000000000000007
-0.1497541574130439,1.4356391577721637,-20.000000000000007
-0.1363431436907083,1.4690918166037124,-20.000000000000007
-0.14975414285615304,1.4356134548649337,-20.000000000000007
-0.1377468926182409,1.4138227263361496,-20.000000000000007
-0.1363431436907083,1.469091816603712,-20.000000000000007
-0.14969871320520375,1.437675006587023,-20.000000000000007
-0.1362648890948696,1.477604195252314,-20.000000000000007
-0.14975414285615307,1.4356134548649337,-20.000000000000007
-0.13766089245675406,1.4109848407592602,-20.000000000000007
-0.13766089245675403,1.4109848407592605,-20.000000000000007
-0.13774689261824094,1.4138227263361496,-20.000000000000007
-0.13559501490126286,1.4971204706629226,-20.000000000000007
-0.14975414285615307,1.4356134548649337,-20.000000000000007
-0.13559501490126286,1.4971204706629226,-20.000000000000007
-0.14969871320520378,1.437675006587023,-20.000000000000007
-0.13774689261824094,1.4138227263361496,-20.000000000000007
-0.1377468926182409,1.4138227263361494,-20.000000000000007
-0.19303815211615682,1.6120202560143868,-20.000000000000007
-0.2327863050039776,1.9217446600094166,-20.000000000000007
-0.27908581884652184,1.4629854224262329,-20.000000000000007
-0.3090730473186497,1.507623797768365,-20.000000000000007
-0.2959455744300641,1.5919126717274488,-20.000000000000007
-0.25916639746019987,1.7765850537691927,-20.000000000000007
-0.20404430865962883,1.7471900021231155,-20.000000000000007
-0.13766089245675403,1.4109848407592605,-20.000000000000007
-0.1254040801820389,1.5225047004235048,-20.000000000000007
-0.1240512949293299,1.5281230603556573,-20.000000000000007
-0.12405129492932987,1.5281230603556573,-20.000000000000007
-0.12405129492932987,1.528123060355657,-20.000000000000007
-0.12405129492932988,1.5281230603556573,-20.000000000000007
-0.12684286767579067,1.5197244813100856,-20.000000000000007
-0.12684286767579067,1.5197244813100859,-20.000000000000007
-0.12962373824809628,1.525556298070263,-20.000000000000007
-0.13162334867738157,1.512553191202664,-20.000000000000007
-0.12962373824809628,1.525556298070263,-20.000000000000007
-0.13496593015556185,1.490400499773179,-20.000000000000007
-0.13162334867738157,1.5125531912026637,-20.000000000000007
-0.13496974848001755,1.4907327764956038,-20.000000000000007
-0.13541503259313709,1.4948226663941324,-20.000000000000007
-0.13523645424514372,1.4956132648969094,-20.000000000000007
-0.14896232389835787,1.4412504362146568,-20.000000000000007
-0.1363431436907083,1.469091816603712,-20.000000000000007
-0.14975414285615307,1.4356134548649337,-20.000000000000007
-0.13766089245675406,1.4109848407592602,-20.000000000000007
-0.13626488909486958,1.4776041952523138,-20.000000000000007
-0.13774689261824094,1.4138227263361494,-20.000000000000007
-0.13500799762049986,1.4901723146345818,-20.000000000000007
-0.13766089245675403,1.4109848407592602,-20.000000000000007
-0.13559501490126286,1.4971204706629226,-20.000000000000007
-0.13766089245675406,1.4109848407592605,-20.000000000000007
-0.1377468926182409,1.4138227263361494,-20.000000000000007
-0.13505647193701792,1.4933154606281192,-20.000000000000007
-0.14969871320520375,1.437675006587023,-20.000000000000007
-0.1350079976204999,1.4901723146345818,-20.000000000000007
-0.13634314369070832,1.469091816603712,-20.000000000000007
-0.1363431436907083,1.469091816603712,-20.000000000000007
-0.1350079976204999,1.4901723146345818,-20.000000000000007
-0.13766089245675406,1.41098484075926,-20.000000000000007
-0.13496593015556185,1.4904004997731792,-20.000000000000007
-0.13766033188648455,1.4110074467856226,-20.000000000000007
-0.14896232389835787,1.4412504362146568,-20.000000000000007
-0.23097115312675073,1.9116541230441984,-20.000000000000007
-0.28092918236810926,1.508353987964464,-20.000000000000007
-0.3180989613192334,1.4994413093041887,-20.000000000000007
-0.3648131847189736,1.5026024354000969,-20.000000000000007
-0.3303938797204585,1.4963661005382716,-20.000000000000007
-0.2962308331150285,1.5930388424887272,-20.000000000000007
-0.24442914323554268,1.823080653604334,-20.000000000000007
-0.1377468926182409,1.4138227263361496,-20.000000000000007
-0.12684286767579064,1.5197244813100856,-20.000000000000007
-0.12405129492932987,1.528123060355657,-20.000000000000007
-0.12405129492932988,1.5281230603556573,-20.000000000000007
-0.1254040794022055,1.5225030507157356,-20.000000000000007
-0.1254040794022055,1.522503050715735,-20.000000000000007
-0.1254040794022055,1.5225030507157356,-20.000000000000007
-0.12942838191366207,1.5266195020865654,-20.000000000000007
-0.12684286767579067,1.5197244813100859,-20.000000000000007
-0.13162334867738157,1.5125531912026637,-20.000000000000007
-0.1316233486773816,1.512553191202664,-20.000000000000007
-0.13496593015556188,1.490400499773179,-20.000000000000007
-0.13496974848001758,1.490732776495604,-20.000000000000007
-0.1322518888393985,1.505849498802996,-20.000000000000007
-0.13559501490126286,1.4971204706629224,-20.000000000000007
-0.1352364542451437,1.4956132648969092,-20.000000000000007
-0.13766089245675403,1.4109848407592605,-20.000000000000007
-0.14896232389835787,1.4412504362146568,-20.000000000000007
-0.13766089245675406,1.4109848407592605,-20.000000000000007
-0.1497541574130439,1.4356391577721637,-20.000000000000007
-0.13766089245675406,1.4109848407592605,-20.000000000000007
-0.151885716309857,1.402262875380409,-20.000000000000007
-0.14947306268121344,1.4401096667703466,-20.000000000000007
-0.13774689261824094,1.4138227263361496,-20.000000000000007
-0.14975414285615304,1.4356134548649337,-20.000000000000007
-0.13559501490126286,1.4971204706629226,-20.000000000000007
-0.15098676968313507,1.3990909895297734,-20.000000000000007
-0.1363431436907083,1.469091816603712,-20.000000000000007
-0.14975414285615307,1.435613454864934,-20.000000000000007
-0.14975414285615304,1.435613454864934,-20.000000000000007
-0.1362648890948696,1.4776041952523142,-20.000000000000007
-0.1497541574130439,1.4356391577721637,-20.000000000000007
-0.13559501490126288,1.4971204706629224,-20.000000000000007
-0.14969871320520375,1.437675006587023,-20.000000000000007
-0.13766089245675403,1.4109848407592605,-20.000000000000007
-0.1363431436907083,1.4690918166037121,-20.000000000000007
-0.17548244831557921,1.566996165209496,-20.000000000000007
-0.19885325672563559,1.6783739635447605,-20.000000000000007
-0.24850050817507827,1.7781541308881685,-20.000000000000007
-0.2801598476979634,1.4819241385848267,-20.000000000000007
-0.3098651451481315,1.502752591448091,-20.000000000000007
-0.28711665010068016,1.5498945121053427,-20.000000000000007
-0.2552406432801047,1.7695258837127659,-20.000000000000007
-0.2040443086596288,1.7471900021231155,-20.000000000000007
-0.13523645424514372,1.4956132648969094,-20.000000000000007
-0.12684286767579067,1.5197244813100859,-20.000000000000007
-0.1254040794022055,1.5225030507157356,-20.000000000000007
-0.12405129492932988,1.5281230603556573,-20.000000000000007
-0.1254040794022055,1.5225030507157353,-20.000000000000007
-0.1254040794022055,1.522503050715735,-20.000000000000007
-0.12684286767579064,1.5197244813100856,-20.000000000000007
-0.12540408018203894,1.5225047004235046,-20.000000000000007
-0.12849335850247093,1.5247118007304847,-20.000000000000007
-0.12684286767579064,1.5197244813100859,-20.000000000000007
-0.1296237382480963,1.5255562980702628,-20.000000000000007
-0.1296237382480963,1.525556298070263,-20.000000000000007
-0.13162334867738157,1.5125531912026637,-20.000000000000007
-0.13162334867738157,1.5125531912026637,-20.000000000000007
-0.13496593015556188,1.490400499773179,-20.000000000000007
-0.13496974848001758,1.4907327764956038,-20.000000000000007
-0.1352364542451437,1.4956132648969094,-20.000000000000007
-0.13559501490126288,1.4971204706629226,-20.000000000000007
-0.13559501490126286,1.4971204706629226,-20.000000000000007
-0.13559501490126288,1.4971204706629226,-20.000000000000007
-0.13559501490126288,1.4971204706629224,-20.000000000000007
-0.13559501490126286,1.4971204706629224,-20.000000000000007
-0.1352364542451437,1.4956132648969094,-20.000000000000007
-0.13523645424514372,1.4956132648969094,-20.000000000000007
-0.13496593015556185,1.490400499773179,-20.000000000000007
-0.13496974848001758,1.490732776495604,-20.000000000000007
-0.13496593015556185,1.490400499773179,-20.000000000000007
-0.1350079976204999,1.4901723146345818,-20.000000000000007
-0.13496593015556185,1.490400499773179,-20.000000000000007
-0.13496593015556185,1.4904004997731792,-20.000000000000007
-0.13496593015556188,1.4904004997731792,-20.000000000000007
-0.13496593015556188,1.4904004997731795,-20.000000000000007
-0.13496593015556185,1.490400499773179,-20.000000000000007
-0.13496593015556188,1.4904004997731792,-20.000000000000007
-0.13500799762049986,1.4901723146345816,-20.000000000000007
-0.1352364542451437,1.4956132648969092,-20.000000000000007
-0.14975414285615307,1.435613454864934,-20.000000000000007
-0.22701847162298078,1.9309018468452899,-20.000000000000007
-0.2781316740169163,1.564243964619891,-20.000000000000007
-0.3261278881304048,1.4992492757145504,-20.000000000000007
-0.3554011539085309,1.5006467632924907,-20.000000000000007
-0.3239628616473654,1.4999548418820123,-20.000000000000007
-0.2827605767136566,1.5355935850719418,-20.000000000000007
-0.2124774017858964,1.8482623387946078,-20.000000000000007
-0.1352364542451437,1.4956132648969094,-20.000000000000007
-0.12540407940220547,1.5225030507157356,-20.000000000000007
-0.12405129492932988,1.5281230603556573,-20.000000000000007
-0.12405129492932988,1.528123060355657,-20.000000000000007
-0.12405129492932987,1.5281230603556573,-20.000000000000007
-0.12540407940220547,1.5225030507157356,-20.000000000000007
-0.1254040801820389,1.5225047004235048,-20.000000000000007
-0.12684286767579064,1.5197244813100856,-20.000000000000007
-0.1296237382480963,1.525556298070263,-20.000000000000007
-0.12942838191366207,1.5266195020865658,-20.000000000000007
-0.13496593015556185,1.4904004997731792,-20.000000000000007
-0.13162334867738157,1.512553191202664,-20.000000000000007
-0.13496593015556185,1.490400499773179,-20.000000000000007
-0.13496974848001755,1.4907327764956042,-20.000000000000007
-0.13496593015556185,1.490400499773179,-20.000000000000007
-0.13766089245675406,1.4109848407592605,-20.000000000000007
-0.13559501490126288,1.4971204706629226,-20.000000000000007
-0.1489623238983579,1.441250436214657,-20.000000000000007
-0.13766089245675403,1.4109848407592605,-20.000000000000007
-0.13559501490126286,1.4971204706629226,-20.000000000000007
-0.1489623238983579,1.441250436214657,-20.000000000000007
-0.13559501490126288,1.4971204706629224,-20.000000000000007
-0.1489623238983579,1.441250436214657,-20.000000000000007
-0.13634314369070832,1.4690918166037121,-20.000000000000007
-0.13626488909486958,1.4776041952523142,-20.000000000000007
-0.13766089245675403,1.4109848407592602,-20.000000000000007
-0.1352364542451437,1.4956132648969094,-20.000000000000007
-0.14969871320520375,1.437675006587023,-20.000000000000007
-0.13559501490126286,1.4971204706629226,-20.000000000000007
-0.13774689261824094,1.4138227263361494,-20.000000000000007
-0.1377468926182409,1.4138227263361496,-20.000000000000007
-0.1352364542451437,1.4956132648969092,-20.000000000000007
-0.14969871320520373,1.437675006587023,-20.000000000000007
-0.13541503259313706,1.4948226663941326,-20.000000000000007
-0.13774689261824088,1.4138227263361496,-20.000000000000007
-0.1363431436907083,1.469091816603712,-20.000000000000007
-0.13766089245675403,1.4109848407592605,-20.000000000000007
-0.2274569379772847,1.9260292721451284,-20.000000000000007
-0.25699872454187084,1.7705084698542464,-20.000000000000007
-0.30362848609905935,1.5141126902435111,-20.000000000000007
-0.3309966165750866,1.4986051411406456,-20.000000000000007
-0.2965029564967724,1.5892511843510007,-20.000000000000007
-0.25634098644115294,1.7681801824829138,-20.000000000000007
-0.19927599968825094,1.6820169922625399,-20.000000000000007
-0.13559501490126286,1.4971204706629224,-20.000000000000007
-0.1254040801820389,1.5225047004235046,-20.000000000000007
-0.12405129492932988,1.5281230603556568,-20.000000000000007
-0.12405129492932988,1.5281230603556573,-20.000000000000007
-0.12405129492932987,1.5281230603556573,-20.000000000000007
-0.12540407940220547,1.5225030507157356,-20.000000000000007
-0.1254040794022055,1.5225030507157356,-20.000000000000007
-0.12942838191366204,1.5266195020865656,-20.000000000000007
-0.12849335850247087,1.5247118007304847,-20.000000000000007
-0.13162334867738157,1.5125531912026637,-20.000000000000007
-0.1316233486773816,1.512553191202664,-20.000000000000007
-0.13162334867738157,1.512553191202664,-20.000000000000007
-0.13523645424514372,1.4956132648969094,-20.000000000000007
-0.13496593015556185,1.4904004997731792,-20.000000000000007
-0.13559501490126286,1.4971204706629226,-20.000000000000007
-0.13766033188648455,1.4110074467856226,-20.000000000000007
-0.1363431436907083,1.469091816603712,-20.000000000000007
-0.14975414285615307,1.4356134548649337,-20.000000000000007
-0.13634314369070832,1.469091816603712,-20.000000000000007
-0.14975414285615304,1.4356134548649337,-20.000000000000007
-0.13766089245675406,1.4109848407592605,-20.000000000000007
-0.13766033188648452,1.4110074467856226,-20.000000000000007
-0.13774689261824094,1.4138227263361496,-20.000000000000007
-0.13523645424514372,1.4956132648969092,-20.000000000000007
-0.1377468926182409,1.4138227263361494,-20.000000000000007
-0.13559501490126288,1.4971204706629226,-20.000000000000007
-0.13766089245675406,1.4109848407592605,-20.000000000000007
-0.13766033188648452,1.4110074467856224,-20.000000000000007
-0.13541503259313706,1.4948226663941322,-20.000000000000007
-0.13774689261824094,1.4138227263361496,-20.000000000000007
-0.1352364542451437,1.4956132648969092,-20.000000000000007
-0.1377468926182409,1.4138227263361496,-20.000000000000007
-0.1360729657172006,1.4831686616984472,-20.000000000000007
-0.13559501490126286,1.4971204706629224,-20.000000000000007
-0.13774689261824094,1.4138227263361496,-20.000000000000007
-0.1352364542451437,1.4956132648969092,-20.000000000000007
-0.180374903390968,1.5624216849117094,-20.000000000000007
-0.24753611064781528,1.7981305890838026,-20.000000000000007
-0.28055549551024955,1.5023787207394623,-20.000000000000007
-0.32835628623528484,1.498041376682162,-20.000000000000007
-0.3443619905504198,1.498152771687629,-20.000000000000007
-0.30715824340204906,1.5095864678903101,-20.000000000000007
-0.2786975700613999,1.5412398948221344,-20.000000000000007
-0.20140419548837765,1.7053290954227356,-20.000000000000007
-0.13523645424514372,1.4956132648969092,-20.000000000000007
-0.12684286767579067,1.5197244813100859,-20.000000000000007
-0.12405129492932988,1.5281230603556573,-20.000000000000007
-0.12405129492932987,1.528123060355657,-20.000000000000007
-0.12405129492932987,1.5281230603556568,-20.000000000000007
-0.12540407940220547,1.5225030507157356,-20.000000000000007
-0.1254040794022055,1.5225030507157356,-20.000000000000007
-0.12962373824809628,1.5255562980702628,-20.000000000000007
-0.12962373824809628,1.525556298070263,-20.000000000000007
-0.1316233486773816,1.512553191202664,-20.000000000000007
-0.13496593015556188,1.4904004997731792,-20.000000000000007
-0.13162334867738157,1.512553191202664,-20.000000000000007
-0.1352364542451437,1.4956132648969094,-20.000000000000007
-0.13496593015556185,1.490400499773179,-20.000000000000007
-0.13559501490126286,1.4971204706629226,-20.000000000000007
-0.13766089245675406,1.4109848407592605,-20.000000000000007
-0.13559501490126286,1.4971204706629224,-20.000000000000007
-0.151885716309857,1.402262875380409,-20.000000000000007
-0.13766089245675406,1.4109848407592602,-20.000000000000007
-0.14975414285615307,1.435613454864934,-20.000000000000007
-0.1377468926182409,1.4138227263361496,-20.000000000000007
-0.1363431436907083,1.4690918166037121,-20.000000000000007
-0.13766089245675403,1.4109848407592605,-20.000000000000007
-0.13523645424514372,1.4956132648969092,-20.000000000000007
-0.1489623238983579,1.441250436214657,-20.000000000000007
-0.13559501490126288,1.4971204706629226,-20.000000000000007
-0.13766089245675406,1.4109848407592605,-20.000000000000007
-0.1377468926182409,1.4138227263361496,-20.000000000000007
-0.1352364542451437,1.495613264896909,-20.000000000000007
-0.1377468926182409,1.4138227263361496,-20.000000000000007
-0.1352364542451437,1.495613264896909,-20.000000000000007
-0.13766089245675406,1.4109848407592605,-20.000000000000007
-0.13634314369070832,1.4690918166037121,-20.000000000000007
-0.13559501490126286,1.4971204706629226,-20.000000000000007
-0.13774689261824094,1.4138227263361496,-20.000000000000007
-0.13496593015556185,1.4904004997731792,-20.000000000000007
-0.16491224342351885,1.4962079272044326,-20.000000000000007
-0.22908401014588486,1.9272000926378037,-20.000000000000007
-0.2630248698858005,1.763246554423548,-20.000000000000007
-0.3067739137673477,1.5114988088153862,-20.000000000000007
-0.3148807872542517,1.4939859889795377,-20.000000000000007
-0.27904186158521965,1.4658209857437952,-20.000000000000007
-0.2378795448343607,1.902127751689123,-20.000000000000007
-0.18110619219721424,1.5615965088310684,-20.000000000000007
-0.13496593015556188,1.4904004997731792,-20.000000000000007
-0.1254040794022055,1.5225030507157356,-20.000000000000007
-0.12540407940220547,1.5225030507157353,-20.000000000000007
-0.12540407940220547,1.5225030507157356,-20.000000000000007
-0.12540407940220547,1.5225030507157353,-20.000000000000007
-0.1254040794022055,1.522503050715735,-20.000000000000007
-0.12684286767579067,1.5197244813100856,-20.000000000000007
-0.12684286767579067,1.5197244813100854,-20.000000000000007
-0.13160506288298884,1.5132325960306732,-20.000000000000007
-0.1322518888393985,1.505849498802996,-20.000000000000007
-0.1316233486773816,1.5125531912026637,-20.000000000000007
-0.13523645424514372,1.4956132648969094,-20.000000000000007
-0.13496593015556185,1.490400499773179,-20.000000000000007
-0.1352364542451437,1.495613264896909,-20.000000000000007
-0.13766089245675406,1.4109848407592602,-20.000000000000007
-0.13541503259313709,1.4948226663941326,-20.000000000000007
-0.13634314369070832,1.4690918166037124,-20.000000000000007
-0.1352364542451437,1.4956132648969094,-20.000000000000007
-0.13505647193701792,1.4933154606281194,-20.000000000000007
-0.13496593015556188,1.490400499773179,-20.000000000000007
-0.13496593015556188,1.4904004997731792,-20.000000000000007
-0.13496593015556188,1.490400499773179,-20.000000000000007
-0.13496593015556185,1.4904004997731795,-20.000000000000007
-0.13496593015556185,1.490400499773179,-20.000000000000007
-0.13496593015556188,1.4904004997731795,-20.000000000000007
-0.13496593015556188,1.4904004997731792,-20.000000000000007
-0.13505647193701795,1.4933154606281194,-20.000000000000007
-0.1350079976204999,1.4901723146345818,-20.000000000000007
-0.13500799762049986,1.4901723146345818,-20.000000000000007
-0.13496593015556185,1.490400499773179,-20.000000000000007
-0.13496593015556185,1.4904004997731792,-20.000000000000007
-0.13496593015556185,1.4904004997731792,-20.000000000000007
-0.13496974848001758,1.490732776495604,-20.000000000000007
-0.13496593015556188,1.490400499773179,-20.000000000000007
-0.13496593015556188,1.490400499773179,-20.000000000000007
-0.13496593015556185,1.4904004997731792,-20.000000000000007
-0.15098649128259778,1.3992341320455806,-20.000000000000007
-0.22984345828266534,1.9266783470048332,-20.000000000000007
-0.2821249840629593,1.5268853483064393,-20.000000000000007
-0.33759918786729437,1.499994925787635,-20.000000000000007
-0.3489833206430951,1.5001200005080308,-20.000000000000007
-0.318496661661251,1.4999557872333242,-20.000000000000007
-0.2662437022601758,1.7633185636593334,-20.000000000000007
-0.18883859646648546,1.5743867191268253,-20.000000000000007
-0.1350079976204999,1.4901723146345818,-20.000000000000007
-0.12540407940220547,1.5225030507157356,-20.000000000000007
-0.12405129492932988,1.528123060355657,-20.000000000000007
-0.12405129492932987,1.5281230603556573,-20.000000000000007
-0.12405129492932987,1.5281230603556573,-20.000000000000007
-0.1254040794022055,1.5225030507157356,-20.000000000000007
-0.1254040794022055,1.5225030507157356,-20.000000000000007
-0.12684286767579067,1.5197244813100856,-20.000000000000007
-0.13160506288298884,1.5132325960306732,-20.000000000000007
-0.12962373824809628,1.5255562980702628,-20.000000000000007
-0.13496593015556185,1.4904004997731792,-20.000000000000007
-0.13496593015556185,1.4904004997731792,-20.000000000000007
-0.13496593015556188,1.490400499773179,-20.000000000000007
-0.13541503259313709,1.4948226663941324,-20.000000000000007
-0.1352364542451437,1.4956132648969092,-20.000000000000007
-0.1377468926182409,1.4138227263361496,-20.000000000000007
-0.13634314369070832,1.469091816603712,-20.000000000000007
-0.14969871320520373,1.437675006587023,-20.000000000000007
-0.13774689261824094,1.4138227263361496,-20.000000000000007
-0.13766089245675406,1.4109848407592605,-20.000000000000007
-0.15098649128259778,1.3992341320455806,-20.000000000000007
-0.13766089245675406,1.4109848407592605,-20.000000000000007
-0.14975414285615304,1.435613454864934,-20.000000000000007
-0.13766089245675403,1.4109848407592605,-20.000000000000007
-0.13634314369070832,1.469091816603712,-20.000000000000007
-0.14896232389835787,1.4412504362146565,-20.000000000000007
-0.13559501490126286,1.4971204706629226,-20.000000000000007
-0.14975414285615304,1.4356134548649337,-20.000000000000007
-0.13634314369070832,1.4690918166037121,-20.000000000000007
-0.1377468926182409,1.4138227263361496,-20.000000000000007
-0.1377468926182409,1.4138227263361496,-20.000000000000007
-0.13559501490126288,1.4971204706629226,-20.000000000000007
-0.1509864912825978,1.3992341320455803,-20.000000000000007
-0.13559501490126286,1.4971204706629226,-20.000000000000007
-0.1497541574130439,1.4356391577721637,-20.000000000000007
-0.1489623238983579,1.441250436214657,-20.000000000000007
-0.17716407672167847,1.5760687284044748,-20.000000000000007
-0.2309711531267507,1.9116541230441981,-20.000000000000007
-0.26455493772825994,1.7594211128342738,-20.000000000000007
-0.30718210760496645,1.5118522251275395,-20.000000000000007
-0.3179667630369377,1.4970899085288836,-20.000000000000007
-0.28500616045125055,1.5348786479170942,-20.000000000000007
-0.24753611064781525,1.7981305890838026,-20.000000000000007
-0.1822603459450228,1.575240624019803,-20.000000000000007
-0.13496974848001758,1.4907327764956038,-20.000000000000007
-0.1254040794022055,1.5225030507157353,-20.000000000000007
-0.12540407940220547,1.5225030507157356,-20.000000000000007
-0.12540407940220547,1.5225030507157353,-20.000000000000007
-0.1254040794022055,1.5225030507157356,-20.000000000000007
-0.1254040794022055,1.5225030507157353,-20.000000000000007
-0.12684286767579067,1.5197244813100856,-20.000000000000007
-0.1296237382480963,1.525556298070263,-20.000000000000007
-0.13160506288298884,1.5132325960306732,-20.000000000000007
-0.1316233486773816,1.5125531912026637,-20.000000000000007
-0.13477851668463556,1.493063189381522,-20.000000000000007
-0.13496593015556185,1.490400499773179,-20.000000000000007
-0.1352364542451437,1.4956132648969094,-20.000000000000007
-0.13496974848001755,1.490732776495604,-20.000000000000007
-0.13559501490126286,1.4971204706629226,-20.000000000000007
-0.13766089245675406,1.4109848407592605,-20.000000000000007
-0.13766089245675403,1.4109848407592605,-20.000000000000007
-0.16015086704143036,1.4658572207674505,-20.000000000000007
-0.14975414285615307,1.4356134548649342,-20.000000000000007
-0.151885716309857,1.402262875380409,-20.000000000000007
-0.14975414285615304,1.4356134548649337,-20.000000000000007
-0.13766089245675406,1.4109848407592605,-20.000000000000007
-0.13766089245675403,1.4109848407592602,-20.000000000000007
-0.1362648890948696,1.4776041952523142,-20.000000000000007
-0.13766089245675406,1.4109848407592605,-20.000000000000007
-0.13766089245675406,1.4109848407592605,-20.000000000000007
-0.13766089245675406,1.4109848407592605,-20.000000000000007
-0.1363431436907083,1.469091816603712,-20.000000000000007
-0.13634314369070832,1.4690918166037121,-20.000000000000007
-0.13774689261824094,1.4138227263361496,-20.000000000000007
-0.13766089245675403,1.4109848407592605,-20.000000000000007
-0.1377468926182409,1.4138227263361496,-20.000000000000007
-0.13634314369070832,1.469091816603712,-20.000000000000007
-0.1362648890948696,1.4776041952523142,-20.000000000000007
-0.13766089245675403,1.4109848407592605,-20.000000000000007
-0.13766089245675403,1.4109848407592605,-20.000000000000007
-0.1806700006820344,1.559419814810775,-20.000000000000007
-0.23614757772495215,1.9207959698853627,-20.000000000000007
-0.2827121407064563,1.5292872901106151,-20.000000000000007
-0.3261422303188086,1.4995718229603336,-20.000000000000007
-0.3358388954915224,1.4999526294107166,-20.000000000000007
-0.30168584255114095,1.5375637019549588,-20.000000000000007
-0.24959681875243378,1.7383730681082776,-20.000000000000007
-0.18037490339096798,1.5624216849117096,-20.000000000000007
-0.13160506288298884,1.5132325960306732,-20.000000000000007
-0.1254040794022055,1.5225030507157356,-20.000000000000007
-0.12405129492932988,1.5281230603556573,-20.000000000000007
-0.12405129492932988,1.5281230603556573,-20.000000000000007
-0.12540407940220547,1.522503050715735,-20.000000000000007
-0.12540407940220547,1.5225030507157358,-20.000000000000007
-0.12849335850247093,1.5247118007304845,-20.000000000000007
-0.12942838191366207,1.5266195020865656,-20.000000000000007
-0.13496593015556185,1.490400499773179,-20.000000000000007
-0.13496593015556188,1.4904004997731795,-20.000000000000007
-0.13496593015556188,1.4904004997731792,-20.000000000000007
-0.1363431436907083,1.469091816603712,-20.000000000000007
-0.13500799762049986,1.4901723146345818,-20.000000000000007
-0.13766089245675403,1.4109848407592605,-20.000000000000007
-0.1497541574130439,1.4356391577721637,-20.000000000000007
-0.14975414285615307,1.4356134548649337,-20.000000000000007
-0.17548244831557921,1.566996165209496,-20.000000000000007
-0.16015086704143036,1.4658572207674503,-20.000000000000007
-0.17337853243457835,1.5519365666422185,-20.000000000000007
-0.16226514651890211,1.4799780943445653,-20.000000000000007
-0.16491224342351885,1.4962079272044326,-20.000000000000007
-0.17426758362483646,1.5596310191219989,-20.000000000000007
-0.14975414285615307,1.4356134548649337,-20.000000000000007
-0.17337853243457832,1.5519365666422185,-20.000000000000007
-0.14969871320520373,1.4376750065870232,-20.000000000000007
-0.1622651465189021,1.479978094344565,-20.000000000000007
-0.17259283802865874,1.5472393109831908,-20.000000000000007
-0.14975415741304388,1.4356391577721637,-20.000000000000007
-0.16226514651890211,1.479978094344565,-20.000000000000007
-0.13774689261824094,1.4138227263361496,-20.000000000000007
-0.1509867696831351,1.3990909895297734,-20.000000000000007
-0.14975414285615304,1.435613454864934,-20.000000000000007
-0.15098649128259778,1.3992341320455806,-20.000000000000007
-0.16226514651890211,1.479978094344565,-20.000000000000007
-0.1377468926182409,1.4138227263361494,-20.000000000000007
-0.16270023080057266,1.4821412217524914,-20.000000000000007
-0.18842511370101278,1.5738540301251946,-20.000000000000007
-0.24894779568029932,1.7654260612210055,-20.000000000000007
-0.2943626787859342,1.595011451658526,-20.000000000000007
-0.32378136055160034,1.500440354242938,-20.000000000000007
-0.3153108734534475,1.4949142369474875,-20.000000000000007
-0.27904186158521965,1.465820985743795,-20.000000000000007
-0.22725815115555778,1.9273187281239845,-20.000000000000007
-0.17548244831557921,1.566996165209496,-20.000000000000007
-0.13559501490126286,1.4971204706629224,-20.000000000000007
-0.13496593015556188,1.490400499773179,-20.000000000000007
-0.1322518888393985,1.505849498802996,-20.000000000000007
-0.13496593015556185,1.4904004997731792,-20.000000000000007
-0.1350079976204999,1.4901723146345818,-20.000000000000007
-0.13523645424514372,1.4956132648969094,-20.000000000000007
-0.1352364542451437,1.4956132648969094,-20.000000000000007
-0.13559501490126288,1.4971204706629226,-20.000000000000007
-0.1352364542451437,1.4956132648969094,-20.000000000000007
-0.13500799762049986,1.4901723146345818,-20.000000000000007
-0.1352364542451437,1.4956132648969094,-20.000000000000007
-0.13496593015556185,1.4904004997731792,-20.000000000000007
-0.13500799762049986,1.4901723146345818,-20.000000000000007
-0.1352364542451437,1.4956132648969094,-20.000000000000007
-0.13634314369070832,1.4690918166037121,-20.000000000000007
-0.13774689261824094,1.4138227263361496,-20.000000000000007
-0.14969871320520375,1.4376750065870232,-20.000000000000007
-0.1497541428561531,1.435613454864934,-20.000000000000007
-0.1377468926182409,1.4138227263361494,-20.000000000000007
-0.13766089245675403,1.4109848407592605,-20.000000000000007
-0.1363431436907083,1.4690918166037121,-20.000000000000007
-0.1363431436907083,1.4690918166037121,-20.000000000000007
-0.1362648890948696,1.4776041952523142,-20.000000000000007
-0.1363431436907083,1.4690918166037121,-20.000000000000007
-0.13559501490126286,1.4971204706629224,-20.000000000000007
-0.13634314369070832,1.469091816603712,-20.000000000000007
-0.13634314369070832,1.4690918166037121,-20.000000000000007
-0.13634314369070832,1.469091816603712,-20.000000000000007
-0.1377468926182409,1.4138227263361496,-20.000000000000007
-0.1363431436907083,1.4690918166037121,-20.000000000000007
-0.13559501490126286,1.4971204706629226,-20.000000000000007
-0.13559501490126286,1.4971204706629224,-20.000000000000007
-0.13523645424514372,1.4956132648969094,-20.000000000000007
-0.1352364542451437,1.4956132648969094,-20.000000000000007
-0.13523645424514372,1.4956132648969092,-20.000000000000007
-0.13559501490126286,1.4971204706629224,-20.000000000000007
-0.19927599968825097,1.6820169922625399,-20.000000000000007
-0.26553027014497316,1.766027902309911,-20.000000000000007
-0.3091853320585933,1.5082624002879665,-20.000000000000007
-0.3347992981946975,1.4983324912215126,-20.000000000000007
-0.3083328195416509,1.5088622734696098,-20.000000000000007
-0.25378294800980744,1.7680678568789596,-20.000000000000007
-0.18888897604606414,1.574862788567904,-20.000000000000007
-0.13766089245675403,1.4109848407592605,-20.000000000000007
-0.12942838191366204,1.5266195020865654,-20.000000000000007
-0.12684286767579064,1.5197244813100859,-20.000000000000007
-0.1254040801820389,1.5225047004235046,-20.000000000000007
-0.1296237382480963,1.525556298070263,-20.000000000000007
-0.13160506288298887,1.5132325960306734,-20.000000000000007
-0.13496593015556185,1.490400499773179,-20.000000000000007
-0.134987587169906,1.490284182800638,-20.000000000000007
-0.13496593015556185,1.4904004997731792,-20.000000000000007
-0.13523645424514372,1.4956132648969092,-20.000000000000007
-0.13496593015556188,1.490400499773179,-20.000000000000007
-0.1352364542451437,1.4956132648969094,-20.000000000000007
-0.13523645424514372,1.4956132648969092,-20.000000000000007
-0.13496593015556185,1.4904004997731792,-20.000000000000007
-0.13541503259313709,1.4948226663941324,-20.000000000000007
-0.13559501490126286,1.4971204706629224,-20.000000000000007
-0.14975414285615307,1.4356134548649337,-20.000000000000007
-0.16015086704143033,1.4658572207674503,-20.000000000000007
-0.15098649128259778,1.3992341320455806,-20.000000000000007
-0.15098649128259778,1.3992341320455806,-20.000000000000007
-0.13634314369070832,1.4690918166037121,-20.000000000000007
-0.14896232389835787,1.441250436214657,-20.000000000000007
-0.13766089245675403,1.4109848407592605,-20.000000000000007
-0.1377468926182409,1.4138227263361496,-20.000000000000007
-0.1489623238983579,1.441250436214657,-20.000000000000007
-0.13559501490126286,1.4971204706629224,-20.000000000000007
-0.13774689261824094,1.4138227263361491,-20.000000000000007
-0.13559501490126286,1.4971204706629224,-20.000000000000007
-0.14969871320520373,1.437675006587023,-20.000000000000007
-0.14975414285615307,1.4356134548649337,-20.000000000000007
-0.13766089245675403,1.4109848407592605,-20.000000000000007
-0.1489623238983579,1.441250436214657,-20.000000000000007
-0.13541503259313709,1.4948226663941324,-20.000000000000007
-0.1377468926182409,1.4138227263361494,-20.000000000000007
-0.13766089245675406,1.4109848407592605,-20.000000000000007
-0.1363431436907083,1.469091816603712,-20.000000000000007
-0.1489623238983579,1.441250436214657,-20.000000000000007
-0.1822603459450228,1.575240624019803,-20.000000000000007
-0.2208853973376787,1.931145289038375,-20.000000000000007
-0.2607120458548566,1.7689219818937814,-20.000000000000007
-0.30106641906442105,1.546164064126091,-20.000000000000007
-0.2828967342021925,1.514305595287187,-20.000000000000007
-0.2560323469525233,1.7677169602188452,-20.000000000000007
-0.2040443086596288,1.7471900021231155,-20.000000000000007
-0.13766089245675406,1.4109848407592605,-20.000000000000007
-0.1296237382480963,1.525556298070263,-20.000000000000007
-0.12684286767579064,1.5197244813100856,-20.000000000000007
-0.1254040794022055,1.5225030507157353,-20.000000000000007
-0.12684286767579067,1.5197244813100856,-20.000000000000007
-0.12962373824809628,1.5255562980702628,-20.000000000000007
-0.1322518888393985,1.505849498802996,-20.000000000000007
-0.134987587169906,1.490284182800638,-20.000000000000007
-0.13496593015556188,1.490400499773179,-20.000000000000007
-0.13500799762049986,1.4901723146345818,-20.000000000000007
-0.13496593015556185,1.4904004997731792,-20.000000000000007
-0.13500799762049986,1.4901723146345816,-20.000000000000007
-0.1350079976204999,1.4901723146345818,-20.000000000000007
-0.13162334867738157,1.512553191202664,-20.000000000000007
-0.13559501490126288,1.4971204706629224,-20.000000000000007
-0.1363431436907083,1.4690918166037121,-20.000000000000007
-0.14975414285615304,1.4356134548649337,-20.000000000000007
-0.1622651465189021,1.479978094344565,-20.000000000000007
-0.14975414285615304,1.435613454864934,-20.000000000000007
-0.14969871320520375,1.437675006587023,-20.000000000000007
-0.1363431436907083,1.469091816603712,-20.000000000000007
-0.13774689261824094,1.4138227263361496,-20.000000000000007
-0.13634314369070832,1.4690918166037121,-20.000000000000007
-0.1363431436907083,1.4690918166037121,-20.000000000000007
-0.13766089245675406,1.4109848407592602,-20.000000000000007
-0.13505647193701795,1.4933154606281192,-20.000000000000007
-0.13766089245675406,1.4109848407592602,-20.000000000000007
-0.13634314369070832,1.469091816603712,-20.000000000000007
-0.13766033188648452,1.4110074467856224,-20.000000000000007
-0.14896232389835787,1.4412504362146572,-20.000000000000007
-0.13559501490126286,1.4971204706629226,-20.000000000000007
-0.13634314369070832,1.469091816603712,-20.000000000000007
-0.13523645424514372,1.4956132648969094,-20.000000000000007
-0.13559501490126286,1.4971204706629226,-20.000000000000007
-0.13541503259313709,1.4948226663941324,-20.000000000000007
-0.13496593015556188,1.490400499773179,-20.000000000000007
-0.1489623238983579,1.441250436214657,-20.000000000000007
-0.1822603459450228,1.575240624019803,-20.000000000000007
-0.24753611064781525,1.7981305890838024,-20.000000000000007
-0.28352530237322704,1.5263445846812402,-20.000000000000007
-0.312126910128611,1.5034925899560856,-20.000000000000007
-0.3025646658846859,1.5287374112881382,-20.000000000000007
-0.25603071177177666,1.7677522223127284,-20.000000000000007
-0.20404430865962886,1.7471900021231153,-20.000000000000007
-0.13766089245675406,1.4109848407592605,-20.000000000000007
-0.12942838191366204,1.5266195020865656,-20.000000000000007
-0.12684286767579064,1.519724481310086,-20.000000000000007
-0.12684286767579064,1.519724481310086,-20.000000000000007
-0.12962373824809628,1.525556298070263,-20.000000000000007
-0.13162334867738157,1.512553191202664,-20.000000000000007
-0.13225188883939853,1.505849498802996,-20.000000000000007
-0.13496593015556185,1.490400499773179,-20.000000000000007
-0.13496593015556188,1.4904004997731792,-20.000000000000007
-0.13496593015556185,1.4904004997731792,-20.000000000000007
-0.13496593015556188,1.490400499773179,-20.000000000000007
-0.13496593015556188,1.4904004997731792,-20.000000000000007
-0.13496593015556185,1.490400499773179,-20.000000000000007
-0.13496593015556185,1.490400499773179,-20.000000000000007
-0.13496593015556185,1.4904004997731795,-20.000000000000007
-0.13766033188648452,1.4110074467856226,-20.000000000000007
-0.13774689261824094,1.4138227263361496,-20.000000000000007
-0.16175363895024922,1.4767475548411566,-20.000000000000007
-0.1497541574130439,1.4356391577721634,-20.000000000000007
-0.1494730626812134,1.4401096667703466,-20.000000000000007
-0.13634314369070832,1.469091816603712,-20.000000000000007
-0.13559501490126286,1.4971204706629226,-20.000000000000007
-0.13559501490126286,1.4971204706629224,-20.000000000000007
-0.1352364542451437,1.4956132648969092,-20.000000000000007
-0.13559501490126286,1.4971204706629226,-20.000000000000007
-0.13523645424514372,1.4956132648969094,-20.000000000000007
-0.13559501490126286,1.4971204706629226,-20.000000000000007
-0.13634314369070832,1.4690918166037121,-20.000000000000007
-0.13559501490126286,1.4971204706629224,-20.000000000000007
-0.13766089245675406,1.4109848407592602,-20.000000000000007
-0.13559501490126286,1.4971204706629226,-20.000000000000007
-0.13559501490126286,1.4971204706629226,-20.000000000000007
-0.13559501490126286,1.4971204706629226,-20.000000000000007
-0.1352364542451437,1.4956132648969092,-20.000000000000007
-0.13559501490126288,1.4971204706629224,-20.000000000000007
-0.13500799762049986,1.4901723146345818,-20.000000000000007
-0.13559501490126286,1.4971204706629226,-20.000000000000007
-0.18226034594502277,1.5752406240198031,-20.000000000000007
-0.22117610000737897,1.9371965699065867,-20.000000000000007
-0.27904186158521965,1.465820985743795,-20.000000000000007
-0.3079150740603888,1.5107775697420784,-20.000000000000007
-0.2899378985962879,1.5758427781829636,-20.000000000000007
-0.25524064328010465,1.7695258837127659,-20.000000000000007
-0.18942453257317313,1.5791548760255543,-20.000000000000007
-0.13559501490126286,1.4971204706629222,-20.000000000000007
-0.12942838191366204,1.5266195020865656,-20.000000000000007
-0.12684286767579062,1.5197244813100859,-20.000000000000007
-0.12540408018203894,1.5225047004235048,-20.000000000000007
-0.1296237382480963,1.525556298070263,-20.000000000000007
-0.13160506288298884,1.5132325960306732,-20.000000000000007
-0.1322518888393985,1.5058494988029962,-20.000000000000007
-0.13500799762049986,1.4901723146345818,-20.000000000000007
-0.13496593015556188,1.490400499773179,-20.000000000000007
-0.13496593015556185,1.4904004997731792,-20.000000000000007
-0.13496593015556185,1.4904004997731792,-20.000000000000007
-0.13496593015556185,1.490400499773179,-20.000000000000007
-0.13496593015556188,1.4904004997731792,-20.000000000000007
-0.13496593015556185,1.4904004997731792,-20.000000000000007
-0.134987587169906,1.490284182800638,-20.000000000000007
-0.13634314369070832,1.4690918166037121,-20.000000000000007
-0.13766089245675406,1.4109848407592605,-20.000000000000007
-0.14975414285615307,1.4356134548649342,-20.000000000000007
-0.14975414285615304,1.435613454864934,-20.000000000000007
-0.13774689261824094,1.4138227263361496,-20.000000000000007
-0.13634314369070832,1.4690918166037124,-20.000000000000007
-0.1363431436907083,1.4690918166037121,-20.000000000000007
-0.1363431436907083,1.4690918166037121,-20.000000000000007
-0.13626488909486958,1.4776041952523142,-20.000000000000007
-0.13559501490126286,1.4971204706629226,-20.000000000000007
-0.1352364542451437,1.4956132648969094,-20.000000000000007
-0.13559501490126286,1.4971204706629224,-20.000000000000007
-0.1362648890948696,1.477604195252314,-20.000000000000007
-0.13634314369070832,1.469091816603712,-20.000000000000007
-0.1489623238983579,1.441250436214657,-20.000000000000007
-0.13634314369070832,1.4690918166037121,-20.000000000000007
-0.13634314369070832,1.4690918166037121,-20.000000000000007
-0.13559501490126286,1.4971204706629226,-20.000000000000007
-0.13523645424514372,1.4956132648969094,-20.000000000000007
-0.1352364542451437,1.4956132648969092,-20.000000000000007
-0.13496593015556185,1.4904004997731792,-20.000000000000007
-0.13559501490126286,1.4971204706629226,-20.000000000000007
-0.18885818653230282,1.5776548930151266,-20.000000000000007
-0.255308667436032,1.7679087453312388,-20.000000000000007
-0.30169196773663126,1.5371383086466872,-20.000000000000007
-0.32623052220008936,1.4997216446323596,-20.000000000000007
-0.3046509177259954,1.506796543700728,-20.000000000000007
-0.2509269948791573,1.7293448897710841,-20.000000000000007
-0.18885818653230282,1.5776548930151268,-20.000000000000007
-0.13559501490126286,1.4971204706629226,-20.000000000000007
-0.12684286767579067,1.5197244813100856,-20.000000000000007
-0.12684286767579067,1.5197244813100859,-20.000000000000007
-0.12684286767579067,1.5197244813100856,-20.000000000000007
-0.13162334867738157,1.512553191202664,-20.000000000000007
-0.13496593015556188,1.4904004997731792,-20.000000000000007
-0.13500799762049986,1.4901723146345818,-20.000000000000007
-0.13626488909486958,1.4776041952523142,-20.000000000000007
-0.1352364542451437,1.4956132648969092,-20.000000000000007
-0.1352364542451437,1.4956132648969094,-20.000000000000007
-0.1352364542451437,1.4956132648969094,-20.000000000000007
-0.134987587169906,1.4902841828006377,-20.000000000000007
-0.13523645424514372,1.4956132648969092,-20.000000000000007
-0.13500799762049986,1.4901723146345813,-20.000000000000007
-0.13523645424514372,1.4956132648969094,-20.000000000000007
-0.13634314369070832,1.469091816603712,-20.000000000000007
-0.13774689261824094,1.4138227263361496,-20.000000000000007
-0.1497541574130439,1.4356391577721634,-20.000000000000007
-0.1489623238983579,1.4412504362146568,-20.000000000000007
-0.13774689261824094,1.4138227263361496,-20.000000000000007
-0.13766089245675403,1.4109848407592605,-20.000000000000007
-0.13766089245675403,1.4109848407592605,-20.000000000000007
-0.14975414285615307,1.4356134548649337,-20.000000000000007
-0.1377468926182409,1.4138227263361496,-20.000000000000007
-0.1377468926182409,1.4138227263361494,-20.000000000000007
-0.13559501490126286,1.4971204706629226,-20.000000000000007
-0.13634314369070832,1.469091816603712,-20.000000000000007
-0.13766089245675403,1.4109848407592605,-20.000000000000007
-0.13766089245675403,1.4109848407592605,-20.000000000000007
-0.14975414285615304,1.435613454864934,-20.000000000000007
-0.13766033188648452,1.4110074467856226,-20.000000000000007
-0.1363431436907083,1.469091816603712,-20.000000000000007
-0.1362648890948696,1.477604195252314,-20.000000000000007
-0.13559501490126286,1.4971204706629224,-20.000000000000007
-0.1363431436907083,1.4690918166037121,-20.000000000000007
-0.13500799762049986,1.4901723146345818,-20.000000000000007
-0.1362648890948696,1.4776041952523142,-20.000000000000007
-0.18842511370101273,1.5738540301251946,-20.000000000000007
-0.2324663770364199,1.9154094041285454,-20.000000000000007
-0.2828034022741754,1.512832080374423,-20.000000000000007
-0.3121882215595388,1.5032968341767172,-20.000000000000007
-0.2981966019574354,1.5737719881241214,-20.000000000000007
-0.26311686092271447,1.763322943722421,-20.000000000000007
-0.20117245829941957,1.7057620812394532,-20.000000000000007
-0.1377468926182409,1.4138227263361496,-20.000000000000007
-0.12849335850247093,1.5247118007304847,-20.000000000000007
-0.12684286767579067,1.5197244813100859,-20.000000000000007
-0.12540408018203894,1.5225047004235046,-20.000000000000007
-0.12684286767579064,1.5197244813100856,-20.000000000000007
-0.13160506288298884,1.5132325960306732,-20.000000000000007
-0.13496593015556185,1.4904004997731792,-20.000000000000007
-0.13498758716990603,1.4902841828006377,-20.000000000000007
-0.13496593015556185,1.4904004997731792,-20.000000000000007
-0.13496593015556185,1.490400499773179,-20.000000000000007
-0.13496593015556185,1.4904004997731792,-20.000000000000007
-0.13496593015556188,1.490400499773179,-20.000000000000007
-0.13496593015556185,1.490400499773179,-20.000000000000007
-0.13434189990028766,1.4942024153350566,-20.000000000000007
-0.13496593015556185,1.490400499773179,-20.000000000000007
-0.13559501490126286,1.4971204706629224,-20.000000000000007
-0.13766089245675406,1.4109848407592605,-20.000000000000007
-0.14969871320520373,1.4376750065870232,-20.000000000000007
-0.14969871320520375,1.4376750065870232,-20.000000000000007
-0.13766089245675403,1.4109848407592602,-20.000000000000007
-0.13766033188648452,1.4110074467856228,-20.000000000000007
-0.13634314369070832,1.4690918166037121,-20.000000000000007
-0.13766089245675403,1.4109848407592605,-20.000000000000007
-0.13766089245675406,1.4109848407592602,-20.000000000000007
-0.13766089245675406,1.4109848407592605,-20.000000000000007
-0.13766089245675406,1.4109848407592605,-20.000000000000007
-0.13766089245675406,1.4109848407592605,-20.000000000000007
-0.13774689261824094,1.4138227263361496,-20.000000000000007
-0.14969871320520373,1.437675006587023,-20.000000000000007
-0.14975414285615307,1.4356134548649342,-20.000000000000007
-0.13774689261824094,1.4138227263361498,-20.000000000000007
-0.1363431436907083,1.4690918166037121,-20.000000000000007
-0.13634314369070832,1.469091816603712,-20.000000000000007
-0.13634314369070832,1.4690918166037121,-20.000000000000007
-0.13559501490126286,1.4971204706629226,-20.000000000000007
-0.13766089245675403,1.4109848407592605,-20.000000000000007
-0.13559501490126288,1.4971204706629226,-20.000000000000007
-0.18837473412143405,1.573377960684116,-20.000000000000007
-0.24839724581557182,1.7826858814747113,-20.000000000000007
-0.2911181266274695,1.5855069760538307,-20.000000000000007
-0.32444103793967427,1.4996119724558314,-20.000000000000007
-0.3088989161982865,1.507759840066076,-20.000000000000007
-0.26113855924715723,1.767161556432142,-20.000000000000007
-0.18942453257317313,1.5791548760255547,-20.000000000000007
-0.1363431436907083,1.469091816603712,-20.000000000000007
-0.12684286767579067,1.5197244813100856,-20.000000000000007
-0.12684286767579067,1.5197244813100856,-20.000000000000007
-0.12684286767579064,1.5197244813100856,-20.000000000000007
-0.12962373824809628,1.525556298070263,-20.000000000000007
-0.13162334867738157,1.5125531912026637,-20.000000000000007
-0.13500799762049986,1.4901723146345818,-20.000000000000007
-0.1352364542451437,1.4956132648969094,-20.000000000000007
-0.13523645424514372,1.4956132648969092,-20.000000000000007
-0.1352364542451437,1.4956132648969092,-20.000000000000007
-0.13496593015556185,1.4904004997731792,-20.000000000000007
-0.13496593015556185,1.490400499773179,-20.000000000000007
-0.13225188883939853,1.505849498802996,-20.000000000000007
-0.13496593015556185,1.4904004997731792,-20.000000000000007
-0.13496593015556185,1.490400499773179,-20.000000000000007
-0.13634314369070832,1.4690918166037121,-20.000000000000007
-0.1489623238983579,1.4412504362146568,-20.000000000000007
-0.14975414285615307,1.4356134548649337,-20.000000000000007
-0.16015086704143033,1.4658572207674505,-20.000000000000007
-0.13766089245675406,1.4109848407592605,-20.000000000000007
-0.13766089245675406,1.4109848407592605,-20.000000000000007
-0.13634314369070832,1.4690918166037121,-20.000000000000007
-0.13559501490126286,1.4971204706629226,-20.000000000000007
-0.1363431436907083,1.469091816603712,-20.000000000000007
-0.13559501490126288,1.4971204706629226,-20.000000000000007
-0.13559501490126286,1.4971204706629226,-20.000000000000007
-0.13634314369070832,1.4690918166037121,-20.000000000000007
-0.13766089245675406,1.4109848407592605,-20.000000000000007
-0.14969871320520373,1.4376750065870232,-20.000000000000007
-0.1377468926182409,1.4138227263361496,-20.000000000000007
-0.13766089245675406,1.4109848407592602,-20.000000000000007
-0.1352364542451437,1.4956132648969094,-20.000000000000007
-0.1352364542451437,1.4956132648969094,-20.000000000000007
-0.1352364542451437,1.4956132648969094,-20.000000000000007
-0.13496974848001758,1.490732776495604,-20.000000000000007
-0.1352364542451437,1.4956132648969094,-20.000000000000007
-0.13541503259313706,1.4948226663941326,-20.000000000000007
-0.18888897604606414,1.574862788567904,-20.000000000000007
-0.2458729677384549,1.8196671662315556,-20.000000000000007
-0.28739973909406236,1.5520020262216159,-20.000000000000007
-0.31539685493954817,1.494593949100369,-20.000000000000007
-0.28875141477376176,1.5637763595210932,-20.000000000000007
-0.2502845554208488,1.7235141714337494,-20.000000000000007
-0.18226034594502277,1.575240624019803,-20.000000000000007
-0.13541503259313709,1.4948226663941324,-20.000000000000007
-0.12684286767579067,1.5197244813100859,-20.000000000000007
-0.12684286767579064,1.5197244813100856,-20.000000000000007
-0.12684286767579064,1.5197244813100856,-20.000000000000007
-0.12962373824809628,1.5255562980702628,-20.000000000000007
-0.13162334867738157,1.5125531912026637,-20.000000000000007
-0.13496593015556185,1.490400499773179,-20.000000000000007
-0.1352364542451437,1.4956132648969094,-20.000000000000007
-0.1350079976204999,1.4901723146345816,-20.000000000000007
-0.13496593015556185,1.4904004997731792,-20.000000000000007
-0.13496593015556185,1.4904004997731792,-20.000000000000007
-0.13496593015556188,1.4904004997731792,-20.000000000000007
-0.13225188883939853,1.5058494988029958,-20.000000000000007
-0.13496593015556188,1.4904004997731795,-20.000000000000007
-0.13496593015556188,1.4904004997731795,-20.000000000000007
-0.13541503259313706,1.4948226663941326,-20.000000000000007
-0.13766089245675406,1.4109848407592605,-20.000000000000007
-0.1489623238983579,1.441250436214657,-20.000000000000007
-0.14969871320520375,1.4376750065870232,-20.000000000000007
-0.13634314369070832,1.469091816603712,-20.000000000000007
-0.13559501490126288,1.4971204706629224,-20.000000000000007
-0.13523645424514372,1.4956132648969092,-20.000000000000007
-0.1352364542451437,1.4956132648969094,-20.000000000000007
-0.13541503259313706,1.4948226663941326,-20.000000000000007
-0.1352364542451437,1.4956132648969094,-20.000000000000007
-0.13496593015556185,1.4904004997731792,-20.000000000000007
-0.1352364542451437,1.4956132648969092,-20.000000000000007
-0.13559501490126286,1.4971204706629226,-20.000000000000007
-0.1363431436907083,1.4690918166037121,-20.000000000000007
-0.13766089245675406,1.4109848407592602,-20.000000000000007
-0.13559501490126288,1.4971204706629224,-20.000000000000007
-0.13505647193701795,1.4933154606281194,-20.000000000000007
-0.13496593015556188,1.490400499773179,-20.000000000000007
-0.13496974848001755,1.490732776495604,-20.000000000000007
-0.13496593015556188,1.490400499773179,-20.000000000000007
-0.13496593015556188,1.490400499773179,-20.000000000000007
-0.1352364542451437,1.4956132648969092,-20.000000000000007
-0.2124874347329898,1.8569242044846717,-20.000000000000007
-0.2502845554208489,1.7235141714337492,-20.000000000000007
-0.2912958117087529,1.5866003984035748,-20.000000000000007
-0.3223628531422245,1.4985115978426453,-20.000000000000007
-0.2794990589538231,1.4859690688632097,-20.000000000000007
-0.24444734909700805,1.829751632775175,-20.000000000000007
-0.1822603459450228,1.575240624019803,-20.000000000000007
-0.1322518888393985,1.505849498802996,-20.000000000000007
-0.1254040801820389,1.5225047004235048,-20.000000000000007
-0.1254040794022055,1.5225030507157356,-20.000000000000007
-0.1254040794022055,1.5225030507157356,-20.000000000000007
-0.12684286767579064,1.5197244813100859,-20.000000000000007
-0.13162334867738157,1.5125531912026637,-20.000000000000007
-0.134987587169906,1.4902841828006377,-20.000000000000007
-0.13559501490126286,1.4971204706629224,-20.000000000000007
-0.1352364542451437,1.4956132648969092,-20.000000000000007
-0.13496593015556188,1.4904004997731792,-20.000000000000007
-0.13496593015556185,1.490400499773179,-20.000000000000007
-0.13496593015556185,1.490400499773179,-20.000000000000007
-0.13496593015556185,1.490400499773179,-20.000000000000007
-0.1322518888393985,1.505849498802996,-20.000000000000007
-0.13496593015556185,1.490400499773179,-20.000000000000007
-0.1352364542451437,1.4956132648969092,-20.000000000000007
-0.1363431436907083,1.4690918166037121,-20.000000000000007
-0.14969871320520373,1.437675006587023,-20.000000000000007
-0.14969871320520375,1.4376750065870234,-20.000000000000007
-0.13766089245675406,1.4109848407592605,-20.000000000000007
-0.1362648890948696,1.477604195252314,-20.000000000000007
-0.13541503259313709,1.4948226663941324,-20.000000000000007
-0.1352364542451437,1.4956132648969094,-20.000000000000007
-0.1352364542451437,1.4956132648969094,-20.000000000000007
-0.13500799762049986,1.4901723146345816,-20.000000000000007
-0.13496593015556188,1.490400499773179,-20.000000000000007
-0.13523645424514372,1.4956132648969094,-20.000000000000007
-0.13634314369070832,1.4690918166037121,-20.000000000000007
-0.1489623238983579,1.4412504362146572,-20.000000000000007
-0.14975414285615307,1.435613454864934,-20.000000000000007
-0.1377468926182409,1.4138227263361496,-20.000000000000007
-0.13559501490126288,1.4971204706629226,-20.000000000000007
-0.13559501490126288,1.4971204706629224,-20.000000000000007
-0.13559501490126286,1.4971204706629226,-20.000000000000007
-0.13559501490126286,1.4971204706629226,-20.000000000000007
-0.13541503259313706,1.4948226663941326,-20.000000000000007
-0.1362648890948696,1.4776041952523142,-20.000000000000007
-0.18842511370101273,1.5738540301251946,-20.000000000000007
-0.2309987143250381,1.9110800623980295,-20.000000000000007
-0.2786779729120955,1.4793883314631033,-20.000000000000007
-0.29348059267802534,1.5947587436380177,-20.000000000000007
-0.25901590565828647,1.7769500272745355,-20.000000000000007
-0.22100492468319624,1.9329836950429968,-20.000000000000007
-0.17337853243457832,1.5519365666422187,-20.000000000000007
-0.13225188883939853,1.505849498802996,-20.000000000000007
-0.1254040801820389,1.5225047004235046,-20.000000000000007
-0.1254040794022055,1.5225030507157356,-20.000000000000007
-0.1254040794022055,1.5225030507157356,-20.000000000000007
-0.12684286767579067,1.5197244813100856,-20.000000000000007
-0.13162334867738157,1.5125531912026637,-20.000000000000007
-0.13496593015556188,1.4904004997731792,-20.000000000000007
-0.13559501490126286,1.4971204706629226,-20.000000000000007
-0.1352364542451437,1.4956132648969092,-20.000000000000007
-0.13496593015556188,1.490400499773179,-20.000000000000007
-0.13496593015556185,1.490400499773179,-20.000000000000007
-0.13162334867738157,1.5125531912026635,-20.000000000000007
-0.13496593015556185,1.4904004997731792,-20.000000000000007
-0.13225188883939853,1.505849498802996,-20.000000000000007
-0.13496593015556188,1.4904004997731795,-20.000000000000007
-0.13559501490126288,1.4971204706629224,-20.000000000000007
-0.13766089245675403,1.4109848407592605,-20.000000000000007
-0.14975415741304388,1.4356391577721637,-20.000000000000007
-0.14975414285615304,1.4356134548649337,-20.000000000000007
-0.13766089245675406,1.4109848407592605,-20.000000000000007
-0.1362648890948696,1.4776041952523145,-20.000000000000007
-0.13523645424514372,1.4956132648969092,-20.000000000000007
-0.13559501490126286,1.4971204706629226,-20.000000000000007
-0.134987587169906,1.4902841828006377,-20.000000000000007
-0.13496593015556185,1.490400499773179,-20.000000000000007
-0.13496593015556185,1.4904004997731795,-20.000000000000007
-0.13496593015556188,1.4904004997731792,-20.000000000000007
-0.1363431436907083,1.4690918166037121,-20.000000000000007
-0.13634314369070832,1.4690918166037124,-20.000000000000007
-0.14969871320520373,1.4376750065870232,-20.000000000000007
-0.1363431436907083,1.469091816603712,-20.000000000000007
-0.1352364542451437,1.4956132648969092,-20.000000000000007
-0.1352364542451437,1.4956132648969094,-20.000000000000007
-0.13496593015556188,1.4904004997731792,-20.000000000000007
-0.13498758716990603,1.4902841828006377,-20.000000000000007
-0.13477851668463559,1.493063189381522,-20.000000000000007
-0.13766033188648452,1.4110074467856226,-20.000000000000007
-0.1894245325731731,1.5791548760255547,-20.000000000000007
-0.24610831432149347,1.816116149255602,-20.000000000000007
-0.29659979793520386,1.58934440594987,-20.000000000000007
-0.308911231409168,1.5077660068053516,-20.000000000000007
-0.27953899058494736,1.473562812675037,-20.000000000000007
-0.24352941008181264,1.8371727099357729,-20.000000000000007
-0.17716407672167847,1.5760687284044745,-20.000000000000007
-0.13162334867738157,1.512553191202664,-20.000000000000007
-0.1254040794022055,1.5225030507157356,-20.000000000000007
-0.12540407940220547,1.5225030507157353,-20.000000000000007
-0.1254040794022055,1.5225030507157356,-20.000000000000007
-0.12684286767579064,1.5197244813100859,-20.000000000000007
-0.13162334867738157,1.512553191202664,-20.000000000000007
-0.13496593015556188,1.490400499773179,-20.000000000000007
-0.13523645424514372,1.4956132648969094,-20.000000000000007
-0.13496593015556188,1.490400499773179,-20.000000000000007
-0.13162334867738157,1.5125531912026637,-20.000000000000007
-0.13162334867738157,1.512553191202664,-20.000000000000007
-0.13162334867738157,1.512553191202664,-20.000000000000007
-0.1316233486773816,1.5125531912026637,-20.000000000000007
-0.13162334867738157,1.512553191202664,-20.000000000000007
-0.13225188883939853,1.505849498802996,-20.000000000000007
-0.1352364542451437,1.4956132648969094,-20.000000000000007
-0.1363431436907083,1.4690918166037121,-20.000000000000007
-0.14975414285615304,1.4356134548649337,-20.000000000000007
-0.1377468926182409,1.4138227263361496,-20.000000000000007
-0.13559501490126286,1.4971204706629226,-20.000000000000007
-0.13505647193701792,1.4933154606281192,-20.000000000000007
-0.13496593015556188,1.4904004997731792,-20.000000000000007
-0.13496593015556185,1.4904004997731792,-20.000000000000007
-0.13496593015556185,1.4904004997731792,-20.000000000000007
-0.13225188883939853,1.5058494988029958,-20.000000000000007
-0.1316233486773816,1.512553191202664,-20.000000000000007
-0.13496593015556188,1.4904004997731792,-20.000000000000007
-0.13559501490126286,1.4971204706629226,-20.000000000000007
-0.13766089245675406,1.4109848407592605,-20.000000000000007
-0.14969871320520375,1.437675006587023,-20.000000000000007
-0.13766033188648455,1.4110074467856224,-20.000000000000007
-0.13523645424514372,1.4956132648969094,-20.000000000000007
-0.13496974848001755,1.490732776495604,-20.000000000000007
-0.13496593015556185,1.4904004997731792,-20.000000000000007
-0.13496593015556188,1.490400499773179,-20.000000000000007
-0.1322518888393985,1.5058494988029958,-20.000000000000007
-0.13634314369070832,1.469091816603712,-20.000000000000007
-0.18837473412143407,1.573377960684116,-20.000000000000007
-0.23246637703641987,1.9154094041285457,-20.000000000000007
-0.2790418615852196,1.465820985743795,-20.000000000000007
-0.2831294950850029,1.5188264880622555,-20.000000000000007
-0.2560323469525233,1.767716960218845,-20.000000000000007
-0.21248743473298976,1.8569242044846717,-20.000000000000007
-0.16015086704143036,1.4658572207674503,-20.000000000000007
-0.13162334867738157,1.512553191202664,-20.000000000000007
-0.1254040794022055,1.5225030507157356,-20.000000000000007
-0.12540407940220547,1.5225030507157356,-20.000000000000007
-0.12405129492932988,1.5281230603556573,-20.000000000000007
-0.12684286767579067,1.5197244813100859,-20.000000000000007
-0.13162334867738157,1.512553191202664,-20.000000000000007
-0.134987587169906,1.490284182800638,-20.000000000000007
-0.13541503259313706,1.4948226663941326,-20.000000000000007
-0.13496974848001755,1.490732776495604,-20.000000000000007
-0.13477851668463556,1.4930631893815218,-20.000000000000007
-0.13160506288298884,1.5132325960306734,-20.000000000000007
-0.13162334867738157,1.5125531912026637,-20.000000000000007
-0.13162334867738157,1.512553191202664,-20.000000000000007
-0.1296237382480963,1.525556298070263,-20.000000000000007
-0.13496593015556185,1.490400499773179,-20.000000000000007
-0.13500799762049986,1.4901723146345816,-20.000000000000007
-0.1363431436907083,1.4690918166037121,-20.000000000000007
-0.14896232389835787,1.441250436214657,-20.000000000000007
-0.13766089245675403,1.4109848407592602,-20.000000000000007
-0.13559501490126286,1.4971204706629226,-20.000000000000007
-0.1350079976204999,1.4901723146345818,-20.000000000000007
-0.134987587169906,1.4902841828006377,-20.000000000000007
-0.13496593015556185,1.4904004997731792,-20.000000000000007
-0.13500799762049986,1.4901723146345818,-20.000000000000007
-0.13496593015556188,1.4904004997731792,-20.000000000000007
-0.13162334867738157,1.512553191202664,-20.000000000000007
-0.13500799762049986,1.4901723146345818,-20.000000000000007
-0.13559501490126286,1.4971204706629226,-20.000000000000007
-0.1489623238983579,1.4412504362146568,-20.000000000000007
-0.14975414285615307,1.4356134548649337,-20.000000000000007
-0.13766089245675406,1.4109848407592605,-20.000000000000007
-0.13523645424514372,1.4956132648969094,-20.000000000000007
-0.13496593015556185,1.4904004997731795,-20.000000000000007
-0.13225188883939853,1.5058494988029958,-20.000000000000007
-0.1316233486773816,1.5125531912026637,-20.000000000000007
-0.13496593015556185,1.4904004997731795,-20.000000000000007
-0.13162334867738157,1.512553191202664,-20.000000000000007
-0.13160506288298887,1.5132325960306732,-20.000000000000007
-0.12962373824809628,1.525556298070263,-20.000000000000007
-0.12684286767579067,1.5197244813100859,-20.000000000000007
-0.1296237382480963,1.525556298070263,-20.000000000000007
-0.13162334867738157,1.5125531912026637,-20.000000000000007
-0.1316233486773816,1.512553191202664,-20.000000000000007
-0.13496593015556188,1.4904004997731792,-20.000000000000007
-0.13496593015556185,1.490400499773179,-20.000000000000007
-0.1316233486773816,1.512553191202664,-20.000000000000007
-0.13162334867738157,1.5125531912026642,-20.000000000000007
-0.1296237382480963,1.525556298070263,-20.000000000000007
-0.12942838191366207,1.5266195020865654,-20.000000000000007
-0.1284933585024709,1.5247118007304847,-20.000000000000007
-0.12684286767579064,1.5197244813100859,-20.000000000000007
-0.12684286767579067,1.5197244813100856,-20.000000000000007
-0.12737175227293684,1.5218487468094737,-20.000000000000007
-0.12775738770623662,1.5155771973130738,-20.000000000000007
-0.12775734130614708,1.515601054399042,-20.000000000000007
-0.127042798123254,1.5194649562722071,-20.000000000000007
-0.12704279656358708,1.5194616568566688,-20.000000000000007
-0.12696138780143723,1.5216797633310997,-20.000000000000007
-0.12836393604542018,1.5289758056991833,-20.000000000000007
-0.1316195303529259,1.5122209144802388,-20.000000000000007
-0.1316233486773816,1.512553191202664,-20.000000000000007
-0.13162334867738157,1.512553191202664,-20.000000000000007
-0.13162334867738157,1.5125531912026637,-20.000000000000007
-0.1296237382480963,1.525556298070263,-20.000000000000007
-0.12684286767579064,1.5197244813100856,-20.000000000000007
-0.12684286767579064,1.5197244813100859,-20.000000000000007
-0.12540408018203894,1.5225047004235046,-20.000000000000007
-0.12738145262106898,1.5267946817346163,-20.000000000000007
-0.12704279656358708,1.5194616568566688,-20.000000000000007
-0.12624684305887723,1.5255403657887268,-20.000000000000007
-0.12624684305887723,1.5255403657887268,-20.000000000000007
-0.12581054847571135,1.526661554919481,-20.000000000000007
-0.12722508106999336,1.5344131667902938,-20.000000000000007
-0.1279396250327199,1.5305509146248975,-20.000000000000007
-0.12793961775427445,1.5305380631712826,-20.000000000000007
-0.12722508106999333,1.5344131667902938,-20.000000000000007
-0.12722507951032647,1.5344098673747553,-20.000000000000007
-0.12722508106999336,1.5344131667902938,-20.000000000000007
-0.12793962503271988,1.530550914624898,-20.000000000000007
-0.1284933585024709,1.5247118007304845,-20.000000000000007
-0.13162334867738157,1.5125531912026637,-20.000000000000007
-0.13162334867738157,1.5125531912026642,-20.000000000000007
-0.13162334867738157,1.512553191202664,-20.000000000000007
-0.13162334867738157,1.512553191202664,-20.000000000000007
-0.13160506288298887,1.5132325960306732,-20.000000000000007
-0.13162334867738157,1.512553191202664,-20.000000000000007
-0.1316233486773816,1.512553191202664,-20.000000000000007
-0.1316233486773816,1.5125531912026637,-20.000000000000007
-0.13162334867738157,1.5125531912026637,-20.000000000000007
-0.1322518888393985,1.505849498802996,-20.000000000000007
-0.13495605330512836,1.4898632237174254,-20.000000000000007
-0.13505394683634653,1.4898994611030374,-20.000000000000007
-0.13520125451334744,1.4977814552702864,-20.000000000000007
-0.13520125451334744,1.4977814552702866,-20.000000000000007
-0.1355116257520978,1.49968879195694,-20.000000000000007
-0.13551162575209783,1.49968879195694,-20.000000000000007
-0.13520125451334747,1.4977814552702866,-20.000000000000007
-0.13505394683634653,1.4898994611030376,-20.000000000000007
-0.13495987162958403,1.49019550043985,-20.000000000000007
-0.13495605330512833,1.4898632237174254,-20.000000000000007
-0.1321932105323198,1.5075344649957076,-20.000000000000007
-0.13156467037030284,1.5142381573953756,-20.000000000000007
-0.13034416345466585,1.5263060543998155,-20.000000000000007
-0.13034416345466585,1.5263060543998155,-20.000000000000007
-0.12756711120681588,1.5208065143620628,-20.000000000000007
-0.12756711120681588,1.5208065143620628,-20.000000000000007
-0.1275488228129783,1.5214649476211808,-20.000000000000007
-0.12959655351440094,1.5217356634353916,-20.000000000000007
-0.12962101714928753,1.5155700706076165,-20.000000000000007
-0.13103590222828337,1.523304105572557,-20.000000000000007
-0.13502593145006775,1.5053115867830242,-20.000000000000007
-0.1350259241716223,1.5052987353294094,-20.000000000000007
-0.1350259241716223,1.5052987353294092,-20.000000000000007
-0.13502592417162232,1.5052987353294092,-20.000000000000007
-0.13517229201935854,1.5084781187085592,-20.000000000000007
-0.13517229201935851,1.5084781187085592,-20.000000000000007
-0.13517229201935854,1.5084781187085592,-20.000000000000007
-0.13512381770284052,1.5053349727150216,-20.000000000000007
-0.1350259241716223,1.5052987353294096,-20.000000000000007
-0.1350259241716223,1.5052987353294094,-20.000000000000007
-0.1316644351118549,1.5165875617192741,-20.000000000000007
-0.13103589494983797,1.523291254118942,-20.000000000000007
-0.12977878434227225,1.53669817900137,-20.000000000000007
-0.12977878434227225,1.5366981790013698,-20.000000000000007
-0.13517229201935854,1.508478118708559,-20.000000000000007
-0.13510141308817403,1.4966141899032055,-20.000000000000007
-0.13491732781638782,1.490151588675767,-20.000000000000007
-0.13496211183110618,1.4900682230507545,-20.000000000000007
-0.13034798177912152,1.5266383311222402,-20.000000000000007
-0.13034798177912152,1.5266383311222402,-20.000000000000007
-0.1316195303529259,1.5122209144802388,-20.000000000000007
-0.1303479817791215,1.52663833112224,-20.000000000000007
-0.12921760203349608,1.525793833782462,-20.000000000000007
-0.12756711120681588,1.520806514362063,-20.000000000000007
-0.12756711120681585,1.5208065143620628,-20.000000000000007
-0.1303479817791215,1.5266383311222398,-20.000000000000007
-0.13161953035292592,1.5122209144802388,-20.000000000000007
-0.13224807051494286,1.505517222080571,-20.000000000000007
-0.13224807051494283,1.5055172220805708,-20.000000000000007
-0.13224807051494283,1.505517222080571,-20.000000000000007
-0.1316233486773816,1.512553191202664,-20.000000000000007
-0.13160506288298887,1.5132325960306732,-20.000000000000007
-0.1303479817791215,1.52663833112224,-20.000000000000007
-0.1303479817791215,1.5266383311222405,-20.000000000000007
-0.13034416345466585,1.5263060543998153,-20.000000000000007
-0.12993516239195985,1.5290908956915379,-20.000000000000007
-0.13011223033255653,1.5286861249343533,-20.000000000000007
-0.1316233486773816,1.512553191202664,-20.000000000000007
-0.13496593015556185,1.4904004997731792,-20.000000000000007
-0.13496593015556185,1.4904004997731795,-20.000000000000007
-0.13496593015556188,1.4904004997731792,-20.000000000000007
-0.1350079976204999,1.4901723146345818,-20.000000000000007
-0.13496593015556185,1.4904004997731792,-20.000000000000007
-0.13496593015556188,1.4904004997731792,-20.000000000000007
-0.1322518888393985,1.505849498802996,-20.000000000000007
-0.1316233486773816,1.512553191202664,-20.000000000000007
-0.1296237382480963,1.5255562980702628,-20.000000000000007
-0.12962373824809628,1.525556298070263,-20.000000000000007
-0.1296237382480963,1.5255562980702628,-20.000000000000007
-0.1296237382480963,1.525556298070263,-20.000000000000007
-0.1296237382480963,1.525556298070263,-20.000000000000007
-0.1316233486773816,1.512553191202664,-20.000000000000007
-0.13162334867738157,1.5125531912026637,-20.000000000000007
-0.13496593015556185,1.490400499773179,-20.000000000000007
-0.13523645424514372,1.4956132648969092,-20.000000000000007
-0.1352364542451437,1.4956132648969092,-20.000000000000007
-0.1352364542451437,1.4956132648969094,-20.000000000000007
-0.13505647193701792,1.4933154606281196,-20.000000000000007
-0.13634314369070832,1.4690918166037121,-20.000000000000007
-0.13766089245675406,1.4109848407592602,-20.000000000000007
-0.14969871320520373,1.437675006587023,-20.000000000000007
-0.14969871320520373,1.4376750065870232,-20.000000000000007
-0.13559501490126286,1.4971204706629224,-20.000000000000007
-0.13496974848001758,1.4907327764956038,-20.000000000000007
-0.13225188883939853,1.505849498802996,-20.000000000000007
-0.13162334867738157,1.5125531912026637,-20.000000000000007
-0.1296237382480963,1.5255562980702626,-20.000000000000007
-0.12684286767579067,1.5197244813100856,-20.000000000000007
-0.12684286767579064,1.5197244813100859,-20.000000000000007
-0.12684286767579067,1.5197244813100856,-20.000000000000007
-0.1284933585024709,1.5247118007304847,-20.000000000000007
-0.1303479817791215,1.52663833112224,-20.000000000000007
-0.12756711120681588,1.5208065143620626,-20.000000000000007
-0.12756711120681588,1.5208065143620628,-20.000000000000007
-0.12756711120681585,1.5208065143620628,-20.000000000000007
-0.13015262544468725,1.5277015351385423,-20.000000000000007
-0.13160506288298887,1.5132325960306734,-20.000000000000007
-0.1316195303529259,1.5122209144802388,-20.000000000000007
-0.1349582935066505,1.4897359463283295,-20.000000000000007
-0.13224807051494286,1.5055172220805708,-20.000000000000007
-0.13224807051494286,1.505517222080571,-20.000000000000007
-0.13161953035292592,1.5122209144802388,-20.000000000000007
-0.13161953035292592,1.5122209144802388,-20.000000000000007
-0.1316195303529259,1.5122209144802385,-20.000000000000007
-0.13034416345466582,1.5263060543998155,-20.000000000000007
-0.13034416345466582,1.5263060543998153,-20.000000000000007
-0.12756711120681585,1.520806514362063,-20.000000000000007
-0.12756711120681585,1.520806514362063,-20.000000000000007
-0.12612832371306412,1.5235867334754818,-20.000000000000007
-0.12612832293323067,1.5235850837677125,-20.000000000000007
-0.12540407940220547,1.5225030507157353,-20.000000000000007
-0.1254040794022055,1.5225030507157356,-20.000000000000007
-0.1254040794022055,1.5225030507157356,-20.000000000000007
-0.1254040794022055,1.5225030507157353,-20.000000000000007
-0.1254040794022055,1.5225030507157356,-20.000000000000007
-0.1254040794022055,1.5225030507157356,-20.000000000000007
-0.1254040794022055,1.5225030507157356,-20.000000000000007
-0.1254040794022055,1.5225030507157353,-20.000000000000007
-0.12540407940220547,1.5225030507157353,-20.000000000000007
-0.12540407940220547,1.5225030507157356,-20.000000000000007
-0.12540407940220547,1.5225030507157356,-20.000000000000007
-0.12540407940220547,1.522503050715735,-20.000000000000007
-0.14969871320520375,1.437675006587023,-20.000000000000007
-0.22014525807177526,1.9377119567000256,-20.000000000000007
-0.2800448787063409,1.5168640067296462,-20.000000000000007
-0.3289423671626055,1.4983194471492067,-20.000000000000007
-0.3497883250199171,1.500166308022721,-20.000000000000007
-0.35095567862908583,1.4986739610414224,-20.000000000000007
-0.3609490230445223,1.4984493942814863,-20.000000000000007
-0.34441806392137897,1.4983998968947787,-20.000000000000007
-0.3420810356586701,1.4979871708325647,-20.000000000000007
-0.3321532051885991,1.4969309593482778,-20.000000000000007
-0.3101345563504116,1.5033072782617238,-20.000000000000007
-0.31496380366740345,1.4943889687630265,-20.000000000000007
-0.3026883179804606,1.5337500166404896,-20.000000000000007
-0.2965997979352038,1.5893444059498703,-20.000000000000007
-0.28339569269116516,1.5216054649451891,-20.000000000000007
-0.2589971054987555,1.7768843989761658,-20.000000000000007
-0.2364474011315819,1.9186569643032414,-20.000000000000007
-0.21922162412794235,1.9329791594168275,-20.000000000000007
-0.18837473412143407,1.5733779606841163,-20.000000000000007
-0.1822603459450228,1.575240624019803,-20.000000000000007
-0.17950911580190798,1.5810607140359072,-20.000000000000007
-0.14975415741304388,1.4356391577721637,-20.000000000000007
-0.1822603459450228,1.575240624019803,-20.000000000000007
-0.179509115801908,1.5810607140359074,-20.000000000000007
-0.18226034594502277,1.575240624019803,-20.000000000000007
-0.18842511370101273,1.5738540301251946,-20.000000000000007
-0.18226034594502277,1.5752406240198027,-20.000000000000007
-0.1894245325731731,1.5791548760255545,-20.000000000000007
-0.18226034594502277,1.575240624019803,-20.000000000000007
-0.20404430865962883,1.7471900021231153,-20.000000000000007
-0.1891192387649498,1.5756732257028958,-20.000000000000007
-0.2040443086596288,1.7471900021231153,-20.000000000000007
-0.2040443086596288,1.7471900021231153,-20.000000000000007
-0.1941542021624192,1.6248355056872366,-20.000000000000007
-0.22014714604852803,1.9414399986101936,-20.000000000000007
-0.2196570342500176,1.9384732617866098,-20.000000000000007
-0.2452776421772323,1.8236949821295778,-20.000000000000007
-0.23090645405062976,1.9115449702339888,-20.000000000000007
-0.2502845554208488,1.7235141714337494,-20.000000000000007
-0.2445095370444733,1.8283121663619244,-20.000000000000007
-0.24882742306032143,1.766771405799542,-20.000000000000007
-0.2475439191850135,1.798329388501767,-20.000000000000007
-0.220886347239792,1.9375430873313437,-20.000000000000007
-0.2434376236212038,1.8364278092211166,-20.000000000000007
-0.22959559270852004,1.9265005679165847,-20.000000000000007
-0.2553086674360319,1.7679087453312388,-20.000000000000007
-0.2749177087779843,1.588411075376693,-20.000000000000007
-0.2790418615852196,1.4658209857437952,-20.000000000000007
-0.2870039395066934,1.549893571536471,-20.000000000000007
-0.2913267590413062,1.584378138363094,-20.000000000000007
-0.30086274822710624,1.5472180224480407,-20.000000000000007
-0.29392805207153333,1.5968011960998385,-20.000000000000007
-0.3019660543653012,1.5367776295803577,-20.000000000000007
-0.30070150814338575,1.5481886638389142,-20.000000000000007
-0.286524057920643,1.5574254096111624,-20.000000000000007
-0.2967421792906528,1.5919541825058816,-20.000000000000007
-0.2858765585780598,1.5578782155992061,-20.000000000000007
-0.28280340227417533,1.5128320803744233,-20.000000000000007
-0.28015984769796337,1.4819241385848265,-20.000000000000007
-0.27552963855276336,1.575636613138193,-20.000000000000007
-0.2488996822317046,1.7664111245118415,-20.000000000000007
-0.23659925647226115,1.9165596998593308,-20.000000000000007
-0.21297145694215708,1.8551211557628873,-20.000000000000007
-0.18226034594502283,1.575240624019803,-20.000000000000007
-0.179509115801908,1.5810607140359074,-20.000000000000007
-0.14961452095757005,1.4408829749123404,-20.000000000000007
-0.14969871320520375,1.437675006587023,-20.000000000000007
-0.1497541574130439,1.4356391577721637,-20.000000000000007
-0.17259283802865877,1.5472393109831906,-20.000000000000007
-0.17716407672167847,1.5760687284044745,-20.000000000000007
-0.1811061921972143,1.5615965088310682,-20.000000000000007
-0.18226034594502283,1.575240624019803,-20.000000000000007
-0.18885818653230282,1.5776548930151266,-20.000000000000007
-0.1894245325731731,1.5791548760255547,-20.000000000000007
-0.18250173051842536,1.5731434678747531,-20.000000000000007
-0.1925488884514961,1.6080217107239954,-20.000000000000007
-0.1822603459450228,1.5752406240198031,-20.000000000000007
-0.20404430865962883,1.7471900021231153,-20.000000000000007
-0.2040443086596288,1.7471900021231153,-20.000000000000007
-0.21023380688351326,1.8304416245211912,-20.000000000000007
-0.21941629570363214,1.934944495264261,-20.000000000000007
-0.2040443086596288,1.7471900021231155,-20.000000000000007
-0.21971733240111876,1.9346251312641956,-20.000000000000007
-0.18942453257317313,1.5791548760255547,-20.000000000000007
-0.212492495462084,1.848023879502905,-20.000000000000007
-0.19316194813994036,1.6117989308347909,-20.000000000000007
-0.21297145694215708,1.8551211557628873,-20.000000000000007
-0.2046310465000766,1.7506837249301757,-20.000000000000007
-0.2062195057358958,1.7693061823890077,-20.000000000000007
-0.24850050817507824,1.7781541308881688,-20.000000000000007
-0.2637650896695065,1.7624734414920689,-20.000000000000007
-0.307158243402049,1.5095864678903101,-20.000000000000007
-0.32542966451226146,1.4994800675305489,-20.000000000000007
-0.32396286164736543,1.4999548418820126,-20.000000000000007
-0.3307532685760656,1.4962650864571123,-20.000000000000007
-0.3165228027292817,1.4976159526057433,-20.000000000000007
-0.31286943398502143,1.5045796759697252,-20.000000000000007
-0.30490505202372303,1.5056618751786142,-20.000000000000007
-0.28831958847372885,1.5737907057255949,-20.000000000000007
-0.2915049852945024,1.5881390989797999,-20.000000000000007
-0.27971379648868566,1.524460562323756,-20.000000000000007
-0.27796340090785826,1.506401480561423,-20.000000000000007
-0.26404892623071796,1.7598795023714366,-20.000000000000007
-0.2502845554208489,1.7235141714337494,-20.000000000000007
-0.24895973811455108,1.7659134401048044,-20.000000000000007
-0.22092905039895402,1.9380855158477237,-20.000000000000007
-0.22009438141336607,1.9320609053442979,-20.000000000000007
-0.18942453257317315,1.5791548760255547,-20.000000000000007
-0.18837473412143405,1.573377960684116,-20.000000000000007
-0.18888897604606414,1.5748627885679038,-20.000000000000007
-0.180374903390968,1.5624216849117096,-20.000000000000007
-0.18842511370101275,1.5738540301251949,-20.000000000000007
-0.1804043718668858,1.5611767535850447,-20.000000000000007
-0.1822603459450228,1.575240624019803,-20.000000000000007
-0.17950911580190798,1.5810607140359072,-20.000000000000007
-0.17917386072802038,1.5901780441278877,-20.000000000000007
-0.18250173051842536,1.5731434678747531,-20.000000000000007
-0.17917386072802038,1.5901780441278877,-20.000000000000007
-0.1930381521161568,1.6120202560143864,-20.000000000000007
-0.18842511370101275,1.5738540301251946,-20.000000000000007
-0.20429629129942256,1.7509576343442548,-20.000000000000007
-0.18942453257317313,1.5791548760255545,-20.000000000000007
-0.19303815211615685,1.6120202560143866,-20.000000000000007
-0.2040443086596288,1.7471900021231153,-20.000000000000007
-0.18226034594502277,1.5752406240198034,-20.000000000000007
-0.221176100007379,1.9371965699065867,-20.000000000000007
-0.20438912631107456,1.7467571198479008,-20.000000000000007
-0.23611052731843585,1.9194812618195156,-20.000000000000007
-0.2311771762179048,1.9080502392350212,-20.000000000000007
-0.23229853933436456,1.911859258626908,-20.000000000000007
-0.22138700232139466,1.9286952633762897,-20.000000000000007
-0.18832435454185534,1.572901891243037,-20.000000000000007
-0.21827512813214567,1.9327711581825626,-20.000000000000007
-0.21931127683429325,1.934614313986411,-20.000000000000007
-0.2553086674360319,1.7679087453312388,-20.000000000000007
-0.289858468531514,1.5753683835240218,-20.000000000000007
-0.3054493395984941,1.5083550434456754,-20.000000000000007
-0.30440547892852227,1.5076842266763237,-20.000000000000007
-0.30970322821772656,1.5055559396463685,-20.000000000000007
-0.2992599492840616,1.5638418227667492,-20.000000000000007
-0.29619452782311545,1.5908414666552206,-20.000000000000007
-0.29145844983886904,1.5859578127467024,-20.000000000000007
-0.28485826536471265,1.5499158821886234,-20.000000000000007
-0.29148930960262587,1.5881601358306732,-20.000000000000007
-0.282284060596286,1.534053899313032,-20.000000000000007
-0.2871166501006802,1.5498945121053427,-20.000000000000007
-0.2794793704340342,1.4686975767129973,-20.000000000000007
-0.24950546769882767,1.7506184474221236,-20.000000000000007
-0.24527764217723236,1.8236949821295778,-20.000000000000007
-0.19315943252724238,1.611838674050075,-20.000000000000007
-0.18837473412143407,1.573377960684116,-20.000000000000007
-0.1822603459450228,1.5752406240198031,-20.000000000000007
-0.17337853243457832,1.5519365666422187,-20.000000000000007
-0.17950911580190798,1.5810607140359072,-20.000000000000007
-0.17950911580190798,1.5810607140359074,-20.000000000000007
-0.1883747341214341,1.573377960684116,-20.000000000000007
-0.18842511370101273,1.5738540301251946,-20.000000000000007
-0.1894245325731731,1.5791548760255547,-20.000000000000007
-0.18885818653230282,1.5776548930151266,-20.000000000000007
-0.19209041430059667,1.6012310609863811,-20.000000000000007
-0.19303815211615682,1.6120202560143866,-20.000000000000007
-0.2047365030509324,1.7580889424488189,-20.000000000000007
-0.21248743473298976,1.8569242044846714,-20.000000000000007
-0.2194162957036321,1.9349444952642607,-20.000000000000007
-0.22033055059070922,1.938481523569137,-20.000000000000007
-0.21827512813214564,1.9327711581825628,-20.000000000000007
-0.21851335106583322,1.9363396679201959,-20.000000000000007
-0.2040443086596288,1.7471900021231153,-20.000000000000007
-0.22595440670337322,1.9324083385227477,-20.000000000000007
-0.2120497385941779,1.8497531531648237,-20.000000000000007
-0.22769224485380402,1.9240283048439144,-20.000000000000007
-0.22140461161028013,1.9284170608693034,-20.000000000000007
-0.22138700232139463,1.92869526337629,-20.000000000000007
-0.22041728821468373,1.9348175495022781,-20.000000000000007
-0.21129602756202667,1.834716479141116,-20.000000000000007
-0.21896327629267137,1.929728595401465,-20.000000000000007
-0.21898340119425475,1.9294106496791947,-20.000000000000007
-0.24950546769882767,1.7506184474221234,-20.000000000000007
-0.266715667399576,1.7642073307773385,-20.000000000000007
-0.30102068032236995,1.5476996980544977,-20.000000000000007
-0.3142263816640967,1.5004769727522473,-20.000000000000007
-0.3198251703822356,1.4999916232952821,-20.000000000000007
-0.32656818896800255,1.498767343902329,-20.000000000000007
-0.318027112388978,1.4991521301939268,-20.000000000000007
-0.3165228027292816,1.4976159526057433,-20.000000000000007
-0.304905052023723,1.505661875178614,-20.000000000000007
-0.29684279401815894,1.589821719301977,-20.000000000000007
-0.2969975637426139,1.5884176391337546,-20.000000000000007
-0.2844883477018021,1.5579081829715888,-20.000000000000007
-0.28464938821314867,1.5322274562314535,-20.000000000000007
-0.2785478315136013,1.4857658922750328,-20.000000000000007
-0.25603071177177666,1.7677522223127284,-20.000000000000007
-0.24527764217723233,1.8236949821295778,-20.000000000000007
-0.2129563632659695,1.85535961505459,-20.000000000000007
-0.18942453257317315,1.5791548760255547,-20.000000000000007
-0.18226034594502277,1.575240624019803,-20.000000000000007
-0.17917386072802038,1.5901780441278879,-20.000000000000007
-0.179509115801908,1.5810607140359072,-20.000000000000007
-0.18067000068203443,1.5594198148107747,-20.000000000000007
-0.17825534106184446,1.5837285229747722,-20.000000000000007
-0.1742675836248365,1.5596310191219989,-20.000000000000007
-0.1811061921972143,1.5615965088310682,-20.000000000000007
-0.17337853243457835,1.5519365666422185,-20.000000000000007
-0.18226034594502277,1.575240624019803,-20.000000000000007
-0.1822603459450228,1.575240624019803,-20.000000000000007
-0.1822603459450228,1.575240624019803,-20.000000000000007
-0.18888897604606417,1.5748627885679038,-20.000000000000007
-0.179509115801908,1.5810607140359076,-20.000000000000007
-0.1894245325731731,1.5791548760255547,-20.000000000000007
-0.18226034594502277,1.575240624019803,-20.000000000000007
-0.18888897604606414,1.5748627885679038,-20.000000000000007
-0.20404430865962883,1.7471900021231153,-20.000000000000007
-0.18226034594502277,1.575240624019803,-20.000000000000007
-0.2182751281321456,1.9327711581825624,-20.000000000000007
-0.18888897604606417,1.5748627885679038,-20.000000000000007
-0.19901077125258654,1.6781980929511513,-20.000000000000007
-0.21975688847745659,1.93012065035243,-20.000000000000007
-0.18159448893339836,1.5695762451319148,-20.000000000000007
-0.21939361229851165,1.921771478663293,-20.000000000000007
-0.18254761494311048,1.574583548865015,-20.000000000000007
-0.21941629570363208,1.934944495264261,-20.000000000000007
-0.24950546769882767,1.7506184474221236,-20.000000000000007
-0.2567547859489736,1.7713705758462703,-20.000000000000007
-0.28513543071080866,1.5353985649857198,-20.000000000000007
-0.2966667426066949,1.588892660125147,-20.000000000000007
-0.29263471218956816,1.5867005354778854,-20.000000000000007
-0.286243990716846,1.544099910756524,-20.000000000000007
-0.29439320887510523,1.5946848216936949,-20.000000000000007
-0.28657897359637075,1.5473008647470075,-20.000000000000007
-0.2823489011146968,1.5128685657780538,-20.000000000000007
-0.29372633629289346,1.5949052347983985,-20.000000000000007
-0.2928848964359754,1.5872618419914257,-20.000000000000007
-0.29564574900886464,1.5926551084486407,-20.000000000000007
-0.2974970380589126,1.5809619700145285,-20.000000000000007
-0.2817766652843087,1.499972473468233,-20.000000000000007
-0.262445897171823,1.7647522487210692,-20.000000000000007
-0.24741021030848614,1.7912372786149642,-20.000000000000007
-0.2271897056946158,1.9243297778354602,-20.000000000000007
-0.18191979229284239,1.5712507065441947,-20.000000000000007
-0.1738842011303384,1.5568670379775074,-20.000000000000007
-0.1592037846758746,1.4895743099280845,-20.000000000000007
-0.13766089245675406,1.4109848407592605,-20.000000000000007
-0.180374903390968,1.5624216849117092,-20.000000000000007
-0.18226034594502277,1.575240624019803,-20.000000000000007
-0.18226034594502277,1.5752406240198034,-20.000000000000007
-0.18888897604606417,1.574862788567904,-20.000000000000007
-0.176942965478157,1.572743141012019,-20.000000000000007
-0.179509115801908,1.5810607140359074,-20.000000000000007
-0.18226034594502277,1.5752406240198031,-20.000000000000007
-0.18842511370101273,1.5738540301251946,-20.000000000000007
-0.1891192387649498,1.5756732257028958,-20.000000000000007
-0.1822603459450228,1.575240624019803,-20.000000000000007
-0.18837473412143407,1.5733779606841163,-20.000000000000007
-0.18842511370101275,1.5738540301251946,-20.000000000000007
-0.20438912631107453,1.746757119847901,-20.000000000000007
-0.2192470137500501,1.9358000279343424,-20.000000000000007
-0.20429629129942256,1.750957634344255,-20.000000000000007
-0.19316194813994034,1.6117989308347904,-20.000000000000007
-0.18220996636544406,1.5747645545787243,-20.000000000000007
-0.18220996636544406,1.5747645545787243,-20.000000000000007
-0.18832435454185534,1.5729018912430373,-20.000000000000007
-0.18832435454185534,1.5729018912430375,-20.000000000000007
-0.20468482335904073,1.7442442470352897,-20.000000000000007
-0.18105946327790218,1.5666741382472231,-20.000000000000007
-0.2261117179537413,1.9301421223050317,-20.000000000000007
-0.25686668593859485,1.7710168770900536,-20.000000000000007
-0.28379640461182376,1.5506756701380193,-20.000000000000007
-0.3263068637139058,1.4987354149676857,-20.000000000000007
-0.3395520208123278,1.4988160691901018,-20.000000000000007
-0.3354320376476757,1.500862454014006,-20.000000000000007
-0.33114711616078024,1.4986663027318228,-20.000000000000007
-0.3271307145823821,1.4993353624456978,-20.000000000000007
-0.3150119161980692,1.493886309280419,-20.000000000000007
-0.30263291006736837,1.5319900558991009,-20.000000000000007
-0.30253045147243823,1.5334268900973882,-20.000000000000007
-0.29644619690488105,1.5919162772191608,-20.000000000000007
-0.3010028004312815,1.5476422714487983,-20.000000000000007
-0.3030992021947,1.522194728600927,-20.000000000000007
-0.2852671215083714,1.5369782393693279,-20.000000000000007
-0.2776758877894115,1.569722803179571,-20.000000000000007
-0.24518775318134983,1.8174452005619748,-20.000000000000007
-0.21149209133536118,1.8443050232223166,-20.000000000000007
-0.1750691443919082,1.5677190487190198,-20.000000000000007
-0.1666344962127796,1.5652812951789516,-20.000000000000007
-0.17040862711762939,1.5881758004084296,-20.000000000000007
-0.16836716172801786,1.571339783719669,-20.000000000000007
-0.18837473412143407,1.5733779606841163,-20.000000000000007
-0.18888897604606417,1.5748627885679038,-20.000000000000007
-0.1811061921972143,1.5615965088310682,-20.000000000000007
-0.1822603459450228,1.575240624019803,-20.000000000000007
-0.1806700006820344,1.5594198148107745,-20.000000000000007
-0.17917386072802038,1.5901780441278874,-20.000000000000007
-0.18837473412143405,1.573377960684116,-20.000000000000007
-0.18250173051842533,1.5731434678747531,-20.000000000000007
-0.18888897604606417,1.5748627885679038,-20.000000000000007
-0.1930381521161568,1.6120202560143864,-20.000000000000007
-0.18226034594502277,1.575240624019803,-20.000000000000007
-0.20404430865962883,1.7471900021231157,-20.000000000000007
-0.18837473412143405,1.573377960684116,-20.000000000000007
-0.18911923876494982,1.5756732257028956,-20.000000000000007
-0.21023380688351323,1.8304416245211907,-20.000000000000007
-0.18837473412143405,1.573377960684116,-20.000000000000007
-0.21898340119425475,1.9294106496791945,-20.000000000000007
-0.1922012188841824,1.598331149634712,-20.000000000000007
-0.20464930889946623,1.7503430665632256,-20.000000000000007
-0.2134834710776139,1.8491291362183486,-20.000000000000007
-0.1815357990587903,1.567573645981834,-20.000000000000007
-0.21334968096843673,1.8529075364882375,-20.000000000000007
-0.22126242425464535,1.9315727728415628,-20.000000000000007
-0.2495054676988277,1.7506184474221236,-20.000000000000007
-0.27631090418711085,1.5509085639401683,-20.000000000000007
-0.2824773094633478,1.5068376726865906,-20.000000000000007
-0.2963409934099759,1.5899134308537088,-20.000000000000007
-0.29594557443006414,1.591912671727449,-20.000000000000007
-0.28317282825210344,1.5185764883075428,-20.000000000000007
-0.2899378985962879,1.5758427781829638,-20.000000000000007
-0.27908581884652184,1.4629854224262329,-20.000000000000007
-0.2707823085305555,1.7139078657374638,-20.000000000000007
-0.28133524323130354,1.5246506394068564,-20.000000000000007
-0.28040688778592177,1.5047866790540922,-20.000000000000007
-0.2845251669851832,1.5576917538068045,-20.000000000000007
-0.28459683569268174,1.5319198581045175,-20.000000000000007
-0.27904186158521965,1.465820985743795,-20.000000000000007
-0.2568278147509737,1.7706332651819523,-20.000000000000007
-0.24745330071993613,1.7895322353368988,-20.000000000000007
-0.229598499407687,1.9191910870252666,-20.000000000000007
-0.22048217698528838,1.9238009135235057,-20.000000000000007
-0.20027416536807685,1.7399762549746092,-20.000000000000007
-0.18180598392082672,1.5688967113117938,-20.000000000000007
-0.1883243545418553,1.5729018912430373,-20.000000000000007
-0.17548244831557921,1.566996165209496,-20.000000000000007
-0.1742675836248365,1.5596310191219986,-20.000000000000007
-0.16015086704143033,1.4658572207674505,-20.000000000000007
-0.16491224342351885,1.4962079272044326,-20.000000000000007
-0.17933485877093763,1.5832655028315092,-20.000000000000007
-0.1822603459450228,1.5752406240198031,-20.000000000000007
-0.1822603459450228,1.5752406240198031,-20.000000000000007
-0.18888897604606417,1.5748627885679038,-20.000000000000007
-0.18888897604606414,1.5748627885679038,-20.000000000000007
-0.19312068279867922,1.611872705894656,-20.000000000000007
-0.19901831809068027,1.6780788633052999,-20.000000000000007
-0.20438912631107453,1.746757119847901,-20.000000000000007
-0.20438912631107453,1.746757119847901,-20.000000000000007
-0.21086836437030812,1.836207293511332,-20.000000000000007
-0.2040443086596288,1.7471900021231157,-20.000000000000007
-0.21360862628609328,1.8658947486649495,-20.000000000000007
-0.20506874263888847,1.7578547762500234,-20.000000000000007
-0.22144073765422823,1.9281315216308137,-20.000000000000007
-0.22046336863750626,1.9340817867934612,-20.000000000000007
-0.22741751115833908,1.9218725433303434,-20.000000000000007
-0.22646905843047488,1.923997372221255,-20.000000000000007
-0.18217879323861752,1.5744388146995938,-20.000000000000007
-0.25326889233539673,1.757802427023983,-20.000000000000007
-0.25715985229708327,1.7704114072995514,-20.000000000000007
-0.30458345399411885,1.504572607331342,-20.000000000000007
-0.32884406026553037,1.49605835088936,-20.000000000000007
-0.33065887308389647,1.4959265577619119,-20.000000000000007
-0.33567929905542776,1.499706485752043,-20.000000000000007
-0.3206810014803722,1.4990911774248241,-20.000000000000007
-0.3236490426783439,1.5001615104541952,-20.000000000000007
-0.3082644234864066,1.5092640463390952,-20.000000000000007
-0.29470153782756137,1.5965526329500341,-20.000000000000007
-0.3049680624842602,1.505801083117312,-20.000000000000007
-0.2963647072512585,1.592360891254994,-20.000000000000007
-0.2941671893924197,1.597672048096461,-20.000000000000007
-0.2821509299662527,1.5056957729810945,-20.000000000000007
-0.25524064328010465,1.7695258837127656,-20.000000000000007
-0.2290706721347102,1.9266742771147656,-20.000000000000007
-0.20422406494602988,1.7470522200873617,-20.000000000000007
-0.1822603459450228,1.575240624019803,-20.000000000000007
-0.17694296547815702,1.572743141012019,-20.000000000000007
-0.1622651465189021,1.479978094344565,-20.000000000000007
-0.1377468926182409,1.4138227263361494,-20.000000000000007
-0.1489623238983579,1.441250436214657,-20.000000000000007
-0.14969871320520373,1.437675006587023,-20.000000000000007
-0.1509864912825978,1.3992341320455806,-20.000000000000007
-0.14975414285615307,1.435613454864934,-20.000000000000007
-0.14975414285615304,1.435613454864934,-20.000000000000007
-0.16015086704143036,1.4658572207674505,-20.000000000000007
-0.1489623238983579,1.4412504362146568,-20.000000000000007
-0.1601508670414304,1.4658572207674505,-20.000000000000007
-0.15098649128259778,1.3992341320455806,-20.000000000000007
-0.14975414285615304,1.4356134548649337,-20.000000000000007
-0.1617536389502492,1.4767475548411566,-20.000000000000007
-0.14975414285615307,1.435613454864934,-20.000000000000007
-0.1617536389502492,1.4767475548411566,-20.000000000000007
-0.16226514651890211,1.479978094344565,-20.000000000000007
-0.1622651465189021,1.4799780943445653,-20.000000000000007
-0.1627002308005726,1.4821412217524916,-20.000000000000007
-0.16491224342351887,1.4962079272044329,-20.000000000000007
-0.17359964367809982,1.5552621540346743,-20.000000000000007
-0.16226514651890211,1.479978094344565,-20.000000000000007
-0.17825534106184443,1.5837285229747724,-20.000000000000007
-0.1622651465189021,1.479978094344565,-20.000000000000007
-0.14969871320520375,1.4376750065870232,-20.000000000000007
-0.17337853243457835,1.5519365666422187,-20.000000000000007
-0.18942453257317313,1.5791548760255547,-20.000000000000007
-0.24850050817507827,1.778154130888169,-20.000000000000007
-0.2828034022741754,1.5128320803744235,-20.000000000000007
-0.3067739137673477,1.5114988088153862,-20.000000000000007
-0.31280367254792,1.5016564574410483,-20.000000000000007
-0.3179667630369377,1.4970899085288836,-20.000000000000007
-0.3090730473186497,1.5076237977683649,-20.000000000000007
-0.31346712656046194,1.5043489425686145,-20.000000000000007
-0.3015611909201041,1.539364766532595,-20.000000000000007
-0.28764360041846326,1.5590373882747939,-20.000000000000007
-0.3033834177874552,1.52068851557586,-20.000000000000007
-0.29761414913926276,1.5825050174610302,-20.000000000000007
-0.3009600394344729,1.5485114542065674,-20.000000000000007
-0.28739973909406236,1.5520020262216156,-20.000000000000007
-0.27686892547354014,1.5332495441711376,-20.000000000000007
-0.24965204629655047,1.7463127307456154,-20.000000000000007
-0.23551189058443658,1.919305109296039,-20.000000000000007
-0.22172921539414447,1.933535517609708,-20.000000000000007
-0.2044155886590621,1.7462347759751364,-20.000000000000007
-0.18832435454185534,1.5729018912430373,-20.000000000000007
-0.17917386072802038,1.5901780441278877,-20.000000000000007
-0.151885716309857,1.402262875380409,-20.000000000000007
-0.16015086704143036,1.4658572207674505,-20.000000000000007
-0.17716407672167844,1.5760687284044745,-20.000000000000007
-0.179509115801908,1.5810607140359074,-20.000000000000007
-0.1822603459450228,1.5752406240198031,-20.000000000000007
-0.18110619219721424,1.5615965088310682,-20.000000000000007
-0.18067000068203443,1.5594198148107745,-20.000000000000007
-0.17950911580190798,1.5810607140359072,-20.000000000000007
-0.1822603459450228,1.575240624019803,-20.000000000000007
-0.1822603459450228,1.5752406240198031,-20.000000000000007
-0.18250173051842533,1.573143467874753,-20.000000000000007
-0.18837473412143407,1.573377960684116,-20.000000000000007
-0.17917386072802038,1.5901780441278879,-20.000000000000007
-0.179509115801908,1.5810607140359074,-20.000000000000007
-0.17933485877093763,1.5832655028315095,-20.000000000000007
-0.1804043718668858,1.5611767535850447,-20.000000000000007
-0.1822603459450228,1.5752406240198031,-20.000000000000007
-0.18226034594502277,1.575240624019803,-20.000000000000007
-0.179509115801908,1.5810607140359076,-20.000000000000007
-0.18067000068203443,1.5594198148107745,-20.000000000000007
-0.179509115801908,1.5810607140359072,-20.000000000000007
-0.1822099663654441,1.5747645545787248,-20.000000000000007
-0.1822099663654441,1.5747645545787243,-20.000000000000007
-0.21297145694215708,1.8551211557628873,-20.000000000000007
-0.24889968223170464,1.7664111245118415,-20.000000000000007
-0.2804981069501977,1.5029866584530565,-20.000000000000007
-0.31277385142520997,1.5046078879524436,-20.000000000000007
-0.3291248873241883,1.496141991483504,-20.000000000000007
-0.34327876803833857,1.5002983627233721,-20.000000000000007
-0.34004991309515326,1.4990709531740871,-20.000000000000007
-0.34203562488531913,1.4976378753116961,-20.000000000000007
-0.3220776134311763,1.4963120041608493,-20.000000000000007
-0.30903363523530675,1.5068264433831877,-20.000000000000007
-0.31506121787724833,1.4941611630090574,-20.000000000000007
-0.3025866756274419,1.5325552975248484,-20.000000000000007
-0.30200269098894605,1.5393717649482572,-20.000000000000007
-0.28476675363292536,1.5329115731342657,-20.000000000000007
-0.2655302701449732,1.766027902309911,-20.000000000000007
-0.2532803119563146,1.7576484038588776,-20.000000000000007
-0.23700737918257173,1.908728970575051,-20.000000000000007
-0.21925523455919246,1.932733363393622,-20.000000000000007
-0.18886938598024677,1.5715946146796027,-20.000000000000007
-0.1883243545418553,1.5729018912430375,-20.000000000000007
-0.17825534106184446,1.5837285229747722,-20.000000000000007
-0.17259283802865874,1.5472393109831906,-20.000000000000007
-0.1754824483155792,1.566996165209496,-20.000000000000007
-0.14975415741304388,1.4356391577721634,-20.000000000000007
-0.17716407672167847,1.5760687284044748,-20.000000000000007
-0.17950911580190798,1.5810607140359074,-20.000000000000007
-0.18226034594502277,1.5752406240198031,-20.000000000000007
-0.18837473412143407,1.573377960684116,-20.000000000000007
-0.18226034594502277,1.575240624019803,-20.000000000000007
-0.18888897604606414,1.5748627885679038,-20.000000000000007
-0.18837473412143407,1.573377960684116,-20.000000000000007
-0.1888581865323028,1.5776548930151268,-20.000000000000007
-0.1891192387649498,1.5756732257028956,-20.000000000000007
-0.1811061921972143,1.5615965088310682,-20.000000000000007
-0.19303815211615682,1.6120202560143864,-20.000000000000007
-0.18837473412143405,1.5733779606841163,-20.000000000000007
-0.19885325672563559,1.6783739635447608,-20.000000000000007
-0.21086836437030812,1.836207293511332,-20.000000000000007
-0.20438912631107453,1.7467571198479008,-20.000000000000007
-0.21896327629267134,1.929728595401465,-20.000000000000007
-0.18915002827871114,1.5728811212556728,-20.000000000000007
-0.22006030841091512,1.9312845573093957,-20.000000000000007
-0.2046848233590407,1.7442442470352897,-20.000000000000007
-0.20140419548837762,1.7053290954227356,-20.000000000000007
-0.2453754064510582,1.824009921135028,-20.000000000000007
-0.24894779568029934,1.7654260612210053,-20.000000000000007
-0.2645397981718718,1.7593873789892278,-20.000000000000007
-0.28177666528430867,1.4999724734682327,-20.000000000000007
-0.28015973205516326,1.4816645126809362,-20.000000000000007
-0.2869750044368471,1.549535799391146,-20.000000000000007
-0.2887514147737618,1.5637763595210932,-20.000000000000007
-0.29243380847748157,1.5849758108195904,-20.000000000000007
-0.28177666528430867,1.4999724734682327,-20.000000000000007
-0.2819630755320104,1.5222139334762037,-20.000000000000007
-0.29466118719842965,1.5964499838571957,-20.000000000000007
-0.29161458899958015,1.587981435236426,-20.000000000000007
-0.2967149169310374,1.5916585436900763,-20.000000000000007
-0.2821509299662527,1.5056957729810945,-20.000000000000007
-0.25540545828276917,1.7680451672476831,-20.000000000000007
-0.23843874376676022,1.8938471587211718,-20.000000000000007
-0.22732795586618182,1.9223263193176603,-20.000000000000007
-0.20156731890234345,1.7041464858470465,-20.000000000000007
-0.20468482335904073,1.7442442470352895,-20.000000000000007
-0.18215363028809567,1.5702186650839227,-20.000000000000007
-0.17208967311812284,1.604046686749628,-20.000000000000007
-0.18037490339096798,1.5624216849117094,-20.000000000000007
-0.17716407672167844,1.5760687284044745,-20.000000000000007
-0.17933485877093766,1.5832655028315092,-20.000000000000007
-0.18110619219721433,1.5615965088310682,-20.000000000000007
-0.18067000068203443,1.5594198148107745,-20.000000000000007
-0.18226034594502277,1.5752406240198031,-20.000000000000007
-0.18067000068203443,1.5594198148107747,-20.000000000000007
-0.1804043718668858,1.5611767535850447,-20.000000000000007
-0.18067000068203443,1.5594198148107747,-20.000000000000007
-0.18226034594502277,1.5752406240198031,-20.000000000000007
-0.18842511370101273,1.5738540301251949,-20.000000000000007
-0.18888897604606417,1.5748627885679038,-20.000000000000007
-0.1883747341214341,1.5733779606841163,-20.000000000000007
-0.18837473412143407,1.573377960684116,-20.000000000000007
-0.18885818653230282,1.5776548930151268,-20.000000000000007
-0.18842511370101278,1.5738540301251946,-20.000000000000007
-0.2182751281321456,1.9327711581825626,-20.000000000000007
-0.2062195057358958,1.7693061823890073,-20.000000000000007
-0.19315943252724238,1.6118386740500745,-20.000000000000007
-0.20437906386028284,1.7469160927090361,-20.000000000000007
-0.18886938598024683,1.5715946146796027,-20.000000000000007
-0.2133496809684367,1.852907536488238,-20.000000000000007
-0.2197568884774566,1.9301206503524302,-20.000000000000007
-0.2476578564245048,1.7964142484110877,-20.000000000000007
-0.2798454982039166,1.5151393536741802,-20.000000000000007
-0.2828398362223591,1.5286584645041115,-20.000000000000007
-0.312013591459888,1.5038843460037405,-20.000000000000007
-0.3128681582018871,1.5034078731482228,-20.000000000000007
-0.3124538404866238,1.5047012510847886,-20.000000000000007
-0.31976112396171597,1.499552170950519,-20.000000000000007
-0.3122023957312574,1.5047653445325466,-20.000000000000007
-0.3022434825152658,1.535726336582573,-20.000000000000007
-0.30035154131673664,1.5548208223037785,-20.000000000000007
-0.29290290613683806,1.5861673337936468,-20.000000000000007
-0.2813353588741037,1.5249102653107467,-20.000000000000007
-0.28021036706268587,1.5076787191445946,-20.000000000000007
-0.25681424317968443,1.7714254073301814,-20.000000000000007
-0.23698195095870878,1.91396492739013,-20.000000000000007
-0.2271079690125053,1.9296993061991707,-20.000000000000007
-0.22992451001107297,1.9216955694980073,-20.000000000000007
-0.20064422609793017,1.7435228115391355,-20.000000000000007
-0.20048109417078275,1.7468521674275943,-20.000000000000007
-0.18618055368976427,1.6030771811924862,-20.000000000000007
-0.17115751182562047,1.5948277322235274,-20.000000000000007
-0.18067000068203443,1.5594198148107745,-20.000000000000007
-0.17917386072802038,1.5901780441278879,-20.000000000000007
-0.18067000068203443,1.5594198148107745,-20.000000000000007
-0.1811061921972143,1.5615965088310686,-20.000000000000007
-0.17359964367809982,1.555262154034674,-20.000000000000007
-0.17933485877093766,1.5832655028315092,-20.000000000000007
-0.16226514651890211,1.479978094344565,-20.000000000000007
-0.179509115801908,1.5810607140359074,-20.000000000000007
-0.1811061921972143,1.5615965088310684,-20.000000000000007
-0.17950911580190798,1.5810607140359076,-20.000000000000007
-0.18226034594502277,1.575240624019803,-20.000000000000007
-0.17950911580190798,1.5810607140359072,-20.000000000000007
-0.18842511370101278,1.5738540301251949,-20.000000000000007
-0.18837473412143405,1.573377960684116,-20.000000000000007
-0.2011724582994196,1.705762081239453,-20.000000000000007
-0.18942453257317313,1.5791548760255547,-20.000000000000007
-0.18226034594502277,1.5752406240198031,-20.000000000000007
-0.1990183180906803,1.6780788633052999,-20.000000000000007
-0.18226034594502277,1.5752406240198031,-20.000000000000007
-0.20437906386028284,1.746916092709036,-20.000000000000007
-0.20437906386028282,1.746916092709036,-20.000000000000007
-0.1822099663654441,1.5747645545787246,-20.000000000000007
-0.18842511370101278,1.5738540301251946,-20.000000000000007
-0.20404430865962883,1.7471900021231153,-20.000000000000007
-0.2485316828615717,1.7784212836840876,-20.000000000000007
-0.2787179506508717,1.4762737898130438,-20.000000000000007
-0.3016919677366312,1.537138308646687,-20.000000000000007
-0.3030801358032825,1.5193781836769173,-20.000000000000007
-0.301322861165482,1.5421981222356203,-20.000000000000007
-0.30303915581607355,1.5193578550285198,-20.000000000000007
-0.29675456765965874,1.5879403257816478,-20.000000000000007
-0.28739973909406236,1.552002026221616,-20.000000000000007
-0.29639282412961,1.5900138204943728,-20.000000000000007
-0.30140921168338736,1.542831498183494,-20.000000000000007
-0.2990250918840398,1.5678429960582043,-20.000000000000007
-0.29671857332632906,1.5889930497658102,-20.000000000000007
-0.2828967342021925,1.514305595287187,-20.000000000000007
-0.2571221383822837,1.770859559149715,-20.000000000000007
-0.234408232611389,1.9331740021179948,-20.000000000000007
-0.19901831809068027,1.6780788633052999,-20.000000000000007
-0.17917386072802038,1.5901780441278877,-20.000000000000007
-0.1377468926182409,1.4138227263361494,-20.000000000000007
-0.13559501490126288,1.4971204706629226,-20.000000000000007
-0.14969871320520373,1.4376750065870232,-20.000000000000007
-0.1377468926182409,1.4138227263361496,-20.000000000000007
-0.15098649128259778,1.3992341320455803,-20.000000000000007
-0.17950911580190798,1.5810607140359072,-20.000000000000007
-0.1754824483155792,1.5669961652094957,-20.000000000000007
-0.1822603459450228,1.5752406240198031,-20.000000000000007
-0.1811061921972143,1.5615965088310682,-20.000000000000007
-0.17933485877093763,1.5832655028315092,-20.000000000000007
-0.1822603459450228,1.5752406240198031,-20.000000000000007
-0.179509115801908,1.5810607140359072,-20.000000000000007
-0.20404430865962883,1.7471900021231153,-20.000000000000007
-0.18888897604606417,1.574862788567904,-20.000000000000007
-0.1822603459450228,1.575240624019803,-20.000000000000007
-0.1822603459450228,1.575240624019803,-20.000000000000007
-0.17917386072802038,1.5901780441278877,-20.000000000000007
-0.18226034594502277,1.575240624019803,-20.000000000000007
-0.1822603459450228,1.575240624019803,-20.000000000000007
-0.18226034594502277,1.5752406240198031,-20.000000000000007
-0.18837473412143405,1.5733779606841163,-20.000000000000007
-0.18942453257317313,1.5791548760255547,-20.000000000000007
-0.18888897604606414,1.5748627885679038,-20.000000000000007
-0.2129563632659695,1.8553596150545901,-20.000000000000007
-0.2046848233590407,1.7442442470352895,-20.000000000000007
-0.21299288806474875,1.8546782983206902,-20.000000000000007
-0.24753611064781528,1.7981305890838026,-20.000000000000007
-0.2563924102826909,1.7678190033798526,-20.000000000000007
-0.29034614000374637,1.5807181456944372,-20.000000000000007
-0.3135621772332526,1.5054889008040446,-20.000000000000007
-0.3164306575859077,1.4975315411312873,-20.000000000000007
-0.31347078112801896,1.5050011686885423,-20.000000000000007
-0.3176128992201349,1.499529741506565,-20.000000000000007
-0.3057452495897283,1.5076253147717793,-20.000000000000007
-0.3025413358676734,1.5336593934785085,-20.000000000000007
-0.3090336352353068,1.5068264433831877,-20.000000000000007
-0.3021497282911956,1.535626250743916,-20.000000000000007
-0.30114817165188434,1.5452896733912573,-20.000000000000007
-0.296718573326329,1.5889930497658102,-20.000000000000007
-0.2790418615852196,1.4658209857437952,-20.000000000000007
-0.25326889233539673,1.7578024270239831,-20.000000000000007
-0.22733561155602622,1.9262788439550507,-20.000000000000007
-0.18842511370101273,1.5738540301251949,-20.000000000000007
-0.17825534106184443,1.5837285229747726,-20.000000000000007
-0.14975414285615307,1.435613454864934,-20.000000000000007
-0.14969871320520373,1.437675006587023,-20.000000000000007
-0.15098649128259778,1.3992341320455806,-20.000000000000007
-0.1622651465189021,1.4799780943445653,-20.000000000000007
-0.17716407672167847,1.5760687284044748,-20.000000000000007
-0.17825534106184443,1.5837285229747724,-20.000000000000007
-0.1822603459450228,1.575240624019803,-20.000000000000007
-0.18226034594502277,1.575240624019803,-20.000000000000007
-0.18885818653230282,1.5776548930151266,-20.000000000000007
-0.18888897604606417,1.574862788567904,-20.000000000000007
-0.1822603459450228,1.5752406240198031,-20.000000000000007
-0.1941542021624192,1.6248355056872368,-20.000000000000007
-0.18837473412143407,1.573377960684116,-20.000000000000007
-0.2011724582994196,1.7057620812394532,-20.000000000000007
-0.1894245325731731,1.5791548760255547,-20.000000000000007
-0.1811061921972143,1.5615965088310682,-20.000000000000007
-0.1907124907271052,1.5909698512377526,-20.000000000000007
-0.1822603459450228,1.575240624019803,-20.000000000000007
-0.2011724582994196,1.705762081239453,-20.000000000000007
-0.20438912631107456,1.746757119847901,-20.000000000000007
-0.18837473412143407,1.573377960684116,-20.000000000000007
-0.18942453257317313,1.5791548760255547,-20.000000000000007
-0.179509115801908,1.5810607140359072,-20.000000000000007
-0.2044155886590621,1.7462347759751364,-20.000000000000007
-0.19637330860521798,1.7026843943027559,-20.000000000000007
-0.2050687426388885,1.7578547762500232,-20.000000000000007
-0.2452776421772323,1.8236949821295778,-20.000000000000007
-0.2489477956802993,1.7654260612210053,-20.000000000000007
-0.27949660150370237,1.4679749050480169,-20.000000000000007
-0.30219352685639306,1.5359103477589657,-20.000000000000007
-0.30714822353341237,1.51093096580971,-20.000000000000007
-0.30207169763752567,1.537042363799272,-20.000000000000007
-0.30078185162056653,1.547889236260261,-20.000000000000007
-0.28132352876836003,1.4958962719169135,-20.000000000000007
-0.2790858188465218,1.4629854224262329,-20.000000000000007
-0.2812069906543817,1.506628437047652,-20.000000000000007
-0.2802551438314519,1.5015545652917617,-20.000000000000007
-0.28050906916631124,1.503170900056114,-20.000000000000007
-0.2667030391668019,1.7641538379962667,-20.000000000000007
-0.25495066722021004,1.7719617873180042,-20.000000000000007
-0.24233012893262862,1.8479407891859196,-20.000000000000007
-0.22733561155602627,1.926278843955051,-20.000000000000007
-0.20437906386028284,1.7469160927090361,-20.000000000000007
-0.18837473412143407,1.573377960684116,-20.000000000000007
-0.18220996636544412,1.5747645545787246,-20.000000000000007
-0.18037490339096804,1.5624216849117094,-20.000000000000007
-0.1806700006820344,1.5594198148107745,-20.000000000000007
-0.18110619219721427,1.5615965088310682,-20.000000000000007
-0.1822603459450228,1.575240624019803,-20.000000000000007
-0.18226034594502277,1.575240624019803,-20.000000000000007
-0.18842511370101273,1.5738540301251946,-20.000000000000007
-0.18885818653230285,1.5776548930151266,-20.000000000000007
-0.1941542021624192,1.6248355056872366,-20.000000000000007
-0.20404430865962886,1.7471900021231153,-20.000000000000007
-0.21248743473298978,1.8569242044846717,-20.000000000000007
-0.2185133510658332,1.936339667920196,-20.000000000000007
-0.21827512813214564,1.9327711581825628,-20.000000000000007
-0.2202822389994352,1.9396231885002952,-20.000000000000007
-0.22595440670337322,1.9324083385227475,-20.000000000000007
-0.22992079293499196,1.9267144829893357,-20.000000000000007
-0.2346141315790542,1.9310863878357942,-20.000000000000007
-0.23538467694061213,1.9234328870905961,-20.000000000000007
-0.23278630500397757,1.9217446600094164,-20.000000000000007
-0.23090645405062976,1.9115449702339888,-20.000000000000007
-0.23375109719194614,1.927009637206828,-20.000000000000007
-0.23604703808890742,1.9176080925579517,-20.000000000000007
-0.24415167927822606,1.8228823810574406,-20.000000000000007
-0.2474533007199361,1.7895322353368992,-20.000000000000007
-0.23466077764106363,1.9230003114935412,-20.000000000000007
-0.2365538235061503,1.9139299524349602,-20.000000000000007
-0.2505240863301698,1.7228946145977089,-20.000000000000007
-0.27807288773539945,1.5644264001327288,-20.000000000000007
-0.3008886196725528,1.5479376734836474,-20.000000000000007
-0.32076701278697867,1.4991043833810007,-20.000000000000007
-0.32928197357972666,1.496438812465021,-20.000000000000007
-0.3259066682885055,1.5008285816295341,-20.000000000000007
-0.32433570389281074,1.49987321826921,-20.000000000000007
-0.3114664802138413,1.500720899365279,-20.000000000000007
-0.3026329100673684,1.5319900558991009,-20.000000000000007
-0.3085644277169147,1.508224672118752,-20.000000000000007
-0.3033267623683141,1.5204584913047285,-20.000000000000007
-0.3026329100673685,1.5319900558991009,-20.000000000000007
-0.291116839804818,1.5865448158800683,-20.000000000000007
-0.2790418615852196,1.4658209857437952,-20.000000000000007
-0.24950546769882767,1.7506184474221234,-20.000000000000007
-0.23440823261138904,1.9331740021179948,-20.000000000000007
-0.20438912631107453,1.7467571198479008,-20.000000000000007
-0.17917386072802036,1.5901780441278879,-20.000000000000007
-0.17359964367809982,1.5552621540346743,-20.000000000000007
-0.16015086704143036,1.4658572207674503,-20.000000000000007
-0.1627002308005726,1.4821412217524914,-20.000000000000007
-0.1822603459450228,1.575240624019803,-20.000000000000007
-0.18226034594502277,1.575240624019803,-20.000000000000007
-0.1822603459450228,1.575240624019803,-20.000000000000007
-0.18837473412143407,1.573377960684116,-20.000000000000007
-0.18837473412143407,1.573377960684116,-20.000000000000007
-0.1930381521161568,1.6120202560143868,-20.000000000000007
-0.18888897604606417,1.5748627885679038,-20.000000000000007
-0.2182751281321456,1.932771158182563,-20.000000000000007
-0.21931127683429325,1.934614313986411,-20.000000000000007
-0.22117610000737897,1.9371965699065867,-20.000000000000007
-0.22765097951254287,1.9241020799037793,-20.000000000000007
-0.21931127683429325,1.934614313986411,-20.000000000000007
-0.23278630500397762,1.9217446600094164,-20.000000000000007
-0.22765097951254287,1.9241020799037791,-20.000000000000007
-0.24874625585157886,1.7701760576307422,-20.000000000000007
-0.24431076490960957,1.8291243725315853,-20.000000000000007
-0.2500036796922421,1.7348115636756967,-20.000000000000007
-0.24754391918501353,1.798329388501767,-20.000000000000007
-0.23582220684492955,1.9196801561505243,-20.000000000000007
-0.24859603432693778,1.776867351336765,-20.000000000000007
-0.22089462933084536,1.9378503658708768,-20.000000000000007
-0.24442642915523488,1.8276576358415726,-20.000000000000007
-0.2388636886540731,1.893760897746654,-20.000000000000007
-0.2502845554208488,1.7235141714337496,-20.000000000000007
-0.27867797291209545,1.4793883314631036,-20.000000000000007
-0.28177666528430867,1.499972473468233,-20.000000000000007
-0.301561190920104,1.539364766532595,-20.000000000000007
-0.30440547892852227,1.507684226676324,-20.000000000000007
-0.29707455967103746,1.5849729519236502,-20.000000000000007
-0.29829252965852937,1.573380773009791,-20.000000000000007
-0.2899378985962879,1.5758427781829636,-20.000000000000007
-0.29004142801625366,1.5754744787830817,-20.000000000000007
-0.30086244251615213,1.5483518528725893,-20.000000000000007
-0.2937813042824476,1.5951616052985778,-20.000000000000007
-0.29412562349035437,1.5977711414617204,-20.000000000000007
-0.2846901676206989,1.5333933730172813,-20.000000000000007
-0.27904186158521965,1.465820985743795,-20.000000000000007
-0.27049275923450966,1.7044255040025567,-20.000000000000007
-0.25606497063453026,1.7672901528174134,-20.000000000000007
-0.23677114540902552,1.9128423119551072,-20.000000000000007
-0.21297145694215708,1.8551211557628873,-20.000000000000007
-0.18837473412143407,1.573377960684116,-20.000000000000007
-0.17917386072802038,1.5901780441278879,-20.000000000000007
-0.1617536389502492,1.4767475548411564,-20.000000000000007
-0.17359964367809982,1.5552621540346743,-20.000000000000007
-0.17259283802865877,1.5472393109831906,-20.000000000000007
-0.180374903390968,1.5624216849117096,-20.000000000000007
-0.18067000068203443,1.5594198148107745,-20.000000000000007
-0.1822603459450228,1.575240624019803,-20.000000000000007
-0.18226034594502277,1.5752406240198034,-20.000000000000007
-0.17950911580190798,1.5810607140359074,-20.000000000000007
-0.18888897604606417,1.5748627885679038,-20.000000000000007
-0.18837473412143407,1.573377960684116,-20.000000000000007
-0.2040443086596288,1.7471900021231155,-20.000000000000007
-0.2011724582994196,1.7057620812394532,-20.000000000000007
-0.1941542021624192,1.6248355056872366,-20.000000000000007
-0.2040443086596288,1.7471900021231153,-20.000000000000007
-0.18250173051842533,1.5731434678747531,-20.000000000000007
-0.20404430865962883,1.7471900021231153,-20.000000000000007
-0.18842511370101273,1.5738540301251946,-20.000000000000007
-0.21941629570363214,1.934944495264261,-20.000000000000007
-0.21898340119425475,1.9294106496791947,-20.000000000000007
-0.22733561155602627,1.926278843955051,-20.000000000000007
-0.2291907057870871,1.927163724220018,-20.000000000000007
-0.22138700232139463,1.92869526337629,-20.000000000000007
-0.22138700232139463,1.92869526337629,-20.000000000000007
-0.21247740178589644,1.8482623387946076,-20.000000000000007
-0.2495054676988277,1.7506184474221234,-20.000000000000007
-0.2653756251451287,1.765989234382833,-20.000000000000007
-0.3021244845304337,1.5355978921442899,-20.000000000000007
-0.3230779778331026,1.4990037656547268,-20.000000000000007
-0.3313469656750285,1.498536845963178,-20.000000000000007
-0.32717059694387335,1.499290221293486,-20.000000000000007
-0.32611923454978,1.5002657920913158,-20.000000000000007
-0.3135524233203112,1.5056185839946747,-20.000000000000007
-0.30483653022033685,1.5054126349958046,-20.000000000000007
-0.3090336352353068,1.5068264433831877,-20.000000000000007
-0.30263291006736837,1.5319900558991009,-20.000000000000007
-0.29690973868965,1.5893699734772537,-20.000000000000007
-0.282860117578026,1.5149628724666306,-20.000000000000007
-0.27049275923450966,1.7044255040025562,-20.000000000000007
-0.24812420006958286,1.7869332679653112,-20.000000000000007
-0.2368081958155418,1.9141570200209543,-20.000000000000007
-0.21297145694215708,1.8551211557628873,-20.000000000000007
-0.18837473412143407,1.5733779606841163,-20.000000000000007
-0.18942453257317313,1.579154876025555,-20.000000000000007
-0.179509115801908,1.5810607140359072,-20.000000000000007
-0.18226034594502283,1.575240624019803,-20.000000000000007
-0.1822603459450228,1.5752406240198034,-20.000000000000007
-0.17917386072802038,1.5901780441278879,-20.000000000000007
-0.18226034594502283,1.5752406240198031,-20.000000000000007
-0.17950911580190804,1.5810607140359072,-20.000000000000007
-0.1822603459450228,1.575240624019803,-20.000000000000007
-0.18226034594502283,1.5752406240198031,-20.000000000000007
-0.18942453257317315,1.5791548760255547,-20.000000000000007
-0.19303815211615682,1.6120202560143866,-20.000000000000007
-0.18837473412143407,1.5733779606841163,-20.000000000000007
-0.20336587397443143,1.7364901842809186,-20.000000000000007
-0.18885818653230285,1.5776548930151266,-20.000000000000007
-0.19254888845149612,1.6080217107239954,-20.000000000000007
-0.20336587397443145,1.7364901842809184,-20.000000000000007
-0.20587468808445006,1.7697390646642215,-20.000000000000007
-0.21248743473298976,1.8569242044846714,-20.000000000000007
-0.20587468808445006,1.7697390646642215,-20.000000000000007
-0.22725815115555775,1.9273187281239845,-20.000000000000007
-0.2106765637514194,1.8287123508592724,-20.000000000000007
-0.21315583647109382,1.8589621566368046,-20.000000000000007
-0.22163643964983373,1.9348203193043674,-20.000000000000007
-0.22138700232139463,1.92869526337629,-20.000000000000007
-0.22718116820811163,1.9274693190730452,-20.000000000000007
-0.2261117179537413,1.9301421223050317,-20.000000000000007
-0.24839688949667688,1.782053170988344,-20.000000000000007
-0.26265581566097085,1.7662539257102818,-20.000000000000007
-0.28289673420219247,1.514305595287187,-20.000000000000007
-0.3030801358032826,1.5193781836769173,-20.000000000000007
-0.3054493395984941,1.5083550434456756,-20.000000000000007
-0.3021215202698111,1.5362892984224137,-20.000000000000007
-0.3016919677366312,1.537138308646687,-20.000000000000007
-0.29579483233411025,1.5900668575557129,-20.000000000000007
-0.2909864358299067,1.5839273016702229,-20.000000000000007
-0.28571016369783664,1.5443959879515348,-20.000000000000007
-0.28638621852634033,1.5609991503350833,-20.000000000000007
-0.28562295700404927,1.5632545697425209,-20.000000000000007
-0.27963884231042074,1.4843721685981521,-20.000000000000007
-0.2787179506508717,1.4762737898130436,-20.000000000000007
-0.27552963855276336,1.575636613138193,-20.000000000000007
-0.2495054676988277,1.7506184474221236,-20.000000000000007
-0.23090645405062976,1.9115449702339888,-20.000000000000007
-0.20139347992708181,1.7055505241438342,-20.000000000000007
-0.17933485877093763,1.5832655028315092,-20.000000000000007
-0.16226514651890211,1.479978094344565,-20.000000000000007
-0.1509864912825978,1.3992341320455806,-20.000000000000007
-0.1727105924878417,1.547567701554894,-20.000000000000007
-0.17716407672167847,1.5760687284044745,-20.000000000000007
-0.18226034594502277,1.575240624019803,-20.000000000000007
-0.1822603459450228,1.575240624019803,-20.000000000000007
-0.18837473412143407,1.573377960684116,-20.000000000000007
-0.1811061921972143,1.5615965088310682,-20.000000000000007
-0.180374903390968,1.5624216849117094,-20.000000000000007
-0.18226034594502277,1.575240624019803,-20.000000000000007
-0.1727105924878417,1.5475677015548939,-20.000000000000007
-0.18888897604606414,1.5748627885679038,-20.000000000000007
-0.18226034594502277,1.5752406240198031,-20.000000000000007
-0.1930381521161568,1.6120202560143866,-20.000000000000007
-0.2011724582994196,1.7057620812394532,-20.000000000000007
-0.20336587397443145,1.7364901842809186,-20.000000000000007
-0.20404430865962883,1.7471900021231155,-20.000000000000007
-0.18040437186688577,1.5611767535850447,-20.000000000000007
-0.21248743473298976,1.8569242044846717,-20.000000000000007
-0.18226034594502277,1.5752406240198031,-20.000000000000007
-0.22995698799419928,1.9257483738802676,-20.000000000000007
-0.2344298574576038,1.927979284452122,-20.000000000000007
-0.22938363417509908,1.9231452996968355,-20.000000000000007
-0.23215632163021183,1.909707628874135,-20.000000000000007
-0.21066147007523184,1.8289508101509748,-20.000000000000007
-0.24941685587515783,1.7530031422084709,-20.000000000000007
-0.27641998325924333,1.6127850985265195,-20.000000000000007
-0.30263291006736837,1.5319900558991004,-20.000000000000007
-0.32196160581514044,1.4962968903120188,-20.000000000000007
-0.3314107818656338,1.4993106698729552,-20.000000000000007
-0.3280162856852654,1.49921492022272,-20.000000000000007
-0.3188649664823935,1.4971875545872704,-20.000000000000007
-0.31295695354635933,1.5036455782190041,-20.000000000000007
-0.30193697544867865,1.535965416989518,-20.000000000000007
-0.28608478625834244,1.5660072351777896,-20.000000000000007
-0.29397097303167585,1.5974475393500887,-20.000000000000007
-0.28199981946398567,1.5315909500928488,-20.000000000000007
-0.26704060212525543,1.7658751687691066,-20.000000000000007
-0.2607120458548565,1.7689219818937816,-20.000000000000007
-0.24753611064781528,1.7981305890838024,-20.000000000000007
-0.22165404893871923,1.934542116797381,-20.000000000000007
-0.19944106105329562,1.6817218920230792,-20.000000000000007
-0.20438912631107456,1.7467571198479008,-20.000000000000007
-0.1822603459450228,1.575240624019803,-20.000000000000007
-0.179509115801908,1.5810607140359072,-20.000000000000007
-0.20139347992708184,1.7055505241438345,-20.000000000000007
-0.17950911580190798,1.5810607140359072,-20.000000000000007
-0.18885818653230285,1.5776548930151266,-20.000000000000007
-0.1888889760460642,1.5748627885679038,-20.000000000000007
-0.17950911580190798,1.5810607140359074,-20.000000000000007
-0.1822603459450228,1.575240624019803,-20.000000000000007
-0.17716407672167847,1.5760687284044748,-20.000000000000007
-0.18842511370101273,1.5738540301251946,-20.000000000000007
-0.1822603459450228,1.5752406240198031,-20.000000000000007
-0.1894245325731731,1.5791548760255547,-20.000000000000007
-0.20404430865962883,1.7471900021231155,-20.000000000000007
-0.1822603459450228,1.575240624019803,-20.000000000000007
-0.21248743473298976,1.8569242044846717,-20.000000000000007
-0.18842511370101273,1.5738540301251949,-20.000000000000007
-0.20587468808445006,1.769739064664222,-20.000000000000007
-0.21973920250494974,1.937701139422241,-20.000000000000007
-0.18885818653230285,1.5776548930151268,-20.000000000000007
-0.220149958387849,1.9344048552784074,-20.000000000000007
-0.18883859646648546,1.574386719126825,-20.000000000000007
-0.21410451619547455,1.8730889483331912,-20.000000000000007
-0.21348347107761392,1.8491291362183488,-20.000000000000007
-0.2004810941707828,1.7468521674275943,-20.000000000000007
-0.22052344232654952,1.9237271384636405,-20.000000000000007
-0.21411292981843438,1.8742779392225368,-20.000000000000007
-0.24983746969752976,1.7350726326056742,-20.000000000000007
-0.26453979817187184,1.7593873789892276,-20.000000000000007
-0.28177666528430867,1.499972473468233,-20.000000000000007
-0.29439320887510523,1.5946848216936949,-20.000000000000007
-0.29413467946861555,1.5962431302748081,-20.000000000000007
-0.30169196773663126,1.5371383086466872,-20.000000000000007
-0.296905356090716,1.5870492068066966,-20.000000000000007
-0.2961067027701516,1.5917938009987194,-20.000000000000007
-0.2925654992750443,1.586555485203199,-20.000000000000007
-0.28217221896420036,1.5267850002696617,-20.000000000000007
-0.2859561862981171,1.5654619335853672,-20.000000000000007
-0.28091565307029087,1.511031554707568,-20.000000000000007
-0.27677115060697677,1.5337877264491466,-20.000000000000007
-0.2670174255404718,1.7647516582318379,-20.000000000000007
-0.2502845554208489,1.7235141714337492,-20.000000000000007
-0.2368800748831102,1.9096489479313534,-20.000000000000007
-0.23111720540188913,1.906699044160249,-20.000000000000007
-0.20116272890249187,1.7536811524033376,-20.000000000000007
-0.20022911153098902,1.743084535206455,-20.000000000000007
-0.18157370520253224,1.5681589661310107,-20.000000000000007
-0.17229944610334846,1.5934882636461816,-20.000000000000007
-0.1822603459450228,1.575240624019803,-20.000000000000007
-0.18250173051842536,1.5731434678747531,-20.000000000000007
-0.18837473412143407,1.573377960684116,-20.000000000000007
-0.18226034594502277,1.575240624019803,-20.000000000000007
-0.17950911580190804,1.5810607140359074,-20.000000000000007
-0.1497541574130439,1.4356391577721637,-20.000000000000007
-0.1509864912825978,1.3992341320455806,-20.000000000000007
-0.16175363895024922,1.4767475548411566,-20.000000000000007
-0.17337853243457835,1.5519365666422187,-20.000000000000007
-0.1822603459450228,1.575240624019803,-20.000000000000007
-0.1822603459450228,1.575240624019803,-20.000000000000007
-0.1806700006820344,1.5594198148107747,-20.000000000000007
-0.1883747341214341,1.5733779606841163,-20.000000000000007
-0.18250173051842536,1.5731434678747531,-20.000000000000007
-0.1888889760460642,1.5748627885679038,-20.000000000000007
-0.18888897604606417,1.5748627885679038,-20.000000000000007
-0.18067000068203443,1.5594198148107747,-20.000000000000007
-0.18067000068203445,1.5594198148107745,-20.000000000000007
-0.1822099663654441,1.5747645545787243,-20.000000000000007
-0.1822099663654441,1.5747645545787243,-20.000000000000007
-0.18648584749798755,1.606558831515145,-20.000000000000007
-0.18161124560439193,1.5696709272813376,-20.000000000000007
-0.19431423230206799,1.6246198918783432,-20.000000000000007
-0.24983746969752973,1.7350726326056738,-20.000000000000007
-0.2771827923156751,1.5926700075642328,-20.000000000000007
-0.3024033713913366,1.534890077614775,-20.000000000000007
-0.31889790755660957,1.4969986681311218,-20.000000000000007
-0.3154357343966531,1.4950402140479429,-20.000000000000007
-0.3207509129672528,1.4988126114523814,-20.000000000000007
-0.3154250407356797,1.4951337219243523,-20.000000000000007
-0.31811961675125244,1.4996209805665812,-20.000000000000007
-0.313594373672138,1.5056681752911174,-20.000000000000007
-0.2977802812643571,1.5800999856653763,-20.000000000000007
-0.30102068032236995,1.547699698054498,-20.000000000000007
-0.28448834770180204,1.557908182971589,-20.000000000000007
-0.2821722189642003,1.5267850002696617,-20.000000000000007
-0.2847427201411658,1.533700971144217,-20.000000000000007
-0.2795212955793699,1.5272848376777741,-20.000000000000007
-0.2474679693869001,1.7902820903251833,-20.000000000000007
-0.22694016458334337,1.9239439328329508,-20.000000000000007
-0.1861543817647462,1.6074417934864873,-20.000000000000007
-0.1738842011303384,1.5568670379775074,-20.000000000000007
-0.1750993187470594,1.5663756026689182,-20.000000000000007
-0.17288412037454776,1.5613107954097518,-20.000000000000007
-0.179509115801908,1.5810607140359072,-20.000000000000007
-0.18837473412143407,1.573377960684116,-20.000000000000007
-0.1822603459450228,1.5752406240198031,-20.000000000000007
-0.1806700006820344,1.5594198148107745,-20.000000000000007
-0.17337853243457835,1.5519365666422185,-20.000000000000007
-0.16270023080057264,1.4821412217524914,-20.000000000000007
-0.1804043718668858,1.5611767535850447,-20.000000000000007
-0.18226034594502277,1.575240624019803,-20.000000000000007
-0.18837473412143405,1.5733779606841163,-20.000000000000007
-0.1822603459450228,1.575240624019803,-20.000000000000007
-0.18250173051842533,1.5731434678747531,-20.000000000000007
-0.18942453257317315,1.5791548760255547,-20.000000000000007
-0.18888897604606417,1.5748627885679038,-20.000000000000007
-0.21851335106583322,1.9363396679201963,-20.000000000000007
-0.20404430865962886,1.7471900021231157,-20.000000000000007
-0.18942453257317313,1.5791548760255547,-20.000000000000007
-0.2050813207023781,1.7576560601736042,-20.000000000000007
-0.18837473412143407,1.573377960684116,-20.000000000000007
-0.21925523455919244,1.9327333633936217,-20.000000000000007
-0.2134834710776139,1.8491291362183488,-20.000000000000007
-0.21088242190780138,1.8406293706371106,-20.000000000000007
-0.21088242190780138,1.8406293706371106,-20.000000000000007
-0.21276096579532142,1.856877738027978,-20.000000000000007
-0.24950546769882767,1.7506184474221234,-20.000000000000007
-0.27049275923450966,1.7044255040025562,-20.000000000000007
-0.28985846853151404,1.5753683835240215,-20.000000000000007
-0.29659979793520386,1.5893444059498698,-20.000000000000007
-0.2924338084774815,1.5849758108195904,-20.000000000000007
-0.2974970380589126,1.580961970014528,-20.000000000000007
-0.28993789859628794,1.5758427781829636,-20.000000000000007
-0.2913267590413062,1.584378138363094,-20.000000000000007
-0.28713563030425615,1.55147324592008,-20.000000000000007
-0.28055407185932285,1.5028052171526853,-20.000000000000007
-0.28280161899006157,1.5368675710272242,-20.000000000000007
-0.28098335050850076,1.5094406173762565,-20.000000000000007
-0.27949911503684455,1.467959382785481,-20.000000000000007
-0.2790858188465218,1.462985422426233,-20.000000000000007
-0.2787688888511364,1.5070808576646566,-20.000000000000007
-0.2527595030543052,1.7471714786117944,-20.000000000000007
-0.24773963242321773,1.7838983627739788,-20.000000000000007
-0.22164106841618958,1.9189519988593973,-20.000000000000007
-0.21939361229851162,1.921771478663293,-20.000000000000007
-0.186156397764155,1.6073691015322784,-20.000000000000007
-0.18206367474642643,1.5720589966979654,-20.000000000000007
-0.18888897604606417,1.5748627885679038,-20.000000000000007
-0.1804043718668858,1.5611767535850452,-20.000000000000007
-0.1822603459450228,1.5752406240198031,-20.000000000000007
-0.17716407672167844,1.5760687284044748,-20.000000000000007
-0.17917386072802038,1.5901780441278877,-20.000000000000007
-0.1822603459450228,1.5752406240198031,-20.000000000000007
-0.1825017305184254,1.5731434678747531,-20.000000000000007
-0.18842511370101273,1.5738540301251949,-20.000000000000007
-0.18888897604606417,1.5748627885679043,-20.000000000000007
-0.19071249072710517,1.5909698512377526,-20.000000000000007
-0.19423673284494147,1.6246879555675058,-20.000000000000007
-0.20438912631107453,1.7467571198479008,-20.000000000000007
-0.21297145694215708,1.8551211557628873,-20.000000000000007
-0.21982235127045763,1.9349553125420453,-20.000000000000007
-0.22752520271182747,1.926456581372527,-20.000000000000007
-0.22987965334187263,1.9257122378957652,-20.000000000000007
-0.2327153210552234,1.912168618631575,-20.000000000000007
-0.23274312263716807,1.912645048202107,-20.000000000000007
-0.23115401600962326,1.9071463984339951,-20.000000000000007
-0.23233857286372475,1.91130424072126,-20.000000000000007
-0.2299146297163751,1.919796175340914,-20.000000000000007
-0.22695824138237483,1.9228620669991634,-20.000000000000007
-0.2475439191850135,1.7983293885017668,-20.000000000000007
-0.26486058876518387,1.7626968015163675,-20.000000000000007
-0.28476493343669546,1.54844236727586,-20.000000000000007
-0.3084519602847417,1.5086217861557065,-20.000000000000007
-0.3009694420811902,1.5490042725642927,-20.000000000000007
-0.2564550550825784,1.768774862749671,-20.000000000000007
-0.20508132070237814,1.7576560601736042,-20.000000000000007
-0.1377468926182409,1.4138227263361496,-20.000000000000007
-0.12540407940220547,1.5225030507157353,-20.000000000000007
-0.12405129492932988,1.528123060355657,-20.000000000000007
-0.12405129492932987,1.5281230603556573,-20.000000000000007
-0.12405129492932988,1.5281230603556573,-20.000000000000007
-0.1254040794022055,1.5225030507157356,-20.000000000000007
-0.1254040794022055,1.5225030507157353,-20.000000000000007
-0.12684286767579064,1.5197244813100856,-20.000000000000007
-0.12684286767579064,1.5197244813100859,-20.000000000000007
-0.1296237382480963,1.525556298070263,-20.000000000000007
-0.13162334867738157,1.512553191202664,-20.000000000000007
-0.1316233486773816,1.5125531912026637,-20.000000000000007
-0.13496593015556185,1.4904004997731792,-20.000000000000007
-0.1322518888393985,1.5058494988029958,-20.000000000000007
-0.13496593015556185,1.4904004997731792,-20.000000000000007
-0.13559501490126286,1.4971204706629226,-20.000000000000007
-0.13559501490126288,1.4971204706629224,-20.000000000000007
-0.1489623238983579,1.4412504362146568,-20.000000000000007
-0.14896232389835787,1.441250436214657,-20.000000000000007
-0.14947306268121344,1.4401096667703468,-20.000000000000007
-0.14975414285615307,1.4356134548649342,-20.000000000000007
-0.13766089245675406,1.4109848407592605,-20.000000000000007
-0.13766089245675406,1.4109848407592605,-20.000000000000007
-0.13559501490126288,1.4971204706629224,-20.000000000000007
-0.13559501490126288,1.4971204706629222,-20.000000000000007
-0.13523645424514372,1.4956132648969094,-20.000000000000007
-0.13559501490126286,1.4971204706629226,-20.000000000000007
-0.1363431436907083,1.469091816603712,-20.000000000000007
-0.1352364542451437,1.4956132648969094,-20.000000000000007
-0.1363431436907083,1.4690918166037121,-20.000000000000007
-0.13559501490126288,1.4971204706629226,-20.000000000000007
-0.13559501490126288,1.4971204706629226,-20.000000000000007
-0.1363431436907083,1.4690918166037121,-20.000000000000007
-0.13559501490126288,1.4971204706629226,-20.000000000000007
-0.13559501490126286,1.4971204706629226,-20.000000000000007
-0.1352364542451437,1.4956132648969092,-20.000000000000007
-0.13559501490126288,1.4971204706629226,-20.000000000000007
-0.18226034594502277,1.5752406240198031,-20.000000000000007
-0.22903447707550284,1.927640386223834,-20.000000000000007
-0.2756211707551784,1.5720927022998594,-20.000000000000007
-0.3030801358032825,1.519378183676917,-20.000000000000007
-0.28676640545836896,1.5490313592354834,-20.000000000000007
-0.2535975437797336,1.767748266302428,-20.000000000000007
-0.1988532567256356,1.6783739635447605,-20.000000000000007
-0.13634314369070832,1.469091816603712,-20.000000000000007
-0.1254040801820389,1.522504700423505,-20.000000000000007
-0.12405129492932987,1.5281230603556573,-20.000000000000007
-0.1102321621359064,1.5313395110577368,-20.000000000000007
-0.11023216213590639,1.5313395110577368,-20.000000000000007
-0.12405129492932988,1.5281230603556573,-20.000000000000007
-0.12405129492932988,1.5281230603556573,-20.000000000000007
-0.12540407940220547,1.5225030507157356,-20.000000000000007
-0.12540407940220547,1.5225030507157356,-20.000000000000007
-0.12540407940220547,1.5225030507157356,-20.000000000000007
-0.12684286767579064,1.5197244813100859,-20.000000000000007
-0.12684286767579067,1.5197244813100859,-20.000000000000007
-0.13162334867738157,1.512553191202664,-20.000000000000007
-0.13160506288298884,1.5132325960306734,-20.000000000000007
-0.13500799762049986,1.4901723146345818,-20.000000000000007
-0.13634314369070832,1.4690918166037121,-20.000000000000007
-0.16015086704143036,1.4658572207674503,-20.000000000000007
-0.1742675836248365,1.5596310191219986,-20.000000000000007
-0.16270023080057264,1.4821412217524919,-20.000000000000007
-0.16491224342351887,1.4962079272044329,-20.000000000000007
-0.14969871320520373,1.4376750065870232,-20.000000000000007
-0.16175363895024922,1.4767475548411566,-20.000000000000007
-0.16491224342351887,1.4962079272044329,-20.000000000000007
-0.16270023080057264,1.4821412217524914,-20.000000000000007
-0.17259283802865877,1.5472393109831906,-20.000000000000007
-0.16015086704143036,1.4658572207674503,-20.000000000000007
-0.16491224342351885,1.4962079272044329,-20.000000000000007
-0.16015086704143036,1.4658572207674505,-20.000000000000007
-0.16015086704143036,1.4658572207674503,-20.000000000000007
-0.16226514651890211,1.4799780943445653,-20.000000000000007
-0.13766089245675403,1.4109848407592605,-20.000000000000007
-0.14896232389835787,1.441250436214657,-20.000000000000007
-0.13607296571720057,1.4831686616984472,-20.000000000000007
-0.13559501490126288,1.4971204706629222,-20.000000000000007
-0.13559501490126288,1.4971204706629224,-20.000000000000007
-0.1352364542451437,1.4956132648969094,-20.000000000000007
-0.13634314369070832,1.4690918166037124,-20.000000000000007
-0.18942453257317315,1.5791548760255545,-20.000000000000007
-0.2598306777785855,1.7768347829606945,-20.000000000000007
-0.3082961683286222,1.5085108843770105,-20.000000000000007
-0.3483807369974172,1.5009045482139358,-20.000000000000007
-0.3340293696646186,1.497753938219609,-20.000000000000007
-0.28540709491687655,1.5627406503221377,-20.000000000000007
-0.23205591066668435,1.914540565171374,-20.000000000000007
-0.14975414285615304,1.435613454864934,-20.000000000000007
-0.1254040794022055,1.5225030507157356,-20.000000000000007
-0.1102321621359064,1.5313395110577368,-20.000000000000007
-0.1102329398897883,1.5292120197188135,-20.000000000000007
-0.12405129492932987,1.528123060355657,-20.000000000000007
-0.1240512949293299,1.528123060355657,-20.000000000000007
-0.12540407940220547,1.5225030507157353,-20.000000000000007
-0.12540408018203894,1.5225047004235046,-20.000000000000007
-0.12684286767579064,1.5197244813100856,-20.000000000000007
-0.12962373824809628,1.5255562980702626,-20.000000000000007
-0.12962373824809628,1.5255562980702628,-20.000000000000007
-0.13162334867738157,1.512553191202664,-20.000000000000007
-0.13162334867738157,1.512553191202664,-20.000000000000007
-0.1316233486773816,1.5125531912026637,-20.000000000000007
-0.1350079976204999,1.4901723146345816,-20.000000000000007
-0.13559501490126286,1.4971204706629226,-20.000000000000007
-0.1627002308005726,1.4821412217524914,-20.000000000000007
-0.179509115801908,1.5810607140359072,-20.000000000000007
-0.1804043718668858,1.5611767535850447,-20.000000000000007
-0.17917386072802038,1.5901780441278879,-20.000000000000007
-0.1497541574130439,1.4356391577721637,-20.000000000000007
-0.14969871320520373,1.4376750065870232,-20.000000000000007
-0.13766089245675406,1.4109848407592607,-20.000000000000007
-0.13766089245675403,1.4109848407592605,-20.000000000000007
-0.14975414285615307,1.4356134548649337,-20.000000000000007
-0.14975414285615304,1.4356134548649337,-20.000000000000007
-0.17359964367809982,1.5552621540346743,-20.000000000000007
-0.17716407672167844,1.5760687284044748,-20.000000000000007
-0.179509115801908,1.5810607140359072,-20.000000000000007
-0.17917386072802038,1.5901780441278877,-20.000000000000007
-0.151885716309857,1.402262875380409,-20.000000000000007
-0.14975414285615307,1.4356134548649337,-20.000000000000007
-0.1352364542451437,1.4956132648969092,-20.000000000000007
-0.13559501490126286,1.4971204706629226,-20.000000000000007
-0.13541503259313706,1.4948226663941324,-20.000000000000007
-0.1350079976204999,1.4901723146345816,-20.000000000000007
-0.14975414285615304,1.4356134548649337,-20.000000000000007
-0.18226034594502283,1.5752406240198031,-20.000000000000007
-0.23173800461227242,1.913286973414019,-20.000000000000007
-0.2779083968510076,1.5064756013616165,-20.000000000000007
-0.2937230945577858,1.5964980529330168,-20.000000000000007
-0.2828967342021925,1.514305595287187,-20.000000000000007
-0.24894779568029934,1.7654260612210053,-20.000000000000007
-0.18911923876494982,1.5756732257028958,-20.000000000000007
-0.1362648890948696,1.4776041952523138,-20.000000000000007
-0.12540407940220547,1.5225030507157356,-20.000000000000007
-0.12405129492932986,1.528123060355657,-20.000000000000007
-0.12405129492932988,1.5281230603556573,-20.000000000000007
-0.12405129492932987,1.528123060355657,-20.000000000000007
-0.12405129492932987,1.5281230603556573,-20.000000000000007
-0.1254040794022055,1.5225030507157353,-20.000000000000007
-0.1254040794022055,1.5225030507157356,-20.000000000000007
-0.12684286767579067,1.5197244813100859,-20.000000000000007
-0.12684286767579064,1.5197244813100856,-20.000000000000007
-0.12684286767579064,1.5197244813100859,-20.000000000000007
-0.1316233486773816,1.5125531912026637,-20.000000000000007
-0.12962373824809628,1.5255562980702628,-20.000000000000007
-0.13496593015556185,1.4904004997731792,-20.000000000000007
-0.13496974848001758,1.4907327764956038,-20.000000000000007
-0.13559501490126288,1.4971204706629226,-20.000000000000007
-0.1622651465189021,1.479978094344565,-20.000000000000007
-0.16491224342351885,1.4962079272044329,-20.000000000000007
-0.18226034594502277,1.575240624019803,-20.000000000000007
-0.17950911580190798,1.5810607140359074,-20.000000000000007
-0.17337853243457835,1.5519365666422185,-20.000000000000007
-0.16015086704143033,1.4658572207674503,-20.000000000000007
-0.13766089245675406,1.4109848407592605,-20.000000000000007
-0.1377468926182409,1.4138227263361496,-20.000000000000007
-0.13766033188648452,1.4110074467856226,-20.000000000000007
-0.14969871320520373,1.4376750065870232,-20.000000000000007
-0.1377468926182409,1.4138227263361494,-20.000000000000007
-0.14969871320520375,1.4376750065870232,-20.000000000000007
-0.1509864912825978,1.3992341320455803,-20.000000000000007
-0.1377468926182409,1.4138227263361496,-20.000000000000007
-0.14969871320520375,1.437675006587023,-20.000000000000007
-0.1352364542451437,1.4956132648969092,-20.000000000000007
-0.13496593015556188,1.4904004997731792,-20.000000000000007
-0.13162334867738157,1.512553191202664,-20.000000000000007
-0.1316233486773816,1.5125531912026637,-20.000000000000007
-0.13496593015556188,1.490400499773179,-20.000000000000007
-0.13496593015556185,1.4904004997731792,-20.000000000000007
-0.18885818653230282,1.5776548930151266,-20.000000000000007
-0.24953763946735744,1.7508988717906357,-20.000000000000007
-0.2916519477327419,1.5875175501738006,-20.000000000000007
-0.3337508453594504,1.4972145161658776,-20.000000000000007
-0.3150880566979512,1.4940882914625129,-20.000000000000007
-0.2788208754399788,1.5418985752631802,-20.000000000000007
-0.21922162412794233,1.9329791594168277,-20.000000000000007
-0.1363431436907083,1.4690918166037121,-20.000000000000007
-0.12405129492932987,1.5281230603556573,-20.000000000000007
-0.11023216213590639,1.5313395110577368,-20.000000000000007
-0.1102321621359064,1.5313395110577366,-20.000000000000007
-0.1240512949293299,1.5281230603556573,-20.000000000000007
-0.12405129492932988,1.5281230603556573,-20.000000000000007
-0.12540407940220547,1.5225030507157353,-20.000000000000007
-0.1254040794022055,1.522503050715735,-20.000000000000007
-0.12684286767579067,1.5197244813100859,-20.000000000000007
-0.12942838191366204,1.5266195020865654,-20.000000000000007
-0.12962373824809628,1.5255562980702628,-20.000000000000007
-0.13225188883939853,1.5058494988029958,-20.000000000000007
-0.1322518888393985,1.505849498802996,-20.000000000000007
-0.13496593015556188,1.490400499773179,-20.000000000000007
-0.13607296571720057,1.4831686616984472,-20.000000000000007
-0.13766089245675406,1.4109848407592605,-20.000000000000007
-0.17337853243457835,1.5519365666422185,-20.000000000000007
-0.17825534106184446,1.5837285229747724,-20.000000000000007
-0.17426758362483646,1.5596310191219989,-20.000000000000007
-0.17259283802865877,1.5472393109831908,-20.000000000000007
-0.15098649128259778,1.3992341320455806,-20.000000000000007
-0.16226514651890211,1.4799780943445653,-20.000000000000007
-0.16226514651890211,1.479978094344565,-20.000000000000007
-0.1742675836248365,1.5596310191219986,-20.000000000000007
-0.1725928380286587,1.5472393109831908,-20.000000000000007
-0.16270023080057264,1.4821412217524914,-20.000000000000007
-0.17716407672167844,1.5760687284044748,-20.000000000000007
-0.17359964367809982,1.5552621540346738,-20.000000000000007
-0.17933485877093763,1.5832655028315092,-20.000000000000007
-0.1742675836248365,1.5596310191219986,-20.000000000000007
-0.1497541574130439,1.4356391577721637,-20.000000000000007
-0.14969871320520373,1.437675006587023,-20.000000000000007
-0.13559501490126286,1.4971204706629224,-20.000000000000007
-0.13626488909486958,1.4776041952523142,-20.000000000000007
-0.1352364542451437,1.4956132648969094,-20.000000000000007
-0.13559501490126286,1.4971204706629224,-20.000000000000007
-0.14969871320520375,1.437675006587023,-20.000000000000007
-0.1894245325731731,1.5791548760255547,-20.000000000000007
-0.2535975437797336,1.767748266302428,-20.000000000000007
-0.2869750044368471,1.5495357993911458,-20.000000000000007
-0.32028761576993064,1.499978158351574,-20.000000000000007
-0.3043258873732406,1.5061705387306423,-20.000000000000007
-0.2579018024012154,1.7744703774595822,-20.000000000000007
-0.20587468808445003,1.7697390646642217,-20.000000000000007
-0.13766089245675403,1.4109848407592605,-20.000000000000007
-0.12540407940220547,1.5225030507157353,-20.000000000000007
-0.1240512949293299,1.5281230603556568,-20.000000000000007
-0.12405129492932988,1.528123060355657,-20.000000000000007
-0.1240512949293299,1.5281230603556573,-20.000000000000007
-0.12405129492932988,1.5281230603556573,-20.000000000000007
-0.1254040794022055,1.5225030507157356,-20.000000000000007
-0.12540407940220547,1.5225030507157353,-20.000000000000007
-0.12684286767579067,1.5197244813100856,-20.000000000000007
-0.12962373824809628,1.5255562980702626,-20.000000000000007
-0.12962373824809628,1.525556298070263,-20.000000000000007
-0.13496593015556185,1.4904004997731792,-20.000000000000007
-0.13496593015556188,1.4904004997731792,-20.000000000000007
-0.13559501490126288,1.4971204706629226,-20.000000000000007
-0.13634314369070832,1.469091816603712,-20.000000000000007
-0.13766089245675406,1.4109848407592602,-20.000000000000007
-0.17259283802865877,1.5472393109831906,-20.000000000000007
-0.179509115801908,1.5810607140359072,-20.000000000000007
-0.1822603459450228,1.575240624019803,-20.000000000000007
-0.17917386072802038,1.5901780441278879,-20.000000000000007
-0.17337853243457835,1.5519365666422187,-20.000000000000007
-0.1497541574130439,1.4356391577721637,-20.000000000000007
-0.14969871320520373,1.437675006587023,-20.000000000000007
-0.17259283802865877,1.5472393109831906,-20.000000000000007
-0.16491224342351885,1.4962079272044326,-20.000000000000007
-0.17950911580190798,1.5810607140359072,-20.000000000000007
-0.17933485877093763,1.5832655028315092,-20.000000000000007
-0.1627002308005726,1.4821412217524914,-20.000000000000007
-0.17917386072802038,1.5901780441278879,-20.000000000000007
-0.151885716309857,1.4022628753804087,-20.000000000000007
-0.16226514651890211,1.4799780943445653,-20.000000000000007
-0.1509864912825978,1.3992341320455806,-20.000000000000007
-0.13766089245675403,1.4109848407592602,-20.000000000000007
-0.13766089245675406,1.4109848407592605,-20.000000000000007
-0.13505647193701792,1.4933154606281194,-20.000000000000007
-0.13766089245675406,1.4109848407592605,-20.000000000000007
-0.13634314369070832,1.469091816603712,-20.000000000000007
-0.21827512813214564,1.9327711581825628,-20.000000000000007
-0.2707001989905826,1.7106131858514957,-20.000000000000007
-0.31277385142520997,1.5046078879524436,-20.000000000000007
-0.3501134098904561,1.5025324147230201,-20.000000000000007
-0.31843149920160263,1.5001896644790884,-20.000000000000007
-0.27989286336983465,1.5153265300233492,-20.000000000000007
-0.2050813207023781,1.7576560601736044,-20.000000000000007
-0.13541503259313706,1.4948226663941324,-20.000000000000007
-0.12405129492932987,1.5281230603556573,-20.000000000000007
-0.11023216213590639,1.5313395110577366,-20.000000000000007
-0.12405129492932987,1.528123060355657,-20.000000000000007
-0.12405129492932987,1.5281230603556573,-20.000000000000007
-0.12540407940220547,1.5225030507157353,-20.000000000000007
-0.1254040801820389,1.5225047004235048,-20.000000000000007
-0.12684286767579067,1.5197244813100859,-20.000000000000007
-0.1316233486773816,1.512553191202664,-20.000000000000007
-0.12962373824809628,1.525556298070263,-20.000000000000007
-0.13496593015556185,1.4904004997731792,-20.000000000000007
-0.13496593015556188,1.490400499773179,-20.000000000000007
-0.13496593015556185,1.4904004997731792,-20.000000000000007
-0.1352364542451437,1.4956132648969094,-20.000000000000007
-0.13505647193701792,1.4933154606281194,-20.000000000000007
-0.13766089245675403,1.4109848407592605,-20.000000000000007
-0.1617536389502492,1.4767475548411566,-20.000000000000007
-0.17337853243457835,1.5519365666422187,-20.000000000000007
-0.1811061921972143,1.5615965088310682,-20.000000000000007
-0.1806700006820344,1.5594198148107745,-20.000000000000007
-0.17950911580190798,1.5810607140359072,-20.000000000000007
-0.17548244831557921,1.5669961652094957,-20.000000000000007
-0.17716407672167844,1.5760687284044748,-20.000000000000007
-0.16491224342351885,1.4962079272044329,-20.000000000000007
-0.1622651465189021,1.479978094344565,-20.000000000000007
-0.17950911580190798,1.5810607140359074,-20.000000000000007
-0.1627002308005726,1.4821412217524916,-20.000000000000007
-0.17950911580190804,1.5810607140359074,-20.000000000000007
-0.180374903390968,1.5624216849117092,-20.000000000000007
-0.17716407672167844,1.5760687284044748,-20.000000000000007
-0.17716407672167844,1.5760687284044748,-20.000000000000007
-0.1377468926182409,1.4138227263361496,-20.000000000000007
-0.1489623238983579,1.441250436214657,-20.000000000000007
-0.13559501490126288,1.4971204706629224,-20.000000000000007
-0.13634314369070832,1.469091816603712,-20.000000000000007
-0.1377468926182409,1.4138227263361496,-20.000000000000007
-0.13766089245675403,1.4109848407592605,-20.000000000000007
-0.18885818653230282,1.5776548930151268,-20.000000000000007
-0.2276014464421608,1.92454237348981,-20.000000000000007
-0.25991477599130375,1.7753663081713773,-20.000000000000007
-0.28985846853151404,1.5753683835240215,-20.000000000000007
-0.2789095434766423,1.4725813775507002,-20.000000000000007
-0.2452776421772323,1.8236949821295783,-20.000000000000007
-0.18885818653230282,1.5776548930151268,-20.000000000000007
-0.13559501490126286,1.4971204706629226,-20.000000000000007
-0.12684286767579064,1.5197244813100856,-20.000000000000007
-0.12942838191366207,1.5266195020865654,-20.000000000000007
-0.12684286767579064,1.5197244813100856,-20.000000000000007
-0.13225188883939853,1.505849498802996,-20.000000000000007
-0.13496593015556185,1.490400499773179,-20.000000000000007
-0.13626488909486958,1.4776041952523142,-20.000000000000007
-0.13634314369070832,1.4690918166037121,-20.000000000000007
-0.15098649128259778,1.3992341320455806,-20.000000000000007
-0.151885716309857,1.402262875380409,-20.000000000000007
-0.16491224342351887,1.4962079272044326,-20.000000000000007
-0.16491224342351887,1.4962079272044329,-20.000000000000007
-0.17337853243457835,1.5519365666422187,-20.000000000000007
-0.17337853243457835,1.5519365666422185,-20.000000000000007
-0.17716407672167844,1.5760687284044748,-20.000000000000007
-0.17716407672167847,1.5760687284044745,-20.000000000000007
-0.17694296547815702,1.5727431410120192,-20.000000000000007
-0.17716407672167847,1.5760687284044745,-20.000000000000007
-0.17917386072802038,1.5901780441278879,-20.000000000000007
-0.17933485877093766,1.5832655028315092,-20.000000000000007
-0.179509115801908,1.5810607140359074,-20.000000000000007
-0.179509115801908,1.5810607140359072,-20.000000000000007
-0.179509115801908,1.5810607140359072,-20.000000000000007
-0.179509115801908,1.5810607140359072,-20.000000000000007
-0.17917386072802036,1.5901780441278874,-20.000000000000007
-0.17950911580190798,1.5810607140359072,-20.000000000000007
-0.17716407672167847,1.5760687284044745,-20.000000000000007
-0.17933485877093763,1.5832655028315092,-20.000000000000007
-0.17548244831557924,1.5669961652094957,-20.000000000000007
-0.17917386072802036,1.5901780441278879,-20.000000000000007
-0.1754824483155792,1.5669961652094957,-20.000000000000007
-0.1771640767216785,1.5760687284044745,-20.000000000000007
-0.17917386072802036,1.5901780441278877,-20.000000000000007
-0.179509115801908,1.5810607140359074,-20.000000000000007
-0.17950911580190798,1.5810607140359074,-20.000000000000007
-0.180374903390968,1.5624216849117096,-20.000000000000007
-0.17259283802865877,1.5472393109831908,-20.000000000000007
-0.2120497385941779,1.8497531531648241,-20.000000000000007
-0.2502845554208489,1.7235141714337492,-20.000000000000007
-0.2956772938238035,1.590561557987604,-20.000000000000007
-0.3299272582038708,1.4974882036167618,-20.000000000000007
-0.3396792522054862,1.4996587372966625,-20.000000000000007
-0.34458997110995926,1.49693688890284,-20.000000000000007
-0.3340842444488458,1.496945332725777,-20.000000000000007
-0.33559257063591313,1.499905458940945,-20.000000000000007
-0.3192978646391168,1.4942194236990856,-20.000000000000007
-0.30837473412674216,1.5088529389489544,-20.000000000000007
-0.3182954319625407,1.497144827798164,-20.000000000000007
-0.3114009249428841,1.4998316451629838,-20.000000000000007
-0.30907304731864965,1.507623797768365,-20.000000000000007
-0.301561190920104,1.539364766532595,-20.000000000000007
-0.2813708599140445,1.4950841145749638,-20.000000000000007
-0.25476782266342324,1.7736241394286179,-20.000000000000007
-0.24765004788730655,1.7962154489931228,-20.000000000000007
-0.2343092326264949,1.9311415577316966,-20.000000000000007
-0.20404430865962883,1.7471900021231155,-20.000000000000007
-0.21248743473298976,1.8569242044846719,-20.000000000000007
-0.18885818653230285,1.5776548930151268,-20.000000000000007
-0.1822603459450228,1.575240624019803,-20.000000000000007
-0.18226034594502283,1.575240624019803,-20.000000000000007
-0.17259283802865877,1.5472393109831906,-20.000000000000007
-0.1822603459450228,1.575240624019803,-20.000000000000007
-0.17359964367809982,1.555262154034674,-20.000000000000007
-0.18837473412143407,1.5733779606841163,-20.000000000000007
-0.18837473412143407,1.5733779606841163,-20.000000000000007
-0.17426758362483646,1.5596310191219989,-20.000000000000007
-0.18888897604606417,1.5748627885679038,-20.000000000000007
-0.17917386072802038,1.5901780441278877,-20.000000000000007
-0.1894245325731731,1.5791548760255545,-20.000000000000007
-0.20404430865962883,1.7471900021231153,-20.000000000000007
-0.18842511370101273,1.5738540301251949,-20.000000000000007
-0.2040443086596288,1.7471900021231153,-20.000000000000007
-0.180374903390968,1.5624216849117094,-20.000000000000007
-0.2040443086596288,1.7471900021231153,-20.000000000000007
-0.18888897604606417,1.574862788567904,-20.000000000000007
-0.2124874347329898,1.8569242044846717,-20.000000000000007
-0.22016792406061553,1.94105959702796,-20.000000000000007
-0.18226034594502277,1.5752406240198034,-20.000000000000007
-0.22088539733767873,1.931145289038375,-20.000000000000007
-0.18837473412143407,1.5733779606841163,-20.000000000000007
-0.18888897604606414,1.574862788567904,-20.000000000000007
-0.24765004788730655,1.7962154489931232,-20.000000000000007
-0.2502845554208488,1.7235141714337494,-20.000000000000007
-0.2823512116961867,1.5077373236686635,-20.000000000000007
-0.31218822155953874,1.503296834176717,-20.000000000000007
-0.3097487244478251,1.5047213828259638,-20.000000000000007
-0.30677391376734775,1.5114988088153862,-20.000000000000007
-0.3090730473186497,1.507623797768365,-20.000000000000007
-0.30141740545830387,1.5417009825585575,-20.000000000000007
-0.29116412091119015,1.5850207240199665,-20.000000000000007
-0.3010664190644211,1.5461640641260912,-20.000000000000007
-0.30346177811571085,1.5151169454334927,-20.000000000000007
-0.30104003811154867,1.5468200303149302,-20.000000000000007
-0.29372309455778584,1.5964980529330166,-20.000000000000007
-0.278449040816506,1.4869524381668997,-20.000000000000007
-0.2481293851171244,1.7856504139612348,-20.000000000000007
-0.23060168877451892,1.9140944014911363,-20.000000000000007
-0.22088539733767873,1.931145289038375,-20.000000000000007
-0.19935853037077328,1.6818694421428093,-20.000000000000007
-0.21023380688351329,1.8304416245211914,-20.000000000000007
-0.19316194813994034,1.611798930834791,-20.000000000000007
-0.18885818653230282,1.5776548930151268,-20.000000000000007
-0.18885818653230285,1.5776548930151266,-20.000000000000007
-0.1822603459450228,1.575240624019803,-20.000000000000007
-0.18067000068203443,1.5594198148107745,-20.000000000000007
-0.179509115801908,1.5810607140359074,-20.000000000000007
-0.179509115801908,1.5810607140359074,-20.000000000000007
-0.18226034594502277,1.575240624019803,-20.000000000000007
-0.18226034594502277,1.5752406240198031,-20.000000000000007
-0.179509115801908,1.5810607140359072,-20.000000000000007
-0.18837473412143407,1.573377960684116,-20.000000000000007
-0.17825534106184446,1.5837285229747722,-20.000000000000007
-0.18885818653230282,1.5776548930151266,-20.000000000000007
-0.18837473412143405,1.573377960684116,-20.000000000000007
-0.2011724582994196,1.705762081239453,-20.000000000000007
-0.2040443086596288,1.7471900021231153,-20.000000000000007
-0.18885818653230285,1.5776548930151268,-20.000000000000007
-0.21248743473298978,1.8569242044846717,-20.000000000000007
-0.1822603459450228,1.5752406240198034,-20.000000000000007
-0.21248743473298976,1.8569242044846714,-20.000000000000007
-0.20139347992708184,1.7055505241438342,-20.000000000000007
-0.2291202052050922,1.9262339835287352,-20.000000000000007
-0.2261066867283454,1.930221608735599,-20.000000000000007
-0.20506874263888847,1.7578547762500234,-20.000000000000007
-0.22706386234811374,1.9284685443398901,-20.000000000000007
-0.23461413157905422,1.9310863878357942,-20.000000000000007
-0.2804145465951,1.5063937599972879,-20.000000000000007
-0.3085644277169147,1.5082246721187522,-20.000000000000007
-0.3372582400742973,1.5002917230910566,-20.000000000000007
-0.3441010466333881,1.4982722572441973,-20.000000000000007
-0.34130862699200737,1.4982530305170498,-20.000000000000007
-0.3447470846238113,1.4968756560098266,-20.000000000000007
-0.32797431149706613,1.4991538122751378,-20.000000000000007
-0.31971412211694705,1.49973757579019,-20.000000000000007
-0.3251665466013633,1.499558559213551,-20.000000000000007
-0.3112588671560334,1.5003938224596716,-20.000000000000007
-0.3120178484244059,1.5042001719344675,-20.000000000000007
-0.3033210200647952,1.5208012059203102,-20.000000000000007
-0.2819841359087885,1.5051001116912057,-20.000000000000007
-0.27078166217860783,1.7137581865623026,-20.000000000000007
-0.24948696251129443,1.741144322587676,-20.000000000000007
-0.23225190191550915,1.9110613208509113,-20.000000000000007
-0.21103652537830947,1.826839389951572,-20.000000000000007
-0.18220996636544406,1.5747645545787246,-20.000000000000007
-0.1771640767216785,1.5760687284044748,-20.000000000000007
-0.13766089245675403,1.4109848407592605,-20.000000000000007
-0.14975414285615304,1.4356134548649337,-20.000000000000007
-0.14975414285615307,1.4356134548649342,-20.000000000000007
-0.16270023080057266,1.4821412217524916,-20.000000000000007
-0.1742675836248365,1.5596310191219989,-20.000000000000007
-0.17917386072802038,1.5901780441278879,-20.000000000000007
-0.179509115801908,1.5810607140359076,-20.000000000000007
-0.17716407672167844,1.5760687284044748,-20.000000000000007
-0.18888897604606417,1.5748627885679038,-20.000000000000007
-0.1822603459450228,1.5752406240198034,-20.000000000000007
-0.2124874347329898,1.8569242044846714,-20.000000000000007
-0.20473650305093244,1.7580889424488184,-20.000000000000007
-0.22088539733767873,1.9311452890383747,-20.000000000000007
-0.22088539733767873,1.931145289038375,-20.000000000000007
-0.21827512813214564,1.9327711581825628,-20.000000000000007
-0.22760144644216082,1.9245423734898093,-20.000000000000007
-0.18888897604606414,1.574862788567904,-20.000000000000007
-0.23205591066668438,1.914540565171374,-20.000000000000007
-0.2129563632659695,1.8553596150545901,-20.000000000000007
-0.23582988521492984,1.9190308505966058,-20.000000000000007
-0.2415336008206474,1.8539370079136306,-20.000000000000007
-0.23310917684276272,1.919044184976351,-20.000000000000007
-0.23921174820309182,1.8846059114352656,-20.000000000000007
-0.220792519630146,1.939286122381377,-20.000000000000007
-0.2554054582827691,1.7680451672476831,-20.000000000000007
-0.2664122857754351,1.7607250393568634,-20.000000000000007
-0.30169986566223733,1.5368452349579071,-20.000000000000007
-0.31672169721676247,1.4964808766063453,-20.000000000000007
-0.31417832048058886,1.4995500924953125,-20.000000000000007
-0.3030801358032825,1.5193781836769171,-20.000000000000007
-0.3003603979338287,1.5520838293598662,-20.000000000000007
-0.2846493882131486,1.5322274562314535,-20.000000000000007
-0.2831294950850029,1.5188264880622555,-20.000000000000007
-0.3009340031842265,1.5478815669652224,-20.000000000000007
-0.2954019145237313,1.5928594449290667,-20.000000000000007
-0.30176944672313,1.536559675920784,-20.000000000000007
-0.29392174484367495,1.5968894535926506,-20.000000000000007
-0.2779634009078582,1.5064014805614228,-20.000000000000007
-0.26483581410672785,1.760182020911433,-20.000000000000007
-0.2474947955921724,1.7990400987821107,-20.000000000000007
-0.23860717336239468,1.8898971507175317,-20.000000000000007
-0.22094130554641433,1.9269729367606057,-20.000000000000007
-0.21088242190780143,1.8406293706371109,-20.000000000000007
-0.19298552973561117,1.6731019847127369,-20.000000000000007
-0.18106016915713558,1.5665756235237864,-20.000000000000007
-0.1930381521161568,1.6120202560143864,-20.000000000000007
-0.18226034594502277,1.575240624019803,-20.000000000000007
-0.18842511370101278,1.5738540301251949,-20.000000000000007
-0.18226034594502277,1.5752406240198031,-20.000000000000007
-0.18067000068203443,1.5594198148107745,-20.000000000000007
-0.18226034594502277,1.575240624019803,-20.000000000000007
-0.18837473412143405,1.5733779606841163,-20.000000000000007
-0.18837473412143405,1.573377960684116,-20.000000000000007
-0.18837473412143407,1.5733779606841163,-20.000000000000007
-0.1822603459450228,1.5752406240198031,-20.000000000000007
-0.1822603459450228,1.575240624019803,-20.000000000000007
-0.18226034594502277,1.575240624019803,-20.000000000000007
-0.18885818653230285,1.5776548930151266,-20.000000000000007
-0.18942453257317313,1.5791548760255545,-20.000000000000007
-0.20404430865962883,1.7471900021231157,-20.000000000000007
-0.20587468808445003,1.7697390646642215,-20.000000000000007
-0.21898340119425475,1.9294106496791947,-20.000000000000007
-0.2192014992263589,1.933297105139098,-20.000000000000007
-0.22358805165595635,1.9283860753388093,-20.000000000000007
-0.22174008971653095,1.925033029181248,-20.000000000000007
-0.22741751115833908,1.9218725433303434,-20.000000000000007
-0.22052344232654955,1.9237271384636403,-20.000000000000007
-0.20138593308898806,1.7056697537896857,-20.000000000000007
-0.24965204629655047,1.7463127307456152,-20.000000000000007
-0.2560649706345302,1.7672901528174136,-20.000000000000007
-0.3076137290525032,1.5100234210589016,-20.000000000000007
-0.33401077629092074,1.4977705142242872,-20.000000000000007
-0.3395520208123278,1.4988160691901018,-20.000000000000007
-0.3393128471398306,1.500073495126765,-20.000000000000007
-0.33679682025692875,1.5007937645352365,-20.000000000000007
-0.3208658387999684,1.4988947503647563,-20.000000000000007
-0.3149658921750753,1.4943921619615712,-20.000000000000007
-0.3195117249425945,1.4988921752046396,-20.000000000000007
-0.3048766763381495,1.50535342477401,-20.000000000000007
-0.303326762368314,1.5204584913047288,-20.000000000000007
-0.2839545463848031,1.5321207654080904,-20.000000000000007
-0.27295372835359455,1.634354966901132,-20.000000000000007
-0.2649524443060381,1.7608238424898721,-20.000000000000007
-0.2550354854141498,1.7673328595946831,-20.000000000000007
-0.2474533007199361,1.7895322353368992,-20.000000000000007
-0.23195297720193025,1.9083333632408703,-20.000000000000007
-0.1861543817647462,1.6074417934864873,-20.000000000000007
-0.17531052896531077,1.5656218925739696,-20.000000000000007
-0.1666765249459902,1.5624042528951727,-20.000000000000007
-0.16226514651890214,1.4799780943445653,-20.000000000000007
-0.17259283802865877,1.5472393109831908,-20.000000000000007
-0.17917386072802038,1.5901780441278877,-20.000000000000007
-0.18837473412143405,1.5733779606841163,-20.000000000000007
-0.18226034594502277,1.5752406240198031,-20.000000000000007
-0.18837473412143405,1.5733779606841163,-20.000000000000007
-0.1822603459450228,1.575240624019803,-20.000000000000007
-0.18842511370101275,1.5738540301251946,-20.000000000000007
-0.18842511370101273,1.5738540301251946,-20.000000000000007
-0.1894245325731731,1.5791548760255547,-20.000000000000007
-0.18888897604606414,1.5748627885679038,-20.000000000000007
-0.18110619219721427,1.5615965088310682,-20.000000000000007
-0.19303815211615682,1.6120202560143864,-20.000000000000007
-0.1822603459450228,1.5752406240198034,-20.000000000000007
-0.21248743473298976,1.8569242044846717,-20.000000000000007
-0.21023380688351329,1.8304416245211914,-20.000000000000007
-0.18837473412143407,1.5733779606841163,-20.000000000000007
-0.22009438141336612,1.932060905344298,-20.000000000000007
-0.18245135093884665,1.5726673984336743,-20.000000000000007
-0.21901701162550488,1.9291648536559889,-20.000000000000007
-0.21967071805233582,1.922433081977958,-20.000000000000007
-0.17506914439190818,1.5677190487190196,-20.000000000000007
-0.21276096579532144,1.8568777380279777,-20.000000000000007
-0.2259544067033732,1.9324083385227473,-20.000000000000007
-0.2560323469525233,1.7677169602188452,-20.000000000000007
-0.29153794693682544,1.584544472436475,-20.000000000000007
-0.3030801358032826,1.519378183676917,-20.000000000000007
-0.30970322821772656,1.5055559396463682,-20.000000000000007
-0.3037239134557703,1.5135562713169852,-20.000000000000007
-0.30248837286238067,1.531034545078876,-20.000000000000007
-0.2972737316330034,1.5835143156840548,-20.000000000000007
-0.29666674260669496,1.588892660125147,-20.000000000000007
-0.3046571628758628,1.5062087423346129,-20.000000000000007
-0.3022600457550737,1.5358618250536409,-20.000000000000007
-0.29850019966042474,1.5731659325515794,-20.000000000000007
-0.28352530237322704,1.5263445846812405,-20.000000000000007
-0.2790418615852196,1.4658209857437952,-20.000000000000007
-0.2640443351563116,1.7598858800564576,-20.000000000000007
-0.25484181585944143,1.7686168378818954,-20.000000000000007
-0.2482245432525874,1.7764930818461981,-20.000000000000007
-0.22171933042044592,1.9208641799238846,-20.000000000000007
-0.21939361229851165,1.9217714786632931,-20.000000000000007
-0.18110984285748083,1.567150207688302,-20.000000000000007
-0.15890039346628104,1.5140502114767458,-20.000000000000007
-0.17337853243457832,1.5519365666422182,-20.000000000000007
-0.16226514651890211,1.479978094344565,-20.000000000000007
-0.17694296547815702,1.5727431410120194,-20.000000000000007
-0.1891192387649498,1.5756732257028958,-20.000000000000007
-0.18842511370101273,1.5738540301251949,-20.000000000000007
-0.18885818653230282,1.5776548930151266,-20.000000000000007
-0.19071249072710517,1.5909698512377526,-20.000000000000007
-0.18226034594502277,1.575240624019803,-20.000000000000007
-0.20117245829941957,1.7057620812394532,-20.000000000000007
-0.18842511370101275,1.5738540301251946,-20.000000000000007
-0.18226034594502283,1.575240624019803,-20.000000000000007
-0.18885818653230282,1.5776548930151266,-20.000000000000007
-0.17950911580190798,1.5810607140359072,-20.000000000000007
-0.18067000068203443,1.5594198148107745,-20.000000000000007
-0.18226034594502283,1.575240624019803,-20.000000000000007
-0.1771640767216785,1.5760687284044748,-20.000000000000007
-0.1742675836248365,1.5596310191219989,-20.000000000000007
-0.1822603459450228,1.575240624019803,-20.000000000000007
-0.18067000068203437,1.5594198148107747,-20.000000000000007
-0.1943324947014576,1.6242792335113934,-20.000000000000007
-0.1820891407922111,1.5677928991274008,-20.000000000000007
-0.17046475601922784,1.5860720442868577,-20.000000000000007
-0.20437906386028282,1.7469160927090361,-20.000000000000007
-0.22140461161028016,1.9284170608693034,-20.000000000000007
-0.28018814853577345,1.5077282244240002,-20.000000000000007
-0.3112588671560334,1.5003938224596713,-20.000000000000007
-0.3173816096636934,1.4991358431422803,-20.000000000000007
-0.32239021938093404,1.497203898252307,-20.000000000000007
-0.31346592783461913,1.5044342551484498,-20.000000000000007
-0.3122907122255058,1.5046696157310329,-20.000000000000007
-0.3081963040120881,1.5092488222600349,-20.000000000000007
-0.30565592100165,1.5073161216508655,-20.000000000000007
-0.29866370624879945,1.5712575073414006,-20.000000000000007
-0.2928306559010464,1.5876264806507052,-20.000000000000007
-0.28581353328444076,1.5638558567873992,-20.000000000000007
-0.2800845229363504,1.5133503238230785,-20.000000000000007
-0.2676594698181857,1.7529680767130127,-20.000000000000007
-0.2532803119563147,1.757648403858878,-20.000000000000007
-0.23544343966466053,1.9189213828811018,-20.000000000000007
-0.2200943814133661,1.9320609053442983,-20.000000000000007
-0.1888385964664855,1.5743867191268253,-20.000000000000007
-0.17917386072802038,1.5901780441278879,-20.000000000000007
-0.17215255537729224,1.5947357129234394,-20.000000000000007
-0.16750139597429406,1.565948500745045,-20.000000000000007
-0.17917386072802036,1.5901780441278877,-20.000000000000007
-0.179509115801908,1.5810607140359074,-20.000000000000007
-0.1735996436780998,1.5552621540346743,-20.000000000000007
-0.18226034594502277,1.575240624019803,-20.000000000000007
-0.1822603459450228,1.575240624019803,-20.000000000000007
-0.18888897604606414,1.574862788567904,-20.000000000000007
-0.20404430865962883,1.7471900021231155,-20.000000000000007
-0.2011724582994196,1.705762081239453,-20.000000000000007
-0.20404430865962883,1.7471900021231157,-20.000000000000007
-0.2040443086596288,1.7471900021231153,-20.000000000000007
-0.2040443086596288,1.7471900021231153,-20.000000000000007
-0.20117245829941957,1.705762081239453,-20.000000000000007
-0.20336587397443145,1.7364901842809184,-20.000000000000007
-0.2040443086596288,1.7471900021231155,-20.000000000000007
-0.19303815211615682,1.6120202560143866,-20.000000000000007
-0.21204973859417786,1.8497531531648241,-20.000000000000007
-0.21297145694215705,1.8551211557628875,-20.000000000000007
-0.20506874263888847,1.7578547762500234,-20.000000000000007
-0.22140421285544898,1.9288128383647134,-20.000000000000007
-0.2046067425360864,1.7456863669336564,-20.000000000000007
-0.20073950510757607,1.7431564730484344,-20.000000000000007
-0.20865851890448534,1.8218920158798046,-20.000000000000007
-0.21297145694215702,1.8551211557628875,-20.000000000000007
-0.25065855339975707,1.7267162509364218,-20.000000000000007
-0.2785478315136013,1.4857658922750323,-20.000000000000007
-0.28548563155247514,1.5370442839991847,-20.000000000000007
-0.3023842193969529,1.5330982155223123,-20.000000000000007
-0.3021215202698111,1.5362892984224135,-20.000000000000007
-0.30212152026981104,1.5362892984224135,-20.000000000000007
-0.30405935802918327,1.5080502975259522,-20.000000000000007
-0.3015611909201041,1.5393647665325951,-20.000000000000007
-0.29652877483231255,1.5895504580889193,-20.000000000000007
-0.29383880071945834,1.5943390776196202,-20.000000000000007
-0.2938695986164292,1.5956796615631919,-20.000000000000007
-0.28408549783528075,1.5543394599973208,-20.000000000000007
-0.27863317911696606,1.4999370103697247,-20.000000000000007
-0.26483581410672785,1.7601820209114332,-20.000000000000007
-0.2500036796922421,1.7348115636756964,-20.000000000000007
-0.24874556862336183,1.7709263334737655,-20.000000000000007
-0.2278457457730092,1.9220629704680015,-20.000000000000007
-0.21295636326596953,1.85535961505459,-20.000000000000007
-0.20437906386028284,1.7469160927090361,-20.000000000000007
-0.18842511370101273,1.5738540301251949,-20.000000000000007
-0.1822099663654441,1.5747645545787243,-20.000000000000007
-0.18226034594502277,1.575240624019803,-20.000000000000007
-0.18226034594502277,1.5752406240198031,-20.000000000000007
-0.18226034594502283,1.575240624019803,-20.000000000000007
-0.18250173051842536,1.573143467874753,-20.000000000000007
-0.18842511370101273,1.573854030125195,-20.000000000000007
-0.18885818653230285,1.577654893015127,-20.000000000000007
-0.1930381521161568,1.6120202560143864,-20.000000000000007
-0.19303815211615682,1.6120202560143866,-20.000000000000007
-0.20404430865962886,1.7471900021231155,-20.000000000000007
-0.19303815211615682,1.6120202560143864,-20.000000000000007
-0.20404430865962883,1.7471900021231153,-20.000000000000007
-0.19303815211615682,1.6120202560143866,-20.000000000000007
-0.2040443086596288,1.7471900021231157,-20.000000000000007
-0.1988532567256356,1.6783739635447608,-20.000000000000007
-0.20473650305093238,1.7580889424488186,-20.000000000000007
-0.20117245829941957,1.7057620812394532,-20.000000000000007
-0.21156344213076164,1.8390935781858608,-20.000000000000007
-0.20437906386028282,1.7469160927090361,-20.000000000000007
-0.21295636326596956,1.8553596150545903,-20.000000000000007
-0.21287071948836367,1.8458102602282553,-20.000000000000007
-0.21389354389140786,1.866560393576365,-20.000000000000007
-0.20381665272896723,1.7748919922972854,-20.000000000000007
-0.20620692767240612,1.769504898465426,-20.000000000000007
-0.2758654022730108,1.589605286358061,-20.000000000000007
-0.29283248607264556,1.585728230466689,-20.000000000000007
-0.3326506416467785,1.4966862256833653,-20.000000000000007
-0.3495319871430535,1.498937310493704,-20.000000000000007
-0.3456224394653684,1.4964451224813002,-20.000000000000007
-0.3413548889860487,1.4984637278436264,-20.000000000000007
-0.3335653671642249,1.4966667551238662,-20.000000000000007
-0.3263401906400701,1.4984833230324972,-20.000000000000007
-0.3188974990132441,1.4940018217328075,-20.000000000000007
-0.3083747341267421,1.5088529389489544,-20.000000000000007
-0.31123972958586055,1.4996814048370224,-20.000000000000007
-0.30248283544385113,1.536362105222075,-20.000000000000007
-0.2824773094633478,1.5068376726865906,-20.000000000000007
-0.2786779729120955,1.4793883314631033,-20.000000000000007
-0.2505240863301698,1.7228946145977089,-20.000000000000007
-0.21931127683429325,1.9346143139864107,-20.000000000000007
-0.18842511370101278,1.5738540301251949,-20.000000000000007
-0.17716407672167844,1.5760687284044745,-20.000000000000007
-0.1377468926182409,1.4138227263361496,-20.000000000000007
-0.14896232389835787,1.441250436214657,-20.000000000000007
-0.14969871320520373,1.4376750065870234,-20.000000000000007
-0.13766033188648452,1.4110074467856224,-20.000000000000007
-0.14975415741304388,1.4356391577721639,-20.000000000000007
-0.14975415741304388,1.4356391577721637,-20.000000000000007
-0.16270023080057266,1.4821412217524914,-20.000000000000007
-0.14975415741304388,1.4356391577721637,-20.000000000000007
-0.13766089245675403,1.4109848407592605,-20.000000000000007
-0.16491224342351887,1.4962079272044326,-20.000000000000007
-0.14969871320520373,1.437675006587023,-20.000000000000007
-0.18226034594502277,1.5752406240198034,-20.000000000000007
-0.18037490339096798,1.5624216849117096,-20.000000000000007
-0.16491224342351885,1.4962079272044329,-20.000000000000007
-0.1822603459450228,1.575240624019803,-20.000000000000007
-0.15188571630985698,1.402262875380409,-20.000000000000007
-0.1822603459450228,1.575240624019803,-20.000000000000007
-0.18110619219721427,1.5615965088310684,-20.000000000000007
-0.18226034594502277,1.5752406240198031,-20.000000000000007
-0.1822603459450228,1.5752406240198031,-20.000000000000007
-0.1627002308005726,1.4821412217524914,-20.000000000000007
-0.18837473412143407,1.5733779606841163,-20.000000000000007
-0.17426758362483646,1.5596310191219986,-20.000000000000007
-0.18888897604606417,1.5748627885679038,-20.000000000000007
-0.18837473412143407,1.5733779606841163,-20.000000000000007
-0.1891192387649498,1.5756732257028958,-20.000000000000007
-0.23659925647226118,1.9165596998593313,-20.000000000000007
-0.24950546769882767,1.7506184474221236,-20.000000000000007
-0.2806052636354269,1.4882392549076289,-20.000000000000007
-0.2909864358299067,1.5839273016702229,-20.000000000000007
-0.2924338084774815,1.5849758108195902,-20.000000000000007
-0.29736375401289683,1.5825723717437468,-20.000000000000007
-0.29495920399092856,1.5913305422685433,-20.000000000000007
-0.30132286116548207,1.5421981222356203,-20.000000000000007
-0.30105236012972625,1.5465781019815577,-20.000000000000007
-0.2880870218994167,1.5692398327357862,-20.000000000000007
-0.2962308331150285,1.5930388424887272,-20.000000000000007
-0.2859741591518499,1.5657933033163325,-20.000000000000007
-0.28006463432429857,1.4804481976705715,-20.000000000000007
-0.278449040816506,1.4869524381669,-20.000000000000007
-0.25354922465006957,1.7668554769849827,-20.000000000000007
-0.23019993678350575,1.9212992879400876,-20.000000000000007
-0.20140419548837765,1.7053290954227354,-20.000000000000007
-0.179509115801908,1.5810607140359072,-20.000000000000007
-0.16175363895024922,1.4767475548411566,-20.000000000000007
-0.2046848233590407,1.7442442470352897,-20.000000000000007
-0.20022911153098902,1.743084535206455,-20.000000000000007
-0.22359308288135218,1.9283065889082418,-20.000000000000007
-0.23440823261138904,1.9331740021179948,-20.000000000000007
-0.18837473412143407,1.573377960684116,-20.000000000000007
-0.18942453257317313,1.5791548760255545,-20.000000000000007
-0.1894245325731731,1.5791548760255547,-20.000000000000007
-0.20404430865962883,1.7471900021231155,-20.000000000000007
-0.21248743473298976,1.8569242044846717,-20.000000000000007
-0.2182751281321456,1.9327711581825628,-20.000000000000007
-0.21941629570363214,1.9349444952642607,-20.000000000000007
-0.21891940663265871,1.9363504851979803,-20.000000000000007
-0.21228200431524835,1.8497804617679954,-20.000000000000007
-0.20621950573589576,1.7693061823890073,-20.000000000000007
-0.21249249546208399,1.8480238795029051,-20.000000000000007
-0.21297145694215705,1.855121155762887,-20.000000000000007
-0.2194162957036321,1.934944495264261,-20.000000000000007
-0.22096168538854577,1.93592038168775,-20.000000000000007
-0.22140461161028016,1.9284170608693039,-20.000000000000007
-0.22779621270262712,1.9225032640540316,-20.000000000000007
-0.22905988580352987,1.921481456305146,-20.000000000000007
-0.221498040465095,1.9270698033146805,-20.000000000000007
-0.22149804046509497,1.9270698033146803,-20.000000000000007
-0.2133496809684367,1.8529075364882375,-20.000000000000007
-0.22774109030605227,1.9236513853463695,-20.000000000000007
-0.25654014465855446,1.770654781259254,-20.000000000000007
-0.28306044963970967,1.5315466729904652,-20.000000000000007
-0.31497658583604876,1.4942986540851613,-20.000000000000007
-0.3314006500780368,1.499154508685344,-20.000000000000007
-0.33244401993562067,1.496909921870478,-20.000000000000007
-0.3372582400742973,1.5002917230910566,-20.000000000000007
-0.32540377672382115,1.499453952330151,-20.000000000000007
-0.32630419521323784,1.4989977193056463,-20.000000000000007
-0.32201901790829096,1.4959782077595194,-20.000000000000007
-0.30872341746127835,1.5074575561331987,-20.000000000000007
-0.3128694339850215,1.5045796759697256,-20.000000000000007
-0.3045834539941188,1.504572607331342,-20.000000000000007
-0.29604550131198504,1.5915429549861937,-20.000000000000007
-0.28697500443684704,1.5495357993911463,-20.000000000000007
-0.2795490577147397,1.487692583530686,-20.000000000000007
-0.2502845554208488,1.7235141714337494,-20.000000000000007
-0.22996407590031492,1.9201705127889528,-20.000000000000007
-0.2046848233590407,1.7442442470352897,-20.000000000000007
-0.18883859646648546,1.5743867191268253,-20.000000000000007
-0.1806700006820344,1.5594198148107745,-20.000000000000007
-0.15938704384410576,1.4882349941672608,-20.000000000000007
-0.16015086704143033,1.4658572207674503,-20.000000000000007
-0.1363431436907083,1.469091816603712,-20.000000000000007
-0.1377468926182409,1.4138227263361496,-20.000000000000007
-0.17716407672167844,1.5760687284044743,-20.000000000000007
-0.17933485877093766,1.5832655028315092,-20.000000000000007
-0.18888897604606414,1.5748627885679038,-20.000000000000007
-0.18888897604606414,1.5748627885679038,-20.000000000000007
-0.18226034594502277,1.575240624019803,-20.000000000000007
-0.2011724582994196,1.7057620812394532,-20.000000000000007
-0.18837473412143405,1.573377960684116,-20.000000000000007
-0.21248743473298978,1.8569242044846717,-20.000000000000007
-0.21248743473298976,1.8569242044846717,-20.000000000000007
-0.18842511370101275,1.573854030125195,-20.000000000000007
-0.21248743473298976,1.8569242044846714,-20.000000000000007
-0.18837473412143407,1.573377960684116,-20.000000000000007
-0.21112736531608323,1.8393954016667315,-20.000000000000007
-0.21922162412794238,1.9329791594168277,-20.000000000000007
-0.22033260434705365,1.935629415081931,-20.000000000000007
-0.22779621270262718,1.9225032640540318,-20.000000000000007
-0.18945532208693444,1.576362771578332,-20.000000000000007
-0.22608622877289797,1.9260914692851092,-20.000000000000007
-0.1825476149431105,1.5745835488650148,-20.000000000000007
-0.20605444437085113,1.7696012826284684,-20.000000000000007
-0.2475361106478153,1.7981305890838026,-20.000000000000007
-0.2502845554208488,1.7235141714337496,-20.000000000000007
-0.289858468531514,1.5753683835240218,-20.000000000000007
-0.3086940299905589,1.5084298940529348,-20.000000000000007
-0.31218822155953874,1.5032968341767172,-20.000000000000007
-0.317547819357845,1.4977287325791422,-20.000000000000007
-0.3051962501963403,1.508673820978107,-20.000000000000007
-0.3127434769692858,1.502617373778759,-20.000000000000007
-0.31123972958586055,1.4996814048370224,-20.000000000000007
-0.3043258873732406,1.5061705387306428,-20.000000000000007
-0.31792412038797646,1.4980598053306038,-20.000000000000007
-0.30844020148501805,1.5083172812977248,-20.000000000000007
-0.31324367818862064,1.5031725465532941,-20.000000000000007
-0.30325568311741524,1.518476582261883,-20.000000000000007
-0.28711665010068016,1.5498945121053427,-20.000000000000007
-0.2797996712594544,1.523789762109005,-20.000000000000007
-0.2537021275670003,1.7672616790588003,-20.000000000000007
-0.24352073151044235,1.8370823397414684,-20.000000000000007
-0.22733561155602627,1.926278843955051,-20.000000000000007
-0.20437906386028282,1.746916092709036,-20.000000000000007
-0.1888889760460642,1.574862788567904,-20.000000000000007
-0.18837473412143405,1.573377960684116,-20.000000000000007
-0.18226034594502277,1.575240624019803,-20.000000000000007
-0.18837473412143405,1.573377960684116,-20.000000000000007
-0.18885818653230285,1.5776548930151266,-20.000000000000007
-0.18888897604606414,1.5748627885679038,-20.000000000000007
-0.19927599968825097,1.6820169922625399,-20.000000000000007
-0.19927599968825097,1.6820169922625396,-20.000000000000007
-0.2067134788146871,1.780702599637418,-20.000000000000007
-0.21248743473298976,1.8569242044846717,-20.000000000000007
-0.22117610000737895,1.937196569906587,-20.000000000000007
-0.22760144644216082,1.9245423734898095,-20.000000000000007
-0.23366014502314347,1.9309227346713127,-20.000000000000007
-0.23538467694061216,1.9234328870905963,-20.000000000000007
-0.2378795448343607,1.9021277516891226,-20.000000000000007
-0.23595500071689002,1.921576377911016,-20.000000000000007
-0.23595500071689002,1.9215763779110162,-20.000000000000007
-0.2335448618561248,1.9284049867127202,-20.000000000000007
-0.24131661658565076,1.85991992898271,-20.000000000000007
-0.24336808301417073,1.8315248182011774,-20.000000000000007
-0.24598773270615426,1.810720587962843,-20.000000000000007
-0.24518775318134983,1.8174452005619752,-20.000000000000007
-0.20468482335904073,1.7442442470352897,-20.000000000000007
-0.2502845554208489,1.7235141714337496,-20.000000000000007
-0.2648146341554893,1.762485760573134,-20.000000000000007
-0.3027320707141971,1.5300035030064738,-20.000000000000007
-0.3406752914278508,1.4985325434661654,-20.000000000000007
-0.3224107540890506,1.4968599521082049,-20.000000000000007
-0.28086116610799555,1.511130090634271,-20.000000000000007
-0.2272128648631194,1.9291613815375046,-20.000000000000007
-0.1377468926182409,1.4138227263361496,-20.000000000000007
-0.12405129492932987,1.5281230603556573,-20.000000000000007
-0.11023293988978831,1.5292120197188135,-20.000000000000007
-0.1240512949293299,1.5281230603556573,-20.000000000000007
-0.12405129492932988,1.5281230603556573,-20.000000000000007
-0.12405129492932988,1.5281230603556573,-20.000000000000007
-0.1254040794022055,1.5225030507157356,-20.000000000000007
-0.12540407940220547,1.5225030507157356,-20.000000000000007
-0.12684286767579064,1.5197244813100856,-20.000000000000007
-0.12684286767579067,1.5197244813100856,-20.000000000000007
-0.1296237382480963,1.5255562980702628,-20.000000000000007
-0.1296237382480963,1.5255562980702628,-20.000000000000007
-0.1296237382480963,1.5255562980702628,-20.000000000000007
-0.13162334867738157,1.512553191202664,-20.000000000000007
-0.1316233486773816,1.5125531912026637,-20.000000000000007
-0.13498758716990603,1.4902841828006377,-20.000000000000007
-0.13523645424514372,1.4956132648969094,-20.000000000000007
-0.13505647193701795,1.4933154606281192,-20.000000000000007
-0.13559501490126288,1.4971204706629226,-20.000000000000007
-0.1352364542451437,1.4956132648969092,-20.000000000000007
-0.13523645424514372,1.495613264896909,-20.000000000000007
-0.13559501490126286,1.4971204706629226,-20.000000000000007
-0.13500799762049986,1.4901723146345818,-20.000000000000007
-0.1352364542451437,1.4956132648969092,-20.000000000000007
-0.13496593015556188,1.490400499773179,-20.000000000000007
-0.13496974848001755,1.490732776495604,-20.000000000000007
-0.1352364542451437,1.4956132648969094,-20.000000000000007
-0.134987587169906,1.490284182800638,-20.000000000000007
-0.13541503259313709,1.4948226663941324,-20.000000000000007
-0.13500799762049986,1.4901723146345818,-20.000000000000007
-0.1352364542451437,1.4956132648969092,-20.000000000000007
-0.13500799762049986,1.4901723146345816,-20.000000000000007
-0.13496593015556185,1.4904004997731792,-20.000000000000007
-0.1352364542451437,1.4956132648969092,-20.000000000000007
-0.13496593015556188,1.4904004997731792,-20.000000000000007
-0.13523645424514372,1.4956132648969094,-20.000000000000007
-0.13523645424514372,1.4956132648969094,-20.000000000000007
-0.1804043718668858,1.561176753585045,-20.000000000000007
-0.22350403636552693,1.9310001143533557,-20.000000000000007
-0.2617565728275148,1.765686231959381,-20.000000000000007
-0.2942232762479987,1.59605247652306,-20.000000000000007
-0.280605263635427,1.4882392549076289,-20.000000000000007
-0.24983746969752976,1.7350726326056742,-20.000000000000007
-0.18942453257317313,1.5791548760255547,-20.000000000000007
-0.13766089245675403,1.4109848407592605,-20.000000000000007
-0.12684286767579064,1.5197244813100856,-20.000000000000007
-0.12405129492932987,1.5281230603556573,-20.000000000000007
-0.12405129492932987,1.5281230603556573,-20.000000000000007
-0.12405129492932987,1.5281230603556573,-20.000000000000007
-0.12405129492932988,1.528123060355657,-20.000000000000007
-0.1254040794022055,1.5225030507157353,-20.000000000000007
-0.12684286767579067,1.5197244813100859,-20.000000000000007
-0.12684286767579067,1.5197244813100856,-20.000000000000007
-0.1296237382480963,1.525556298070263,-20.000000000000007
-0.12962373824809628,1.525556298070263,-20.000000000000007
-0.1316233486773816,1.5125531912026637,-20.000000000000007
-0.13496593015556185,1.4904004997731792,-20.000000000000007
-0.13496593015556185,1.490400499773179,-20.000000000000007
-0.13500799762049986,1.4901723146345818,-20.000000000000007
-0.13523645424514366,1.4956132648969094,-20.000000000000007
-0.1363431436907083,1.4690918166037121,-20.000000000000007
-0.1377468926182409,1.4138227263361494,-20.000000000000007
-0.13774689261824094,1.4138227263361496,-20.000000000000007
-0.14975414285615304,1.4356134548649337,-20.000000000000007
-0.1363431436907083,1.4690918166037121,-20.000000000000007
-0.1377468926182409,1.4138227263361494,-20.000000000000007
-0.13766089245675406,1.4109848407592602,-20.000000000000007
-0.13559501490126286,1.4971204706629226,-20.000000000000007
-0.13774689261824094,1.4138227263361494,-20.000000000000007
-0.13541503259313709,1.4948226663941326,-20.000000000000007
-0.13766089245675406,1.4109848407592605,-20.000000000000007
-0.13634314369070832,1.469091816603712,-20.000000000000007
-0.1360729657172006,1.4831686616984474,-20.000000000000007
-0.1377468926182409,1.4138227263361496,-20.000000000000007
-0.13559501490126283,1.4971204706629226,-20.000000000000007
-0.14975414285615307,1.435613454864934,-20.000000000000007
-0.13766089245675403,1.4109848407592605,-20.000000000000007
-0.1489623238983579,1.4412504362146568,-20.000000000000007
-0.14975414285615307,1.4356134548649337,-20.000000000000007
-0.13559501490126286,1.4971204706629226,-20.000000000000007
-0.14975415741304388,1.4356391577721634,-20.000000000000007
-0.20587468808445003,1.7697390646642215,-20.000000000000007
-0.25521971073102423,1.7702048497686071,-20.000000000000007
-0.2953335939011254,1.592925073118745,-20.000000000000007
-0.3142263816640968,1.5004769727522476,-20.000000000000007
-0.2914781792999134,1.5883460510202578,-20.000000000000007
-0.24902189350397036,1.7544765488976224,-20.000000000000007
-0.1888385964664855,1.574386719126825,-20.000000000000007
-0.13559501490126288,1.4971204706629226,-20.000000000000007
-0.12405129492932988,1.528123060355657,-20.000000000000007
-0.11023293988978831,1.5292120197188135,-20.000000000000007
-0.11023310443464367,1.5300533484745644,-20.000000000000007
-0.12405129492932987,1.5281230603556573,-20.000000000000007
-0.12405129492932987,1.5281230603556568,-20.000000000000007
-0.12540407940220547,1.5225030507157353,-20.000000000000007
-0.12540407940220547,1.5225030507157353,-20.000000000000007
-0.12684286767579064,1.5197244813100859,-20.000000000000007
-0.1296237382480963,1.525556298070263,-20.000000000000007
-0.12942838191366207,1.5266195020865656,-20.000000000000007
-0.13496593015556188,1.4904004997731792,-20.000000000000007
-0.1316233486773816,1.512553191202664,-20.000000000000007
-0.13496593015556185,1.4904004997731792,-20.000000000000007
-0.1352364542451437,1.4956132648969094,-20.000000000000007
-0.1352364542451437,1.4956132648969094,-20.000000000000007
-0.13626488909486958,1.4776041952523142,-20.000000000000007
-0.1363431436907083,1.4690918166037121,-20.000000000000007
-0.13766089245675406,1.4109848407592605,-20.000000000000007
-0.1362648890948696,1.4776041952523142,-20.000000000000007
-0.1377468926182409,1.4138227263361491,-20.000000000000007
-0.13559501490126286,1.4971204706629224,-20.000000000000007
-0.13559501490126286,1.4971204706629226,-20.000000000000007
-0.13559501490126286,1.4971204706629224,-20.000000000000007
-0.13498758716990603,1.4902841828006377,-20.000000000000007
-0.13559501490126288,1.4971204706629226,-20.000000000000007
-0.13496593015556185,1.490400499773179,-20.000000000000007
-0.13559501490126288,1.4971204706629229,-20.000000000000007
-0.1352364542451437,1.4956132648969092,-20.000000000000007
-0.13523645424514372,1.4956132648969094,-20.000000000000007
-0.13559501490126288,1.4971204706629226,-20.000000000000007
-0.1352364542451437,1.4956132648969094,-20.000000000000007
-0.1363431436907083,1.4690918166037121,-20.000000000000007
-0.13541503259313709,1.4948226663941326,-20.000000000000007
-0.13559501490126288,1.4971204706629224,-20.000000000000007
-0.13559501490126286,1.4971204706629226,-20.000000000000007
-0.13634314369070832,1.4690918166037124,-20.000000000000007
-0.1930381521161568,1.6120202560143866,-20.000000000000007
-0.24451821561584366,1.8284025365562286,-20.000000000000007
-0.27908581884652184,1.4629854224262329,-20.000000000000007
-0.29243380847748157,1.5849758108195906,-20.000000000000007
-0.27537338108482107,1.578791529778939,-20.000000000000007
-0.23099871432503813,1.9110800623980295,-20.000000000000007
-0.18226034594502277,1.5752406240198031,-20.000000000000007
-0.13559501490126288,1.4971204706629226,-20.000000000000007
-0.1254040794022055,1.5225030507157356,-20.000000000000007
-0.12405129492932988,1.5281230603556573,-20.000000000000007
-0.12405129492932988,1.528123060355657,-20.000000000000007
-0.12405129492932987,1.528123060355657,-20.000000000000007
-0.12405129492932987,1.5281230603556573,-20.000000000000007
-0.12540407940220547,1.5225030507157353,-20.000000000000007
-0.1254040801820389,1.5225047004235046,-20.000000000000007
-0.12962373824809628,1.525556298070263,-20.000000000000007
-0.1316233486773816,1.512553191202664,-20.000000000000007
-0.13162334867738157,1.512553191202664,-20.000000000000007
-0.13496974848001755,1.4907327764956038,-20.000000000000007
-0.13496593015556185,1.4904004997731792,-20.000000000000007
-0.13541503259313706,1.4948226663941326,-20.000000000000007
-0.13559501490126288,1.4971204706629224,-20.000000000000007
-0.1363431436907083,1.4690918166037121,-20.000000000000007
-0.1377468926182409,1.4138227263361496,-20.000000000000007
-0.14969871320520373,1.437675006587023,-20.000000000000007
-0.14975414285615307,1.4356134548649337,-20.000000000000007
-0.13774689261824094,1.4138227263361494,-20.000000000000007
-0.14975414285615307,1.435613454864934,-20.000000000000007
-0.1363431436907083,1.4690918166037121,-20.000000000000007
-0.14969871320520373,1.4376750065870234,-20.000000000000007
-0.13766089245675406,1.4109848407592605,-20.000000000000007
-0.13766033188648455,1.4110074467856226,-20.000000000000007
-0.13766089245675403,1.4109848407592605,-20.000000000000007
-0.1352364542451437,1.4956132648969096,-20.000000000000007
-0.1377468926182409,1.4138227263361496,-20.000000000000007
-0.13559501490126288,1.4971204706629224,-20.000000000000007
-0.13766089245675406,1.4109848407592602,-20.000000000000007
-0.13766089245675406,1.4109848407592602,-20.000000000000007
-0.13559501490126286,1.4971204706629224,-20.000000000000007
-0.14975414285615304,1.435613454864934,-20.000000000000007
-0.13766033188648455,1.4110074467856226,-20.000000000000007
-0.14969871320520375,1.437675006587023,-20.000000000000007
-0.13766089245675406,1.4109848407592605,-20.000000000000007
-0.14969871320520375,1.4376750065870232,-20.000000000000007
-0.2108683643703081,1.836207293511332,-20.000000000000007
-0.2551473569398506,1.7703514855392781,-20.000000000000007
-0.29532129085889486,1.592973188346786,-20.000000000000007
-0.31835890758560026,1.499842232437723,-20.000000000000007
-0.28730523098226285,1.570188072106489,-20.000000000000007
-0.2423101761792766,1.8427132390312075,-20.000000000000007
-0.18220996636544406,1.5747645545787246,-20.000000000000007
-0.13162334867738157,1.512553191202664,-20.000000000000007
-0.1240512949293299,1.5281230603556573,-20.000000000000007
-0.11023310443464367,1.5300533484745644,-20.000000000000007
-0.12405129492932988,1.528123060355657,-20.000000000000007
-0.1240512949293299,1.5281230603556573,-20.000000000000007
-0.12405129492932988,1.5281230603556573,-20.000000000000007
-0.12540407940220547,1.5225030507157356,-20.000000000000007
-0.1254040801820389,1.5225047004235048,-20.000000000000007
-0.1296237382480963,1.525556298070263,-20.000000000000007
-0.1296237382480963,1.5255562980702628,-20.000000000000007
-0.1322518888393985,1.505849498802996,-20.000000000000007
-0.1322518888393985,1.5058494988029958,-20.000000000000007
-0.13496593015556188,1.490400499773179,-20.000000000000007
-0.13523645424514372,1.4956132648969096,-20.000000000000007
-0.1352364542451437,1.4956132648969094,-20.000000000000007
-0.1377468926182409,1.4138227263361494,-20.000000000000007
-0.13766089245675403,1.4109848407592605,-20.000000000000007
-0.1489623238983579,1.441250436214657,-20.000000000000007
-0.1494730626812134,1.4401096667703468,-20.000000000000007
-0.13766089245675406,1.4109848407592605,-20.000000000000007
-0.14975414285615304,1.4356134548649337,-20.000000000000007
-0.13766089245675403,1.4109848407592602,-20.000000000000007
-0.14975414285615302,1.4356134548649337,-20.000000000000007
-0.13766089245675403,1.4109848407592605,-20.000000000000007
-0.13766089245675403,1.4109848407592602,-20.000000000000007
-0.13766089245675406,1.4109848407592605,-20.000000000000007
-0.13523645424514372,1.4956132648969092,-20.000000000000007
-0.1377468926182409,1.4138227263361496,-20.000000000000007
-0.13559501490126288,1.4971204706629226,-20.000000000000007
-0.13766089245675403,1.4109848407592605,-20.000000000000007
-0.13766089245675406,1.4109848407592605,-20.000000000000007
-0.13559501490126288,1.4971204706629224,-20.000000000000007
-0.14896232389835787,1.4412504362146568,-20.000000000000007
-0.13626488909486956,1.477604195252314,-20.000000000000007
-0.13774689261824094,1.4138227263361496,-20.000000000000007
-0.13634314369070832,1.4690918166037121,-20.000000000000007
-0.13766089245675406,1.4109848407592605,-20.000000000000007
-0.18842511370101275,1.5738540301251946,-20.000000000000007
-0.23090645405062973,1.9115449702339893,-20.000000000000007
-0.27049275923450966,1.7044255040025562,-20.000000000000007
-0.2920122672381938,1.5860754463283795,-20.000000000000007
-0.2786779729120955,1.4793883314631033,-20.000000000000007
-0.23358586926747643,1.9295563077585558,-20.000000000000007
-0.1822603459450228,1.5752406240198031,-20.000000000000007
-0.13500799762049986,1.4901723146345818,-20.000000000000007
-0.12540407940220547,1.5225030507157356,-20.000000000000007
-0.1240512949293299,1.5281230603556573,-20.000000000000007
-0.12405129492932987,1.5281230603556568,-20.000000000000007
-0.12405129492932988,1.5281230603556573,-20.000000000000007
-0.1254040794022055,1.5225030507157356,-20.000000000000007
-0.1254040794022055,1.5225030507157356,-20.000000000000007
-0.12540408018203894,1.5225047004235046,-20.000000000000007
-0.1296237382480963,1.5255562980702628,-20.000000000000007
-0.12962373824809628,1.525556298070263,-20.000000000000007
-0.13162334867738157,1.512553191202664,-20.000000000000007
-0.1322518888393985,1.5058494988029958,-20.000000000000007
-0.13162334867738157,1.512553191202664,-20.000000000000007
-0.13505647193701795,1.4933154606281192,-20.000000000000007
-0.13496974848001758,1.4907327764956038,-20.000000000000007
-0.13559501490126286,1.4971204706629224,-20.000000000000007
-0.13634314369070832,1.469091816603712,-20.000000000000007
-0.13766089245675406,1.4109848407592605,-20.000000000000007
-0.13766089245675406,1.4109848407592602,-20.000000000000007
-0.13766089245675403,1.4109848407592602,-20.000000000000007
-0.1377468926182409,1.4138227263361498,-20.000000000000007
-0.13766089245675406,1.4109848407592602,-20.000000000000007
-0.14969871320520378,1.4376750065870232,-20.000000000000007
-0.13634314369070832,1.469091816603712,-20.000000000000007
-0.13634314369070832,1.469091816603712,-20.000000000000007
-0.13559501490126286,1.4971204706629224,-20.000000000000007
-0.1352364542451437,1.4956132648969094,-20.000000000000007
-0.13766089245675406,1.4109848407592605,-20.000000000000007
-0.13559501490126286,1.4971204706629224,-20.000000000000007
-0.1489623238983579,1.441250436214657,-20.000000000000007
-0.13766089245675406,1.4109848407592602,-20.000000000000007
-0.1363431436907083,1.4690918166037121,-20.000000000000007
-0.1377468926182409,1.4138227263361496,-20.000000000000007
-0.13634314369070832,1.4690918166037121,-20.000000000000007
-0.14947303603690426,1.4401127615108211,-20.000000000000007
-0.13559501490126288,1.4971204706629224,-20.000000000000007
-0.14975414285615304,1.4356134548649337,-20.000000000000007
-0.22701847162298072,1.9309018468452899,-20.000000000000007
-0.2554226232615535,1.7681460576399366,-20.000000000000007
-0.29532129085889486,1.592973188346786,-20.000000000000007
-0.3176128992201349,1.4995297415065652,-20.000000000000007
-0.2800444537945965,1.5146728373330136,-20.000000000000007
-0.24228414046516566,1.8424421284482946,-20.000000000000007
-0.18220996636544406,1.5747645545787243,-20.000000000000007
-0.13225188883939853,1.5058494988029958,-20.000000000000007
-0.12405129492932988,1.5281230603556573,-20.000000000000007
-0.11023293988978831,1.5292120197188133,-20.000000000000007
-0.11023310443464365,1.5300533484745644,-20.000000000000007
-0.12405129492932987,1.528123060355657,-20.000000000000007
-0.12405129492932987,1.5281230603556573,-20.000000000000007
-0.1254040794022055,1.5225030507157353,-20.000000000000007
-0.12540408018203894,1.5225047004235046,-20.000000000000007
-0.12684286767579064,1.5197244813100856,-20.000000000000007
-0.13160506288298884,1.5132325960306732,-20.000000000000007
-0.13160506288298884,1.5132325960306732,-20.000000000000007
-0.1316233486773816,1.512553191202664,-20.000000000000007
-0.1322518888393985,1.5058494988029958,-20.000000000000007
-0.13162334867738157,1.5125531912026637,-20.000000000000007
-0.13523645424514372,1.4956132648969094,-20.000000000000007
-0.13559501490126288,1.4971204706629224,-20.000000000000007
-0.13774689261824094,1.4138227263361496,-20.000000000000007
-0.14969871320520375,1.4376750065870234,-20.000000000000007
-0.1497541574130439,1.4356391577721634,-20.000000000000007
-0.16175363895024922,1.4767475548411566,-20.000000000000007
-0.14975415741304388,1.4356391577721634,-20.000000000000007
-0.17259283802865874,1.5472393109831908,-20.000000000000007
-0.14975414285615307,1.435613454864934,-20.000000000000007
-0.14975415741304388,1.4356391577721639,-20.000000000000007
-0.14975414285615304,1.4356134548649342,-20.000000000000007
-0.13766089245675403,1.4109848407592605,-20.000000000000007
-0.14975415741304388,1.4356391577721637,-20.000000000000007
-0.13766089245675406,1.4109848407592602,-20.000000000000007
-0.14969871320520375,1.437675006587023,-20.000000000000007
-0.13766089245675403,1.4109848407592605,-20.000000000000007
-0.13766089245675403,1.4109848407592602,-20.000000000000007
-0.14969871320520373,1.437675006587023,-20.000000000000007
-0.13766089245675406,1.4109848407592605,-20.000000000000007
-0.14975415741304388,1.4356391577721634,-20.000000000000007
-0.13766089245675406,1.4109848407592605,-20.000000000000007
-0.13634314369070832,1.469091816603712,-20.000000000000007
-0.17259283802865877,1.5472393109831908,-20.000000000000007
-0.18842511370101273,1.5738540301251946,-20.000000000000007
-0.23803140017504001,1.9000304872452123,-20.000000000000007
-0.278757928389648,1.4731592481629834,-20.000000000000007
-0.28296644867958914,1.5158292842183396,-20.000000000000007
-0.27049275923450966,1.7044255040025564,-20.000000000000007
-0.23358586926747643,1.929556307758556,-20.000000000000007
-0.1811061921972143,1.5615965088310684,-20.000000000000007
-0.13505647193701795,1.4933154606281194,-20.000000000000007
-0.1254040794022055,1.5225030507157356,-20.000000000000007
-0.12405129492932988,1.5281230603556573,-20.000000000000007
-0.1240512949293299,1.5281230603556573,-20.000000000000007
-0.1240512949293299,1.5281230603556573,-20.000000000000007
-0.1254040794022055,1.5225030507157353,-20.000000000000007
-0.12684286767579064,1.5197244813100859,-20.000000000000007
-0.12942838191366204,1.5266195020865658,-20.000000000000007
-0.12962373824809628,1.525556298070263,-20.000000000000007
-0.1296237382480963,1.5255562980702626,-20.000000000000007
-0.13162334867738157,1.5125531912026637,-20.000000000000007
-0.13162334867738157,1.5125531912026642,-20.000000000000007
-0.13496593015556185,1.4904004997731792,-20.000000000000007
-0.13496593015556185,1.490400499773179,-20.000000000000007
-0.13541503259313709,1.4948226663941326,-20.000000000000007
-0.13634314369070832,1.4690918166037121,-20.000000000000007
-0.13634314369070832,1.469091816603712,-20.000000000000007
-0.13766089245675406,1.4109848407592605,-20.000000000000007
-0.13766033188648452,1.4110074467856224,-20.000000000000007
-0.1363431436907083,1.469091816603712,-20.000000000000007
-0.13766089245675403,1.4109848407592602,-20.000000000000007
-0.13766033188648455,1.4110074467856224,-20.000000000000007
-0.13766033188648452,1.4110074467856224,-20.000000000000007
-0.1363431436907083,1.4690918166037121,-20.000000000000007
-0.13766089245675403,1.4109848407592605,-20.000000000000007
-0.13634314369070832,1.4690918166037121,-20.000000000000007
-0.13766089245675406,1.4109848407592605,-20.000000000000007
-0.13766089245675406,1.4109848407592605,-20.000000000000007
-0.13766089245675403,1.4109848407592605,-20.000000000000007
-0.13766089245675403,1.4109848407592605,-20.000000000000007
-0.13634314369070832,1.4690918166037121,-20.000000000000007
-0.13559501490126286,1.4971204706629224,-20.000000000000007
-0.13559501490126288,1.4971204706629226,-20.000000000000007
-0.1352364542451437,1.4956132648969094,-20.000000000000007
-0.1352364542451437,1.4956132648969094,-20.000000000000007
-0.13500799762049986,1.4901723146345816,-20.000000000000007
-0.14969871320520373,1.437675006587023,-20.000000000000007
-0.220147146048528,1.9414399986101936,-20.000000000000007
-0.2804642872636418,1.5061256320852194,-20.000000000000007
-0.3156584859223317,1.4957843339205412,-20.000000000000007
-0.3483848485229989,1.5009014491926758,-20.000000000000007
-0.35012687636294315,1.5024038522955823,-20.000000000000007
-0.345676710673746,1.4963877099219292,-20.000000000000007
-0.35783475257983655,1.4991887512449529,-20.000000000000007
-0.3494140791541625,1.4989924746595968,-20.000000000000007
-0.3428933758751628,1.4989002649085017,-20.000000000000007
-0.3459386965132367,1.496700491946511,-20.000000000000007
-0.34215094475324903,1.4981418489954978,-20.000000000000007
-0.3412419782916758,1.4983221352397729,-20.000000000000007
-0.3395220246978568,1.4988867861637192,-20.000000000000007
-0.3205093042404765,1.500232140842234,-20.000000000000007
-0.2817879916501447,1.4999219417366931,-20.000000000000007
-0.25515877656076846,1.7701974623741727,-20.000000000000007
-0.20438912631107456,1.746757119847901,-20.000000000000007
-0.18040437186688577,1.5611767535850447,-20.000000000000007
-0.18837473412143405,1.5733779606841163,-20.000000000000007
-0.18837473412143407,1.5733779606841163,-20.000000000000007
-0.1994335142152018,1.68184112166893,-20.000000000000007
-0.21297145694215705,1.8551211557628873,-20.000000000000007
-0.1941542021624192,1.6248355056872368,-20.000000000000007
-0.18888897604606414,1.5748627885679038,-20.000000000000007
-0.18885818653230285,1.5776548930151266,-20.000000000000007
-0.18040437186688582,1.5611767535850447,-20.000000000000007
-0.18842511370101275,1.5738540301251946,-20.000000000000007
-0.1822603459450228,1.575240624019803,-20.000000000000007
-0.20473650305093238,1.7580889424488184,-20.000000000000007
-0.2040443086596288,1.7471900021231153,-20.000000000000007
-0.18885818653230285,1.5776548930151266,-20.000000000000007
-0.21965703425001762,1.93847326178661,-20.000000000000007
-0.18842511370101273,1.5738540301251946,-20.000000000000007
-0.20422406494602985,1.747052220087362,-20.000000000000007
-0.18942453257317315,1.5791548760255545,-20.000000000000007
-0.1822603459450228,1.575240624019803,-20.000000000000007
-0.18226034594502277,1.575240624019803,-20.000000000000007
-0.2043891263110746,1.7467571198479008,-20.000000000000007
-0.21295636326596953,1.8553596150545903,-20.000000000000007
-0.23216868374482533,1.9100406376109058,-20.000000000000007
-0.22987473655703378,1.9210853728673365,-20.000000000000007
-0.1888693859802468,1.5715946146796027,-20.000000000000007
-0.2204517092827924,1.9350526994791255,-20.000000000000007
-0.2112960275620267,1.834716479141116,-20.000000000000007
-0.24812938511712437,1.7856504139612348,-20.000000000000007
-0.27947937043403426,1.4686975767129973,-20.000000000000007
-0.28312949508500285,1.5188264880622553,-20.000000000000007
-0.30264988293093603,1.525477256975177,-20.000000000000007
-0.30684952852952047,1.5113498949978779,-20.000000000000007
-0.30449735740947664,1.5071316866766935,-20.000000000000007
-0.3097487244478251,1.5047213828259638,-20.000000000000007
-0.3043258873732406,1.5061705387306423,-20.000000000000007
-0.3034617781157109,1.5151169454334925,-20.000000000000007
-0.3134473008874672,1.504256463686055,-20.000000000000007
-0.3153968549395482,1.4945939491003692,-20.000000000000007
-0.3198148602530947,1.4994072717073017,-20.000000000000007
-0.3205420892789572,1.4997494346366325,-20.000000000000007
-0.3010400381115486,1.54682003031493,-20.000000000000007
-0.27049275923450966,1.7044255040025562,-20.000000000000007
-0.24129920992348686,1.863325709603576,-20.000000000000007
-0.18837473412143405,1.573377960684116,-20.000000000000007
-0.17716407672167844,1.5760687284044745,-20.000000000000007
-0.17259283802865877,1.5472393109831908,-20.000000000000007
-0.15098649128259778,1.3992341320455806,-20.000000000000007
-0.18220996636544406,1.5747645545787243,-20.000000000000007
-0.1822603459450228,1.575240624019803,-20.000000000000007
-0.179509115801908,1.5810607140359072,-20.000000000000007
-0.18837473412143407,1.5733779606841163,-20.000000000000007
-0.17716407672167844,1.5760687284044748,-20.000000000000007
-0.18226034594502277,1.5752406240198034,-20.000000000000007
-0.18837473412143405,1.573377960684116,-20.000000000000007
-0.17933485877093766,1.5832655028315097,-20.000000000000007
-0.18888897604606414,1.5748627885679038,-20.000000000000007
-0.1811061921972143,1.5615965088310682,-20.000000000000007
-0.20117245829941957,1.705762081239453,-20.000000000000007
-0.20404430865962886,1.7471900021231153,-20.000000000000007
-0.20404430865962883,1.7471900021231153,-20.000000000000007
-0.2182751281321456,1.9327711581825626,-20.000000000000007
-0.20404430865962883,1.7471900021231155,-20.000000000000007
-0.21851335106583322,1.9363396679201963,-20.000000000000007
-0.20117245829941957,1.7057620812394534,-20.000000000000007
-0.22638606166750125,1.9313937377440498,-20.000000000000007
-0.20437906386028282,1.7469160927090364,-20.000000000000007
-0.22996407590031498,1.920170512788953,-20.000000000000007
-0.22579788665901385,1.9278347012512822,-20.000000000000007
-0.2111495374753991,1.8234413912639171,-20.000000000000007
-0.22061602805144592,1.9243142227981591,-20.000000000000007
-0.20138593308898806,1.7056697537896857,-20.000000000000007
-0.24987554506512769,1.7371454736290528,-20.000000000000007
-0.28830598678137304,1.5681587806525954,-20.000000000000007
-0.3264449387687266,1.4988474484790877,-20.000000000000007
-0.3534154170897733,1.5011193133341418,-20.000000000000007
-0.35458741154204,1.5003056499582912,-20.000000000000007
-0.3417124720790449,1.497545793784146,-20.000000000000007
-0.3395800960995625,1.4990394084793448,-20.000000000000007
-0.3239968812941811,1.4998373848827433,-20.000000000000007
-0.32095709530283173,1.4984279574447041,-20.000000000000007
-0.3300500786309769,1.4963930974467383,-20.000000000000007
-0.32095709530283184,1.4984279574447044,-20.000000000000007
-0.3211636304358703,1.4975594085107602,-20.000000000000007
-0.3141783204805889,1.499550092495312,-20.000000000000007
-0.2909864358299067,1.5839273016702227,-20.000000000000007
-0.27686892547354014,1.5332495441711373,-20.000000000000007
-0.2552692278798069,1.7694727509399142,-20.000000000000007
-0.22763470237412736,1.9212148309822836,-20.000000000000007
-0.2204821769852884,1.9238009135235057,-20.000000000000007
-0.18122566722890535,1.5694315109664936,-20.000000000000007
-0.17199155733437493,1.6016482542198183,-20.000000000000007
-0.1687656702617912,1.5702438903532965,-20.000000000000007
-0.1489623238983579,1.441250436214657,-20.000000000000007
-0.16491224342351885,1.4962079272044329,-20.000000000000007
-0.17359964367809982,1.555262154034674,-20.000000000000007
-0.17716407672167847,1.5760687284044748,-20.000000000000007
-0.17694296547815702,1.5727431410120192,-20.000000000000007
-0.179509115801908,1.5810607140359076,-20.000000000000007
-0.17716407672167844,1.5760687284044748,-20.000000000000007
-0.18226034594502277,1.5752406240198034,-20.000000000000007
-0.18837473412143407,1.573377960684116,-20.000000000000007
-0.20404430865962883,1.7471900021231153,-20.000000000000007
-0.2013719315045439,1.7093646228216675,-20.000000000000007
-0.21023380688351329,1.8304416245211912,-20.000000000000007
-0.20429629129942262,1.7509576343442548,-20.000000000000007
-0.18226034594502283,1.575240624019803,-20.000000000000007
-0.1941542021624192,1.6248355056872366,-20.000000000000007
-0.1822603459450228,1.575240624019803,-20.000000000000007
-0.20404430865962883,1.7471900021231153,-20.000000000000007
-0.20437906386028282,1.746916092709036,-20.000000000000007
-0.22012880248147473,1.932296055321145,-20.000000000000007
-0.2202251457038187,1.9305132770558284,-20.000000000000007
-0.2119148342979765,1.847948051940096,-20.000000000000007
-0.20059793323548197,1.7432292693718758,-20.000000000000007
-0.18888897604606414,1.5748627885679038,-20.000000000000007
-0.2317380046122724,1.913286973414019,-20.000000000000007
-0.25326889233539673,1.757802427023983,-20.000000000000007
-0.2972737316330034,1.583514315684055,-20.000000000000007
-0.317547819357845,1.4977287325791424,-20.000000000000007
-0.32143074615781014,1.4986691398511773,-20.000000000000007
-0.31123972958586055,1.4996814048370226,-20.000000000000007
-0.30819050895608646,1.5093013509780793,-20.000000000000007
-0.29350059781019,1.5951031487626066,-20.000000000000007
-0.2949120811582512,1.5912232586901425,-20.000000000000007
-0.3085853617769225,1.5085232448780213,-20.000000000000007
-0.30711363616582305,1.5101344279843951,-20.000000000000007
-0.3105597028896543,1.5015975340790317,-20.000000000000007
-0.30692931770759246,1.511106660489784,-20.000000000000007
-0.2833956926911652,1.5216054649451896,-20.000000000000007
-0.27552963855276336,1.575636613138193,-20.000000000000007
-0.24965204629655044,1.7463127307456154,-20.000000000000007
-0.22910974614401125,1.9212770219017479,-20.000000000000007
-0.200597933235482,1.7432292693718758,-20.000000000000007
-0.18160449471629359,1.5653668616837881,-20.000000000000007
-0.1750691443919082,1.5677190487190198,-20.000000000000007
-0.16743862770077889,1.567735635362955,-20.000000000000007
-0.17548244831557921,1.5669961652094957,-20.000000000000007
-0.14975414285615304,1.4356134548649337,-20.000000000000007
-0.1601508670414304,1.4658572207674505,-20.000000000000007
-0.179509115801908,1.5810607140359072,-20.000000000000007
-0.17950911580190798,1.5810607140359072,-20.000000000000007
-0.18842511370101275,1.5738540301251946,-20.000000000000007
-0.18888897604606417,1.5748627885679038,-20.000000000000007
-0.1988532567256356,1.678373963544761,-20.000000000000007
-0.20117245829941957,1.705762081239453,-20.000000000000007
-0.2117907376484028,1.8465650450094244,-20.000000000000007
-0.21204973859417792,1.849753153164824,-20.000000000000007
-0.21248743473298976,1.8569242044846717,-20.000000000000007
-0.21248743473298976,1.8569242044846717,-20.000000000000007
-0.21851335106583322,1.9363396679201959,-20.000000000000007
-0.21941629570363208,1.9349444952642607,-20.000000000000007
-0.220147146048528,1.9414399986101936,-20.000000000000007
-0.22044999117975678,1.9343008877035888,-20.000000000000007
-0.22041728821468373,1.9348175495022781,-20.000000000000007
-0.22082766282401803,1.9386752795527347,-20.000000000000007
-0.22197126464558045,1.9314987434762751,-20.000000000000007
-0.2258618994167234,1.9236278053074978,-20.000000000000007
-0.202754357316416,1.7645861734178359,-20.000000000000007
-0.2342682252151433,1.9299902366858614,-20.000000000000007
-0.25495066722021004,1.7719617873180042,-20.000000000000007
-0.30846945396332004,1.5086139038915822,-20.000000000000007
-0.34151694792534115,1.4981972083364343,-20.000000000000007
-0.36097390415674124,1.499432755759365,-20.000000000000007
-0.36075104722357626,1.4999714155790795,-20.000000000000007
-0.3402900679199641,1.498480660123176,-20.000000000000007
-0.3362790077471166,1.5009347924767078,-20.000000000000007
-0.3211163424978324,1.497493177800502,-20.000000000000007
-0.3210093292288463,1.4976182249002754,-20.000000000000007
-0.32929913435326175,1.4963898651592695,-20.000000000000007
-0.3154250407356797,1.4951337219243526,-20.000000000000007
-0.3149866348915765,1.494272045524218,-20.000000000000007
-0.30245986189195223,1.5333885491069537,-20.000000000000007
-0.28500616045125055,1.5348786479170937,-20.000000000000007
-0.2790858188465218,1.4629854224262329,-20.000000000000007
-0.266715667399576,1.7642073307773383,-20.000000000000007
-0.24336808301417076,1.8315248182011774,-20.000000000000007
-0.20929307639128023,1.8276576848699455,-20.000000000000007
-0.18105946327790218,1.566674138247223,-20.000000000000007
-0.15835946135232734,1.509213135695319,-20.000000000000007
-0.14843759217421218,1.4752528156133882,-20.000000000000007
-0.1377468926182409,1.4138227263361496,-20.000000000000007
-0.13766089245675406,1.4109848407592605,-20.000000000000007
-0.14975415741304388,1.4356391577721634,-20.000000000000007
-0.179509115801908,1.5810607140359072,-20.000000000000007
-0.18067000068203443,1.5594198148107745,-20.000000000000007
-0.1822603459450228,1.575240624019803,-20.000000000000007
-0.18226034594502283,1.5752406240198031,-20.000000000000007
-0.180374903390968,1.5624216849117094,-20.000000000000007
-0.18842511370101273,1.5738540301251949,-20.000000000000007
-0.1888889760460642,1.5748627885679038,-20.000000000000007
-0.18226034594502277,1.575240624019803,-20.000000000000007
-0.18837473412143405,1.573377960684116,-20.000000000000007
-0.18226034594502277,1.575240624019803,-20.000000000000007
-0.19303815211615682,1.6120202560143864,-20.000000000000007
-0.20587468808445003,1.7697390646642215,-20.000000000000007
-0.22029949326914816,1.9398441916845452,-20.000000000000007
-0.2120230033694733,1.8465923536125959,-20.000000000000007
-0.18832435454185534,1.5729018912430375,-20.000000000000007
-0.19943351421520183,1.6818411216689304,-20.000000000000007
-0.18840552363519536,1.5705858562368935,-20.000000000000007
-0.2120074200228729,1.848535136274615,-20.000000000000007
-0.200229111530989,1.743084535206455,-20.000000000000007
-0.20438912631107453,1.746757119847901,-20.000000000000007
-0.2388920604892191,1.894985235618197,-20.000000000000007
-0.2549506672202101,1.7719617873180042,-20.000000000000007
-0.28739973909406236,1.5520020262216159,-20.000000000000007
-0.30677391376734775,1.5114988088153862,-20.000000000000007
-0.3097056597871251,1.5050844263574914,-20.000000000000007
-0.30141740545830387,1.5417009825585575,-20.000000000000007
-0.30303915581607355,1.5193578550285198,-20.000000000000007
-0.29436267878593425,1.5950114516585259,-20.000000000000007
-0.2973637540128969,1.5825723717437468,-20.000000000000007
-0.30703184486287893,1.510473976156342,-20.000000000000007
-0.30257501638645373,1.5345503841636652,-20.000000000000007
-0.3070497638349951,1.5098224678706575,-20.000000000000007
-0.2953647750862309,1.5909656677647295,-20.000000000000007
-0.2833956926911652,1.5216054649451891,-20.000000000000007
-0.2790418615852196,1.4658209857437954,-20.000000000000007
-0.25531493476241274,1.7677128403807039,-20.000000000000007
-0.2291592792143933,1.9208367283157177,-20.000000000000007
-0.1821787932386175,1.5744388146995938,-20.000000000000007
-0.17040862711762936,1.5881758004084296,-20.000000000000007
-0.15852714828658462,1.4915928387510975,-20.000000000000007
-0.14843759217421218,1.4752528156133882,-20.000000000000007
-0.14969871320520373,1.437675006587023,-20.000000000000007
-0.16015086704143033,1.4658572207674505,-20.000000000000007
-0.1509864912825978,1.3992341320455806,-20.000000000000007
-0.180374903390968,1.5624216849117096,-20.000000000000007
-0.18226034594502277,1.5752406240198031,-20.000000000000007
-0.18246257456162718,1.5751980137483315,-20.000000000000007
-0.1822603459450228,1.5752406240198031,-20.000000000000007
-0.1811061921972143,1.5615965088310684,-20.000000000000007
-0.18842511370101278,1.5738540301251949,-20.000000000000007
-0.18837473412143407,1.5733779606841163,-20.000000000000007
-0.21023380688351329,1.8304416245211912,-20.000000000000007
-0.2040443086596288,1.7471900021231157,-20.000000000000007
-0.18837473412143407,1.5733779606841163,-20.000000000000007
-0.18942453257317313,1.5791548760255547,-20.000000000000007
-0.18226034594502277,1.5752406240198031,-20.000000000000007
-0.1930381521161568,1.6120202560143866,-20.000000000000007
-0.21296477688892934,1.8565486059439356,-20.000000000000007
-0.20138593308898803,1.7056697537896857,-20.000000000000007
-0.20437906386028282,1.7469160927090364,-20.000000000000007
-0.1884559032147741,1.571061925677972,-20.000000000000007
-0.1866390278406637,1.6098678309301004,-20.000000000000007
-0.18110984285748083,1.567150207688302,-20.000000000000007
-0.2136086262860933,1.8658947486649495,-20.000000000000007
-0.2549506672202101,1.7719617873180042,-20.000000000000007
-0.29530359663315076,1.591022152597586,-20.000000000000007
-0.32939586822643285,1.4959398004793347,-20.000000000000007
-0.3421520267883904,1.4982106551334218,-20.000000000000007
-0.3495875760384277,1.4996359270640847,-20.000000000000007
-0.333545626403719,1.4966146036500572,-20.000000000000007
-0.33328939381274425,1.4975621513037676,-20.000000000000007
-0.32715914540258584,1.4994893214366423,-20.000000000000007
-0.3207629069111278,1.4991572347632633,-20.000000000000007
-0.31958930280547454,1.4995668775896145,-20.000000000000007
-0.31030600464879055,1.5018041049957918,-20.000000000000007
-0.30927424697752603,1.5058506198337376,-20.000000000000007
-0.298620741423026,1.5702438868626167,-20.000000000000007
-0.29263471218956816,1.5867005354778851,-20.000000000000007
-0.28132352876836003,1.4958962719169135,-20.000000000000007
-0.25905164302025196,1.7785456053829938,-20.000000000000007
-0.23081244012577823,1.9092484754173964,-20.000000000000007
-0.17487637944398762,1.570743585880956,-20.000000000000007
-0.14918550819910137,1.4453914796288405,-20.000000000000007
-0.134145556686638,1.4964745632501613,-20.000000000000007
-0.13370929394667078,1.4975995117133623,-20.000000000000007
-0.13766089245675406,1.4109848407592605,-20.000000000000007
-0.16015086704143033,1.4658572207674503,-20.000000000000007
-0.17337853243457832,1.5519365666422185,-20.000000000000007
-0.180374903390968,1.5624216849117096,-20.000000000000007
-0.1811061921972143,1.5615965088310682,-20.000000000000007
-0.18226034594502277,1.575240624019803,-20.000000000000007
-0.18842511370101275,1.5738540301251946,-20.000000000000007
-0.18837473412143405,1.573377960684116,-20.000000000000007
-0.1891192387649498,1.5756732257028956,-20.000000000000007
-0.18942453257317313,1.5791548760255547,-20.000000000000007
-0.1891192387649498,1.5756732257028956,-20.000000000000007
-0.19071249072710517,1.5909698512377528,-20.000000000000007
-0.1956903181330773,1.6387809844399346,-20.000000000000007
-0.19303815211615677,1.6120202560143864,-20.000000000000007
-0.20117245829941957,1.705762081239453,-20.000000000000007
-0.2120497385941779,1.8497531531648241,-20.000000000000007
-0.1994410610532956,1.6817218920230792,-20.000000000000007
-0.20437906386028282,1.746916092709036,-20.000000000000007
-0.20464930889946623,1.7503430665632258,-20.000000000000007
-0.20460674253608638,1.7456863669336564,-20.000000000000007
-0.22052344232654952,1.9237271384636405,-20.000000000000007
-0.18732744393896136,1.6198823529478061,-20.000000000000007
-0.21249249546208399,1.8480238795029051,-20.000000000000007
-0.23461413157905422,1.9310863878357942,-20.000000000000007
-0.25634037277722355,1.7686087636972747,-20.000000000000007
-0.2926173299946784,1.5866558748438624,-20.000000000000007
-0.3071821076049665,1.5118522251275395,-20.000000000000007
-0.30974872444782503,1.5047213828259638,-20.000000000000007
-0.3086940299905589,1.5084298940529348,-20.000000000000007
-0.3068495285295205,1.5113498949978776,-20.000000000000007
-0.30362848609905935,1.5141126902435111,-20.000000000000007
-0.3054493395984941,1.5083550434456754,-20.000000000000007
-0.30234313218264613,1.5359509820465371,-20.000000000000007
-0.3029189166775857,1.5272891782940903,-20.000000000000007
-0.3017271056666275,1.5366598345327964,-20.000000000000007
-0.28280340227417533,1.512832080374423,-20.000000000000007
-0.2806052636354269,1.4882392549076289,-20.000000000000007
-0.2667565134828852,1.7618320179012814,-20.000000000000007
-0.25485032169770533,1.7712282735098945,-20.000000000000007
-0.2452926061411248,1.8160597597371133,-20.000000000000007
-0.22994567150625356,1.919538769158157,-20.000000000000007
-0.22718604684609814,1.9204048324940464,-20.000000000000007
-0.21211485338650726,1.8515613530094885,-20.000000000000007
-0.18160650863614655,1.5652904978856894,-20.000000000000007
-0.18226034594502277,1.575240624019803,-20.000000000000007
-0.17917386072802038,1.5901780441278877,-20.000000000000007
-0.1811061921972143,1.5615965088310682,-20.000000000000007
-0.18885818653230282,1.5776548930151266,-20.000000000000007
-0.18942453257317313,1.5791548760255543,-20.000000000000007
-0.20587468808445006,1.7697390646642215,-20.000000000000007
-0.20404430865962883,1.747190002123115,-20.000000000000007
-0.20587468808445006,1.7697390646642215,-20.000000000000007
-0.21086836437030812,1.836207293511332,-20.000000000000007
-0.21983644188588589,1.9383820500166025,-20.000000000000007
-0.22047538080186457,1.9371217562211038,-20.000000000000007
-0.22907067213471022,1.9266742771147656,-20.000000000000007
-0.22611557156566003,1.9301601326404512,-20.000000000000007
-0.2276014464421608,1.9245423734898095,-20.000000000000007
-0.22088539733767873,1.931145289038375,-20.000000000000007
-0.22700039482394935,1.931983712679078,-20.000000000000007
-0.21998936254402723,1.931730724066448,-20.000000000000007
-0.2271811682081116,1.9274693190730452,-20.000000000000007
-0.21975688847745659,1.93012065035243,-20.000000000000007
-0.22646905843047485,1.9239973722212547,-20.000000000000007
-0.22062846119588841,1.9240573197414903,-20.000000000000007
-0.1861543817647462,1.6074417934864873,-20.000000000000007
-0.23893929149129284,1.8916483113675986,-20.000000000000007
-0.254962086841128,1.771807764152899,-20.000000000000007
-0.2947043666733568,1.5956889702653592,-20.000000000000007
-0.31930617380501225,1.4973736678969654,-20.000000000000007
-0.33242727997012156,1.496965853813113,-20.000000000000007
-0.338908884767801,1.500014928360563,-20.000000000000007
-0.34134644897060096,1.4985472518577072,-20.000000000000007
-0.33388610449123846,1.4978421188589415,-20.000000000000007
-0.3296972611982634,1.4962931072301304,-20.000000000000007
-0.32540377672382115,1.499453952330151,-20.000000000000007
-0.3180669858494018,1.4998476559255902,-20.000000000000007
-0.3207509129672528,1.4988126114523814,-20.000000000000007
-0.3164907217463612,1.4978964762349731,-20.000000000000007
-0.3012565810907918,1.5430934592559558,-20.000000000000007
-0.2832661601801206,1.5200500032203066,-20.000000000000007
-0.26961975763376855,1.7232364953379842,-20.000000000000007
-0.23435863085067837,1.9269011950070363,-20.000000000000007
-0.20649413408886047,1.7678607392632317,-20.000000000000007
-0.18254761494311048,1.574583548865015,-20.000000000000007
-0.17177072631100207,1.5990919572095588,-20.000000000000007
-0.1750993187470594,1.5663756026689182,-20.000000000000007
-0.16068039058210654,1.5278905854883735,-20.000000000000007
-0.16015086704143033,1.4658572207674505,-20.000000000000007
-0.17548244831557921,1.566996165209496,-20.000000000000007
-0.14975414285615307,1.435613454864934,-20.000000000000007
-0.1822603459450228,1.575240624019803,-20.000000000000007
-0.18067000068203443,1.5594198148107745,-20.000000000000007
-0.18885818653230282,1.5776548930151266,-20.000000000000007
-0.19303815211615682,1.6120202560143866,-20.000000000000007
-0.18842511370101275,1.5738540301251949,-20.000000000000007
-0.20117245829941957,1.705762081239453,-20.000000000000007
-0.1822603459450228,1.575240624019803,-20.000000000000007
-0.20404430865962883,1.7471900021231155,-20.000000000000007
-0.19303815211615682,1.6120202560143866,-20.000000000000007
-0.20689323510108815,1.7805648176016644,-20.000000000000007
-0.2194162957036321,1.934944495264261,-20.000000000000007
-0.1822603459450228,1.575240624019803,-20.000000000000007
-0.20587468808445003,1.7697390646642217,-20.000000000000007
-0.18842511370101273,1.5738540301251946,-20.000000000000007
-0.21066147007523187,1.8289508101509748,-20.000000000000007
-0.22712916904445493,1.9236157752965164,-20.000000000000007
-0.20468482335904073,1.7442442470352897,-20.000000000000007
-0.21948619802340802,1.9223585629978117,-20.000000000000007
-0.18105946327790218,1.566674138247223,-20.000000000000007
-0.2106765637514194,1.8287123508592724,-20.000000000000007
-0.24431076490960957,1.8291243725315856,-20.000000000000007
-0.2647932143404825,1.7620335318055578,-20.000000000000007
-0.3024883728623807,1.5310345450788763,-20.000000000000007
-0.31274347696928584,1.5026173737787587,-20.000000000000007
-0.3127434769692858,1.5026173737787587,-20.000000000000007
-0.3148989845456726,1.4938607323888171,-20.000000000000007
-0.30419343123414483,1.5069367661856246,-20.000000000000007
-0.3046509177259954,1.5067965437007276,-20.000000000000007
-0.30303915581607355,1.5193578550285198,-20.000000000000007
-0.2945868128588187,1.595344087030523,-20.000000000000007
-0.30157951765575225,1.540395941576901,-20.000000000000007
-0.2953212908588948,1.5929731883467864,-20.000000000000007
-0.3010314785947498,1.5466692282696268,-20.000000000000007
-0.28476675363292536,1.5329115731342657,-20.000000000000007
-0.26657818754098117,1.7617140186301459,-20.000000000000007
-0.2502845554208489,1.7235141714337492,-20.000000000000007
-0.21939361229851165,1.9217714786632931,-20.000000000000007
-0.18199425774299322,1.5743722480814368,-20.000000000000007
-0.17291006738260511,1.5603254812247445,-20.000000000000007
-0.15098566985804338,1.4099951538854878,-20.000000000000007
-0.148492983613323,1.473230361911921,-20.000000000000007
-0.14975414285615304,1.435613454864934,-20.000000000000007
-0.16226514651890211,1.479978094344565,-20.000000000000007
-0.1727105924878417,1.547567701554894,-20.000000000000007
-0.1627002308005726,1.4821412217524914,-20.000000000000007
-0.16491224342351885,1.4962079272044329,-20.000000000000007
-0.17917386072802036,1.5901780441278879,-20.000000000000007
-0.1617536389502492,1.4767475548411564,-20.000000000000007
-0.180374903390968,1.5624216849117094,-20.000000000000007
-0.17917386072802038,1.5901780441278879,-20.000000000000007
-0.1811061921972143,1.5615965088310682,-20.000000000000007
-0.18842511370101275,1.5738540301251949,-20.000000000000007
-0.18226034594502277,1.5752406240198031,-20.000000000000007
-0.18837473412143407,1.573377960684116,-20.000000000000007
-0.18837473412143405,1.573377960684116,-20.000000000000007
-0.18226034594502277,1.575240624019803,-20.000000000000007
-0.18837473412143405,1.573377960684116,-20.000000000000007
-0.18942453257317313,1.5791548760255547,-20.000000000000007
-0.18942453257317313,1.5791548760255547,-20.000000000000007
-0.19082329531069092,1.5880699398860831,-20.000000000000007
-0.20156731890234342,1.7041464858470468,-20.000000000000007
-0.18168952957395673,1.5704402694092026,-20.000000000000007
-0.17187380287519202,1.6013198636481147,-20.000000000000007
-0.20404430865962883,1.7471900021231153,-20.000000000000007
-0.24338853031189459,1.837601697632469,-20.000000000000007
-0.2859939239978365,1.5585623325020181,-20.000000000000007
-0.33864764359613403,1.5001833259064012,-20.000000000000007
-0.35348462761605726,1.5011648389544145,-20.000000000000007
-0.35593569543368103,1.5007965177492808,-20.000000000000007
-0.35438042305770623,1.5003051786036588,-20.000000000000007
-0.3367267257894431,1.5008375740955626,-20.000000000000007
-0.33447244643473717,1.4980584144554692,-20.000000000000007
-0.32809576997054835,1.4992963643100743,-20.000000000000007
-0.3175308999616074,1.499775934305091,-20.000000000000007
-0.3207509129672527,1.4988126114523816,-20.000000000000007
-0.31011758243081944,1.5036481952148824,-20.000000000000007
-0.3067739137673477,1.5114988088153865,-20.000000000000007
-0.29610670277015155,1.5917938009987194,-20.000000000000007
-0.278757928389648,1.4731592481629836,-20.000000000000007
-0.23789913847441474,1.8975277227721496,-20.000000000000007
-0.1888385964664855,1.5743867191268253,-20.000000000000007
-0.15214919902338495,1.4067169610106773,-20.000000000000007
-0.13541178432692438,1.4985215265898588,-20.000000000000007
-0.13361104637107185,1.4975775518180838,-20.000000000000007
-0.137660285486395,1.4110313038715903,-20.000000000000007
-0.14969871320520375,1.4376750065870232,-20.000000000000007
-0.16226514651890211,1.479978094344565,-20.000000000000007
-0.1804043718668858,1.561176753585045,-20.000000000000007
-0.1822603459450228,1.575240624019803,-20.000000000000007
-0.1822603459450228,1.575240624019803,-20.000000000000007
-0.18842511370101273,1.573854030125195,-20.000000000000007
-0.18911923876494982,1.5756732257028958,-20.000000000000007
-0.18942453257317313,1.5791548760255547,-20.000000000000007
-0.20404430865962883,1.7471900021231153,-20.000000000000007
-0.20404430865962883,1.7471900021231155,-20.000000000000007
-0.1894245325731731,1.5791548760255545,-20.000000000000007
-0.20404430865962883,1.7471900021231155,-20.000000000000007
-0.18837473412143407,1.5733779606841163,-20.000000000000007
-0.19395472895729485,1.621232964105022,-20.000000000000007
-0.1891192387649498,1.5756732257028958,-20.000000000000007
-0.2040443086596288,1.7471900021231153,-20.000000000000007
-0.21157012218398938,1.8376661280048128,-20.000000000000007
-0.20437906386028284,1.7469160927090361,-20.000000000000007
-0.2129928880647487,1.8546782983206904,-20.000000000000007
-0.2007395051075761,1.7431564730484341,-20.000000000000007
-0.20148871162683252,1.7536807231626061,-20.000000000000007
-0.17510668479376787,1.5692310098693465,-20.000000000000007
-0.21248743473298976,1.8569242044846717,-20.000000000000007
-0.23358586926747643,1.9295563077585558,-20.000000000000007
-0.2749160270996689,1.5934571089494058,-20.000000000000007
-0.3086336093568685,1.5086850821198532,-20.000000000000007
-0.3163939756994304,1.4967174416503986,-20.000000000000007
-0.31728592908044345,1.4971946047736842,-20.000000000000007
-0.31947674387284486,1.495806177967058,-20.000000000000007
-0.30549031958570316,1.5083753720940727,-20.000000000000007
-0.30718210760496656,1.5118522251275397,-20.000000000000007
-0.3030801358032826,1.5193781836769171,-20.000000000000007
-0.2941671893924197,1.5976720480964615,-20.000000000000007
-0.3020911193405532,1.5362086858776713,-20.000000000000007
-0.30097538168256877,1.5478856504334075,-20.000000000000007
-0.29727373163300347,1.583514315684055,-20.000000000000007
-0.2806052636354269,1.4882392549076287,-20.000000000000007
-0.2676596131775659,1.7522652283128959,-20.000000000000007
-0.24804918561669195,1.7862182972330511,-20.000000000000007
-0.21990894098602337,1.926001591715591,-20.000000000000007
-0.20024469689215907,1.7412211863012739,-20.000000000000007
-0.17506914439190818,1.5677190487190193,-20.000000000000007
-0.1583594613523273,1.509213135695319,-20.000000000000007
-0.1497252401493944,1.4368650979952844,-20.000000000000007
-0.16015086704143036,1.4658572207674505,-20.000000000000007
-0.15098649128259778,1.3992341320455803,-20.000000000000007
-0.17337853243457835,1.5519365666422185,-20.000000000000007
-0.16491224342351887,1.4962079272044329,-20.000000000000007
-0.17716407672167847,1.5760687284044748,-20.000000000000007
-0.17825534106184446,1.5837285229747722,-20.000000000000007
-0.17716407672167847,1.5760687284044748,-20.000000000000007
-0.1742675836248365,1.5596310191219986,-20.000000000000007
-0.1754824483155792,1.566996165209496,-20.000000000000007
-0.17337853243457832,1.551936566642219,-20.000000000000007
-0.17716407672167844,1.5760687284044745,-20.000000000000007
-0.17426758362483646,1.5596310191219986,-20.000000000000007
-0.17716407672167844,1.5760687284044748,-20.000000000000007
-0.17337853243457838,1.5519365666422187,-20.000000000000007
-0.17337853243457835,1.5519365666422185,-20.000000000000007
-0.16270023080057264,1.4821412217524914,-20.000000000000007
-0.16226514651890214,1.4799780943445653,-20.000000000000007
-0.16175363895024922,1.4767475548411568,-20.000000000000007
-0.14975414285615304,1.4356134548649342,-20.000000000000007
-0.14975415741304388,1.4356391577721634,-20.000000000000007
-0.13520125451334744,1.4977814552702866,-20.000000000000007
-0.13559501490126286,1.4971204706629222,-20.000000000000007
-0.18250173051842533,1.5731434678747531,-20.000000000000007
-0.2549506672202101,1.7719617873180042,-20.000000000000007
-0.31222678833631506,1.5047764844745497,-20.000000000000007
-0.35840959898388997,1.5002727986741269,-20.000000000000007
-0.3650649885819517,1.5019167166808052,-20.000000000000007
-0.3592174162571536,1.4970963869628644,-20.000000000000007
-0.3499862350448537,1.5017735732961004,-20.000000000000007
-0.334492169315937,1.498089745258081,-20.000000000000007
-0.3318989531227398,1.49812136810093,-20.000000000000007
-0.32208937867346144,1.4962205945650344,-20.000000000000007
-0.3154250407356796,1.4951337219243526,-20.000000000000007
-0.3135091510939445,1.5055312013874296,-20.000000000000007
-0.3092742469775259,1.5058506198337374,-20.000000000000007
-0.30812717007194623,1.50957699156863,-20.000000000000007
-0.28517378958035433,1.5355047244565643,-20.000000000000007
-0.27537718270784395,1.5788073381267138,-20.000000000000007
-0.24515368492288558,1.8222595246720872,-20.000000000000007
-0.2207210469207848,1.9246444040760093,-20.000000000000007
-0.20024469689215907,1.741221186301274,-20.000000000000007
-0.18111054873671423,1.567051692964865,-20.000000000000007
-0.17230075622352384,1.5935140864154094,-20.000000000000007
-0.1567354222159109,1.4788925013511103,-20.000000000000007
-0.16015086704143036,1.4658572207674505,-20.000000000000007
-0.16015086704143033,1.4658572207674503,-20.000000000000007
-0.16175363895024925,1.4767475548411566,-20.000000000000007
-0.17716407672167847,1.5760687284044748,-20.000000000000007
-0.1742675836248365,1.5596310191219986,-20.000000000000007
-0.1822603459450228,1.575240624019803,-20.000000000000007
-0.18226034594502283,1.575240624019803,-20.000000000000007
-0.18885818653230285,1.5776548930151266,-20.000000000000007
-0.18842511370101273,1.5738540301251946,-20.000000000000007
-0.17825534106184446,1.5837285229747722,-20.000000000000007
-0.18888897604606417,1.5748627885679038,-20.000000000000007
-0.1822603459450228,1.575240624019803,-20.000000000000007
-0.1930381521161568,1.6120202560143864,-20.000000000000007
-0.20587468808445006,1.7697390646642215,-20.000000000000007
-0.18226034594502277,1.575240624019803,-20.000000000000007
-0.1930381521161568,1.6120202560143864,-20.000000000000007
-0.18226034594502277,1.575240624019803,-20.000000000000007
-0.20437906386028282,1.7469160927090361,-20.000000000000007
-0.21911557977763282,1.9280293602799903,-20.000000000000007
-0.20893551548162823,1.8225514672970342,-20.000000000000007
-0.21191483429797653,1.8479480519400957,-20.000000000000007
-0.18105946327790218,1.566674138247223,-20.000000000000007
-0.2212624242546453,1.9315727728415628,-20.000000000000007
-0.2495054676988277,1.7506184474221234,-20.000000000000007
-0.27904186158521965,1.465820985743795,-20.000000000000007
-0.3090730473186497,1.507623797768365,-20.000000000000007
-0.31463527931154717,1.4956303599468477,-20.000000000000007
-0.30891123140916804,1.5077660068053516,-20.000000000000007
-0.3085853617769225,1.5085232448780213,-20.000000000000007
-0.30130640372307715,1.5423403938790976,-20.000000000000007
-0.299204027038324,1.5644020754043724,-20.000000000000007
-0.29232832203301057,1.5857717798355129,-20.000000000000007
-0.2968711403462529,1.5876911510145943,-20.000000000000007
-0.30258667562744196,1.5325552975248482,-20.000000000000007
-0.29763330665746673,1.5818953357954952,-20.000000000000007
-0.29666674260669496,1.5888926601251467,-20.000000000000007
-0.27949911503684455,1.467959382785481,-20.000000000000007
-0.2534731303878119,1.7659992455435312,-20.000000000000007
-0.22140421285544898,1.9288128383647134,-20.000000000000007
-0.19082329531069092,1.5880699398860831,-20.000000000000007
-0.17506089947291542,1.570818104861102,-20.000000000000007
-0.17344910138197134,1.5547118629315704,-20.000000000000007
-0.17509931874705942,1.5663756026689182,-20.000000000000007
-0.1670123992076274,1.5592338558810923,-20.000000000000007
-0.1622651465189021,1.479978094344565,-20.000000000000007
-0.16226514651890211,1.4799780943445653,-20.000000000000007
-0.17337853243457835,1.5519365666422187,-20.000000000000007
-0.17716407672167847,1.5760687284044748,-20.000000000000007
-0.17426758362483646,1.5596310191219986,-20.000000000000007
-0.179509115801908,1.5810607140359072,-20.000000000000007
-0.179509115801908,1.5810607140359072,-20.000000000000007
-0.18888897604606414,1.5748627885679038,-20.000000000000007
-0.18226034594502277,1.5752406240198031,-20.000000000000007
-0.18067000068203443,1.5594198148107747,-20.000000000000007
-0.18250173051842536,1.573143467874753,-20.000000000000007
-0.17950911580190804,1.5810607140359072,-20.000000000000007
-0.2040443086596288,1.7471900021231155,-20.000000000000007
-0.1894245325731731,1.5791548760255547,-20.000000000000007
-0.18885818653230282,1.5776548930151266,-20.000000000000007
-0.18885818653230282,1.5776548930151266,-20.000000000000007
-0.18226034594502277,1.5752406240198031,-20.000000000000007
-0.20437906386028282,1.746916092709036,-20.000000000000007
-0.20468482335904073,1.7442442470352897,-20.000000000000007
-0.2260933637289644,1.9250955161437948,-20.000000000000007
-0.20024469689215907,1.7412211863012743,-20.000000000000007
-0.18104114719997758,1.5693569919863475,-20.000000000000007
-0.22903447707550287,1.9276403862238336,-20.000000000000007
-0.2562461593449842,1.7683106701309905,-20.000000000000007
-0.30760756175600734,1.5100107049851328,-20.000000000000007
-0.3483848485229989,1.5009014491926758,-20.000000000000007
-0.35911858855046314,1.4968819798004258,-20.000000000000007
-0.35579112258380674,1.500640977543138,-20.000000000000007
-0.3487221175736024,1.5010160756963415,-20.000000000000007
-0.3400093142921532,1.4990727639464163,-20.000000000000007
-0.3332893938127442,1.4975621513037676,-20.000000000000007
-0.3220776134311763,1.496312004160849,-20.000000000000007
-0.32179956045997793,1.4963024366049247,-20.000000000000007
-0.31756181987001814,1.4998334669940097,-20.000000000000007
-0.31499732855255,1.4941785376478078,-20.000000000000007
-0.3088989161982865,1.5077598400660759,-20.000000000000007
-0.2845968356926818,1.5319198581045175,-20.000000000000007
-0.25715985229708327,1.7704114072995514,-20.000000000000007
-0.2214443014280526,1.9280803487178488,-20.000000000000007
-0.18159448893339836,1.5695762451319148,-20.000000000000007
-0.1724249281920105,1.5949293566576475,-20.000000000000007
-0.1377468462181514,1.4138465834221172,-20.000000000000007
-0.14969871320520378,1.437675006587023,-20.000000000000007
-0.13766089245675406,1.4109848407592605,-20.000000000000007
-0.14896232389835787,1.441250436214657,-20.000000000000007
-0.1733785324345783,1.5519365666422185,-20.000000000000007
-0.151885716309857,1.402262875380409,-20.000000000000007
-0.18067000068203443,1.5594198148107747,-20.000000000000007
-0.17950911580190798,1.5810607140359072,-20.000000000000007
-0.18226034594502277,1.575240624019803,-20.000000000000007
-0.1822603459450228,1.5752406240198031,-20.000000000000007
-0.179509115801908,1.5810607140359072,-20.000000000000007
-0.18842511370101275,1.5738540301251949,-20.000000000000007
-0.18226034594502277,1.575240624019803,-20.000000000000007
-0.2013109492445595,1.7056980742635646,-20.000000000000007
-0.18885818653230285,1.5776548930151266,-20.000000000000007
-0.18250173051842536,1.573143467874753,-20.000000000000007
-0.18942453257317313,1.5791548760255547,-20.000000000000007
-0.1811061921972143,1.5615965088310682,-20.000000000000007
-0.19316194813994034,1.6117989308347909,-20.000000000000007
-0.18842511370101275,1.5738540301251946,-20.000000000000007
-0.18245135093884662,1.5726673984336743,-20.000000000000007
-0.18832435454185534,1.5729018912430375,-20.000000000000007
-0.18067000068203443,1.5594198148107745,-20.000000000000007
-0.18837473412143405,1.573377960684116,-20.000000000000007
-0.18832435454185534,1.5729018912430373,-20.000000000000007
-0.22006308981684308,1.9384840790643947,-20.000000000000007
-0.25493350224142575,1.7718608969257508,-20.000000000000007
-0.27908581884652184,1.462985422426233,-20.000000000000007
-0.3071821076049665,1.51185222512754,-20.000000000000007
-0.3176287267033409,1.4974406755698189,-20.000000000000007
-0.3122495329904666,1.5031010783973486,-20.000000000000007
-0.3015611909201041,1.5393647665325947,-20.000000000000007
-0.30238421939695287,1.5330982155223123,-20.000000000000007
-0.29347712729318637,1.594332636642514,-20.000000000000007
-0.29166963773438814,1.5861241468200837,-20.000000000000007
-0.3075744951611008,1.5084658732536627,-20.000000000000007
-0.30176944672312994,1.5365596759207838,-20.000000000000007
-0.3056559210016499,1.5073161216508653,-20.000000000000007
-0.2958466630537444,1.5901672471963764,-20.000000000000007
-0.2801051246410949,1.4811490945842523,-20.000000000000007
-0.25356064427098746,1.7667014538198775,-20.000000000000007
-0.23358178761926324,1.9282399032976212,-20.000000000000007
-0.20437906386028284,1.7469160927090361,-20.000000000000007
-0.18885818653230282,1.5776548930151266,-20.000000000000007
-0.18220996636544406,1.5747645545787243,-20.000000000000007
-0.176942965478157,1.5727431410120192,-20.000000000000007
-0.1735996436780998,1.5552621540346743,-20.000000000000007
-0.14975414285615304,1.435613454864934,-20.000000000000007
-0.17259283802865874,1.5472393109831908,-20.000000000000007
-0.17337853243457835,1.5519365666422185,-20.000000000000007
-0.18226034594502277,1.575240624019803,-20.000000000000007
-0.1894245325731731,1.5791548760255547,-20.000000000000007
-0.21204973859417786,1.849753153164824,-20.000000000000007
-0.21931127683429325,1.934614313986411,-20.000000000000007
-0.2203305505907092,1.9384815235691368,-20.000000000000007
-0.22014525807177523,1.9377119567000258,-20.000000000000007
-0.22024249745271135,1.9383928672943869,-20.000000000000007
-0.22140461161028013,1.9284170608693039,-20.000000000000007
-0.22140461161028013,1.9284170608693034,-20.000000000000007
-0.22706386234811374,1.9284685443398901,-20.000000000000007
-0.2213406862589017,1.9334849539060501,-20.000000000000007
-0.22611144618178824,1.932519660085986,-20.000000000000007
-0.2261117179537413,1.9301421223050317,-20.000000000000007
-0.2213870023213947,1.92869526337629,-20.000000000000007
-0.22138700232139466,1.9286952633762897,-20.000000000000007
-0.22138700232139463,1.92869526337629,-20.000000000000007
-0.22041728821468373,1.9348175495022781,-20.000000000000007
-0.2129563632659695,1.85535961505459,-20.000000000000007
-0.21896327629267134,1.9297285954014647,-20.000000000000007
-0.23205591066668438,1.914540565171374,-20.000000000000007
-0.2793088923459309,1.535303491913613,-20.000000000000007
-0.31144475910693653,1.500686319178811,-20.000000000000007
-0.3389244925410592,1.500118527386492,-20.000000000000007
-0.3534837740883596,1.5013258237848048,-20.000000000000007
-0.35427448915130744,1.4990367986716193,-20.000000000000007
-0.3375296852690181,1.4999863663567312,-20.000000000000007
-0.3413548889860487,1.498463727843626,-20.000000000000007
-0.32769216113537786,1.4997240534571992,-20.000000000000007
-0.3154250407356797,1.4951337219243523,-20.000000000000007
-0.32929913435326175,1.4963898651592695,-20.000000000000007
-0.3254281904889686,1.499572101746499,-20.000000000000007
-0.32923517886647413,1.4964278303769887,-20.000000000000007
-0.32107407076933486,1.500242275869806,-20.000000000000007
-0.3024163784931892,1.5331253985111797,-20.000000000000007
-0.27813167401691624,1.5642439646198911,-20.000000000000007
-0.23474134522287862,1.9269586100412368,-20.000000000000007
-0.21334968096843676,1.8529075364882375,-20.000000000000007
-0.17542972117740843,1.5709628390265231,-20.000000000000007
-0.1754297211774084,1.5709628390265231,-20.000000000000007
-0.17510668479376784,1.5692310098693467,-20.000000000000007
-0.17716407672167844,1.5760687284044745,-20.000000000000007
-0.17917386072802038,1.5901780441278879,-20.000000000000007
-0.14975414285615307,1.435613454864934,-20.000000000000007
-0.15098649128259778,1.3992341320455806,-20.000000000000007
-0.1742675836248365,1.5596310191219986,-20.000000000000007
-0.17917386072802038,1.5901780441278879,-20.000000000000007
-0.18888897604606414,1.5748627885679043,-20.000000000000007
-0.19303815211615682,1.6120202560143864,-20.000000000000007
-0.18888897604606417,1.5748627885679043,-20.000000000000007
-0.18888897604606414,1.5748627885679038,-20.000000000000007
-0.18067000068203443,1.5594198148107747,-20.000000000000007
-0.18885818653230282,1.5776548930151268,-20.000000000000007
-0.1894245325731731,1.5791548760255545,-20.000000000000007
-0.21248743473298976,1.8569242044846717,-20.000000000000007
-0.2182751281321456,1.9327711581825626,-20.000000000000007
-0.18842511370101273,1.5738540301251946,-20.000000000000007
-0.2040443086596288,1.7471900021231157,-20.000000000000007
-0.18885818653230285,1.5776548930151266,-20.000000000000007
-0.21898048682672566,1.9298461703898884,-20.000000000000007
-0.2321525415825807,1.9102495330611602,-20.000000000000007
-0.21348347107761392,1.8491291362183486,-20.000000000000007
-0.2119148342979765,1.847948051940096,-20.000000000000007
-0.1990290336519761,1.6778574345842014,-20.000000000000007
-0.22012993551447368,1.94132242362177,-20.000000000000007
-0.25707013486455704,1.7713929192899096,-20.000000000000007
-0.2831294950850029,1.5188264880622553,-20.000000000000007
-0.3067739137673477,1.5114988088153867,-20.000000000000007
-0.31890212433533555,1.4932315558916645,-20.000000000000007
-0.3197459855385232,1.4970993428453547,-20.000000000000007
-0.31140092494288407,1.499831645162984,-20.000000000000007
-0.31754781935784493,1.4977287325791424,-20.000000000000007
-0.30465091772599534,1.506796543700728,-20.000000000000007
-0.30230117584397304,1.534388903431013,-20.000000000000007
-0.31463527931154717,1.4956303599468472,-20.000000000000007
-0.30490505202372303,1.505661875178614,-20.000000000000007
-0.31216590219080187,1.5044307690282288,-20.000000000000007
-0.30248837286238067,1.5310345450788763,-20.000000000000007
-0.2756211707551784,1.5720927022998592,-20.000000000000007
-0.25378294800980744,1.7680678568789596,-20.000000000000007
-0.23708075825975763,1.9088233473171732,-20.000000000000007
-0.200229111530989,1.7430845352064546,-20.000000000000007
-0.18180396792141792,1.5689694032660026,-20.000000000000007
-0.17236435281012222,1.5940428852781645,-20.000000000000007
-0.14924093785005066,1.4433299279067515,-20.000000000000007
-0.14969871320520375,1.437675006587023,-20.000000000000007
-0.1489623238983579,1.441250436214657,-20.000000000000007
-0.14975414285615307,1.4356134548649337,-20.000000000000007
-0.14969871320520373,1.437675006587023,-20.000000000000007
-0.17337853243457832,1.5519365666422187,-20.000000000000007
-0.17426758362483646,1.5596310191219986,-20.000000000000007
-0.18226034594502277,1.575240624019803,-20.000000000000007
-0.18837473412143405,1.573377960684116,-20.000000000000007
-0.1811061921972143,1.5615965088310682,-20.000000000000007
-0.18888897604606414,1.5748627885679038,-20.000000000000007
-0.18226034594502277,1.575240624019803,-20.000000000000007
-0.20404430865962883,1.7471900021231157,-20.000000000000007
-0.20422406494602988,1.747052220087362,-20.000000000000007
-0.22088539733767873,1.931145289038375,-20.000000000000007
-0.2182751281321456,1.9327711581825626,-20.000000000000007
-0.22033055059070922,1.9384815235691368,-20.000000000000007
-0.21891940663265871,1.9363504851979805,-20.000000000000007
-0.18888897604606414,1.574862788567904,-20.000000000000007
-0.2203670254151623,1.9358645650587787,-20.000000000000007
-0.18915002827871114,1.5728811212556728,-20.000000000000007
-0.2291097461440113,1.9212770219017477,-20.000000000000007
-0.21173042344573,1.8478756848573854,-20.000000000000007
-0.20140419548837762,1.7053290954227356,-20.000000000000007
-0.23595500071689002,1.921576377911016,-20.000000000000007
-0.2645333836519296,1.7623780752363107,-20.000000000000007
-0.3092742469775259,1.5058506198337374,-20.000000000000007
-0.34264228950904085,1.4989792613674786,-20.000000000000007
-0.3563269297948728,1.500035913373797,-20.000000000000007
-0.357759580015716,1.4989078707052197,-20.000000000000007
-0.3488032515297597,1.5005774457975214,-20.000000000000007
-0.3461510227836139,1.4944136187708938,-20.000000000000007
-0.3280162856852654,1.49921492022272,-20.000000000000007
-0.321283622935787,1.4975906033984279,-20.000000000000007
-0.33173313433336027,1.4983375307887024,-20.000000000000007
-0.32213364525244736,1.4960703579847605,-20.000000000000007
-0.3257832233730217,1.5009687779481284,-20.000000000000007
-0.3045676330420179,1.506569932821053,-20.000000000000007
-0.26338064406707434,1.7616662219360335,-20.000000000000007
-0.2276789068426293,1.923502489320876,-20.000000000000007
-0.20437906386028282,1.746916092709036,-20.000000000000007
-0.18122566722890535,1.5694315109664934,-20.000000000000007
-0.18106016915713552,1.5665756235237864,-20.000000000000007
-0.18111054873671423,1.5670516929648652,-20.000000000000007
-0.16930421010670238,1.5776091538352786,-20.000000000000007
-0.16491224342351885,1.4962079272044324,-20.000000000000007
-0.16226514651890206,1.479978094344565,-20.000000000000007
-0.15280423597603296,1.4087123965335246,-20.000000000000007
-0.17259283802865877,1.5472393109831908,-20.000000000000007
-0.17917386072802038,1.5901780441278877,-20.000000000000007
-0.18226034594502283,1.5752406240198031,-20.000000000000007
-0.1822603459450228,1.5752406240198031,-20.000000000000007
-0.18885818653230285,1.5776548930151266,-20.000000000000007
-0.18842511370101275,1.5738540301251949,-20.000000000000007
-0.18885818653230285,1.5776548930151264,-20.000000000000007
-0.1894245325731731,1.5791548760255545,-20.000000000000007
-0.18885818653230285,1.5776548930151266,-20.000000000000007
-0.19209041430059667,1.6012310609863813,-20.000000000000007
-0.2040443086596288,1.7471900021231155,-20.000000000000007
-0.21248743473298976,1.8569242044846717,-20.000000000000007
-0.1930381521161568,1.6120202560143866,-20.000000000000007
-0.21296477688892937,1.8565486059439353,-20.000000000000007
-0.20437906386028284,1.746916092709036,-20.000000000000007
-0.22060816759033794,1.9341782461378014,-20.000000000000007
-0.23463980194119954,1.928660214376906,-20.000000000000007
-0.22747948179221972,1.9178329122632694,-20.000000000000007
-0.2269401645833434,1.9239439328329508,-20.000000000000007
-0.2044155886590621,1.7462347759751362,-20.000000000000007
-0.2319692397184688,1.9142976453010254,-20.000000000000007
-0.25681424317968443,1.7714254073301814,-20.000000000000007
-0.28317282825210344,1.5185764883075428,-20.000000000000007
-0.31140092494288407,1.499831645162984,-20.000000000000007
-0.3134616331050424,1.5042515485414834,-20.000000000000007
-0.3097901639843804,1.504672240209367,-20.000000000000007
-0.3085853617769224,1.5085232448780213,-20.000000000000007
-0.30677391376734775,1.5114988088153862,-20.000000000000007
-0.2992599492840615,1.563841822766749,-20.000000000000007
-0.30303915581607355,1.5193578550285198,-20.000000000000007
-0.3090322601452581,1.5068495454455868,-20.000000000000007
-0.3112371460491286,1.5003592422732033,-20.000000000000007
-0.3093189552346752,1.5055149864402662,-20.000000000000007
-0.2937230945577858,1.5964980529330168,-20.000000000000007
-0.2663559328666817,1.7603067244530752,-20.000000000000007
-0.2451858557166235,1.8229500814149218,-20.000000000000007
-0.22174008971653097,1.9250330291812479,-20.000000000000007
-0.1873274439389614,1.6198823529478061,-20.000000000000007
-0.18180396792141792,1.5689694032660029,-20.000000000000007
-0.17510106557395996,1.5664100330278887,-20.000000000000007
-0.17510106557396,1.566410033027889,-20.000000000000007
-0.17950911580190804,1.5810607140359072,-20.000000000000007
-0.17917386072802036,1.5901780441278879,-20.000000000000007
-0.17950911580190798,1.5810607140359074,-20.000000000000007
-0.17917386072802038,1.5901780441278879,-20.000000000000007
-0.18226034594502277,1.575240624019803,-20.000000000000007
-0.1822603459450228,1.575240624019803,-20.000000000000007
-0.18942453257317313,1.5791548760255545,-20.000000000000007
-0.1888889760460642,1.574862788567904,-20.000000000000007
-0.21023380688351329,1.8304416245211914,-20.000000000000007
-0.2011724582994196,1.7057620812394532,-20.000000000000007
-0.21248743473298976,1.8569242044846717,-20.000000000000007
-0.21110063009137864,1.8362346021145037,-20.000000000000007
-0.2201245687657412,1.9315839867608926,-20.000000000000007
-0.2201452580717752,1.9377119567000252,-20.000000000000007
-0.2202822389994352,1.939623188500295,-20.000000000000007
-0.22088539733767873,1.9311452890383747,-20.000000000000007
-0.22008581903717794,1.9316180186054743,-20.000000000000007
-0.22009438141336607,1.9320609053442976,-20.000000000000007
-0.22096557519773327,1.937404199113824,-20.000000000000007
-0.22195079473268692,1.9223318907601818,-20.000000000000007
-0.22164106841618958,1.9189519988593973,-20.000000000000007
-0.22062846119588841,1.9240573197414905,-20.000000000000007
-0.20437906386028284,1.7469160927090361,-20.000000000000007
-0.25375436341010527,1.7681209896518115,-20.000000000000007
-0.2832257717940532,1.5311954548617424,-20.000000000000007
-0.3293843752575093,1.495906872141029,-20.000000000000007
-0.358585468352986,1.4990795853248375,-20.000000000000007
-0.36114180489533265,1.4986204033741193,-20.000000000000007
-0.3508541252908048,1.5002748198738256,-20.000000000000007
-0.34762146119177695,1.499033948770425,-20.000000000000007
-0.3312199451170081,1.4980072128977242,-20.000000000000007
-0.3224109168061713,1.4968755352381615,-20.000000000000007
-0.3272386132941839,1.4990668076255922,-20.000000000000007
-0.3239428842500582,1.5001872031945591,-20.000000000000007
-0.32989701066920396,1.4964420253284247,-20.000000000000007
-0.32781878611605897,1.5008623687748737,-20.000000000000007
-0.3050740055374555,1.5085491091173602,-20.000000000000007
-0.27908581884652184,1.462985422426233,-20.000000000000007
-0.24753253530646155,1.798998389883567,-20.000000000000007
-0.2046848233590407,1.7442442470352897,-20.000000000000007
-0.1750691443919082,1.5677190487190196,-20.000000000000007
-0.17288270107769102,1.5612828207430878,-20.000000000000007
-0.17033410233515114,1.5849940384247387,-20.000000000000007
-0.17177201680536935,1.5990902493924235,-20.000000000000007
-0.1742675836248365,1.5596310191219989,-20.000000000000007
-0.17337853243457835,1.5519365666422185,-20.000000000000007
-0.16015086704143033,1.4658572207674505,-20.000000000000007
-0.16226514651890211,1.479978094344565,-20.000000000000007
-0.17259283802865874,1.5472393109831908,-20.000000000000007
-0.14969871320520373,1.4376750065870234,-20.000000000000007
-0.17716407672167844,1.5760687284044745,-20.000000000000007
-0.17359964367809982,1.555262154034674,-20.000000000000007
-0.18837473412143407,1.573377960684116,-20.000000000000007
-0.18885818653230285,1.5776548930151266,-20.000000000000007
-0.18885818653230282,1.5776548930151266,-20.000000000000007
-0.18888897604606417,1.5748627885679038,-20.000000000000007
-0.180374903390968,1.5624216849117096,-20.000000000000007
-0.19303815211615682,1.6120202560143864,-20.000000000000007
-0.18842511370101278,1.573854030125195,-20.000000000000007
-0.21204973859417786,1.8497531531648237,-20.000000000000007
-0.21293270721359386,1.855155187607469,-20.000000000000007
-0.18220996636544406,1.5747645545787243,-20.000000000000007
-0.20437906386028287,1.7469160927090361,-20.000000000000007
-0.17552500018705428,1.570596500535822,-20.000000000000007
-0.2119148342979765,1.847948051940096,-20.000000000000007
-0.2209901765382077,1.9276423959858084,-20.000000000000007
-0.21898048682672566,1.9298461703898884,-20.000000000000007
-0.24753611064781528,1.7981305890838026,-20.000000000000007
-0.2502845554208488,1.7235141714337492,-20.000000000000007
-0.2832661601801205,1.5200500032203061,-20.000000000000007
-0.3067739137673477,1.5114988088153865,-20.000000000000007
-0.3081271700719463,1.5095769915686303,-20.000000000000007
-0.30303915581607355,1.5193578550285198,-20.000000000000007
-0.30465091772599534,1.506796543700728,-20.000000000000007
-0.29153794693682544,1.5845444724364752,-20.000000000000007
-0.2943932088751053,1.5946848216936949,-20.000000000000007
-0.3090730473186497,1.507623797768365,-20.000000000000007
-0.3074494040776752,1.5105600378736654,-20.000000000000007
-0.30926687090670857,1.505850666387281,-20.000000000000007
-0.30443931504031996,1.5051572596445142,-20.000000000000007
-0.2791294503324053,1.4624896225013033,-20.000000000000007
-0.25524064328010465,1.7695258837127659,-20.000000000000007
-0.23675168492553106,1.9119322969234305,-20.000000000000007
-0.21967071805233582,1.922433081977958,-20.000000000000007
-0.200229111530989,1.743084535206455,-20.000000000000007
-0.17509931874705942,1.5663756026689182,-20.000000000000007
-0.1729416380295266,1.5587929580897588,-20.000000000000007
-0.1510288235009879,1.4468692491074404,-20.000000000000007
-0.14969871320520375,1.4376750065870234,-20.000000000000007
-0.1617536389502492,1.4767475548411564,-20.000000000000007
-0.14975415741304388,1.4356391577721634,-20.000000000000007
-0.16491224342351885,1.4962079272044329,-20.000000000000007
-0.179509115801908,1.5810607140359074,-20.000000000000007
-0.17950911580190798,1.5810607140359074,-20.000000000000007
-0.1894245325731731,1.5791548760255547,-20.000000000000007
-0.18842511370101275,1.5738540301251949,-20.000000000000007
-0.18110619219721427,1.5615965088310682,-20.000000000000007
-0.18885818653230285,1.5776548930151266,-20.000000000000007
-0.1804043718668858,1.5611767535850447,-20.000000000000007
-0.21248743473298978,1.8569242044846717,-20.000000000000007
-0.21922162412794233,1.932979159416828,-20.000000000000007
-0.20605444437085113,1.7696012826284682,-20.000000000000007
-0.21983644188588586,1.9383820500166022,-20.000000000000007
-0.18888897604606414,1.574862788567904,-20.000000000000007
-0.2201245687657412,1.9315839867608924,-20.000000000000007
-0.21901701162550488,1.9291648536559889,-20.000000000000007
-0.23192411036750976,1.9094552988336222,-20.000000000000007
-0.22718970569461577,1.9243297778354602,-20.000000000000007
-0.18562719648964693,1.6028658804089082,-20.000000000000007
-0.21173042344573,1.8478756848573854,-20.000000000000007
-0.20437906386028287,1.746916092709036,-20.000000000000007
-0.25326889233539673,1.7578024270239831,-20.000000000000007
-0.30210978330542365,1.538382782798822,-20.000000000000007
-0.3304913243869624,1.4957613123458307,-20.000000000000007
-0.3585854683529859,1.4990795853248373,-20.000000000000007
-0.3629780091560449,1.5017442382084984,-20.000000000000007
-0.3484159999444615,1.5009586123962828,-20.000000000000007
-0.3461510227836139,1.4944136187708938,-20.000000000000007
-0.3268756991697872,1.498692966856982,-20.000000000000007
-0.3239968812941811,1.4998373848827433,-20.000000000000007
-0.3355103668851562,1.5001700650261354,-20.000000000000007
-0.32871324803267843,1.4965775772799763,-20.000000000000007
-0.3329793279525711,1.4973538176843337,-20.000000000000007
-0.3194259827760033,1.496092277319595,-20.000000000000007
-0.2922285304521911,1.5866807067449868,-20.000000000000007
-0.2648358141067279,1.7601820209114334,-20.000000000000007
-0.2495054676988277,1.7506184474221236,-20.000000000000007
-0.22609336372896438,1.925095516143795,-20.000000000000007
-0.20278977449176913,1.7643519149146,-20.000000000000007
-0.20120876532971138,1.7505922392484126,-20.000000000000007
-0.17510106245462623,1.566404525262054,-20.000000000000007
-0.17510106245462623,1.5664045252620538,-20.000000000000007
-0.1822603459450228,1.575240624019803,-20.000000000000007
-0.17825534106184446,1.5837285229747724,-20.000000000000007
-0.17917386072802038,1.5901780441278877,-20.000000000000007
-0.17716407672167847,1.5760687284044748,-20.000000000000007
-0.180374903390968,1.5624216849117096,-20.000000000000007
-0.18037490339096804,1.5624216849117096,-20.000000000000007
-0.1822603459450228,1.575240624019803,-20.000000000000007
-0.18837473412143407,1.5733779606841163,-20.000000000000007
-0.18888897604606414,1.5748627885679038,-20.000000000000007
-0.19415420216241916,1.6248355056872366,-20.000000000000007
-0.2060544443708511,1.7696012826284682,-20.000000000000007
-0.20438912631107453,1.746757119847901,-20.000000000000007
-0.2062195057358958,1.7693061823890073,-20.000000000000007
-0.21276096579532142,1.8568777380279777,-20.000000000000007
-0.20404430865962886,1.7471900021231153,-20.000000000000007
-0.21973920250494974,1.937701139422241,-20.000000000000007
-0.21295636326596953,1.8553596150545901,-20.000000000000007
-0.21075752261466185,1.8278550599902603,-20.000000000000007
-0.21951866554376903,1.9265521406147972,-20.000000000000007
-0.1825476149431105,1.5745835488650153,-20.000000000000007
-0.21173042344573,1.8478756848573852,-20.000000000000007
-0.20120778273957976,1.750572872171492,-20.000000000000007
-0.21896327629267132,1.929728595401465,-20.000000000000007
-0.24755077931477928,1.7988804440720867,-20.000000000000007
-0.2549506672202101,1.7719617873180038,-20.000000000000007
-0.2851354307108087,1.5353985649857194,-20.000000000000007
-0.3099279460934184,1.50283613098002,-20.000000000000007
-0.3155081290640961,1.4949157633151202,-20.000000000000007
-0.31489898454567256,1.493860732388817,-20.000000000000007
-0.31550812906409614,1.4949157633151202,-20.000000000000007
-0.3036158817974238,1.5144008119997177,-20.000000000000007
-0.3036284860990594,1.5141126902435111,-20.000000000000007
-0.31324367818862064,1.5031725465532944,-20.000000000000007
-0.31146795187326404,1.5004698888100552,-20.000000000000007
-0.31147282422384354,1.5002357140496883,-20.000000000000007
-0.30934765222787164,1.5068572417630846,-20.000000000000007
-0.2871166501006802,1.549894512105343,-20.000000000000007
-0.27631090418711085,1.5509085639401683,-20.000000000000007
-0.25324207724275094,1.7543170276109916,-20.000000000000007
-0.23111720540188913,1.906699044160249,-20.000000000000007
-0.22052344232654952,1.9237271384636405,-20.000000000000007
-0.20024469689215904,1.7412211863012739,-20.000000000000007
-0.18354676646237394,1.5861459830073452,-20.000000000000007
-0.1750691443919082,1.5677190487190198,-20.000000000000007
-0.179509115801908,1.5810607140359074,-20.000000000000007
-0.17917386072802038,1.5901780441278877,-20.000000000000007
-0.16015086704143036,1.4658572207674503,-20.000000000000007
-0.17933485877093763,1.5832655028315092,-20.000000000000007
-0.17716407672167844,1.5760687284044745,-20.000000000000007
-0.18837473412143407,1.573377960684116,-20.000000000000007
-0.18885818653230285,1.5776548930151266,-20.000000000000007
-0.20404430865962883,1.7471900021231157,-20.000000000000007
-0.20429629129942256,1.750957634344255,-20.000000000000007
-0.21248743473298976,1.8569242044846717,-20.000000000000007
-0.21296043900044576,1.8604802796101927,-20.000000000000007
-0.21922162412794238,1.9329791594168277,-20.000000000000007
-0.2209616853885458,1.9359203816877502,-20.000000000000007
-0.22083342254381702,1.9385877750768732,-20.000000000000007
-0.22595440670337322,1.9324083385227475,-20.000000000000007
-0.22607018084052713,1.9325934351458511,-20.000000000000007
-0.2261066867283455,1.930221608735599,-20.000000000000007
-0.22577710864692627,1.928215102833516,-20.000000000000007
-0.2269013635807316,1.9260730098016334,-20.000000000000007
-0.22609721734088312,1.9251135264792145,-20.000000000000007
-0.22609336372896438,1.9250955161437946,-20.000000000000007
-0.19950907942545823,1.6804387449858469,-20.000000000000007
-0.21920149922635893,1.933297105139098,-20.000000000000007
-0.24431076490960957,1.8291243725315856,-20.000000000000007
-0.2640582728594,1.7624655737090398,-20.000000000000007
-0.28730523098226285,1.5701880721064887,-20.000000000000007
-0.29189214994868057,1.5877765777041217,-20.000000000000007
-0.25034316536252954,1.7113441501340367,-20.000000000000007
-0.2106614700752319,1.828950810150975,-20.000000000000007
-0.14975414285615307,1.4356134548649337,-20.000000000000007
-0.12849335850247093,1.5247118007304847,-20.000000000000007
-0.12405129492932987,1.5281230603556573,-20.000000000000007
-0.12405129492932988,1.5281230603556573,-20.000000000000007
-0.12405129492932988,1.528123060355657,-20.000000000000007
-0.1254040794022055,1.522503050715735,-20.000000000000007
-0.12684286767579064,1.5197244813100856,-20.000000000000007
-0.12942838191366204,1.5266195020865656,-20.000000000000007
-0.13434189990028766,1.4942024153350568,-20.000000000000007
-0.13496593015556185,1.4904004997731792,-20.000000000000007
-0.13523645424514372,1.4956132648969094,-20.000000000000007
-0.13559501490126286,1.4971204706629226,-20.000000000000007
-0.13523645424514372,1.4956132648969094,-20.000000000000007
-0.13634314369070832,1.4690918166037121,-20.000000000000007
-0.13559501490126286,1.4971204706629226,-20.000000000000007
-0.13774689261824094,1.4138227263361494,-20.000000000000007
-0.14975414285615304,1.435613454864934,-20.000000000000007
-0.1509864912825978,1.3992341320455808,-20.000000000000007
-0.15098649128259778,1.3992341320455806,-20.000000000000007
-0.1622651465189021,1.4799780943445653,-20.000000000000007
-0.16015086704143033,1.4658572207674503,-20.000000000000007
-0.14969871320520375,1.437675006587023,-20.000000000000007
-0.16226514651890211,1.479978094344565,-20.000000000000007
-0.13766089245675403,1.4109848407592607,-20.000000000000007
-0.14975414285615307,1.435613454864934,-20.000000000000007
-0.14975414285615307,1.4356134548649337,-20.000000000000007
-0.13774689261824094,1.4138227263361496,-20.000000000000007
-0.15188571630985698,1.402262875380409,-20.000000000000007
-0.13766089245675406,1.4109848407592602,-20.000000000000007
-0.14969871320520373,1.4376750065870232,-20.000000000000007
-0.13766089245675406,1.4109848407592605,-20.000000000000007
-0.13766089245675406,1.4109848407592605,-20.000000000000007
-0.14969871320520373,1.4376750065870232,-20.000000000000007
-0.13766089245675403,1.4109848407592605,-20.000000000000007
-0.16015086704143033,1.4658572207674505,-20.000000000000007
-0.14896232389835787,1.441250436214657,-20.000000000000007
-0.14975414285615307,1.435613454864934,-20.000000000000007
-0.18226034594502277,1.5752406240198031,-20.000000000000007
-0.2182751281321456,1.9327711581825628,-20.000000000000007
-0.24953763946735744,1.750898871790636,-20.000000000000007
-0.2790858188465218,1.4629854224262329,-20.000000000000007
-0.28177666528430867,1.499972473468233,-20.000000000000007
-0.25524064328010465,1.7695258837127656,-20.000000000000007
-0.22117610000737897,1.937196569906587,-20.000000000000007
-0.17716407672167844,1.5760687284044748,-20.000000000000007
-0.13162334867738157,1.512553191202664,-20.000000000000007
-0.12405129492932987,1.528123060355657,-20.000000000000007
-0.12405129492932988,1.528123060355657,-20.000000000000007
-0.12405129492932988,1.5281230603556568,-20.000000000000007
-0.12405129492932988,1.5281230603556573,-20.000000000000007
-0.1254040794022055,1.5225030507157356,-20.000000000000007
-0.1254040801820389,1.5225047004235046,-20.000000000000007
-0.13160506288298884,1.5132325960306734,-20.000000000000007
-0.13160506288298887,1.5132325960306732,-20.000000000000007
-0.1352364542451437,1.4956132648969094,-20.000000000000007
-0.13523645424514372,1.4956132648969092,-20.000000000000007
-0.13559501490126288,1.4971204706629226,-20.000000000000007
-0.13766089245675406,1.4109848407592605,-20.000000000000007
-0.13541503259313709,1.4948226663941326,-20.000000000000007
-0.13766089245675406,1.4109848407592605,-20.000000000000007
-0.13766089245675403,1.4109848407592605,-20.000000000000007
-0.13766089245675406,1.4109848407592605,-20.000000000000007
-0.1497541574130439,1.4356391577721637,-20.000000000000007
-0.14975414285615304,1.435613454864934,-20.000000000000007
-0.14896232389835787,1.441250436214657,-20.000000000000007
-0.1622651465189021,1.479978094344565,-20.000000000000007
-0.1489623238983579,1.4412504362146572,-20.000000000000007
-0.1489623238983579,1.4412504362146572,-20.000000000000007
-0.1489623238983579,1.441250436214657,-20.000000000000007
-0.13559501490126288,1.4971204706629226,-20.000000000000007
-0.14961452095757002,1.4408829749123404,-20.000000000000007
-0.13634314369070832,1.4690918166037121,-20.000000000000007
-0.14969871320520375,1.4376750065870232,-20.000000000000007
-0.14969871320520375,1.4376750065870232,-20.000000000000007
-0.14896232389835787,1.4412504362146568,-20.000000000000007
-0.15098649128259778,1.3992341320455803,-20.000000000000007
-0.13766089245675403,1.4109848407592602,-20.000000000000007
-0.15188571630985698,1.402262875380409,-20.000000000000007
-0.1377468926182409,1.4138227263361496,-20.000000000000007
-0.14969871320520375,1.437675006587023,-20.000000000000007
-0.14975414285615307,1.435613454864934,-20.000000000000007
-0.18250173051842533,1.573143467874753,-20.000000000000007
-0.24983746969752976,1.735072632605674,-20.000000000000007
-0.2802508371038127,1.5048847683075681,-20.000000000000007
-0.3056559210016499,1.5073161216508657,-20.000000000000007
-0.29690973868965,1.5893699734772537,-20.000000000000007
-0.24891238786294742,1.757536491334017,-20.000000000000007
-0.1958503482727261,1.638565370631041,-20.000000000000007
-0.14947306268121344,1.4401096667703468,-20.000000000000007
-0.12684286767579064,1.5197244813100856,-20.000000000000007
-0.12405129492932987,1.5281230603556568,-20.000000000000007
-0.12405129492932987,1.5281230603556573,-20.000000000000007
-0.12405129492932987,1.528123060355657,-20.000000000000007
-0.1254040794022055,1.5225030507157353,-20.000000000000007
-0.1254040794022055,1.5225030507157356,-20.000000000000007
-0.12684286767579067,1.5197244813100856,-20.000000000000007
-0.1296237382480963,1.525556298070263,-20.000000000000007
-0.13160506288298884,1.5132325960306732,-20.000000000000007
-0.1322518888393985,1.5058494988029958,-20.000000000000007
-0.13500799762049986,1.4901723146345818,-20.000000000000007
-0.13505647193701792,1.4933154606281196,-20.000000000000007
-0.13766089245675403,1.4109848407592605,-20.000000000000007
-0.13634314369070832,1.469091816603712,-20.000000000000007
-0.1489623238983579,1.441250436214657,-20.000000000000007
-0.14975414285615304,1.4356134548649342,-20.000000000000007
-0.14975415741304388,1.4356391577721637,-20.000000000000007
-0.15280423597603293,1.4087123965335242,-20.000000000000007
-0.16226514651890211,1.479978094344565,-20.000000000000007
-0.14975414285615307,1.4356134548649337,-20.000000000000007
-0.1494730360369043,1.4401127615108211,-20.000000000000007
-0.15188571630985698,1.4022628753804087,-20.000000000000007
-0.13766089245675403,1.4109848407592602,-20.000000000000007
-0.1601508670414304,1.4658572207674503,-20.000000000000007
-0.13766089245675406,1.4109848407592605,-20.000000000000007
-0.14969871320520373,1.4376750065870234,-20.000000000000007
-0.14969871320520375,1.437675006587023,-20.000000000000007
-0.13766089245675406,1.4109848407592602,-20.000000000000007
-0.16226514651890211,1.479978094344565,-20.000000000000007
-0.13766089245675406,1.4109848407592605,-20.000000000000007
-0.16226514651890211,1.479978094344565,-20.000000000000007
-0.1497541574130439,1.4356391577721637,-20.000000000000007
-0.14969871320520375,1.4376750065870232,-20.000000000000007
-0.16270023080057264,1.4821412217524916,-20.000000000000007
-0.1377468926182409,1.4138227263361494,-20.000000000000007
-0.16270023080057264,1.4821412217524914,-20.000000000000007
-0.18842511370101273,1.5738540301251949,-20.000000000000007
-0.2208853973376787,1.931145289038375,-20.000000000000007
-0.2537543634101053,1.7681209896518113,-20.000000000000007
-0.2806052636354269,1.488239254907629,-20.000000000000007
-0.2790858188465218,1.4629854224262329,-20.000000000000007
-0.2505240863301698,1.7228946145977089,-20.000000000000007
-0.21354432849926216,1.874522478968929,-20.000000000000007
-0.16015086704143036,1.4658572207674505,-20.000000000000007
-0.13160506288298887,1.5132325960306734,-20.000000000000007
-0.12540407940220547,1.5225030507157356,-20.000000000000007
-0.12405129492932988,1.5281230603556573,-20.000000000000007
-0.12405129492932988,1.528123060355657,-20.000000000000007
-0.1254040794022055,1.522503050715735,-20.000000000000007
-0.1254040794022055,1.5225030507157356,-20.000000000000007
-0.12684286767579064,1.5197244813100856,-20.000000000000007
-0.13162334867738157,1.512553191202664,-20.000000000000007
-0.1316233486773816,1.512553191202664,-20.000000000000007
-0.1352364542451437,1.4956132648969094,-20.000000000000007
-0.13541503259313709,1.4948226663941326,-20.000000000000007
-0.13559501490126288,1.4971204706629224,-20.000000000000007
-0.14969871320520375,1.437675006587023,-20.000000000000007
-0.13607296571720057,1.4831686616984474,-20.000000000000007
-0.14969871320520373,1.4376750065870232,-20.000000000000007
-0.151885716309857,1.402262875380409,-20.000000000000007
-0.16226514651890211,1.4799780943445653,-20.000000000000007
-0.17825534106184446,1.5837285229747722,-20.000000000000007
-0.17716407672167847,1.5760687284044743,-20.000000000000007
-0.1742675836248365,1.5596310191219986,-20.000000000000007
-0.17337853243457835,1.5519365666422187,-20.000000000000007
-0.16270023080057264,1.4821412217524914,-20.000000000000007
-0.17271059248784168,1.5475677015548939,-20.000000000000007
-0.16226514651890211,1.4799780943445653,-20.000000000000007
-0.16175363895024922,1.4767475548411566,-20.000000000000007
-0.15280423597603296,1.4087123965335242,-20.000000000000007
-0.1497541574130439,1.4356391577721634,-20.000000000000007
-0.14975415741304388,1.4356391577721637,-20.000000000000007
-0.14975414285615307,1.435613454864934,-20.000000000000007
-0.1509864912825978,1.3992341320455806,-20.000000000000007
-0.14975415741304388,1.4356391577721634,-20.000000000000007
-0.15098649128259778,1.3992341320455806,-20.000000000000007
-0.14975414285615304,1.435613454864934,-20.000000000000007
-0.15098649128259778,1.3992341320455806,-20.000000000000007
-0.14975414285615302,1.435613454864934,-20.000000000000007
-0.1489623238983579,1.4412504362146568,-20.000000000000007
-0.19303815211615682,1.6120202560143864,-20.000000000000007
-0.24839724581557182,1.782685881474711,-20.000000000000007
-0.2840262084962106,1.550391884148802,-20.000000000000007
-0.3151354968740981,1.495294684815716,-20.000000000000007
-0.30083455531499464,1.5489744544843094,-20.000000000000007
-0.25781726507728553,1.7754269567747736,-20.000000000000007
-0.20506874263888847,1.7578547762500238,-20.000000000000007
-0.14975414285615304,1.4356134548649337,-20.000000000000007
-0.12684286767579067,1.5197244813100856,-20.000000000000007
-0.12405129492932987,1.5281230603556573,-20.000000000000007
-0.1240512949293299,1.5281230603556573,-20.000000000000007
-0.12405129492932987,1.528123060355657,-20.000000000000007
-0.1254040794022055,1.5225030507157353,-20.000000000000007
-0.12684286767579064,1.5197244813100859,-20.000000000000007
-0.12962373824809628,1.525556298070263,-20.000000000000007
-0.13496593015556185,1.4904004997731792,-20.000000000000007
-0.13496593015556185,1.4904004997731795,-20.000000000000007
-0.13559501490126286,1.4971204706629226,-20.000000000000007
-0.1362648890948696,1.4776041952523142,-20.000000000000007
-0.13634314369070832,1.4690918166037121,-20.000000000000007
-0.14975414285615307,1.435613454864934,-20.000000000000007
-0.13766089245675406,1.4109848407592605,-20.000000000000007
-0.14969871320520373,1.437675006587023,-20.000000000000007
-0.1497541574130439,1.4356391577721634,-20.000000000000007
-0.13766089245675403,1.4109848407592602,-20.000000000000007
-0.16015086704143033,1.4658572207674505,-20.000000000000007
-0.1497541574130439,1.4356391577721634,-20.000000000000007
-0.14975415741304388,1.4356391577721634,-20.000000000000007
-0.17337853243457835,1.5519365666422185,-20.000000000000007
-0.14969871320520373,1.4376750065870232,-20.000000000000007
-0.16491224342351887,1.4962079272044329,-20.000000000000007
-0.14975414285615307,1.435613454864934,-20.000000000000007
-0.1497541574130439,1.4356391577721634,-20.000000000000007
-0.16175363895024922,1.4767475548411562,-20.000000000000007
-0.1489623238983579,1.441250436214657,-20.000000000000007
-0.16491224342351885,1.4962079272044326,-20.000000000000007
-0.14975414285615307,1.435613454864934,-20.000000000000007
-0.17259283802865877,1.5472393109831906,-20.000000000000007
-0.1627002308005726,1.4821412217524916,-20.000000000000007
-0.16175363895024925,1.4767475548411564,-20.000000000000007
-0.17716407672167847,1.5760687284044748,-20.000000000000007
-0.151885716309857,1.4022628753804087,-20.000000000000007
-0.17337853243457835,1.5519365666422185,-20.000000000000007
-0.15098676968313507,1.3990909895297734,-20.000000000000007
-0.18888897604606414,1.5748627885679038,-20.000000000000007
-0.2412992099234868,1.8633257096035756,-20.000000000000007
-0.2647932143404825,1.7620335318055578,-20.000000000000007
-0.2911641209111902,1.5850207240199667,-20.000000000000007
-0.2790858188465218,1.4629854224262329,-20.000000000000007
-0.2475361106478153,1.7981305890838026,-20.000000000000007
-0.1894245325731731,1.5791548760255547,-20.000000000000007
-0.14969871320520373,1.4376750065870232,-20.000000000000007
-0.12962373824809628,1.525556298070263,-20.000000000000007
-0.12405129492932988,1.5281230603556573,-20.000000000000007
-0.12405129492932988,1.528123060355657,-20.000000000000007
-0.1240512949293299,1.5281230603556568,-20.000000000000007
-0.12540407940220547,1.5225030507157356,-20.000000000000007
-0.12540407940220547,1.522503050715735,-20.000000000000007
-0.1284933585024709,1.5247118007304845,-20.000000000000007
-0.1316233486773816,1.5125531912026635,-20.000000000000007
-0.13225188883939853,1.505849498802996,-20.000000000000007
-0.13523645424514372,1.4956132648969094,-20.000000000000007
-0.13523645424514372,1.4956132648969092,-20.000000000000007
-0.13634314369070832,1.469091816603712,-20.000000000000007
-0.14896232389835787,1.441250436214657,-20.000000000000007
-0.13766089245675406,1.4109848407592605,-20.000000000000007
-0.16015086704143033,1.4658572207674503,-20.000000000000007
-0.14975414285615307,1.435613454864934,-20.000000000000007
-0.1649122434235189,1.4962079272044329,-20.000000000000007
-0.17716407672167847,1.5760687284044748,-20.000000000000007
-0.17359964367809982,1.5552621540346743,-20.000000000000007
-0.17950911580190798,1.5810607140359074,-20.000000000000007
-0.16015086704143033,1.4658572207674505,-20.000000000000007
-0.17259283802865877,1.5472393109831908,-20.000000000000007
-0.1509864912825978,1.3992341320455803,-20.000000000000007
-0.14975415741304388,1.4356391577721637,-20.000000000000007
-0.16491224342351887,1.4962079272044329,-20.000000000000007
-0.14896232389835787,1.441250436214657,-20.000000000000007
-0.1622651465189021,1.479978094344565,-20.000000000000007
-0.13774689261824094,1.4138227263361496,-20.000000000000007
-0.1497541574130439,1.4356391577721634,-20.000000000000007
-0.16015086704143036,1.4658572207674503,-20.000000000000007
-0.14969871320520373,1.437675006587023,-20.000000000000007
-0.1627002308005726,1.4821412217524916,-20.000000000000007
-0.13766089245675406,1.4109848407592605,-20.000000000000007
-0.16015086704143033,1.4658572207674505,-20.000000000000007
-0.14975415741304388,1.4356391577721634,-20.000000000000007
-0.1377468926182409,1.4138227263361494,-20.000000000000007
-0.21248743473298976,1.8569242044846714,-20.000000000000007
-0.2560649706345302,1.7672901528174134,-20.000000000000007
-0.2944926847858478,1.5982674548133788,-20.000000000000007
-0.3247495729994119,1.5005484096744897,-20.000000000000007
-0.30179522453982444,1.5363240288377034,-20.000000000000007
-0.25351079712268837,1.7670513187563048,-20.000000000000007
-0.19316194813994036,1.6117989308347909,-20.000000000000007
-0.13766089245675403,1.4109848407592602,-20.000000000000007
-0.1254040801820389,1.5225047004235046,-20.000000000000007
-0.12405129492932987,1.5281230603556573,-20.000000000000007
-0.12405129492932987,1.5281230603556573,-20.000000000000007
-0.1240512949293299,1.528123060355657,-20.000000000000007
-0.12405129492932987,1.5281230603556573,-20.000000000000007
-0.1254040794022055,1.5225030507157353,-20.000000000000007
-0.12942838191366207,1.5266195020865654,-20.000000000000007
-0.12684286767579064,1.5197244813100856,-20.000000000000007
-0.13496593015556185,1.490400499773179,-20.000000000000007
-0.13496593015556188,1.490400499773179,-20.000000000000007
-0.13496593015556185,1.4904004997731792,-20.000000000000007
-0.13634314369070832,1.4690918166037121,-20.000000000000007
-0.13496974848001758,1.4907327764956038,-20.000000000000007
-0.1377468926182409,1.4138227263361496,-20.000000000000007
-0.14969871320520375,1.437675006587023,-20.000000000000007
-0.17259283802865877,1.5472393109831906,-20.000000000000007
-0.17917386072802038,1.5901780441278879,-20.000000000000007
-0.17716407672167844,1.5760687284044743,-20.000000000000007
-0.17917386072802038,1.5901780441278879,-20.000000000000007
-0.14975414285615307,1.4356134548649337,-20.000000000000007
-0.17259283802865877,1.5472393109831908,-20.000000000000007
-0.14969871320520375,1.437675006587023,-20.000000000000007
-0.14975414285615307,1.435613454864934,-20.000000000000007
-0.16015086704143033,1.4658572207674505,-20.000000000000007
-0.13766089245675406,1.4109848407592602,-20.000000000000007
-0.17716407672167844,1.5760687284044748,-20.000000000000007
-0.1497541574130439,1.4356391577721634,-20.000000000000007
-0.17259283802865874,1.5472393109831906,-20.000000000000007
-0.17337853243457832,1.5519365666422185,-20.000000000000007
-0.14969871320520373,1.4376750065870232,-20.000000000000007
-0.1742675836248365,1.5596310191219986,-20.000000000000007
-0.14969871320520373,1.437675006587023,-20.000000000000007
-0.17337853243457835,1.5519365666422185,-20.000000000000007
-0.16015086704143033,1.4658572207674505,-20.000000000000007
-0.14969871320520373,1.437675006587023,-20.000000000000007
-0.16491224342351885,1.4962079272044326,-20.000000000000007
-0.1956903181330773,1.6387809844399344,-20.000000000000007
-0.2453754064510582,1.824009921135028,-20.000000000000007
-0.2749486577676837,1.5890191833852914,-20.000000000000007
-0.30007392608797967,1.5560763465014174,-20.000000000000007
-0.27908581884652184,1.4629854224262329,-20.000000000000007
-0.24889968223170464,1.766411124511841,-20.000000000000007
-0.20404430865962883,1.7471900021231155,-20.000000000000007
-0.13766089245675406,1.4109848407592605,-20.000000000000007
-0.12684286767579067,1.5197244813100856,-20.000000000000007
-0.1254040794022055,1.5225030507157353,-20.000000000000007
-0.1254040794022055,1.5225030507157356,-20.000000000000007
-0.1254040794022055,1.5225030507157353,-20.000000000000007
-0.1254040801820389,1.5225047004235046,-20.000000000000007
-0.12942838191366204,1.5266195020865654,-20.000000000000007
-0.13160506288298884,1.5132325960306732,-20.000000000000007
-0.13225188883939853,1.505849498802996,-20.000000000000007
-0.13496593015556185,1.4904004997731792,-20.000000000000007
-0.1352364542451437,1.4956132648969094,-20.000000000000007
-0.13559501490126286,1.4971204706629226,-20.000000000000007
-0.1363431436907083,1.469091816603712,-20.000000000000007
-0.13774689261824094,1.4138227263361496,-20.000000000000007
-0.14975414285615307,1.4356134548649337,-20.000000000000007
-0.16015086704143036,1.4658572207674503,-20.000000000000007
-0.17259283802865874,1.5472393109831906,-20.000000000000007
-0.17716407672167847,1.5760687284044745,-20.000000000000007
-0.1791738607280204,1.5901780441278877,-20.000000000000007
-0.17917386072802038,1.5901780441278879,-20.000000000000007
-0.17825534106184446,1.5837285229747722,-20.000000000000007
-0.17716407672167847,1.5760687284044748,-20.000000000000007
-0.17337853243457835,1.5519365666422187,-20.000000000000007
-0.17259283802865874,1.5472393109831906,-20.000000000000007
-0.16491224342351885,1.4962079272044329,-20.000000000000007
-0.16491224342351887,1.4962079272044326,-20.000000000000007
-0.16270023080057264,1.4821412217524914,-20.000000000000007
-0.16491224342351887,1.4962079272044329,-20.000000000000007
-0.17259283802865877,1.5472393109831906,-20.000000000000007
-0.17259283802865877,1.5472393109831906,-20.000000000000007
-0.17337853243457835,1.5519365666422185,-20.000000000000007
-0.1723599823635926,1.5450335733037923,-20.000000000000007
-0.17259283802865877,1.5472393109831908,-20.000000000000007
-0.1622651465189021,1.479978094344565,-20.000000000000007
-0.16226514651890211,1.4799780943445653,-20.000000000000007
-0.1509864912825978,1.3992341320455806,-20.000000000000007
-0.1617536389502492,1.4767475548411566,-20.000000000000007
-0.22126242425464532,1.9315727728415633,-20.000000000000007
-0.2815176595945469,1.5158988171534016,-20.000000000000007
-0.33098466681060373,1.498588424806463,-20.000000000000007
-0.37464502199672867,1.492995346955467,-20.000000000000007
-0.3917060426151839,1.502851068246442,-20.000000000000007
-0.3843278659766762,1.4965407551657994,-20.000000000000007
-0.38260034339797383,1.504428557288977,-20.000000000000007
-0.38264895902680934,1.5051379591873197,-20.000000000000007
-0.37925126276626125,1.4985533777754758,-20.000000000000007
-0.374056137924688,1.4934595708690321,-20.000000000000007
-0.3815467068443366,1.4990866068834972,-20.000000000000007
-0.3793086045363069,1.499523651821431,-20.000000000000007
-0.3722956004475374,1.4956377437669928,-20.000000000000007
-0.37463960306414207,1.4931007471219577,-20.000000000000007
-0.36052749198206085,1.4986786678098347,-20.000000000000007
-0.33913954027091814,1.5006619632252447,-20.000000000000007
-0.3146813602623819,1.4955814153165867,-20.000000000000007
-0.302301175843973,1.534388903431013,-20.000000000000007
-0.3089112314091681,1.5077660068053516,-20.000000000000007
-0.28380139642313795,1.5306154777015966,-20.000000000000007
-0.2856891870231808,1.5443344891147128,-20.000000000000007
-0.28309287846083636,1.5194837652416993,-20.000000000000007
-0.255257808258889,1.7696267741050193,-20.000000000000007
-0.27875792838964797,1.4731592481629836,-20.000000000000007
-0.25542262326155346,1.7681460576399366,-20.000000000000007
-0.25526922787980694,1.7694727509399142,-20.000000000000007
-0.2502845554208488,1.7235141714337492,-20.000000000000007
-0.2498374696975298,1.735072632605674,-20.000000000000007
-0.2662251168147846,1.7644234191263708,-20.000000000000007
-0.2565744035213081,1.7701927117639389,-20.000000000000007
-0.2788171480635978,1.5073679637041373,-20.000000000000007
-0.2502845554208489,1.7235141714337492,-20.000000000000007
-0.25276036444532335,1.7515370979857021,-20.000000000000007
-0.2502845554208488,1.7235141714337494,-20.000000000000007
-0.2502845554208489,1.7235141714337494,-20.000000000000007
-0.26452184296187053,1.7616318740657961,-20.000000000000007
-0.2563746316399771,1.7681466942019597,-20.000000000000007
-0.2552311303519421,1.7700508266035022,-20.000000000000007
-0.2291907057870871,1.9271637242200181,-20.000000000000007
-0.2320559106666844,1.914540565171374,-20.000000000000007
-0.22090647214137543,1.9372251416090736,-20.000000000000007
-0.2345731241677026,1.9299350667899586,-20.000000000000007
-0.24751990564399284,1.7992612868427913,-20.000000000000007
-0.23598620224265096,1.9176389343476907,-20.000000000000007
-0.23479211400432887,1.9275798525035137,-20.000000000000007
-0.21896327629267132,1.9297285954014647,-20.000000000000007
-0.2343954723918055,1.9317672274627558,-20.000000000000007
-0.22163643964983373,1.9348203193043674,-20.000000000000007
-0.23538467694061216,1.9234328870905963,-20.000000000000007
-0.2290706721347102,1.9266742771147654,-20.000000000000007
-0.19431926352746381,1.6245404054477757,-20.000000000000007
-0.21297145694215708,1.8551211557628875,-20.000000000000007
-0.18842511370101278,1.5738540301251946,-20.000000000000007
-0.21297145694215702,1.8551211557628875,-20.000000000000007
-0.21898340119425477,1.9294106496791947,-20.000000000000007
-0.2129714569421571,1.8551211557628875,-20.000000000000007
-0.21297145694215705,1.8551211557628875,-20.000000000000007
-0.19315943252724238,1.6118386740500747,-20.000000000000007
-0.21922162412794235,1.9329791594168277,-20.000000000000007
-0.20438912631107456,1.746757119847901,-20.000000000000007
-0.23090645405062976,1.911544970233989,-20.000000000000007
-0.22079251963014607,1.9392861223813769,-20.000000000000007
-0.2129563632659695,1.85535961505459,-20.000000000000007
-0.2261117179537413,1.9301421223050315,-20.000000000000007
-0.19316194813994036,1.6117989308347909,-20.000000000000007
-0.22733561155602627,1.9262788439550507,-20.000000000000007
-0.21223349451630893,1.8448357713475052,-20.000000000000007
-0.21297145694215708,1.8551211557628875,-20.000000000000007
-0.21297145694215708,1.8551211557628877,-20.000000000000007
-0.18837473412143405,1.573377960684116,-20.000000000000007
-0.21157012218398938,1.837666128004813,-20.000000000000007
-0.18888897604606414,1.5748627885679038,-20.000000000000007
-0.21898340119425475,1.9294106496791947,-20.000000000000007
-0.2106765637514194,1.8287123508592726,-20.000000000000007
-0.1994410610532956,1.6817218920230794,-20.000000000000007
-0.21297145694215705,1.8551211557628877,-20.000000000000007
-0.18837473412143407,1.573377960684116,-20.000000000000007
-0.21896327629267132,1.9297285954014647,-20.000000000000007
-0.1894245325731731,1.5791548760255545,-20.000000000000007
-0.20437906386028284,1.7469160927090361,-20.000000000000007
-0.21297145694215708,1.8551211557628873,-20.000000000000007
-0.18837473412143407,1.573377960684116,-20.000000000000007
-0.2203653073121267,1.935112753283242,-20.000000000000007
-0.19431423230206796,1.6246198918783434,-20.000000000000007
-0.22165404893871923,1.9345421167973809,-20.000000000000007
-0.22094156048696237,1.93623832741002,-20.000000000000007
-0.20437906386028284,1.746916092709036,-20.000000000000007
-0.2208946293308454,1.9378503658708766,-20.000000000000007
-0.18837473412143407,1.573377960684116,-20.000000000000007
-0.2115550285078018,1.8379045872965152,-20.000000000000007
-0.1891192387649498,1.5756732257028956,-20.000000000000007
-0.19079250579692952,1.590862044333306,-20.000000000000007
-0.20138593308898806,1.7056697537896857,-20.000000000000007
-0.18220996636544412,1.5747645545787243,-20.000000000000007
-0.20437906386028287,1.746916092709036,-20.000000000000007
-0.1822603459450228,1.575240624019803,-20.000000000000007
-0.18888897604606414,1.574862788567904,-20.000000000000007
-0.18888897604606417,1.5748627885679038,-20.000000000000007
-0.18067000068203443,1.5594198148107745,-20.000000000000007
-0.19079250579692955,1.5908620443333061,-20.000000000000007
-0.18250173051842533,1.5731434678747531,-20.000000000000007
-0.2050687426388885,1.7578547762500232,-20.000000000000007
-0.20437906386028284,1.7469160927090361,-20.000000000000007
-0.1894245325731731,1.5791548760255545,-20.000000000000007
-0.20138593308898806,1.7056697537896859,-20.000000000000007
-0.18226034594502277,1.5752406240198034,-20.000000000000007
-0.1931594325272424,1.6118386740500745,-20.000000000000007
-0.18837473412143407,1.5733779606841163,-20.000000000000007
-0.18885818653230285,1.5776548930151268,-20.000000000000007
-0.18942453257317313,1.5791548760255547,-20.000000000000007
-0.18220996636544406,1.5747645545787246,-20.000000000000007
-0.20437906386028284,1.7469160927090357,-20.000000000000007
-0.1888693859802468,1.5715946146796027,-20.000000000000007
-0.20437906386028282,1.7469160927090361,-20.000000000000007
-0.20437906386028282,1.7469160927090361,-20.000000000000007
-0.18837473412143407,1.5733779606841165,-20.000000000000007
-0.18888897604606414,1.574862788567904,-20.000000000000007
-0.1804043718668858,1.5611767535850447,-20.000000000000007
-0.18885818653230285,1.5776548930151266,-20.000000000000007
-0.18837473412143407,1.573377960684116,-20.000000000000007
-0.18837473412143407,1.573377960684116,-20.000000000000007
-0.18911923876494982,1.5756732257028956,-20.000000000000007
-0.18220996636544412,1.5747645545787246,-20.000000000000007
-0.18888897604606417,1.5748627885679038,-20.000000000000007
-0.18220996636544412,1.5747645545787243,-20.000000000000007
-0.18245135093884665,1.5726673984336743,-20.000000000000007
-0.1883243545418553,1.5729018912430373,-20.000000000000007
-0.17950911580190798,1.5810607140359074,-20.000000000000007
-0.18837473412143405,1.5733779606841163,-20.000000000000007
-0.18037490339096798,1.5624216849117096,-20.000000000000007
-0.18220996636544406,1.5747645545787243,-20.000000000000007
-0.1822099663654441,1.5747645545787243,-20.000000000000007
-0.17950911580190798,1.5810607140359072,-20.000000000000007
-0.18832435454185537,1.5729018912430373,-20.000000000000007
-0.179509115801908,1.5810607140359072,-20.000000000000007
-0.1822099663654441,1.5747645545787243,-20.000000000000007
-0.1822099663654441,1.5747645545787243,-20.000000000000007
-0.18220996636544406,1.5747645545787246,-20.000000000000007
-0.1922012188841824,1.5983311496347117,-20.000000000000007
-0.1822099663654441,1.5747645545787248,-20.000000000000007
-0.1931594325272424,1.611838674050075,-20.000000000000007
-0.18886938598024677,1.5715946146796027,-20.000000000000007
-0.18837473412143405,1.573377960684116,-20.000000000000007
-0.19433249470145758,1.6242792335113934,-20.000000000000007
-0.18220996636544406,1.5747645545787243,-20.000000000000007
-0.1888693859802468,1.5715946146796025,-20.000000000000007
-0.18220996636544406,1.5747645545787243,-20.000000000000007
-0.1883243545418553,1.5729018912430375,-20.000000000000007
-0.1888693859802468,1.5715946146796025,-20.000000000000007
-0.18220996636544406,1.5747645545787243,-20.000000000000007
-0.19315943252724238,1.6118386740500745,-20.000000000000007
-0.18220996636544406,1.5747645545787243,-20.000000000000007
-0.18837473412143407,1.573377960684116,-20.000000000000007
-0.1888385964664855,1.574386719126825,-20.000000000000007
-0.18245135093884662,1.5726673984336743,-20.000000000000007
-0.1958503482727261,1.638565370631041,-20.000000000000007
-0.18220996636544412,1.5747645545787243,-20.000000000000007
-0.18915002827871116,1.5728811212556728,-20.000000000000007
-0.18220996636544406,1.5747645545787246,-20.000000000000007
-0.18245135093884668,1.5726673984336743,-20.000000000000007
-0.1888693859802468,1.5715946146796025,-20.000000000000007
-0.180374903390968,1.5624216849117096,-20.000000000000007
-0.18886938598024677,1.5715946146796027,-20.000000000000007
-0.18220996636544406,1.5747645545787248,-20.000000000000007
-0.18832435454185534,1.5729018912430375,-20.000000000000007
-0.1888693859802468,1.5715946146796027,-20.000000000000007
-0.18220996636544406,1.5747645545787243,-20.000000000000007
-0.20439732625967247,1.7465754343420863,-20.000000000000007
-0.1883243545418553,1.5729018912430375,-20.000000000000007
-0.19315943252724238,1.6118386740500745,-20.000000000000007
-0.18886938598024677,1.5715946146796027,-20.000000000000007
-0.18832435454185534,1.5729018912430373,-20.000000000000007
-0.20439732625967244,1.7465754343420863,-20.000000000000007
-0.1822099663654441,1.5747645545787243,-20.000000000000007
-0.19902903365197608,1.6778574345842014,-20.000000000000007
-0.1888385964664855,1.5743867191268253,-20.000000000000007
-0.18245135093884665,1.5726673984336745,-20.000000000000007
-0.18886938598024677,1.5715946146796027,-20.000000000000007
-0.18220996636544406,1.5747645545787246,-20.000000000000007
-0.20441558865906206,1.7462347759751364,-20.000000000000007
-0.1888385964664855,1.5743867191268253,-20.000000000000007
-0.19315943252724238,1.6118386740500747,-20.000000000000007
-0.19315943252724238,1.6118386740500747,-20.000000000000007
-0.1883243545418553,1.5729018912430375,-20.000000000000007
-0.20140419548837765,1.7053290954227356,-20.000000000000007
-0.18832435454185534,1.5729018912430375,-20.000000000000007
-0.19315943252724238,1.6118386740500745,-20.000000000000007
-0.1883243545418553,1.5729018912430373,-20.000000000000007
-0.18886938598024677,1.5715946146796025,-20.000000000000007
-0.19317769492663203,1.611498015683125,-20.000000000000007
-0.1884055236351954,1.5705858562368933,-20.000000000000007
-0.21307067820478912,1.853923206526925,-20.000000000000007
-0.18832435454185534,1.5729018912430373,-20.000000000000007
-0.1931594325272424,1.6118386740500747,-20.000000000000007
-0.19315943252724244,1.6118386740500745,-20.000000000000007
-0.18837473412143407,1.5733779606841163,-20.000000000000007
-0.2134834710776139,1.8491291362183486,-20.000000000000007
-0.18845590321477407,1.5710619256779719,-20.000000000000007
-0.2116710828651043,1.8326050589417135,-20.000000000000007
-0.18945532208693444,1.576362771578332,-20.000000000000007
-0.18945532208693444,1.5763627715783317,-20.000000000000007
-0.21307067820478912,1.853923206526925,-20.000000000000007
-0.18837473412143407,1.573377960684116,-20.000000000000007
-0.2206081675903379,1.9341782461378014,-20.000000000000007
-0.1894553220869344,1.576362771578332,-20.000000000000007
-0.21334968096843673,1.8529075364882375,-20.000000000000007
-0.21935380271132038,1.9315978700176233,-20.000000000000007
-0.20151001609147662,1.7052082041631798,-20.000000000000007
-0.23302149666010652,1.9186530388228022,-20.000000000000007
-0.20156731890234345,1.7041464858470468,-20.000000000000007
-0.22609721734088312,1.9251135264792143,-20.000000000000007
-0.21948619802340805,1.9223585629978117,-20.000000000000007
-0.2119148342979765,1.847948051940096,-20.000000000000007
-0.23224030865167913,1.9098260481806406,-20.000000000000007
-0.2007395051075761,1.7431564730484346,-20.000000000000007
-0.24237258949860543,1.8419310106683437,-20.000000000000007
-0.2120074200228729,1.8485351362746145,-20.000000000000007
-0.23081244012577826,1.9092484754173964,-20.000000000000007
-0.23931831692640207,1.8852581027069224,-20.000000000000007
-0.22108276226310408,1.9282294803203275,-20.000000000000007
-0.25508022803270985,1.7643850856607541,-20.000000000000007
-0.22210370765748,1.9268854239907218,-20.000000000000007
-0.24897413065549204,1.7557503001454542,-20.000000000000007
-0.24345989254485212,1.8289308554693366,-20.000000000000007
-0.22991462971637514,1.919796175340914,-20.000000000000007
-0.2534578040613153,1.7607763576744049,-20.000000000000007
-0.22586189941672344,1.9236278053074978,-20.000000000000007
-0.25079660412892135,1.7136896143291822,-20.000000000000007
-0.22741751115833908,1.921872543330343,-20.000000000000007
-0.23580014269254482,1.9155025065342899,-20.000000000000007
-0.24450423684152756,1.8207433734018144,-20.000000000000007
-0.21173042344573006,1.8478756848573854,-20.000000000000007
-0.2503836637376046,1.7099445186385251,-20.000000000000007
-0.21939361229851162,1.921771478663293,-20.000000000000007
-0.23478404220835924,1.92614838172832,-20.000000000000007
-0.2452926061411248,1.816059759737113,-20.000000000000007
-0.22187224334523906,1.9254177131544248,-20.000000000000007
-0.25620767300516456,1.7672819952201797,-20.000000000000007
-0.22752901486260174,1.9173926186772394,-20.000000000000007
-0.2503836637376046,1.7099445186385254,-20.000000000000007
-0.23713542594845216,1.9039820194760924,-20.000000000000007
-0.2311172054018891,1.906699044160249,-20.000000000000007
-0.25506359321069094,1.7663549762515762,-20.000000000000007
-0.22210370765748,1.9268854239907216,-20.000000000000007
-0.26770561662432957,1.7529648760230931,-20.000000000000007
-0.24450423684152756,1.8207433734018141,-20.000000000000007
-0.24959681875243378,1.7383730681082774,-20.000000000000007
-0.25654585427405513,1.7685951618311324,-20.000000000000007
-0.22062846119588841,1.9240573197414903,-20.000000000000007
-0.26540814075521835,1.7656898689173766,-20.000000000000007
-0.233774849358793,1.9243394428461453,-20.000000000000007
-0.2484189620322711,1.770475116928055,-20.000000000000007
-0.2595338597850386,1.77627335837021,-20.000000000000007
-0.2371354259484522,1.9039820194760924,-20.000000000000007
-0.2707069290831226,1.7119508949883162,-20.000000000000007
-0.24746521644489267,1.7875600392629152,-20.000000000000007
-0.26977738845338084,1.7269218525813077,-20.000000000000007
-0.25266063707079023,1.744047587357998,-20.000000000000007
-0.25490135438778805,1.7655031841646014,-20.000000000000007
-0.279371143037495,1.525713678077813,-20.000000000000007
-0.23822275427429945,1.8922881035442867,-20.000000000000007
-0.279371143037495,1.5257136780778133,-20.000000000000007
-0.24266816788191678,1.8342756633661244,-20.000000000000007
-0.25350357333059614,1.7576000202498232,-20.000000000000007
-0.2630692902381925,1.7643114698929363,-20.000000000000007
-0.2434601660064443,1.8285248299068586,-20.000000000000007
-0.28024248632243076,1.5048217717977548,-20.000000000000007
-0.24839527940057243,1.7700240289396887,-20.000000000000007
-0.2607595674748582,1.7673771689701776,-20.000000000000007
-0.26223143199378857,1.7683612060137217,-20.000000000000007
-0.24970714029419092,1.7323353428829198,-20.000000000000007
-0.27954586796852793,1.5214368818206043,-20.000000000000007
-0.24823645897754387,1.7745208857722146,-20.000000000000007
-0.28035323293839765,1.5049414149407447,-20.000000000000007
-0.25575626823933667,1.7641697304506105,-20.000000000000007
-0.25675642418406797,1.7674608212113467,-20.000000000000007
-0.2807866153310694,1.5114112648091447,-20.000000000000007
-0.23655748235466795,1.9130954916646838,-20.000000000000007
-0.2797646127424965,1.5215127561710629,-20.000000000000007
-0.25010696895600215,1.7191578846324054,-20.000000000000007
-0.25494967351745207,1.7663959734820471,-20.000000000000007
-0.2787228599947999,1.5410216059235347,-20.000000000000007
-0.2503836637376046,1.7099445186385251,-20.000000000000007
-0.2814097302568461,1.5238673842574229,-20.000000000000007
-0.2490364012653017,1.7521989410410852,-20.000000000000007
-0.2666647076889057,1.7624571811618883,-20.000000000000007
-0.2557562682393366,1.7641697304506105,-20.000000000000007
-0.24991763605504108,1.7243616483341133,-20.000000000000007
-0.27767925933429344,1.5687594512643401,-20.000000000000007
-0.2434598925448521,1.8289308554693366,-20.000000000000007
-0.27872285999479984,1.5410216059235347,-20.000000000000007
-0.24806073235046014,1.774485764400798,-20.000000000000007
-0.25345780406131535,1.7607763576744049,-20.000000000000007
-0.2761817758897315,1.6138523993466574,-20.000000000000007
-0.2372028702982185,1.9056274053909246,-20.000000000000007
-0.28011681502668095,1.5081261530810859,-20.000000000000007
-0.2494454055773137,1.7402737064355878,-20.000000000000007
-0.2574662974643913,1.7721090153504193,-20.000000000000007
-0.27070692908312266,1.7119508949883162,-20.000000000000007
-0.25463648467550504,1.7659484154445761,-20.000000000000007
-0.2819252686870596,1.5318721242677227,-20.000000000000007
-0.2503836637376046,1.7099445186385254,-20.000000000000007
-0.28019136580360704,1.5078449789062125,-20.000000000000007
-0.2503836637376046,1.7099445186385254,-20.000000000000007
-0.25363890815984125,1.7630812954293502,-20.000000000000007
-0.2764696614761239,1.610647143141515,-20.000000000000007
-0.2300139362407964,1.9199660783855552,-20.000000000000007
-0.2804152139050713,1.5047738534858532,-20.000000000000007
-0.24805796478657569,1.7767270813619025,-20.000000000000007
-0.2559185070622395,1.765021522537585,-20.000000000000007
-0.28031703709935685,1.504540597622881,-20.000000000000007
-0.24947139619105746,1.741151682796613,-20.000000000000007
-0.29244759957188354,1.5894719946323475,-20.000000000000007
-0.2645600880082273,1.7622864259984372,-20.000000000000007
-0.2880864982412632,1.5734067062767982,-20.000000000000007
-0.2809152426829442,1.5101868425258598,-20.000000000000007
-0.2707757720966526,1.7131708972600883,-20.000000000000007
-0.2873052309822628,1.570188072106489,-20.000000000000007
-0.24902448554034518,1.7541711371150692,-20.000000000000007
-0.2856804122723532,1.5647539115715234,-20.000000000000007
-0.2510726606818412,1.7167328213685205,-20.000000000000007
-0.26457229565083407,1.7617430259443767,-20.000000000000007
-0.28019136580360704,1.5078449789062125,-20.000000000000007
-0.2389403317890988,1.8890659890283577,-20.000000000000007
-0.2804613747482171,1.5046881431273893,-20.000000000000007
-0.235504275510917,1.918890541091363,-20.000000000000007
-0.256153741284277,1.7661552719950864,-20.000000000000007
-0.26144837024056866,1.7658361029923322,-20.000000000000007
-0.24943089781598235,1.742551314292125,-20.000000000000007
-0.28199981946398567,1.531590950092849,-20.000000000000007
-0.24989147641239962,1.720316611236751,-20.000000000000007
-0.28576098076397394,1.5635482586604632,-20.000000000000007
-0.2618784826941569,1.7662587285594789,-20.000000000000007
-0.27077577209665254,1.7131708972600883,-20.000000000000007
-0.2814842810337722,1.523586210082549,-20.000000000000007
-0.23906668755115562,1.8883358207712853,-20.000000000000007
-0.28199981946398567,1.5315909500928488,-20.000000000000007
-0.24518775318134978,1.817445200561975,-20.000000000000007
-0.2586831863427939,1.776611289186927,-20.000000000000007
-0.2645600880082273,1.7622864259984372,-20.000000000000007
-0.23452608175534848,1.9293173658082712,-20.000000000000007
-0.2805162497751269,1.5040957276763307,-20.000000000000007
-0.24804452104298405,1.7775142084150677,-20.000000000000007
-0.28098335050850076,1.5094406173762565,-20.000000000000007
-0.27889605180578736,1.5423459676292297,-20.000000000000007
-0.2697741676113107,1.7295440265935498,-20.000000000000007
-0.28430168384576776,1.5549611531460616,-20.000000000000007
-0.24745330071993615,1.7895322353368992,-20.000000000000007
-0.28199086297947396,1.5311414213806551,-20.000000000000007
-0.2433680830141708,1.8315248182011774,-20.000000000000007
-0.25522840821335546,1.764874259786493,-20.000000000000007
-0.26456008800822733,1.7622864259984372,-20.000000000000007
-0.22910974614401128,1.9212770219017479,-20.000000000000007
-0.2804152139050713,1.5047738534858535,-20.000000000000007
-0.24153360082064745,1.8539370079136308,-20.000000000000007
-0.27637169259349986,1.613719332203333,-20.000000000000007
-0.27555029838759204,1.6169758723543186,-20.000000000000007
-0.2503836637376046,1.7099445186385254,-20.000000000000007
-0.2803229939220572,1.507794639341816,-20.000000000000007
-0.23425839768917467,1.9218612186456852,-20.000000000000007
-0.26908226728219925,1.737313936565564,-20.000000000000007
-0.2474533007199361,1.789532235336899,-20.000000000000007
-0.25522840821335546,1.7648742597864935,-20.000000000000007
-0.26377012238958314,1.7618815459474435,-20.000000000000007
-0.22741751115833908,1.9218725433303434,-20.000000000000007
-0.2637701223895831,1.761881545947444,-20.000000000000007
-0.22187253272843055,1.9204197096956945,-20.000000000000007
-0.24984455565406183,1.7243943687198788,-20.000000000000007
-0.2552234907786554,1.7654660516474798,-20.000000000000007
-0.22961690380174843,1.9198228306560632,-20.000000000000007
-0.257068863995998,1.7711405639785482,-20.000000000000007
-0.22915927921439327,1.920836728315718,-20.000000000000007
-0.2537028219436904,1.7646791922144858,-20.000000000000007
-0.24902189350397036,1.7544765488976224,-20.000000000000007
-0.2503836637376046,1.7099445186385256,-20.000000000000007
-0.25682264679478173,1.7691729871022037,-20.000000000000007
-0.2312314375483921,1.9063679033844283,-20.000000000000007
-0.2763678909704769,1.6137035238555577,-20.000000000000007
-0.24415167927822612,1.8228823810574408,-20.000000000000007
-0.2631398788763797,1.763924453393236,-20.000000000000007
-0.26669733637484383,1.7652218519100122,-20.000000000000007
-0.23081244012577823,1.9092484754173964,-20.000000000000007
-0.2645600880082273,1.7622864259984372,-20.000000000000007
-0.23452608175534845,1.9293173658082714,-20.000000000000007
-0.25515546662272803,1.767083190029007,-20.000000000000007
-0.2569701190816242,1.7683511155121732,-20.000000000000007
-0.2482219512162126,1.7767984936287518,-20.000000000000007
-0.25515546662272803,1.7670831900290072,-20.000000000000007
-0.23310917684276275,1.9190441849763515,-20.000000000000007
-0.25522840821335546,1.7648742597864935,-20.000000000000007
-0.2442148571592545,1.8225172969289047,-20.000000000000007
-0.2569701190816242,1.7683511155121732,-20.000000000000007
-0.2584022919631709,1.7748275319928857,-20.000000000000007
-0.23648921762012515,1.9126681824372853,-20.000000000000007
-0.26429539518816236,1.7617148937916225,-20.000000000000007
-0.23379911394119463,1.925455068694626,-20.000000000000007
-0.25693008262788863,1.7681585901332162,-20.000000000000007
-0.2666647076889057,1.7624571811618885,-20.000000000000007
-0.2503769394288294,1.7117268178571736,-20.000000000000007
-0.2653606984182829,1.7659571933544056,-20.000000000000007
-0.2370586300310588,1.9081392380395106,-20.000000000000007
-0.24897880309252038,1.7561815921756878,-20.000000000000007
-0.24804192900660924,1.7778196201976209,-20.000000000000007
-0.25476426811762787,1.7679516941568374,-20.000000000000007
-0.25522349077865536,1.7654660516474798,-20.000000000000007
-0.2451245753003214,1.817810284690511,-20.000000000000007
-0.2571346133128012,1.7686331456100712,-20.000000000000007
-0.2345260817553485,1.9293173658082712,-20.000000000000007
-0.25764426500784454,1.7725334910488764,-20.000000000000007
-0.2757564772829683,1.6166443586150483,-20.000000000000007
-0.2480488166255036,1.7764579604747817,-20.000000000000007
-0.27077512574470486,1.713021218084927,-20.000000000000007
-0.2475672379594274,1.7876170952462198,-20.000000000000007
-0.2503431653625295,1.7113441501340367,-20.000000000000007
-0.2571346133128012,1.7686331456100712,-20.000000000000007
-0.25522840821335546,1.7648742597864935,-20.000000000000007
-0.25513161736661827,1.7647378378700487,-20.000000000000007
-0.24959681875243375,1.7383730681082776,-20.000000000000007
-0.25709457685906567,1.7684406202311143,-20.000000000000007
-0.2503836637376047,1.7099445186385254,-20.000000000000007
-0.2795443348484824,1.5270380397835084,-20.000000000000007
-0.28003068330079445,1.5151347973798428,-20.000000000000007
-0.2547642681176279,1.767951694156837,-20.000000000000007
-0.27646966147612395,1.6106471431415148,-20.000000000000007
-0.24745070868356128,1.7898376471194526,-20.000000000000007
-0.25034316536252954,1.7113441501340372,-20.000000000000007
-0.25883335490374737,1.776830249232452,-20.000000000000007
-0.24838336367561586,1.7719962250136725,-20.000000000000007
-0.2551316173666182,1.7647378378700487,-20.000000000000007
-0.25009505323104564,1.7211300807063892,-20.000000000000007
-0.255063593210691,1.7663549762515758,-20.000000000000007
-0.2558671177283312,1.7646687703282906,-20.000000000000007
-0.278689872910411,1.5426774813685,-20.000000000000007
-0.2698032958848912,1.728158303303723,-20.000000000000007
-0.2536395998721006,1.7640771185418005,-20.000000000000007
-0.27587281595454505,1.6188549219856478,-20.000000000000007
-0.24987696865106832,1.722594219093288,-20.000000000000007
-0.25962779462178237,1.7759789734525389,-20.000000000000007
-0.2787644236873371,1.5423963071936262,-20.000000000000007
-0.24991763605504103,1.7243616483341138,-20.000000000000007
-0.2568444671192449,1.7689122919090599,-20.000000000000007
-0.24840704630731453,1.7724473130020386,-20.000000000000007
-0.2496926325328596,1.734612950739457,-20.000000000000007
-0.26141724435865127,1.7663292169541926,-20.000000000000007
-0.2653606984182829,1.7659571933544056,-20.000000000000007
-0.2645600880082273,1.7622864259984372,-20.000000000000007
-0.254650348424389,1.7679926913873083,-20.000000000000007
-0.2566342944043964,1.769246354471582,-20.000000000000007
-0.2498795606874431,1.722288807310735,-20.000000000000007
-0.26456008800822733,1.7622864259984372,-20.000000000000007
-0.2797646127424964,1.5215127561710626,-20.000000000000007
-0.25373639071883775,1.7642135404582453,-20.000000000000007
-0.27077577209665254,1.7131708972600883,-20.000000000000007
-0.25459858853962547,1.7697149366597043,-20.000000000000007
-0.2559185070622395,1.7650215225375847,-20.000000000000007
-0.2797793534790673,1.522914844703762,-20.000000000000007
-0.26236703612551415,1.7642578997065645,-20.000000000000007
-0.26670282276302293,1.7631502318302434,-20.000000000000007
-0.25513161736661827,1.7647378378700487,-20.000000000000007
-0.2559185070622395,1.7650215225375847,-20.000000000000007
-0.2566342944043964,1.769246354471582,-20.000000000000007
-0.2645600880082273,1.762286425998437,-20.000000000000007
-0.27631340400818166,1.613802059782261,-20.000000000000007
-0.2536395998721006,1.7640771185418007,-20.000000000000007
-0.2568226467947818,1.769172987102204,-20.000000000000007
-0.2480579647865757,1.7767270813619023,-20.000000000000007
-0.2498769686510683,1.7225942190932881,-20.000000000000007
-0.2707757720966526,1.7131708972600879,-20.000000000000007
-0.25317747174664246,1.7517233077134056,-20.000000000000007
-0.26141724435865127,1.7663292169541922,-20.000000000000007
-0.255063593210691,1.7663549762515762,-20.000000000000007
-0.24840704630731456,1.7724473130020388,-20.000000000000007
-0.25708041157458583,1.7691667990844135,-20.000000000000007
-0.25962779462178237,1.775978973452539,-20.000000000000007
-0.25591850706223956,1.7650215225375847,-20.000000000000007
-0.24969522456923443,1.7343075389569034,-20.000000000000007
-0.2533817097990575,1.7599201262329534,-20.000000000000007
-0.2490218935039704,1.7544765488976226,-20.000000000000007
-0.25317747174664246,1.7517233077134056,-20.000000000000007
-0.2707688130905055,1.7114074663733894,-20.000000000000007
-0.24745330071993613,1.7895322353368992,-20.000000000000007
-0.2535075066154978,1.7636607932167516,-20.000000000000007
-0.2547642681176279,1.7679516941568372,-20.000000000000007
-0.2480579647865757,1.7767270813619023,-20.000000000000007
-0.2787354979105059,1.5425889208094414,-20.000000000000007
-0.2628344847295875,1.7654332948875777,-20.000000000000007
-0.25636991182806745,1.7681337873071539,-20.000000000000007
-0.25517701887944705,1.7645215075771987,-20.000000000000007
-0.2487172213529692,1.762756924749476,-20.000000000000007
-0.2536389081598413,1.7630812954293502,-20.000000000000007
-0.25608439959975654,1.7656944041255,-20.000000000000007
-0.2707688130905055,1.7114074663733896,-20.000000000000007
-0.2503836637376047,1.7099445186385251,-20.000000000000007
-0.2503836637376047,1.7099445186385251,-20.000000000000007
-0.24897153861911725,1.7560557119280076,-20.000000000000007
-0.2365538235061503,1.9139299524349602,-20.000000000000007
-0.2587112690546928,1.776910243425232,-20.000000000000007
-0.2483833636756159,1.7719962250136727,-20.000000000000007
-0.24904336114876138,1.7522022919598264,-20.000000000000007
-0.2535061231909792,1.7616691469918506,-20.000000000000007
-0.24518775318134983,1.8174452005619748,-20.000000000000007
-0.26271942245039004,1.7650799597765774,-20.000000000000007
-0.25612915131637337,1.7656283455078414,-20.000000000000007
-0.2565972436079634,1.7689479140404272,-20.000000000000007
-0.2503836637376047,1.7099445186385254,-20.000000000000007
-0.23626161517304015,1.9164835262217572,-20.000000000000007
-0.24745070868356128,1.7898376471194526,-20.000000000000007
-0.23225190191550915,1.9110613208509113,-20.000000000000007
-0.2547642681176279,1.7679516941568372,-20.000000000000007
-0.24528069041616823,1.8180319558110973,-20.000000000000007
-0.2415336008206474,1.8539370079136304,-20.000000000000007
-0.2503836637376046,1.7099445186385256,-20.000000000000007
-0.2310673450614077,1.9069034785636467,-20.000000000000007
-0.2548418158594415,1.7686168378818952,-20.000000000000007
-0.2503836637376046,1.7099445186385254,-20.000000000000007
-0.24336808301417073,1.8315248182011774,-20.000000000000007
-0.24853889131693963,1.7684881269939685,-20.000000000000007
-0.23372330048396053,1.9258931696488695,-20.000000000000007
-0.24821669383911976,1.7780371866467553,-20.000000000000007
-0.2463517512215458,1.8054511489159275,-20.000000000000007
-0.2503836637376046,1.7099445186385251,-20.000000000000007
-0.2361986650033756,1.9167318906494648,-20.000000000000007
-0.2277604791748427,1.9188603295135365,-20.000000000000007
-0.24600036828235997,1.8106475711371357,-20.000000000000007
-0.21948619802340802,1.922358562997812,-20.000000000000007
-0.2133496809684367,1.8529075364882377,-20.000000000000007
-0.20441558865906206,1.7462347759751362,-20.000000000000007
-0.25352814295784415,1.7667880653171644,-20.000000000000007
-0.32245786123489095,1.4974203025082704,-20.000000000000007
-0.36778928019128604,1.5002969781567639,-20.000000000000007
-0.41127224364476833,1.496798665544841,-20.000000000000007
-0.4100935649151761,1.4968339322623074,-20.000000000000007
-0.4035196596256285,1.4970491241462658,-20.000000000000007
-0.39417960143027375,1.499785853152987,-20.000000000000007
-0.39129970006965326,1.5032829502893352,-20.000000000000007
-0.38169676203700403,1.4990334879521314,-20.000000000000007
-0.36153124386874586,1.4982394570619118,-20.000000000000007
-0.36324113662294893,1.5019987945919846,-20.000000000000007
-0.3363695145701019,1.500818524331878,-20.000000000000007
-0.33224022005826304,1.4969535518710548,-20.000000000000007
-0.337370070301319,1.500081320068494,-20.000000000000007
-0.31861532465888187,1.4997621493726552,-20.000000000000007
-0.33126887535041905,1.4984936409075518,-20.000000000000007
-0.3270212884341443,1.499063068735171,-20.000000000000007
-0.2944930748975251,1.5984844014181288,-20.000000000000007
-0.3151140758649713,1.4953884572981888,-20.000000000000007
-0.2644335465158401,1.7602609374540505,-20.000000000000007
-0.24770498968745444,1.7812067663578977,-20.000000000000007
-0.2533822100622079,1.753445792509136,-20.000000000000007
-0.18501366409216718,1.5937870581367695,-20.000000000000007
-0.25043178888370093,1.6939228483450317,-20.000000000000007
-0.22718604684609814,1.9204048324940461,-20.000000000000007
-0.2438211059993681,1.8221016323748918,-20.000000000000007
-0.2477196583544184,1.7819566213461815,-20.000000000000007
-0.2206284611958884,1.9240573197414905,-20.000000000000007
-0.25456325708096433,1.758790766888353,-20.000000000000007
-0.22052344232654955,1.9237271384636405,-20.000000000000007
-0.25659818467196444,1.7632821483535677,-20.000000000000007
-0.2443342902748983,1.817569520463286,-20.000000000000007
-0.2258618994167234,1.9236278053074978,-20.000000000000007
-0.2561996133615993,1.7617871577717779,-20.000000000000007
-0.20120876532971135,1.7505922392484128,-20.000000000000007
-0.26894542373519664,1.7353491755139354,-20.000000000000007
-0.24912237621217412,1.7426063882047864,-20.000000000000007
-0.2392610307519819,1.8837082537608976,-20.000000000000007
-0.26416885369577514,1.7596894052472356,-20.000000000000007
-0.22094130554641436,1.9269729367606052,-20.000000000000007
-0.27873101659765587,1.5404810168406817,-20.000000000000007
-0.253408952110455,1.7543464626275467,-20.000000000000007
-0.24624220074010023,1.8025016336930078,-20.000000000000007
-0.2549693785437154,1.763886045783074,-20.000000000000007
-0.2765382839592563,1.611646186148894,-20.000000000000007
-0.3261410358414334,1.499742093082344,-20.000000000000007
-0.3519144373919654,1.4994519078605815,-20.000000000000007
-0.37226232284269994,1.494199533563668,-20.000000000000007
-0.3722623228426999,1.4941995335636682,-20.000000000000007
-0.36365064408999354,1.5022104326212067,-20.000000000000007
-0.3548964186409028,1.500431771535262,-20.000000000000007
-0.35410327454301527,1.4998982824363996,-20.000000000000007
-0.3495875760384277,1.4996359270640847,-20.000000000000007
-0.3400499130951532,1.4990709531740873,-20.000000000000007
-0.343725221959638,1.4989783391257208,-20.000000000000007
-0.32611923454978,1.5002657920913158,-20.000000000000007
-0.31496589217507537,1.4943921619615714,-20.000000000000007
-0.3186153246588819,1.4997621493726556,-20.000000000000007
-0.3036876705830253,1.5157237842560336,-20.000000000000007
-0.31880183533450845,1.4980680428999364,-20.000000000000007
-0.3183436831329699,1.5007405454067313,-20.000000000000007
-0.2861467625785086,1.5660632206302456,-20.000000000000007
-0.30863502376351964,1.5073549291131616,-20.000000000000007
-0.25634807655679664,1.7647460608830385,-20.000000000000007
-0.24541972912931206,1.8094787946527204,-20.000000000000007
-0.2530609378567619,1.7448217373348838,-20.000000000000007
-0.2002751479582084,1.7399956220515302,-20.000000000000007
-0.2550738180617961,1.7604089623898294,-20.000000000000007
-0.23308491226036115,1.9179285591278705,-20.000000000000007
-0.2477049896874544,1.7812067663578977,-20.000000000000007
-0.2485729890791022,1.761921599461161,-20.000000000000007
-0.22164106841618955,1.9189519988593975,-20.000000000000007
-0.2549090030591316,1.7618896788549119,-20.000000000000007
-0.22164106841618958,1.9189519988593977,-20.000000000000007
-0.2584836090299057,1.7742685871436383,-20.000000000000007
-0.24382110599936807,1.822101632374892,-20.000000000000007
-0.22747948179221975,1.9178329122632696,-20.000000000000007
-0.2546237366083259,1.763849014721409,-20.000000000000007
-0.20027514795820842,1.73999562205153,-20.000000000000007
-0.2622227733081709,1.7625486007423012,-20.000000000000007
-0.2447242970645333,1.8147491635665438,-20.000000000000007
-0.23716499547778627,1.9034434248714716,-20.000000000000007
-0.25609801965069123,1.7636965637709836,-20.000000000000007
-0.22052344232654958,1.9237271384636405,-20.000000000000007
-0.2644335465158401,1.7602609374540505,-20.000000000000007
-0.24854930644740356,1.7614705114727944,-20.000000000000007
-0.2427533426546959,1.8334695847397955,-20.000000000000007
-0.2564948948233293,1.7680865160543975,-20.000000000000007
-0.27638582811433693,1.614816911137415,-20.000000000000007
-0.3155627751367825,1.4953879168490003,-20.000000000000007
-0.3392458857993999,1.4999388721770455,-20.000000000000007
-0.3559928422291206,1.5003375557239256,-20.000000000000007
-0.3591896420343654,1.4967216253157227,-20.000000000000007
-0.35443013628585895,1.4997512518970273,-20.000000000000007
-0.35054301239796204,1.5024653447781129,-20.000000000000007
-0.3468023759078921,1.4963054240582094,-20.000000000000007
-0.3437727083896557,1.498858591103482,-20.000000000000007
-0.33630135412609646,1.5009109637509448,-20.000000000000007
-0.3380118693579714,1.499998908055372,-20.000000000000007
-0.32396294300592565,1.4999626334469907,-20.000000000000007
-0.31756181987001814,1.4998334669940094,-20.000000000000007
-0.320645461907724,1.4992325953191135,-20.000000000000007
-0.3048766763381495,1.5053534247740101,-20.000000000000007
-0.3186153246588819,1.4997621493726556,-20.000000000000007
-0.3175308999616074,1.4997759343050907,-20.000000000000007
-0.2861467625785086,1.5660632206302454,-20.000000000000007
-0.3090336352353068,1.5068264433831875,-20.000000000000007
-0.25942307807656706,1.7731808848390405,-20.000000000000007
-0.23716499547778624,1.9034434248714713,-20.000000000000007
-0.25340895211045505,1.7543464626275467,-20.000000000000007
-0.2002751479582084,1.73999562205153,-20.000000000000007
-0.2534892485051921,1.755744843565107,-20.000000000000007
-0.24168398838482463,1.8501095798725973,-20.000000000000007
-0.24168398838482458,1.850109579872597,-20.000000000000007
-0.24912237621217415,1.7426063882047864,-20.000000000000007
-0.22086668412957597,1.9276258294791235,-20.000000000000007
-0.2506296023433252,1.6989972037628127,-20.000000000000007
-0.2258618994167234,1.9236278053074978,-20.000000000000007
-0.25306093785676187,1.744821737334884,-20.000000000000007
-0.2384256415902143,1.8886074717364987,-20.000000000000007
-0.22062846119588841,1.9240573197414903,-20.000000000000007
-0.25046604937110756,1.694453019701242,-20.000000000000007
-0.20120876532971135,1.7505922392484128,-20.000000000000007
-0.25659818467196444,1.7632821483535677,-20.000000000000007
-0.24444683310721677,1.81455089101965,-20.000000000000007
-0.22899518854702022,1.9205561705070902,-20.000000000000007
-0.2534892485051921,1.755744843565107,-20.000000000000007
-0.2027907570819007,1.7643712819915207,-20.000000000000007
-0.2566382211256999,1.7634746737325249,-20.000000000000007
-0.2477049896874544,1.7812067663578977,-20.000000000000007
-0.236275460920769,1.9125746720860466,-20.000000000000007
-0.25606662095704286,1.7660220949476069,-20.000000000000007
-0.2551297537596604,1.7697831337764407,-20.000000000000007
-0.30926687090670857,1.5058506663872815,-20.000000000000007
-0.32891485097753465,1.496515356791877,-20.000000000000007
-0.3456250585359691,1.4962859628708913,-20.000000000000007
-0.35542487169772036,1.5006298440223134,-20.000000000000007
-0.3504206971803976,1.503617834433839,-20.000000000000007
-0.3462810851914795,1.494096515560749,-20.000000000000007
-0.34917844867479175,1.4989464829018992,-20.000000000000007
-0.3501355165437632,1.5028973754222366,-20.000000000000007
-0.3354218284606624,1.5008974946168077,-20.000000000000007
-0.332578776362563,1.496802786794463,-20.000000000000007
-0.30959501476070994,1.5051451185337676,-20.000000000000007
-0.29761414913926276,1.5825050174610302,-20.000000000000007
-0.30761372905250317,1.5100234210589016,-20.000000000000007
-0.30102068032236995,1.547699698054498,-20.000000000000007
-0.31970877528646036,1.4997843297283948,-20.000000000000007
-0.3179522567621638,1.4998066853287964,-20.000000000000007
-0.2905634011770926,1.5824293497588102,-20.000000000000007
-0.30872341746127835,1.5074575561331987,-20.000000000000007
-0.2566382211256999,1.7634746737325249,-20.000000000000007
-0.2478189269269457,1.7792916262672178,-20.000000000000007
-0.24770498968745447,1.7812067663578977,-20.000000000000007
-0.19605052332794443,1.6994507469824103,-20.000000000000007
-0.24770498968745447,1.7812067663578977,-20.000000000000007
-0.22094130554641436,1.9269729367606054,-20.000000000000007
-0.24871728263488022,1.7574774701356632,-20.000000000000007
-0.23716499547778627,1.9034434248714713,-20.000000000000007
-0.22086668412957597,1.9276258294791235,-20.000000000000007
-0.24912237621217412,1.7426063882047864,-20.000000000000007
-0.2002751479582084,1.7399956220515298,-20.000000000000007
-0.25250653515994903,1.7375387258873367,-20.000000000000007
-0.2298463649818323,1.9193688661135158,-20.000000000000007
-0.22118757714101284,1.9298870983126006,-20.000000000000007
-0.2504660493711075,1.6944530197012422,-20.000000000000007
-0.2002751479582084,1.73999562205153,-20.000000000000007
-0.255940752785843,1.7612792534112314,-20.000000000000007
-0.2444468331072167,1.8145508910196502,-20.000000000000007
-0.24182544958555663,1.8474912325148445,-20.000000000000007
-0.25306093785676187,1.7448217373348842,-20.000000000000007
-0.22187224334523903,1.9254177131544243,-20.000000000000007
-0.2626902219122442,1.7637239959233144,-20.000000000000007
-0.24624220074010023,1.8025016336930075,-20.000000000000007
-0.2477049896874544,1.7812067663578974,-20.000000000000007
-0.25717858246656333,1.7692785792686194,-20.000000000000007
-0.2808162366868341,1.5094232331057382,-20.000000000000007
-0.327454000940622,1.49891680006735,-20.000000000000007
-0.3396531704812024,1.49898865762509,-20.000000000000007
-0.3497293715819152,1.500478828741012,-20.000000000000007
-0.3434450900784051,1.5004161193776366,-20.000000000000007
-0.3463588467571229,1.494111304230399,-20.000000000000007
-0.3459867952099822,1.496538315184867,-20.000000000000007
-0.35354460149291916,1.5005378479053555,-20.000000000000007
-0.35008915372607796,1.5025838574465151,-20.000000000000007
-0.32780678772438865,1.499083392414799,-20.000000000000007
-0.32871324803267843,1.4965775772799763,-20.000000000000007
-0.30761372905250317,1.5100234210589014,-20.000000000000007
-0.30490505202372303,1.505661875178614,-20.000000000000007
-0.3114728242238435,1.5002357140496887,-20.000000000000007
-0.30263291006736837,1.5319900558991009,-20.000000000000007
-0.3149658921750753,1.4943921619615714,-20.000000000000007
-0.301039206013024,1.5468891795845787,-20.000000000000007
-0.28011681502668095,1.508126153081086,-20.000000000000007
-0.2833775869733104,1.5449714654708664,-20.000000000000007
-0.24472429706453333,1.8147491635665434,-20.000000000000007
-0.2346607776410636,1.9230003114935412,-20.000000000000007
-0.23582227014141027,1.91861628239193,-20.000000000000007
-0.22041728821468373,1.9348175495022781,-20.000000000000007
-0.22779621270262712,1.9225032640540314,-20.000000000000007
-0.20865851890448536,1.8218920158798049,-20.000000000000007
-0.20024469689215907,1.7412211863012739,-20.000000000000007
-0.1750993187470594,1.5663756026689182,-20.000000000000007
-0.1934390512943197,1.675525904873079,-20.000000000000007
-0.21173042344573004,1.8478756848573854,-20.000000000000007
-0.18732945993837016,1.6198096609935972,-20.000000000000007
-0.24472429706453333,1.8147491635665434,-20.000000000000007
-0.21173096932913643,1.8478864443445637,-20.000000000000007
-0.22187224334523906,1.9254177131544248,-20.000000000000007
-0.24551266636413055,1.8100655499018425,-20.000000000000007
-0.2027907570819007,1.7643712819915205,-20.000000000000007
-0.255940752785843,1.7612792534112314,-20.000000000000007
-0.23219404399320695,1.909054580642701,-20.000000000000007
-0.23476005108754985,1.9246267303173614,-20.000000000000007
-0.24969682634711557,1.7251946129698057,-20.000000000000007
-0.20865917396457312,1.8219049272644188,-20.000000000000007
-0.25566094055508704,1.7606473690537876,-20.000000000000007
-0.23577615157173537,1.9139808551233315,-20.000000000000007
-0.22747948179221975,1.9178329122632698,-20.000000000000007
-0.2506231946469257,1.7093249618024846,-20.000000000000007
-0.25977591631492003,1.7774783962318672,-20.000000000000007
-0.3094661644252115,1.5055564388929945,-20.000000000000007
-0.32644437907983137,1.4988626102192066,-20.000000000000007
-0.3363013541260965,1.5009109637509448,-20.000000000000007
-0.33597610137188544,1.5002112178483684,-20.000000000000007
-0.34130862699200737,1.4982530305170503,-20.000000000000007
-0.344638182167706,1.4972801664417341,-20.000000000000007
-0.3555595761616033,1.5002401410955128,-20.000000000000007
-0.3458832890225543,1.4961018671489819,-20.000000000000007
-0.3292506465702743,1.4964363467324875,-20.000000000000007
-0.32860198523070855,1.496789333298353,-20.000000000000007
-0.3019369754486786,1.535965416989518,-20.000000000000007
-0.30490505202372303,1.505661875178614,-20.000000000000007
-0.3087234174612784,1.5074575561331987,-20.000000000000007
-0.28831958847372885,1.573790705725595,-20.000000000000007
-0.3082644234864066,1.5092640463390956,-20.000000000000007
-0.2976333066574667,1.5818953357954952,-20.000000000000007
-0.2777411134805543,1.5644539181934045,-20.000000000000007
-0.2858135332844407,1.5638558567873992,-20.000000000000007
-0.24833195881002496,1.768066007282747,-20.000000000000007
-0.23476005108754988,1.9246267303173614,-20.000000000000007
-0.23626161517304015,1.9164835262217572,-20.000000000000007
-0.2192014992263589,1.9332971051390981,-20.000000000000007
-0.22986476937589367,1.9200006097443119,-20.000000000000007
-0.2092930763912802,1.8276576848699455,-20.000000000000007
-0.219816355261127,1.9254145073810724,-20.000000000000007
-0.18157441108176567,1.568060451407574,-20.000000000000007
-0.20027416536807688,1.739976254974609,-20.000000000000007
-0.22586189941672344,1.9236278053074978,-20.000000000000007
-0.1873294599383702,1.6198096609935972,-20.000000000000007
-0.24551266636413052,1.8100655499018425,-20.000000000000007
-0.21173096932913646,1.8478864443445637,-20.000000000000007
-0.2136168748443088,1.8659073978514424,-20.000000000000007
-0.24458341729461527,1.8151781512632397,-20.000000000000007
-0.20027514795820842,1.73999562205153,-20.000000000000007
-0.25490900305913167,1.7618896788549123,-20.000000000000007
-0.233774849358793,1.9243394428461453,-20.000000000000007
-0.22899518854702022,1.9205561705070902,-20.000000000000007
-0.24795934412566292,1.7750673021748624,-20.000000000000007
-0.2002751479582084,1.73999562205153,-20.000000000000007
-0.25466917964728536,1.7581784793614414,-20.000000000000007
-0.24272730694058495,1.8331984741568828,-20.000000000000007
-0.22899518854702022,1.92055617050709,-20.000000000000007
-0.2535075066154978,1.7636607932167516,-20.000000000000007
-0.27896718960918004,1.5406027309809476,-20.000000000000007
-0.3128746372205532,1.5034319509622005,-20.000000000000007
-0.3354347207539741,1.5008919766305966,-20.000000000000007
-0.35335707516709725,1.5010097048878102,-20.000000000000007
-0.3417415138561,1.4974688094727902,-20.000000000000007
-0.3468023759078921,1.4963054240582092,-20.000000000000007
-0.3468023759078921,1.4963054240582092,-20.000000000000007
-0.3476214611917769,1.499033948770425,-20.000000000000007
-0.3395800960995625,1.499039408479345,-20.000000000000007
-0.3261395618181406,1.4998341272982947,-20.000000000000007
-0.3254037767238211,1.499453952330151,-20.000000000000007
-0.2946921700458974,1.5968805478194326,-20.000000000000007
-0.2911941062217189,1.5877170694326266,-20.000000000000007
-0.29564574900886464,1.5926551084486404,-20.000000000000007
-0.2697331469427906,1.7255516062713308,-20.000000000000007
-0.28621836386290783,1.566104825853512,-20.000000000000007
-0.2844883477018021,1.5579081829715888,-20.000000000000007
-0.2509248973221681,1.703998411188939,-20.000000000000007
-0.2825098217916384,1.534826745197063,-20.000000000000007
-0.2483882445881166,1.7665614680448691,-20.000000000000007
-0.23577615157173537,1.9139808551233315,-20.000000000000007
-0.2532420772427509,1.7543170276109916,-20.000000000000007
-0.22088634723979203,1.937543087331344,-20.000000000000007
-0.23124166311434452,1.9066309764578495,-20.000000000000007
-0.22062846119588841,1.9240573197414903,-20.000000000000007
-0.2094774872435267,1.8277300519526563,-20.000000000000007
-0.1861543817647462,1.6074417934864873,-20.000000000000007
-0.21211441667978215,1.8515527454197465,-20.000000000000007
-0.22187224334523908,1.9254177131544248,-20.000000000000007
-0.20027514795820842,1.7399956220515302,-20.000000000000007
-0.24541972912931206,1.8094787946527202,-20.000000000000007
-0.21173042344573,1.8478756848573852,-20.000000000000007
-0.22133860273891437,1.9286833817881734,-20.000000000000007
-0.24437783753877054,1.815807611763765,-20.000000000000007
-0.20865917396457306,1.8219049272644185,-20.000000000000007
-0.25316912869860875,1.7506352631340758,-20.000000000000007
-0.2298463649818323,1.9193688661135155,-20.000000000000007
-0.2330477743825276,1.9172453456714922,-20.000000000000007
-0.24838824458811662,1.7665614680448691,-20.000000000000007
-0.21173096932913643,1.8478864443445637,-20.000000000000007
-0.2504317888837009,1.6939228483450317,-20.000000000000007
-0.2271860468460981,1.9204048324940464,-20.000000000000007
-0.220866684129576,1.9276258294791235,-20.000000000000007
-0.24745070868356128,1.7898376471194526,-20.000000000000007
-0.2640542218196492,1.762468384680247,-20.000000000000007
-0.3100761428942641,1.5036973378314786,-20.000000000000007
-0.3340107762909207,1.4977705142242874,-20.000000000000007
-0.35326760858099343,1.5005698648643966,-20.000000000000007
-0.34777090925486925,1.4993172438873035,-20.000000000000007
-0.34615102278361387,1.4944136187708938,-20.000000000000007
-0.3455418176851295,1.496842969067699,-20.000000000000007
-0.3464249078976372,1.4944240998330978,-20.000000000000007
-0.34166323893585243,1.49760860735726,-20.000000000000007
-0.3293998429613095,1.4959153884965275,-20.000000000000007
-0.32749456011284594,1.498954976113763,-20.000000000000007
-0.3076137290525032,1.5100234210589019,-20.000000000000007
-0.30589184990906165,1.5078277022907645,-20.000000000000007
-0.300121746660379,1.5571156068796173,-20.000000000000007
-0.29145195086946407,1.5886240208932991,-20.000000000000007
-0.28831958847372885,1.5737907057255947,-20.000000000000007
-0.2827605767136567,1.535593585071942,-20.000000000000007
-0.2809177562160864,1.510171320263324,-20.000000000000007
-0.2546237366083259,1.763849014721409,-20.000000000000007
-0.23476005108754985,1.9246267303173614,-20.000000000000007
-0.18106147927731098,1.566601446293014,-20.000000000000007
-0.17917386072802038,1.5901780441278877,-20.000000000000007
-0.18942453257317313,1.5791548760255545,-20.000000000000007
-0.21247740178589644,1.8482623387946076,-20.000000000000007
-0.24239862521271638,1.8422021212512563,-20.000000000000007
-0.24970714029419094,1.7323353428829198,-20.000000000000007
-0.24368022622945007,1.822530620071588,-20.000000000000007
-0.24822669455309765,1.767300839790424,-20.000000000000007
-0.24823843475054455,1.7672645488949907,-20.000000000000007
-0.25043178888370093,1.6939228483450313,-20.000000000000007
-0.24997336035305767,1.7091942674100196,-20.000000000000007
-0.25043178888370093,1.6939228483450313,-20.000000000000007
-0.2498814563975442,1.7128219226894519,-20.000000000000007
-0.24976097167650962,1.7205989124622207,-20.000000000000007
-0.24912237621217412,1.7426063882047866,-20.000000000000007
-0.24966256585970897,1.7246644416135952,-20.000000000000007
-0.2485729890791022,1.7619215994611603,-20.000000000000007
-0.24976097167650957,1.7205989124622207,-20.000000000000007
-0.24795934412566298,1.7750673021748622,-20.000000000000007
-0.2491223762121741,1.7426063882047864,-20.000000000000007
-0.2477196583544184,1.7819566213461817,-20.000000000000007
-0.24444683310721677,1.8145508910196502,-20.000000000000007
-0.2373387506209533,1.903251332240647,-20.000000000000007
-0.23705863003105881,1.9081392380395106,-20.000000000000007
-0.28306044963970967,1.5315466729904652,-20.000000000000007
-0.3082644234864066,1.5092640463390954,-20.000000000000007
-0.33567929905542776,1.499706485752043,-20.000000000000007
-0.3508898478359349,1.5001896161864754,-20.000000000000007
-0.34614038111478557,1.4944575285551138,-20.000000000000007
-0.3456250585359691,1.4962859628708916,-20.000000000000007
-0.35341541708977336,1.5011193133341418,-20.000000000000007
-0.35043036623771306,1.5034347120555664,-20.000000000000007
-0.3418686181851477,1.496505010605635,-20.000000000000007
-0.33965317048120247,1.49898865762509,-20.000000000000007
-0.3332955777944264,1.4974276677471308,-20.000000000000007
-0.3193256350277239,1.4977846399072603,-20.000000000000007
-0.31950867645996056,1.4988062873942332,-20.000000000000007
-0.31427755464296575,1.5000852795276696,-20.000000000000007
-0.2918921499486805,1.587776577704122,-20.000000000000007
-0.30470319166721316,1.5060270850552286,-20.000000000000007
-0.2843016838457678,1.5549611531460616,-20.000000000000007
-0.25637091579863236,1.7644380145528287,-20.000000000000007
-0.2801168150266809,1.5081261530810859,-20.000000000000007
-0.23304777438252763,1.9172453456714922,-20.000000000000007
-0.2536220334740542,1.7571569920026064,-20.000000000000007
-0.23679210284778984,1.9087170004281817,-20.000000000000007
-0.2108830769678891,1.8406422820217245,-20.000000000000007
-0.24857298907910227,1.7619215994611608,-20.000000000000007
-0.18615639672437706,1.6073672656103333,-20.000000000000007
-0.2531691286986088,1.750635263134076,-20.000000000000007
-0.2339933653816198,1.9231940371103158,-20.000000000000007
-0.22132548951472808,1.9286160178736897,-20.000000000000007
-0.25046604937110756,1.6944530197012417,-20.000000000000007
-0.20052713059800217,1.7437632542726695,-20.000000000000007
-0.2602029988556581,1.766261591840716,-20.000000000000007
-0.24912237621217412,1.7426063882047864,-20.000000000000007
-0.2525065351599491,1.7375387258873372,-20.000000000000007
-0.25566094055508704,1.7606473690537876,-20.000000000000007
-0.22899518854702022,1.92055617050709,-20.000000000000007
-0.25566094055508704,1.7606473690537874,-20.000000000000007
-0.22086668412957594,1.9276258294791238,-20.000000000000007
-0.18206296886719303,1.572157511421402,-20.000000000000007
-0.17950911580190798,1.5810607140359076,-20.000000000000007
-0.13495605330512833,1.4898632237174252,-20.000000000000007
-0.13495605330512833,1.4898632237174254,-20.000000000000007
-0.13521384973317274,1.4961177966881398,-20.000000000000007
-0.13495605330512833,1.4898632237174256,-20.000000000000007
-0.13495605330512833,1.4898632237174254,-20.000000000000007
-0.1350357765872748,1.4898840518799976,-20.000000000000007
-0.13477851668463559,1.493063189381522,-20.000000000000007
-0.13523645424514372,1.4956132648969094,-20.000000000000007
-0.13161953035292592,1.5122209144802388,-20.000000000000007
-0.13495829350665048,1.4897359463283295,-20.000000000000007
-0.13495829350665048,1.4897359463283295,-20.000000000000007
-0.13162334867738157,1.512553191202664,-20.000000000000007
-0.134987587169906,1.490284182800638,-20.000000000000007
-0.13162334867738157,1.512553191202664,-20.000000000000007
-0.13496593015556185,1.4904004997731795,-20.000000000000007
-0.1349582935066505,1.4897359463283295,-20.000000000000007
-0.13496593015556185,1.4904004997731795,-20.000000000000007
-0.13498758716990603,1.4902841828006377,-20.000000000000007
-0.1322518888393985,1.5058494988029958,-20.000000000000007
-0.1352364542451437,1.4956132648969094,-20.000000000000007
-0.1316195303529259,1.512220914480239,-20.000000000000007
-0.1349621118311062,1.4900682230507543,-20.000000000000007
-0.13495605330512836,1.4898632237174252,-20.000000000000007
-0.13495829350665048,1.4897359463283295,-20.000000000000007
-0.13523645424514372,1.4956132648969094,-20.000000000000007
-0.13224807051494286,1.5055172220805708,-20.000000000000007
-0.13495987162958403,1.49019550043985,-20.000000000000007
-0.13224807051494286,1.505517222080571,-20.000000000000007
-0.13495605330512836,1.4898632237174254,-20.000000000000007
-0.1349582935066505,1.4897359463283293,-20.000000000000007
-0.13161953035292592,1.512220914480239,-20.000000000000007
-0.13500799762049986,1.4901723146345818,-20.000000000000007
-0.1316195303529259,1.512220914480239,-20.000000000000007
-0.13496211183110618,1.4900682230507545,-20.000000000000007
-0.13500799762049984,1.4901723146345818,-20.000000000000007
-0.13495829350665048,1.4897359463283297,-20.000000000000007
-0.1352364542451437,1.495613264896909,-20.000000000000007
-0.1316195303529259,1.5122209144802388,-20.000000000000007
-0.13559501490126286,1.4971204706629226,-20.000000000000007
-0.13634314369070832,1.4690918166037121,-20.000000000000007
-0.13766089245675406,1.4109848407592605,-20.000000000000007
-0.1509864912825978,1.3992341320455806,-20.000000000000007
-0.1497541574130439,1.4356391577721634,-20.000000000000007
-0.151885716309857,1.402262875380409,-20.000000000000007
-0.1622651465189021,1.4799780943445653,-20.000000000000007
-0.17359964367809982,1.555262154034674,-20.000000000000007
-0.17917386072802038,1.5901780441278879,-20.000000000000007
-0.17917386072802038,1.5901780441278874,-20.000000000000007
-0.18067000068203443,1.5594198148107747,-20.000000000000007
-0.1822099663654441,1.5747645545787246,-20.000000000000007
-0.18220996636544406,1.5747645545787243,-20.000000000000007
-0.18832435454185534,1.5729018912430375,-20.000000000000007
-0.18837473412143405,1.5733779606841163,-20.000000000000007
-0.18883859646648546,1.5743867191268253,-20.000000000000007
-0.18886938598024677,1.5715946146796025,-20.000000000000007
-0.1883243545418553,1.5729018912430375,-20.000000000000007
-0.18832435454185534,1.5729018912430375,-20.000000000000007
-0.1822099663654441,1.5747645545787243,-20.000000000000007
-0.1811061921972143,1.5615965088310684,-20.000000000000007
-0.17950911580190798,1.5810607140359072,-20.000000000000007
-0.17337853243457832,1.5519365666422185,-20.000000000000007
-0.16491224342351885,1.4962079272044329,-20.000000000000007
-0.16175363895024922,1.4767475548411564,-20.000000000000007
-0.1509867696831351,1.3990909895297734,-20.000000000000007
-0.16015086704143033,1.4658572207674505,-20.000000000000007
-0.15098649128259778,1.3992341320455806,-20.000000000000007
-0.1497541574130439,1.4356391577721634,-20.000000000000007
-0.14969871320520373,1.4376750065870232,-20.000000000000007
-0.14969871320520373,1.4376750065870232,-20.000000000000007
-0.14969871320520375,1.4376750065870232,-20.000000000000007
-0.13774689261824094,1.4138227263361494,-20.000000000000007
-0.16015086704143036,1.4658572207674503,-20.000000000000007
-0.1735996436780998,1.5552621540346743,-20.000000000000007
-0.17694296547815702,1.5727431410120192,-20.000000000000007
-0.17825534106184443,1.5837285229747722,-20.000000000000007
-0.17359964367809982,1.5552621540346743,-20.000000000000007
-0.16270023080057266,1.4821412217524914,-20.000000000000007
-0.17259283802865877,1.5472393109831906,-20.000000000000007
-0.17548244831557921,1.566996165209496,-20.000000000000007
-0.17825534106184446,1.5837285229747722,-20.000000000000007
-0.179509115801908,1.5810607140359072,-20.000000000000007
-0.17950911580190798,1.5810607140359074,-20.000000000000007
-0.18067000068203443,1.5594198148107745,-20.000000000000007
-0.1822099663654441,1.5747645545787243,-20.000000000000007
-0.18245135093884662,1.5726673984336745,-20.000000000000007
-0.18886938598024677,1.5715946146796027,-20.000000000000007
-0.19433249470145758,1.6242792335113936,-20.000000000000007
-0.19435075710084726,1.6239385751444435,-20.000000000000007
-0.19908633646284285,1.6767957162680682,-20.000000000000007
-0.18915002827871116,1.572881121255673,-20.000000000000007
-0.18837473412143402,1.573377960684116,-20.000000000000007
-0.18832435454185534,1.5729018912430375,-20.000000000000007
-0.18110619219721427,1.5615965088310682,-20.000000000000007
-0.18067000068203443,1.5594198148107745,-20.000000000000007
-0.17933485877093763,1.5832655028315092,-20.000000000000007
-0.17917386072802036,1.5901780441278879,-20.000000000000007
-0.17825534106184443,1.5837285229747722,-20.000000000000007
-0.17426758362483646,1.5596310191219989,-20.000000000000007
-0.17337853243457835,1.551936566642219,-20.000000000000007
-0.1622651465189021,1.4799780943445653,-20.000000000000007
-0.16175363895024922,1.4767475548411564,-20.000000000000007
-0.16015086704143036,1.4658572207674505,-20.000000000000007
-0.1509864912825978,1.3992341320455803,-20.000000000000007
-0.1509864912825978,1.3992341320455806,-20.000000000000007
-0.16491224342351885,1.4962079272044324,-20.000000000000007
-0.17337853243457835,1.5519365666422185,-20.000000000000007
-0.1627002308005726,1.4821412217524914,-20.000000000000007
-0.1727105924878417,1.5475677015548939,-20.000000000000007
-0.15188571630985698,1.4022628753804087,-20.000000000000007
-0.1509864912825978,1.3992341320455803,-20.000000000000007
-0.16491224342351887,1.4962079272044329,-20.000000000000007
-0.1735996436780998,1.5552621540346743,-20.000000000000007
-0.17694296547815702,1.572743141012019,-20.000000000000007
-0.179509115801908,1.5810607140359074,-20.000000000000007
-0.1811061921972143,1.5615965088310682,-20.000000000000007
-0.1822099663654441,1.5747645545787243,-20.000000000000007
-0.1822099663654441,1.5747645545787246,-20.000000000000007
-0.1822099663654441,1.5747645545787246,-20.000000000000007
-0.18220996636544406,1.5747645545787243,-20.000000000000007
-0.1883243545418553,1.5729018912430375,-20.000000000000007
-0.18837473412143405,1.573377960684116,-20.000000000000007
-0.18883859646648546,1.5743867191268253,-20.000000000000007
-0.18915002827871116,1.572881121255673,-20.000000000000007
-0.19082329531069092,1.588069939886083,-20.000000000000007
-0.18915002827871114,1.5728811212556728,-20.000000000000007
-0.18945532208693444,1.576362771578332,-20.000000000000007
-0.18883859646648546,1.574386719126825,-20.000000000000007
-0.18220996636544406,1.5747645545787246,-20.000000000000007
-0.1811061921972143,1.5615965088310682,-20.000000000000007
-0.180374903390968,1.5624216849117094,-20.000000000000007
-0.18037490339096798,1.5624216849117096,-20.000000000000007
-0.1804043718668858,1.5611767535850445,-20.000000000000007
-0.180374903390968,1.5624216849117096,-20.000000000000007
-0.18067109244884724,1.559441333785131,-20.000000000000007
-0.180374903390968,1.5624216849117096,-20.000000000000007
-0.17950911580190798,1.5810607140359072,-20.000000000000007
-0.1771640767216785,1.5760687284044748,-20.000000000000007
-0.17694296547815702,1.5727431410120194,-20.000000000000007
-0.17716407672167847,1.5760687284044748,-20.000000000000007
-0.17337853243457832,1.5519365666422185,-20.000000000000007
-0.17359964367809982,1.5552621540346738,-20.000000000000007
-0.17337853243457832,1.5519365666422185,-20.000000000000007
-0.17259283802865877,1.5472393109831906,-20.000000000000007
-0.17917386072802036,1.5901780441278877,-20.000000000000007
-0.18067000068203443,1.5594198148107747,-20.000000000000007
-0.18220996636544412,1.5747645545787243,-20.000000000000007
-0.1822099663654441,1.5747645545787246,-20.000000000000007
-0.18245135093884668,1.5726673984336745,-20.000000000000007
-0.1883243545418553,1.5729018912430373,-20.000000000000007
-0.18832435454185537,1.5729018912430373,-20.000000000000007
-0.18883859646648546,1.5743867191268253,-20.000000000000007
-0.18915002827871114,1.572881121255673,-20.000000000000007
-0.20151001609147665,1.7052082041631804,-20.000000000000007
-0.20441558865906206,1.746234775975136,-20.000000000000007
-0.20460674253608638,1.7456863669336566,-20.000000000000007
-0.2046067425360864,1.7456863669336569,-20.000000000000007
-0.1894553220869344,1.576362771578332,-20.000000000000007
-0.18915002827871116,1.5728811212556728,-20.000000000000007
-0.1888693859802468,1.5715946146796025,-20.000000000000007
-0.1888385964664855,1.5743867191268253,-20.000000000000007
-0.18883859646648546,1.5743867191268253,-20.000000000000007
-0.18837473412143407,1.5733779606841163,-20.000000000000007
-0.1888385964664855,1.574386719126825,-20.000000000000007
-0.1883243545418553,1.5729018912430373,-20.000000000000007
-0.1822099663654441,1.5747645545787246,-20.000000000000007
-0.18220996636544406,1.5747645545787246,-20.000000000000007
-0.17917386072802038,1.5901780441278879,-20.000000000000007
-0.17917386072802038,1.5901780441278879,-20.000000000000007
-0.179509115801908,1.5810607140359072,-20.000000000000007
-0.17950911580190798,1.5810607140359074,-20.000000000000007
-0.18220996636544406,1.5747645545787243,-20.000000000000007
-0.18226034594502277,1.5752406240198031,-20.000000000000007
-0.1804043718668858,1.561176753585045,-20.000000000000007
-0.179509115801908,1.5810607140359074,-20.000000000000007
-0.17337853243457835,1.5519365666422185,-20.000000000000007
-0.16226514651890211,1.4799780943445653,-20.000000000000007
-0.16175363895024922,1.4767475548411566,-20.000000000000007
-0.16491224342351887,1.4962079272044326,-20.000000000000007
-0.1735996436780998,1.555262154034674,-20.000000000000007
-0.1742675836248365,1.5596310191219986,-20.000000000000007
-0.17716407672167847,1.5760687284044745,-20.000000000000007
-0.17917386072802036,1.5901780441278877,-20.000000000000007
-0.17917386072802036,1.5901780441278879,-20.000000000000007
-0.18067000068203443,1.5594198148107745,-20.000000000000007
-0.18220996636544406,1.5747645545787243,-20.000000000000007
-0.18832435454185537,1.5729018912430373,-20.000000000000007
-0.1888693859802468,1.5715946146796025,-20.000000000000007
-0.18945532208693444,1.576362771578332,-20.000000000000007
-0.20151001609147662,1.70520820416318,-20.000000000000007
-0.19945177661459146,1.6815004633019803,-20.000000000000007
-0.18945532208693444,1.5763627715783317,-20.000000000000007
-0.18886938598024677,1.5715946146796027,-20.000000000000007
-0.18837473412143407,1.573377960684116,-20.000000000000007
-0.18837473412143407,1.573377960684116,-20.000000000000007
-0.18226034594502277,1.5752406240198031,-20.000000000000007
-0.18226034594502283,1.575240624019803,-20.000000000000007
-0.18067000068203443,1.5594198148107745,-20.000000000000007
-0.179509115801908,1.5810607140359072,-20.000000000000007
-0.18067000068203443,1.5594198148107745,-20.000000000000007
-0.18220996636544406,1.5747645545787246,-20.000000000000007
-0.18220996636544406,1.5747645545787248,-20.000000000000007
-0.18220996636544406,1.5747645545787243,-20.000000000000007
-0.1883243545418553,1.5729018912430373,-20.000000000000007
-0.18832435454185534,1.5729018912430375,-20.000000000000007
-0.1883243545418553,1.572901891243037,-20.000000000000007
-0.1888385964664855,1.574386719126825,-20.000000000000007
-0.18945532208693444,1.5763627715783315,-20.000000000000007
-0.1995090794254582,1.6804387449858469,-20.000000000000007
-0.2046848233590407,1.7442442470352897,-20.000000000000007
-0.20657221491181482,1.7664186193648643,-20.000000000000007
-0.20468482335904076,1.7442442470352897,-20.000000000000007
-0.20156731890234342,1.7041464858470465,-20.000000000000007
-0.19588687307150535,1.637884053897141,-20.000000000000007
-0.18945532208693444,1.5763627715783317,-20.000000000000007
-0.19315943252724244,1.6118386740500745,-20.000000000000007
-0.18885818653230282,1.5776548930151266,-20.000000000000007
-0.179509115801908,1.5810607140359072,-20.000000000000007
-0.17426758362483646,1.5596310191219986,-20.000000000000007
-0.14896232389835787,1.441250436214657,-20.000000000000007
-0.14975414285615307,1.435613454864934,-20.000000000000007
-0.16491224342351885,1.4962079272044326,-20.000000000000007
-0.17259283802865877,1.5472393109831906,-20.000000000000007
-0.17917386072802038,1.5901780441278879,-20.000000000000007
-0.179509115801908,1.5810607140359072,-20.000000000000007
-0.17933485877093766,1.5832655028315092,-20.000000000000007
-0.18110619219721427,1.5615965088310682,-20.000000000000007
-0.1822099663654441,1.5747645545787243,-20.000000000000007
-0.18220996636544406,1.5747645545787243,-20.000000000000007
-0.18837473412143407,1.5733779606841163,-20.000000000000007
-0.18886938598024677,1.5715946146796025,-20.000000000000007
-0.18915002827871114,1.5728811212556728,-20.000000000000007
-0.193177694926632,1.611498015683125,-20.000000000000007
-0.20151001609147662,1.7052082041631802,-20.000000000000007
-0.20535594905534282,1.7562106170478284,-20.000000000000007
-0.2048587251758801,1.749453999154796,-20.000000000000007
-0.19588687307150532,1.637884053897141,-20.000000000000007
-0.20460674253608643,1.7456863669336564,-20.000000000000007
-0.18942453257317313,1.5791548760255543,-20.000000000000007
-0.18888897604606417,1.5748627885679038,-20.000000000000007
-0.19270095837634296,1.6050480243124603,-20.000000000000007
-0.18945532208693444,1.576362771578332,-20.000000000000007
-0.18837473412143405,1.5733779606841163,-20.000000000000007
-0.1894553220869344,1.5763627715783317,-20.000000000000007
-0.1894553220869344,1.576362771578332,-20.000000000000007
-0.18945532208693444,1.5763627715783317,-20.000000000000007
-0.2044155886590621,1.7462347759751364,-20.000000000000007
-0.20441558865906206,1.7462347759751364,-20.000000000000007
-0.18945532208693444,1.576362771578332,-20.000000000000007
-0.18945532208693444,1.576362771578332,-20.000000000000007
-0.1894553220869344,1.5763627715783317,-20.000000000000007
-0.19315943252724238,1.6118386740500745,-20.000000000000007
-0.20649413408886053,1.7678607392632315,-20.000000000000007
-0.20649413408886047,1.7678607392632317,-20.000000000000007
-0.20460674253608638,1.7456863669336566,-20.000000000000007
-0.20151001609147662,1.70520820416318,-20.000000000000007
-0.19315943252724238,1.611838674050075,-20.000000000000007
-0.1943324947014576,1.6242792335113934,-20.000000000000007
-0.20156731890234342,1.7041464858470468,-20.000000000000007
-0.1922012188841824,1.5983311496347117,-20.000000000000007
-0.18885818653230282,1.577654893015127,-20.000000000000007
-0.18842511370101275,1.5738540301251949,-20.000000000000007
-0.18842511370101275,1.5738540301251946,-20.000000000000007
-0.18837473412143405,1.573377960684116,-20.000000000000007
-0.18945532208693444,1.5763627715783317,-20.000000000000007
-0.18837473412143405,1.573377960684116,-20.000000000000007
-0.18837473412143405,1.5733779606841165,-20.000000000000007
-0.18883859646648546,1.5743867191268253,-20.000000000000007
-0.18837473412143407,1.5733779606841163,-20.000000000000007
-0.18945532208693444,1.5763627715783317,-20.000000000000007
-0.20160366869350196,1.7089316370049503,-20.000000000000007
-0.18915002827871116,1.5728811212556728,-20.000000000000007
-0.1894553220869344,1.5763627715783315,-20.000000000000007
-0.1894553220869344,1.5763627715783317,-20.000000000000007
-0.18886938598024677,1.5715946146796027,-20.000000000000007
-0.1990290336519761,1.6778574345842012,-20.000000000000007
-0.2046067425360864,1.7456863669336564,-20.000000000000007
-0.19271922077573256,1.6047073659455107,-20.000000000000007
-0.20156731890234345,1.7041464858470465,-20.000000000000007
-0.20156731890234347,1.7041464858470468,-20.000000000000007
-0.20156731890234342,1.7041464858470463,-20.000000000000007
-0.2048587251758801,1.7494539991547957,-20.000000000000007
-0.2043891263110746,1.746757119847901,-20.000000000000007
-0.1891192387649498,1.575673225702896,-20.000000000000007
-0.18915002827871114,1.5728811212556733,-20.000000000000007
-0.1894553220869344,1.576362771578332,-20.000000000000007
-0.18945532208693444,1.576362771578332,-20.000000000000007
-0.1990107712525865,1.678198092951151,-20.000000000000007
-0.19431423230206799,1.6246198918783434,-20.000000000000007
-0.1888693859802468,1.5715946146796025,-20.000000000000007
-0.18945532208693444,1.5763627715783317,-20.000000000000007
-0.1990290336519761,1.6778574345842012,-20.000000000000007
-0.2046067425360864,1.7456863669336566,-20.000000000000007
-0.2133496809684367,1.852907536488238,-20.000000000000007
-0.21300450959754086,1.8420318599583663,-20.000000000000007
-0.20468482335904076,1.7442442470352897,-20.000000000000007
-0.2046067425360864,1.7456863669336566,-20.000000000000007
-0.20460674253608635,1.7456863669336566,-20.000000000000007
-0.21103652537830947,1.8268393899515722,-20.000000000000007
-0.21334968096843673,1.8529075364882375,-20.000000000000007
-0.20485872517588014,1.7494539991547962,-20.000000000000007
-0.20170948929660099,1.7088107457453947,-20.000000000000007
-0.193177694926632,1.6114980156831247,-20.000000000000007
-0.18915002827871114,1.5728811212556728,-20.000000000000007
-0.18911923876494982,1.5756732257028956,-20.000000000000007
-0.1926726844752796,1.6078003855443996,-20.000000000000007
-0.18842511370101275,1.5738540301251946,-20.000000000000007
-0.1883243545418553,1.5729018912430375,-20.000000000000007
-0.1888693859802468,1.5715946146796027,-20.000000000000007
-0.1888385964664855,1.5743867191268253,-20.000000000000007
-0.19315943252724238,1.6118386740500745,-20.000000000000007
-0.20441558865906206,1.7462347759751362,-20.000000000000007
-0.1894553220869344,1.5763627715783317,-20.000000000000007
-0.192700958376343,1.6050480243124607,-20.000000000000007
-0.1943324947014576,1.6242792335113936,-20.000000000000007
-0.1931594325272424,1.6118386740500745,-20.000000000000007
-0.20649413408886047,1.7678607392632317,-20.000000000000007
-0.2133496809684367,1.8529075364882375,-20.000000000000007
-0.2046848233590407,1.7442442470352897,-20.000000000000007
-0.2046848233590407,1.7442442470352897,-20.000000000000007
-0.20543402987829715,1.7547684971494617,-20.000000000000007
-0.20468482335904076,1.7442442470352897,-20.000000000000007
-0.20543402987829715,1.7547684971494615,-20.000000000000007
-0.2046848233590407,1.7442442470352897,-20.000000000000007
-0.1894553220869344,1.576362771578332,-20.000000000000007
-0.18915002827871114,1.572881121255673,-20.000000000000007
-0.1891192387649498,1.575673225702896,-20.000000000000007
-0.18885818653230285,1.5776548930151266,-20.000000000000007
-0.1894245325731731,1.5791548760255547,-20.000000000000007
-0.1894553220869344,1.5763627715783317,-20.000000000000007
-0.1888385964664855,1.5743867191268253,-20.000000000000007
-0.1894553220869344,1.576362771578332,-20.000000000000007
-0.19315943252724235,1.6118386740500747,-20.000000000000007
-0.19945177661459143,1.6815004633019803,-20.000000000000007
-0.20441558865906206,1.7462347759751364,-20.000000000000007
-0.20452140926216106,1.7461138847155806,-20.000000000000007
-0.19295995932211807,1.6082361324678602,-20.000000000000007
-0.193177694926632,1.6114980156831247,-20.000000000000007
-0.20460674253608638,1.7456863669336566,-20.000000000000007
-0.21167108286510428,1.8326050589417135,-20.000000000000007
-0.21951866554376903,1.9265521406147967,-20.000000000000007
-0.2111495374753991,1.8234413912639176,-20.000000000000007
-0.20176679210746776,1.7077490274292613,-20.000000000000007
-0.19586861067211575,1.638224712264091,-20.000000000000007
-0.19315943252724238,1.6118386740500747,-20.000000000000007
-0.19586861067211572,1.638224712264091,-20.000000000000007
-0.20156731890234342,1.7041464858470465,-20.000000000000007
-0.18945532208693444,1.576362771578332,-20.000000000000007
-0.18911923876494982,1.5756732257028956,-20.000000000000007
-0.20139347992708184,1.7055505241438345,-20.000000000000007
-0.20437906386028284,1.7469160927090361,-20.000000000000007
-0.21295636326596953,1.8553596150545901,-20.000000000000007
-0.21998936254402723,1.931730724066448,-20.000000000000007
-0.20437906386028282,1.746916092709036,-20.000000000000007
-0.20439732625967247,1.7465754343420863,-20.000000000000007
-0.20622519007179574,1.7691642400984762,-20.000000000000007
-0.20441558865906206,1.7462347759751364,-20.000000000000007
-0.2130706782047891,1.853923206526925,-20.000000000000007
-0.21334968096843673,1.8529075364882375,-20.000000000000007
-0.20398561066175577,1.733924830775326,-20.000000000000007
-0.20468482335904073,1.7442442470352892,-20.000000000000007
-0.20468482335904076,1.7442442470352895,-20.000000000000007
-0.20493680599883446,1.7480118792564294,-20.000000000000007
-0.21348347107761392,1.8491291362183488,-20.000000000000007
-0.21348347107761392,1.8491291362183488,-20.000000000000007
-0.2046848233590407,1.7442442470352895,-20.000000000000007
-0.20468482335904073,1.7442442470352897,-20.000000000000007
-0.20468482335904073,1.7442442470352897,-20.000000000000007
-0.20493680599883446,1.748011879256429,-20.000000000000007
-0.2129563632659695,1.8553596150545901,-20.000000000000007
-0.2046411089508683,1.7505247520690403,-20.000000000000007
-0.19944106105329557,1.6817218920230792,-20.000000000000007
-0.19315943252724238,1.6118386740500745,-20.000000000000007
-0.18942453257317313,1.5791548760255547,-20.000000000000007
-0.19315943252724238,1.6118386740500747,-20.000000000000007
-0.2050687426388885,1.757854776250023,-20.000000000000007
-0.1943324947014576,1.6242792335113934,-20.000000000000007
-0.1943324947014576,1.6242792335113931,-20.000000000000007
-0.20441558865906206,1.7462347759751364,-20.000000000000007
-0.2046067425360864,1.7456863669336566,-20.000000000000007
-0.2134834710776139,1.8491291362183486,-20.000000000000007
-0.22108276226310408,1.928229480320327,-20.000000000000007
-0.21348347107761392,1.849129136218349,-20.000000000000007
-0.21348347107761392,1.8491291362183488,-20.000000000000007
-0.21348347107761392,1.8491291362183486,-20.000000000000007
-0.21300450959754086,1.8420318599583663,-20.000000000000007
-0.21967071805233584,1.922433081977958,-20.000000000000007
-0.22128016286590924,1.930474182647119,-20.000000000000007
-0.21463162400711894,1.8668584694969497,-20.000000000000007
-0.21348347107761392,1.8491291362183486,-20.000000000000007
-0.22095926985447234,1.9282129138136421,-20.000000000000007
-0.20605444437085113,1.7696012826284684,-20.000000000000007
-0.21248743473298976,1.8569242044846717,-20.000000000000007
-0.20404430865962883,1.7471900021231155,-20.000000000000007
-0.1941542021624192,1.6248355056872366,-20.000000000000007
-0.2276014464421608,1.9245423734898095,-20.000000000000007
-0.21248743473298976,1.8569242044846717,-20.000000000000007
-0.22725815115555775,1.9273187281239845,-20.000000000000007
-0.2368081958155418,1.9141570200209543,-20.000000000000007
-0.22088539733767873,1.9311452890383747,-20.000000000000007
-0.2553086674360319,1.7679087453312385,-20.000000000000007
-0.24431076490960954,1.8291243725315853,-20.000000000000007
-0.2317380046122724,1.9132869734140185,-20.000000000000007
-0.2481411253145713,1.7856141230658018,-20.000000000000007
-0.23173800461227242,1.913286973414019,-20.000000000000007
-0.2568330433392154,1.7714910356285514,-20.000000000000007
-0.24352941008181264,1.8371727099357729,-20.000000000000007
-0.24444734909700805,1.8297516327751753,-20.000000000000007
-0.2481250895346048,1.7867066619015202,-20.000000000000007
-0.2475361106478153,1.7981305890838022,-20.000000000000007
-0.2790418615852196,1.4658209857437952,-20.000000000000007
-0.2483965585873548,1.7834361573177344,-20.000000000000007
-0.25634314001617736,1.7689812354710723,-20.000000000000007
-0.24523014811134555,1.818324023113926,-20.000000000000007
-0.2475322329260461,1.789722656655364,-20.000000000000007
-0.27083025905894786,1.713072361333385,-20.000000000000007
-0.2503836637376046,1.7099445186385251,-20.000000000000007
-0.280191365803607,1.5078449789062123,-20.000000000000007
-0.2475672379594274,1.7876170952462198,-20.000000000000007
-0.24807247254790704,1.7744494735053655,-20.000000000000007
-0.24970714029419097,1.7323353428829196,-20.000000000000007
-0.24529260614112475,1.8160597597371133,-20.000000000000007
-0.266195371822927,1.7630951428010573,-20.000000000000007
-0.24256745811221042,1.8374339894268945,-20.000000000000007
-0.24989147641239964,1.720316611236751,-20.000000000000007
-0.2371683013217011,1.9042189145419643,-20.000000000000007
-0.24436335707160955,1.8211723610985104,-20.000000000000007
-0.26463031987261687,1.762583788733444,-20.000000000000007
-0.23921174820309182,1.8846059114352653,-20.000000000000007
-0.2560183018273789,1.7651293056301616,-20.000000000000007
-0.23233021493386954,1.9103137227061988,-20.000000000000007
-0.24839527940057238,1.7700240289396887,-20.000000000000007
-0.2657087564726208,1.7645351957822724,-20.000000000000007
-0.25039022337155237,1.7054501389762575,-20.000000000000007
-0.2819252686870595,1.5318721242677227,-20.000000000000007
-0.2495054676988277,1.7506184474221234,-20.000000000000007
-0.24338853031189459,1.837601697632469,-20.000000000000007
-0.22595440670337325,1.9324083385227475,-20.000000000000007
-0.2011724582994196,1.705762081239453,-20.000000000000007
-0.23387894087620215,1.9283405232980624,-20.000000000000007
-0.22016792406061553,1.94105959702796,-20.000000000000007
-0.22908401014588486,1.9272000926378037,-20.000000000000007
-0.24527764217723236,1.8236949821295778,-20.000000000000007
-0.2317380046122724,1.913286973414019,-20.000000000000007
-0.25354922465006957,1.7668554769849825,-20.000000000000007
-0.23787954483436075,1.902127751689123,-20.000000000000007
-0.22700039482394935,1.9319837126790778,-20.000000000000007
-0.2328234428818111,1.9224278734657947,-20.000000000000007
-0.21941629570363208,1.9349444952642605,-20.000000000000007
-0.2502845554208488,1.7235141714337492,-20.000000000000007
-0.22725815115555775,1.9273187281239843,-20.000000000000007
-0.23193210184063523,1.913614431844647,-20.000000000000007
-0.24352941008181267,1.8371727099357726,-20.000000000000007
-0.24431076490960957,1.8291243725315853,-20.000000000000007
-0.2790818393239959,1.462706444093735,-20.000000000000007
-0.24840918824982355,1.7831732603585106,-20.000000000000007
-0.2559992603093989,1.7682132022059607,-20.000000000000007
-0.2498769686510683,1.7225942190932881,-20.000000000000007
-0.23669806377330999,1.9114181197863742,-20.000000000000007
-0.27892161299125134,1.542440045318342,-20.000000000000007
-0.2389403317890988,1.8890659890283574,-20.000000000000007
-0.2503836637376046,1.7099445186385251,-20.000000000000007
-0.2475672379594274,1.7876170952462198,-20.000000000000007
-0.22959849940768703,1.919191087025267,-20.000000000000007
-0.2669806940533385,1.7645544372030848,-20.000000000000007
-0.24903640126530174,1.7521989410410852,-20.000000000000007
-0.2794258240158509,1.5230811353673008,-20.000000000000007
-0.2536846774291222,1.7599049580047685,-20.000000000000007
-0.23577615157173537,1.9139808551233313,-20.000000000000007
-0.2567680763253225,1.767227658576695,-20.000000000000007
-0.2443633570716095,1.8211723610985102,-20.000000000000007
-0.2801168150266809,1.5081261530810859,-20.000000000000007
-0.2532096570972712,1.749266009732264,-20.000000000000007
-0.24805643676794056,1.7755420123410839,-20.000000000000007
-0.2503836637376047,1.7099445186385251,-20.000000000000007
-0.23713542594845222,1.9039820194760921,-20.000000000000007
-0.2796505477078005,1.5205278537775684,-20.000000000000007
-0.2493252931617595,1.7357875353804628,-20.000000000000007
-0.25336153362342556,1.7555953025706965,-20.000000000000007
-0.2452776421772323,1.8236949821295783,-20.000000000000007
-0.2208853973376787,1.931145289038375,-20.000000000000007
-0.23644740113158186,1.9186569643032416,-20.000000000000007
-0.21248743473298978,1.8569242044846717,-20.000000000000007
-0.23099871432503813,1.9110800623980293,-20.000000000000007
-0.2194162957036321,1.934944495264261,-20.000000000000007
-0.2182751281321456,1.9327711581825628,-20.000000000000007
-0.2327863050039776,1.9217446600094168,-20.000000000000007
-0.22903447707550287,1.9276403862238336,-20.000000000000007
-0.255638555176312,1.7661148040979744,-20.000000000000007
-0.24753611064781528,1.7981305890838026,-20.000000000000007
-0.23684107118879072,1.9143939150868259,-20.000000000000007
-0.24444734909700805,1.8297516327751753,-20.000000000000007
-0.22701847162298072,1.93090184684529,-20.000000000000007
-0.25354922465006957,1.7668554769849827,-20.000000000000007
-0.22752520271182747,1.926456581372527,-20.000000000000007
-0.24352941008181264,1.8371727099357729,-20.000000000000007
-0.23897529867562778,1.8932973739422045,-20.000000000000007
-0.2343092326264949,1.931141557731697,-20.000000000000007
-0.2640443351563116,1.7598858800564579,-20.000000000000007
-0.23886368865407312,1.8937608977466542,-20.000000000000007
-0.2553149347624128,1.767712840380704,-20.000000000000007
-0.23550427551091702,1.9188905410913628,-20.000000000000007
-0.23452608175534845,1.9293173658082714,-20.000000000000007
-0.2503836637376047,1.7099445186385251,-20.000000000000007
-0.23582227014141027,1.91861628239193,-20.000000000000007
-0.2662334868970442,1.7637881934694122,-20.000000000000007
-0.2382227542742995,1.8922881035442862,-20.000000000000007
-0.2434601660064443,1.8285248299068588,-20.000000000000007
-0.24601228400731648,1.808675375063152,-20.000000000000007
-0.23713542594845216,1.9039820194760924,-20.000000000000007
-0.2760565543954098,1.6127454742953384,-20.000000000000007
-0.2474652164448926,1.7875600392629154,-20.000000000000007
-0.25368467742912215,1.7599049580047683,-20.000000000000007
-0.24601228400731645,1.8086753750631521,-20.000000000000007
-0.24411423005189256,1.8235637302985563,-20.000000000000007
-0.27623757514923714,1.6097422061583702,-20.000000000000007
-0.24746521644489264,1.7875600392629152,-20.000000000000007
-0.2646303198726168,1.7625837887334441,-20.000000000000007
-0.2434601660064443,1.8285248299068588,-20.000000000000007
-0.24411423005189253,1.8235637302985563,-20.000000000000007
-0.2561792886926836,1.7668563072065706,-20.000000000000007
-0.24912237621217412,1.7426063882047864,-20.000000000000007
-0.28024248632243076,1.5048217717977548,-20.000000000000007
-0.2494168558751578,1.7530031422084709,-20.000000000000007
-0.238558902062515,1.895816397307371,-20.000000000000007
-0.23173800461227242,1.9132869734140188,-20.000000000000007
-0.2040443086596288,1.7471900021231153,-20.000000000000007
-0.2324663770364199,1.9154094041285457,-20.000000000000007
-0.21851335106583322,1.9363396679201959,-20.000000000000007
-0.21973920250494972,1.937701139422241,-20.000000000000007
-0.22595440670337322,1.9324083385227477,-20.000000000000007
-0.21248743473298976,1.8569242044846717,-20.000000000000007
-0.23698195095870878,1.91396492739013,-20.000000000000007
-0.22088539733767865,1.931145289038375,-20.000000000000007
-0.24753611064781525,1.7981305890838026,-20.000000000000007
-0.23440823261138896,1.9331740021179948,-20.000000000000007
-0.2182751281321456,1.9327711581825626,-20.000000000000007
-0.23358586926747643,1.9295563077585558,-20.000000000000007
-0.21248743473298976,1.8569242044846717,-20.000000000000007
-0.2489477956802993,1.7654260612210055,-20.000000000000007
-0.23278630500397757,1.9217446600094166,-20.000000000000007
-0.22033055059070922,1.938481523569137,-20.000000000000007
-0.2388920604892191,1.8949852356181969,-20.000000000000007
-0.22033260434705362,1.935629415081931,-20.000000000000007
-0.2560112268535011,1.7674513249488972,-20.000000000000007
-0.24746537735052526,1.7905875021077367,-20.000000000000007
-0.24959422671605888,1.738678479890831,-20.000000000000007
-0.24854148335331447,1.7681827152114151,-20.000000000000007
-0.23627464053599245,1.9137927487734805,-20.000000000000007
-0.26141696576315565,1.7657367384702374,-20.000000000000007
-0.23921174820309182,1.8846059114352651,-20.000000000000007
-0.2567680763253225,1.767227658576695,-20.000000000000007
-0.24351052089129746,1.8269456668764734,-20.000000000000007
-0.2434601660064443,1.8285248299068588,-20.000000000000007
-0.25492175112631066,1.7639890795780795,-20.000000000000007
-0.24746521644489264,1.7875600392629154,-20.000000000000007
-0.27965054770780057,1.5205278537775686,-20.000000000000007
-0.2475155713297458,1.7859808762325302,-20.000000000000007
-0.24844079827833365,1.7646971464314807,-20.000000000000007
-0.24541972912931204,1.8094787946527204,-20.000000000000007
-0.23921174820309182,1.8846059114352653,-20.000000000000007
-0.2661953718229271,1.763095142801057,-20.000000000000007
-0.23577615157173537,1.9139808551233313,-20.000000000000007
-0.25462242603324764,1.7655857974833407,-20.000000000000007
-0.23627546092076895,1.9125746720860468,-20.000000000000007
-0.24616334866187595,1.8039378859719961,-20.000000000000007
-0.27067495181804946,1.7114453033682016,-20.000000000000007
-0.24338853031189456,1.837601697632469,-20.000000000000007
-0.24983746969752976,1.7350726326056738,-20.000000000000007
-0.22638606166750125,1.9313937377440502,-20.000000000000007
-0.21248743473298976,1.8569242044846717,-20.000000000000007
-0.20404430865962883,1.7471900021231155,-20.000000000000007
-0.2185133510658332,1.936339667920196,-20.000000000000007
-0.2182751281321456,1.9327711581825628,-20.000000000000007
-0.19303815211615682,1.6120202560143866,-20.000000000000007
-0.22745693797728464,1.9260292721451286,-20.000000000000007
-0.2011724582994196,1.705762081239453,-20.000000000000007
-0.22992079293499196,1.9267144829893357,-20.000000000000007
-0.22725815115555778,1.9273187281239843,-20.000000000000007
-0.21248743473298976,1.8569242044846714,-20.000000000000007
-0.22959559270852004,1.9265005679165847,-20.000000000000007
-0.19415420216241916,1.6248355056872366,-20.000000000000007
-0.2415444130163034,1.8595951610927486,-20.000000000000007
-0.21941629570363208,1.9349444952642607,-20.000000000000007
-0.23440823261138904,1.9331740021179944,-20.000000000000007
-0.2327863050039776,1.9217446600094166,-20.000000000000007
-0.21276096579532144,1.856877738027978,-20.000000000000007
-0.2537715283888896,1.7682218800440646,-20.000000000000007
-0.2204517092827924,1.9350526994791255,-20.000000000000007
-0.24753611064781528,1.7981305890838024,-20.000000000000007
-0.2435294100818127,1.8371727099357729,-20.000000000000007
-0.20429629129942256,1.750957634344255,-20.000000000000007
-0.2047365030509324,1.7580889424488189,-20.000000000000007
-0.18226034594502277,1.5752406240198031,-20.000000000000007
-0.2040443086596288,1.7471900021231153,-20.000000000000007
-0.1894245325731731,1.5791548760255547,-20.000000000000007
-0.2309987143250381,1.9110800623980293,-20.000000000000007
-0.21941629570363205,1.9349444952642607,-20.000000000000007
-0.2040443086596288,1.7471900021231153,-20.000000000000007
-0.23236880258704998,1.9150633562524642,-20.000000000000007
-0.21248743473298976,1.8569242044846719,-20.000000000000007
-0.24983746969752973,1.7350726326056742,-20.000000000000007
-0.23193210184063523,1.9136144318446473,-20.000000000000007
-0.22725815115555772,1.9273187281239845,-20.000000000000007
-0.2443107649096096,1.8291243725315853,-20.000000000000007
-0.23440823261138902,1.9331740021179946,-20.000000000000007
-0.2590781574221215,1.775963799350815,-20.000000000000007
-0.24338853031189459,1.837601697632469,-20.000000000000007
-0.2502845554208488,1.7235141714337494,-20.000000000000007
-0.24527764217723233,1.823694982129578,-20.000000000000007
-0.24741829568655477,1.7916377967460433,-20.000000000000007
-0.25359754377973354,1.7677482663024282,-20.000000000000007
-0.22088539733767876,1.9311452890383747,-20.000000000000007
-0.2317380046122724,1.9132869734140188,-20.000000000000007
-0.20336587397443145,1.7364901842809184,-20.000000000000007
-0.20587468808445006,1.7697390646642215,-20.000000000000007
-0.22088539733767873,1.931145289038375,-20.000000000000007
-0.2111273653160832,1.8393954016667315,-20.000000000000007
-0.22725815115555778,1.9273187281239847,-20.000000000000007
-0.21204973859417786,1.8497531531648241,-20.000000000000007
-0.21248743473298976,1.8569242044846717,-20.000000000000007
-0.21851335106583322,1.936339667920196,-20.000000000000007
-0.2208853973376787,1.931145289038375,-20.000000000000007
-0.22903447707550287,1.927640386223834,-20.000000000000007
-0.20587468808445003,1.7697390646642215,-20.000000000000007
-0.21973920250494972,1.937701139422241,-20.000000000000007
-0.21248743473298976,1.8569242044846717,-20.000000000000007
-0.23440823261138904,1.9331740021179948,-20.000000000000007
-0.23173800461227242,1.913286973414019,-20.000000000000007
-0.22100492468319624,1.9329836950429968,-20.000000000000007
-0.23684107118879075,1.914393915086826,-20.000000000000007
-0.2204499911797568,1.934300887703589,-20.000000000000007
-0.24949591577899324,1.7509205082859358,-20.000000000000007
-0.23205591066668435,1.9145405651713738,-20.000000000000007
-0.2276014464421608,1.9245423734898095,-20.000000000000007
-0.23090645405062976,1.9115449702339888,-20.000000000000007
-0.20404430865962886,1.7471900021231155,-20.000000000000007
-0.2208853973376787,1.9311452890383753,-20.000000000000007
-0.2011724582994196,1.7057620812394534,-20.000000000000007
-0.2208853973376787,1.931145289038375,-20.000000000000007
-0.21973920250494977,1.9377011394222408,-20.000000000000007
-0.21023380688351329,1.8304416245211912,-20.000000000000007
-0.23366014502314353,1.9309227346713125,-20.000000000000007
-0.21248743473298978,1.8569242044846717,-20.000000000000007
-0.23803140017504001,1.9000304872452123,-20.000000000000007
-0.23099871432503813,1.9110800623980293,-20.000000000000007
-0.2194162957036321,1.9349444952642607,-20.000000000000007
-0.22992079293499199,1.9267144829893357,-20.000000000000007
-0.21204973859417786,1.8497531531648241,-20.000000000000007
-0.2443107649096095,1.8291243725315853,-20.000000000000007
-0.22959559270852004,1.9265005679165847,-20.000000000000007
-0.24753611064781528,1.7981305890838026,-20.000000000000007
-0.24338853031189456,1.837601697632469,-20.000000000000007
-0.23205591066668438,1.914540565171374,-20.000000000000007
-0.258864569816649,1.7787319711545313,-20.000000000000007
-0.23097115312675076,1.9116541230441984,-20.000000000000007
-0.2502845554208488,1.7235141714337494,-20.000000000000007
-0.24753611064781522,1.7981305890838026,-20.000000000000007
-0.2185133510658332,1.936339667920196,-20.000000000000007
-0.22903447707550284,1.9276403862238336,-20.000000000000007
-0.21023380688351329,1.8304416245211912,-20.000000000000007
-0.22028223899943516,1.939623188500295,-20.000000000000007
-0.21827512813214564,1.9327711581825628,-20.000000000000007
-0.22088539733767873,1.9311452890383747,-20.000000000000007
-0.2203305505907092,1.938481523569137,-20.000000000000007
-0.19303815211615682,1.6120202560143864,-20.000000000000007
-0.2208853973376787,1.931145289038375,-20.000000000000007
-0.21248743473298978,1.8569242044846717,-20.000000000000007
-0.23684107118879072,1.9143939150868259,-20.000000000000007
-0.24444734909700805,1.829751632775175,-20.000000000000007
-0.2208853973376787,1.931145289038375,-20.000000000000007
-0.2202822389994352,1.939623188500295,-20.000000000000007
-0.18837473412143407,1.573377960684116,-20.000000000000007
-0.2040443086596288,1.7471900021231153,-20.000000000000007
-0.18888897604606414,1.574862788567904,-20.000000000000007
-0.18888897604606414,1.574862788567904,-20.000000000000007
-0.2185133510658332,1.936339667920196,-20.000000000000007
-0.18885818653230282,1.5776548930151268,-20.000000000000007
-0.21973920250494974,1.9377011394222412,-20.000000000000007
-0.2194162957036321,1.934944495264261,-20.000000000000007
-0.21827512813214564,1.9327711581825628,-20.000000000000007
-0.21931127683429325,1.934614313986411,-20.000000000000007
-0.20404430865962883,1.7471900021231153,-20.000000000000007
-0.22029949326914813,1.9398441916845455,-20.000000000000007
-0.21248743473298976,1.8569242044846717,-20.000000000000007
-0.24431076490960957,1.8291243725315858,-20.000000000000007
-0.22088539733767873,1.931145289038375,-20.000000000000007
-0.20671347881468707,1.780702599637418,-20.000000000000007
-0.22088539733767873,1.9311452890383751,-20.000000000000007
-0.20404430865962886,1.7471900021231153,-20.000000000000007
-0.2368081958155418,1.9141570200209546,-20.000000000000007
-0.22745693797728467,1.9260292721451284,-20.000000000000007
-0.21973920250494974,1.9377011394222408,-20.000000000000007
-0.21931127683429325,1.934614313986411,-20.000000000000007
-0.2194162957036321,1.9349444952642607,-20.000000000000007
-0.24814112531457128,1.7856141230658018,-20.000000000000007
-0.22701847162298078,1.9309018468452899,-20.000000000000007
-0.24853168286157168,1.7784212836840874,-20.000000000000007
-0.22725815115555775,1.9273187281239845,-20.000000000000007
-0.19569031813307733,1.6387809844399341,-20.000000000000007
-0.2295955927085201,1.9265005679165847,-20.000000000000007
-0.1941542021624192,1.6248355056872366,-20.000000000000007
-0.22100492468319624,1.9329836950429966,-20.000000000000007
-0.2040443086596288,1.7471900021231155,-20.000000000000007
-0.18888897604606414,1.574862788567904,-20.000000000000007
-0.2040443086596288,1.7471900021231155,-20.000000000000007
-0.1894245325731731,1.5791548760255547,-20.000000000000007
-0.2193112768342932,1.934614313986411,-20.000000000000007
-0.20336587397443143,1.7364901842809186,-20.000000000000007
-0.21248743473298976,1.8569242044846717,-20.000000000000007
-0.18888897604606414,1.5748627885679038,-20.000000000000007
-0.20404430865962883,1.7471900021231153,-20.000000000000007
-0.2040443086596288,1.7471900021231155,-20.000000000000007
-0.18842511370101273,1.5738540301251949,-20.000000000000007
-0.18837473412143407,1.573377960684116,-20.000000000000007
-0.1825017305184254,1.5731434678747531,-20.000000000000007
-0.1894245325731731,1.5791548760255547,-20.000000000000007
-0.21112736531608323,1.8393954016667318,-20.000000000000007
-0.21204973859417786,1.8497531531648241,-20.000000000000007
-0.19303815211615682,1.6120202560143864,-20.000000000000007
-0.20404430865962883,1.7471900021231153,-20.000000000000007
-0.18226034594502277,1.575240624019803,-20.000000000000007
-0.21248743473298978,1.8569242044846717,-20.000000000000007
-0.20473650305093238,1.7580889424488184,-20.000000000000007
-0.18842511370101278,1.5738540301251946,-20.000000000000007
-0.18888897604606414,1.574862788567904,-20.000000000000007
-0.18250173051842536,1.5731434678747531,-20.000000000000007
-0.18885818653230285,1.5776548930151268,-20.000000000000007
-0.21941629570363208,1.934944495264261,-20.000000000000007
-0.21354432849926214,1.874522478968929,-20.000000000000007
-0.2185133510658332,1.9363396679201959,-20.000000000000007
-0.2124874347329898,1.8569242044846712,-20.000000000000007
-0.18942453257317315,1.5791548760255545,-20.000000000000007
-0.20137193150454388,1.7093646228216675,-20.000000000000007
-0.18885818653230285,1.5776548930151268,-20.000000000000007
-0.1822603459450228,1.575240624019803,-20.000000000000007
-0.17950911580190798,1.5810607140359072,-20.000000000000007
-0.18226034594502277,1.575240624019803,-20.000000000000007
-0.179509115801908,1.5810607140359072,-20.000000000000007
-0.2040443086596288,1.7471900021231157,-20.000000000000007
-0.19885325672563559,1.6783739635447605,-20.000000000000007
-0.18842511370101273,1.5738540301251946,-20.000000000000007
-0.2040443086596288,1.7471900021231153,-20.000000000000007
-0.17950911580190798,1.5810607140359072,-20.000000000000007
-0.1791738607280204,1.5901780441278879,-20.000000000000007
-0.17259283802865877,1.5472393109831906,-20.000000000000007
-0.13766089245675406,1.4109848407592605,-20.000000000000007
-0.13766089245675403,1.4109848407592602,-20.000000000000007
-0.13774689261824094,1.4138227263361496,-20.000000000000007
-0.14969871320520373,1.4376750065870232,-20.000000000000007
-0.14975414285615307,1.4356134548649337,-20.000000000000007
-0.1509864912825978,1.3992341320455806,-20.000000000000007
-0.1617536389502492,1.4767475548411564,-20.000000000000007
-0.16175363895024922,1.4767475548411566,-20.000000000000007
-0.16491224342351885,1.4962079272044326,-20.000000000000007
-0.17259283802865877,1.5472393109831906,-20.000000000000007
-0.1754824483155792,1.566996165209496,-20.000000000000007
-0.18037490339096798,1.5624216849117096,-20.000000000000007
-0.18220996636544406,1.5747645545787243,-20.000000000000007
-0.1883243545418553,1.572901891243037,-20.000000000000007
-0.18883859646648546,1.574386719126825,-20.000000000000007
-0.1888385964664855,1.574386719126825,-20.000000000000007
-0.18886938598024677,1.5715946146796027,-20.000000000000007
-0.18886938598024677,1.5715946146796025,-20.000000000000007
-0.18837473412143407,1.573377960684116,-20.000000000000007
-0.18883859646648546,1.5743867191268253,-20.000000000000007
-0.18837473412143407,1.5733779606841163,-20.000000000000007
-0.18837473412143407,1.573377960684116,-20.000000000000007
-0.18886938598024683,1.5715946146796025,-20.000000000000007
-0.18837473412143402,1.5733779606841163,-20.000000000000007
-0.18837473412143405,1.573377960684116,-20.000000000000007
-0.18832435454185534,1.5729018912430373,-20.000000000000007
-0.1822099663654441,1.5747645545787243,-20.000000000000007
-0.18832435454185534,1.5729018912430375,-20.000000000000007
-0.18220996636544406,1.5747645545787243,-20.000000000000007
-0.18832435454185534,1.5729018912430375,-20.000000000000007
-0.1822603459450228,1.575240624019803,-20.000000000000007
-0.17933485877093766,1.5832655028315092,-20.000000000000007
-0.16491224342351887,1.4962079272044329,-20.000000000000007
-0.16015086704143033,1.4658572207674505,-20.000000000000007
-0.1509864912825978,1.3992341320455803,-20.000000000000007
-0.1497541574130439,1.4356391577721637,-20.000000000000007
-0.16015086704143033,1.4658572207674503,-20.000000000000007
-0.1622651465189021,1.479978094344565,-20.000000000000007
-0.1622651465189021,1.4799780943445653,-20.000000000000007
-0.16491224342351887,1.496207927204433,-20.000000000000007
-0.1627002308005726,1.4821412217524914,-20.000000000000007
-0.17259283802865877,1.5472393109831908,-20.000000000000007
-0.17548244831557921,1.566996165209496,-20.000000000000007
-0.17917386072802038,1.5901780441278879,-20.000000000000007
-0.1811061921972143,1.5615965088310682,-20.000000000000007
-0.18220996636544406,1.5747645545787246,-20.000000000000007
-0.18220996636544406,1.5747645545787248,-20.000000000000007
-0.1883243545418553,1.5729018912430375,-20.000000000000007
-0.1883243545418553,1.5729018912430375,-20.000000000000007
-0.18883859646648546,1.5743867191268253,-20.000000000000007
-0.1888693859802468,1.5715946146796027,-20.000000000000007
-0.1888385964664855,1.5743867191268248,-20.000000000000007
-0.18915002827871114,1.5728811212556728,-20.000000000000007
-0.18886938598024677,1.5715946146796025,-20.000000000000007
-0.18886938598024677,1.5715946146796027,-20.000000000000007
-0.18886938598024677,1.5715946146796025,-20.000000000000007
-0.18837473412143407,1.573377960684116,-20.000000000000007
-0.18837473412143405,1.5733779606841163,-20.000000000000007
-0.18837473412143405,1.573377960684116,-20.000000000000007
-0.1883243545418553,1.5729018912430373,-20.000000000000007
-0.18837473412143407,1.5733779606841163,-20.000000000000007
-0.18832435454185528,1.5729018912430373,-20.000000000000007
-0.1883243545418553,1.5729018912430373,-20.000000000000007
-0.18837473412143405,1.5733779606841163,-20.000000000000007
-0.17917386072802038,1.5901780441278879,-20.000000000000007
-0.16015086704143033,1.4658572207674507,-20.000000000000007
-0.1377468926182409,1.4138227263361496,-20.000000000000007
-0.13559501490126286,1.4971204706629226,-20.000000000000007
-0.13766033188648452,1.4110074467856226,-20.000000000000007
-0.13766089245675406,1.4109848407592605,-20.000000000000007
-0.1489623238983579,1.441250436214657,-20.000000000000007
-0.14896232389835787,1.441250436214657,-20.000000000000007
-0.16015086704143036,1.4658572207674505,-20.000000000000007
-0.1622651465189021,1.479978094344565,-20.000000000000007
-0.17259283802865877,1.5472393109831906,-20.000000000000007
-0.17359964367809982,1.555262154034674,-20.000000000000007
-0.16226514651890211,1.479978094344565,-20.000000000000007
-0.16270023080057264,1.4821412217524914,-20.000000000000007
-0.16491224342351887,1.4962079272044329,-20.000000000000007
-0.17337853243457835,1.5519365666422185,-20.000000000000007
-0.1754824483155792,1.566996165209496,-20.000000000000007
-0.179509115801908,1.5810607140359072,-20.000000000000007
-0.18220996636544406,1.5747645545787243,-20.000000000000007
-0.1822099663654441,1.5747645545787243,-20.000000000000007
-0.18220996636544406,1.5747645545787243,-20.000000000000007
-0.18037490339096798,1.5624216849117096,-20.000000000000007
-0.17917386072802038,1.5901780441278877,-20.000000000000007
-0.17917386072802038,1.5901780441278877,-20.000000000000007
-0.17917386072802038,1.5901780441278877,-20.000000000000007
-0.179509115801908,1.5810607140359072,-20.000000000000007
-0.179509115801908,1.5810607140359072,-20.000000000000007
-0.18220996636544412,1.5747645545787243,-20.000000000000007
-0.1822099663654441,1.5747645545787246,-20.000000000000007
-0.18110619219721427,1.5615965088310682,-20.000000000000007
-0.17950911580190798,1.5810607140359072,-20.000000000000007
-0.16491224342351887,1.4962079272044329,-20.000000000000007
-0.16015086704143036,1.4658572207674503,-20.000000000000007
-0.14969871320520375,1.437675006587023,-20.000000000000007
-0.1377468926182409,1.4138227263361494,-20.000000000000007
-0.13766089245675406,1.4109848407592602,-20.000000000000007
-0.14947306268121344,1.4401096667703466,-20.000000000000007
-0.14975414285615307,1.4356134548649337,-20.000000000000007
-0.1509864912825978,1.3992341320455806,-20.000000000000007
-0.15098676968313507,1.3990909895297734,-20.000000000000007
-0.14975414285615307,1.435613454864934,-20.000000000000007
-0.151885716309857,1.4022628753804087,-20.000000000000007
-0.1617536389502492,1.4767475548411566,-20.000000000000007
-0.1627002308005726,1.4821412217524916,-20.000000000000007
-0.16491224342351887,1.4962079272044329,-20.000000000000007
-0.17337853243457835,1.5519365666422185,-20.000000000000007
-0.17917386072802038,1.5901780441278879,-20.000000000000007
-0.17917386072802036,1.5901780441278879,-20.000000000000007
-0.179509115801908,1.5810607140359074,-20.000000000000007
-0.1793348587709377,1.5832655028315092,-20.000000000000007
-0.17825534106184446,1.5837285229747722,-20.000000000000007
-0.17917386072802038,1.5901780441278877,-20.000000000000007
-0.179509115801908,1.5810607140359072,-20.000000000000007
-0.180374903390968,1.5624216849117094,-20.000000000000007
-0.180374903390968,1.5624216849117094,-20.000000000000007
-0.18832435454185534,1.5729018912430375,-20.000000000000007
-0.18245135093884665,1.572667398433674,-20.000000000000007
-0.18245135093884662,1.5726673984336743,-20.000000000000007
-0.18220996636544406,1.5747645545787248,-20.000000000000007
-0.17950911580190798,1.5810607140359072,-20.000000000000007
-0.179509115801908,1.5810607140359072,-20.000000000000007
-0.179509115801908,1.5810607140359072,-20.000000000000007
-0.17950911580190798,1.5810607140359072,-20.000000000000007
-0.17950911580190798,1.5810607140359072,-20.000000000000007
-0.18220996636544406,1.5747645545787243,-20.000000000000007
-0.17933485877093763,1.5832655028315097,-20.000000000000007
-0.17259283802865874,1.5472393109831906,-20.000000000000007
-0.16226514651890211,1.4799780943445653,-20.000000000000007
-0.1489623238983579,1.441250436214657,-20.000000000000007
-0.14975414285615307,1.435613454864934,-20.000000000000007
-0.16015086704143036,1.4658572207674507,-20.000000000000007
-0.16175363895024922,1.4767475548411566,-20.000000000000007
-0.1627002308005726,1.4821412217524919,-20.000000000000007
-0.16270023080057264,1.4821412217524916,-20.000000000000007
-0.17426758362483646,1.5596310191219989,-20.000000000000007
-0.17825534106184443,1.5837285229747724,-20.000000000000007
-0.17933485877093766,1.5832655028315095,-20.000000000000007
-0.17950911580190798,1.5810607140359072,-20.000000000000007
-0.1811061921972143,1.5615965088310682,-20.000000000000007
-0.1822099663654441,1.5747645545787243,-20.000000000000007
-0.1822099663654441,1.5747645545787243,-20.000000000000007
-0.1822099663654441,1.5747645545787243,-20.000000000000007
-0.18220996636544406,1.5747645545787243,-20.000000000000007
-0.18220996636544412,1.5747645545787248,-20.000000000000007
-0.18220996636544406,1.5747645545787243,-20.000000000000007
-0.1822099663654441,1.5747645545787243,-20.000000000000007
-0.18220996636544406,1.5747645545787243,-20.000000000000007
-0.17950911580190798,1.5810607140359072,-20.000000000000007
-0.17917386072802036,1.5901780441278879,-20.000000000000007
-0.1771640767216785,1.5760687284044748,-20.000000000000007
-0.16015086704143036,1.4658572207674507,-20.000000000000007
-0.15188571630985698,1.4022628753804087,-20.000000000000007
-0.16015086704143036,1.4658572207674505,-20.000000000000007
-0.16015086704143033,1.4658572207674505,-20.000000000000007
-0.1617536389502492,1.4767475548411566,-20.000000000000007
-0.1622651465189021,1.479978094344565,-20.000000000000007
-0.16491224342351885,1.4962079272044329,-20.000000000000007
-0.17426758362483646,1.5596310191219989,-20.000000000000007
-0.17716407672167844,1.5760687284044748,-20.000000000000007
-0.17716407672167844,1.5760687284044748,-20.000000000000007
-0.1771640767216785,1.5760687284044748,-20.000000000000007
-0.17933485877093766,1.5832655028315092,-20.000000000000007
-0.17950911580190804,1.5810607140359072,-20.000000000000007
-0.17950911580190798,1.5810607140359072,-20.000000000000007
-0.17950911580190795,1.5810607140359072,-20.000000000000007
-0.180374903390968,1.5624216849117094,-20.000000000000007
-0.17950911580190804,1.581060714035907,-20.000000000000007
-0.17950911580190798,1.5810607140359072,-20.000000000000007
-0.18220996636544412,1.5747645545787243,-20.000000000000007
-0.17337853243457835,1.5519365666422187,-20.000000000000007
-0.1497541574130439,1.4356391577721637,-20.000000000000007
-0.14969871320520373,1.4376750065870232,-20.000000000000007
-0.13559501490126286,1.4971204706629224,-20.000000000000007
-0.13766089245675406,1.4109848407592602,-20.000000000000007
-0.14975415741304388,1.4356391577721637,-20.000000000000007
-0.16175363895024922,1.4767475548411562,-20.000000000000007
-0.1742675836248365,1.5596310191219989,-20.000000000000007
-0.17426758362483646,1.5596310191219989,-20.000000000000007
-0.1727105924878417,1.5475677015548939,-20.000000000000007
-0.17716407672167844,1.5760687284044745,-20.000000000000007
-0.17917386072802036,1.5901780441278877,-20.000000000000007
-0.179509115801908,1.5810607140359072,-20.000000000000007
-0.1822099663654441,1.5747645545787243,-20.000000000000007
-0.18220996636544406,1.5747645545787243,-20.000000000000007
-0.1822099663654441,1.5747645545787246,-20.000000000000007
-0.18837473412143405,1.5733779606841163,-20.000000000000007
-0.192700958376343,1.6050480243124607,-20.000000000000007
-0.19945177661459146,1.6815004633019806,-20.000000000000007
-0.21114953747539908,1.8234413912639171,-20.000000000000007
-0.2049368059988345,1.7480118792564292,-20.000000000000007
-0.20156731890234342,1.7041464858470468,-20.000000000000007
-0.2046848233590407,1.7442442470352897,-20.000000000000007
-0.20460674253608638,1.7456863669336564,-20.000000000000007
-0.20151001609147665,1.70520820416318,-20.000000000000007
-0.2046067425360864,1.7456863669336564,-20.000000000000007
-0.20151001609147662,1.7052082041631798,-20.000000000000007
-0.18945532208693444,1.576362771578332,-20.000000000000007
-0.2046067425360864,1.7456863669336564,-20.000000000000007
-0.20151001609147665,1.7052082041631802,-20.000000000000007
-0.2046067425360864,1.7456863669336564,-20.000000000000007
-0.2064941340888605,1.7678607392632317,-20.000000000000007
-0.1931594325272424,1.6118386740500745,-20.000000000000007
-0.1894553220869344,1.5763627715783317,-20.000000000000007
-0.1943324947014576,1.6242792335113938,-20.000000000000007
-0.1931594325272424,1.6118386740500747,-20.000000000000007
-0.2046067425360864,1.7456863669336566,-20.000000000000007
-0.2073329248190976,1.7788242742364277,-20.000000000000007
-0.1943324947014576,1.6242792335113934,-20.000000000000007
-0.192700958376343,1.6050480243124605,-20.000000000000007
-0.1931594325272424,1.6118386740500747,-20.000000000000007
-0.18886938598024677,1.5715946146796025,-20.000000000000007
-0.18945532208693444,1.576362771578332,-20.000000000000007
-0.18915002827871114,1.5728811212556728,-20.000000000000007
-0.18842511370101275,1.5738540301251944,-20.000000000000007
-0.18885818653230282,1.5776548930151266,-20.000000000000007
-0.1894553220869344,1.576362771578332,-20.000000000000007
-0.18915002827871114,1.5728811212556728,-20.000000000000007
-0.20140419548837765,1.7053290954227358,-20.000000000000007
-0.20439732625967244,1.7465754343420863,-20.000000000000007
-0.18945532208693444,1.576362771578332,-20.000000000000007
-0.19902903365197605,1.6778574345842014,-20.000000000000007
-0.20140419548837762,1.7053290954227358,-20.000000000000007
-0.18945532208693439,1.576362771578332,-20.000000000000007
-0.20441558865906206,1.7462347759751362,-20.000000000000007
-0.19315943252724238,1.6118386740500747,-20.000000000000007
-0.18883859646648546,1.574386719126825,-20.000000000000007
-0.19082329531069092,1.5880699398860834,-20.000000000000007
-0.1943324947014576,1.6242792335113936,-20.000000000000007
-0.1931594325272424,1.6118386740500747,-20.000000000000007
-0.20649413408886053,1.7678607392632317,-20.000000000000007
-0.20460674253608638,1.7456863669336564,-20.000000000000007
-0.18945532208693444,1.5763627715783317,-20.000000000000007
-0.2046067425360864,1.7456863669336564,-20.000000000000007
-0.20151001609147662,1.70520820416318,-20.000000000000007
-0.20140419548837762,1.7053290954227354,-20.000000000000007
-0.20620692767240614,1.769504898465426,-20.000000000000007
-0.19585034827272613,1.6385653706310408,-20.000000000000007
-0.18945532208693444,1.576362771578332,-20.000000000000007
-0.1990290336519761,1.6778574345842014,-20.000000000000007
-0.19433249470145755,1.6242792335113936,-20.000000000000007
-0.2044155886590621,1.7462347759751364,-20.000000000000007
-0.2133496809684367,1.8529075364882375,-20.000000000000007
-0.2046848233590407,1.7442442470352895,-20.000000000000007
-0.20468482335904073,1.7442442470352897,-20.000000000000007
-0.21348347107761392,1.8491291362183488,-20.000000000000007
-0.20657221491181477,1.7664186193648643,-20.000000000000007
-0.2196707180523358,1.922433081977958,-20.000000000000007
-0.22091747858054356,1.9326097108935483,-20.000000000000007
-0.21274550865176572,1.8388437518029668,-20.000000000000007
-0.2134834710776139,1.849129136218349,-20.000000000000007
-0.21967071805233584,1.922433081977958,-20.000000000000007
-0.21287071948836372,1.8458102602282556,-20.000000000000007
-0.22054821640013045,1.929143864295082,-20.000000000000007
-0.22054821640013045,1.9291438642950816,-20.000000000000007
-0.20741457312008507,1.7768841777674034,-20.000000000000007
-0.21300450959754086,1.8420318599583663,-20.000000000000007
-0.2133496809684367,1.8529075364882377,-20.000000000000007
-0.20437906386028282,1.7469160927090361,-20.000000000000007
-0.2129563632659695,1.8553596150545903,-20.000000000000007
-0.2050687426388885,1.7578547762500234,-20.000000000000007
-0.18886938598024677,1.5715946146796027,-20.000000000000007
-0.18886938598024677,1.5715946146796027,-20.000000000000007
-0.18886938598024677,1.5715946146796027,-20.000000000000007
-0.1888385964664855,1.5743867191268253,-20.000000000000007
-0.2044155886590621,1.7462347759751364,-20.000000000000007
-0.20490579423254335,1.7535709179339087,-20.000000000000007
-0.1943324947014576,1.6242792335113938,-20.000000000000007
-0.20441558865906212,1.7462347759751364,-20.000000000000007
-0.20630298021183616,1.7684091483047117,-20.000000000000007
-0.2046067425360864,1.7456863669336569,-20.000000000000007
-0.22078643933381806,1.9327123740327146,-20.000000000000007
-0.2201846820963176,1.930135979578288,-20.000000000000007
-0.21103652537830947,1.8268393899515725,-20.000000000000007
-0.2134834710776139,1.8491291362183488,-20.000000000000007
-0.21967071805233584,1.922433081977958,-20.000000000000007
-0.21990894098602337,1.926001591715591,-20.000000000000007
-0.2275664376395846,1.9207875217548855,-20.000000000000007
-0.22609336372896438,1.9250955161437946,-20.000000000000007
-0.22061602805144592,1.924314222798159,-20.000000000000007
-0.22009438141336607,1.932060905344298,-20.000000000000007
-0.2135935326099057,1.8661332079566522,-20.000000000000007
-0.21921870976041324,1.9334146801275214,-20.000000000000007
-0.22144073765422823,1.9281315216308137,-20.000000000000007
-0.21935380271132043,1.931597870017623,-20.000000000000007
-0.21307067820478912,1.8539232065269253,-20.000000000000007
-0.2130706782047891,1.8539232065269253,-20.000000000000007
-0.20630298021183616,1.7684091483047113,-20.000000000000007
-0.21307067820478912,1.853923206526925,-20.000000000000007
-0.2212752797438805,1.93406106417901,-20.000000000000007
-0.2133496809684367,1.8529075364882377,-20.000000000000007
-0.21951866554376903,1.9265521406147967,-20.000000000000007
-0.22044319753079164,1.928813683017232,-20.000000000000007
-0.21951866554376903,1.926552140614797,-20.000000000000007
-0.22608622877289797,1.9260914692851094,-20.000000000000007
-0.22910974614401128,1.9212770219017477,-20.000000000000007
-0.22072104692078479,1.9246444040760093,-20.000000000000007
-0.22174008971653097,1.925033029181248,-20.000000000000007
-0.22609008238481673,1.9261094796205287,-20.000000000000007
-0.2214242868079145,1.9294335611128577,-20.000000000000007
-0.23379911394119463,1.925455068694626,-20.000000000000007
-0.23452608175534848,1.9293173658082714,-20.000000000000007
-0.22610668672834547,1.9302216087355992,-20.000000000000007
-0.22919070578708714,1.9271637242200184,-20.000000000000007
-0.22611054034026418,1.9302396190710187,-20.000000000000007
-0.2204517092827924,1.9350526994791253,-20.000000000000007
-0.23076257978529685,1.9094529098207942,-20.000000000000007
-0.22961690380174843,1.919822830656063,-20.000000000000007
-0.22022514570381868,1.9305132770558286,-20.000000000000007
-0.22172921539414442,1.9335355176097075,-20.000000000000007
-0.22688328678170022,1.9271548756354209,-20.000000000000007
-0.221498040465095,1.9270698033146805,-20.000000000000007
-0.23452608175534848,1.9293173658082714,-20.000000000000007
-0.23081244012577826,1.9092484754173964,-20.000000000000007
-0.21951866554376906,1.926552140614797,-20.000000000000007
-0.21945962331441937,1.9314769787580677,-20.000000000000007
-0.21911557977763285,1.92802936027999,-20.000000000000007
-0.2130706782047891,1.8539232065269253,-20.000000000000007
-0.22752232467153932,1.9206349862589436,-20.000000000000007
-0.2274175111583391,1.9218725433303434,-20.000000000000007
-0.2204431975307916,1.928813683017232,-20.000000000000007
-0.22129460453635677,1.9343588869981434,-20.000000000000007
-0.22054821640013045,1.9291438642950816,-20.000000000000007
-0.2191155797776328,1.9280293602799903,-20.000000000000007
-0.22148287361453656,1.9303292419337907,-20.000000000000007
-0.21920149922635893,1.9332971051390981,-20.000000000000007
-0.2124774017858964,1.8482623387946076,-20.000000000000007
-0.2129563632659695,1.8553596150545903,-20.000000000000007
-0.21299288806474873,1.8546782983206904,-20.000000000000007
-0.21421883113429419,1.8716525398055261,-20.000000000000007
-0.22172921539414442,1.933535517609708,-20.000000000000007
-0.22054553689243836,1.9333096644290924,-20.000000000000007
-0.22086860758875015,1.9319402516683455,-20.000000000000007
-0.22717162889558437,1.9254116436692479,-20.000000000000007
-0.22608622877289797,1.9260914692851094,-20.000000000000007
-0.2312314375483921,1.9063679033844283,-20.000000000000007
-0.23452608175534848,1.9293173658082712,-20.000000000000007
-0.22608622877289797,1.9260914692851094,-20.000000000000007
-0.221311858416153,1.9326936682034024,-20.000000000000007
-0.22174008971653097,1.925033029181248,-20.000000000000007
-0.22118145213423446,1.935804099229043,-20.000000000000007
-0.23220240192306207,1.9100450986577626,-20.000000000000007
-0.23626161517304015,1.9164835262217572,-20.000000000000007
-0.22756643763958462,1.9207875217548853,-20.000000000000007
-0.22966676414222986,1.9196183962526652,-20.000000000000007
-0.22012456876574127,1.9315839867608926,-20.000000000000007
-0.19927599968825094,1.6820169922625399,-20.000000000000007
-0.1930381521161568,1.6120202560143866,-20.000000000000007
-0.17716407672167844,1.5760687284044748,-20.000000000000007
-0.16175363895024922,1.4767475548411566,-20.000000000000007
-0.14975414285615307,1.435613454864934,-20.000000000000007
-0.13766089245675406,1.4109848407592602,-20.000000000000007
-0.1509864912825978,1.3992341320455803,-20.000000000000007
-0.13774689261824094,1.4138227263361496,-20.000000000000007
-0.13766089245675403,1.4109848407592605,-20.000000000000007
-0.14969871320520373,1.437675006587023,-20.000000000000007
-0.16015086704143033,1.4658572207674505,-20.000000000000007
-0.18226034594502274,1.575240624019803,-20.000000000000007
-0.18842511370101273,1.5738540301251946,-20.000000000000007
-0.18888897604606414,1.5748627885679038,-20.000000000000007
-0.18250173051842533,1.5731434678747531,-20.000000000000007
-0.17933485877093766,1.5832655028315092,-20.000000000000007
-0.179509115801908,1.5810607140359074,-20.000000000000007
-0.17716407672167847,1.5760687284044745,-20.000000000000007
-0.180374903390968,1.5624216849117096,-20.000000000000007
-0.17716407672167847,1.5760687284044745,-20.000000000000007
-0.16226514651890211,1.4799780943445653,-20.000000000000007
-0.17917386072802038,1.5901780441278879,-20.000000000000007
-0.18226034594502277,1.5752406240198031,-20.000000000000007
-0.18888897604606414,1.5748627885679038,-20.000000000000007
-0.20404430865962883,1.7471900021231155,-20.000000000000007
-0.18888897604606417,1.5748627885679038,-20.000000000000007
-0.18226034594502283,1.575240624019803,-20.000000000000007
-0.1822603459450228,1.5752406240198031,-20.000000000000007
-0.17917386072802038,1.5901780441278879,-20.000000000000007
-0.1822603459450228,1.575240624019803,-20.000000000000007
-0.17716407672167844,1.5760687284044743,-20.000000000000007
-0.17716407672167847,1.5760687284044748,-20.000000000000007
-0.1822603459450228,1.5752406240198031,-20.000000000000007
-0.1811061921972143,1.5615965088310682,-20.000000000000007
-0.18888897604606414,1.5748627885679038,-20.000000000000007
-0.18842511370101275,1.5738540301251946,-20.000000000000007
-0.18837473412143405,1.573377960684116,-20.000000000000007
-0.1822603459450228,1.5752406240198031,-20.000000000000007
-0.18067000068203443,1.5594198148107745,-20.000000000000007
-0.1822603459450228,1.5752406240198031,-20.000000000000007
-0.1804043718668858,1.561176753585045,-20.000000000000007
-0.1822603459450228,1.5752406240198031,-20.000000000000007
-0.17950911580190798,1.5810607140359072,-20.000000000000007
-0.1822603459450228,1.575240624019803,-20.000000000000007
-0.18885818653230285,1.5776548930151268,-20.000000000000007
-0.18837473412143405,1.573377960684116,-20.000000000000007
-0.1941542021624192,1.6248355056872366,-20.000000000000007
-0.18837473412143407,1.573377960684116,-20.000000000000007
-0.1822603459450228,1.5752406240198031,-20.000000000000007
-0.18226034594502277,1.575240624019803,-20.000000000000007
-0.17917386072802038,1.5901780441278879,-20.000000000000007
-0.1822603459450228,1.5752406240198031,-20.000000000000007
-0.18110619219721427,1.5615965088310682,-20.000000000000007
-0.180374903390968,1.5624216849117096,-20.000000000000007
-0.17950911580190798,1.5810607140359074,-20.000000000000007
-0.1825017305184254,1.5731434678747531,-20.000000000000007
-0.1930381521161568,1.6120202560143864,-20.000000000000007
-0.21023380688351329,1.8304416245211916,-20.000000000000007
-0.21248743473298978,1.8569242044846717,-20.000000000000007
-0.1891192387649498,1.575673225702896,-20.000000000000007
-0.18842511370101275,1.5738540301251946,-20.000000000000007
-0.18226034594502277,1.5752406240198031,-20.000000000000007
-0.179509115801908,1.5810607140359072,-20.000000000000007
-0.17933485877093763,1.5832655028315092,-20.000000000000007
-0.180374903390968,1.5624216849117094,-20.000000000000007
-0.18837473412143407,1.573377960684116,-20.000000000000007
-0.18888897604606414,1.5748627885679038,-20.000000000000007
-0.2011724582994196,1.705762081239453,-20.000000000000007
-0.19209041430059667,1.6012310609863811,-20.000000000000007
-0.1888889760460641,1.574862788567904,-20.000000000000007
-0.18888897604606414,1.5748627885679038,-20.000000000000007
-0.1822603459450228,1.575240624019803,-20.000000000000007
-0.1822603459450228,1.5752406240198034,-20.000000000000007
-0.180374903390968,1.5624216849117096,-20.000000000000007
-0.17917386072802036,1.5901780441278877,-20.000000000000007
-0.18040437186688574,1.561176753585045,-20.000000000000007
-0.1822603459450228,1.575240624019803,-20.000000000000007
-0.18942453257317315,1.5791548760255545,-20.000000000000007
-0.18888897604606417,1.5748627885679038,-20.000000000000007
-0.18942453257317313,1.5791548760255547,-20.000000000000007
-0.1822603459450228,1.575240624019803,-20.000000000000007
-0.17917386072802036,1.5901780441278874,-20.000000000000007
-0.17917386072802036,1.5901780441278879,-20.000000000000007
-0.16491224342351885,1.4962079272044326,-20.000000000000007
-0.17337853243457835,1.5519365666422185,-20.000000000000007
-0.16226514651890211,1.4799780943445653,-20.000000000000007
-0.16015086704143036,1.4658572207674505,-20.000000000000007
-0.17917386072802038,1.5901780441278879,-20.000000000000007
-0.1822603459450228,1.575240624019803,-20.000000000000007
-0.1894245325731731,1.5791548760255545,-20.000000000000007
-0.2011724582994196,1.7057620812394532,-20.000000000000007
-0.19071249072710517,1.5909698512377526,-20.000000000000007
-0.18842511370101275,1.5738540301251946,-20.000000000000007
-0.180374903390968,1.5624216849117096,-20.000000000000007
-0.17917386072802038,1.5901780441278877,-20.000000000000007
-0.16270023080057264,1.4821412217524919,-20.000000000000007
-0.16226514651890211,1.479978094344565,-20.000000000000007
-0.14975415741304388,1.4356391577721639,-20.000000000000007
-0.1622651465189021,1.4799780943445655,-20.000000000000007
-0.1822603459450228,1.5752406240198031,-20.000000000000007
-0.18837473412143407,1.573377960684116,-20.000000000000007
-0.2011724582994196,1.705762081239453,-20.000000000000007
-0.18942453257317313,1.5791548760255547,-20.000000000000007
-0.1822603459450228,1.575240624019803,-20.000000000000007
-0.179509115801908,1.5810607140359074,-20.000000000000007
-0.16491224342351885,1.4962079272044329,-20.000000000000007
-0.17337853243457832,1.5519365666422187,-20.000000000000007
-0.16491224342351885,1.4962079272044329,-20.000000000000007
-0.17548244831557921,1.566996165209496,-20.000000000000007
-0.17950911580190804,1.5810607140359072,-20.000000000000007
-0.1822603459450228,1.575240624019803,-20.000000000000007
-0.18842511370101278,1.5738540301251946,-20.000000000000007
-0.1822603459450228,1.5752406240198034,-20.000000000000007
-0.18226034594502277,1.5752406240198034,-20.000000000000007
-0.17716407672167844,1.5760687284044748,-20.000000000000007
-0.16491224342351887,1.4962079272044326,-20.000000000000007
-0.16491224342351885,1.4962079272044329,-20.000000000000007
-0.16015086704143036,1.4658572207674503,-20.000000000000007
-0.16491224342351887,1.4962079272044329,-20.000000000000007
-0.16175363895024922,1.4767475548411566,-20.000000000000007
-0.17426758362483646,1.5596310191219986,-20.000000000000007
-0.17950911580190798,1.5810607140359074,-20.000000000000007
-0.18837473412143407,1.573377960684116,-20.000000000000007
-0.1894245325731731,1.5791548760255547,-20.000000000000007
-0.18885818653230282,1.5776548930151266,-20.000000000000007
-0.18837473412143405,1.573377960684116,-20.000000000000007
-0.179509115801908,1.5810607140359072,-20.000000000000007
-0.16491224342351887,1.4962079272044326,-20.000000000000007
-0.1627002308005726,1.4821412217524914,-20.000000000000007
-0.1497541574130439,1.4356391577721637,-20.000000000000007
-0.16175363895024922,1.4767475548411562,-20.000000000000007
-0.17716407672167844,1.5760687284044748,-20.000000000000007
-0.18226034594502277,1.575240624019803,-20.000000000000007
-0.18885818653230282,1.5776548930151266,-20.000000000000007
-0.1894245325731731,1.579154876025555,-20.000000000000007
-0.18888897604606414,1.5748627885679038,-20.000000000000007
-0.18226034594502283,1.575240624019803,-20.000000000000007
-0.1804043718668858,1.5611767535850447,-20.000000000000007
-0.17337853243457832,1.5519365666422187,-20.000000000000007
-0.16015086704143033,1.4658572207674503,-20.000000000000007
-0.1617536389502492,1.4767475548411566,-20.000000000000007
-0.151885716309857,1.402262875380409,-20.000000000000007
-0.17825534106184443,1.5837285229747724,-20.000000000000007
-0.1822603459450228,1.5752406240198034,-20.000000000000007
-0.18837473412143407,1.573377960684116,-20.000000000000007
-0.18842511370101275,1.5738540301251949,-20.000000000000007
-0.18226034594502277,1.575240624019803,-20.000000000000007
-0.17716407672167847,1.5760687284044748,-20.000000000000007
-0.16015086704143033,1.4658572207674503,-20.000000000000007
-0.14975414285615307,1.4356134548649337,-20.000000000000007
-0.1377468926182409,1.4138227263361496,-20.000000000000007
-0.1489623238983579,1.441250436214657,-20.000000000000007
-0.14975415741304388,1.4356391577721634,-20.000000000000007
-0.17359964367809982,1.5552621540346743,-20.000000000000007
-0.18226034594502277,1.575240624019803,-20.000000000000007
-0.18837473412143407,1.5733779606841163,-20.000000000000007
-0.18837473412143407,1.5733779606841163,-20.000000000000007
-0.18226034594502277,1.5752406240198031,-20.000000000000007
-0.17694296547815702,1.572743141012019,-20.000000000000007
-0.17548244831557921,1.566996165209496,-20.000000000000007
-0.16491224342351885,1.4962079272044329,-20.000000000000007
-0.1622651465189021,1.4799780943445653,-20.000000000000007
-0.1509864912825978,1.3992341320455806,-20.000000000000007
-0.15098649128259778,1.3992341320455806,-20.000000000000007
-0.17950911580190798,1.5810607140359074,-20.000000000000007
-0.18837473412143407,1.573377960684116,-20.000000000000007
-0.18942453257317313,1.5791548760255547,-20.000000000000007
-0.19071249072710517,1.5909698512377526,-20.000000000000007
-0.18226034594502277,1.575240624019803,-20.000000000000007
-0.17917386072802038,1.5901780441278877,-20.000000000000007
-0.16015086704143033,1.4658572207674505,-20.000000000000007
-0.1509864912825978,1.3992341320455806,-20.000000000000007
-0.14975414285615304,1.435613454864934,-20.000000000000007
-0.1377468926182409,1.4138227263361496,-20.000000000000007
-0.1377468926182409,1.4138227263361496,-20.000000000000007
-0.16226514651890211,1.479978094344565,-20.000000000000007
-0.18226034594502277,1.5752406240198031,-20.000000000000007
-0.18885818653230282,1.5776548930151266,-20.000000000000007
-0.1894245325731731,1.5791548760255547,-20.000000000000007
-0.18250173051842536,1.5731434678747531,-20.000000000000007
-0.17917386072802038,1.5901780441278877,-20.000000000000007
-0.16226514651890211,1.479978094344565,-20.000000000000007
-0.14975414285615307,1.435613454864934,-20.000000000000007
-0.14975414285615307,1.435613454864934,-20.000000000000007
-0.14969871320520373,1.437675006587023,-20.000000000000007
-0.1377468926182409,1.4138227263361496,-20.000000000000007
-0.1509864912825978,1.3992341320455806,-20.000000000000007
-0.17716407672167847,1.5760687284044745,-20.000000000000007
-0.1822603459450228,1.575240624019803,-20.000000000000007
-0.1822603459450228,1.575240624019803,-20.000000000000007
-0.18226034594502277,1.575240624019803,-20.000000000000007
-0.16491224342351885,1.4962079272044329,-20.000000000000007
-0.15098676968313507,1.3990909895297734,-20.000000000000007
-0.15098676968313507,1.3990909895297734,-20.000000000000007
-0.14975414285615307,1.435613454864934,-20.000000000000007
-0.14975415741304388,1.4356391577721637,-20.000000000000007
-0.14969871320520373,1.437675006587023,-20.000000000000007
-0.1617536389502492,1.4767475548411566,-20.000000000000007
-0.180374903390968,1.5624216849117094,-20.000000000000007
-0.18250173051842533,1.5731434678747531,-20.000000000000007
-0.18888897604606417,1.5748627885679038,-20.000000000000007
-0.18837473412143405,1.573377960684116,-20.000000000000007
-0.17933485877093766,1.5832655028315092,-20.000000000000007
-0.16015086704143033,1.4658572207674503,-20.000000000000007
-0.14969871320520373,1.437675006587023,-20.000000000000007
-0.1377468926182409,1.4138227263361496,-20.000000000000007
-0.13766089245675406,1.4109848407592605,-20.000000000000007
-0.14969871320520373,1.4376750065870232,-20.000000000000007
-0.16491224342351885,1.4962079272044329,-20.000000000000007
-0.17917386072802038,1.5901780441278877,-20.000000000000007
-0.18226034594502277,1.5752406240198031,-20.000000000000007
-0.18837473412143407,1.5733779606841163,-20.000000000000007
-0.18226034594502277,1.575240624019803,-20.000000000000007
-0.17825534106184446,1.5837285229747722,-20.000000000000007
-0.15280423597603296,1.4087123965335244,-20.000000000000007
-0.14969871320520373,1.4376750065870232,-20.000000000000007
-0.13766089245675406,1.4109848407592605,-20.000000000000007
-0.1377468926182409,1.4138227263361496,-20.000000000000007
-0.14969871320520373,1.4376750065870232,-20.000000000000007
-0.15188571630985698,1.402262875380409,-20.000000000000007
-0.17917386072802038,1.5901780441278879,-20.000000000000007
-0.1806700006820344,1.559419814810775,-20.000000000000007
-0.18226034594502277,1.5752406240198034,-20.000000000000007
-0.18067000068203443,1.5594198148107745,-20.000000000000007
-0.17337853243457838,1.5519365666422185,-20.000000000000007
-0.16175363895024922,1.4767475548411566,-20.000000000000007
-0.14969871320520375,1.4376750065870232,-20.000000000000007
-0.13766089245675406,1.4109848407592605,-20.000000000000007
-0.13634314369070832,1.4690918166037121,-20.000000000000007
-0.13766089245675406,1.4109848407592605,-20.000000000000007
-0.16015086704143033,1.4658572207674503,-20.000000000000007
-0.17694296547815702,1.5727431410120192,-20.000000000000007
-0.179509115801908,1.5810607140359072,-20.000000000000007
-0.180374903390968,1.5624216849117092,-20.000000000000007
-0.179509115801908,1.5810607140359072,-20.000000000000007
-0.1733785324345783,1.5519365666422187,-20.000000000000007
-0.16015086704143036,1.4658572207674503,-20.000000000000007
-0.14969871320520373,1.4376750065870232,-20.000000000000007
-0.1362648890948696,1.477604195252314,-20.000000000000007
-0.13559501490126286,1.4971204706629226,-20.000000000000007
-0.13559501490126288,1.4971204706629226,-20.000000000000007
-0.16015086704143036,1.4658572207674505,-20.000000000000007
-0.17917386072802038,1.5901780441278879,-20.000000000000007
-0.18226034594502277,1.575240624019803,-20.000000000000007
-0.1822603459450228,1.5752406240198031,-20.000000000000007
-0.1742675836248365,1.5596310191219986,-20.000000000000007
-0.16015086704143036,1.4658572207674503,-20.000000000000007
-0.14896232389835787,1.4412504362146568,-20.000000000000007
-0.13766089245675403,1.4109848407592602,-20.000000000000007
-0.13559501490126288,1.4971204706629224,-20.000000000000007
-0.13523645424514372,1.4956132648969094,-20.000000000000007
-0.13541503259313706,1.4948226663941324,-20.000000000000007
-0.14975415741304388,1.4356391577721637,-20.000000000000007
-0.1811061921972143,1.5615965088310682,-20.000000000000007
-0.1888889760460641,1.5748627885679038,-20.000000000000007
-0.1894245325731731,1.5791548760255547,-20.000000000000007
-0.1822603459450228,1.575240624019803,-20.000000000000007
-0.17337853243457835,1.5519365666422185,-20.000000000000007
-0.14969871320520375,1.4376750065870232,-20.000000000000007
-0.13766089245675406,1.4109848407592602,-20.000000000000007
-0.13626488909486958,1.4776041952523142,-20.000000000000007
-0.13559501490126286,1.4971204706629224,-20.000000000000007
-0.13559501490126286,1.4971204706629224,-20.000000000000007
-0.16015086704143036,1.4658572207674503,-20.000000000000007
-0.1822603459450228,1.5752406240198031,-20.000000000000007
-0.18842511370101273,1.5738540301251946,-20.000000000000007
-0.1894245325731731,1.5791548760255545,-20.000000000000007
-0.1822603459450228,1.575240624019803,-20.000000000000007
-0.16226514651890211,1.4799780943445653,-20.000000000000007
-0.14969871320520375,1.4376750065870232,-20.000000000000007
-0.13766089245675403,1.4109848407592605,-20.000000000000007
-0.1363431436907083,1.469091816603712,-20.000000000000007
-0.13559501490126286,1.4971204706629226,-20.000000000000007
-0.1352364542451437,1.4956132648969094,-20.000000000000007
-0.14961452095757005,1.4408829749123404,-20.000000000000007
-0.1771640767216785,1.5760687284044748,-20.000000000000007
-0.18226034594502277,1.575240624019803,-20.000000000000007
-0.18885818653230282,1.5776548930151266,-20.000000000000007
-0.1822603459450228,1.575240624019803,-20.000000000000007
-0.1622651465189021,1.479978094344565,-20.000000000000007
-0.1489623238983579,1.441250436214657,-20.000000000000007
-0.13634314369070832,1.469091816603712,-20.000000000000007
-0.1362648890948696,1.4776041952523142,-20.000000000000007
-0.13634314369070832,1.4690918166037121,-20.000000000000007
-0.13634314369070832,1.4690918166037121,-20.000000000000007
-0.14975415741304388,1.4356391577721637,-20.000000000000007
-0.17917386072802038,1.5901780441278879,-20.000000000000007
-0.18837473412143405,1.5733779606841165,-20.000000000000007
-0.1891192387649498,1.5756732257028958,-20.000000000000007
-0.18837473412143407,1.5733779606841163,-20.000000000000007
-0.176942965478157,1.572743141012019,-20.000000000000007
-0.14896232389835787,1.441250436214657,-20.000000000000007
-0.1362648890948696,1.4776041952523142,-20.000000000000007
-0.13559501490126286,1.4971204706629226,-20.000000000000007
-0.1362648890948696,1.4776041952523142,-20.000000000000007
-0.13766089245675403,1.4109848407592602,-20.000000000000007
-0.15280423597603296,1.4087123965335242,-20.000000000000007
-0.179509115801908,1.5810607140359072,-20.000000000000007
-0.18837473412143405,1.573377960684116,-20.000000000000007
-0.1891192387649498,1.5756732257028956,-20.000000000000007
-0.18842511370101275,1.573854030125195,-20.000000000000007
-0.1793348587709377,1.5832655028315092,-20.000000000000007
-0.151885716309857,1.402262875380409,-20.000000000000007
-0.1377468926182409,1.4138227263361496,-20.000000000000007
-0.13634314369070832,1.469091816603712,-20.000000000000007
-0.13559501490126286,1.4971204706629224,-20.000000000000007
-0.13766089245675406,1.4109848407592602,-20.000000000000007
-0.14969871320520373,1.4376750065870232,-20.000000000000007
-0.151885716309857,1.4022628753804087,-20.000000000000007
-0.1733785324345783,1.5519365666422187,-20.000000000000007
-0.16015086704143036,1.4658572207674507,-20.000000000000007
-0.13774689261824094,1.4138227263361496,-20.000000000000007
-0.1352364542451437,1.4956132648969092,-20.000000000000007
-0.13160506288298884,1.5132325960306732,-20.000000000000007
-0.1254040801820389,1.5225047004235046,-20.000000000000007
-0.1240512949293299,1.5281230603556573,-20.000000000000007
-0.12405129492932987,1.528123060355657,-20.000000000000007
-0.12405129492932988,1.5281230603556573,-20.000000000000007
-0.11023310443464365,1.5300533484745644,-20.000000000000007
-0.11023310443464367,1.5300533484745644,-20.000000000000007
-0.11023310443464367,1.5300533484745644,-20.000000000000007
-0.11023310443464365,1.5300533484745646,-20.000000000000007
-0.11095734796566889,1.5311353815265418,-20.000000000000007
-0.11023310443464367,1.5300533484745644,-20.000000000000007
-0.1109573479656689,1.5311353815265418,-20.000000000000007
-0.11023310443464365,1.5300533484745646,-20.000000000000007
-0.11095734796566889,1.5311353815265416,-20.000000000000007
-0.1109573479656689,1.5311353815265414,-20.000000000000007
-0.11095734796566889,1.5311353815265414,-20.000000000000007
-0.11023310443464365,1.5300533484745646,-20.000000000000007
-0.11095734796566892,1.5311353815265414,-20.000000000000007
-0.11095734796566889,1.5311353815265414,-20.000000000000007
-0.11095734796566889,1.5311353815265414,-20.000000000000007
-0.11095734796566889,1.5311353815265414,-20.000000000000007
-0.1109573479656689,1.5311353815265416,-20.000000000000007
-0.1109573479656689,1.5311353815265414,-20.000000000000007
-0.11095734796566889,1.5311353815265414,-20.000000000000007
-0.11095734796566889,1.5311353815265414,-20.000000000000007
-0.1109573479656689,1.5311353815265414,-20.000000000000007
-0.1109573479656689,1.5311353815265412,-20.000000000000007
-0.11095734796566889,1.5311353815265414,-20.000000000000007
-0.1109573479656689,1.5311353815265416,-20.000000000000007
-0.1109573479656689,1.5311353815265414,-20.000000000000007
-0.1109573479656689,1.5311353815265416,-20.000000000000007
-0.11095734796566892,1.5311353815265416,-20.000000000000007
-0.1109573479656689,1.5311353815265414,-20.000000000000007
-0.1109573479656689,1.5311353815265414,-20.000000000000007
-0.1109573479656689,1.5311353815265416,-20.000000000000007
-0.11095734796566889,1.5311353815265414,-20.000000000000007
-0.11095734796566889,1.5311353815265414,-20.000000000000007
-0.13500799762049986,1.4901723146345816,-20.000000000000007
-0.18888897604606417,1.574862788567904,-20.000000000000007
-0.26483581410672785,1.7601820209114332,-20.000000000000007
-0.31139611187589245,1.4997807214720085,-20.000000000000007
-0.32872643407082924,1.4987548710115841,-20.000000000000007
-0.32612066196835,1.4994580046823756,-20.000000000000007
-0.31511441803313867,1.4952341189226164,-20.000000000000007
-0.3038398058026761,1.5148880446010446,-20.000000000000007
-0.2956910676318977,1.5926318572276164,-20.000000000000007
-0.2833736518687975,1.5446479434901907,-20.000000000000007
-0.27662981616167137,1.6081022753105605,-20.000000000000007
-0.28030097746948446,1.5050780362816019,-20.000000000000007
-0.2805412020731414,1.5045931605203235,-20.000000000000007
-0.27880329825423655,1.4904449079077358,-20.000000000000007
-0.2757738700705956,1.5931491971963945,-20.000000000000007
-0.2487360167035274,1.771228394337578,-20.000000000000007
-0.2299569879941993,1.9257483738802674,-20.000000000000007
-0.21297145694215705,1.8551211557628875,-20.000000000000007
-0.1891192387649498,1.5756732257028956,-20.000000000000007
-0.18888897604606414,1.574862788567904,-20.000000000000007
-0.18842511370101273,1.5738540301251946,-20.000000000000007
-0.18942453257317313,1.5791548760255547,-20.000000000000007
-0.18842511370101275,1.5738540301251946,-20.000000000000007
-0.20587468808445006,1.7697390646642215,-20.000000000000007
-0.18911923876494982,1.5756732257028956,-20.000000000000007
-0.1888889760460642,1.574862788567904,-20.000000000000007
-0.20587468808445006,1.7697390646642217,-20.000000000000007
-0.1822603459450228,1.5752406240198034,-20.000000000000007
-0.21248743473298978,1.8569242044846717,-20.000000000000007
-0.1894245325731731,1.5791548760255545,-20.000000000000007
-0.20404430865962883,1.7471900021231155,-20.000000000000007
-0.21248743473298978,1.8569242044846717,-20.000000000000007
-0.18842511370101273,1.5738540301251946,-20.000000000000007
-0.21297145694215702,1.8551211557628875,-20.000000000000007
-0.18842511370101273,1.5738540301251949,-20.000000000000007
-0.21248743473298976,1.8569242044846717,-20.000000000000007
-0.21110063009137867,1.8362346021145037,-20.000000000000007
-0.18885818653230285,1.5776548930151266,-20.000000000000007
-0.2196570342500176,1.93847326178661,-20.000000000000007
-0.18842511370101275,1.5738540301251946,-20.000000000000007
-0.21851335106583322,1.9363396679201959,-20.000000000000007
-0.21067656375141944,1.8287123508592724,-20.000000000000007
-0.1931206827986792,1.611872705894656,-20.000000000000007
-0.2120497385941779,1.8497531531648241,-20.000000000000007
-0.18911923876494982,1.5756732257028956,-20.000000000000007
-0.22117610000737897,1.937196569906587,-20.000000000000007
-0.2452776421772323,1.8236949821295783,-20.000000000000007
-0.2560323469525233,1.7677169602188454,-20.000000000000007
-0.2670174255404718,1.7647516582318379,-20.000000000000007
-0.27795934986810755,1.5064042915326301,-20.000000000000007
-0.2786779729120955,1.4793883314631038,-20.000000000000007
-0.27796298571153877,1.5064299668154149,-20.000000000000007
-0.27949001996943235,1.4682209696905222,-20.000000000000007
-0.2790418615852196,1.4658209857437952,-20.000000000000007
-0.2689145148419332,1.7307917784395808,-20.000000000000007
-0.2798454982039166,1.5151393536741802,-20.000000000000007
-0.2645551533522055,1.7623413099094312,-20.000000000000007
-0.27803390902824304,1.513882360230642,-20.000000000000007
-0.25526922787980694,1.7694727509399142,-20.000000000000007
-0.24823806907364837,1.7865500278208692,-20.000000000000007
-0.2290344770755029,1.9276403862238336,-20.000000000000007
-0.18942453257317313,1.5791548760255547,-20.000000000000007
-0.2040443086596288,1.7471900021231155,-20.000000000000007
-0.18226034594502277,1.575240624019803,-20.000000000000007
-0.18885818653230285,1.5776548930151266,-20.000000000000007
-0.18250173051842533,1.5731434678747531,-20.000000000000007
-0.1822603459450228,1.575240624019803,-20.000000000000007
-0.18911923876494982,1.5756732257028956,-20.000000000000007
-0.179509115801908,1.5810607140359072,-20.000000000000007
-0.19569031813307733,1.6387809844399344,-20.000000000000007
-0.18250173051842536,1.5731434678747531,-20.000000000000007
-0.18942453257317313,1.5791548760255547,-20.000000000000007
-0.19075375606836634,1.5908960761778872,-20.000000000000007
-0.1822603459450228,1.575240624019803,-20.000000000000007
-0.2042962912994226,1.750957634344255,-20.000000000000007
-0.18226034594502277,1.575240624019803,-20.000000000000007
-0.21248743473298978,1.8569242044846717,-20.000000000000007
-0.19944106105329562,1.6817218920230792,-20.000000000000007
-0.18888897604606417,1.574862788567904,-20.000000000000007
-0.2040443086596288,1.7471900021231155,-20.000000000000007
-0.17950911580190798,1.5810607140359074,-20.000000000000007
-0.21023380688351329,1.8304416245211914,-20.000000000000007
-0.18842511370101273,1.5738540301251946,-20.000000000000007
-0.18911923876494982,1.5756732257028956,-20.000000000000007
-0.20137193150454388,1.7093646228216675,-20.000000000000007
-0.18040437186688577,1.5611767535850447,-20.000000000000007
-0.20404430865962883,1.7471900021231155,-20.000000000000007
-0.18837473412143407,1.573377960684116,-20.000000000000007
-0.1894245325731731,1.5791548760255547,-20.000000000000007
-0.24338853031189456,1.8376016976324685,-20.000000000000007
-0.26635593286668163,1.7603067244530748,-20.000000000000007
-0.2972737316330034,1.583514315684055,-20.000000000000007
-0.3197525167166737,1.497069427377498,-20.000000000000007
-0.31891384171453113,1.4965487794984973,-20.000000000000007
-0.3091391509722712,1.5060123200904287,-20.000000000000007
-0.3058627667033551,1.5073699889170724,-20.000000000000007
-0.29639580626141554,1.5926563644579046,-20.000000000000007
-0.2808071416194219,1.5096848200107795,-20.000000000000007
-0.2645551533522055,1.762341309909431,-20.000000000000007
-0.2615103053920279,1.7673468100940282,-20.000000000000007
-0.25684788577906387,1.7709512487916839,-20.000000000000007
-0.2549620868411279,1.771807764152899,-20.000000000000007
-0.24818437533193147,1.787749155276194,-20.000000000000007
-0.24451821561584366,1.8284025365562286,-20.000000000000007
-0.21297145694215702,1.8551211557628875,-20.000000000000007
-0.21023380688351329,1.8304416245211912,-20.000000000000007
-0.2043891263110746,1.746757119847901,-20.000000000000007
-0.1822603459450228,1.575240624019803,-20.000000000000007
-0.18942453257317313,1.5791548760255547,-20.000000000000007
-0.18226034594502277,1.575240624019803,-20.000000000000007
-0.18837473412143407,1.5733779606841163,-20.000000000000007
-0.18842511370101273,1.5738540301251949,-20.000000000000007
-0.1811061921972143,1.5615965088310686,-20.000000000000007
-0.19303815211615682,1.6120202560143864,-20.000000000000007
-0.1822603459450228,1.5752406240198034,-20.000000000000007
-0.20117245829941957,1.705762081239453,-20.000000000000007
-0.18888897604606414,1.5748627885679038,-20.000000000000007
-0.18837473412143405,1.573377960684116,-20.000000000000007
-0.2040443086596288,1.7471900021231153,-20.000000000000007
-0.18226034594502277,1.5752406240198031,-20.000000000000007
-0.2040443086596288,1.7471900021231153,-20.000000000000007
-0.18842511370101273,1.5738540301251946,-20.000000000000007
-0.18942453257317313,1.5791548760255547,-20.000000000000007
-0.19079502140962748,1.5908223011180223,-20.000000000000007
-0.18885818653230285,1.577654893015127,-20.000000000000007
-0.21248743473298976,1.8569242044846717,-20.000000000000007
-0.18885818653230285,1.577654893015127,-20.000000000000007
-0.20429629129942256,1.750957634344255,-20.000000000000007
-0.20139347992708184,1.7055505241438342,-20.000000000000007
-0.18837473412143407,1.5733779606841158,-20.000000000000007
-0.21023380688351329,1.8304416245211914,-20.000000000000007
-0.18842511370101273,1.5738540301251946,-20.000000000000007
-0.1942367328449415,1.624687955567506,-20.000000000000007
-0.21851335106583322,1.936339667920196,-20.000000000000007
-0.22903447707550287,1.9276403862238336,-20.000000000000007
-0.25375436341010527,1.7681209896518113,-20.000000000000007
-0.26554475678581557,1.7640050352116357,-20.000000000000007
-0.27537338108482107,1.5787915297789388,-20.000000000000007
-0.2670174255404718,1.7647516582318383,-20.000000000000007
-0.26430046527525786,1.7598375359401592,-20.000000000000007
-0.26172544694559735,1.7661793459212412,-20.000000000000007
-0.25493350224142575,1.7718608969257508,-20.000000000000007
-0.2549335022414257,1.7718608969257508,-20.000000000000007
-0.2549620868411279,1.7718077641528993,-20.000000000000007
-0.24839724581557182,1.7826858814747113,-20.000000000000007
-0.24950546769882767,1.7506184474221236,-20.000000000000007
-0.24753611064781525,1.7981305890838024,-20.000000000000007
-0.22760144644216085,1.9245423734898095,-20.000000000000007
-0.22090647214137546,1.9372251416090736,-20.000000000000007
-0.2196570342500176,1.93847326178661,-20.000000000000007
-0.18942453257317313,1.5791548760255545,-20.000000000000007
-0.21248743473298978,1.8569242044846719,-20.000000000000007
-0.1894245325731731,1.5791548760255547,-20.000000000000007
-0.18837473412143405,1.5733779606841163,-20.000000000000007
-0.2040443086596288,1.7471900021231155,-20.000000000000007
-0.1822603459450228,1.575240624019803,-20.000000000000007
-0.21248743473298978,1.8569242044846714,-20.000000000000007
-0.19885325672563559,1.6783739635447608,-20.000000000000007
-0.18888897604606414,1.5748627885679038,-20.000000000000007
-0.21827512813214564,1.9327711581825628,-20.000000000000007
-0.18837473412143407,1.5733779606841163,-20.000000000000007
-0.21851335106583322,1.9363396679201959,-20.000000000000007
-0.20438912631107456,1.7467571198479006,-20.000000000000007
-0.2047365030509324,1.7580889424488189,-20.000000000000007
-0.21248743473298978,1.8569242044846717,-20.000000000000007
-0.1894245325731731,1.5791548760255547,-20.000000000000007
-0.2182751281321456,1.932771158182563,-20.000000000000007
-0.18885818653230285,1.5776548930151268,-20.000000000000007
-0.21248743473298978,1.8569242044846719,-20.000000000000007
-0.20438912631107453,1.746757119847901,-20.000000000000007
-0.1894245325731731,1.5791548760255547,-20.000000000000007
-0.21827512813214564,1.9327711581825628,-20.000000000000007
-0.18837473412143405,1.5733779606841163,-20.000000000000007
-0.2182751281321456,1.9327711581825628,-20.000000000000007
-0.20139347992708184,1.7055505241438342,-20.000000000000007
-0.20404430865962886,1.7471900021231153,-20.000000000000007
-0.23358586926747646,1.9295563077585556,-20.000000000000007
-0.25055606359524296,1.7234002062178235,-20.000000000000007
-0.2943932088751053,1.5946848216936949,-20.000000000000007
-0.31823729031896264,1.4971833337326208,-20.000000000000007
-0.3311496306870764,1.4985329447447804,-20.000000000000007
-0.32140968345980897,1.4987420996889258,-20.000000000000007
-0.31406933041507074,1.5006514276097782,-20.000000000000007
-0.30329480295817735,1.5207582479687787,-20.000000000000007
-0.29471605163260184,1.5961285840760056,-20.000000000000007
-0.2831196118334366,1.545280279474701,-20.000000000000007
-0.2799907055620182,1.5182493390299032,-20.000000000000007
-0.26669733637484383,1.7652218519100125,-20.000000000000007
-0.2531994915135074,1.756842226038719,-20.000000000000007
-0.2502845554208488,1.7235141714337496,-20.000000000000007
-0.2360910668349414,1.918571246787839,-20.000000000000007
-0.22140461161028013,1.9284170608693034,-20.000000000000007
-0.22903447707550284,1.927640386223834,-20.000000000000007
-0.2216540489387192,1.9345421167973806,-20.000000000000007
-0.23090645405062973,1.9115449702339888,-20.000000000000007
-0.2198223512704576,1.9349553125420453,-20.000000000000007
-0.18885818653230282,1.5776548930151266,-20.000000000000007
-0.1930381521161568,1.6120202560143864,-20.000000000000007
-0.17950911580190798,1.5810607140359072,-20.000000000000007
-0.21249249546208404,1.848023879502905,-20.000000000000007
-0.20138593308898803,1.7056697537896859,-20.000000000000007
-0.18832435454185537,1.5729018912430375,-20.000000000000007
-0.22054821640013048,1.9291438642950818,-20.000000000000007
-0.17506914439190818,1.5677190487190198,-20.000000000000007
-0.23577615157173537,1.9139808551233317,-20.000000000000007
-0.2271860468460981,1.9204048324940464,-20.000000000000007
-0.23476005108754983,1.9246267303173614,-20.000000000000007
-0.24912237621217415,1.7426063882047866,-20.000000000000007
-0.20279075708190072,1.764371281991521,-20.000000000000007
-0.25463561087213804,1.758644131117682,-20.000000000000007
-0.22164106841618958,1.9189519988593977,-20.000000000000007
-0.2536220334740542,1.7571569920026064,-20.000000000000007
-0.24770498968745447,1.7812067663578977,-20.000000000000007
-0.19605052332794443,1.6994507469824103,-20.000000000000007
-0.2504317888837009,1.6939228483450313,-20.000000000000007
-0.20027514795820836,1.7399956220515302,-20.000000000000007
-0.2602966550969062,1.7653747284390904,-20.000000000000007
-0.253408952110455,1.7543464626275467,-20.000000000000007
-0.2258618994167234,1.9236278053074978,-20.000000000000007
-0.2491223762121741,1.7426063882047864,-20.000000000000007
-0.20506874263888847,1.7578547762500234,-20.000000000000007
-0.23440823261138902,1.9331740021179948,-20.000000000000007
-0.24983746969752976,1.7350726326056742,-20.000000000000007
-0.25603234695252336,1.767716960218845,-20.000000000000007
-0.26701742554047175,1.764751658231838,-20.000000000000007
-0.27790839685100754,1.5064756013616163,-20.000000000000007
-0.26587342307948075,1.7612089993226447,-20.000000000000007
-0.2676596131775659,1.752265228312896,-20.000000000000007
-0.2667565134828852,1.7618320179012814,-20.000000000000007
-0.2667565134828852,1.7618320179012814,-20.000000000000007
-0.278757928389648,1.4731592481629834,-20.000000000000007
-0.2670090250772012,1.7670887693098811,-20.000000000000007
-0.26456008800822733,1.762286425998437,-20.000000000000007
-0.26302084276094184,1.762083301833162,-20.000000000000007
-0.25566094055508704,1.7606473690537876,-20.000000000000007
-0.2546237366083259,1.763849014721409,-20.000000000000007
-0.25637091579863236,1.7644380145528287,-20.000000000000007
-0.2536220334740542,1.7571569920026067,-20.000000000000007
-0.2565981846719644,1.7632821483535674,-20.000000000000007
-0.24770498968745444,1.7812067663578972,-20.000000000000007
-0.2204821769852884,1.923800913523506,-20.000000000000007
-0.21130833554320236,1.8442455675242198,-20.000000000000007
-0.18915002827871114,1.5728811212556728,-20.000000000000007
-0.20438912631107453,1.7467571198479008,-20.000000000000007
-0.2204172882146837,1.9348175495022781,-20.000000000000007
-0.22741751115833908,1.9218725433303434,-20.000000000000007
-0.22171933042044595,1.9208641799238848,-20.000000000000007
-0.23577615157173537,1.9139808551233315,-20.000000000000007
-0.23826218031341156,1.8915699774047923,-20.000000000000007
-0.24781892692694574,1.779291626267218,-20.000000000000007
-0.2483319588100249,1.768066007282747,-20.000000000000007
-0.24444683310721677,1.8145508910196502,-20.000000000000007
-0.2504660493711075,1.6944530197012422,-20.000000000000007
-0.24360104577636235,1.8280958422101627,-20.000000000000007
-0.24812938511712435,1.7856504139612348,-20.000000000000007
-0.23681743567202893,1.9124060870551745,-20.000000000000007
-0.22646905843047482,1.923997372221255,-20.000000000000007
-0.2271860468460981,1.9204048324940464,-20.000000000000007
-0.22718604684609817,1.9204048324940461,-20.000000000000007
-0.2326152183858484,1.911174715250826,-20.000000000000007
-0.24541972912931204,1.8094787946527204,-20.000000000000007
-0.2444468331072167,1.81455089101965,-20.000000000000007
-0.22984636498183236,1.9193688661135155,-20.000000000000007
-0.22984636498183234,1.9193688661135158,-20.000000000000007
-0.22745291741602414,1.9252796186882066,-20.000000000000007
-0.2495054676988277,1.7506184474221236,-20.000000000000007
-0.2791294503324053,1.4624896225013033,-20.000000000000007
-0.30106641906442105,1.5461640641260914,-20.000000000000007
-0.310361139847631,1.5016702044286503,-20.000000000000007
-0.3150880566979512,1.494088291462513,-20.000000000000007
-0.3009753816825688,1.5478856504334075,-20.000000000000007
-0.29677184808628493,1.5900492433267406,-20.000000000000007
-0.2828219018404092,1.5372665680078783,-20.000000000000007
-0.280191365803607,1.5078449789062125,-20.000000000000007
-0.2807866153310694,1.5114112648091447,-20.000000000000007
-0.266195371822927,1.7630951428010573,-20.000000000000007
-0.27901457381603134,1.5403499202550273,-20.000000000000007
-0.26380509311029315,1.762718860036934,-20.000000000000007
-0.24959681875243384,1.7383730681082779,-20.000000000000007
-0.2503836637376047,1.7099445186385254,-20.000000000000007
-0.2491537003667431,1.7401525997321168,-20.000000000000007
-0.24770498968745447,1.7812067663578974,-20.000000000000007
-0.25306093785676187,1.7448217373348838,-20.000000000000007
-0.23113561161556187,1.906514654803199,-20.000000000000007
-0.2258618994167234,1.9236278053074978,-20.000000000000007
-0.22132548951472814,1.9286160178736897,-20.000000000000007
-0.21414104099425377,1.8724076315992915,-20.000000000000007
-0.21297145694215708,1.8551211557628875,-20.000000000000007
-0.21295636326596953,1.8553596150545903,-20.000000000000007
-0.21348347107761392,1.8491291362183486,-20.000000000000007
-0.20024469689215904,1.7412211863012739,-20.000000000000007
-0.2217193304204459,1.920864179923885,-20.000000000000007
-0.22994567150625356,1.919538769158157,-20.000000000000007
-0.23577615157173543,1.9139808551233313,-20.000000000000007
-0.24382110599936807,1.822101632374892,-20.000000000000007
-0.24857298907910225,1.7619215994611606,-20.000000000000007
-0.24857298907910225,1.7619215994611608,-20.000000000000007
-0.24838824458811662,1.7665614680448691,-20.000000000000007
-0.2438211059993681,1.8221016323748918,-20.000000000000007
-0.22133860273891437,1.9286833817881737,-20.000000000000007
-0.23195297720193025,1.9083333632408706,-20.000000000000007
-0.22899518854702022,1.9205561705070902,-20.000000000000007
-0.24912237621217412,1.7426063882047864,-20.000000000000007
-0.25490900305913167,1.7618896788549119,-20.000000000000007
-0.2416839883848246,1.8501095798725973,-20.000000000000007
-0.2483882445881166,1.7665614680448694,-20.000000000000007
-0.23649003800490168,1.9114501057498519,-20.000000000000007
-0.23377484935879303,1.9243394428461453,-20.000000000000007
-0.24753611064781528,1.7981305890838026,-20.000000000000007
-0.24451821561584366,1.8284025365562286,-20.000000000000007
-0.25540545828276917,1.7680451672476831,-20.000000000000007
-0.27797155751071423,1.5058608914785698,-20.000000000000007
-0.27904186158521965,1.4658209857437952,-20.000000000000007
-0.2791454461459081,1.4625375266331022,-20.000000000000007
-0.2667565134828852,1.7618320179012814,-20.000000000000007
-0.2749022342831346,1.5881070213723938,-20.000000000000007
-0.26311686092271447,1.763322943722421,-20.000000000000007
-0.2655447567858155,1.7640050352116359,-20.000000000000007
-0.2783379440228325,1.4898384639207838,-20.000000000000007
-0.2638091441500439,1.7627160490657265,-20.000000000000007
-0.2761110267358282,1.6141493818693065,-20.000000000000007
-0.25935455710175387,1.7721205421266204,-20.000000000000007
-0.25582876071089,1.7613088506670547,-20.000000000000007
-0.25250653515994903,1.737538725887337,-20.000000000000007
-0.25046604937110756,1.694453019701242,-20.000000000000007
-0.24857298907910222,1.7619215994611608,-20.000000000000007
-0.2477049896874544,1.7812067663578977,-20.000000000000007
-0.24368022622945001,1.822530620071588,-20.000000000000007
-0.22694016458334337,1.9239439328329508,-20.000000000000007
-0.2027907570819007,1.764371281991521,-20.000000000000007
-0.20437906386028287,1.746916092709036,-20.000000000000007
-0.19901831809068027,1.6780788633052999,-20.000000000000007
-0.22138700232139466,1.9286952633762897,-20.000000000000007
-0.22905988580352987,1.9214814563051457,-20.000000000000007
-0.2441516792782261,1.8228823810574406,-20.000000000000007
-0.24519966890630632,1.8154730044879914,-20.000000000000007
-0.24944540557731368,1.740273706435588,-20.000000000000007
-0.25431491762803343,1.7613945359720535,-20.000000000000007
-0.25475126244546986,1.7569239589411496,-20.000000000000007
-0.26690447527767514,1.7626785992729928,-20.000000000000007
-0.2621154390483693,1.765727986253483,-20.000000000000007
-0.27610103070085096,1.6125380597293693,-20.000000000000007
-0.2566382211256999,1.7634746737325246,-20.000000000000007
-0.2563253514305873,1.7645106905042565,-20.000000000000007
-0.25306093785676187,1.7448217373348838,-20.000000000000007
-0.25046604937110756,1.6944530197012417,-20.000000000000007
-0.2504660493711075,1.6944530197012417,-20.000000000000007
-0.25092489732216816,1.7039984111889388,-20.000000000000007
-0.25306093785676187,1.7448217373348838,-20.000000000000007
-0.253408952110455,1.7543464626275467,-20.000000000000007
-0.2496968263471156,1.7251946129698057,-20.000000000000007
-0.24969682634711557,1.7251946129698053,-20.000000000000007
-0.2553149347624128,1.767712840380704,-20.000000000000007
-0.2807163601041698,1.5005608944780708,-20.000000000000007
-0.3150554735510365,1.4950787558339789,-20.000000000000007
-0.3305779192798228,1.4965744418911486,-20.000000000000007
-0.3333305763561379,1.4974219004854206,-20.000000000000007
-0.3247977054295097,1.5005230222611623,-20.000000000000007
-0.30232310896809367,1.5374786345838765,-20.000000000000007
-0.2928622946859144,1.586968081771647,-20.000000000000007
-0.28280161899006157,1.5368675710272244,-20.000000000000007
-0.28075451010832636,1.509421948201171,-20.000000000000007
-0.28037748088435255,1.5076961034151128,-20.000000000000007
-0.2637681370636228,1.7625253917020651,-20.000000000000007
-0.2559992603093989,1.7682132022059605,-20.000000000000007
-0.24983746969752973,1.735072632605674,-20.000000000000007
-0.24233012893262865,1.8479407891859199,-20.000000000000007
-0.24431076490960957,1.8291243725315856,-20.000000000000007
-0.2502845554208489,1.7235141714337494,-20.000000000000007
-0.23427543873942855,1.9312777803575032,-20.000000000000007
-0.2502845554208488,1.7235141714337492,-20.000000000000007
-0.23366014502314347,1.9309227346713125,-20.000000000000007
-0.22090647214137543,1.9372251416090736,-20.000000000000007
-0.22146875096095117,1.9312038975422368,-20.000000000000007
-0.18888897604606417,1.574862788567904,-20.000000000000007
-0.2120497385941779,1.8497531531648241,-20.000000000000007
-0.19071249072710517,1.5909698512377528,-20.000000000000007
-0.21973920250494972,1.937701139422241,-20.000000000000007
-0.20429629129942256,1.7509576343442548,-20.000000000000007
-0.18888897604606417,1.5748627885679038,-20.000000000000007
-0.21973920250494974,1.937701139422241,-20.000000000000007
-0.18942453257317313,1.5791548760255545,-20.000000000000007
-0.2368081958155418,1.9141570200209543,-20.000000000000007
-0.23236880258704998,1.9150633562524644,-20.000000000000007
-0.2193112768342932,1.9346143139864107,-20.000000000000007
-0.23538467694061213,1.9234328870905966,-20.000000000000007
-0.21086836437030812,1.8362072935113323,-20.000000000000007
-0.24352941008181261,1.8371727099357729,-20.000000000000007
-0.23914845731120105,1.8911858233795014,-20.000000000000007
-0.2493763575000827,1.7544027737039825,-20.000000000000007
-0.24451821561584366,1.8284025365562286,-20.000000000000007
-0.22140461161028013,1.9284170608693036,-20.000000000000007
-0.24753611064781528,1.7981305890838026,-20.000000000000007
-0.22012456876574127,1.9315839867608926,-20.000000000000007
-0.2568314081584688,1.7715262977224353,-20.000000000000007
-0.24894779568029934,1.7654260612210053,-20.000000000000007
-0.24233012893262867,1.8479407891859196,-20.000000000000007
-0.25326889233539673,1.7578024270239831,-20.000000000000007
-0.24937635750008263,1.7544027737039825,-20.000000000000007
-0.27796340090785826,1.5064014805614228,-20.000000000000007
-0.27861472013456395,1.4825899495104604,-20.000000000000007
-0.27908581884652184,1.4629854224262329,-20.000000000000007
-0.26697337105993435,1.76450905065818,-20.000000000000007
-0.27049275923450966,1.7044255040025564,-20.000000000000007
-0.27049275923450966,1.7044255040025564,-20.000000000000007
-0.27796340090785826,1.506401480561423,-20.000000000000007
-0.27797155751071423,1.5058608914785698,-20.000000000000007
-0.2708056701633154,1.7143228188951336,-20.000000000000007
-0.27895869537093865,1.541706842619674,-20.000000000000007
-0.26311686092271447,1.763322943722421,-20.000000000000007
-0.2663559328666817,1.760306724453075,-20.000000000000007
-0.2696494512865915,1.7218119825450948,-20.000000000000007
-0.26671566739957603,1.7642073307773383,-20.000000000000007
-0.25695507226042896,1.7693618194799896,-20.000000000000007
-0.25961180582678045,1.77299186414431,-20.000000000000007
-0.2477049896874544,1.7812067663578977,-20.000000000000007
-0.24854930644740358,1.7614705114727942,-20.000000000000007
-0.22694016458334343,1.923943932832951,-20.000000000000007
-0.18911923876494982,1.5756732257028956,-20.000000000000007
-0.20429629129942256,1.7509576343442548,-20.000000000000007
-0.18226034594502277,1.575240624019803,-20.000000000000007
-0.2040443086596288,1.7471900021231155,-20.000000000000007
-0.18842511370101275,1.5738540301251949,-20.000000000000007
-0.179509115801908,1.5810607140359074,-20.000000000000007
-0.18842511370101273,1.5738540301251949,-20.000000000000007
-0.17716407672167844,1.5760687284044745,-20.000000000000007
-0.21204973859417786,1.8497531531648241,-20.000000000000007
-0.1988532567256356,1.6783739635447605,-20.000000000000007
-0.1894245325731731,1.5791548760255547,-20.000000000000007
-0.21248743473298978,1.8569242044846717,-20.000000000000007
-0.1822603459450228,1.575240624019803,-20.000000000000007
-0.21851335106583322,1.9363396679201963,-20.000000000000007
-0.18888897604606414,1.5748627885679038,-20.000000000000007
-0.22638606166750125,1.9313937377440498,-20.000000000000007
-0.220147146048528,1.9414399986101933,-20.000000000000007
-0.1930381521161568,1.6120202560143864,-20.000000000000007
-0.24753611064781528,1.7981305890838024,-20.000000000000007
-0.1891192387649498,1.5756732257028958,-20.000000000000007
-0.24894779568029937,1.7654260612210055,-20.000000000000007
-0.23099871432503813,1.9110800623980295,-20.000000000000007
-0.22912020520509221,1.9262339835287354,-20.000000000000007
-0.2790858188465218,1.4629854224262329,-20.000000000000007
-0.28517378958035433,1.535504724456564,-20.000000000000007
-0.3255696369120871,1.4988944095607089,-20.000000000000007
-0.32943828557245136,1.4972405730494887,-20.000000000000007
-0.3224523375454915,1.4985246094511533,-20.000000000000007
-0.30761372905250317,1.5100234210589014,-20.000000000000007
-0.2993391451063665,1.5645769770689055,-20.000000000000007
-0.2944537756463327,1.5987326081925275,-20.000000000000007
-0.2880864982412632,1.5734067062767982,-20.000000000000007
-0.28091775621608633,1.510171320263324,-20.000000000000007
-0.28011681502668095,1.5081261530810859,-20.000000000000007
-0.2789505387680826,1.5422474317025268,-20.000000000000007
-0.2626558156609708,1.7662539257102816,-20.000000000000007
-0.27049275923450966,1.7044255040025564,-20.000000000000007
-0.27844904081650607,1.4869524381669,-20.000000000000007
-0.2758388020894631,1.6168019389917938,-20.000000000000007
-0.26277195437025685,1.765827044327343,-20.000000000000007
-0.256489527034819,1.7615871509423358,-20.000000000000007
-0.24197954636249439,1.8447998683313847,-20.000000000000007
-0.2478189269269457,1.779291626267218,-20.000000000000007
-0.220866684129576,1.9276258294791233,-20.000000000000007
-0.18885818653230285,1.5776548930151268,-20.000000000000007
-0.19303815211615682,1.6120202560143864,-20.000000000000007
-0.17917386072802038,1.5901780441278877,-20.000000000000007
-0.18942453257317313,1.5791548760255545,-20.000000000000007
-0.18250173051842536,1.573143467874753,-20.000000000000007
-0.18037490339096804,1.5624216849117094,-20.000000000000007
-0.18837473412143407,1.573377960684116,-20.000000000000007
-0.1742675836248365,1.5596310191219989,-20.000000000000007
-0.2040443086596288,1.7471900021231155,-20.000000000000007
-0.18885818653230285,1.5776548930151266,-20.000000000000007
-0.19303815211615682,1.6120202560143866,-20.000000000000007
-0.19927599968825094,1.6820169922625399,-20.000000000000007
-0.18067000068203437,1.5594198148107745,-20.000000000000007
-0.21827512813214564,1.9327711581825628,-20.000000000000007
-0.18837473412143407,1.573377960684116,-20.000000000000007
-0.23090645405062976,1.911544970233989,-20.000000000000007
-0.21827512813214564,1.9327711581825628,-20.000000000000007
-0.18885818653230285,1.5776548930151268,-20.000000000000007
-0.23099871432503813,1.9110800623980295,-20.000000000000007
-0.18226034594502277,1.575240624019803,-20.000000000000007
-0.24753611064781528,1.7981305890838024,-20.000000000000007
-0.2309987143250381,1.9110800623980295,-20.000000000000007
-0.2324663770364199,1.9154094041285457,-20.000000000000007
-0.25991477599130375,1.775366308171377,-20.000000000000007
-0.2535492246500696,1.7668554769849827,-20.000000000000007
-0.2833956926911652,1.5216054649451893,-20.000000000000007
-0.28015984769796337,1.4819241385848267,-20.000000000000007
-0.2817879916501447,1.4999219417366934,-20.000000000000007
-0.28015973205516326,1.4816645126809362,-20.000000000000007
-0.27795934986810755,1.5064042915326301,-20.000000000000007
-0.27908581884652184,1.462985422426233,-20.000000000000007
-0.2790858188465218,1.4629854224262329,-20.000000000000007
-0.2667565134828852,1.7618320179012814,-20.000000000000007
-0.277357506361533,1.5849021326877488,-20.000000000000007
-0.2646014558325995,1.7627589679718105,-20.000000000000007
-0.2626558156609708,1.7662539257102818,-20.000000000000007
-0.2761574960680847,1.5583051352751107,-20.000000000000007
-0.2779715575107142,1.50586089147857,-20.000000000000007
-0.2645333836519296,1.7623780752363107,-20.000000000000007
-0.2563699118280674,1.7681337873071539,-20.000000000000007
-0.25320965709727117,1.7492660097322639,-20.000000000000007
-0.23074417539123543,1.9088211661899979,-20.000000000000007
-0.2389076325282346,1.8842295035584926,-20.000000000000007
-0.20278977449176913,1.7643519149146,-20.000000000000007
-0.18837473412143407,1.573377960684116,-20.000000000000007
-0.1894245325731731,1.5791548760255545,-20.000000000000007
-0.17950911580190798,1.5810607140359072,-20.000000000000007
-0.19927599968825097,1.68201699226254,-20.000000000000007
-0.18837473412143407,1.573377960684116,-20.000000000000007
-0.1822603459450228,1.575240624019803,-20.000000000000007
-0.18837473412143407,1.573377960684116,-20.000000000000007
-0.17426758362483646,1.5596310191219989,-20.000000000000007
-0.2011724582994196,1.705762081239453,-20.000000000000007
-0.18842511370101278,1.5738540301251946,-20.000000000000007
-0.20404430865962878,1.7471900021231153,-20.000000000000007
-0.20404430865962883,1.7471900021231153,-20.000000000000007
-0.1822603459450228,1.575240624019803,-20.000000000000007
-0.21248743473298978,1.8569242044846717,-20.000000000000007
-0.18226034594502283,1.575240624019803,-20.000000000000007
-0.22908401014588486,1.9272000926378037,-20.000000000000007
-0.21248743473298976,1.8569242044846714,-20.000000000000007
-0.1894245325731731,1.5791548760255545,-20.000000000000007
-0.24338853031189459,1.837601697632469,-20.000000000000007
-0.18842511370101273,1.5738540301251946,-20.000000000000007
-0.2488996822317046,1.7664111245118415,-20.000000000000007
-0.2317380046122724,1.9132869734140185,-20.000000000000007
-0.24537540645105818,1.8240099211350282,-20.000000000000007
-0.2845968356926818,1.531919858104518,-20.000000000000007
-0.29121715533622855,1.5845358021064677,-20.000000000000007
-0.32882126655408705,1.4982995530718994,-20.000000000000007
-0.32545886323229045,1.4986079008511435,-20.000000000000007
-0.3147163815341698,1.4961777317004545,-20.000000000000007
-0.3094661644252115,1.5055564388929947,-20.000000000000007
-0.2962308331150285,1.5930388424887272,-20.000000000000007
-0.2945192759688179,1.5983978185151526,-20.000000000000007
-0.29173848978098876,1.5878669729142674,-20.000000000000007
-0.27873101659765587,1.540481016840682,-20.000000000000007
-0.2801168150266809,1.508126153081086,-20.000000000000007
-0.2658125952590101,1.7652569889163292,-20.000000000000007
-0.2590781574221215,1.7759637993508153,-20.000000000000007
-0.27049275923450966,1.7044255040025564,-20.000000000000007
-0.2779629857115387,1.506429966815415,-20.000000000000007
-0.26455515335220553,1.7623413099094312,-20.000000000000007
-0.2637197996728592,1.7617318953331491,-20.000000000000007
-0.2626559614248376,1.7631938245671046,-20.000000000000007
-0.24551266636413052,1.8100655499018425,-20.000000000000007
-0.2506296023433252,1.6989972037628127,-20.000000000000007
-0.22586189941672344,1.923627805307498,-20.000000000000007
-0.18942453257317313,1.5791548760255547,-20.000000000000007
-0.20117245829941957,1.705762081239453,-20.000000000000007
-0.17950911580190798,1.5810607140359076,-20.000000000000007
-0.18942453257317313,1.5791548760255545,-20.000000000000007
-0.18226034594502277,1.575240624019803,-20.000000000000007
-0.18837473412143405,1.573377960684116,-20.000000000000007
-0.18837473412143407,1.573377960684116,-20.000000000000007
-0.179509115801908,1.5810607140359074,-20.000000000000007
-0.20473650305093244,1.7580889424488189,-20.000000000000007
-0.18250173051842536,1.5731434678747531,-20.000000000000007
-0.2120497385941779,1.849753153164824,-20.000000000000007
-0.1930381521161568,1.6120202560143864,-20.000000000000007
-0.18067000068203443,1.5594198148107745,-20.000000000000007
-0.21248743473298976,1.8569242044846714,-20.000000000000007
-0.180374903390968,1.5624216849117096,-20.000000000000007
-0.23090645405062976,1.911544970233989,-20.000000000000007
-0.2182751281321456,1.9327711581825628,-20.000000000000007
-0.19071249072710514,1.5909698512377526,-20.000000000000007
-0.2319692397184688,1.9142976453010259,-20.000000000000007
-0.18226034594502277,1.5752406240198031,-20.000000000000007
-0.2369819509587088,1.91396492739013,-20.000000000000007
-0.22611171795374133,1.9301421223050317,-20.000000000000007
-0.2290344770755029,1.9276403862238336,-20.000000000000007
-0.2572695114353212,1.7718388836920504,-20.000000000000007
-0.255308667436032,1.7679087453312388,-20.000000000000007
-0.2846493882131486,1.5322274562314533,-20.000000000000007
-0.2831728282521034,1.5185764883075428,-20.000000000000007
-0.2794793704340342,1.468697576712997,-20.000000000000007
-0.2794966015037024,1.467974905048017,-20.000000000000007
-0.2704927592345097,1.7044255040025562,-20.000000000000007
-0.2790418615852196,1.465820985743795,-20.000000000000007
-0.2790418615852196,1.465820985743795,-20.000000000000007
-0.26456916390473423,1.7618957819091405,-20.000000000000007
-0.2788582639692765,1.5422068205913964,-20.000000000000007
-0.2665124496942281,1.7653692386742934,-20.000000000000007
-0.26483581410672785,1.760182020911433,-20.000000000000007
-0.2784007816040446,1.486665332127419,-20.000000000000007
-0.27844904081650607,1.4869524381668997,-20.000000000000007
-0.25722825343749156,1.771169802455204,-20.000000000000007
-0.253618923303346,1.7628279077421505,-20.000000000000007
-0.25017498011470546,1.7007594263643186,-20.000000000000007
-0.2271860468460981,1.9204048324940466,-20.000000000000007
-0.23679210284778987,1.9087170004281817,-20.000000000000007
-0.21173042344573004,1.8478756848573854,-20.000000000000007
-0.18885818653230282,1.5776548930151266,-20.000000000000007
-0.2040443086596288,1.7471900021231155,-20.000000000000007
-0.18226034594502277,1.575240624019803,-20.000000000000007
-0.2011724582994196,1.7057620812394532,-20.000000000000007
-0.18837473412143407,1.573377960684116,-20.000000000000007
-0.18226034594502277,1.575240624019803,-20.000000000000007
-0.18226034594502283,1.5752406240198034,-20.000000000000007
-0.1742675836248365,1.5596310191219989,-20.000000000000007
-0.19303815211615682,1.6120202560143864,-20.000000000000007
-0.1822603459450228,1.5752406240198031,-20.000000000000007
-0.21023380688351326,1.8304416245211912,-20.000000000000007
-0.1925488884514961,1.6080217107239954,-20.000000000000007
-0.1806700006820344,1.5594198148107747,-20.000000000000007
-0.21112736531608323,1.839395401666732,-20.000000000000007
-0.17917386072802038,1.5901780441278879,-20.000000000000007
-0.22117610000737892,1.937196569906587,-20.000000000000007
-0.21023380688351329,1.8304416245211914,-20.000000000000007
-0.18888897604606414,1.574862788567904,-20.000000000000007
-0.23090645405062976,1.9115449702339888,-20.000000000000007
-0.18837473412143405,1.573377960684116,-20.000000000000007
-0.23440823261138902,1.9331740021179946,-20.000000000000007
-0.2261117179537413,1.9301421223050315,-20.000000000000007
-0.24753611064781525,1.7981305890838024,-20.000000000000007
-0.29495920399092856,1.5913305422685435,-20.000000000000007
-0.30889891619828647,1.507759840066076,-20.000000000000007
-0.3412223501033758,1.4989760499289768,-20.000000000000007
-0.3353144540502698,1.5002238140613127,-20.000000000000007
-0.31277385142520997,1.5046078879524432,-20.000000000000007
-0.3070497638349951,1.5098224678706575,-20.000000000000007
-0.29278236032885085,1.5873813971107609,-20.000000000000007
-0.2944537756463327,1.5987326081925275,-20.000000000000007
-0.28814166174155886,1.5734865085490817,-20.000000000000007
-0.2796505477078005,1.5205278537775686,-20.000000000000007
-0.28011681502668095,1.5081261530810859,-20.000000000000007
-0.270761615682778,1.714080211321476,-20.000000000000007
-0.275377182707844,1.578807338126714,-20.000000000000007
-0.27908581884652184,1.462985422426233,-20.000000000000007
-0.2790418615852196,1.465820985743795,-20.000000000000007
-0.2623687921804438,1.7677129126231421,-20.000000000000007
-0.254636484675505,1.765948415444576,-20.000000000000007
-0.2508221158599483,1.7024078971203085,-20.000000000000007
-0.2289951885470202,1.92055617050709,-20.000000000000007
-0.24854930644740356,1.7614705114727944,-20.000000000000007
-0.2274175111583391,1.9218725433303434,-20.000000000000007
-0.1941542021624192,1.6248355056872366,-20.000000000000007
-0.2042962912994226,1.750957634344255,-20.000000000000007
-0.17917386072802038,1.5901780441278877,-20.000000000000007
-0.18885818653230285,1.5776548930151266,-20.000000000000007
-0.1822603459450228,1.575240624019803,-20.000000000000007
-0.1822603459450228,1.575240624019803,-20.000000000000007
-0.1822603459450228,1.5752406240198031,-20.000000000000007
-0.1771640767216785,1.5760687284044748,-20.000000000000007
-0.1930381521161568,1.6120202560143864,-20.000000000000007
-0.18067109244884724,1.5594413337851312,-20.000000000000007
-0.21023380688351329,1.8304416245211914,-20.000000000000007
-0.18942453257317313,1.5791548760255547,-20.000000000000007
-0.1811061921972143,1.5615965088310682,-20.000000000000007
-0.21112736531608323,1.8393954016667318,-20.000000000000007
-0.17716407672167847,1.5760687284044748,-20.000000000000007
-0.22595440670337325,1.9324083385227475,-20.000000000000007
-0.2120497385941779,1.8497531531648241,-20.000000000000007
-0.19927599968825094,1.6820169922625399,-20.000000000000007
-0.23440823261138902,1.9331740021179948,-20.000000000000007
-0.18837473412143407,1.573377960684116,-20.000000000000007
-0.2452776421772323,1.823694982129578,-20.000000000000007
-0.22912020520509221,1.9262339835287352,-20.000000000000007
-0.23595500071689007,1.9215763779110162,-20.000000000000007
-0.2689145148419332,1.7307917784395808,-20.000000000000007
-0.2568330433392154,1.771491035628551,-20.000000000000007
-0.28312949508500285,1.5188264880622557,-20.000000000000007
-0.280605263635427,1.4882392549076289,-20.000000000000007
-0.2749486577676836,1.5890191833852911,-20.000000000000007
-0.27562117075517845,1.5720927022998594,-20.000000000000007
-0.2648358141067279,1.760182020911433,-20.000000000000007
-0.27797155751071423,1.50586089147857,-20.000000000000007
-0.2783379440228325,1.489838463920784,-20.000000000000007
-0.2647932143404825,1.762033531805558,-20.000000000000007
-0.27789879245488136,1.5675692874062837,-20.000000000000007
-0.2690993203873784,1.7391975444727665,-20.000000000000007
-0.27049275923450966,1.7044255040025564,-20.000000000000007
-0.27796340090785826,1.506401480561423,-20.000000000000007
-0.2749486577676836,1.5890191833852911,-20.000000000000007
-0.2551977779155876,1.7681659953949136,-20.000000000000007
-0.2503836637376047,1.7099445186385254,-20.000000000000007
-0.2504317888837009,1.6939228483450317,-20.000000000000007
-0.22909101447985053,1.9204094190883194,-20.000000000000007
-0.239402491952714,1.8810899064031452,-20.000000000000007
-0.2271291690444549,1.9236157752965162,-20.000000000000007
-0.2040443086596288,1.7471900021231155,-20.000000000000007
-0.20473650305093238,1.7580889424488189,-20.000000000000007
-0.18226034594502277,1.575240624019803,-20.000000000000007
-0.18911923876494982,1.5756732257028958,-20.000000000000007
-0.18842511370101273,1.5738540301251946,-20.000000000000007
-0.1894245325731731,1.5791548760255545,-20.000000000000007
-0.20336587397443145,1.7364901842809184,-20.000000000000007
-0.20587468808445003,1.7697390646642217,-20.000000000000007
-0.21112736531608323,1.839395401666732,-20.000000000000007
-0.2124874347329898,1.8569242044846714,-20.000000000000007
-0.20404430865962883,1.7471900021231153,-20.000000000000007
-0.20404430865962883,1.7471900021231155,-20.000000000000007
-0.1894245325731731,1.5791548760255547,-20.000000000000007
-0.20587468808445006,1.7697390646642217,-20.000000000000007
-0.1941542021624192,1.6248355056872366,-20.000000000000007
-0.21931127683429325,1.934614313986411,-20.000000000000007
-0.21248743473298978,1.8569242044846714,-20.000000000000007
-0.22117610000737897,1.937196569906587,-20.000000000000007
-0.2215118615830844,1.93769782876964,-20.000000000000007
-0.2290706721347102,1.9266742771147654,-20.000000000000007
-0.23246637703641992,1.9154094041285454,-20.000000000000007
-0.2204517092827924,1.9350526994791255,-20.000000000000007
-0.2568314081584688,1.771526297722435,-20.000000000000007
-0.2571450098572349,1.7709511941364187,-20.000000000000007
-0.30303915581607355,1.5193578550285196,-20.000000000000007
-0.31280367254792,1.5016564574410483,-20.000000000000007
-0.3127738514252099,1.5046078879524432,-20.000000000000007
-0.308925697465657,1.50760933566915,-20.000000000000007
-0.29569427316973657,1.5922857688178462,-20.000000000000007
-0.2898468743903714,1.5807662668085585,-20.000000000000007
-0.2831727514385098,1.5429047687795259,-20.000000000000007
-0.2788960518057873,1.5423459676292297,-20.000000000000007
-0.2637701223895831,1.7618815459474437,-20.000000000000007
-0.26230243901261524,1.7679883491824189,-20.000000000000007
-0.26538019587887957,1.7659441053288571,-20.000000000000007
-0.26430046527525786,1.7598375359401592,-20.000000000000007
-0.2568330433392154,1.7714910356285514,-20.000000000000007
-0.25065855339975707,1.7267162509364218,-20.000000000000007
-0.23196222440184894,1.9093801704435065,-20.000000000000007
-0.2274175111583391,1.9218725433303434,-20.000000000000007
-0.22210370765748003,1.926885423990722,-20.000000000000007
-0.18627020613617068,1.6097230967646794,-20.000000000000007
-0.20657221491181477,1.7664186193648646,-20.000000000000007
-0.1888385964664855,1.574386719126825,-20.000000000000007
-0.18837473412143405,1.5733779606841163,-20.000000000000007
-0.18837473412143407,1.573377960684116,-20.000000000000007
-0.17337853243457835,1.5519365666422185,-20.000000000000007
-0.18888897604606414,1.5748627885679038,-20.000000000000007
-0.180374903390968,1.5624216849117096,-20.000000000000007
-0.1930381521161568,1.6120202560143868,-20.000000000000007
-0.18885818653230285,1.5776548930151268,-20.000000000000007
-0.1742675836248365,1.5596310191219989,-20.000000000000007
-0.19303815211615682,1.6120202560143864,-20.000000000000007
-0.17917386072802036,1.5901780441278879,-20.000000000000007
-0.22014714604852803,1.9414399986101938,-20.000000000000007
-0.21931127683429322,1.9346143139864107,-20.000000000000007
-0.1956903181330773,1.6387809844399344,-20.000000000000007
-0.21941629570363208,1.934944495264261,-20.000000000000007
-0.18226034594502277,1.575240624019803,-20.000000000000007
-0.22595440670337325,1.9324083385227475,-20.000000000000007
-0.20587468808445006,1.7697390646642215,-20.000000000000007
-0.2445182156158437,1.8284025365562286,-20.000000000000007
-0.23440823261138902,1.9331740021179948,-20.000000000000007
-0.18942453257317313,1.5791548760255547,-20.000000000000007
-0.23595500071689005,1.9215763779110162,-20.000000000000007
-0.18885818653230285,1.5776548930151266,-20.000000000000007
-0.23461413157905422,1.931086387835794,-20.000000000000007
-0.2562477945257309,1.7682754080371068,-20.000000000000007
-0.25897640332546973,1.7768050962013355,-20.000000000000007
-0.2794991150368445,1.4679593827854813,-20.000000000000007
-0.27908581884652184,1.4629854224262329,-20.000000000000007
-0.278757928389648,1.4731592481629836,-20.000000000000007
-0.2649524443060381,1.7608238424898723,-20.000000000000007
-0.2768689254735401,1.5332495441711373,-20.000000000000007
-0.2749486577676836,1.5890191833852914,-20.000000000000007
-0.26483581410672785,1.7601820209114332,-20.000000000000007
-0.26304670158283466,1.766554118487731,-20.000000000000007
-0.256796933931714,1.7718729308496375,-20.000000000000007
-0.25715479429740606,1.7708324330651979,-20.000000000000007
-0.2579018024012154,1.7744703774595822,-20.000000000000007
-0.25326889233539673,1.7578024270239831,-20.000000000000007
-0.2478202009148385,1.7930908162604313,-20.000000000000007
-0.23198999777981755,1.9103345253847188,-20.000000000000007
-0.22174008971653097,1.9250330291812479,-20.000000000000007
-0.22586189941672347,1.9236278053074978,-20.000000000000007
-0.202754357316416,1.764586173417836,-20.000000000000007
-0.2213254895147281,1.9286160178736897,-20.000000000000007
-0.20437906386028284,1.7469160927090361,-20.000000000000007
-0.1891192387649498,1.5756732257028956,-20.000000000000007
-0.18842511370101273,1.5738540301251946,-20.000000000000007
-0.1627002308005726,1.4821412217524914,-20.000000000000007
-0.18250173051842533,1.5731434678747531,-20.000000000000007
-0.17950911580190798,1.5810607140359074,-20.000000000000007
-0.2011724582994196,1.7057620812394532,-20.000000000000007
-0.18888897604606417,1.5748627885679038,-20.000000000000007
-0.17933485877093763,1.5832655028315095,-20.000000000000007
-0.19927599968825097,1.68201699226254,-20.000000000000007
-0.1771640767216785,1.5760687284044748,-20.000000000000007
-0.21086836437030812,1.8362072935113323,-20.000000000000007
-0.20404430865962883,1.7471900021231155,-20.000000000000007
-0.18888897604606414,1.574862788567904,-20.000000000000007
-0.2040443086596288,1.7471900021231153,-20.000000000000007
-0.18037490339096798,1.5624216849117096,-20.000000000000007
-0.21248743473298976,1.8569242044846714,-20.000000000000007
-0.18842511370101273,1.5738540301251949,-20.000000000000007
-0.22016792406061556,1.9410595970279598,-20.000000000000007
-0.2117907376484028,1.8465650450094244,-20.000000000000007
-0.1822603459450228,1.575240624019803,-20.000000000000007
-0.22595440670337322,1.9324083385227475,-20.000000000000007
-0.20437906386028284,1.7469160927090361,-20.000000000000007
-0.25524064328010465,1.7695258837127659,-20.000000000000007
-0.29675456765965874,1.5879403257816478,-20.000000000000007
-0.3121882215595388,1.5032968341767172,-20.000000000000007
-0.3295587236079821,1.4980972107642532,-20.000000000000007
-0.3237708519200718,1.500881975507948,-20.000000000000007
-0.314975063284371,1.4942782700541,-20.000000000000007
-0.29443616512271087,1.5986330052800013,-20.000000000000007
-0.28831958847372885,1.5737907057255949,-20.000000000000007
-0.28199981946398567,1.5315909500928488,-20.000000000000007
-0.2707328365146331,1.7131873457107314,-20.000000000000007
-0.279338155953106,1.5273695535227785,-20.000000000000007
-0.2777312569707762,1.5646334497282783,-20.000000000000007
-0.27983158350591464,1.5245859801128112,-20.000000000000007
-0.27562117075517845,1.5720927022998594,-20.000000000000007
-0.2553086674360319,1.7679087453312385,-20.000000000000007
-0.24822500315935728,1.7875899214209088,-20.000000000000007
-0.22987473655703378,1.9210853728673365,-20.000000000000007
-0.21990894098602337,1.926001591715591,-20.000000000000007
-0.21348347107761392,1.8491291362183488,-20.000000000000007
-0.18168952957395673,1.5704402694092028,-20.000000000000007
-0.19346262936335162,1.6751544007115147,-20.000000000000007
-0.1888385964664855,1.574386719126825,-20.000000000000007
-0.18885818653230285,1.5776548930151266,-20.000000000000007
-0.18842511370101275,1.5738540301251946,-20.000000000000007
-0.17917386072802038,1.5901780441278877,-20.000000000000007
-0.18885818653230285,1.5776548930151266,-20.000000000000007
-0.17950911580190798,1.5810607140359072,-20.000000000000007
-0.20404430865962883,1.7471900021231157,-20.000000000000007
-0.18888897604606417,1.5748627885679038,-20.000000000000007
-0.18226034594502277,1.575240624019803,-20.000000000000007
-0.20404430865962883,1.7471900021231153,-20.000000000000007
-0.17917386072802038,1.5901780441278879,-20.000000000000007
-0.21931127683429322,1.934614313986411,-20.000000000000007
-0.20587468808445006,1.7697390646642217,-20.000000000000007
-0.20587468808445003,1.769739064664222,-20.000000000000007
-0.21827512813214564,1.9327711581825628,-20.000000000000007
-0.1822603459450228,1.5752406240198034,-20.000000000000007
-0.21851335106583322,1.9363396679201959,-20.000000000000007
-0.18842511370101275,1.573854030125195,-20.000000000000007
-0.2306016887745189,1.9140944014911363,-20.000000000000007
-0.2196570342500176,1.9384732617866098,-20.000000000000007
-0.18842511370101275,1.573854030125195,-20.000000000000007
-0.24154441301630344,1.8595951610927486,-20.000000000000007
-0.20437906386028282,1.7469160927090361,-20.000000000000007
-0.24753611064781528,1.7981305890838024,-20.000000000000007
-0.2749486577676836,1.5890191833852911,-20.000000000000007
-0.257163810016766,1.7710168224347884,-20.000000000000007
-0.27686892547354014,1.5332495441711376,-20.000000000000007
-0.2779593498681075,1.5064042915326301,-20.000000000000007
-0.27790839685100754,1.5064756013616165,-20.000000000000007
-0.26657818754098117,1.7617140186301459,-20.000000000000007
-0.2790418615852196,1.465820985743795,-20.000000000000007
-0.2749022342831346,1.5881070213723936,-20.000000000000007
-0.26113855924715723,1.7671615564321421,-20.000000000000007
-0.2690993203873784,1.7391975444727663,-20.000000000000007
-0.264568063819698,1.7629828788128252,-20.000000000000007
-0.2779937444543723,1.520646719456309,-20.000000000000007
-0.2696197576337685,1.7232364953379842,-20.000000000000007
-0.2506585533997571,1.7267162509364218,-20.000000000000007
-0.24753611064781525,1.7981305890838026,-20.000000000000007
-0.22745291741602414,1.9252796186882062,-20.000000000000007
-0.22044319753079164,1.928813683017232,-20.000000000000007
-0.21348347107761392,1.8491291362183488,-20.000000000000007
-0.18208914079221106,1.5677928991274013,-20.000000000000007
-0.2007395051075761,1.7431564730484344,-20.000000000000007
-0.18885818653230285,1.5776548930151266,-20.000000000000007
-0.19569031813307733,1.6387809844399344,-20.000000000000007
-0.18888897604606414,1.5748627885679038,-20.000000000000007
-0.180374903390968,1.5624216849117096,-20.000000000000007
-0.18842511370101275,1.5738540301251949,-20.000000000000007
-0.17716407672167847,1.5760687284044748,-20.000000000000007
-0.1930381521161568,1.6120202560143866,-20.000000000000007
-0.18842511370101273,1.573854030125195,-20.000000000000007
-0.18842511370101275,1.5738540301251946,-20.000000000000007
-0.19569031813307733,1.6387809844399344,-20.000000000000007
-0.180374903390968,1.5624216849117094,-20.000000000000007
-0.2040443086596288,1.7471900021231153,-20.000000000000007
-0.18837473412143405,1.5733779606841163,-20.000000000000007
-0.19303815211615682,1.6120202560143864,-20.000000000000007
-0.18942453257317313,1.5791548760255545,-20.000000000000007
-0.179509115801908,1.5810607140359072,-20.000000000000007
-0.2124874347329898,1.8569242044846714,-20.000000000000007
-0.18837473412143407,1.5733779606841163,-20.000000000000007
-0.23278630500397762,1.9217446600094164,-20.000000000000007
-0.2210049246831962,1.9329836950429966,-20.000000000000007
-0.192172944983119,1.601083510866651,-20.000000000000007
-0.22117610000737897,1.937196569906587,-20.000000000000007
-0.19315943252724238,1.6118386740500747,-20.000000000000007
-0.2565229796797701,1.7705538908670007,-20.000000000000007
-0.3007015081433857,1.5481886638389142,-20.000000000000007
-0.3198218548147726,1.4974919633951238,-20.000000000000007
-0.33783826708855874,1.4995039322262713,-20.000000000000007
-0.32921442839725246,1.4984923639338312,-20.000000000000007
-0.3186856390637668,1.4989348747037374,-20.000000000000007
-0.3057452495897283,1.507625314771779,-20.000000000000007
-0.29894638573214766,1.5687132940944097,-20.000000000000007
-0.28391254215135964,1.549416570949266,-20.000000000000007
-0.28036072694277603,1.5048723894125564,-20.000000000000007
-0.2801505685248738,1.5049249248193286,-20.000000000000007
-0.27623757514923714,1.6097422061583702,-20.000000000000007
-0.27867797291209545,1.4793883314631036,-20.000000000000007
-0.26172544694559735,1.7661793459212412,-20.000000000000007
-0.24894779568029934,1.7654260612210053,-20.000000000000007
-0.24338853031189456,1.8376016976324687,-20.000000000000007
-0.2275026908700633,1.9258898153188775,-20.000000000000007
-0.221345025642066,1.9305657356760078,-20.000000000000007
-0.20084991587527573,1.7469969015930151,-20.000000000000007
-0.18122566722890532,1.5694315109664934,-20.000000000000007
-0.1866390278406637,1.6098678309301007,-20.000000000000007
-0.18226034594502277,1.5752406240198031,-20.000000000000007
-0.18885818653230282,1.5776548930151268,-20.000000000000007
-0.18837473412143407,1.5733779606841163,-20.000000000000007
-0.17426758362483646,1.5596310191219986,-20.000000000000007
-0.18837473412143407,1.5733779606841163,-20.000000000000007
-0.17337853243457835,1.5519365666422187,-20.000000000000007
-0.18888897604606414,1.5748627885679038,-20.000000000000007
-0.1822603459450228,1.5752406240198034,-20.000000000000007
-0.17950911580190798,1.5810607140359074,-20.000000000000007
-0.18888897604606414,1.574862788567904,-20.000000000000007
-0.17259283802865874,1.5472393109831908,-20.000000000000007
-0.20473650305093238,1.7580889424488189,-20.000000000000007
-0.18888897604606417,1.574862788567904,-20.000000000000007
-0.2040443086596288,1.7471900021231153,-20.000000000000007
-0.2047365030509324,1.7580889424488189,-20.000000000000007
-0.179509115801908,1.5810607140359074,-20.000000000000007
-0.21248743473298978,1.8569242044846717,-20.000000000000007
-0.1822603459450228,1.5752406240198031,-20.000000000000007
-0.22701847162298072,1.93090184684529,-20.000000000000007
-0.21248743473298976,1.8569242044846714,-20.000000000000007
-0.1822603459450228,1.5752406240198034,-20.000000000000007
-0.21931127683429325,1.934614313986411,-20.000000000000007
-0.18842511370101273,1.5738540301251949,-20.000000000000007
-0.24235616464673962,1.848211899768832,-20.000000000000007
-0.2755296385527634,1.5756366131381925,-20.000000000000007
-0.2784007816040445,1.4866653321274192,-20.000000000000007
-0.2831294950850029,1.5188264880622553,-20.000000000000007
-0.27908581884652184,1.4629854224262329,-20.000000000000007
-0.2786779729120955,1.4793883314631033,-20.000000000000007
-0.278614720134564,1.4825899495104604,-20.000000000000007
-0.2779715575107142,1.5058608914785698,-20.000000000000007
-0.2665781875409812,1.7617140186301459,-20.000000000000007
-0.26634173294459984,1.7609238947511168,-20.000000000000007
-0.2755134096665418,1.5903301051631196,-20.000000000000007
-0.2763579095573766,1.6147991334610239,-20.000000000000007
-0.27908581884652184,1.4629854224262329,-20.000000000000007
-0.27904186158521965,1.4658209857437954,-20.000000000000007
-0.2674312015883032,1.758811084065582,-20.000000000000007
-0.2689145148419331,1.7307917784395805,-20.000000000000007
-0.2589268215804839,1.7777457432308106,-20.000000000000007
-0.25350357333059614,1.7576000202498232,-20.000000000000007
-0.23631770079388284,1.9125404256670848,-20.000000000000007
-0.20120876532971133,1.7505922392484128,-20.000000000000007
-0.18615639672437706,1.6073672656103335,-20.000000000000007
-0.18885818653230285,1.5776548930151266,-20.000000000000007
-0.1988532567256356,1.6783739635447608,-20.000000000000007
-0.20473650305093238,1.7580889424488186,-20.000000000000007
-0.1956903181330773,1.6387809844399341,-20.000000000000007
-0.18888897604606414,1.5748627885679038,-20.000000000000007
-0.18842511370101275,1.5738540301251946,-20.000000000000007
-0.1894245325731731,1.5791548760255545,-20.000000000000007
-0.20404430865962883,1.7471900021231153,-20.000000000000007
-0.21965703425001756,1.93847326178661,-20.000000000000007
-0.22028223899943516,1.9396231885002952,-20.000000000000007
-0.2208853973376787,1.931145289038375,-20.000000000000007
-0.20453702984580802,1.7544864008666043,-20.000000000000007
-0.20404430865962883,1.7471900021231155,-20.000000000000007
-0.21248743473298976,1.8569242044846717,-20.000000000000007
-0.20473650305093238,1.7580889424488186,-20.000000000000007
-0.22028223899943516,1.939623188500295,-20.000000000000007
-0.21983644188588589,1.9383820500166022,-20.000000000000007
-0.2290840101458849,1.9272000926378037,-20.000000000000007
-0.2368081958155418,1.9141570200209541,-20.000000000000007
-0.234408232611389,1.9331740021179948,-20.000000000000007
-0.2324663770364199,1.9154094041285457,-20.000000000000007
-0.22140461161028013,1.9284170608693036,-20.000000000000007
-0.22611557156566003,1.930160132640451,-20.000000000000007
-0.25525780825888905,1.7696267741050191,-20.000000000000007
-0.29261732999467843,1.5866558748438622,-20.000000000000007
-0.31865023985707586,1.495921985793656,-20.000000000000007
-0.33373354369759406,1.4974699435889123,-20.000000000000007
-0.32718627324061034,1.5000208043529544,-20.000000000000007
-0.30926687090670857,1.5058506663872815,-20.000000000000007
-0.30388381341197457,1.5132292476536489,-20.000000000000007
-0.29271791674565995,1.5877935538284838,-20.000000000000007
-0.28430168384576776,1.554961153146062,-20.000000000000007
-0.2840255897958569,1.550690260125706,-20.000000000000007
-0.28011681502668095,1.5081261530810859,-20.000000000000007
-0.2795359842295657,1.53011263565017,-20.000000000000007
-0.2655302701449732,1.766027902309911,-20.000000000000007
-0.2502845554208489,1.7235141714337496,-20.000000000000007
-0.24753611064781525,1.7981305890838026,-20.000000000000007
-0.23299674422690347,1.9184649467199404,-20.000000000000007
-0.23519459942869028,1.9202203048809974,-20.000000000000007
-0.23660086819301857,1.910725151155263,-20.000000000000007
-0.20955273239714303,1.8308587044099591,-20.000000000000007
-0.20120876532971138,1.7505922392484128,-20.000000000000007
-0.19343905129431974,1.675525904873079,-20.000000000000007
-0.18942453257317313,1.5791548760255547,-20.000000000000007
-0.21248743473298976,1.8569242044846717,-20.000000000000007
-0.2120497385941779,1.849753153164824,-20.000000000000007
-0.19927599968825097,1.68201699226254,-20.000000000000007
-0.19885325672563559,1.678373963544761,-20.000000000000007
-0.2040443086596288,1.7471900021231157,-20.000000000000007
-0.1894245325731731,1.5791548760255545,-20.000000000000007
-0.20117245829941965,1.7057620812394532,-20.000000000000007
-0.2040443086596288,1.7471900021231155,-20.000000000000007
-0.21023380688351329,1.8304416245211912,-20.000000000000007
-0.2185133510658332,1.936339667920196,-20.000000000000007
-0.20587468808445003,1.7697390646642217,-20.000000000000007
-0.1992759996882509,1.68201699226254,-20.000000000000007
-0.21248743473298976,1.8569242044846717,-20.000000000000007
-0.20587468808445006,1.7697390646642217,-20.000000000000007
-0.22088539733767873,1.931145289038375,-20.000000000000007
-0.23440823261138902,1.9331740021179948,-20.000000000000007
-0.2040443086596288,1.7471900021231155,-20.000000000000007
-0.24850050817507824,1.7781541308881685,-20.000000000000007
-0.23106341340115905,1.9111892152082386,-20.000000000000007
-0.23205591066668435,1.9145405651713738,-20.000000000000007
-0.25532583241481627,1.7680096357234922,-20.000000000000007
-0.23694490055219253,1.9126502193242831,-20.000000000000007
-0.2663559328666817,1.7603067244530752,-20.000000000000007
-0.2801598476979634,1.4819241385848265,-20.000000000000007
-0.28464938821314867,1.5322274562314537,-20.000000000000007
-0.2871166501006802,1.549894512105343,-20.000000000000007
-0.2813235287683601,1.4958962719169133,-20.000000000000007
-0.2779629857115387,1.506429966815415,-20.000000000000007
-0.2667565134828852,1.7618320179012812,-20.000000000000007
-0.25790180240121535,1.7744703774595818,-20.000000000000007
-0.256359786600684,1.7682458107812842,-20.000000000000007
-0.26483581410672785,1.760182020911433,-20.000000000000007
-0.26577857664994137,1.7646717583710188,-20.000000000000007
-0.2765241484384192,1.6105486072148119,-20.000000000000007
-0.2696494512865915,1.7218119825450944,-20.000000000000007
-0.2578527113664203,1.7738292937481255,-20.000000000000007
-0.2502845554208488,1.7235141714337492,-20.000000000000007
-0.2495054676988277,1.7506184474221236,-20.000000000000007
-0.2474559111473828,1.798698472355619,-20.000000000000007
-0.24541972912931206,1.8094787946527204,-20.000000000000007
-0.2371649954777863,1.9034434248714713,-20.000000000000007
-0.23116317281384932,1.90594059415703,-20.000000000000007
-0.22187224334523906,1.9254177131544248,-20.000000000000007
-0.2182751281321456,1.9327711581825628,-20.000000000000007
-0.21248743473298976,1.856924204484672,-20.000000000000007
-0.2040443086596288,1.7471900021231155,-20.000000000000007
-0.21965703425001754,1.9384732617866098,-20.000000000000007
-0.2182751281321456,1.9327711581825628,-20.000000000000007
-0.23060168877451886,1.9140944014911363,-20.000000000000007
-0.23060168877451886,1.9140944014911363,-20.000000000000007
-0.24233012893262862,1.8479407891859196,-20.000000000000007
-0.2443107649096096,1.8291243725315856,-20.000000000000007
-0.24812938511712435,1.7856504139612346,-20.000000000000007
-0.2489477956802993,1.7654260612210055,-20.000000000000007
-0.24975166384454112,1.7402675372883702,-20.000000000000007
-0.24850050817507824,1.7781541308881688,-20.000000000000007
-0.24753611064781525,1.7981305890838022,-20.000000000000007
-0.24755077931477928,1.7988804440720865,-20.000000000000007
-0.2478202009148385,1.7930908162604313,-20.000000000000007
-0.2495054676988277,1.7506184474221234,-20.000000000000007
-0.25326889233539673,1.7578024270239831,-20.000000000000007
-0.25375436341010527,1.7681209896518113,-20.000000000000007
-0.2502845554208488,1.7235141714337492,-20.000000000000007
-0.2502845554208488,1.7235141714337494,-20.000000000000007
-0.24851245060933008,1.7786415097719677,-20.000000000000007
-0.25606497063453026,1.7672901528174136,-20.000000000000007
-0.2784007816040446,1.4866653321274192,-20.000000000000007
-0.28697500443684704,1.5495357993911463,-20.000000000000007
-0.3008448683360178,1.5471605958423411,-20.000000000000007
-0.301322861165482,1.5421981222356205,-20.000000000000007
-0.27049275923450966,1.7044255040025564,-20.000000000000007
-0.22725815115555775,1.9273187281239845,-20.000000000000007
-0.17917386072802036,1.5901780441278879,-20.000000000000007
-0.13162334867738157,1.512553191202664,-20.000000000000007
-0.12405129492932987,1.5281230603556573,-20.000000000000007
-0.11023216213590639,1.5313395110577368,-20.000000000000007
-0.12405129492932987,1.528123060355657,-20.000000000000007
-0.12405129492932987,1.5281230603556573,-20.000000000000007
-0.1240512949293299,1.5281230603556573,-20.000000000000007
-0.12540408018203894,1.5225047004235046,-20.000000000000007
-0.12684286767579067,1.5197244813100859,-20.000000000000007
-0.12962373824809628,1.525556298070263,-20.000000000000007
-0.13160506288298884,1.5132325960306732,-20.000000000000007
-0.1316233486773816,1.5125531912026637,-20.000000000000007
-0.13496593015556185,1.4904004997731792,-20.000000000000007
-0.13496593015556185,1.490400499773179,-20.000000000000007
-0.13559501490126288,1.4971204706629226,-20.000000000000007
-0.13766089245675403,1.4109848407592605,-20.000000000000007
-0.1497541574130439,1.4356391577721637,-20.000000000000007
-0.17337853243457832,1.5519365666422187,-20.000000000000007
-0.17337853243457832,1.5519365666422185,-20.000000000000007
-0.17426758362483646,1.5596310191219989,-20.000000000000007
-0.1617536389502492,1.4767475548411564,-20.000000000000007
-0.16015086704143036,1.4658572207674503,-20.000000000000007
-0.14896232389835787,1.441250436214657,-20.000000000000007
-0.13766033188648455,1.4110074467856224,-20.000000000000007
-0.13774689261824094,1.4138227263361496,-20.000000000000007
-0.1362648890948696,1.477604195252314,-20.000000000000007
-0.14975414285615307,1.4356134548649337,-20.000000000000007
-0.1377468926182409,1.4138227263361496,-20.000000000000007
-0.13774689261824094,1.4138227263361494,-20.000000000000007
-0.14969871320520373,1.437675006587023,-20.000000000000007
-0.13634314369070832,1.469091816603712,-20.000000000000007
-0.14975414285615307,1.435613454864934,-20.000000000000007
-0.13766089245675406,1.4109848407592605,-20.000000000000007
-0.1377468926182409,1.4138227263361496,-20.000000000000007
-0.13774689261824094,1.4138227263361496,-20.000000000000007
-0.13523645424514372,1.4956132648969092,-20.000000000000007
-0.13774689261824094,1.4138227263361494,-20.000000000000007
-0.179509115801908,1.5810607140359072,-20.000000000000007
-0.2196570342500176,1.9384732617866103,-20.000000000000007
-0.2565417798393012,1.7706195191653704,-20.000000000000007
-0.28335949210813766,1.5215235181330702,-20.000000000000007
-0.28517378958035433,1.535504724456564,-20.000000000000007
-0.27904186158521965,1.465820985743795,-20.000000000000007
-0.2388009541733402,1.896024419945564,-20.000000000000007
-0.18837473412143405,1.573377960684116,-20.000000000000007
-0.13766033188648455,1.4110074467856226,-20.000000000000007
-0.12540407940220547,1.5225030507157353,-20.000000000000007
-0.12405129492932987,1.5281230603556573,-20.000000000000007
-0.12405129492932987,1.528123060355657,-20.000000000000007
-0.12405129492932987,1.528123060355657,-20.000000000000007
-0.1254040794022055,1.522503050715735,-20.000000000000007
-0.12684286767579067,1.5197244813100856,-20.000000000000007
-0.12849335850247093,1.5247118007304847,-20.000000000000007
-0.13496593015556185,1.4904004997731792,-20.000000000000007
-0.13523645424514372,1.4956132648969094,-20.000000000000007
-0.13559501490126286,1.4971204706629226,-20.000000000000007
-0.1622651465189021,1.479978094344565,-20.000000000000007
-0.14975415741304388,1.4356391577721634,-20.000000000000007
-0.17917386072802038,1.5901780441278879,-20.000000000000007
-0.18837473412143405,1.573377960684116,-20.000000000000007
-0.18226034594502277,1.5752406240198031,-20.000000000000007
-0.18888897604606417,1.5748627885679038,-20.000000000000007
-0.180374903390968,1.5624216849117092,-20.000000000000007
-0.1742675836248365,1.5596310191219989,-20.000000000000007
-0.1742675836248365,1.5596310191219989,-20.000000000000007
-0.15098649128259778,1.3992341320455806,-20.000000000000007
-0.16226514651890211,1.4799780943445653,-20.000000000000007
-0.1494730626812134,1.4401096667703466,-20.000000000000007
-0.13559501490126286,1.4971204706629226,-20.000000000000007
-0.13559501490126286,1.4971204706629229,-20.000000000000007
-0.13496593015556188,1.4904004997731792,-20.000000000000007
-0.1363431436907083,1.469091816603712,-20.000000000000007
-0.13559501490126286,1.4971204706629226,-20.000000000000007
-0.1377468926182409,1.4138227263361494,-20.000000000000007
-0.14969871320520375,1.437675006587023,-20.000000000000007
-0.13634314369070832,1.4690918166037124,-20.000000000000007
-0.16270023080057264,1.4821412217524914,-20.000000000000007
-0.13766089245675403,1.4109848407592605,-20.000000000000007
-0.17694296547815702,1.5727431410120192,-20.000000000000007
-0.17337853243457835,1.5519365666422185,-20.000000000000007
-0.1363431436907083,1.469091816603712,-20.000000000000007
-0.1891192387649498,1.5756732257028956,-20.000000000000007
-0.24814112531457122,1.785614123065802,-20.000000000000007
-0.3018409534202319,1.536573002140282,-20.000000000000007
-0.3419258105114875,1.4976123035035271,-20.000000000000007
-0.33919544969002025,1.500272072746523,-20.000000000000007
-0.30819050895608646,1.5093013509780797,-20.000000000000007
-0.2502845554208489,1.7235141714337492,-20.000000000000007
-0.18837473412143405,1.5733779606841163,-20.000000000000007
-0.13523645424514372,1.4956132648969092,-20.000000000000007
-0.12405129492932988,1.5281230603556573,-20.000000000000007
-0.11023216213590642,1.5313395110577366,-20.000000000000007
-0.1102329398897883,1.5292120197188135,-20.000000000000007
-0.12405129492932987,1.528123060355657,-20.000000000000007
-0.12405129492932988,1.5281230603556573,-20.000000000000007
-0.12540407940220547,1.5225030507157356,-20.000000000000007
-0.1254040801820389,1.5225047004235046,-20.000000000000007
-0.12962373824809628,1.5255562980702628,-20.000000000000007
-0.1296237382480963,1.5255562980702628,-20.000000000000007
-0.13225188883939853,1.505849498802996,-20.000000000000007
-0.13495605330512833,1.4898632237174254,-20.000000000000007
-0.1348194342851696,1.4901153512901542,-20.000000000000007
-0.13507723071321404,1.4963699242608688,-20.000000000000007
-0.14969871320520373,1.437675006587023,-20.000000000000007
-0.17917386072802038,1.5901780441278879,-20.000000000000007
-0.1804043718668858,1.5611767535850447,-20.000000000000007
-0.1822603459450228,1.5752406240198031,-20.000000000000007
-0.17933485877093766,1.5832655028315092,-20.000000000000007
-0.14975415741304388,1.4356391577721637,-20.000000000000007
-0.17259283802865877,1.5472393109831906,-20.000000000000007
-0.1601508670414304,1.4658572207674505,-20.000000000000007
-0.1377468926182409,1.4138227263361496,-20.000000000000007
-0.14975415741304393,1.4356391577721634,-20.000000000000007
-0.13541503259313709,1.4948226663941326,-20.000000000000007
-0.16015086704143036,1.4658572207674503,-20.000000000000007
-0.1509864912825978,1.3992341320455801,-20.000000000000007
-0.15280423597603293,1.4087123965335242,-20.000000000000007
-0.17950911580190798,1.5810607140359076,-20.000000000000007
-0.1377468926182409,1.4138227263361496,-20.000000000000007
-0.17950911580190798,1.5810607140359076,-20.000000000000007
-0.1627002308005726,1.4821412217524914,-20.000000000000007
-0.17950911580190798,1.5810607140359072,-20.000000000000007
-0.18837473412143407,1.5733779606841163,-20.000000000000007
-0.1622651465189021,1.4799780943445653,-20.000000000000007
-0.18110619219721427,1.5615965088310684,-20.000000000000007
-0.18888897604606414,1.5748627885679038,-20.000000000000007
-0.22117610000737897,1.9371965699065867,-20.000000000000007
-0.2589764033254697,1.7768050962013358,-20.000000000000007
-0.28289673420219247,1.514305595287187,-20.000000000000007
-0.2845968356926818,1.531919858104518,-20.000000000000007
-0.27904186158521965,1.465820985743795,-20.000000000000007
-0.24338853031189456,1.8376016976324687,-20.000000000000007
-0.18837473412143407,1.573377960684116,-20.000000000000007
-0.13559501490126286,1.4971204706629226,-20.000000000000007
-0.12405129492932987,1.5281230603556568,-20.000000000000007
-0.12405129492932988,1.5281230603556573,-20.000000000000007
-0.11023216213590639,1.5313395110577366,-20.000000000000007
-0.11023293988978831,1.529212019718813,-20.000000000000007
-0.12405129492932987,1.528123060355657,-20.000000000000007
-0.12405129492932988,1.528123060355657,-20.000000000000007
-0.12405129492932988,1.528123060355657,-20.000000000000007
-0.12540407940220547,1.5225030507157356,-20.000000000000007
-0.12540407940220547,1.5225030507157356,-20.000000000000007
-0.12942838191366207,1.5266195020865652,-20.000000000000007
-0.13015262544468725,1.5277015351385426,-20.000000000000007
-0.13034416345466582,1.5263060543998155,-20.000000000000007
-0.13495605330512833,1.4898632237174254,-20.000000000000007
-0.13766089245675406,1.4109848407592605,-20.000000000000007
-0.16226514651890211,1.4799780943445653,-20.000000000000007
-0.17917386072802038,1.5901780441278879,-20.000000000000007
-0.17917386072802038,1.5901780441278877,-20.000000000000007
-0.1617536389502492,1.4767475548411564,-20.000000000000007
-0.15098649128259778,1.3992341320455803,-20.000000000000007
-0.13766089245675406,1.4109848407592605,-20.000000000000007
-0.14969871320520375,1.437675006587023,-20.000000000000007
-0.1362648890948696,1.4776041952523142,-20.000000000000007
-0.13559501490126286,1.4971204706629224,-20.000000000000007
-0.13626488909486958,1.4776041952523138,-20.000000000000007
-0.134987587169906,1.4902841828006377,-20.000000000000007
-0.13766089245675406,1.4109848407592602,-20.000000000000007
-0.13559501490126288,1.4971204706629226,-20.000000000000007
-0.13766089245675403,1.4109848407592605,-20.000000000000007
-0.14969871320520373,1.437675006587023,-20.000000000000007
-0.13634314369070832,1.4690918166037121,-20.000000000000007
-0.16226514651890211,1.479978094344565,-20.000000000000007
-0.13774689261824094,1.4138227263361496,-20.000000000000007
-0.17337853243457835,1.551936566642219,-20.000000000000007
-0.16491224342351887,1.4962079272044326,-20.000000000000007
-0.13559501490126286,1.4971204706629222,-20.000000000000007
-0.18837473412143407,1.573377960684116,-20.000000000000007
-0.229920792934992,1.9267144829893355,-20.000000000000007
-0.2806052636354269,1.4882392549076287,-20.000000000000007
-0.32945648012498224,1.4977826495871869,-20.000000000000007
-0.33747187670367385,1.500137576280642,-20.000000000000007
-0.31005466051387043,1.502839786235866,-20.000000000000007
-0.2563409864411529,1.768180182482914,-20.000000000000007
-0.18885818653230282,1.5776548930151266,-20.000000000000007
-0.13496593015556185,1.490400499773179,-20.000000000000007
-0.1102321621359064,1.5313395110577368,-20.000000000000007
-0.11023216213590639,1.5313395110577368,-20.000000000000007
-0.11023216213590639,1.5313395110577366,-20.000000000000007
-0.12405129492932987,1.5281230603556573,-20.000000000000007
-0.12405129492932987,1.5281230603556573,-20.000000000000007
-0.1254040794022055,1.5225030507157353,-20.000000000000007
-0.12684286767579067,1.5197244813100856,-20.000000000000007
-0.12962373824809628,1.525556298070263,-20.000000000000007
-0.13496593015556185,1.490400499773179,-20.000000000000007
-0.1316195303529259,1.5122209144802388,-20.000000000000007
-0.13627458996289069,1.4698692019264867,-20.000000000000007
-0.13538760195196436,1.4982772609475221,-20.000000000000007
-0.13538760195196436,1.4982772609475223,-20.000000000000007
-0.17337853243457835,1.5519365666422185,-20.000000000000007
-0.1509864912825978,1.3992341320455803,-20.000000000000007
-0.17716407672167847,1.5760687284044748,-20.000000000000007
-0.17917386072802038,1.5901780441278879,-20.000000000000007
-0.14975414285615307,1.4356134548649337,-20.000000000000007
-0.15098649128259778,1.3992341320455803,-20.000000000000007
-0.1377468926182409,1.4138227263361496,-20.000000000000007
-0.13766033188648452,1.4110074467856226,-20.000000000000007
-0.13626488909486958,1.4776041952523142,-20.000000000000007
-0.13496593015556188,1.4904004997731795,-20.000000000000007
-0.13523645424514372,1.4956132648969092,-20.000000000000007
-0.13496593015556185,1.490400499773179,-20.000000000000007
-0.13559501490126286,1.4971204706629224,-20.000000000000007
-0.13559501490126286,1.4971204706629226,-20.000000000000007
-0.13559501490126286,1.4971204706629224,-20.000000000000007
-0.14969871320520375,1.4376750065870232,-20.000000000000007
-0.13634314369070832,1.4690918166037121,-20.000000000000007
-0.16015086704143033,1.4658572207674505,-20.000000000000007
-0.14969871320520373,1.437675006587023,-20.000000000000007
-0.1627002308005726,1.4821412217524916,-20.000000000000007
-0.1617536389502492,1.4767475548411564,-20.000000000000007
-0.1377468926182409,1.4138227263361496,-20.000000000000007
-0.18250173051842533,1.5731434678747531,-20.000000000000007
-0.21827512813214564,1.9327711581825628,-20.000000000000007
-0.2567799843169308,1.7718874768254966,-20.000000000000007
-0.29116412091119015,1.5850207240199667,-20.000000000000007
-0.2965997979352038,1.5893444059498703,-20.000000000000007
-0.2786779729120955,1.4793883314631033,-20.000000000000007
-0.23090645405062982,1.9115449702339888,-20.000000000000007
-0.18226034594502283,1.5752406240198031,-20.000000000000007
-0.13496593015556185,1.490400499773179,-20.000000000000007
-0.12405129492932987,1.528123060355657,-20.000000000000007
-0.12405129492932988,1.5281230603556568,-20.000000000000007
-0.12405129492932988,1.528123060355657,-20.000000000000007
-0.12405129492932988,1.5281230603556573,-20.000000000000007
-0.1254040794022055,1.5225030507157353,-20.000000000000007
-0.1254040794022055,1.522503050715735,-20.000000000000007
-0.12684286767579067,1.5197244813100856,-20.000000000000007
-0.13162334867738157,1.512553191202664,-20.000000000000007
-0.1316233486773816,1.512553191202664,-20.000000000000007
-0.1352364542451437,1.4956132648969092,-20.000000000000007
-0.13559501490126286,1.4971204706629226,-20.000000000000007
-0.13521384973317274,1.4961177966881398,-20.000000000000007
-0.14975414285615304,1.4356134548649337,-20.000000000000007
-0.1622651465189021,1.4799780943445653,-20.000000000000007
-0.17426758362483646,1.5596310191219986,-20.000000000000007
-0.17716407672167847,1.5760687284044745,-20.000000000000007
-0.16491224342351885,1.4962079272044329,-20.000000000000007
-0.1489623238983579,1.4412504362146572,-20.000000000000007
-0.1489623238983579,1.441250436214657,-20.000000000000007
-0.13774689261824094,1.4138227263361494,-20.000000000000007
-0.1377468926182409,1.4138227263361496,-20.000000000000007
-0.13634314369070832,1.469091816603712,-20.000000000000007
-0.13559501490126286,1.4971204706629224,-20.000000000000007
-0.1352364542451437,1.4956132648969094,-20.000000000000007
-0.13496593015556188,1.4904004997731792,-20.000000000000007
-0.13774689261824094,1.4138227263361494,-20.000000000000007
-0.13634314369070832,1.4690918166037121,-20.000000000000007
-0.14969871320520373,1.4376750065870232,-20.000000000000007
-0.14975414285615307,1.435613454864934,-20.000000000000007
-0.13766033188648452,1.4110074467856226,-20.000000000000007
-0.16491224342351885,1.4962079272044329,-20.000000000000007
-0.1377468926182409,1.4138227263361496,-20.000000000000007
-0.1742675836248365,1.5596310191219989,-20.000000000000007
-0.16226514651890211,1.4799780943445655,-20.000000000000007
-0.1363431436907083,1.469091816603712,-20.000000000000007
-0.18888897604606414,1.5748627885679038,-20.000000000000007
-0.24987554506512766,1.7371454736290528,-20.000000000000007
-0.302301175843973,1.534388903431013,-20.000000000000007
-0.33884560541094655,1.5006785903318014,-20.000000000000007
-0.3456318664656341,1.497929944286707,-20.000000000000007
-0.30472653248816806,1.5066476298832194,-20.000000000000007
-0.2502845554208488,1.7235141714337494,-20.000000000000007
-0.18842511370101275,1.5738540301251946,-20.000000000000007
-0.13162334867738157,1.5125531912026637,-20.000000000000007
-0.11023216213590639,1.5313395110577366,-20.000000000000007
-0.11023216213590639,1.5313395110577366,-20.000000000000007
-0.1102329398897883,1.529212019718813,-20.000000000000007
-0.12405129492932988,1.5281230603556573,-20.000000000000007
-0.12405129492932987,1.5281230603556573,-20.000000000000007
-0.12540407940220547,1.5225030507157356,-20.000000000000007
-0.12540408018203894,1.5225047004235046,-20.000000000000007
-0.12684286767579064,1.5197244813100859,-20.000000000000007
-0.1316233486773816,1.512553191202664,-20.000000000000007
-0.13034416345466582,1.5263060543998155,-20.000000000000007
-0.13495605330512836,1.4898632237174252,-20.000000000000007
-0.13481943428516963,1.4901153512901542,-20.000000000000007
-0.1350079976204999,1.4901723146345818,-20.000000000000007
-0.15098649128259778,1.3992341320455803,-20.000000000000007
-0.16015086704143036,1.4658572207674503,-20.000000000000007
-0.17716407672167844,1.5760687284044745,-20.000000000000007
-0.17716407672167847,1.5760687284044745,-20.000000000000007
-0.15098649128259783,1.3992341320455806,-20.000000000000007
-0.14975414285615307,1.4356134548649337,-20.000000000000007
-0.14975414285615304,1.435613454864934,-20.000000000000007
-0.13766089245675406,1.4109848407592605,-20.000000000000007
-0.13626488909486958,1.4776041952523142,-20.000000000000007
-0.13523645424514372,1.4956132648969094,-20.000000000000007
-0.13498758716990603,1.490284182800638,-20.000000000000007
-0.13523645424514372,1.4956132648969094,-20.000000000000007
-0.13523645424514372,1.4956132648969092,-20.000000000000007
-0.14947303603690426,1.4401127615108211,-20.000000000000007
-0.13766089245675403,1.4109848407592605,-20.000000000000007
-0.16226514651890211,1.4799780943445653,-20.000000000000007
-0.16015086704143033,1.4658572207674505,-20.000000000000007
-0.14969871320520373,1.4376750065870232,-20.000000000000007
-0.17548244831557921,1.566996165209496,-20.000000000000007
-0.13766089245675406,1.4109848407592602,-20.000000000000007
-0.1742675836248365,1.5596310191219989,-20.000000000000007
-0.1754824483155792,1.566996165209496,-20.000000000000007
-0.17337853243457832,1.5519365666422185,-20.000000000000007
-0.1806700006820344,1.5594198148107747,-20.000000000000007
-0.15188571630985698,1.402262875380409,-20.000000000000007
-0.1627002308005726,1.4821412217524914,-20.000000000000007
-0.14969871320520375,1.4376750065870232,-20.000000000000007
-0.13766033188648452,1.4110074467856224,-20.000000000000007
-0.13541503259313706,1.4948226663941324,-20.000000000000007
-0.12962373824809628,1.525556298070263,-20.000000000000007
-0.1254040801820389,1.5225047004235046,-20.000000000000007
-0.1240512949293299,1.5281230603556573,-20.000000000000007
-0.12405129492932987,1.5281230603556573,-20.000000000000007
-0.12405129492932987,1.528123060355657,-20.000000000000007
-0.12405129492932987,1.5281230603556573,-20.000000000000007
-0.11023310443464365,1.5300533484745644,-20.000000000000007
-0.12405129492932987,1.5281230603556573,-20.000000000000007
-0.1240512949293299,1.528123060355657,-20.000000000000007
-0.1240512949293299,1.5281230603556573,-20.000000000000007
-0.12405129492932987,1.5281230603556573,-20.000000000000007
-0.1240512949293299,1.5281230603556573,-20.000000000000007
-0.12405129492932987,1.5281230603556573,-20.000000000000007
-0.12405129492932987,1.5281230603556573,-20.000000000000007
-0.12405129492932987,1.528123060355657,-20.000000000000007
-0.12405129492932987,1.528123060355657,-20.000000000000007
-0.12405129492932988,1.5281230603556573,-20.000000000000007
-0.12405129492932987,1.5281230603556573,-20.000000000000007
-0.12405129492932988,1.5281230603556573,-20.000000000000007
-0.12405129492932987,1.5281230603556573,-20.000000000000007
-0.12405129492932987,1.528123060355657,-20.000000000000007
-0.12405129492932987,1.5281230603556573,-20.000000000000007
-0.12405129492932987,1.5281230603556573,-20.000000000000007
-0.12405129492932988,1.528123060355657,-20.000000000000007
-0.12405129492932987,1.5281230603556573,-20.000000000000007
-0.12405129492932987,1.5281230603556573,-20.000000000000007
-0.1240512949293299,1.5281230603556573,-20.000000000000007
-0.12405129492932988,1.528123060355657,-20.000000000000007
-0.12405129492932988,1.5281230603556573,-20.000000000000007
-0.12405129492932988,1.5281230603556573,-20.000000000000007
-0.12405129492932987,1.5281230603556573,-20.000000000000007
-0.12405129492932987,1.528123060355657,-20.000000000000007
-0.12405129492932988,1.5281230603556573,-20.000000000000007
-0.12405129492932988,1.528123060355657,-20.000000000000007
-0.12405129492932988,1.5281230603556573,-20.000000000000007
-0.12405129492932987,1.528123060355657,-20.000000000000007
-0.13496593015556185,1.490400499773179,-20.000000000000007
-0.22140461161028013,1.9284170608693034,-20.000000000000007
-0.3094661644252115,1.5055564388929947,-20.000000000000007
-0.3663063529552078,1.5015449796762728,-20.000000000000007
-0.409170968474746,1.50104749700126,-20.000000000000007
-0.4131120717914658,1.4988762027907383,-20.000000000000007
-0.40449713093050316,1.4953075635593394,-20.000000000000007
-0.3927883408203994,1.502394460118095,-20.000000000000007
-0.39195255719288435,1.5040965379487894,-20.000000000000007
-0.38264577818369594,1.5024532460070121,-20.000000000000007
-0.36365064408999354,1.5022104326212067,-20.000000000000007
-0.3637970986941997,1.5012352180135153,-20.000000000000007
-0.33960493572789185,1.4989348572461583,-20.000000000000007
-0.3312472578002501,1.4984395755479891,-20.000000000000007
-0.33542182846066243,1.5008974946168074,-20.000000000000007
-0.32128362293578694,1.4975906033984276,-20.000000000000007
-0.3333426965252805,1.4977060697253508,-20.000000000000007
-0.32901710006830465,1.4963963793110555,-20.000000000000007
-0.2971810503947574,1.5871560875899224,-20.000000000000007
-0.3149658921750753,1.4943921619615712,-20.000000000000007
-0.2626902219122442,1.7637239959233142,-20.000000000000007
-0.24368022622945004,1.8225306200715883,-20.000000000000007
-0.25338221006220785,1.753445792509136,-20.000000000000007
-0.18160651071570239,1.5652941697295792,-20.000000000000007
-0.2528211144449155,1.7411105378414131,-20.000000000000007
-0.23104894066734633,1.9062717349328508,-20.000000000000007
-0.2311631728138493,1.9059405941570295,-20.000000000000007
-0.24996954547286632,1.7076515977428506,-20.000000000000007
-0.21173096932913643,1.8478864443445637,-20.000000000000007
-0.2546691796472853,1.7581784793614412,-20.000000000000007
-0.22747948179221975,1.9178329122632694,-20.000000000000007
-0.25462373660832593,1.7638490147214088,-20.000000000000007
-0.24822239897057807,1.7683570877307098,-20.000000000000007
-0.22586189941672344,1.9236278053074978,-20.000000000000007
-0.2561767741197636,1.762095204101988,-20.000000000000007
-0.21173096932913646,1.8478864443445637,-20.000000000000007
-0.26658848891324244,1.7605813432317965,-20.000000000000007
-0.24822239897057807,1.7683570877307095,-20.000000000000007
-0.23466077764106358,1.923000311493541,-20.000000000000007
-0.2641688536957752,1.7596894052472358,-20.000000000000007
-0.21939372147519295,1.9217736305607285,-20.000000000000007
-0.27980756749542124,1.514002074040039,-20.000000000000007
-0.25462373660832593,1.763849014721409,-20.000000000000007
-0.23716499547778624,1.9034434248714716,-20.000000000000007
-0.2568783688182841,1.7680433421489359,-20.000000000000007
-0.2640248808464985,1.762689484550054,-20.000000000000007
-0.32377166194903406,1.5005822777047007,-20.000000000000007
-0.35462432617630535,1.500377167171276,-20.000000000000007
-0.3722623228426999,1.494199533563668,-20.000000000000007
-0.3771410188293507,1.4932064341010864,-20.000000000000007
-0.3623256810523221,1.5008692349199928,-20.000000000000007
-0.3555595761616034,1.5002401410955128,-20.000000000000007
-0.34991026653073787,1.5015075981844457,-20.000000000000007
-0.3484159999444615,1.500958612396283,-20.000000000000007
-0.3448631672460143,1.4970022167017627,-20.000000000000007
-0.3421520267883904,1.4982106551334218,-20.000000000000007
-0.3303071531715404,1.4967077618130342,-20.000000000000007
-0.3164907217463612,1.4978964762349731,-20.000000000000007
-0.3164907217463612,1.4978964762349731,-20.000000000000007
-0.30470319166721316,1.5060270850552286,-20.000000000000007
-0.3194577979250772,1.4984747793403814,-20.000000000000007
-0.31950867645996056,1.498806287394233,-20.000000000000007
-0.28953497724503485,1.581593851031789,-20.000000000000007
-0.30863502376351964,1.5073549291131614,-20.000000000000007
-0.25566094055508704,1.7606473690537876,-20.000000000000007
-0.23719787085103516,1.9036803199373438,-20.000000000000007
-0.253408952110455,1.7543464626275465,-20.000000000000007
-0.1861563967243771,1.6073672656103333,-20.000000000000007
-0.2561553223315858,1.7639488439804762,-20.000000000000007
-0.2371649954777863,1.9034434248714716,-20.000000000000007
-0.23716499547778627,1.9034434248714716,-20.000000000000007
-0.2504660493711075,1.6944530197012422,-20.000000000000007
-0.219816355261127,1.9254145073810724,-20.000000000000007
-0.25497702721505894,1.760272540473385,-20.000000000000007
-0.23104894066734633,1.9062717349328504,-20.000000000000007
-0.2550738180617961,1.7604089623898294,-20.000000000000007
-0.24781892692694574,1.779291626267218,-20.000000000000007
-0.22747948179221972,1.9178329122632694,-20.000000000000007
-0.25462373660832593,1.7638490147214088,-20.000000000000007
-0.21173096932913646,1.8478864443445637,-20.000000000000007
-0.25851169174180455,1.7745675413819437,-20.000000000000007
-0.2438211059993681,1.822101632374892,-20.000000000000007
-0.23219404399320695,1.909054580642701,-20.000000000000007
-0.2563253514305873,1.7645106905042565,-20.000000000000007
-0.21939372147519293,1.9217736305607285,-20.000000000000007
-0.2661191530472637,1.7612193048709652,-20.000000000000007
-0.2497952321639162,1.7211290838184312,-20.000000000000007
-0.2342341331067731,1.9207455927972046,-20.000000000000007
-0.2560220218278353,1.764438996846819,-20.000000000000007
-0.2642934098622021,1.7623587395462441,-20.000000000000007
-0.3128694339850215,1.5045796759697252,-20.000000000000007
-0.3418855463463881,1.4966599057508905,-20.000000000000007
-0.35903153450907127,1.4974173570601952,-20.000000000000007
-0.3628828449443796,1.5014316688854534,-20.000000000000007
-0.35344785364424824,1.5011870803113496,-20.000000000000007
-0.3508898478359349,1.5001896161864754,-20.000000000000007
-0.342009710289089,1.4973190763753363,-20.000000000000007
-0.34154567559198606,1.4980588303350535,-20.000000000000007
-0.34203562488531913,1.4976378753116963,-20.000000000000007
-0.33662317761692007,1.5013679567486764,-20.000000000000007
-0.32925064657027425,1.4964363467324875,-20.000000000000007
-0.3194577979250773,1.4984747793403814,-20.000000000000007
-0.3186153246588819,1.4997621493726554,-20.000000000000007
-0.3072398290564171,1.5094781150519188,-20.000000000000007
-0.3188649664823935,1.4971875545872704,-20.000000000000007
-0.31820691194801165,1.5005584953652638,-20.000000000000007
-0.28831958847372885,1.573790705725595,-20.000000000000007
-0.30815475628988975,1.5093923634240058,-20.000000000000007
-0.25659818467196444,1.7632821483535674,-20.000000000000007
-0.2319529772019303,1.9083333632408706,-20.000000000000007
-0.253408952110455,1.7543464626275465,-20.000000000000007
-0.19605052332794443,1.69945074698241,-20.000000000000007
-0.25490900305913167,1.7618896788549119,-20.000000000000007
-0.24382110599936807,1.822101632374892,-20.000000000000007
-0.23104894066734627,1.9062717349328504,-20.000000000000007
-0.2502146075458029,1.7059542765338849,-20.000000000000007
-0.21173096932913646,1.8478864443445642,-20.000000000000007
-0.2534892485051921,1.7557448435651073,-20.000000000000007
-0.23224354398565394,1.9100708028358504,-20.000000000000007
-0.24969682634711557,1.7251946129698057,-20.000000000000007
-0.24770498968745444,1.7812067663578979,-20.000000000000007
-0.220866684129576,1.9276258294791235,-20.000000000000007
-0.2504660493711075,1.6944530197012417,-20.000000000000007
-0.21173096932913643,1.8478864443445635,-20.000000000000007
-0.2563253514305873,1.7645106905042565,-20.000000000000007
-0.24368022622945004,1.8225306200715878,-20.000000000000007
-0.2269582413823748,1.9228620669991634,-20.000000000000007
-0.2536220334740542,1.7571569920026064,-20.000000000000007
-0.20027514795820842,1.7399956220515302,-20.000000000000007
-0.2612860966500918,1.763826320353677,-20.000000000000007
-0.24770498968745444,1.7812067663578972,-20.000000000000007
-0.229598499407687,1.9191910870252669,-20.000000000000007
-0.25591002975288224,1.7644685941026417,-20.000000000000007
-0.2502845554208488,1.7235141714337494,-20.000000000000007
-0.307576303871034,1.509276746359918,-20.000000000000007
-0.33318389735905696,1.4976469358308562,-20.000000000000007
-0.3471415047718886,1.4977060247057552,-20.000000000000007
-0.35918964203436543,1.4967216253157227,-20.000000000000007
-0.34958757603842777,1.4996359270640847,-20.000000000000007
-0.3461510227836139,1.4944136187708938,-20.000000000000007
-0.3445687964225964,1.4974155214057991,-20.000000000000007
-0.3482470129953703,1.5000307258871715,-20.000000000000007
-0.3406752914278508,1.4985325434661654,-20.000000000000007
-0.3315334300932417,1.4994534657907905,-20.000000000000007
-0.313613742476464,1.5057364535546607,-20.000000000000007
-0.3008345553149947,1.5489744544843094,-20.000000000000007
-0.30470319166721316,1.5060270850552286,-20.000000000000007
-0.30103920601302403,1.5468891795845785,-20.000000000000007
-0.31992923216443325,1.4998580804412913,-20.000000000000007
-0.31903448507480753,1.4971899668099828,-20.000000000000007
-0.29285866800552607,1.5875398118644668,-20.000000000000007
-0.3094661644252116,1.5055564388929947,-20.000000000000007
-0.25639273612309565,1.7641773193596846,-20.000000000000007
-0.24244160547269325,1.838328654163221,-20.000000000000007
-0.24771965835441842,1.7819566213461817,-20.000000000000007
-0.1818059818412709,1.5688930394679037,-20.000000000000007
-0.24854930644740358,1.7614705114727944,-20.000000000000007
-0.2271860468460981,1.9204048324940461,-20.000000000000007
-0.2444468331072167,1.8145508910196502,-20.000000000000007
-0.24770498968745444,1.7812067663578974,-20.000000000000007
-0.22052344232654955,1.9237271384636405,-20.000000000000007
-0.2491537003667431,1.7401525997321166,-20.000000000000007
-0.21173096932913643,1.8478864443445637,-20.000000000000007
-0.2504660493711075,1.6944530197012417,-20.000000000000007
-0.23104894066734633,1.9062717349328504,-20.000000000000007
-0.22094130554641436,1.9269729367606057,-20.000000000000007
-0.2504660493711075,1.6944530197012417,-20.000000000000007
-0.2002751479582084,1.7399956220515302,-20.000000000000007
-0.25594075278584305,1.7612792534112316,-20.000000000000007
-0.24272730694058497,1.833198474156883,-20.000000000000007
-0.23124047926219995,1.9064546555122122,-20.000000000000007
-0.253408952110455,1.7543464626275465,-20.000000000000007
-0.22062846119588841,1.9240573197414905,-20.000000000000007
-0.2645541010969535,1.760707950803352,-20.000000000000007
-0.24969682634711557,1.7251946129698055,-20.000000000000007
-0.24272730694058497,1.8331984741568825,-20.000000000000007
-0.2565650342774564,1.7687186101786994,-20.000000000000007
-0.2798861468269007,1.5149192525986184,-20.000000000000007
-0.3240823999491365,1.5002849501189568,-20.000000000000007
-0.34315313783006296,1.5002114020410624,-20.000000000000007
-0.351661561095545,1.4995011259260254,-20.000000000000007
-0.34824701299537036,1.5000307258871715,-20.000000000000007
-0.34591041032979664,1.4962001550576667,-20.000000000000007
-0.34417625575220095,1.4979766213714325,-20.000000000000007
-0.3505430123979621,1.5024653447781129,-20.000000000000007
-0.3495645775805985,1.4994834749096881,-20.000000000000007
-0.33102831823267187,1.498338194156874,-20.000000000000007
-0.3292671481159155,1.496486255342166,-20.000000000000007
-0.3094661644252115,1.5055564388929945,-20.000000000000007
-0.30469651327113145,1.5065028242821876,-20.000000000000007
-0.3094661644252116,1.5055564388929947,-20.000000000000007
-0.3025071207080854,1.5335323154134943,-20.000000000000007
-0.3148063600321859,1.4952995817669485,-20.000000000000007
-0.3022434825152658,1.5357263365825728,-20.000000000000007
-0.2802424863224308,1.5048217717977548,-20.000000000000007
-0.2844883477018021,1.557908182971589,-20.000000000000007
-0.2455126663641305,1.8100655499018425,-20.000000000000007
-0.22994567150625356,1.919538769158157,-20.000000000000007
-0.23081244012577823,1.9092484754173962,-20.000000000000007
-0.21295636326596953,1.8553596150545903,-20.000000000000007
-0.23019993678350575,1.9212992879400872,-20.000000000000007
-0.21173042344573004,1.8478756848573856,-20.000000000000007
-0.20865851890448536,1.821892015879805,-20.000000000000007
-0.18111054873671426,1.567051692964865,-20.000000000000007
-0.1820649848666018,1.572084819467193,-20.000000000000007
-0.219816355261127,1.9254145073810724,-20.000000000000007
-0.20027514795820842,1.7399956220515302,-20.000000000000007
-0.239402491952714,1.881089906403145,-20.000000000000007
-0.21939372147519293,1.9217736305607285,-20.000000000000007
-0.22171933042044592,1.9208641799238848,-20.000000000000007
-0.24541972912931206,1.8094787946527204,-20.000000000000007
-0.21173096932913646,1.8478864443445635,-20.000000000000007
-0.2556609405550871,1.7606473690537872,-20.000000000000007
-0.22984636498183234,1.9193688661135158,-20.000000000000007
-0.22994567150625356,1.9195387691581567,-20.000000000000007
-0.24979523216391622,1.7211290838184312,-20.000000000000007
-0.20279075708190072,1.764371281991521,-20.000000000000007
-0.2565981846719644,1.7632821483535674,-20.000000000000007
-0.2371649954777863,1.9034434248714716,-20.000000000000007
-0.22164106841618958,1.9189519988593975,-20.000000000000007
-0.24948590395238884,1.7388740749400762,-20.000000000000007
-0.2536912095089551,1.7683604333987994,-20.000000000000007
-0.3087234174612784,1.5074575561331989,-20.000000000000007
-0.32959177229955106,1.4961004754878633,-20.000000000000007
-0.3381735680812325,1.4998307999976632,-20.000000000000007
-0.3402900679199641,1.498480660123176,-20.000000000000007
-0.34265695135246227,1.4990541031456182,-20.000000000000007
-0.3413548889860487,1.498463727843626,-20.000000000000007
-0.35458724764704586,1.5001038761969485,-20.000000000000007
-0.3465404881974422,1.494754274689769,-20.000000000000007
-0.3285453384646373,1.4972183723644767,-20.000000000000007
-0.3295699456754959,1.4959604512568523,-20.000000000000007
-0.30176944672312994,1.5365596759207838,-20.000000000000007
-0.30254133586767334,1.5336593934785085,-20.000000000000007
-0.3085644277169147,1.5082246721187522,-20.000000000000007
-0.2883195884737289,1.5737907057255949,-20.000000000000007
-0.3089249670216703,1.5069197942082742,-20.000000000000007
-0.3020911193405532,1.5362086858776713,-20.000000000000007
-0.27937114303749494,1.525713678077813,-20.000000000000007
-0.29043631185171537,1.582700590103038,-20.000000000000007
-0.24877763472446074,1.755544839624359,-20.000000000000007
-0.2274032380618864,1.9197471201459866,-20.000000000000007
-0.23906668755115562,1.8883358207712853,-20.000000000000007
-0.21129602756202667,1.8347164791411157,-20.000000000000007
-0.23228871252324335,1.9115086751246575,-20.000000000000007
-0.21939361229851168,1.921771478663293,-20.000000000000007
-0.21173042344573,1.8478756848573854,-20.000000000000007
-0.18206296886719303,1.572157511421402,-20.000000000000007
-0.18732814981819473,1.6197838382243694,-20.000000000000007
-0.22747948179221975,1.9178329122632696,-20.000000000000007
-0.2002751479582084,1.73999562205153,-20.000000000000007
-0.24368022622945004,1.822530620071588,-20.000000000000007
-0.21939372147519293,1.921773630560729,-20.000000000000007
-0.2136168748443088,1.8659073978514424,-20.000000000000007
-0.24458341729461525,1.8151781512632397,-20.000000000000007
-0.20279075708190072,1.764371281991521,-20.000000000000007
-0.25490900305913167,1.7618896788549119,-20.000000000000007
-0.2311631728138493,1.90594059415703,-20.000000000000007
-0.22164106841618955,1.9189519988593975,-20.000000000000007
-0.24822669455309768,1.7673008397904242,-20.000000000000007
-0.19605052332794443,1.6994507469824103,-20.000000000000007
-0.25576945034880993,1.7586283966301812,-20.000000000000007
-0.24458341729461527,1.8151781512632392,-20.000000000000007
-0.22187224334523906,1.9254177131544248,-20.000000000000007
-0.25363890815984125,1.7630812954293502,-20.000000000000007
-0.26581806039672795,1.7649594949986525,-20.000000000000007
-0.3134280409917548,1.504299353145016,-20.000000000000007
-0.33623789931484177,1.5009756252857136,-20.000000000000007
-0.3491681931014985,1.4989910231388255,-20.000000000000007
-0.34341920734162024,1.5003507282364636,-20.000000000000007
-0.34842473469633234,1.500971541974236,-20.000000000000007
-0.3446381821677059,1.4972801664417341,-20.000000000000007
-0.3494163889273876,1.4985623486083544,-20.000000000000007
-0.3420499818463595,1.4977883328875294,-20.000000000000007
-0.323779941038541,1.5003794265231203,-20.000000000000007
-0.3272386132941839,1.4990668076255922,-20.000000000000007
-0.2939214314156191,1.5971422552553445,-20.000000000000007
-0.2861467625785085,1.5660632206302454,-20.000000000000007
-0.29564574900886464,1.5926551084486404,-20.000000000000007
-0.2689454237351966,1.7353491755139356,-20.000000000000007
-0.2859741591518499,1.5657933033163325,-20.000000000000007
-0.2862183638629078,1.5661048258535122,-20.000000000000007
-0.2534892485051921,1.7557448435651073,-20.000000000000007
-0.28448834770180204,1.557908182971589,-20.000000000000007
-0.24996954547286632,1.7076515977428508,-20.000000000000007
-0.22752901486260174,1.9173926186772394,-20.000000000000007
-0.25272593427915796,1.7476371303680351,-20.000000000000007
-0.21922162412794233,1.9329791594168277,-20.000000000000007
-0.23435863085067832,1.926901195007036,-20.000000000000007
-0.22133860273891437,1.9286833817881737,-20.000000000000007
-0.2013471397547384,1.753753519486048,-20.000000000000007
-0.19602007226189505,1.700676311232154,-20.000000000000007
-0.2108824219078014,1.8406293706371104,-20.000000000000007
-0.22899518854702025,1.9205561705070902,-20.000000000000007
-0.21173096932913646,1.8478864443445637,-20.000000000000007
-0.24368022622945004,1.822530620071588,-20.000000000000007
-0.21981635526112703,1.9254145073810724,-20.000000000000007
-0.22164106841618958,1.9189519988593975,-20.000000000000007
-0.24426529470645206,1.8188262412074008,-20.000000000000007
-0.21173096932913643,1.8478864443445637,-20.000000000000007
-0.25324942509334586,1.7520336440716364,-20.000000000000007
-0.22752901486260174,1.9173926186772394,-20.000000000000007
-0.2273349733273436,1.9193198109185885,-20.000000000000007
-0.24904793493685984,1.7443056449977388,-20.000000000000007
-0.2108830769678891,1.8406422820217243,-20.000000000000007
-0.2521817124378471,1.7284749375002901,-20.000000000000007
-0.22959849940768706,1.919191087025267,-20.000000000000007
-0.21173096932913646,1.8478864443445637,-20.000000000000007
-0.24745330071993613,1.7895322353368992,-20.000000000000007
-0.256796933931714,1.7718729308496375,-20.000000000000007
-0.3114728242238435,1.5002357140496883,-20.000000000000007
-0.33433927712983935,1.4974216446472233,-20.000000000000007
-0.3488032515297597,1.5005774457975216,-20.000000000000007
-0.3476214611917769,1.4990339487704252,-20.000000000000007
-0.3470880691875327,1.4976886728086785,-20.000000000000007
-0.34417625575220095,1.497976621371432,-20.000000000000007
-0.3487221175736024,1.5010160756963418,-20.000000000000007
-0.3456444353985739,1.496287195469609,-20.000000000000007
-0.32745400094062194,1.49891680006735,-20.000000000000007
-0.3294368142325649,1.495823891519176,-20.000000000000007
-0.30723982905641706,1.5094781150519188,-20.000000000000007
-0.30209111934055316,1.5362086858776716,-20.000000000000007
-0.29623083311502846,1.5930388424887272,-20.000000000000007
-0.2880864982412632,1.5734067062767982,-20.000000000000007
-0.2874276884219504,1.570731805994942,-20.000000000000007
-0.28430168384576776,1.554961153146062,-20.000000000000007
-0.2819252686870595,1.531872124267723,-20.000000000000007
-0.2566382211256999,1.7634746737325249,-20.000000000000007
-0.24444683310721677,1.81455089101965,-20.000000000000007
-0.18157572120194107,1.5680862741768018,-20.000000000000007
-0.17950911580190798,1.5810607140359072,-20.000000000000007
-0.18888897604606414,1.5748627885679038,-20.000000000000007
-0.2050687426388885,1.7578547762500232,-20.000000000000007
-0.23463980194119957,1.928660214376906,-20.000000000000007
-0.24852222439177757,1.765943366341513,-20.000000000000007
-0.24272730694058495,1.8331984741568825,-20.000000000000007
-0.24770498968745444,1.7812067663578977,-20.000000000000007
-0.24833195881002496,1.7680660072827472,-20.000000000000007
-0.2504317888837009,1.6939228483450313,-20.000000000000007
-0.2504317888837009,1.6939228483450313,-20.000000000000007
-0.25316912869860875,1.7506352631340762,-20.000000000000007
-0.2504317888837009,1.693922848345032,-20.000000000000007
-0.2508221158599483,1.7024078971203087,-20.000000000000007
-0.25043178888370093,1.6939228483450313,-20.000000000000007
-0.2504317888837009,1.6939228483450317,-20.000000000000007
-0.24912237621217412,1.7426063882047864,-20.000000000000007
-0.24988145639754422,1.7128219226894519,-20.000000000000007
-0.24781892692694568,1.7792916262672178,-20.000000000000007
-0.24912237621217415,1.7426063882047864,-20.000000000000007
-0.24770498968745444,1.7812067663578977,-20.000000000000007
-0.24444683310721674,1.8145508910196502,-20.000000000000007
-0.24168398838482458,1.8501095798725973,-20.000000000000007
-0.23649003800490168,1.911450105749852,-20.000000000000007
-0.2821249840629593,1.5268853483064395,-20.000000000000007
-0.30856442771691467,1.508224672118752,-20.000000000000007
-0.331155900094959,1.4986826473065271,-20.000000000000007
-0.3464705111436285,1.4944963097307102,-20.000000000000007
-0.3434192073416203,1.5003507282364636,-20.000000000000007
-0.34564443539857387,1.4962871954696089,-20.000000000000007
-0.3533967372845361,1.5009973120133577,-20.000000000000007
-0.35542487169772047,1.5006298440223138,-20.000000000000007
-0.34410104663338803,1.4982722572441975,-20.000000000000007
-0.33619795853692114,1.5006403418464689,-20.000000000000007
-0.33630135412609646,1.5009109637509446,-20.000000000000007
-0.3164907217463612,1.497896476234973,-20.000000000000007
-0.3175308999616073,1.4997759343050905,-20.000000000000007
-0.3175618198700181,1.4998334669940094,-20.000000000000007
-0.2880864982412632,1.5734067062767982,-20.000000000000007
-0.30273207071419717,1.530003503006474,-20.000000000000007
-0.29179365328128437,1.5879467751865506,-20.000000000000007
-0.2565981846719644,1.7632821483535674,-20.000000000000007
-0.281479852749596,1.5255570079449208,-20.000000000000007
-0.2454197291293121,1.8094787946527202,-20.000000000000007
-0.2504660493711075,1.694453019701242,-20.000000000000007
-0.24197954636249436,1.8447998683313847,-20.000000000000007
-0.21173096932913646,1.8478864443445635,-20.000000000000007
-0.24857298907910225,1.761921599461161,-20.000000000000007
-0.20027514795820842,1.7399956220515302,-20.000000000000007
-0.25306093785676187,1.7448217373348838,-20.000000000000007
-0.23116317281384932,1.90594059415703,-20.000000000000007
-0.21939372147519293,1.921773630560729,-20.000000000000007
-0.2504660493711075,1.6944530197012417,-20.000000000000007
-0.1960505233279444,1.6994507469824103,-20.000000000000007
-0.263663293916752,1.7594969943333103,-20.000000000000007
-0.24969682634711557,1.7251946129698055,-20.000000000000007
-0.24857298907910225,1.7619215994611606,-20.000000000000007
-0.2586053479830527,1.773680677980318,-20.000000000000007
-0.22187224334523908,1.9254177131544248,-20.000000000000007
-0.2565981846719644,1.7632821483535677,-20.000000000000007
-0.2369461996247276,1.9060256362447217,-20.000000000000007
-0.2556609405550871,1.7606473690537874,-20.000000000000007
-0.24822239897057807,1.7683570877307098,-20.000000000000007
-0.22747948179221972,1.9178329122632696,-20.000000000000007
-0.2549770272150589,1.760272540473385,-20.000000000000007
-0.22094130554641433,1.9269729367606057,-20.000000000000007
-0.2652341569258957,1.7639317048100187,-20.000000000000007
-0.24458341729461525,1.8151781512632397,-20.000000000000007
-0.19605052332794443,1.6994507469824103,-20.000000000000007
-0.182062968867193,1.5721575114214021,-20.000000000000007
-0.1349415101913478,1.4903958543181033,-20.000000000000007
-0.13484361666012967,1.490359616932491,-20.000000000000007
-0.12993516239195985,1.529090895691538,-20.000000000000007
-0.12602866814819338,1.5324146913745378,-20.000000000000007
-0.11095734796566889,1.5311353815265414,-20.000000000000007
-0.11095734796566889,1.5311353815265414,-20.000000000000007
-0.11095734796566889,1.5311353815265414,-20.000000000000007
-0.11095734796566889,1.5311353815265414,-20.000000000000007
-0.1109573479656689,1.5311353815265416,-20.000000000000007
-0.11095734796566889,1.5311353815265416,-20.000000000000007
-0.11095734796566889,1.5311353815265414,-20.000000000000007
-0.11095734796566889,1.5311353815265414,-20.000000000000007
-0.11095734796566889,1.5311353815265414,-20.000000000000007
-0.11095734796566889,1.5311353815265416,-20.000000000000007
-0.1109573479656689,1.5311353815265414,-20.000000000000007
-0.11095734796566889,1.5311353815265414,-20.000000000000007
-0.11095734796566889,1.5311353815265414,-20.000000000000007
-0.11095734796566892,1.5311353815265414,-20.000000000000007
-0.11095734796566889,1.5311353815265414,-20.000000000000007
-0.11095734796566889,1.5311353815265416,-20.000000000000007
-0.11095734796566889,1.5311353815265414,-20.000000000000007
-0.1109573479656689,1.5311353815265414,-20.000000000000007
-0.1109573479656689,1.5311353815265414,-20.000000000000007
-0.11095734796566889,1.5311353815265414,-20.000000000000007
-0.1109573479656689,1.5311353815265418,-20.000000000000007
-0.1109573479656689,1.5311353815265414,-20.000000000000007
-0.1109573479656689,1.5311353815265414,-20.000000000000007
-0.1109573479656689,1.5311353815265414,-20.000000000000007
-0.1109573479656689,1.5311353815265414,-20.000000000000007
-0.1109573479656689,1.5311353815265414,-20.000000000000007
-0.11095734796566889,1.5311353815265414,-20.000000000000007
-0.11095734796566889,1.5311353815265414,-20.000000000000007
-0.11095734796566889,1.5311353815265414,-20.000000000000007
-0.11095734796566889,1.5311353815265414,-20.000000000000007
-0.11095734796566889,1.5311353815265414,-20.000000000000007
-0.11095734796566889,1.5311353815265414,-20.000000000000007
-0.11095734796566889,1.5311353815265414,-20.000000000000007
-0.11095734796566889,1.5311353815265414,-20.000000000000007
-0.11095734796566889,1.5311353815265414,-20.000000000000007
-0.11095734796566889,1.5311353815265414,-20.000000000000007
-0.11095734796566889,1.5311353815265414,-20.000000000000007
-0.11095734796566889,1.5311353815265414,-20.000000000000007
-0.11095734796566889,1.5311353815265414,-20.000000000000007
-0.11095734796566889,1.5311353815265414,-20.000000000000007
-0.11095734796566889,1.5311353815265414,-20.000000000000007
-0.11095734796566889,1.5311353815265414,-20.000000000000007
-0.11095734796566889,1.5311353815265414,-20.000000000000007
-0.11095734796566889,1.5311353815265414,-20.000000000000007
-0.11095734796566889,1.5311353815265414,-20.000000000000007
-0.11095734796566889,1.5311353815265414,-20.000000000000007
-0.11095734796566889,1.5311353815265414,-20.000000000000007
-0.11095734796566889,1.5311353815265414,-20.000000000000007
-0.11095734796566889,1.5311353815265414,-20.000000000000007
-0.11095734796566889,1.5311353815265414,-20.000000000000007
-0.11095734796566889,1.5311353815265414,-20.000000000000007
-0.11095734796566889,1.5311353815265414,-20.000000000000007
-0.11095734796566889,1.5311353815265414,-20.000000000000007
-0.11095734796566889,1.5311353815265414,-20.000000000000007
-0.11095734796566889,1.5311353815265414,-20.000000000000007
-0.11095734796566889,1.5311353815265414,-20.000000000000007
-0.11095734796566889,1.5311353815265414,-20.000000000000007
-0.11095734796566889,1.5311353815265414,-20.000000000000007
-0.11095734796566889,1.5311353815265414,-20.000000000000007
-0.11095734796566889,1.5311353815265414,-20.000000000000007
-0.11095734796566889,1.5311353815265414,-20.000000000000007
-0.11095734796566889,1.5311353815265414,-20.000000000000007
-0.11095734796566889,1.5311353815265414,-20.000000000000007
-0.11095734796566889,1.5311353815265414,-20.000000000000007
-0.11095734796566889,1.5311353815265414,-20.000000000000007
-0.11095734796566889,1.5311353815265414,-20.000000000000007
-0.11095734796566889,1.5311353815265414,-20.000000000000007
-0.11095734796566889,1.5311353815265414,-20.000000000000007
-0.11095734796566889,1.5311353815265414,-20.000000000000007
-0.11095734796566889,1.5311353815265414,-20.000000000000007
-0.11095734796566889,1.5311353815265414,-20.000000000000007
-0.11095734796566889,1.5311353815265414,-20.000000000000007
-0.11095734796566889,1.5311353815265414,-20.000000000000007
-0.11095734796566889,1.5311353815265414,-20.000000000000007
-0.11095734796566889,1.5311353815265414,-20.000000000000007
-0.11095734796566889,1.5311353815265414,-20.000000000000007
-0.11095734796566889,1.5311353815265414,-20.000000000000007
-0.11095734796566889,1.5311353815265414,-20.000000000000007
-0.11095734796566889,1.5311353815265414,-20.000000000000007
-0.11095734796566889,1.5311353815265414,-20.000000000000007
-0.11095734796566889,1.5311353815265414,-20.000000000000007
-0.11095734796566889,1.5311353815265414,-20.000000000000007
-0.11095734796566889,1.5311353815265414,-20.000000000000007
-0.11095734796566889,1.5311353815265414,-20.000000000000007
-0.11095734796566889,1.5311353815265414,-20.000000000000007
-0.11095734796566889,1.5311353815265414,-20.000000000000007
-0.11095734796566889,1.5311353815265414,-20.000000000000007
-0.11095734796566889,1.5311353815265414,-20.000000000000007
-0.11095734796566889,1.5311353815265414,-20.000000000000007
-0.11095734796566889,1.5311353815265414,-20.000000000000007
-0.11095734796566889,1.5311353815265414,-20.000000000000007
-0.11095734796566889,1.5311353815265414,-20.000000000000007
-0.11095734796566889,1.5311353815265414,-20.000000000000007
-0.11095734796566889,1.5311353815265414,-20.000000000000007
-0.11095734796566889,1.5311353815265414,-20.000000000000007
-0.11095734796566889,1.5311353815265414,-20.000000000000007
-0.11095734796566889,1.5311353815265414,-20.000000000000007
-0.11095734796566889,1.5311353815265414,-20.000000000000007
-0.11095734796566889,1.5311353815265414,-20.000000000000007
-0.11095734796566889,1.5311353815265414,-20.000000000000007
-0.11095734796566889,1.5311353815265414,-20.000000000000007
-0.11095734796566889,1.5311353815265414,-20.000000000000007
-0.11095734796566889,1.5311353815265414,-20.000000000000007
-0.11095734796566889,1.5311353815265414,-20.000000000000007
-0.11095734796566889,1.5311353815265414,-20.000000000000007
-0.11095734796566889,1.5311353815265414,-20.000000000000007
-0.11095734796566889,1.5311353815265414,-20.000000000000007
-0.11095734796566889,1.5311353815265414,-20.000000000000007
-0.11095734796566889,1.5311353815265414,-20.000000000000007
-0.11095734796566889,1.5311353815265414,-20.000000000000007
-0.11095734796566889,1.5311353815265414,-20.000000000000007
-0.11095734796566889,1.5311353815265414,-20.000000000000007
-0.11095734796566889,1.5311353815265414,-20.000000000000007
-0.11095734796566889,1.5311353815265414,-20.000000000000007
-0.11095734796566889,1.5311353815265414,-20.000000000000007
-0.11095734796566889,1.5311353815265414,-20.000000000000007
-0.11095734796566889,1.5311353815265414,-20.000000000000007
-0.11095734796566889,1.5311353815265414,-20.000000000000007
-0.11095734796566889,1.5311353815265414,-20.000000000000007
-0.11095734796566889,1.5311353815265414,-20.000000000000007
-0.11095734796566889,1.5311353815265414,-20.000000000000007
-0.11095734796566889,1.5311353815265414,-20.000000000000007
-0.11095734796566889,1.5311353815265414,-20.000000000000007
-0.11095734796566889,1.5311353815265414,-20.000000000000007
-0.11095734796566889,1.5311353815265414,-20.000000000000007
-0.11095734796566889,1.5311353815265414,-20.000000000000007
-0.11095734796566889,1.5311353815265414,-20.000000000000007
-0.11095734796566889,1.5311353815265414,-20.000000000000007
-0.11095734796566889,1.5311353815265414,-20.000000000000007
-0.11095734796566889,1.5311353815265414,-20.000000000000007
-0.11095734796566889,1.5311353815265414,-20.000000000000007
-0.11095734796566889,1.5311353815265414,-20.000000000000007
-0.11095734796566889,1.5311353815265414,-20.000000000000007
-0.11095734796566889,1.5311353815265414,-20.000000000000007
-0.11095734796566889,1.5311353815265414,-20.000000000000007
-0.11095734796566889,1.5311353815265414,-20.000000000000007
-0.11095734796566889,1.5311353815265414,-20.000000000000007
-0.11095734796566889,1.5311353815265414,-20.000000000000007
-0.11095734796566889,1.5311353815265414,-20.000000000000007
-0.11095734796566889,1.5311353815265414,-20.000000000000007
-0.11095734796566889,1.5311353815265414,-20.000000000000007
-0.11095734796566889,1.5311353815265414,-20.000000000000007
-0.11095734796566889,1.5311353815265414,-20.000000000000007
-0.11095734796566889,1.5311353815265414,-20.000000000000007
-0.11095734796566889,1.5311353815265414,-20.000000000000007
-0.11095734796566889,1.5311353815265414,-20.000000000000007
-0.11095734796566889,1.5311353815265414,-20.000000000000007
-0.11095734796566889,1.5311353815265414,-20.000000000000007
-0.11095734796566889,1.5311353815265414,-20.000000000000007
-0.11095734796566889,1.5311353815265414,-20.000000000000007
-0.11095734796566889,1.5311353815265414,-20.000000000000007
-0.11095734796566889,1.5311353815265414,-20.000000000000007
-0.11095734796566889,1.5311353815265414,-20.000000000000007
-0.11095734796566889,1.5311353815265414,-20.000000000000007
-0.11095734796566889,1.5311353815265414,-20.000000000000007
-0.11095734796566889,1.5311353815265414,-20.000000000000007
-0.11095734796566889,1.5311353815265414,-20.000000000000007
-0.11095734796566889,1.5311353815265414,-20.000000000000007
-0.11095734796566889,1.5311353815265414,-20.000000000000007
-0.11095734796566889,1.5311353815265414,-20.000000000000007
-0.11095734796566889,1.5311353815265414,-20.000000000000007
-0.11095734796566889,1.5311353815265414,-20.000000000000007
-0.11095734796566889,1.5311353815265414,-20.000000000000007
-0.11095734796566889,1.5311353815265414,-20.000000000000007
-0.11095734796566889,1.5311353815265414,-20.000000000000007
-0.11095734796566889,1.5311353815265414,-20.000000000000007
-0.11095734796566889,1.5311353815265414,-20.000000000000007
-0.11095734796566889,1.5311353815265414,-20.000000000000007
-0.11095734796566889,1.5311353815265414,-20.000000000000007
-0.11095734796566889,1.5311353815265414,-20.000000000000007
-0.11095734796566889,1.5311353815265414,-20.000000000000007
-0.11095734796566889,1.5311353815265414,-20.000000000000007
-0.11095734796566889,1.5311353815265414,-20.000000000000007
-0.11095734796566889,1.5311353815265414,-20.000000000000007
-0.11095734796566889,1.5311353815265414,-20.000000000000007
-0.11095734796566889,1.5311353815265414,-20.000000000000007
-0.11095734796566889,1.5311353815265414,-20.000000000000007
-0.11095734796566889,1.5311353815265414,-20.000000000000007
-0.11095734796566889,1.5311353815265414,-20.000000000000007
-0.11095734796566889,1.5311353815265414,-20.000000000000007
-0.11095734796566889,1.5311353815265414,-20.000000000000007
-0.11095734796566889,1.5311353815265414,-20.000000000000007
-0.11095734796566889,1.5311353815265414,-20.000000000000007
-0.11095734796566889,1.5311353815265414,-20.000000000000007
-0.11095734796566889,1.5311353815265414,-20.000000000000007
-0.11095734796566889,1.5311353815265414,-20.000000000000007
-0.11095734796566889,1.5311353815265414,-20.000000000000007
-0.11095734796566889,1.5311353815265414,-20.000000000000007
-0.11095734796566889,1.5311353815265414,-20.000000000000007
-0.11095734796566889,1.5311353815265414,-20.000000000000007
-0.11095734796566889,1.5311353815265414,-20.000000000000007
-0.11095734796566889,1.5311353815265414,-20.000000000000007
-0.11095734796566889,1.5311353815265414,-20.000000000000007
-0.11095734796566889,1.5311353815265414,-20.000000000000007
-0.11095734796566889,1.5311353815265414,-20.000000000000007
-0.11095734796566889,1.5311353815265414,-20.000000000000007
-0.11095734796566889,1.5311353815265414,-20.000000000000007
-0.11095734796566889,1.5311353815265414,-20.000000000000007
-0.11095734796566889,1.5311353815265414,-20.000000000000007
-0.11095734796566889,1.5311353815265414,-20.000000000000007
-0.11095734796566889,1.5311353815265414,-20.000000000000007
-0.11095734796566889,1.5311353815265414,-20.000000000000007
-0.11095734796566889,1.5311353815265414,-20.000000000000007
-0.11095734796566889,1.5311353815265414,-20.000000000000007
-0.11095734796566889,1.5311353815265414,-20.000000000000007
-0.11095734796566889,1.5311353815265414,-20.000000000000007
-0.11095734796566889,1.5311353815265414,-20.000000000000007
-0.11095734796566889,1.5311353815265414,-20.000000000000007
-0.11095734796566889,1.5311353815265414,-20.000000000000007
-0.11095734796566889,1.5311353815265414,-20.000000000000007
-0.11095734796566889,1.5311353815265414,-20.000000000000007
-0.11095734796566889,1.5311353815265414,-20.000000000000007
-0.11095734796566889,1.5311353815265414,-20.000000000000007
-0.11095734796566889,1.5311353815265414,-20.000000000000007
-0.11095734796566889,1.5311353815265414,-20.000000000000007
-0.11095734796566889,1.5311353815265414,-20.000000000000007
-0.11095734796566889,1.5311353815265414,-20.000000000000007
-0.11095734796566889,1.5311353815265414,-20.000000000000007
-0.11095734796566889,1.5311353815265414,-20.000000000000007
-0.11095734796566889,1.5311353815265414,-20.000000000000007
-0.11095734796566889,1.5311353815265414,-20.000000000000007
-0.11095734796566889,1.5311353815265414,-20.000000000000007
-0.11095734796566889,1.5311353815265414,-20.000000000000007
-0.11095734796566889,1.5311353815265414,-20.000000000000007
-0.11095734796566889,1.5311353815265414,-20.000000000000007
-0.11095734796566889,1.5311353815265414,-20.000000000000007
-0.11095734796566889,1.5311353815265414,-20.000000000000007
-0.11095734796566889,1.5311353815265414,-20.000000000000007
-0.11095734796566889,1.5311353815265414,-20.000000000000007
-0.11095734796566889,1.5311353815265414,-20.000000000000007
-0.11095734796566889,1.5311353815265414,-20.000000000000007
-0.11095734796566889,1.5311353815265414,-20.000000000000007
-0.11095734796566889,1.5311353815265414,-20.000000000000007
-0.11095734796566889,1.5311353815265414,-20.000000000000007
-0.11095734796566889,1.5311353815265414,-20.000000000000007
-0.1109573479656689,1.5311353815265414,-20.000000000000007
-0.11095734796566889,1.5311353815265416,-20.000000000000007
-0.1109573479656689,1.5311353815265414,-20.000000000000007
-0.1109573479656689,1.5311353815265414,-20.000000000000007
-0.1109573479656689,1.5311353815265414,-20.000000000000007
-0.1109573479656689,1.5311353815265414,-20.000000000000007
-0.11095734796566889,1.5311353815265414,-20.000000000000007
-0.1109573479656689,1.5311353815265414,-20.000000000000007
-0.11095734796566892,1.5311353815265414,-20.000000000000007
-0.1109573479656689,1.5311353815265414,-20.000000000000007
-0.11095734796566889,1.5311353815265414,-20.000000000000007
-0.1109573479656689,1.5311353815265414,-20.000000000000007
-0.11095734796566892,1.5311353815265414,-20.000000000000007
-0.1109573479656689,1.5311353815265414,-20.000000000000007
-0.11095734796566892,1.5311353815265416,-20.000000000000007
-0.11095734796566892,1.5311353815265414,-20.000000000000007
-0.11095734796566892,1.5311353815265414,-20.000000000000007
-0.1109573479656689,1.5311353815265414,-20.000000000000007
-0.1109573479656689,1.5311353815265416,-20.000000000000007
-0.11095734796566889,1.5311353815265414,-20.000000000000007
-0.11095734796566892,1.5311353815265414,-20.000000000000007
-0.11095734796566892,1.5311353815265414,-20.000000000000007
-0.1109573479656689,1.5311353815265414,-20.000000000000007
-0.11095734796566892,1.5311353815265414,-20.000000000000007
-0.11023293988978831,1.5292120197188135,-20.000000000000007
-0.11023216213590639,1.5313395110577366,-20.000000000000007
-0.11022610724915125,1.5498308500002485,-20.000000000000007
-0.11022610724915126,1.5498308500002485,-20.000000000000007
-0.11022610724915126,1.549830850000249,-20.000000000000007
-0.11022610724915126,1.5498308500002487,-20.000000000000007
-0.11022610724915125,1.5498308500002485,-20.000000000000007
-0.11022610724915125,1.5498308500002485,-20.000000000000007
-0.11022610724915126,1.5498308500002485,-20.000000000000007
-0.11022610724915126,1.5498308500002485,-20.000000000000007
-0.11022610724915126,1.5498308500002485,-20.000000000000007
-0.11022610724915126,1.5498308500002485,-20.000000000000007
-0.11022610724915125,1.5498308500002487,-20.000000000000007
-0.11022610724915125,1.5498308500002487,-20.000000000000007
-0.11022610724915125,1.5498308500002487,-20.000000000000007
-0.11022610724915127,1.5498308500002487,-20.000000000000007
-0.11022610724915126,1.5498308500002485,-20.000000000000007
-0.11022610724915125,1.5498308500002487,-20.000000000000007
-0.11022610724915126,1.5498308500002485,-20.000000000000007
-0.11022610724915125,1.5498308500002485,-20.000000000000007
-0.11022610724915125,1.5498308500002485,-20.000000000000007
-0.11022610724915125,1.5498308500002485,-20.000000000000007
-0.11022610724915126,1.5498308500002487,-20.000000000000007
-0.11022610724915127,1.5498308500002485,-20.000000000000007
-0.11022610724915126,1.5498308500002485,-20.000000000000007
-0.11022610724915126,1.5498308500002487,-20.000000000000007
-0.11022610724915126,1.5498308500002487,-20.000000000000007
-0.11022610724915126,1.5498308500002485,-20.000000000000007
-0.11022610724915127,1.5498308500002485,-20.000000000000007
-0.11022610724915127,1.5498308500002485,-20.000000000000007
-0.11022610724915125,1.5498308500002485,-20.000000000000007
-0.11022610724915125,1.5498308500002482,-20.000000000000007
-0.11022610724915126,1.5498308500002487,-20.000000000000007
-0.11022610724915126,1.5498308500002485,-20.000000000000007
-0.11022610724915125,1.5498308500002487,-20.000000000000007
-0.11022610724915126,1.5498308500002485,-20.000000000000007
-0.11022610724915127,1.5498308500002485,-20.000000000000007
-0.11022610724915125,1.5498308500002485,-20.000000000000007
-0.11022610724915126,1.549830850000249,-20.000000000000007
-0.11022577919921846,1.5484002242788963,-20.000000000000004
-0.11287733272195968,1.5651796829266773,-20.0
-0.11287733272195968,1.5651796829266775,-19.999999999999996
-0.1128773327219597,1.5651796829266773,-20.0
-0.11287733272195968,1.5651796829266773,-20.0
